origin,step,state_bias,state_rmse,mae_raw,persistence_mae_raw,severe_fraction_prediction,severe_fraction_observed,severe_current_state_bias,mean_noise_sd
15587,1,-0.04857887505559209,1.268954427222534,1.0320740760904739,0.8427692307692308,0.001454326923076923,0.0,,0.937151188370622
15587,2,-0.16924634398909696,1.1466180808029063,1.0138847502072805,0.8867692307692301,0.0015504807692307693,0.0,,1.0343548567776337
15587,3,-0.04416822929479472,1.2915064360622737,1.2533404869827889,1.114461538461538,0.0012860576923076922,0.0,,1.0859596455760248
15587,4,0.16715893961297998,1.2114956243911732,1.2163759191934445,0.9064615384615385,0.0011658653846153845,0.003076923076923077,,1.136367013493185
15587,5,-0.05738222754527271,1.2412267270514463,1.3713172378662983,1.1510769230769229,0.0006971153846153846,0.003076923076923077,,1.1745209470206324
15587,6,0.00377934849933507,1.1965630468214628,1.3062322532595776,1.044923076923077,0.0008052884615384616,0.003076923076923077,,1.20456997896959
15647,1,0.031373013613208545,0.5665985920353992,2.069739569819878,1.0679999999999998,0.047079326923076925,0.036923076923076927,-0.2015447366861842,0.9318758184929238
15647,2,-0.0549143098092809,0.6310931266541147,2.374110259931514,1.6307692307692307,0.05110576923076923,0.021538461538461538,-0.0706792799815965,1.0330858817685438
15647,3,0.024203264992167153,0.7939433547140967,3.076239366624736,2.3993846153846152,0.04903846153846154,0.024615384615384615,0.03119341194160324,1.0744757998611567
15647,4,-0.037193757954223694,0.81281066048529,3.4688478990192317,2.825538461538461,0.05027644230769231,0.03076923076923077,0.22774133708269198,1.1306598494969224
15647,5,0.043541716507106754,1.0163286456986278,3.9086380779188095,3.32,0.05063701923076923,0.021538461538461538,0.805183133746265,1.1722499375692184
15647,6,0.0788736333783769,1.0807100746986453,4.21200659155435,3.4735384615384617,0.054891826923076925,0.027692307692307693,0.9308444051234344,1.2080319608558416
15707,1,0.05925136711965505,0.7353846254157388,1.0844070039417757,0.8932307692307687,0.004483173076923077,0.006153846153846154,-0.8018836985296753,0.5015083885001751
15707,2,0.004145383327278453,0.7746935403233465,1.4768579100192434,1.208,0.0035576923076923077,0.003076923076923077,-0.8948309316415248,0.6185050779597083
15707,3,-0.009486922667624825,0.8028544703122132,1.809150473174707,1.371076923076923,0.002608173076923077,0.006153846153846154,-1.6877599912140662,0.6890656831820876
15707,4,0.1206220339818685,0.9542854946519366,2.252338612206665,1.6464615384615382,0.0023197115384615383,0.009230769230769232,-1.513269810530083,0.7357956309942729
15707,5,0.135156095355252,1.0261529356523453,2.5510922946444077,1.8356923076923077,0.0028365384615384615,0.009230769230769232,-1.5311754241812217,0.7842505801505882
15707,6,0.07989170145356259,1.0354549884618685,2.5896703402830323,2.0153846153846153,0.0032091346153846154,0.015384615384615385,-1.8312573155556102,0.8425358048642823
15767,1,-0.05406049997159426,0.6494862751646333,2.3475154472050996,1.502153846153846,0.13399038461538462,0.14153846153846153,-0.24880732778524456,0.8513008891365168
15767,2,0.05410244411556823,0.7549848173977165,2.924924480785939,2.284923076923077,0.13118990384615384,0.13230769230769232,-0.1520368136572355,0.959317915383454
15767,3,0.14506658167307565,0.83273732014196,3.5367223914028196,3.0098461538461545,0.12506009615384617,0.11692307692307692,-0.13167586395358197,1.0199905000703249
15767,4,0.10228241859682177,0.896532786156838,3.991775546949091,3.6972307692307695,0.12280048076923077,0.1076923076923077,-0.09103849722376692,1.054300065828461
15767,5,-0.010725912924716332,0.9092777996490681,4.245225580638882,4.16523076923077,0.11681490384615385,0.11076923076923077,-0.1626213445363121,1.099469986242905
15767,6,-0.07801590162579358,0.9479832715421522,4.414148459731757,4.6772307692307695,0.1115985576923077,0.11076923076923077,-0.1752388694317361,1.1524239962456666
15827,1,-0.1405955364019888,0.9753854872213503,0.8004737354208363,0.7046153846153848,0.0005528846153846154,0.0,-0.5847858736830854,0.8373258074194582
15827,2,-0.19050931438044205,1.2031988389827561,0.9572626102513287,0.8624615384615382,0.0004927884615384615,0.003076923076923077,-1.2007827199755763,0.941081102445515
15827,3,-0.1354183575233177,1.1267020577398055,0.9199532640863082,0.8378461538461537,0.0003846153846153846,0.003076923076923077,-1.7430552322354587,1.0083814819309382
15827,4,-0.13291344963798707,1.2049199541875948,1.0608962484673812,0.9941538461538458,0.00015625,0.003076923076923077,-1.9103335289343646,1.0455701414137006
15827,5,-0.12899469771744546,1.2184019993800261,1.1075116975760133,1.0098461538461538,0.00020432692307692307,0.003076923076923077,-2.185838504690909,1.0951264253679522
15827,6,-0.23431865283500372,1.2637188358903655,1.1604452105901142,1.1895384615384614,0.00016826923076923076,0.0,-1.4582534296908478,1.1452659111261843
15887,1,-0.09055703488137305,1.0545557264127678,1.0467107965880036,0.8689230769230774,0.0014903846153846154,0.0,,0.9764703758686918
15887,2,0.0050461832723737825,1.1021605273189357,1.0790189341340395,0.8492307692307696,0.0017427884615384616,0.0,,1.0556622633152208
15887,3,0.1557249006572638,1.2914157848779766,1.232978644201438,0.9076923076923074,0.0013341346153846153,0.0,,1.0858562724693182
15887,4,-0.038587385090669966,1.1848390519844205,1.2257427990902132,0.9504615384615386,0.0009495192307692308,0.003076923076923077,,1.1145102441951167
15887,5,0.005918830029730576,1.1731113389970858,1.289685572927447,0.9218461538461535,0.0007451923076923077,0.0,,1.1439700051932284
15887,6,0.10250609087318616,1.295102434426437,1.3832957248841016,0.9689230769230769,0.00078125,0.003076923076923077,,1.1794958200662666
15947,1,-0.10950574342932619,0.867168877183259,0.9157710093857164,0.7858461538461537,0.001153846153846154,0.0,,0.696178713762006
15947,2,-0.27630133760575953,1.058551451707179,1.0556958671664314,1.072615384615385,0.002307692307692308,0.0,,0.8215278671427644
15947,3,-0.2242621160454994,1.1356049787805405,1.1216323100516847,1.1953846153846155,0.0019230769230769232,0.0,,0.9051854290063142
15947,4,-0.22858488143749098,1.1808319428292777,1.1594730743654358,1.2618461538461538,0.0016346153846153845,0.0,,0.9861853643562944
15947,5,-0.20926128435086386,1.2374869894007452,1.2871692721660322,1.3181538461538465,0.0011298076923076923,0.0,,0.9953403700811665
15947,6,-0.2125382042991263,1.3099121767939337,1.319424562950196,1.3400000000000003,0.0011057692307692307,0.0,,1.0341744667540422
16007,1,0.011466844371642573,0.5177065427257571,1.2645513329514246,0.7929230769230771,0.010120192307692307,0.012307692307692308,-0.5055716254493593,0.7101793195503776
16007,2,0.05418133223715844,0.6619362786398088,1.7810686654635495,1.1839999999999997,0.01670673076923077,0.006153846153846154,-0.19960898400706484,0.901902762789142
16007,3,0.0648029250665333,0.7323212902784271,1.9956382227435467,1.4501538461538455,0.015396634615384616,0.003076923076923077,-0.08460714134292577,0.9946184554021389
16007,4,0.1754690435313458,0.9170614885920627,2.2519292441571785,1.755384615384616,0.017103365384615384,0.006153846153846154,-0.009945566812441686,1.0701569500322623
16007,5,0.09644801828690566,0.8953703187694145,2.3655641160512952,2.012307692307693,0.014663461538461538,0.012307692307692308,0.023026136950939274,1.077171406658229
16007,6,0.07335718330455047,0.9238578569622864,2.476242332994668,2.0120000000000005,0.014266826923076924,0.012307692307692308,-0.2557422300328003,1.1087745239777422
16067,1,0.05990516037530913,0.635345369592938,1.2473608063827297,0.8618461538461534,0.008641826923076922,0.003076923076923077,-0.5905493604662629,0.9251891874408876
16067,2,0.2051917192541495,0.8237728599212164,1.8198332459301765,1.1929230769230765,0.012391826923076924,0.0,-0.37550147325115507,1.0034863129429665
16067,3,0.24880131698157934,0.84738573993805,2.1064124076151125,1.3258461538461535,0.012139423076923077,0.003076923076923077,-0.8305439346764949,1.0618878900049598
16067,4,0.36711360688629535,0.9543130003096817,2.3213957976287043,1.5159999999999998,0.010889423076923078,0.0,-0.7533801010400871,1.1337470033888948
16067,5,0.4291316237090646,1.0656027115145037,2.409157394652,1.5729230769230766,0.010072115384615384,0.0,-0.8317486958393849,1.155063447931001
16067,6,0.5100547169647542,1.1723184625231442,2.459155670453446,1.7172307692307693,0.010120192307692307,0.0,-0.9861125101796255,1.183796378714875
16127,1,-0.07831144066597785,1.2472287871760992,0.9671970465076021,1.0052307692307694,0.0012379807692307692,0.0,,0.9226462024123906
16127,2,-0.3073399918216597,1.3033097726474445,1.008458939179521,1.0227692307692307,0.0012259615384615384,0.0,,1.0152169057528917
16127,3,-0.48624450199098784,1.2669359646207252,1.0098260500109262,1.0433846153846151,0.0008894230769230769,0.0,,1.0857132066418629
16127,4,-0.4302683018660998,1.3474963501706967,1.0894628658758432,1.0633846153846154,0.00042067307692307695,0.0,,1.146951435433394
16127,5,-0.3741753367869531,1.3280170466212673,1.0733618136740741,1.0101538461538462,0.00020432692307692307,0.0,,1.1776962820806198
16127,6,-0.3878294082659906,1.378356707539519,1.1055864204321793,1.0836923076923075,0.0002884615384615385,0.0,,1.2003942978190416
16187,1,0.014153760765638007,1.130670194403122,0.9970671918817229,0.7658461538461536,0.0014423076923076924,0.0,,0.9774789393274935
16187,2,-0.018757946542505156,1.2151888473529147,1.0884696777362917,0.8267692307692309,0.0016826923076923078,0.0,,1.0415541353931068
16187,3,0.17001684730832928,1.149176268060143,1.0844133907291453,0.7372307692307692,0.001454326923076923,0.0,,1.0675775018084601
16187,4,0.2041836220700857,1.211060969377067,1.1197469836430316,0.728307692307692,0.0010817307692307693,0.0,,1.109823324399759
16187,5,-0.01903386262087211,1.2714648204203693,1.1437442735353185,0.8809230769230768,0.0009014423076923077,0.0,,1.1398774458737817
16187,6,0.003287820137853363,1.2762940711033357,1.192537076295199,0.8944615384615382,0.0005408653846153846,0.0,,1.1676964575165052
16247,1,0.07670803073333746,0.9991991404381234,0.8955501763552662,0.7421538461538458,0.0016826923076923078,0.0,,0.6763489110391148
16247,2,0.13983617050866803,1.118906160580084,1.1318319064520668,0.9267692307692306,0.003341346153846154,0.003076923076923077,,0.842656625931227
16247,3,0.03020419072761352,1.0964364206134263,1.1981273255152394,0.9421538461538461,0.003076923076923077,0.0,,0.9486320494451922
16247,4,0.1680932177888524,1.2843915227299318,1.4167197341626736,1.1301538461538456,0.0029326923076923076,0.003076923076923077,,0.9879238902417738
16247,5,1.0739481481924689,1.893225226229308,2.3357780210416466,2.273846153846154,0.002451923076923077,0.0,,1.003798029993881
16247,6,1.1134702598391826,1.9202047018519521,2.3083088971393333,2.291692307692308,0.0021995192307692306,0.0,,1.0390249315956324
16307,1,0.03910472360028296,0.6395235697930648,1.092511756450533,0.6966153846153844,0.008040865384615384,0.006153846153846154,-0.8126036491567618,0.7347534397244427
16307,2,0.19174562205395967,0.7379354666065542,1.6278522994377538,0.8609230769230773,0.013930288461538461,0.003076923076923077,-0.3835757472215436,0.8986451244223538
16307,3,0.3184239791546495,0.9345188733664124,1.9703969499815273,0.990153846153846,0.013701923076923077,0.0,-0.006183589284896263,0.9917946347058779
16307,4,0.2896074411028528,0.9446075995133574,2.072309554516196,0.9913846153846153,0.014206730769230768,0.0,0.47046355467289624,1.0817430835222452
16307,5,0.3430841292326555,1.0194973308927378,2.153382379866539,1.0443076923076922,0.012259615384615384,0.0,0.9622479685096765,1.0907498483587768
16307,6,0.38022103268520663,1.128719616407667,2.216917444249596,1.1516923076923078,0.01173076923076923,0.0,1.4624379289482439,1.103457080863151
16367,1,-0.11926075495711037,0.8468247486617454,0.949642567405376,0.8304615384615387,0.007283653846153846,0.006153846153846154,-0.6148273673212781,0.9280344611243182
16367,2,0.07934647102608522,1.041291997963429,1.1628411503807987,1.0009230769230775,0.0077163461538461535,0.006153846153846154,-0.54228998608433,1.0194953463938883
16367,3,0.2005975778949605,1.129392051456118,1.3629944266357954,1.0938461538461544,0.007451923076923077,0.003076923076923077,-0.8399146159089728,1.0840384097508295
16367,4,0.3712604137655268,1.2808192727882608,1.465003217681681,1.293846153846154,0.006165865384615384,0.003076923076923077,-0.26727837822679124,1.126283925079663
16367,5,0.32218034688738906,1.3131192942231427,1.5673792310503833,1.2901538461538467,0.005324519230769231,0.006153846153846154,-0.5656738499294136,1.1610702184940451
16367,6,0.3577871635702319,1.35802776009694,1.6189642744836945,1.4320000000000008,0.004266826923076923,0.0,0.5495158589181408,1.1900562366308731
16427,1,0.010426933321677616,1.0057481378195272,0.9062763425937291,0.7784615384615388,0.0013221153846153847,0.0,,0.9710646365498168
16427,2,0.047099064978419355,1.2015467982324997,1.0522898486183245,0.8621538461538462,0.0012860576923076922,0.0,,1.0706183629984267
16427,3,0.1663659248995346,1.1198137695109216,1.1519980314210434,0.890153846153846,0.0009014423076923077,0.0,,1.1227086793670389
16427,4,0.1251871002210342,1.3027517694213182,1.263021577535702,1.0289230769230773,0.0006490384615384615,0.0,,1.1754683303922053
16427,5,-0.08765968698341954,1.233969935313241,1.216654384933221,0.9603076923076922,0.000625,0.0,,1.2198978247823735
16427,6,0.03722083032880355,1.2125164049255264,1.1585784832009929,0.8541538461538464,0.0007331730769230769,0.0,,1.2636848596698527
16487,1,-0.02710237619269002,1.0413258452683962,1.3136669355805644,1.1990769230769227,0.007848557692307693,0.003076923076923077,-0.5703519450490595,0.9398290167531087
16487,2,-0.07604431703454259,1.265249660272425,1.6689528080514453,1.642769230769231,0.00780048076923077,0.003076923076923077,-0.47841251614224223,1.0406826414418748
16487,3,-0.10174669599051522,1.3296647300307243,1.7819446391592622,1.9409230769230765,0.006598557692307693,0.003076923076923077,-0.613274503273052,1.1062770342229102
16487,4,-0.03362438978667494,1.475541539466569,1.971060453857012,2.1126153846153843,0.00609375,0.003076923076923077,-0.9545070422261192,1.1554196996029937
16487,5,-0.01829568306447245,1.4287117559824796,2.1200936936090273,2.2846153846153845,0.005132211538461539,0.006153846153846154,-1.3057304299933532,1.1904042789421765
16487,6,-0.15301354119741198,1.4443080699121797,2.538861417570621,2.8492307692307692,0.006418269230769231,0.003076923076923077,-1.2120211690239517,1.22445410615747
16547,1,0.0531031834774097,0.7053138424976848,1.0134252001509203,0.8658461538461542,0.0045673076923076926,0.006153846153846154,-0.5705466449444787,0.5031435836919239
16547,2,0.04446066089575015,0.7987493620223701,1.3314938327966388,1.124923076923077,0.004411057692307692,0.006153846153846154,-0.8766392611023692,0.6155242442915756
16547,3,0.09683334231271723,0.8307223298683962,1.4444911268476632,1.2009230769230768,0.0038221153846153847,0.006153846153846154,-1.115195860501802,0.6895641435662275
16547,4,0.009264855034792316,0.8280010376183684,1.510875667571824,1.323692307692308,0.0031490384615384614,0.006153846153846154,-1.3412948545948749,0.739411832572416
16547,5,-0.0006095329495728431,0.8863870033413539,1.588255185915181,1.3923076923076927,0.0028245192307692307,0.006153846153846154,-1.5112248559020403,0.7902034689574832
16547,6,-0.003496659652507543,0.8695778465175443,1.6084535018691832,1.4181538461538459,0.002776442307692308,0.006153846153846154,-1.640154908491824,0.8388696754989987
16607,1,0.01863736743133459,0.5941174149248741,1.7085967952351313,1.361846153846154,0.11801682692307693,0.13538461538461538,-0.1360176169451388,0.49418994411972283
16607,2,0.10878762274939552,0.8205711776223584,2.445560065789057,1.950461538461538,0.11254807692307692,0.1476923076923077,-0.19666006301900033,0.6047607370020426
16607,3,0.17429096851204134,0.9257673019059621,3.023323883257863,2.433230769230769,0.10793269230769231,0.12923076923076923,-0.20416913736160222,0.6791808427273507
16607,4,0.1342803201828205,0.988057133813949,3.4922379948362545,2.8018461538461534,0.10575721153846154,0.13846153846153847,-0.23863155296496474,0.7248160311579683
16607,5,0.0298518402626173,0.9758532513758135,3.8102790552028485,3.0415384615384617,0.10304086538461539,0.13538461538461538,-0.3389472054695429,0.7836710250667129
16607,6,0.033935553501156485,1.0142892629966203,4.053017614105979,3.1455384615384614,0.09882211538461538,0.1476923076923077,-0.4115187154333259,0.8333082513198107
16667,1,-0.014301823527599894,0.9068814425639702,0.9063683277274421,0.792307692307693,0.0008413461538461539,0.0,0.0036819613587260047,0.8127612734397165
16667,2,0.11897812623957157,1.131087931146594,1.0881550580923223,1.044307692307693,0.0007451923076923077,0.0,-0.22399967316663072,0.9179473269042284
16667,3,0.23726082589199696,1.226450508931186,1.182308410377683,1.1981538461538468,0.0005288461538461538,0.0,1.3848412635801035,0.9830599780258508
16667,4,0.19996294687340227,1.2985023880398452,1.218008592352229,1.2501538461538466,0.0006129807692307692,0.0,0.01809468737893427,1.0287132690393208
16667,5,0.26852331791378864,1.3509126196386754,1.2595655532046257,1.2756923076923077,0.0004927884615384615,0.0,-0.4711687068124384,1.0805162780211217
16667,6,0.2879861457772303,1.3029432407756658,1.2262892873620281,1.2680000000000007,0.00040865384615384613,0.0,0.11326829647274561,1.133320693324162
16727,1,0.06606818007742443,1.1694436916628834,0.9455198995254649,0.8747692307692306,0.0014783653846153846,0.0,,0.9439170504439695
16727,2,0.22804442438314765,1.1479416968197114,1.058925898025245,0.8698461538461538,0.00140625,0.0,,1.0437136099519764
16727,3,0.06337140118022062,1.0672532074564178,1.0291709984238462,0.910461538461538,0.0013100961538461539,0.0,,1.0911892663124592
16727,4,0.16905500070787358,1.0874347186059754,1.0275155460479979,0.8427692307692304,0.0009615384615384616,0.0,,1.1391041022159345
16727,5,0.20790255113946754,1.2496724110824229,1.1033751906706872,1.0107692307692306,0.0007331730769230769,0.0,,1.1759591089444876
16727,6,0.042946665877004485,1.1516799741399,1.0655285619012163,0.9852307692307694,0.0009134615384615384,0.0,,1.2232005021312475
16787,1,-0.2526291051771435,0.9056139686190415,1.929900733296202,1.3495384615384616,0.06342548076923077,0.07384615384615385,-0.33257468470100576,0.9306191079770535
16787,2,-0.315549429646722,1.062388647168829,2.6126193152267603,2.1892307692307695,0.06256009615384615,0.07076923076923076,-0.4926875382556048,1.034002895204013
16787,3,-0.3572270307618307,1.1601767833732406,3.492043064506286,3.039076923076923,0.05816105769230769,0.07692307692307693,-0.7351505805778477,1.0805695412308522
16787,4,-0.30367567159303754,1.2951548738656198,4.399703945623664,3.897230769230769,0.056310096153846155,0.09230769230769231,-0.9501435673802529,1.1324522078380272
16787,5,-0.40853728733897554,1.3986807424566712,5.504684570617037,5.061846153846154,0.05486778846153846,0.11384615384615385,-1.1212299524853369,1.1744625730715754
16787,6,-0.5161237522969009,1.4958309232725133,6.369811273195082,6.136923076923077,0.056454326923076927,0.16,-1.235692836859455,1.2054336262185954
16847,1,0.037066637121158985,0.7511272926676746,0.8782709333826383,0.8273846153846153,0.0010216346153846154,0.0,,0.5120331432510843
16847,2,0.02936758133654767,0.8804071271138656,1.159451954446837,1.136923076923077,0.0013221153846153847,0.0,,0.6289640091444607
16847,3,0.01719391578738275,0.8859759956470576,1.2179156211666318,1.1476923076923078,0.0009975961538461538,0.0,,0.7024176530016287
16847,4,-0.006076853150071302,0.8285302476062522,1.3492909276078764,1.268,0.0009254807692307693,0.0,,0.7525547217811587
16847,5,0.058574951814281066,0.9882500408155738,1.5241942559141324,1.3399999999999996,0.0010576923076923077,0.0,,0.8032590732512661
16847,6,0.07756448243118723,1.020113288203589,1.5149186338354645,1.324923076923077,0.0011778846153846154,0.0,,0.8594874242087301
16919,1,-0.12299648926113417,0.5073761004853201,2.8583380706152175,1.7723076923076924,0.23967548076923076,0.27692307692307694,-0.24854641679584794,0.8082762494777975
16919,2,-0.18671270541200732,0.5985474642533899,3.873646941240709,2.9947692307692306,0.22217548076923077,0.25846153846153846,-0.2974718126736134,0.9325290079484736
16919,3,-0.25872264182291593,0.7405920495426122,4.809535799254252,3.768,0.2097235576923077,0.2523076923076923,-0.3525864953621348,1.0163664576873812
16919,4,-0.26466117171870995,0.7971349404080654,5.250915003300014,4.120615384615384,0.19907451923076924,0.24615384615384617,-0.40155873268358133,1.065121950027185
16919,5,-0.25100423861041266,0.8669399608417528,5.524448997649258,4.8015384615384615,0.18344951923076924,0.2153846153846154,-0.4619126781043188,1.1105658645748342
16919,6,-0.27274367640291186,0.8814706783345457,5.712293698373513,5.231692307692307,0.17263221153846153,0.20307692307692307,-0.5144758868071317,1.1722220146909448
16979,1,-0.1998990850189424,1.0226897837682347,0.92824560432584,0.7701538461538459,0.0033653846153846156,0.006153846153846154,-1.346034523459338,0.8441691332001238
16979,2,-0.24467391539794142,1.213309793144117,1.106517223222524,1.0590769230769235,0.0026322115384615386,0.006153846153846154,-2.20044210337885,0.9466161790163614
16979,3,-0.18159360090857513,1.2978131986796757,1.2429652557529423,1.148,0.0013942307692307691,0.006153846153846154,-3.2145275458647715,1.0086297048640063
16979,4,-0.19347636286179823,1.2783531199034603,1.307902352185053,1.2147692307692306,0.0011057692307692307,0.009230769230769232,-3.451382520358793,1.0523949443307508
16979,5,-0.17180012672963244,1.234792287866102,1.2755397389234524,1.2446153846153847,0.0009975961538461538,0.006153846153846154,-3.520954320620886,1.101078590029323
16979,6,-0.24258722758800857,1.253693147462166,1.2509286316501116,1.267076923076923,0.0005408653846153846,0.006153846153846154,-3.2067637544516874,1.1559852786302673
17039,1,0.05744129860947052,0.78177472282223,2.3639520219714822,1.386153846153846,0.027584134615384615,0.003076923076923077,-0.05196963394369547,0.9361794848955303
17039,2,-0.014510483474479875,0.8562445450908573,2.566942186823243,1.5187692307692309,0.030564903846153846,0.003076923076923077,-0.17358610711991357,1.038292808859463
17039,3,-0.046741851398945156,1.0067467180931058,2.7862866896227043,1.5507692307692311,0.024903846153846155,0.003076923076923077,-0.6447599710034212,1.0903781845196887
17039,4,0.014373848393388842,1.150626020247423,3.0598916823727795,1.633230769230769,0.019314903846153846,0.003076923076923077,-1.0368290218837155,1.1492798964185742
17039,5,0.06574143327058987,1.2717463350874203,3.5234930515382494,1.9809230769230768,0.014603365384615385,0.003076923076923077,-1.155514121331409,1.191580411301016
17039,6,0.18873995999850315,1.431514284698123,3.8717095849292464,2.103076923076923,0.01234375,0.003076923076923077,-1.5985555492882313,1.2332281770593516
17099,1,-0.054508351492730645,0.5132802751895599,3.317769533590515,1.9720000000000002,0.19110576923076922,0.2276923076923077,-0.3278452947452735,0.5181044260845493
17099,2,-0.08734865676527641,0.7516094108034809,4.476364003319846,2.9292307692307693,0.15885817307692307,0.23384615384615384,-0.46699260641766943,0.6304924912671225
17099,3,-0.07242322422427848,0.9574102734994171,5.316689839745792,3.696307692307692,0.12784855769230768,0.2153846153846154,-0.5758457226585788,0.7036840445810799
17099,4,-0.0848162906109463,1.056486881580514,5.935583161291609,4.279076923076924,0.1070673076923077,0.20615384615384616,-0.7055899751684859,0.7619165291088958
17099,5,-0.10460795955422303,1.1996053024214153,6.702139752300816,4.78123076923077,0.09046875,0.2,-0.8302204502071294,0.8161553032259102
17099,6,-0.211734147497682,1.2792283016956263,7.247707794215656,5.2384615384615385,0.07649038461538461,0.2,-0.8923591860908469,0.866810593909508
17159,1,0.06873111501966045,0.48136051111135414,1.9085374040677219,0.7332307692307694,0.01939903846153846,0.018461538461538463,-0.5774617882941812,0.48203357720288603
17159,2,0.09284905849020689,0.6445086280949269,2.4082958614521064,1.0563076923076926,0.019182692307692307,0.018461538461538463,-0.6586567310098256,0.6001435261669902
17159,3,0.12780602219475123,0.8377821768203823,2.7884313636567932,1.3369230769230769,0.016658653846153847,0.018461538461538463,-0.660067845266771,0.6769946790332491
17159,4,0.18672170098644814,1.0037273867516754,3.2519830474882867,1.6784615384615384,0.015192307692307692,0.021538461538461538,-0.5379730599714997,0.7205962268986756
17159,5,0.18645260885741388,1.1391565406643214,3.7575279986698393,2.0064615384615383,0.014903846153846155,0.024615384615384615,-0.6194613666984302,0.7688699863059337
17159,6,0.10573854855444446,1.196094468769111,4.157592693219671,2.2649230769230773,0.014939903846153846,0.03076923076923077,-0.5173711916925601,0.8135854800999037
17219,1,-0.042990090529803876,0.5535776951746675,2.7441192687361706,1.4575384615384614,0.16776442307692307,0.16615384615384615,-0.22267775758910283,0.8353443326947755
17219,2,-0.03775559118618306,0.6678130629061977,3.6109793491523585,2.5421538461538464,0.15638221153846155,0.15076923076923077,-0.19541584308047327,0.9305142622850917
17219,3,-0.033882727954828225,0.8121669192934836,4.637718504802496,3.4033846153846152,0.14070913461538462,0.14461538461538462,-0.24123695673872972,1.0087570968650263
17219,4,0.05589455580858062,1.066662367272848,5.360942682181839,4.311999999999999,0.1301923076923077,0.12307692307692308,-0.17594599658555096,1.0422839627790246
17219,5,0.07856168112636722,1.1632904100092494,5.831426324312036,4.893538461538462,0.11759615384615385,0.1076923076923077,-0.21725376977699906,1.0900859136936984
17219,6,0.15413521514955025,1.2925910501929494,6.140334640714846,5.4079999999999995,0.105,0.10461538461538461,-0.2616420659612618,1.139216260235799
17279,1,1.013736519497821,2.452600990097811,3.4613169574988127,5.174461538461539,0.005925480769230769,0.009230769230769232,-0.7612050858535802,0.8525012099877005
17279,2,0.5481755853479554,1.460690425566423,2.7947494619567292,4.232923076923077,0.00546875,0.009230769230769232,-1.1440588008717758,0.9538423968402995
17279,3,0.38154821196516003,1.1837443688724296,2.2894980970127325,3.582153846153847,0.0034735576923076925,0.009230769230769232,-1.6751294820347287,1.0173326346167408
17279,4,0.1629765550775186,1.115144083807492,2.1941391203115574,3.0956923076923077,0.0025,0.009230769230769232,-2.216386191149303,1.0610688642998716
17279,5,0.022500768908148627,1.239416608975569,2.3271122263823667,2.8144615384615377,0.0016826923076923078,0.009230769230769232,-2.5363418051007725,1.1072986759621408
17279,6,-0.13593305889500557,1.3829792920672497,2.596681437637457,2.65476923076923,0.0015625,0.009230769230769232,-2.8732097921609476,1.1675594238007128
17339,1,0.09591162511977246,0.6686669360869805,2.431421325368053,0.9999999999999998,0.022223557692307692,0.003076923076923077,-0.33057069326130517,0.9345420314758529
17339,2,0.12752329941149798,0.8662282572224804,2.553567802066575,1.1353846153846152,0.023954326923076922,0.003076923076923077,-0.48505848435364685,1.0443323920835152
17339,3,0.1581922619452659,1.086483330101754,2.7508507262182795,1.3766153846153841,0.02032451923076923,0.003076923076923077,-0.9676422097380208,1.0969773799045466
17339,4,0.20522670288129444,1.2071397513551794,2.8926861287908,1.4756923076923072,0.016045673076923075,0.003076923076923077,-1.2062756581814493,1.1466378380468198
17339,5,0.1582004626346973,1.2832428734137062,3.114662240764703,1.6910769230769227,0.01174278846153846,0.003076923076923077,-1.418756914326036,1.1973237930966476
17339,6,0.11960198797362921,1.3795818281556786,3.4673107984793914,1.949846153846154,0.009783653846153846,0.003076923076923077,-1.9091654504969298,1.2311504014612333
17399,1,-0.04238206459547819,0.6601189604018152,2.7594207807858346,1.8953846153846154,0.105,0.1076923076923077,-0.12979930106640356,0.4983419762036199
17399,2,-0.03557899928512302,0.8698184232781747,3.9386929375327537,3.2144615384615385,0.08953125,0.09538461538461539,-0.0942360323506903,0.6134131628733096
17399,3,-0.0338272385762269,1.0479908742584898,4.846672053651689,4.244923076923077,0.0753485576923077,0.08307692307692308,-0.028900700079321422,0.6861103384432351
17399,4,-0.02992618789653794,1.1777340443992257,5.483402350092732,4.965230769230769,0.060432692307692305,0.07384615384615385,-0.04825151076635833,0.7312837529984958
17399,5,-0.06403289208257015,1.318892456402107,6.106750129091531,5.557846153846154,0.04918269230769231,0.06769230769230769,0.006789818112852194,0.7789916998187535
17399,6,-0.01753109969103408,1.4192657832166828,6.300908615785505,5.937846153846154,0.04102163461538461,0.06769230769230769,0.18932556407115594,0.8292432137245361
17459,1,-0.015429260398497801,0.667292314964549,2.9919158949226037,1.7689230769230773,0.10474759615384616,0.11076923076923077,-0.18572529577611552,0.5112562479572776
17459,2,-0.06779128428751698,0.7171895970643738,3.5092515115285936,2.616923076923077,0.09985576923076923,0.11692307692307692,-0.09763990767323767,0.6273812029940024
17459,3,-0.01861105838539865,0.9196943763730369,4.341864554228291,3.3492307692307692,0.09276442307692308,0.10153846153846154,-0.0501932111302751,0.6974265082454469
17459,4,-0.03730506694341515,0.9886118259282732,4.777477056279535,3.7541538461538457,0.09125,0.10153846153846154,-0.10801409894651776,0.7491395072950605
17459,5,-0.06223657267917386,1.0533049226554587,5.00646697709717,3.9981538461538464,0.08961538461538461,0.11384615384615385,-0.14146644426182392,0.7959464516328039
17459,6,-0.09813824281459703,1.0883781623002218,5.249865358764777,4.175692307692308,0.08557692307692308,0.11076923076923077,-0.1883694300537467,0.8523424427799735
17519,1,0.03900230614662639,0.6594616388764132,2.251505009056014,1.246153846153846,0.031310096153846154,0.018461538461538463,-0.06498369031914915,0.8420646917911356
17519,2,0.13074606370504113,0.9178958768920779,2.631226200563909,1.8123076923076924,0.028954326923076923,0.015384615384615385,0.313082266557232,0.9207322487153065
17519,3,0.26357789309965934,1.1871419474765197,3.1754548453304756,2.325230769230769,0.02423076923076923,0.003076923076923077,1.0407893149720038,0.9808634580528254
17519,4,0.3746882048114009,1.349288337474207,3.4934091651296093,2.7473846153846155,0.02063701923076923,0.0,1.3831519295283838,1.025880933219695
17519,5,0.402939433801288,1.444691546935135,3.780049764037517,2.9107692307692306,0.016814903846153847,0.0,1.961629869609068,1.0689960379232608
17519,6,0.3418918505233091,1.4823792859336733,3.7644519296721604,3.0015384615384617,0.014242788461538461,0.0,1.920760171014408,1.1206318340355395
17579,1,0.19561123843887251,1.084324271197831,0.940345229237597,0.7113846153846154,0.0018509615384615385,0.003076923076923077,,0.9491759394259391
17579,2,0.11845033022816638,1.0924297790745827,1.0211321424887356,0.7947692307692305,0.0018990384615384616,0.003076923076923077,,1.0532227133203291
17579,3,0.1459648818988022,1.1182559653769344,1.0356649407724807,0.7803076923076925,0.001201923076923077,0.003076923076923077,,1.1113117661746228
17579,4,0.0664952886226645,1.2012511074106382,1.0236385430406314,0.9043076923076929,0.0011057692307692307,0.0,,1.1578587417408985
17579,5,-0.002779058543760338,1.072342299262408,0.8621979262392404,0.8507692307692303,0.0007091346153846154,0.0,,1.2026827865716365
17579,6,-0.0004415884568275721,1.0949788028556937,0.8553362370651331,0.8141538461538462,0.0008293269230769231,0.0,,1.2405285898268155
17639,1,-0.3403293016910403,1.349750703612937,1.2741480452505003,1.2744615384615392,0.003064903846153846,0.0,,0.940382209094024
17639,2,-0.638051969983554,1.5227428437007633,1.699460598464902,1.9526153846153846,0.0035576923076923077,0.003076923076923077,,1.0498004797042706
17639,3,-0.6727597730596627,1.5931878507319435,1.9362647066354293,2.3560000000000003,0.0030288461538461537,0.003076923076923077,,1.111689498313418
17639,4,-0.5982370655670196,1.6610938236651713,2.220765454136504,2.7406153846153853,0.003269230769230769,0.003076923076923077,,1.1663767108359955
17639,5,-0.7111919165370297,1.6174776307009067,2.526786061911147,3.1359999999999997,0.0034975961538461536,0.003076923076923077,,1.2134765532358642
17639,6,-0.7273551840893187,1.5917404427772877,2.6772877122272574,3.442769230769231,0.004230769230769231,0.003076923076923077,,1.2535951250640731
17699,1,0.08589865767346459,0.7324999561541858,1.0454950852084504,0.971384615384615,0.0012860576923076922,0.0,,0.49105344570067894
17699,2,0.09568997160874365,0.8506181347145341,1.2557176951597977,1.248,0.0011298076923076923,0.0,,0.6100147632588265
17699,3,0.16023179476891292,0.9187965135836249,1.3954295355407837,1.4252307692307693,0.0011298076923076923,0.0,,0.6912114346591973
17699,4,0.16782915462715559,0.9913570262546656,1.535880735549404,1.6021538461538463,0.0012259615384615384,0.0,,0.7360344468517266
17699,5,0.280466376486325,1.1150129817440682,1.6364924094606141,1.6049230769230767,0.0014423076923076924,0.0,,0.7823440058776088
17699,6,0.36523956920264566,1.2333653940128182,1.9598490262338573,1.8024615384615383,0.0013942307692307691,0.003076923076923077,,0.824871771719067
17759,1,-0.015596923029909759,0.7065087484218128,1.8008286032980407,1.3187692307692307,0.14539663461538463,0.1723076923076923,-0.17081772763171468,0.49198733704368125
17759,2,0.06718020079249315,0.9131417610330484,2.6026733287318,1.8821538461538458,0.1361298076923077,0.15692307692307692,-0.23679137444862505,0.6040336690768991
17759,3,0.17395941381740157,1.0105025332873618,3.049818204516938,2.064923076923077,0.12508413461538462,0.16307692307692306,-0.3140882573907996,0.6806120740901669
17759,4,0.13536475825822103,0.9491170963801955,3.200056990673173,2.2046153846153844,0.1205889423076923,0.16307692307692306,-0.4150892510604487,0.7322549521458581
17759,5,0.055411530884271885,0.9237725957756607,3.496140743042689,2.4756923076923076,0.1155889423076923,0.16615384615384615,-0.4970087827095697,0.7860129766418
17759,6,0.11927020759247914,1.1036769771149912,3.952596956504963,2.654153846153846,0.1065985576923077,0.1753846153846154,-0.6068262878285284,0.8347821145028042
17819,1,0.24597704678142637,1.1971527100588537,0.9433297008251285,0.9043076923076926,0.0013100961538461539,0.0,,0.8243976275664955
17819,2,0.2971564795698968,1.2790277994074852,1.038975823224575,1.0969230769230776,0.001454326923076923,0.003076923076923077,,0.9394042259469748
17819,3,0.39730002075485205,1.531050886633983,1.2408099624974895,1.2649230769230773,0.0014423076923076924,0.003076923076923077,,1.012950763837604
17819,4,0.5038168499354491,1.5521693207093963,1.321028032313979,1.2932307692307698,0.0011298076923076923,0.0,,1.0612262744007523
17819,5,0.5139822455658498,1.5129729674248313,1.3711430321704847,1.373846153846154,0.0010336538461538463,0.0,,1.1083594531962424
17819,6,0.4962311216597902,1.5414532456399777,1.2568382056118494,1.390153846153846,0.0008052884615384616,0.0,,1.1642223160334488
17879,1,-0.05817962690181937,1.1002476463156146,0.7784767563266115,0.6833846153846155,0.0012259615384615384,0.0,,0.9747901917801622
17879,2,-0.09916423629796711,1.1667781976172495,0.855861129533762,0.7529230769230765,0.0010216346153846154,0.0,,1.0526347561118423
17879,3,-0.05557725921958481,1.1472893768563848,0.743334288632061,0.6153846153846152,0.0012379807692307692,0.0,,1.080645654989506
17879,4,-0.04934537445904421,1.194958951963229,0.774374563933651,0.7267692307692306,0.0006129807692307692,0.0,,1.120877252132583
17879,5,-0.056096059640941914,1.3346808664479168,0.8170076377608668,0.747076923076923,0.0003966346153846154,0.0,,1.1478962469961282
17879,6,-0.2776504818967346,1.407081513364986,0.9487817031723556,0.8639999999999997,0.0003485576923076923,0.0,,1.1738345150369973
17939,1,0.08003797892879126,1.1641121574507685,1.0017603821050556,0.8070769230769235,0.002512019230769231,0.0,,0.9666852755599897
17939,2,0.054279029126362725,1.2961029850204355,1.1194667775608353,1.012,0.002980769230769231,0.0,,1.0503164689662419
17939,3,0.14129991427390032,1.2867229139730272,1.1435425907173438,1.0716923076923077,0.0030048076923076925,0.0,,1.077433010549307
17939,4,0.045059521357227475,1.4841667260414155,1.3215996107393433,1.367692307692308,0.002451923076923077,0.0,,1.113948113942043
17939,5,0.066991990541872,1.450944324261226,1.25684902442016,1.33323076923077,0.0016947115384615384,0.0,,1.146744705620077
17939,6,0.015295422989328955,1.3431596972484794,1.2270573851959703,1.3181538461538465,0.00140625,0.0,,1.1779607406736268
17999,1,-0.06714775700554781,0.7055725753459476,0.9141824129851585,0.7606153846153844,0.0023557692307692307,0.003076923076923077,,0.683631549048079
17999,2,0.023609452226562584,0.868246386375948,1.284479574791748,1.0258461538461539,0.00640625,0.003076923076923077,,0.8503308736322526
17999,3,-0.008222867221580487,0.9285700621406526,1.5720962714272877,1.214769230769231,0.006430288461538461,0.003076923076923077,,0.942194008914577
17999,4,0.07278493341865014,1.0527152469634826,1.8047962615580988,1.5378461538461536,0.006418269230769231,0.003076923076923077,,1.0036340189401607
17999,5,-0.002835161112591366,1.0805907799610166,1.9268590584178422,1.715076923076923,0.005709134615384615,0.003076923076923077,,1.012962562213953
17999,6,-0.10779123768500422,1.1041630325602771,1.9233749386489027,1.7353846153846157,0.005396634615384616,0.003076923076923077,,1.0520706464792322
18059,1,0.08763115702366424,0.8226571179423056,1.057445679916329,0.7375384615384614,0.0055048076923076925,0.0,,0.8919355734923596
18059,2,0.291929351800058,0.9992962536952708,1.647127160386213,0.9464615384615386,0.00813701923076923,0.0,,0.9985012641651492
18059,3,0.32213187357325246,1.0786032042620983,2.117498444141288,1.2101538461538461,0.009242788461538462,0.0,,1.0638147132997113
18059,4,0.4351847704552359,1.2116572378104968,2.3400839251768866,1.3163076923076928,0.009050480769230769,0.003076923076923077,,1.1206376536968534
18059,5,0.465845908778003,1.2550043663850994,2.5431086329987456,1.2713846153846156,0.01171875,0.0,,1.1567401483063737
18059,6,0.5024463604560336,1.2893472007527884,2.71061522270032,1.3083076923076928,0.01188701923076923,0.0,,1.1857350302999898
18119,1,-0.17116453084378128,0.7172788470491455,1.1413861710486695,0.8055384615384612,0.006021634615384615,0.003076923076923077,-1.5301109049683395,0.8561258063531767
18119,2,-0.32756705661839725,0.8164879432378013,1.23913508524146,0.9126153846153844,0.006069711538461539,0.003076923076923077,-2.080741206828394,0.980455365441516
18119,3,-0.5305413924256217,0.9593697141462788,1.614996587206125,1.165230769230769,0.004459134615384616,0.003076923076923077,-2.4144695828196223,1.055998201734626
18119,4,-0.6595665827377051,1.087783797276514,1.908168593147747,1.4858461538461534,0.0024759615384615384,0.003076923076923077,-1.369651241567853,1.0983018532824032
18119,5,-0.7650743335192892,1.2650379175057846,2.1045749769518673,1.7107692307692304,0.0019951923076923076,0.0,-0.8422145357284474,1.1308747000943102
18119,6,-0.9899741248900651,1.4027413858353863,2.407929652917243,1.8726153846153848,0.0013221153846153847,0.0,-0.5407124719134055,1.167252908827245
18191,1,0.09203492273843379,1.2072564847200653,0.9905969276928897,0.928307692307692,0.0009375,0.0,,0.975722000357932
18191,2,0.022641975651099953,1.2124065213709068,0.967995223229882,0.8778461538461532,0.0008894230769230769,0.0,,1.0538178555682056
18191,3,0.0167181326776916,1.2437998906517813,0.9883250066836635,0.9843076923076921,0.0009254807692307693,0.0,,1.0833830067618437
18191,4,-0.019167866322161446,1.1244056406260077,0.9175407237359017,0.8716923076923075,0.0008293269230769231,0.0,,1.1190087334521512
18191,5,0.1010787125357632,1.3707160735958823,1.1447885177670356,1.1544615384615382,0.0006009615384615385,0.0,,1.152298139665454
18191,6,0.04691106894187832,1.3046945581819394,1.0640956126807284,1.0759999999999996,0.00044471153846153846,0.0,,1.1820096472125432
18251,1,-0.10919326924824396,0.9738255512801204,0.9712157729254501,0.8855384615384617,0.0010096153846153846,0.0,,0.6905113523510195
18251,2,-0.09164006412124602,1.0217936742217477,1.1560010299434997,0.9996923076923077,0.00234375,0.0,,0.8505331596270305
18251,3,-0.2208120544517545,1.094956569793729,1.281730684886466,1.2283076923076925,0.002391826923076923,0.0,,0.9408007464480809
18251,4,-0.31084803062761285,1.0595223331147159,1.338103857679944,1.3630769230769226,0.0020913461538461537,0.006153846153846154,,1.012712244431776
18251,5,-0.27864138279963363,1.1246952821742797,1.4718981582722928,1.468307692307692,0.0018509615384615385,0.0,,1.0272701340799344
18251,6,-0.2796152617209956,1.1831010280950338,1.5082839138791686,1.5073846153846158,0.0017548076923076922,0.003076923076923077,,1.0542455954064218
18311,1,-0.010016089632064172,0.6249587550247128,0.8761880406937514,0.6960000000000001,0.009002403846153846,0.012307692307692308,-0.19347614109554448,0.7167388348235547
18311,2,0.06724403235891732,0.80339999910797,1.5374347895141385,0.9698461538461541,0.016670673076923076,0.009230769230769232,-0.24024257383895747,0.9255864625897434
18311,3,0.07265834899622838,0.8770188916917766,1.7990293719077461,1.0830769230769228,0.01673076923076923,0.006153846153846154,-0.2805196147327729,1.003845034967217
18311,4,0.029026769442299174,0.8551244965191228,1.8302670266342518,1.1504615384615384,0.01719951923076923,0.009230769230769232,-0.2860201814800311,1.0809324298718639
18311,5,-0.03798001296865445,0.9500069353578944,1.8635696979658205,1.4156923076923078,0.015348557692307693,0.009230769230769232,-0.21995012579202272,1.083252090757088
18311,6,-0.2057468309280167,1.049453068657166,2.1724994973397824,1.8781538461538458,0.014711538461538462,0.009230769230769232,-0.4378088251035105,1.1201930552261041
18371,1,-0.03280745656955657,0.6857683647685466,1.1386018054003704,0.9323076923076925,0.00686298076923077,0.003076923076923077,0.7090549624487222,0.8576974957949098
18371,2,0.20259165534299248,1.0111875716205705,1.667929772225814,1.3741538461538465,0.00875,0.003076923076923077,1.2649695301641128,0.9833890490212462
18371,3,0.2700990600412162,1.0606663938414849,1.8786508228663983,1.5184615384615385,0.008713942307692308,0.0,1.868032051769264,1.0579150873165428
18371,4,0.3292894010132462,1.1307587740691183,1.9583217790651424,1.4960000000000002,0.007776442307692308,0.003076923076923077,2.6213365113882583,1.1142892488058969
18371,5,0.3891812738267504,1.2075632525337754,2.1282740550720245,1.548,0.007608173076923077,0.003076923076923077,2.723653927917144,1.146748307083355
18371,6,0.4385023486369535,1.2749261322349268,2.086601946209385,1.4953846153846158,0.006935096153846154,0.003076923076923077,3.8890260214016132,1.16439527502775
18431,1,0.2420832067689003,1.2301980155323529,0.796126778289761,0.7636923076923078,0.0011057692307692307,0.0,,0.9204173336541157
18431,2,0.15529021494438977,1.2887740934832506,0.8874745760100922,0.8513846153846157,0.001298076923076923,0.0,,1.02483943842853
18431,3,0.264079508850978,1.2108902439481437,0.9033341490612443,0.8421538461538463,0.0008533653846153846,0.0,,1.0824717631733285
18431,4,0.15953304491590883,1.1498151122748912,0.8481223183283682,0.7923076923076923,0.0007932692307692307,0.0,,1.1357147711746953
18431,5,0.17759920876293392,1.2270656253650567,0.8841091512689022,0.785538461538462,0.0009014423076923077,0.0,,1.1669131139314157
18431,6,0.03893119071206543,1.2117301625332662,0.8364613948404793,0.8556923076923076,0.0005889423076923077,0.0,,1.2024614737232802
18491,1,0.2679844672684692,1.0570164662622001,1.6395190010535656,0.9830769230769231,0.000576923076923077,0.0,,0.9426617148485957
18491,2,0.31339723300696654,1.1918516765317082,1.7205409006074373,1.1052307692307695,0.0005048076923076923,0.0,,1.0378212043851736
18491,3,0.31689745137680825,1.390593613533954,1.6688797807449605,1.3907692307692308,0.00046875,0.0,,1.0929994819997115
18491,4,0.3161605904986425,1.3586376743180124,1.5546075871773117,1.2603076923076928,0.00042067307692307695,0.0,,1.1492467255571823
18491,5,0.493546512867971,1.480343254890127,1.6749981534426734,1.4430769230769231,0.00030048076923076925,0.0,,1.191895384988075
18491,6,0.38627228886126486,1.534982734682743,1.6128646288279274,1.5815384615384616,0.0003125,0.0,,1.2331605443168066
18551,1,0.027259215480403897,0.588720126149916,1.9134319185782709,1.3492307692307695,0.07811298076923077,0.08,-0.3450983454261778,0.5029684359742496
18551,2,0.15016858291543878,0.975693850771214,2.645062357226772,2.1889230769230776,0.0679326923076923,0.07384615384615385,-0.4413884035187242,0.6199081655898605
18551,3,0.20943565839772676,1.1007863727956684,3.255441304202374,2.8360000000000003,0.05855769230769231,0.06461538461538462,-0.4072913773121325,0.6879946348028739
18551,4,0.2296677096466515,1.241571941759882,3.777991325971424,3.309846153846154,0.05189903846153846,0.07076923076923076,-0.3908704008823177,0.7327424708041174
18551,5,0.2412723310209381,1.3247166303191742,4.263465571213114,3.5879999999999996,0.04373798076923077,0.07076923076923076,-0.4503340196615884,0.7848263530178605
18551,6,0.2939160992638788,1.492799729483693,4.562170380458647,3.933846153846154,0.037584134615384616,0.06769230769230769,-0.45996934822554625,0.8257948875712693
18611,1,0.08754497860535045,0.7631602713191666,1.6788762274442481,1.1720000000000004,0.0471875,0.06461538461538462,-0.25349458824242427,0.5040632094734087
18611,2,0.1533888026669958,0.9041889609615497,1.9823921098494626,1.6338461538461542,0.04489182692307692,0.06153846153846154,-0.30136325940670405,0.6192464917111471
18611,3,0.04916733499252711,0.7988083914602597,2.3170425052606243,2.372615384615385,0.04308894230769231,0.06153846153846154,-0.27170544728749346,0.6910324504265716
18611,4,0.03860030528558896,0.8716327901309625,2.926219488105843,3.129538461538462,0.04287259615384616,0.05846153846153846,-0.11356113803246821,0.7419677728053393
18611,5,0.02850090534477302,0.8805931822726258,3.1661940200406606,3.58523076923077,0.04337740384615384,0.052307692307692305,-0.10619474250818879,0.7923757896840117
18611,6,0.04956779784684598,0.9409001457190925,3.453385314990896,4.003076923076923,0.042764423076923075,0.052307692307692305,-0.0966368943431962,0.8458647695748137
18671,1,0.11770639310507414,1.0439862151857233,1.073775378770205,1.0861538461538465,0.0020192307692307693,0.0,0.38071836266717607,0.8325109280439743
18671,2,0.14064173371746372,1.2616417919706882,1.2199241016251334,1.4073846153846161,0.0020913461538461537,0.0,0.8687495196991135,0.9320554887097318
18671,3,0.33703094677643297,1.3710342912280225,1.2969481094782995,1.494461538461539,0.0016346153846153845,0.0,1.2086973373810166,1.0052990382893172
18671,4,0.5040794516780607,1.399924527404304,1.3036934775077873,1.5369230769230766,0.0017788461538461539,0.0,0.6585161094965275,1.0455136414460318
18671,5,0.797644659192232,1.5978475980655524,1.4846411644847826,1.68,0.001670673076923077,0.0,1.1387698582035415,1.090367544096871
18671,6,0.7993829814119945,1.6354303509329478,1.5650767742323042,1.770769230769231,0.0012620192307692308,0.0,0.7971842151783481,1.1312092610966626
18731,1,0.1317529535776404,1.0798948171410703,0.7811088779209686,0.7221538461538459,0.0014783653846153846,0.0,,0.9493839490748094
18731,2,0.2975515641291659,1.2497339520067763,1.1236370705952676,0.9252307692307692,0.001622596153846154,0.0,,1.059252679546549
18731,3,0.16429947755797228,1.2233029766583854,1.0610636507889242,0.9138461538461542,0.001358173076923077,0.0,,1.111816646528659
18731,4,0.25921187333824647,1.238500363798965,1.0608730524147305,0.8861538461538465,0.0012379807692307692,0.0,,1.1633884917448323
18731,5,0.27302058776776655,1.178109185910445,1.0208551086154083,0.866769230769231,0.0008653846153846154,0.0,,1.2017129899565864
18731,6,0.16727821503612014,1.141169053074159,0.9861032748855028,0.8498461538461536,0.0010817307692307693,0.0,,1.2353420526772014
18791,1,-0.611204934579606,1.4565019748364296,1.426383993141062,1.558461538461538,0.003737980769230769,0.0,,0.9508968613787512
18791,2,-0.810368764995602,1.69455446516249,1.9462429817513545,2.310153846153846,0.003605769230769231,0.0,,1.052872112668274
18791,3,-0.8216142379762446,1.743286122215824,2.249824032952095,2.6790769230769227,0.0035216346153846153,0.003076923076923077,,1.0989054229441546
18791,4,-0.813919551519578,1.7628264984028257,2.546547746654653,3.0252307692307685,0.0035216346153846153,0.003076923076923077,,1.1404354364403437
18791,5,-0.8298351302115246,1.7673228800792742,3.060376005804424,3.634461538461538,0.0033653846153846156,0.006153846153846154,,1.1960585026975812
18791,6,-0.6842838802431895,1.740488215060979,3.358478150481854,4.0520000000000005,0.004435096153846154,0.009230769230769232,,1.230626114283902
18851,1,0.08200356152824329,0.7619251099242478,1.0059039341955354,0.8775384615384617,0.0008894230769230769,0.0,,0.49709975524554484
18851,2,0.07759438437794057,1.024814616321483,1.2428398768448519,1.235076923076923,0.0009615384615384616,0.0,,0.6161646181169032
18851,3,0.05343685331111304,1.0279899253474205,1.3025054876203916,1.3209230769230769,0.0011057692307692307,0.0,,0.6870821414646923
18851,4,0.0357265020296758,1.0457739399287027,1.3610580400690417,1.3335384615384611,0.0008293269230769231,0.0,,0.7344840437795128
18851,5,-0.05648230954541699,1.0759338145544457,1.5145149659899986,1.4356923076923074,0.0009495192307692308,0.0,,0.7855116248972992
18851,6,-0.007364612875089566,1.1081934380516436,1.5771509119361837,1.4818461538461538,0.0009254807692307693,0.0,,0.8329438326218683
18911,1,0.0907477813958785,0.772897005385855,1.8581314849932389,1.4332307692307689,0.09944711538461538,0.12,-0.17687939881851344,0.49830735938175585
18911,2,0.08212587208967431,0.8918231744358671,2.5436132062099057,1.976307692307692,0.09466346153846154,0.12923076923076923,-0.276255508774232,0.616389441470449
18911,3,0.1323937669763403,1.0168143812355386,3.037649723255644,2.2603076923076917,0.09241586538461538,0.1476923076923077,-0.4167521089331214,0.6902174333394756
18911,4,0.14394665447928198,1.0226443969516563,3.293691521017999,2.4990769230769225,0.09102163461538462,0.14461538461538462,-0.47642965731085357,0.7301548673215048
18911,5,0.15954616450801382,1.1400600077457705,3.677630482326965,2.7590769230769223,0.08909855769230769,0.15076923076923077,-0.5641611193623891,0.7853283563013992
18911,6,0.08626531551728604,1.1245458117093106,4.124606923851482,2.988,0.08677884615384615,0.16923076923076924,-0.6713181300060184,0.8259873726006348
18971,1,0.0001031724462184732,1.1155839128081622,0.9370098496880064,0.8993846153846152,0.0025360576923076925,0.0,0.3344346564387697,0.8370732278028387
18971,2,0.1531311050830423,1.3378164594430477,1.0949508908148542,1.1403076923076925,0.0021754807692307694,0.0,0.9178113554206575,0.9467903722122422
18971,3,0.26322143879657506,1.4398409804685117,1.2322518417854482,1.3526153846153848,0.0016346153846153845,0.0,1.0720024593209927,1.015377607904455
18971,4,0.342629581021893,1.5335989867080781,1.3877170775425003,1.4843076923076925,0.001346153846153846,0.0,1.277720449749567,1.059774655433879
18971,5,0.40402990858592924,1.5212072198719886,1.360163838475164,1.524615384615385,0.0013341346153846153,0.0,1.538784560818482,1.110645631847472
18971,6,0.5339755270229343,1.6080414014954494,1.4798893230496708,1.64,0.0011658653846153845,0.0,1.1557804719994955,1.1577684348320467
19031,1,0.012912813328774697,1.1735153616350467,1.031602764122842,0.9606153846153844,0.001670673076923077,0.0,,0.9353773081515597
19031,2,0.019840131620483033,1.1953952304556879,1.1604877271973668,0.990461538461539,0.0015144230769230768,0.0,,1.0330785044038857
19031,3,0.020328431701400387,1.2552819392986851,1.1388027322772585,1.0815384615384616,0.0010216346153846154,0.0,,1.078672642578279
19031,4,-0.03319349054441501,1.2887218232704758,1.168203771349838,1.1372307692307693,0.0006971153846153846,0.0,,1.1260365446009335
19031,5,0.05579372043837216,1.2542584935209966,1.0748712338409814,1.0593846153846151,0.0005408653846153846,0.0,,1.1792233999891657
19031,6,-0.04649390618548428,1.2049121536395364,1.094178545422393,1.1064615384615382,0.0006610576923076923,0.0,,1.2186201458662533
19091,1,-0.08588650091124908,0.95048276650232,2.319021732684349,1.5289230769230768,0.06881009615384616,0.08615384615384615,-0.37459640857884474,0.9483688742152758
19091,2,-0.209385390217057,1.0415546433641203,3.0830867132346516,2.3898461538461535,0.06637019230769231,0.08615384615384615,-0.6006180148023993,1.0580645681405323
19091,3,-0.2918635437900715,1.165255316030864,3.9083323988770386,3.189230769230769,0.06091346153846154,0.1076923076923077,-0.931334065888759,1.1131554839316953
19091,4,-0.2683239406628732,1.2870354068327172,4.661854416261134,3.94,0.05957932692307692,0.12307692307692308,-1.1827284179842057,1.1669309354388169
19091,5,-0.3183043231658596,1.4030214067756153,5.464364290232496,4.677846153846153,0.057596153846153846,0.13846153846153847,-1.3961156110166932,1.203130841271963
19091,6,-0.4589770172703302,1.5040717757894344,6.27587661683195,5.677538461538461,0.05871394230769231,0.1476923076923077,-1.5349446261016504,1.2399902090987438
19151,1,0.1279966310634903,0.6875876169718669,1.1188430783452552,0.7879999999999999,0.016057692307692308,0.018461538461538463,-0.6086384578837395,0.5069700886794981
19151,2,0.23675301075940958,0.9501356479509854,1.5114766658511003,1.0412307692307692,0.012247596153846154,0.018461538461538463,-0.8867492056005664,0.6205297489042615
19151,3,0.24620971729730645,1.0417421161243465,1.77151310000966,1.1775384615384616,0.007848557692307693,0.018461538461538463,-1.2531127336214862,0.6922827326963924
19151,4,0.11802058239701642,0.9281111988851085,1.7488090527688327,1.147076923076923,0.004795673076923077,0.015384615384615385,-1.4453239866845908,0.7454586053084256
19151,5,0.17132905335783552,1.0249100863010179,2.063901885111344,1.3261538461538462,0.0031490384615384614,0.018461538461538463,-1.7831848529038214,0.7947828372480062
19151,6,0.20562044933506138,1.0549687397354677,2.1194724977314543,1.2796923076923077,0.002427884615384615,0.018461538461538463,-1.9384812889443008,0.8471142225476377
19211,1,-0.06823108314843525,0.5707677438823315,2.4491571665505028,1.1769230769230772,0.18676682692307692,0.23076923076923078,-0.2713178255849889,0.830135717553065
19211,2,-0.014869740503874098,0.7828445765666886,3.4478348642740553,1.882769230769231,0.18068509615384615,0.24,-0.3404451117346303,0.9367114402417729
19211,3,-0.07605013078322365,0.968526851413403,4.264792697999849,2.305538461538461,0.17080528846153847,0.24923076923076923,-0.48360545253916026,1.0063075195114712
19211,4,-0.2002126197221321,0.9340862820746312,4.923330317284743,2.7046153846153844,0.16919471153846155,0.26461538461538464,-0.5937446131409035,1.0488186618789241
19211,5,-0.23093523775333294,1.0563642304532397,5.512691442843246,3.236,0.16170673076923076,0.2676923076923077,-0.7252484745643989,1.0912138171553405
19211,6,-0.438464873963897,1.2037012749525877,6.5509821199053615,4.126461538461539,0.15955528846153846,0.27384615384615385,-0.8131542497556474,1.152473659156746
19271,1,-0.010035609568298359,0.9701131443246096,0.8100722211440844,0.700615384615384,0.0032572115384615383,0.003076923076923077,-0.9520913121641746,0.8645665685368833
19271,2,-0.012785975585735476,1.1780015592532684,0.9727219246203783,0.8836923076923068,0.0023798076923076924,0.003076923076923077,-1.7386980992165955,0.9550008478462547
19271,3,-0.14407226678267818,1.1761850282943975,0.9326046692131772,0.9667692307692304,0.0010456730769230769,0.003076923076923077,-2.360423430356772,1.027846243867081
19271,4,-0.07557329821891176,1.2760736913441033,1.0672777756142844,0.9929230769230764,0.000625,0.003076923076923077,-2.760245082991531,1.072979406941745
19271,5,-0.15360062924509243,1.368130102475039,1.1294819085054577,1.1393846153846152,0.0003485576923076923,0.003076923076923077,-3.166814792119487,1.1122712469797837
19271,6,0.06203622389814681,1.3653098116962792,1.1211155629718756,1.0532307692307694,0.0002764423076923077,0.003076923076923077,-3.617807083530297,1.1684319443509699
19331,1,0.1848841263478363,1.1415837246371605,1.1287695848298032,0.8590769230769228,0.0023798076923076924,0.0,,0.9420242566321269
19331,2,0.11376328683273908,1.1701959605628791,1.2711659932609398,1.0741538461538458,0.0025721153846153845,0.0,,1.0440766012939944
19331,3,0.3126794157695559,1.316542175999927,1.3710167998510672,1.033230769230769,0.0019230769230769232,0.0,,1.085135900068496
19331,4,0.2842790287868119,1.1977375207978198,1.3536420805647957,0.9467692307692313,0.0016105769230769231,0.0,,1.1335081929024178
19331,5,0.349753296691252,1.3041104374920307,1.4697764645540166,1.0566153846153845,0.001346153846153846,0.0,,1.1873473549411455
19331,6,0.3481760963472778,1.3462756090839467,1.697625333033458,1.204923076923077,0.001358173076923077,0.0,,1.2245441986866403
19391,1,-0.050710694292148535,0.6091906119606318,3.198354991127333,1.6926153846153846,0.20646634615384615,0.24307692307692308,-0.2936401214764251,0.9680338080339354
19391,2,-0.13077503657998923,0.8468398858446711,4.164656703492296,2.3892307692307693,0.18772836538461538,0.23692307692307693,-0.42720150146070973,1.067919522635779
19391,3,-0.23512030116539645,0.9153503900428199,4.687137255006002,2.8763076923076927,0.1702283653846154,0.23076923076923078,-0.582935747948259,1.1211939578070815
19391,4,-0.3226436730927862,1.035945325266172,5.5763750693284795,3.3316923076923084,0.1558533653846154,0.2276923076923077,-0.7430828951414913,1.1721235932293803
19391,5,-0.4066832845591247,1.1076421800693028,6.222704646016888,4.102153846153846,0.1440985576923077,0.22153846153846155,-0.7659338987910376,1.2218908618189865
19391,6,-0.4289072981498664,1.2260947372938218,6.6542775698851635,4.970461538461538,0.1385216346153846,0.2153846153846154,-0.7307147737072404,1.2625509110894375
19463,1,-0.04974345755407617,0.7953548947371931,1.1997228694068172,1.0304615384615388,0.0013942307692307691,0.0,,0.5023552364533609
19463,2,-0.04819358918250027,0.8511808623060741,1.4878751188310393,1.391692307692308,0.0023197115384615383,0.006153846153846154,,0.6229919742440568
19463,3,-0.02098702257964975,0.8881878223960079,1.7567201520109177,1.6790769230769231,0.002980769230769231,0.009230769230769232,,0.7005155693656842
19463,4,0.04219462358573943,0.9680083833463388,2.166688926793219,2.113538461538462,0.004206730769230769,0.009230769230769232,,0.747280032447097
19463,5,0.031295756065845906,0.9795611800901262,2.5687466256589686,2.5855384615384622,0.005396634615384616,0.018461538461538463,,0.7991295576822641
19463,6,-0.038057283007800195,0.9969228098765962,2.9319806374833592,3.003076923076923,0.006153846153846154,0.027692307692307693,,0.8479071054609398
19523,1,0.04769370040148745,0.7053270977270301,2.883529214882423,1.7846153846153847,0.1515625,0.18153846153846154,-0.3282942586063652,0.8406663362731915
19523,2,0.10786007576244389,0.8171314976215628,3.896640480830358,2.8775384615384616,0.13777644230769232,0.16307692307692306,-0.37667402958223917,0.9559388113839112
19523,3,0.03073890763618831,0.8171567408611636,4.561282472065205,3.672,0.12483173076923076,0.15384615384615385,-0.4323756807812719,1.027388423133417
19523,4,0.16694081600575167,1.0390369901632541,5.007263137247692,4.216615384615384,0.11431490384615385,0.1476923076923077,-0.47025660808914516,1.0829952699041974
19523,5,0.09598037537844853,0.9825727571985373,5.399386890084819,4.623076923076923,0.10560096153846153,0.13230769230769232,-0.5323068268519138,1.134965221377282
19523,6,0.23600938004633826,1.2352584840040657,5.6814380783612926,5.387076923076923,0.09367788461538462,0.12307692307692308,-0.5140590485009978,1.1825008475562884
19583,1,0.26711666277182905,1.3398602848049352,0.7966040700658631,0.9043076923076926,0.0006370192307692307,0.0,,0.828230448279351
19583,2,0.14176501520086626,1.1799990118247556,0.8268202934482896,0.7812307692307695,0.0008653846153846154,0.0,,0.932200878152361
19583,3,-0.03017333741892863,1.30408784379337,0.9671542957077806,0.8913846153846159,0.0006129807692307692,0.0,,0.9933988154919526
19583,4,0.21808037390866608,1.288152557329386,0.9185529642447049,0.8741538461538462,0.0005889423076923077,0.0,,1.0383958448588402
19583,5,-0.023863596142896924,1.3187198367307869,0.9221633464679375,0.9498461538461543,0.00046875,0.0,,1.0829798547990988
19583,6,0.073082566719468,1.3306343946411663,1.0131261688009205,0.9630769230769234,0.00044471153846153846,0.0,,1.134034967873019
19643,1,0.2979275811794662,1.1089232978931154,1.6098159964882017,1.1252307692307693,0.0010576923076923077,0.0,,0.9342420548899729
19643,2,0.39789019911795304,1.2430117375248233,1.845936930492987,1.2966153846153845,0.0014423076923076924,0.0,,1.0334170524739108
19643,3,0.7039979943336525,1.4403270526007705,2.0468312951000924,1.3923076923076927,0.0011298076923076923,0.0,,1.099607211067543
19643,4,0.758919898484584,1.5127191895418668,2.045923745155637,1.4353846153846157,0.0008413461538461539,0.0,,1.1516797036874724
19643,5,0.8590583313209982,1.5675893393528015,1.9660688775184532,1.2803076923076928,0.0004927884615384615,0.0,,1.1874469760741733
19643,6,1.1040505063012223,1.7206920536443742,2.133727071158041,1.2753846153846153,0.0005528846153846154,0.0,,1.220052079041012
19703,1,0.05473541187695632,0.7849818188209003,1.2451229020663144,1.005846153846154,0.016346153846153847,0.015384615384615385,-0.17350215514230205,0.5123287607406783
19703,2,0.020382479445875356,0.8925430931448997,1.5116025340405992,1.5599999999999998,0.013473557692307693,0.009230769230769232,-0.004640901324445284,0.6310364572573636
19703,3,0.10894975450145652,0.9681082752300254,1.939257613978494,1.944,0.011766826923076923,0.006153846153846154,0.24044053174457228,0.7081119433364355
19703,4,0.14880573669595343,0.9687278737527832,2.0981588742998603,2.1852307692307695,0.010132211538461538,0.006153846153846154,0.47398917120305095,0.7533673110008832
19703,5,0.24258758664281926,1.0946692032406973,2.330199910523438,2.5079999999999996,0.008617788461538461,0.006153846153846154,0.6367956922220681,0.8017424786610554
19703,6,0.3241170023781462,1.2231807369708068,2.4387471736124677,2.6990769230769227,0.0074158653846153845,0.003076923076923077,0.723422452665541,0.8488829357031703
19763,1,-0.132778310428827,0.7618623179522901,2.518414073497451,1.8193846153846156,0.08586538461538462,0.12615384615384614,-0.33181169960291323,0.504761051141312
19763,2,-0.13330613493727866,0.8675600187467831,3.305139592341528,2.704307692307692,0.07888221153846153,0.13230769230769232,-0.45462633816434095,0.6220389673363457
19763,3,-0.07911180598941549,1.0802965218069869,4.127478309286179,3.6209230769230762,0.07292067307692307,0.13230769230769232,-0.5063257814138201,0.7009030491830992
19763,4,-0.15061964454515991,1.1066551931462794,4.448249775795111,3.991692307692308,0.07064903846153846,0.1476923076923077,-0.5214636766548737,0.751484799804602
19763,5,-0.05867603026527143,1.1187190670230307,4.8096239369769025,4.475692307692308,0.07022836538461538,0.15076923076923077,-0.5697939872433264,0.8012247525256878
19763,6,-0.12963607803972743,1.1857679200642102,5.3494719709571,4.936615384615385,0.06852163461538462,0.15384615384615385,-0.6094037710533474,0.8520353673725473
19823,1,0.12878653585858987,0.9506475395102638,1.5608448323686148,1.0864615384615386,0.020360576923076922,0.021538461538461538,-0.7055485779345511,0.8275252093240814
19823,2,0.36119977788209545,1.2292446261692014,2.0618685575159796,1.6095384615384614,0.018641826923076924,0.021538461538461538,-0.8376312688210863,0.92966018801932
19823,3,0.5036482746234563,1.4667010159429394,2.219819331005091,2.1175384615384614,0.014663461538461538,0.015384615384615385,-0.5065859111296992,0.9961871612914635
19823,4,0.7510827766244541,1.6594628231923385,2.4136409409715247,2.639076923076923,0.012403846153846154,0.0,0.269429348540529,1.0361915764846348
19823,5,0.7944325683942889,1.6887177762103547,2.6619268225913255,2.9489230769230774,0.010540865384615385,0.0,0.9467057249590196,1.0775242360826929
19823,6,0.8457804082324789,1.7054878203801151,2.6323154059624048,3.066153846153846,0.008533653846153845,0.0,1.414030005072147,1.1312621437651584
19883,1,-0.022442863022818338,1.0669386736010587,0.7743648119492694,0.7292307692307696,0.0012379807692307692,0.0,,0.9752012649074708
19883,2,-0.1616696601876203,1.096864456611521,0.7962090496094995,0.7436923076923075,0.001622596153846154,0.0,,1.0657803162399988
19883,3,-0.09213990181739858,1.1688948942510884,0.7976484462789386,0.7203076923076924,0.001358173076923077,0.0,,1.096498203342403
19883,4,-0.1273330293175089,1.194219390768812,0.8536686458312612,0.7956923076923078,0.0008533653846153846,0.0,,1.1275081508369524
19883,5,-0.21149746539856484,1.223922442264002,0.8424629812087236,0.7563076923076921,0.0006490384615384615,0.0,,1.1557662784757572
19883,6,-0.34087549102231823,1.3092492826743114,0.905244190132613,0.872307692307692,0.00046875,0.0,,1.1883911498660558
19943,1,-0.13737592760537368,1.077112105203055,0.7702760478199521,0.7073846153846156,0.0015264423076923076,0.0,,0.9588484117286336
19943,2,-0.05074104425543887,1.3621487050703804,1.023224438641217,1.0433846153846158,0.0021514423076923078,0.0,,1.0426403205479706
19943,3,0.14208433668116138,1.4076179678144962,1.0294746475594734,1.0993846153846156,0.0015504807692307693,0.0,,1.070937854944369
19943,4,0.07471999748835718,1.4212840740365404,1.1154931639683852,1.138461538461539,0.00125,0.0,,1.1147294737125322
19943,5,0.23563192551244538,1.353186190844116,1.1541104050878346,1.0963076923076924,0.0009375,0.0,,1.1485318847197035
19943,6,0.30225059359146494,1.430419508051929,1.1821464952544578,1.1295384615384618,0.0007451923076923077,0.0,,1.1882858704764305
20003,1,-0.0044965378210898,0.7684160561043423,0.7648045080297278,0.6350769230769232,0.0021634615384615386,0.0,,0.6998140785331977
20003,2,0.012437968191681775,0.9607081353903261,1.0819841096232836,0.8941538461538464,0.005973557692307692,0.0,,0.8874669722442674
20003,3,-0.08075428400387791,1.0421361293808347,1.2301358624882666,1.0956923076923075,0.005528846153846154,0.0,,0.9658500989167671
20003,4,-0.1805311767302561,1.065636014043861,1.460428764736196,1.2627692307692313,0.0053125,0.0,,1.0359259889357342
20003,5,-0.2260608753172931,0.9750896455348861,1.2832371549488346,1.1378461538461544,0.004735576923076923,0.0,,1.0481266603892827
20003,6,-0.15820056672157293,1.0632987661120357,1.3426398988781125,1.1689230769230776,0.004266826923076923,0.0,,1.078883001062683
20063,1,0.051536597693034356,0.76668050658577,1.7396186043926012,0.9858461538461541,0.015769230769230768,0.027692307692307693,-0.5700398566764863,0.7031675289156963
20063,2,0.12027488459157439,0.9392461418597354,2.414537950160684,1.3378461538461535,0.022740384615384614,0.03076923076923077,-0.8400954195452982,0.8886170432579268
20063,3,0.05841485303503964,1.0084497366832796,2.7594254509435436,1.621846153846154,0.022403846153846153,0.033846153846153845,-0.9354816857920195,0.9739437948855753
20063,4,0.0055827519160495,1.067548358875504,3.137113318316048,2.0036923076923077,0.02188701923076923,0.036923076923076927,-0.769806202876985,1.0496308220511583
20063,5,-0.020189094490989934,1.145564065486354,3.4498156421620276,2.3587692307692305,0.01998798076923077,0.036923076923076927,-0.7636990920493698,1.0542657553873742
20063,6,0.03394909739233349,1.3277295398665858,3.924922049677996,2.790461538461538,0.019471153846153846,0.046153846153846156,-0.8455277022066173,1.095899491794251
20123,1,0.16184873761560614,1.0170947773592498,0.9673596966710829,0.915076923076923,0.0027524038461538463,0.0,,0.9309712291982548
20123,2,0.3218041379538479,1.2808809636187657,1.2487971676379352,1.2036923076923083,0.002439903846153846,0.0,,1.0318386842039942
20123,3,0.24943701597565524,1.4277744643340784,1.4116112134554513,1.4643076923076923,0.0021634615384615386,0.0,,1.1087329864953153
20123,4,0.043474015184938306,1.4035878052179092,1.321811443752168,1.4381538461538466,0.0015985576923076923,0.0,,1.1725557791850185
20123,5,-0.08502764560503658,1.3355632575797907,1.1996294452150023,1.3590769230769228,0.0014182692307692308,0.0,,1.1908188227834153
20123,6,-0.024089075447170625,1.3829105306283378,1.248403711588933,1.3716923076923073,0.0008894230769230769,0.0,,1.2044108796695563
20476,1,0.10589644105454546,1.146393871641842,1.1052187211115811,0.910769230769231,0.0020552884615384617,0.0,,0.9402544984900298
20476,2,0.2099609630813117,1.23783897803464,1.300082997657893,0.998153846153846,0.0024639423076923076,0.0,,1.050504227962381
20476,3,0.20624623470900755,1.2657495748019287,1.3230677396656012,1.056615384615385,0.001971153846153846,0.0,,1.1015868146353254
20476,4,0.30188050298781943,1.349038658375901,1.4363311714185685,1.1766153846153846,0.0017427884615384616,0.0,,1.154390705506024
20476,5,0.4195795637467403,1.4976572603057088,1.5636534848981083,1.2252307692307691,0.0012379807692307692,0.0,,1.1959440458537003
20476,6,0.44394874484270547,1.3777222834126843,1.6532815786404234,1.2424615384615385,0.0011778846153846154,0.0,,1.2328790915627934
20536,1,-0.14567138332901625,0.5560403925140986,2.0501170519590866,1.2812307692307692,0.10346153846153847,0.13230769230769232,-0.24003239691456502,0.4996903450241594
20536,2,-0.17036962948624715,0.7097957942391399,2.988081404865703,2.004923076923077,0.08641826923076923,0.12307692307692308,-0.350144678428478,0.6147567197516925
20536,3,-0.21772524496206994,0.7698584490384778,3.8083290905470326,2.677230769230769,0.07143028846153845,0.12923076923076923,-0.49831370785684964,0.6827367321904529
20536,4,-0.21666547688903035,0.9080807674024094,4.386053022302198,3.350769230769231,0.05695913461538461,0.11692307692307692,-0.5759550867850939,0.732844597500455
20536,5,-0.13031630619702972,1.1199362721427437,5.006434948619025,3.8313846153846147,0.04728365384615384,0.12615384615384614,-0.6642589064573589,0.7876686283393748
20536,6,-0.07712895757093854,1.270775861188593,5.49853191448995,4.227692307692307,0.04043269230769231,0.12615384615384614,-0.7175910834127849,0.8319300996585508
20596,1,-0.027661916667869487,0.6672113830273221,0.8423151348991157,0.7526153846153845,0.0012740384615384614,0.0,,0.5106176516980161
20596,2,0.04179619972126567,0.6985624806084202,1.1552514671782659,0.9716923076923075,0.0016586538461538462,0.0,,0.6239632212144823
20596,3,0.15044592485336605,0.8487701210633405,1.4809569047153979,1.1735384615384614,0.001622596153846154,0.0,,0.7031595342189559
20596,4,0.25502847481066615,0.9559992527684604,1.6790147077903104,1.1529230769230767,0.0016947115384615384,0.0,,0.7462469457639196
20596,5,0.30950977009164454,0.9740926554277687,1.7916010542005387,1.062769230769231,0.001983173076923077,0.0,,0.7980849863998974
20596,6,0.29974445867451205,0.9991312475238838,2.047663229606566,1.136,0.002307692307692308,0.0,,0.840968560492818
20656,1,-0.007024377223223122,0.6356504439606299,2.1993114669443004,1.507692307692308,0.08774038461538461,0.09846153846153846,-0.17428075357179185,0.8098557409311465
20656,2,0.13475317449012153,0.7882437942619336,2.8236351414274945,2.3344615384615386,0.08102163461538461,0.08,-0.12789174808140213,0.9241624746825932
20656,3,0.21307285478934335,1.0241267145925617,3.4082334024535075,3.039692307692308,0.07328125,0.06769230769230769,-0.08594240954470289,0.9967236346469796
20656,4,0.42719007779537904,1.1899552106843434,4.052621464231471,3.992615384615385,0.07043269230769231,0.05846153846153846,0.14800708260005133,1.0509934298126358
20656,5,0.670120006155403,1.4521741028597843,4.951716986649899,5.032923076923078,0.06662259615384615,0.043076923076923075,0.44945839934040965,1.0958412463624962
20656,6,0.8631717344229796,1.7345938623267505,5.527533410470695,5.839076923076924,0.06106971153846154,0.046153846153846156,0.7106333047182647,1.1515825912917983
20716,1,-0.3690999512494404,1.265952291067904,0.8110762441347136,0.7507692307692306,0.0004807692307692308,0.0,,0.8443947332075915
20716,2,-0.2518966916995005,1.1720093821174302,0.7674525937518059,0.7713846153846159,0.0008173076923076923,0.0,,0.9242263837963899
20716,3,0.1094315500723677,1.1162156720701084,0.8686924501343946,0.7507692307692306,0.0004807692307692308,0.0,,0.9808865552105945
20716,4,0.23584328844691618,1.2365104312738766,0.9888451993928098,0.8883076923076925,0.0002644230769230769,0.0,,1.0241737773465012
20716,5,0.10395065702629136,1.2306646998869801,0.9496456234560985,0.8443076923076925,0.00030048076923076925,0.0,,1.0610430235301445
20716,6,0.018025708029586012,1.2710106118159992,0.8655759774789532,0.848307692307693,0.0002283653846153846,0.0,,1.111913020430582
20776,1,0.4339638744471659,1.2448507605897223,1.1678526355013448,0.932307692307692,0.002139423076923077,0.0,,0.9535471016010874
20776,2,0.7231021207231358,1.4078821504265442,1.5062146369263967,1.092307692307692,0.0022115384615384614,0.0,,1.055636919102027
20776,3,0.9456688844550035,1.669170170048829,1.7392058027225799,1.2319999999999998,0.001766826923076923,0.0,,1.105821840873286
20776,4,0.9675932164581912,1.7348005771984398,1.86869779441771,1.396,0.00171875,0.0,,1.1600754963521813
20776,5,1.2587464001598658,1.9034470790140097,2.09986172747717,1.4510769230769232,0.001201923076923077,0.0,,1.2055378982746194
20776,6,1.3280846065633016,1.9993330541118701,2.189989326347421,1.5633846153846154,0.00125,0.0,,1.2435010472517376
20836,1,-0.09727055658048327,0.7140659714690687,2.3960821116385023,1.789538461538462,0.11018028846153846,0.12615384615384614,-0.28958420377286315,0.5030814285552457
20836,2,-0.16928821206561698,0.7405775235383694,3.0945002185156576,2.5033846153846153,0.09125,0.12307692307692308,-0.37351870888652255,0.6163974485064052
20836,3,-0.18162508535947958,0.9213219137962321,3.986462156055411,3.183384615384615,0.07569711538461539,0.11692307692307692,-0.4825615136615006,0.6892446614778658
20836,4,-0.0675846199187928,1.1177596737110573,4.370740870127228,4.035692307692308,0.06288461538461539,0.08923076923076922,-0.4521385478686949,0.7351492334079013
20836,5,0.03231271348691318,1.2183698760479387,4.686999067417569,4.569230769230769,0.053064903846153845,0.08307692307692308,-0.4547884960504971,0.785439049213413
20836,6,0.009025521865090596,1.2377331043360325,4.924161688587063,5.0510769230769235,0.044723557692307694,0.07384615384615385,-0.4270873470390942,0.8265358078038372
20896,1,0.05307314173214291,0.6055484868905104,1.245014115041142,0.9033846153846157,0.012608173076923078,0.018461538461538463,-0.33267423445141714,0.5060715471962972
20896,2,0.02749141779402375,0.8410109608071026,1.9304392377778774,1.5790769230769233,0.012956730769230769,0.018461538461538463,-0.4260483930521398,0.6222326015564903
20896,3,0.03160111152184039,0.9817618051442327,2.6551131583611727,2.283076923076923,0.012908653846153846,0.03076923076923077,-0.607114420877015,0.6916960396668235
20896,4,0.008469914091284024,0.9874375427897613,3.1074727978409515,2.862461538461538,0.013052884615384616,0.043076923076923075,-0.6886323947542633,0.7384214080572091
20896,5,-0.06172419300056164,1.1018429476576492,3.6878033120160105,3.848615384615385,0.01328125,0.04923076923076923,-0.8760180704820943,0.7842884819437491
20896,6,-0.09999050185880409,1.207515661718217,4.619471745760122,4.947076923076923,0.013846153846153847,0.055384615384615386,-0.9574991868999577,0.8296746613113399
20956,1,0.0470475951061723,0.921276646913245,1.6281049547767452,1.214461538461538,0.01957932692307692,0.015384615384615385,-0.50236882753604,0.84448875995571
20956,2,0.15696968920407717,1.167504236186431,2.1331762451868994,1.770153846153846,0.019807692307692307,0.015384615384615385,-0.581278289062072,0.9525441165414493
20956,3,0.28404774209471223,1.342624063014489,2.682327419497105,2.2926153846153845,0.01769230769230769,0.018461538461538463,-0.7837583659891839,1.0121362173786483
20956,4,0.3526535661968426,1.4643102360333051,2.7357814566292977,2.305230769230769,0.015973557692307693,0.015384615384615385,-0.9244688938405587,1.051023426192666
20956,5,0.1867707030987964,1.4416620073785045,2.7407502012231717,2.4310769230769234,0.013305288461538462,0.015384615384615385,-1.0995190886620683,1.093499219496004
20956,6,0.14792583894216604,1.394226274687516,2.7806527204058242,2.408,0.01155048076923077,0.018461538461538463,-1.2373833553644924,1.1411713714912863
21028,1,0.01729754355287873,1.1486032812954297,0.8798525874824649,0.8646153846153846,0.0012620192307692308,0.0,,0.9510261134877656
21028,2,-0.15496089565904372,1.135103135542183,0.9729346666196996,0.8670769230769233,0.0011418269230769231,0.0,,1.0557924541992514
21028,3,-0.12463086089323075,1.2063145851525785,0.9769604218868475,0.8947692307692307,0.0010817307692307693,0.0,,1.122362769101074
21028,4,-0.22478460239778875,1.065568068395864,0.8237127547198735,0.8427692307692308,0.0007451923076923077,0.0,,1.1694469307840452
21028,5,-0.10187373160121665,1.1573652591617114,0.8744745868637277,0.8384615384615383,0.0005649038461538462,0.0,,1.2029336263412531
21028,6,-0.0037431307391475764,1.2324998898466646,1.0209767331078434,0.9286153846153852,0.000673076923076923,0.0,,1.2438536104883073
21088,1,-0.20227949350162555,0.7615628533391101,1.929947880671458,1.3193846153846152,0.019963942307692308,0.015384615384615385,-0.4306642085502532,0.9349823424559163
21088,2,-0.2542757589927695,0.9201461002790994,2.4400525145441185,2.1064615384615384,0.021658653846153845,0.018461538461538463,-0.758403934011926,1.038119907697239
21088,3,-0.292709280241584,0.9948684535087025,2.9417961042210536,2.7184615384615385,0.020372596153846154,0.024615384615384615,-1.0560742717243454,1.0887153004746362
21088,4,-0.4088207533024659,1.0241297880725857,3.251330742015445,3.267692307692308,0.019651442307692307,0.033846153846153845,-1.3430531417686813,1.1423831017335841
21088,5,-0.43220388766901036,1.1301457004512612,3.6843926687753155,3.9323076923076923,0.019435096153846153,0.043076923076923075,-1.5244426572484333,1.1956648366550195
21088,6,-0.45032651209913444,1.2095371137488298,4.031252745650572,4.388307692307691,0.020877403846153848,0.052307692307692305,-1.5264312324481366,1.2360192964999637
21148,1,0.03707414946640457,0.5890488817333035,0.7931854915381774,0.7246153846153848,0.0011177884615384615,0.0,,0.5198058165561715
21148,2,-0.023369708612253223,0.6495402270087516,0.955458518607399,0.8393846153846153,0.0016586538461538462,0.0,,0.6274642893317941
21148,3,0.09533837115099168,0.7974552577761559,1.262448096449992,0.9692307692307696,0.0015264423076923076,0.0,,0.7044011332653978
21148,4,0.23589469433139934,0.9833199064172888,1.517356220002335,1.2341538461538466,0.0011057692307692307,0.0,,0.753173502952848
21148,5,0.25203046340696383,0.9795019005178456,1.5201026233668966,1.149846153846154,0.0014663461538461538,0.0,,0.8047347541497083
21148,6,0.2679932381639878,1.0288772643502606,1.7513547036564943,1.3455384615384611,0.001875,0.0,,0.8525883457901389
21208,1,-0.11604529277942664,0.5814658109578866,1.9839183843889452,1.2292307692307693,0.11983173076923077,0.13846153846153847,-0.2074879268406396,0.8604303225690004
21208,2,-0.0045610782450589285,0.786733005237331,2.542907638467303,1.8476923076923077,0.121875,0.14461538461538462,-0.2169160736606549,0.9482771646983159
21208,3,0.09476009705888555,0.9246732808709786,3.08389311291944,2.2316923076923074,0.12384615384615384,0.15076923076923077,-0.3070661759187269,1.0149783719464098
21208,4,0.0690591709850594,1.0040923857201942,3.476433426220319,2.6104615384615384,0.12620192307692307,0.16923076923076924,-0.3671035698127873,1.0625526011316972
21208,5,0.05290611406633115,1.1576403081448094,4.02773958254715,3.135076923076923,0.1262860576923077,0.18153846153846154,-0.44020374157748,1.1025266472397508
21208,6,-0.002167065717949403,1.1215728134715157,4.473294968453648,3.5246153846153847,0.12616586538461538,0.1753846153846154,-0.5342242960716101,1.1398090249182793
21268,1,0.30272384430608285,1.1253112646369632,0.9589788668677293,0.7821538461538464,0.006766826923076923,0.006153846153846154,-0.21683349414298386,0.8484696987988314
21268,2,0.3916412379038174,1.3782133217542294,1.3195719456577535,1.1701538461538463,0.005432692307692308,0.006153846153846154,0.4895378967507299,0.945979693949831
21268,3,0.7193917257772887,1.6334873682218816,1.558004513323777,1.5169230769230777,0.00391826923076923,0.0,1.1768148518383417,1.0140474788838245
21268,4,0.8834087762964978,1.7038827337622906,1.7413854794024057,1.643076923076923,0.002692307692307692,0.0,1.713680540598511,1.0591406602385876
21268,5,0.9205576639918007,1.6852691693287662,1.7923034823343407,1.7643076923076926,0.0017788461538461539,0.003076923076923077,2.128596491643082,1.0959213186917196
21268,6,1.0654919027140681,1.7873637750180775,1.7661152298035967,1.7489230769230772,0.0010817307692307693,0.0,3.61258261459962,1.1397871446121002
21328,1,0.2055423712499392,1.1826680359116364,1.0832353402218733,0.9098461538461533,0.0007692307692307692,0.0,,0.9513766219453954
21328,2,0.08144762338706253,1.286434966060875,1.189565767510233,0.9283076923076925,0.0008894230769230769,0.0,,1.042939427810721
21328,3,0.01064513098749044,1.2098260703379857,1.0566930619346733,0.9735384615384618,0.000625,0.0,,1.1023270421632925
21328,4,0.1879371906539164,1.2592384881560448,1.1743891235412425,1.002461538461538,0.0004807692307692308,0.0,,1.1449191941986516
21328,5,0.16644685905741416,1.2238154113578674,1.1601230544933734,0.9821538461538459,0.00037259615384615386,0.0,,1.1857130935120581
21328,6,0.19987366845015223,1.2075302138523971,1.1530440854247666,0.9187692307692303,0.0004927884615384615,0.0,,1.221620602014813
21388,1,0.029513351868717515,0.7227644227745531,2.8418576003636273,1.3015384615384618,0.10782451923076923,0.12,-0.368303838271867,0.9453484826655615
21388,2,-0.03551820899893344,0.8725722637423826,3.756088008488452,2.299076923076924,0.10615384615384615,0.12923076923076923,-0.5358000404910332,1.0413259411870797
21388,3,-0.13160343765176655,1.0763688856393563,4.664429482648249,3.3126153846153845,0.09819711538461538,0.14153846153846153,-0.698203999627582,1.0920923332648622
21388,4,-0.23997033801099746,1.1072099535039723,5.507185254707025,4.131384615384616,0.09420673076923076,0.15692307692307692,-0.8406196872149418,1.1347442747515444
21388,5,-0.2308198279288073,1.245711873175688,6.089519607166594,4.977538461538461,0.09091346153846154,0.16923076923076924,-0.8860831317471599,1.179649437712341
21388,6,-0.28570869050846137,1.3654569746199787,6.7389074177547865,5.812615384615384,0.09043269230769231,0.1753846153846154,-0.8855310838941874,1.2122642503460832
21448,1,0.11707684912914518,0.675310833556697,0.8213208711868356,0.6753846153846156,0.001454326923076923,0.0,,0.49954417470815016
21448,2,0.19553440292675914,0.821764876413412,1.0923780650461432,0.8886153846153847,0.0017067307692307692,0.0,,0.6097311387039581
21448,3,0.28834540058765246,0.9965060197623153,1.3380628415461437,1.1070769230769235,0.0019110576923076924,0.0,,0.6851044666375135
21448,4,0.2626231420009993,0.982752527689537,1.4907316220706364,1.2535384615384617,0.0015144230769230768,0.0,,0.7416520229872067
21448,5,0.3843885470022606,1.108245172007493,1.72026735814864,1.373846153846154,0.0015865384615384615,0.0,,0.7903806288356012
21448,6,0.40817718455453517,1.199698429007405,1.984206739019059,1.5101538461538462,0.0016346153846153845,0.0,,0.838621132220679
21508,1,-0.21952452909202058,0.6747579861014229,2.9668956152837396,1.7590769230769232,0.17584134615384617,0.2153846153846154,-0.2820678386577875,0.8382311731254397
21508,2,-0.15924590719034276,0.8901451931902,4.217065152381761,2.817230769230769,0.17421875,0.2276923076923077,-0.35918923985450224,0.9333885499266488
21508,3,-0.13154113050472896,1.0208645294806733,5.003614454149636,3.3461538461538463,0.16611778846153846,0.23076923076923078,-0.46879783006662235,0.9920188012284619
21508,4,-0.11565153508690824,1.089842067269544,5.391060721090705,3.648923076923077,0.16399038461538462,0.24307692307692308,-0.5281746085020701,1.0370322526967097
21508,5,-0.09236831704028267,1.0918465439659661,5.556389277503289,3.4803076923076928,0.15735576923076924,0.2523076923076923,-0.608291057865435,1.0862137981600362
21508,6,-0.07617603395936816,1.188528412932188,5.953995558814323,3.6858461538461533,0.15314903846153846,0.24307692307692308,-0.7111389871590583,1.1365634706219987
21568,1,0.09247602567279811,1.0599696058979426,0.930424200842797,0.7923076923076922,0.00078125,0.0,,0.8400155891101889
21568,2,-0.09768570648748144,1.1391608311712036,0.9612333415371768,0.980923076923077,0.0007932692307692307,0.0,,0.9411510216539923
21568,3,0.18384203578098807,1.2416825048514852,1.113779065382933,1.0344615384615383,0.0008052884615384616,0.0,,1.0088327766689325
21568,4,0.1245867704331555,1.2375422365224444,1.0998776830648591,1.1286153846153837,0.0005168269230769231,0.0,,1.057395274957297
21568,5,0.2977775785096886,1.3379654763496047,1.1765802997961834,1.1347692307692305,0.00025240384615384616,0.0,,1.1022883413049784
21568,6,0.38489434510963977,1.4496565111766582,1.2191414937039655,1.262153846153846,0.0002403846153846154,0.0,,1.1515164216681608
21628,1,0.11709303280910231,1.1966512640700546,1.0800670374661236,0.9547692307692305,0.001670673076923077,0.0,,0.962589184290887
21628,2,0.5205393151087675,1.417447719161632,1.3672424572247945,1.0636923076923075,0.00203125,0.0,,1.0620051153971672
21628,3,0.4282201176030673,1.353238152196152,1.3083036863360202,0.969846153846154,0.0013942307692307691,0.0,,1.1119663154155313
21628,4,0.40007666074199155,1.356428588747386,1.2932807915391635,0.9618461538461542,0.0014182692307692308,0.0,,1.1612011248665126
21628,5,0.4610370010423481,1.453515216282374,1.387934044375996,1.0707692307692307,0.001153846153846154,0.0,,1.2094643445189066
21628,6,0.4373008746318772,1.4281568701787408,1.4936826811178268,1.091384615384615,0.0010697115384615385,0.0,,1.2434698290437705
21688,1,0.0029439112473767758,0.7014327156826107,1.8992892954347014,1.366153846153846,0.046814903846153846,0.055384615384615386,-0.29002364663874175,0.5096204347270082
21688,2,-0.10183773603920208,0.8303007817635368,2.848070026163331,2.289538461538461,0.04056490384615385,0.04923076923076923,-0.3447227313271216,0.6305690685827513
21688,3,-0.20963556589637103,0.9027247096444716,3.6800740532345992,2.9695384615384603,0.03383413461538461,0.05846153846153846,-0.41379547275657574,0.7039092022315276
21688,4,-0.30641102682873644,0.9401978057470152,4.069704973813273,3.3547692307692305,0.03078125,0.06769230769230769,-0.5350822204196556,0.7464298879383287
21688,5,-0.268261350663476,1.0077655962461591,4.514829174999938,3.6110769230769244,0.02752403846153846,0.07076923076923076,-0.6455152127807899,0.8002788778396605
21688,6,-0.23310713554434878,1.0876097583448838,4.8191561874002025,3.888307692307693,0.02546875,0.055384615384615386,-0.7480879579329729,0.8527105591356264
21748,1,-0.019850214303851487,0.6393560682337124,1.0462599384497648,0.7904615384615389,0.007091346153846154,0.012307692307692308,-0.32014003871404934,0.5051383780566179
21748,2,-0.0225904478318026,0.7783217571730998,1.2752488510502498,1.066769230769231,0.0067067307692307695,0.012307692307692308,-0.40390766215986007,0.6254288605973174
21748,3,-0.05092501885202989,0.9007594294819188,1.6562128328170849,1.4446153846153846,0.006790865384615385,0.015384615384615385,-0.4525944597794727,0.6992779684961827
21748,4,0.028251558236135073,0.8921811302751734,1.9565813504752014,1.5769230769230769,0.0070432692307692306,0.018461538461538463,-0.5319744187574532,0.748644926150378
21748,5,0.1113050663731506,0.9675726821200082,2.0425976741599006,1.624,0.007283653846153846,0.021538461538461538,-0.500331838510876,0.8043737809008015
21748,6,0.11456961803217927,1.005429021174967,2.223364686132312,1.939692307692308,0.007391826923076923,0.024615384615384615,-0.6599618707049316,0.8572113325341899
21808,1,-0.08646812259065009,0.7647047998592593,2.3633187136161333,1.474769230769231,0.11501201923076923,0.12,-0.1939159095223726,0.8351494317997329
21808,2,0.09534734201282297,0.7769253277722339,3.0456780085664454,2.154153846153846,0.10783653846153846,0.11076923076923077,-0.14603420449955426,0.937116686594284
21808,3,0.16280130353448552,0.9718428439564893,3.838035434689106,3.1129230769230767,0.1012860576923077,0.10461538461538461,-0.1037031307761948,1.0041298677074026
21808,4,0.3358245553914356,1.1406589177608177,4.522425622370659,3.8187692307692314,0.09745192307692307,0.08307692307692308,0.019249818160850744,1.0410783537704575
21808,5,0.43685507379232763,1.2688319066639213,5.044596198506321,4.517538461538463,0.09140625,0.08,0.05259015944493678,1.0808070548231181
21808,6,0.4142292399553118,1.327347453940383,5.362964769634082,5.069846153846155,0.08680288461538462,0.05846153846153846,0.10167214083380681,1.129455819130149
21868,1,-0.15576896529419978,1.1323424430332922,0.6469531431675469,0.6452307692307692,0.0006850961538461539,0.0,,0.8406143454405051
21868,2,-0.0189343092997658,1.243816722540501,0.8413573447353526,0.8086153846153852,0.0007932692307692307,0.0,,0.9453659146366954
21868,3,0.06896330277368717,1.3521541290795938,0.967251813099827,0.8701538461538461,0.00046875,0.0,,1.0122788987677753
21868,4,0.155057313974165,1.3409273224144094,0.9762247285452534,0.9027692307692303,0.0002884615384615385,0.0,,1.0614669720387833
21868,5,0.32252612353146687,1.3443785835553723,1.0394424851336694,0.8907692307692311,0.00010817307692307693,0.0,,1.1020010925464325
21868,6,0.4473300256796103,1.3562115805183486,1.0866954039235268,0.9286153846153848,0.0002644230769230769,0.0,,1.1565031064457547
21928,1,0.10415589262144699,1.226196942018625,1.0092835537872642,0.9218461538461535,0.00140625,0.0,,0.9652590478952754
21928,2,0.17136296157546257,1.2863309136468375,1.1687100248656745,1.0147692307692302,0.0021875,0.0,,1.041055588047647
21928,3,0.3208948502489671,1.26135616620578,1.0199085773019443,0.8886153846153847,0.0013100961538461539,0.0,,1.074853040172309
21928,4,0.31364939166911193,1.3795430342943715,1.1596964242326295,1.0375384615384615,0.0011177884615384615,0.003076923076923077,,1.1117867165599764
21928,5,0.4966845568216121,1.4347653853433209,1.1372121464245422,1.0510769230769232,0.0006850961538461539,0.0,,1.1425442583545637
21928,6,0.5270029929148291,1.4412227940385074,1.1426233716301568,1.0603076923076924,0.0005048076923076923,0.0,,1.1766581388734454
21988,1,-0.032870499476160324,0.9120631472340488,0.8437405166415458,0.7006153846153851,0.0016826923076923078,0.0,,0.6919404669666762
21988,2,0.14166881660445646,1.1364247602699262,1.0848525243900216,0.841538461538462,0.003185096153846154,0.0,,0.8808901823526643
21988,3,0.11857789184746817,1.1924856209024772,1.2026732965012228,0.9492307692307699,0.0031370192307692306,0.0,,0.9781831607358757
21988,4,0.26732308979398567,1.2408039896612704,1.2612178524603341,0.9335384615384614,0.002608173076923077,0.0,,0.9934428526437384
21988,5,0.3089218818599587,1.3979722567603794,1.4447099852074812,1.1049230769230771,0.002223557692307692,0.0,,1.0114554018381041
21988,6,0.1891421675654717,1.3242311647774354,1.3586595736929723,1.047384615384616,0.0015985576923076923,0.0,,1.0486424070095255
22048,1,0.07925886179995281,0.6970345502977638,1.1780171385961764,0.8043076923076918,0.005612980769230769,0.003076923076923077,,0.7157626528786156
22048,2,0.21047008603756195,0.8211490666023349,1.6078975362369703,1.062461538461539,0.010120192307692307,0.0,,0.8775598751338279
22048,3,0.34501819065104544,0.9816133463051474,1.8495248777675624,1.3058461538461539,0.010625,0.003076923076923077,,0.970150948553218
22048,4,0.28677964762166075,1.019874447229137,2.0699302051069806,1.5332307692307694,0.011189903846153846,0.003076923076923077,,1.0260581915073625
22048,5,0.1721157276612267,0.9894643264522446,2.0996401357505277,1.5836923076923086,0.010036057692307693,0.003076923076923077,,1.0398640239727974
22048,6,0.11468860696341662,0.9867407643787022,2.144463763913661,1.6590769230769236,0.00985576923076923,0.006153846153846154,,1.0613919056612058
22108,1,-0.012403592871362763,0.7223105443313126,0.9492613643309008,0.7575384615384619,0.004206730769230769,0.0,0.4061299925174103,0.8876383600220129
22108,2,-0.12573912342880533,0.9587934862088765,1.1605252866444238,1.0858461538461537,0.0049399038461538465,0.0,0.8619690464744519,1.0068111436950662
22108,3,-0.36826275441922474,1.0925717281065894,1.2229454219173035,1.3778461538461542,0.0047475961538461535,0.0,0.7840735290183416,1.0751510402828577
22108,4,-0.4063150842318518,1.1444849402903328,1.3186785794040348,1.5544615384615383,0.004110576923076923,0.0,0.9374270805511987,1.1185255236919984
22108,5,-0.5008921041971603,1.2901729038293501,1.5424195997204904,1.8547692307692307,0.0033173076923076923,0.003076923076923077,0.9116232828402602,1.1530820052479167
22108,6,-0.5947798855142762,1.350895914286941,1.6399145228426004,2.0578461538461537,0.003161057692307692,0.006153846153846154,0.6701051175676789,1.1792534728012463
22168,1,-0.040058975644025094,1.0429634723075225,0.6878082930195735,0.7027692307692313,0.0006370192307692307,0.0,,0.966298482839611
22168,2,-0.12367010734860628,1.116504683868452,0.7603149776780447,0.7510769230769232,0.000625,0.0,,1.052966991934735
22168,3,-0.08465308757889825,1.1539739822847466,0.816368835147074,0.779692307692308,0.0003966346153846154,0.0,,1.0853938581472244
22168,4,-0.15311963368805537,1.1955339351885863,0.7718408928368686,0.8052307692307697,0.0003365384615384615,0.0,,1.1207715003991776
22168,5,-0.21344633576356029,1.3306286450983509,0.8031733887422353,0.7981538461538464,0.0001923076923076923,0.0,,1.1543801363127484
22168,6,-0.23512783146933136,1.3178396783614512,0.8531742656094374,0.9132307692307694,7.211538461538462e-05,0.0,,1.1881119406712912
22228,1,0.10200840122525387,1.1344186266704115,0.8449913289114469,0.7135384615384613,0.0014182692307692308,0.0,,0.9707293449120435
22228,2,0.3244174811491136,1.2376874138643466,1.0243570043625931,0.7784615384615384,0.0016586538461538462,0.0,,1.0502910249600805
22228,3,0.29353114965912613,1.318316222020202,1.077898164118171,0.8929230769230762,0.00125,0.0,,1.0847054405968133
22228,4,0.4243755693174133,1.2423002383907062,1.0385308296861107,0.7486153846153848,0.0009375,0.0,,1.11898198780997
22228,5,0.49759530252164685,1.409439789383215,1.2004062036080283,0.9867692307692305,0.0006610576923076923,0.0,,1.143311667075737
22228,6,0.4762205301180996,1.3439020168692928,1.0954157087041463,0.8695384615384613,0.0005528846153846154,0.0,,1.176527168984021
22300,1,-0.14526765098799133,0.9443263245291295,0.996781951761972,0.7058461538461537,0.002716346153846154,0.003076923076923077,-0.2099803693085614,0.7374383354197933
22300,2,-0.010939793677324162,1.0352333046718607,1.1045711303330068,0.9763076923076925,0.005024038461538462,0.003076923076923077,-0.16668228564325946,0.9248980002870162
22300,3,-0.02403651603378544,1.0704263473262863,1.2418631398152233,1.115076923076923,0.004627403846153846,0.003076923076923077,-0.35186614609912487,1.0252001116518532
22300,4,0.06710434977990654,1.1526690107400877,1.385102398074138,1.2058461538461536,0.004543269230769231,0.0,-0.35691406311969137,1.0764961810382565
22300,5,-0.018187874230192646,1.2124428501213225,1.372170585722459,1.2670769230769228,0.0037860576923076923,0.0,-0.4811851141280696,1.0822951386640098
22300,6,0.006632490693487697,1.250003680576181,1.4971942524027309,1.3606153846153843,0.003533653846153846,0.003076923076923077,-0.567581928140518,1.100935867568571
22360,1,-0.04988906019508792,0.732402627588566,0.9569042221893523,0.6027692307692313,0.007608173076923077,0.006153846153846154,-0.36134446930499453,0.8973154796820455
22360,2,0.12053135782873037,0.8003764655467183,1.3535512284618036,0.6624615384615388,0.010360576923076924,0.003076923076923077,-0.41144228556518503,1.0109232975402602
22360,3,0.15389123325011045,0.9136465928361699,1.6214968946459354,0.7541538461538464,0.010817307692307692,0.003076923076923077,-0.46261259379154596,1.0791699073065442
22360,4,0.2153453077314047,1.0095171493844368,1.8797445214916353,0.8040000000000002,0.011514423076923077,0.006153846153846154,-0.6400432803423628,1.1513974027824183
22360,5,0.32366889882787914,1.1149870927819159,2.264686309834786,0.8039999999999995,0.012764423076923078,0.006153846153846154,-0.7204053385099389,1.1721519620141576
22360,6,0.4259794404769845,1.2693030667632805,2.3323461954209073,0.9258461538461538,0.011899038461538461,0.009230769230769232,-0.6487461353011246,1.188639410367283
22420,1,-0.012019873866384825,0.8455895586634055,0.771289296705384,0.5255384615384617,0.0007572115384615384,0.0,,0.8962165280170247
22420,2,0.002484110939622244,1.0949968875575813,0.8788537189898632,0.6833846153846155,0.0005889423076923077,0.0,,0.9975034655160224
22420,3,0.05504590464468268,1.2004743658050678,0.9769805891939084,0.7735384615384615,0.000625,0.003076923076923077,,1.064347413334009
22420,4,0.1546126863062426,1.3030792688654267,1.0671336121763246,0.890153846153846,0.000576923076923077,0.003076923076923077,,1.1193381892357805
22420,5,0.24569905240105222,1.31812844943304,1.149540118988114,0.9341538461538462,0.0003125,0.003076923076923077,,1.154788483418743
22420,6,0.2671540384612284,1.35058769409867,1.1676568959346538,0.9356923076923074,0.0003125,0.0,,1.1826555861745949
22480,1,0.18465253640834195,1.2357870877344546,0.9066189401324624,0.8704615384615377,0.0009014423076923077,0.0,,0.9347438416844062
22480,2,0.1406552627823593,1.293113881993626,1.032953861465647,0.9033846153846155,0.0008293269230769231,0.0,,1.0373695969173353
22480,3,0.1320498201886384,1.1148992446234414,0.9622149094833238,0.8400000000000003,0.0008293269230769231,0.0,,1.0875524215479815
22480,4,0.1362069375524987,1.2212530109054902,0.9889771608626401,0.9230769230769235,0.0006370192307692307,0.0,,1.1439536756815065
22480,5,0.17635655492690913,1.251002613312958,1.0814051732351366,0.931692307692308,0.00046875,0.0,,1.190719636210617
22480,6,0.07502243625946166,1.217213598519932,1.053066464551019,0.9203076923076917,0.0006129807692307692,0.0,,1.2276603357264493
22540,1,-0.02250354670403756,0.4630402404294273,2.4715645823712693,1.1784615384615384,0.09609375,0.10153846153846154,-0.23689447963397045,0.9266402832310406
22540,2,-0.06436126097040365,0.6764156575977007,3.153812138084564,2.021846153846154,0.09544471153846154,0.11692307692307692,-0.3525876242641425,1.0281714691773352
22540,3,-0.11796315847902218,0.7941002734261744,3.7290780380613517,2.9233846153846157,0.08980769230769231,0.10153846153846154,-0.3849316918530746,1.0762756685672967
22540,4,-0.26063023270164076,0.816571060071953,4.5588995448850325,3.890769230769231,0.08629807692307692,0.11692307692307692,-0.530140802639363,1.122851391026626
22540,5,-0.3646081699404872,0.9019561249844409,5.176535637709959,4.573846153846154,0.08207932692307693,0.13230769230769232,-0.6136527270340156,1.1665193649201815
22540,6,-0.4048718447473799,0.9455556807445223,5.375870191992939,5.159076923076923,0.08239182692307692,0.13538461538461538,-0.5781650592959565,1.1978221447343604
22600,1,0.0852579051071823,0.4943428885929168,0.9296427314022486,0.7510769230769232,0.00203125,0.003076923076923077,-0.7230813570011579,0.5136777978491249
22600,2,0.14736564287781154,0.6235358467408713,1.2304476210428592,0.9553846153846154,0.002512019230769231,0.003076923076923077,-1.0498337162079276,0.6272684682506867
22600,3,0.22523170061557862,0.8065865931300126,1.4741420951170119,1.0824615384615386,0.002223557692307692,0.003076923076923077,-1.3602059247269973,0.6996403475715719
22600,4,0.2527032032066147,0.8576363726388082,1.5989501675410367,1.0249230769230775,0.0020552884615384617,0.003076923076923077,-1.6385850125355277,0.7483896997182188
22600,5,0.2653170415148265,0.947191975815917,1.9200178027038741,1.2295384615384617,0.0020072115384615384,0.003076923076923077,-1.9164420644791074,0.7966767260568391
22600,6,0.17195969981695816,0.8418999055566223,1.8195241021297208,1.1480000000000004,0.002415865384615385,0.003076923076923077,-2.1786684746479836,0.8439795652443788
22660,1,-0.2304562206560454,0.4521164282579209,2.810836892921196,1.1646153846153846,0.2501923076923077,0.30153846153846153,-0.32074346291089445,0.7982998995703806
22660,2,-0.234059281171132,0.5372498341638416,3.7202878418740686,1.639692307692308,0.23548076923076924,0.31384615384615383,-0.42096764185071994,0.9230591787902942
22660,3,-0.2826175303173873,0.6371986203688015,4.7664874566216495,2.086153846153846,0.22276442307692307,0.31076923076923074,-0.5777980956469888,0.9958430168558171
22660,4,-0.23216437411600396,0.7511447227776963,5.373736739633411,2.3698461538461535,0.21699519230769232,0.30153846153846153,-0.6260416504064443,1.0428698055142411
22660,5,-0.167450484060303,0.9543208917388646,6.2794058812734885,2.9944615384615387,0.20471153846153847,0.30153846153846153,-0.7107509891371171,1.0938744136483485
22660,6,-0.09459872415838853,1.044141884118066,6.506270478487307,3.2387692307692304,0.19689903846153847,0.2953846153846154,-0.759080905048655,1.1465662249145963
22720,1,-0.1907445344878568,0.6154331333740058,0.9046801559898285,0.7489230769230765,0.003629807692307692,0.003076923076923077,-0.7855041487166499,0.85688858527976
22720,2,-0.16977437626014102,0.8026043056320016,1.135854907971656,1.005230769230769,0.0035697115384615385,0.003076923076923077,-0.8922262921330155,0.9508631389101044
22720,3,-0.2762949759228007,0.8583512652333146,1.3006766708408595,1.12,0.002451923076923077,0.003076923076923077,-1.265994022058065,1.0131865484881266
22720,4,-0.20937414593886125,0.9615736600389645,1.3892414777874047,1.2713846153846151,0.001971153846153846,0.003076923076923077,-1.4255617610503082,1.0471950861619168
22720,5,-0.0968680471191374,1.0978646845183528,1.4467221833048987,1.337538461538461,0.0014182692307692308,0.003076923076923077,-1.751383812603507,1.08626503180242
22720,6,-0.08169725160546171,1.097493081472606,1.3919164608273502,1.3627692307692307,0.0010576923076923077,0.0,-1.7177289279705739,1.138545278533971
22780,1,0.10734128910833278,1.1703796367137964,0.9994242843183805,0.8550769230769228,0.0013341346153846153,0.0,,0.9587548775392978
22780,2,0.2461546861909197,1.2246377793064878,1.2179496543078814,0.8879999999999996,0.001826923076923077,0.0,,1.0504427705328143
22780,3,0.02011147491435114,1.121351787252196,1.1202279032116125,0.9873846153846152,0.0014302884615384616,0.0,,1.1023237781644841
22780,4,0.27430586294345066,1.1271807907538778,1.181541762642028,0.8566153846153846,0.0011298076923076923,0.0,,1.1499331821340781
22780,5,0.4719338863611487,1.3161608006019951,1.2987884160404968,0.967076923076923,0.0008653846153846154,0.0,,1.20435048203153
22780,6,0.38897279233146326,1.2466429052069476,1.25018023008759,0.9255384615384614,0.0009975961538461538,0.0,,1.2457151640835404
22840,1,-0.18318972827665678,0.3339547927048326,2.9348308218423687,1.4987692307692313,0.2287860576923077,0.2923076923076923,-0.34293290063571497,0.5119367609005437
22840,2,-0.30808492193618797,0.49609211547619325,4.232351659757002,2.150153846153846,0.20044471153846155,0.2923076923076923,-0.5286568124841375,0.630420398420582
22840,3,-0.42872378443965414,0.6764104012926215,5.693878357660007,2.5267692307692307,0.1690985576923077,0.28923076923076924,-0.7564733969797247,0.7003587434800747
22840,4,-0.5222901129116397,0.7954987681449658,6.743062909451566,2.6784615384615384,0.14292067307692308,0.28923076923076924,-0.952248586445292,0.7515835901362491
22840,5,-0.5995074283744912,0.9071910376871019,7.6541991229935835,3.223692307692308,0.11983173076923077,0.28615384615384615,-1.104532909010478,0.80342376406325
22840,6,-0.6886488646653067,1.009388402505385,8.464680280828121,3.676307692307693,0.10037259615384615,0.28615384615384615,-1.2270047594252425,0.8496880700767665
22900,1,0.027198667545823618,0.7461506293117244,1.035191243237234,0.8809230769230765,0.0011778846153846154,0.0,,0.5005994047726757
22900,2,0.14559148570499378,0.7511422359999789,1.449172074591551,1.1335384615384614,0.0016466346153846153,0.0,,0.6199305178076228
22900,3,0.3130963694059843,0.9583863671108998,1.7227393678907923,1.283692307692308,0.0015264423076923076,0.0,,0.698414715845569
22900,4,0.3676956820065472,1.016702949122931,1.7488206493848055,1.349846153846154,0.0015865384615384615,0.0,,0.7422149191061597
22900,5,0.2400832108328758,0.9588670697581807,1.8879939953153468,1.477846153846154,0.0019471153846153846,0.0,,0.7984076371962073
22900,6,0.26852720613718595,0.9555208541723674,2.0682492778469603,1.6215384615384618,0.002451923076923077,0.0,,0.8521995400531133
22960,1,-0.026053823813264237,0.620117274326468,2.24127622842267,1.5913846153846156,0.08942307692307692,0.08615384615384615,-0.2449596060432367,0.854776164256979
22960,2,0.10308230698723789,0.8521147446389675,2.8090484984353132,2.4181538461538454,0.08510817307692307,0.08307692307692308,-0.1132801415508313,0.9539489919185165
22960,3,0.26478770176620275,1.0032147434219347,3.5999086790909427,3.2621538461538457,0.07896634615384615,0.06153846153846154,-0.07632523534725362,1.0242149432147185
22960,4,0.33209641565169484,1.1510190239568856,4.315717014303356,4.0581538461538464,0.07556490384615384,0.052307692307692305,0.11399254251830296,1.0728858839193027
22960,5,0.4559839463828578,1.1735495610960007,4.5126999505180345,4.759692307692308,0.07075721153846154,0.046153846153846156,0.263831596300738,1.110588319491825
22960,6,0.5803085800149449,1.2256048993964348,4.757289955472739,5.1292307692307695,0.06650240384615384,0.033846153846153845,0.4249386019226234,1.1623146562607785
23020,1,-0.2372962120128124,0.9812002217236868,0.6987417997033417,0.6741538461538464,0.0006370192307692307,0.0,,0.8199616344947558
23020,2,-0.020106426370439075,0.9926267785330278,0.8075559114989028,0.7516923076923074,0.0007692307692307692,0.0,,0.9317789538117495
23020,3,0.2470711895264611,1.3021836955038584,0.9929899471268075,0.9498461538461537,0.000673076923076923,0.0,,1.0161374668852738
23020,4,0.3217142133377831,1.2917197665980216,0.9839611030609831,0.945538461538461,0.0005048076923076923,0.0,,1.059291080062661
23020,5,0.14644597200662074,1.2782471377580904,0.9347271050141243,0.9169230769230767,0.0005408653846153846,0.0,,1.1062667910590702
23020,6,0.23082533276470424,1.3080257092423528,0.976676264470394,0.9224615384615392,0.0003365384615384615,0.0,,1.1543039377451736
23080,1,0.2118744880519183,1.0986711709034633,1.1771434495879556,0.7775384615384617,0.0013942307692307691,0.0,,0.9320589255002023
23080,2,0.31233245180449837,1.2181992585045196,1.3768595790221483,0.910769230769231,0.0017788461538461539,0.0,,1.02018620587208
23080,3,0.3570915059106815,1.2049579374066222,1.3824271298028539,0.9249230769230768,0.0015504807692307693,0.0,,1.0735191971759697
23080,4,0.6040972654295504,1.5130154309840294,1.637358514894624,1.116923076923077,0.001346153846153846,0.0,,1.1224473190697595
23080,5,0.7168620390164525,1.583595354880523,1.8141342190934575,1.2673846153846153,0.0008052884615384616,0.003076923076923077,,1.1671688677122443
23080,6,1.0086755718199993,1.7425264533634768,2.091014909040119,1.3424615384615386,0.0009615384615384616,0.003076923076923077,,1.201048315171443
23140,1,-0.08984179194447174,0.4511858198826395,2.286468233992273,1.6664615384615384,0.16495192307692308,0.19076923076923077,-0.26499104348761016,0.4989416428939541
23140,2,-0.18352924340210436,0.5373714082383415,3.357459935835742,2.5255384615384613,0.1343389423076923,0.18153846153846154,-0.41464796434299406,0.6147400557833248
23140,3,-0.1968609236248503,0.7174161750126047,4.607654403333415,3.48676923076923,0.10936298076923077,0.18769230769230769,-0.5282599367088257,0.6871697023871385
23140,4,-0.2509899019050863,0.7672899961490909,5.2667751019079105,4.300615384615384,0.09128605769230769,0.18461538461538463,-0.6053536176446733,0.7363800526973208
23140,5,-0.22208705047756788,0.8951325879273196,5.92726309272377,5.395076923076924,0.07526442307692308,0.18153846153846154,-0.589939821588235,0.7929155577326208
23140,6,-0.176051065610936,0.9886271214046469,6.181643256448496,5.96,0.06280048076923077,0.15692307692307692,-0.6351961221295868,0.8386300088893495
23200,1,0.004068906846364159,0.6036566064327805,1.259284454986356,1.0479999999999998,0.01548076923076923,0.027692307692307693,-0.3313851103416222,0.5058888156342796
23200,2,0.012509891697144768,0.6982954459966536,1.75562188842906,1.476923076923077,0.016165865384615386,0.027692307692307693,-0.45388673011949654,0.6186047771030977
23200,3,0.08924980710496504,0.9150140682959973,2.078508540126665,1.8153846153846154,0.01639423076923077,0.027692307692307693,-0.594947421598765,0.6882321567807574
23200,4,0.06140052425165497,0.999201662370939,2.6655950148392975,2.4821538461538464,0.016899038461538462,0.027692307692307693,-0.7976524316912423,0.7393488091745424
23200,5,0.061867527821545476,1.1058524387168207,3.2765956730436314,3.2953846153846156,0.017391826923076923,0.04,-0.5488665051687226,0.7916170166994079
23200,6,0.015404630392611791,1.0731336143439338,3.8859189581427716,3.9806153846153847,0.01764423076923077,0.04923076923076923,-0.557908703890406,0.8435248792821778
23260,1,0.05261590297740892,0.8959207908217994,1.0483597723998046,0.7963076923076922,0.013954326923076923,0.015384615384615385,-0.34316848414165685,0.8771003459927564
23260,2,0.15575985593381952,1.0650777829936762,1.3147689076352693,0.9584615384615385,0.01361778846153846,0.015384615384615385,-0.32145892936466663,0.9697937116507176
23260,3,0.19597733898897574,1.121533119415839,1.4473678120139821,1.1098461538461535,0.011947115384615384,0.012307692307692308,-0.24048726557398165,1.0294449973417816
23260,4,0.1033948172035952,1.102303200472496,1.4326082596754441,1.282153846153846,0.011153846153846153,0.003076923076923077,-0.10732116260114896,1.0753928046086345
23260,5,-0.037029059391415466,1.1371154449348466,1.5641299667776698,1.5504615384615381,0.009975961538461538,0.0,0.17426401921273,1.1141055277762002
23260,6,-0.13375495499984058,1.0662511518346076,1.533377707086773,1.7403076923076921,0.008774038461538462,0.0,0.38642424374245427,1.162144525014769
23320,1,0.07881718330162414,1.0189282898350716,0.8203570375093988,0.6960000000000003,0.0021634615384615386,0.0,,0.956161906092008
23320,2,0.002860384733115006,1.1484145149747789,0.9041919907770424,0.8633846153846148,0.0019230769230769232,0.0,,1.0623410900668795
23320,3,-0.1706728469152679,1.181131074368349,0.8696210257844301,0.9341538461538462,0.001298076923076923,0.0,,1.108218704521366
23320,4,-0.010833930131795936,1.2276381907887393,0.933034056013962,0.9701538461538461,0.0011418269230769231,0.0,,1.1560957659262039
23320,5,-0.013682324493323723,1.2269062743404622,0.9655120591514857,0.946461538461538,0.0006971153846153846,0.0,,1.1912755975741416
23320,6,-0.008004623403722185,1.2113635945468164,0.9415025466884716,0.9424615384615388,0.0004807692307692308,0.0,,1.2288050611825951
23380,1,0.16646477915076865,1.007632841894029,1.4039098808521897,0.8735384615384615,0.0009735576923076923,0.0,,0.9455868532646877
23380,2,0.19970127187667466,1.1634790808689062,1.447056304457385,1.211692307692308,0.0010456730769230769,0.0,,1.0442113316921695
23380,3,0.3010223915007266,1.3328873515306456,1.5727455516560074,1.3492307692307688,0.0008774038461538461,0.0,,1.0909219405329142
23380,4,0.32749482968886456,1.4661250398116814,1.689142380431817,1.6664615384615384,0.0006490384615384615,0.0,,1.1428009065638336
23380,5,0.33607355886707274,1.5949949351571195,1.7502779476960046,1.8821538461538463,0.000625,0.0,,1.187819411032401
23380,6,0.11943144014001693,1.5650314821192108,1.7188297499232088,2.2261538461538453,0.0005889423076923077,0.0,,1.2274229840487418
23440,1,0.010832927629537716,0.6041004307112936,1.5413928420678573,1.1833846153846153,0.015877403846153847,0.018461538461538463,-0.40366410847349005,0.5166339571186113
23440,2,0.0013463966253155655,0.7488047173934915,1.8674292193799111,1.6458461538461542,0.013810096153846154,0.012307692307692308,-0.3620172349911142,0.6401664659931655
23440,3,0.09762520503346166,0.868540326116136,2.137315963880713,1.9873846153846157,0.011165865384615385,0.009230769230769232,-0.4005888479078037,0.7095925037691778
23440,4,0.10983653843280164,0.8270922462343662,2.4663168131603666,2.3135384615384615,0.009375,0.015384615384615385,-0.6037823064482845,0.7577123194551605
23440,5,0.15908889355540629,0.9121295904275427,2.7882406536286974,2.676,0.008978365384615385,0.018461538461538463,-0.8756151929385798,0.8078409503918342
23440,6,0.2711534688011037,1.096911543856677,3.1882541104022004,3.143384615384615,0.008221153846153847,0.024615384615384615,-1.0714582277385252,0.8539467872366544
23500,1,-0.03251757914461079,0.5278684781279779,1.6792491556634153,1.2815384615384615,0.12283653846153846,0.15692307692307692,-0.16466376364126123,0.5097582193241535
23500,2,0.006713365482094373,0.7093915204406106,2.3119715248452186,1.7058461538461533,0.11421875,0.14461538461538462,-0.23540247749223067,0.6277154405545762
23500,3,0.0711747715684449,0.9289227530282026,3.1105507386871145,2.077538461538462,0.10668269230769231,0.1476923076923077,-0.32159497948485144,0.7024491539502091
23500,4,-0.006950780094922753,0.8149886539450457,3.4644696483970208,2.4329230769230765,0.1031610576923077,0.15384615384615385,-0.3868009421755531,0.7470132726015594
23500,5,-0.0001714904035340827,0.923388782840391,4.0180491372312,2.9083076923076923,0.10084134615384616,0.15384615384615385,-0.46749885924041956,0.802003406920877
23500,6,-0.024042564931865153,0.9162298112219238,4.514505405921399,3.2243076923076925,0.09520432692307693,0.16,-0.57461857578713,0.8610399762420687
23572,1,0.31699695966247504,1.1312205744128865,0.8252078291962828,0.756,0.001670673076923077,0.0,,0.8414102154625649
23572,2,0.6524715280391967,1.452899903128938,1.196643843704499,1.068,0.0018389423076923077,0.0,,0.9376900501822358
23572,3,0.8716780951225324,1.5607121938296513,1.4318442841997099,1.2353846153846162,0.001622596153846154,0.0,,0.9971865241006501
23572,4,1.1053883135127962,1.6470493085615345,1.6442170724659984,1.404615384615385,0.0012620192307692308,0.0,,1.0382033324260889
23572,5,1.1254449113535572,1.6683926295002776,1.6021952479960384,1.3692307692307693,0.0010096153846153846,0.0,,1.086817064601234
23572,6,1.2710392502760157,1.7799556174526472,1.7691426364815184,1.500615384615385,0.0008653846153846154,0.0,,1.1332072251309395
