split,origin,model,day,probability,calibrated_probability,label,eligible,current_active,alarm_threshold,calibrated_alarm_threshold
validation,31409,A,2017-04-20,0.0003706849580756275,0.0001808118744175674,0,True,False,0.055595092652235494,0.02295181043733229
validation,31490,A,2017-04-20,0.4924794462773183,0.25736724689686374,0,True,False,0.055595092652235494,0.02295181043733229
validation,31571,A,2017-04-20,0.4945205575706764,0.2588690452837473,1,True,True,0.055595092652235494,0.02295181043733229
validation,31652,A,2017-04-20,0.00033096465974049975,0.00016215997814214813,0,True,False,0.055595092652235494,0.02295181043733229
validation,31733,A,2017-04-21,0.0003706849580756275,0.0001808118744175674,0,True,False,0.055595092652235494,0.02295181043733229
validation,31815,A,2017-04-21,0.0012404565370526437,0.0005770702931961096,0,True,False,0.055595092652235494,0.02295181043733229
validation,31896,A,2017-04-21,0.0008411950330846583,0.0003973129993780313,0,True,False,0.055595092652235494,0.02295181043733229
validation,31977,A,2017-04-22,0.0003706849580756275,0.0001808118744175674,0,True,False,0.055595092652235494,0.02295181043733229
validation,32058,A,2017-04-22,0.00033096465974049975,0.00016215997814214813,0,True,False,0.055595092652235494,0.02295181043733229
validation,32139,A,2017-04-22,0.0004684595305095088,0.00022640733464969376,0,True,False,0.055595092652235494,0.02295181043733229
validation,32221,A,2017-04-22,0.00033096465974049975,0.00016215997814214813,0,True,False,0.055595092652235494,0.02295181043733229
validation,32302,A,2017-04-23,0.0003706849580756275,0.0001808118744175674,0,True,False,0.055595092652235494,0.02295181043733229
validation,32383,A,2017-04-23,0.00034210459079570476,0.00016739951451611546,0,True,False,0.055595092652235494,0.02295181043733229
validation,32464,A,2017-04-23,0.00038168079089404526,0.0001859610912160458,0,True,False,0.055595092652235494,0.02295181043733229
validation,32545,A,2017-04-24,0.0003706849580756275,0.0001808118744175674,0,True,False,0.055595092652235494,0.02295181043733229
validation,32627,A,2017-04-24,0.2059935476629481,0.08894055793553707,0,True,False,0.055595092652235494,0.02295181043733229
validation,32708,A,2017-04-24,0.0006114954892715481,0.00029245682868302077,0,True,False,0.055595092652235494,0.02295181043733229
validation,32789,A,2017-04-24,0.00033096465974049975,0.00016215997814214813,0,True,False,0.055595092652235494,0.02295181043733229
validation,32870,A,2017-04-25,0.0003706849580756275,0.0001808118744175674,0,True,False,0.055595092652235494,0.02295181043733229
validation,32952,A,2017-04-25,0.00048271829577591454,0.00023302352973852476,0,True,False,0.055595092652235494,0.02295181043733229
validation,33033,A,2017-04-25,0.9954371474079052,0.9843460099227737,1,True,True,0.055595092652235494,0.02295181043733229
validation,33114,A,2017-04-26,0.0003706849580756275,0.0001808118744175674,0,True,False,0.055595092652235494,0.02295181043733229
validation,33195,A,2017-04-26,0.08716940374796052,0.036036326205175585,1,True,False,0.055595092652235494,0.02295181043733229
validation,33276,A,2017-04-26,0.0004261710071955323,0.00020673771728531962,0,True,False,0.055595092652235494,0.02295181043733229
validation,33358,A,2017-04-26,0.00033096465974049975,0.00016215997814214813,0,True,False,0.055595092652235494,0.02295181043733229
validation,33439,A,2017-04-27,0.0003706849580756275,0.0001808118744175674,0,True,False,0.055595092652235494,0.02295181043733229
validation,33520,A,2017-04-27,0.009765671397706805,0.004206021391362698,0,True,False,0.055595092652235494,0.02295181043733229
validation,33601,A,2017-04-27,0.990014782415755,0.9671959724907024,1,True,True,0.055595092652235494,0.02295181043733229
validation,33682,A,2017-04-27,0.00033096465974049975,0.00016215997814214813,0,True,False,0.055595092652235494,0.02295181043733229
validation,33764,A,2017-04-28,0.00037053239672599366,0.00018074039004534092,0,True,False,0.055595092652235494,0.02295181043733229
validation,33845,A,2017-04-28,0.0003902094896985576,0.00018995096765698913,0,True,False,0.055595092652235494,0.02295181043733229
validation,33926,A,2017-04-28,0.0007846756232347869,0.0003716289586782494,0,True,False,0.055595092652235494,0.02295181043733229
validation,34007,A,2017-04-29,0.000385109323854159,0.00018756543534248485,0,True,False,0.055595092652235494,0.02295181043733229
validation,34089,A,2017-04-29,0.00033096465974049975,0.00016215997814214813,0,True,False,0.055595092652235494,0.02295181043733229
validation,34170,A,2017-04-29,0.00044411530853306235,0.000215093043415322,0,True,False,0.055595092652235494,0.02295181043733229
validation,34251,A,2017-04-29,0.00033096465974049975,0.00016215997814214813,0,True,False,0.055595092652235494,0.02295181043733229
validation,34332,A,2017-04-30,0.00033096465974049975,0.00016215997814214813,0,True,False,0.055595092652235494,0.02295181043733229
validation,34413,A,2017-04-30,0.0007911222712469372,0.0003745620291044889,0,True,False,0.055595092652235494,0.02295181043733229
validation,34495,A,2017-04-30,0.000591033861525146,0.00028304893894964334,0,True,False,0.055595092652235494,0.02295181043733229
validation,34576,A,2017-05-01,0.0003706849580756275,0.0001808118744175674,0,True,False,0.055595092652235494,0.02295181043733229
validation,34657,A,2017-05-01,0.8995092740755333,0.745397960724302,1,True,True,0.055595092652235494,0.02295181043733229
validation,34738,A,2017-05-01,0.3398021684037222,0.15859916698068466,0,True,False,0.055595092652235494,0.02295181043733229
validation,34819,A,2017-05-01,0.00033096465974049975,0.00016215997814214813,0,True,False,0.055595092652235494,0.02295181043733229
validation,34901,A,2017-05-02,0.00039338378258836344,0.0001914350816495736,0,True,False,0.055595092652235494,0.02295181043733229
validation,34982,A,2017-05-02,0.000452935315777966,0.00021919499058451063,0,True,False,0.055595092652235494,0.02295181043733229
validation,35063,A,2017-05-02,0.0790715930584642,0.03265211367773629,0,True,False,0.055595092652235494,0.02295181043733229
validation,35144,A,2017-05-03,0.0003706849580756275,0.0001808118744175674,0,True,False,0.055595092652235494,0.02295181043733229
validation,35225,A,2017-05-03,0.9940565041968953,0.9798862654628967,1,True,True,0.055595092652235494,0.02295181043733229
validation,35307,A,2017-05-03,0.3623986118776647,0.17173110896720434,1,True,False,0.055595092652235494,0.02295181043733229
validation,35388,A,2017-05-03,0.00033096465974049975,0.00016215997814214813,0,True,False,0.055595092652235494,0.02295181043733229
validation,35469,A,2017-05-04,0.0003706849580756275,0.0001808118744175674,0,True,False,0.055595092652235494,0.02295181043733229
validation,35550,A,2017-05-04,0.00046813584095845007,0.00022625704927005334,0,True,False,0.055595092652235494,0.02295181043733229
validation,35632,A,2017-05-04,0.9078915651068714,0.7625617698694991,1,True,True,0.055595092652235494,0.02295181043733229
validation,35713,A,2017-05-05,0.0003706849580756275,0.0001808118744175674,0,True,False,0.055595092652235494,0.02295181043733229
validation,35794,A,2017-05-05,0.0011114865803481568,0.0005192900255324832,0,True,False,0.055595092652235494,0.02295181043733229
validation,35875,A,2017-05-05,0.002770576849917578,0.001249538340771109,0,True,False,0.055595092652235494,0.02295181043733229
validation,35956,A,2017-05-05,0.00037599307016254524,0.00018329833651815634,0,True,False,0.055595092652235494,0.02295181043733229
validation,36038,A,2017-05-06,0.0003706849580756275,0.0001808118744175674,0,True,False,0.055595092652235494,0.02295181043733229
validation,36119,A,2017-05-06,0.00036317782932359646,0.00017729294495923647,0,True,False,0.055595092652235494,0.02295181043733229
validation,36200,A,2017-05-06,0.00037487874561592055,0.00018277647177678265,0,True,False,0.055595092652235494,0.02295181043733229
validation,36281,A,2017-05-07,0.00033096465974049975,0.00016215997814214813,0,True,False,0.055595092652235494,0.02295181043733229
validation,36362,A,2017-05-07,0.00034582842793225946,0.00016914947432757454,0,True,False,0.055595092652235494,0.02295181043733229
validation,36444,A,2017-05-07,0.0006856852169353898,0.00032646815604075573,0,True,False,0.055595092652235494,0.02295181043733229
validation,36525,A,2017-05-07,0.0006187579955206923,0.00029579302976224186,0,True,False,0.055595092652235494,0.02295181043733229
validation,36606,A,2017-05-08,0.00038231765015492536,0.0001862591450375095,0,True,False,0.055595092652235494,0.02295181043733229
validation,36687,A,2017-05-08,0.0031026499035476797,0.001393292905020297,0,True,False,0.055595092652235494,0.02295181043733229
validation,36769,A,2017-05-08,0.9726277267459861,0.9166996522930564,1,True,True,0.055595092652235494,0.02295181043733229
validation,36850,A,2017-05-08,0.00046162340504424915,0.00022323253198895052,0,True,False,0.055595092652235494,0.02295181043733229
validation,36931,A,2017-05-09,0.00048279327666273994,0.00023305830115346273,0,True,False,0.055595092652235494,0.02295181043733229
validation,37012,A,2017-05-09,0.0003902094896985576,0.00018995096765698913,0,True,False,0.055595092652235494,0.02295181043733229
validation,37093,A,2017-05-09,0.0009757115565621008,0.00045818085320788226,0,False,False,0.055595092652235494,0.02295181043733229
validation,37175,A,2017-05-10,0.0003706849580756275,0.0001808118744175674,0,True,False,0.055595092652235494,0.02295181043733229
validation,37256,A,2017-05-10,0.45799295302081205,0.23280103522873546,0,True,True,0.055595092652235494,0.02295181043733229
validation,37337,A,2017-05-10,0.9811201429294139,0.9406661322618529,1,True,False,0.055595092652235494,0.02295181043733229
validation,37418,A,2017-05-10,0.0003670057262625274,0.000179087605417172,0,True,False,0.055595092652235494,0.02295181043733229
validation,37499,A,2017-05-11,0.0006288609986879563,0.00030043154769013336,0,True,False,0.055595092652235494,0.02295181043733229
validation,37581,A,2017-05-11,0.0004015145338886493,0.00019523441556620988,0,True,False,0.055595092652235494,0.02295181043733229
validation,37662,A,2017-05-11,0.0018486146019432747,0.0008467819119326187,0,True,False,0.055595092652235494,0.02295181043733229
validation,37743,A,2017-05-12,0.0003925298893242538,0.00019103589731572743,0,True,False,0.055595092652235494,0.02295181043733229
validation,37824,A,2017-05-12,0.0014653192639890724,0.0006772760878640711,0,True,False,0.055595092652235494,0.02295181043733229
validation,37906,A,2017-05-12,0.982549420616405,0.944820974007742,1,True,True,0.055595092652235494,0.02295181043733229
validation,37987,A,2017-05-12,0.00033096465974049975,0.00016215997814214813,0,True,False,0.055595092652235494,0.02295181043733229
validation,38068,A,2017-05-13,0.0003706849580756275,0.0001808118744175674,0,True,False,0.055595092652235494,0.02295181043733229
validation,38149,A,2017-05-13,0.00041975906232832096,0.0002037488399371743,0,True,False,0.055595092652235494,0.02295181043733229
validation,38230,A,2017-05-13,0.0003633568561209007,0.00017737689585492708,0,True,False,0.055595092652235494,0.02295181043733229
validation,38312,A,2017-05-14,0.0003706849580756275,0.0001808118744175674,0,True,False,0.055595092652235494,0.02295181043733229
validation,38393,A,2017-05-14,0.00033096465974049975,0.00016215997814214813,0,True,False,0.055595092652235494,0.02295181043733229
validation,38474,A,2017-05-14,0.0010114945627757554,0.000474315990163317,0,True,False,0.055595092652235494,0.02295181043733229
validation,38555,A,2017-05-14,0.00033096465974049975,0.00016215997814214813,0,True,False,0.055595092652235494,0.02295181043733229
validation,38636,A,2017-05-15,0.0003706849580756275,0.0001808118744175674,0,True,False,0.055595092652235494,0.02295181043733229
validation,38718,A,2017-05-15,0.0004011785394286821,0.00019507747234258092,0,True,False,0.055595092652235494,0.02295181043733229
validation,38799,A,2017-05-15,0.7021018923469977,0.4483313767550574,1,True,True,0.055595092652235494,0.02295181043733229
validation,38880,A,2017-05-16,0.0003706849580756275,0.0001808118744175674,0,True,False,0.055595092652235494,0.02295181043733229
validation,38961,A,2017-05-16,0.9927114233319029,0.9756078246481412,1,True,True,0.055595092652235494,0.02295181043733229
validation,39042,A,2017-05-16,0.00044023951048573814,0.00021328950980631156,0,True,False,0.055595092652235494,0.02295181043733229
validation,39124,A,2017-05-16,0.00033096465974049975,0.00016215997814214813,0,True,False,0.055595092652235494,0.02295181043733229
validation,39205,A,2017-05-17,0.0004103909578269322,0.0001993787492221979,0,True,False,0.055595092652235494,0.02295181043733229
validation,39286,A,2017-05-17,0.0008241101481343988,0.00038955639711816745,0,True,False,0.055595092652235494,0.02295181043733229
validation,39367,A,2017-05-17,0.9906861998596663,0.9692714949433725,1,True,True,0.055595092652235494,0.02295181043733229
validation,39449,A,2017-05-18,0.0005410897497408316,0.0002600312044465793,0,True,False,0.055595092652235494,0.02295181043733229
validation,39530,A,2017-05-18,0.01862602052313494,0.007858541004672048,1,True,False,0.055595092652235494,0.02295181043733229
validation,39611,A,2017-05-18,0.0004711975842175354,0.0002276784197206385,0,True,False,0.055595092652235494,0.02295181043733229
validation,39692,A,2017-05-18,0.000968131863380586,0.0004547601463656014,0,True,False,0.055595092652235494,0.02295181043733229
validation,39773,A,2017-05-19,0.0003706849580756275,0.0001808118744175674,0,True,False,0.055595092652235494,0.02295181043733229
validation,39855,A,2017-05-19,0.000562176939508695,0.00026975934096449926,0,True,False,0.055595092652235494,0.02295181043733229
validation,39936,A,2017-05-19,0.9838722811718547,0.9487007581715058,1,True,True,0.055595092652235494,0.02295181043733229
validation,40017,A,2017-05-19,0.00033096465974049975,0.00016215997814214813,0,True,False,0.055595092652235494,0.02295181043733229
validation,40098,A,2017-05-20,0.00034339718636163967,0.00016800703413629312,0,True,False,0.055595092652235494,0.02295181043733229
validation,40179,A,2017-05-20,0.00045855088578209015,0.0002218050089936382,0,True,False,0.055595092652235494,0.02295181043733229
validation,40261,A,2017-05-20,0.0003649278818131443,0.0001781135262251435,0,True,False,0.055595092652235494,0.02295181043733229
validation,40342,A,2017-05-21,0.0003706849580756275,0.0001808118744175674,0,True,False,0.055595092652235494,0.02295181043733229
validation,40423,A,2017-05-21,0.00040240603981637075,0.00019565081362295933,0,True,False,0.055595092652235494,0.02295181043733229
validation,40504,A,2017-05-21,0.000807260803254583,0.0003819006308416469,0,True,False,0.055595092652235494,0.02295181043733229
validation,40586,A,2017-05-21,0.00033096465974049975,0.00016215997814214813,0,True,False,0.055595092652235494,0.02295181043733229
validation,40667,A,2017-05-22,0.0003898859890584725,0.0001897996911483273,0,True,False,0.055595092652235494,0.02295181043733229
validation,40748,A,2017-05-22,0.00045314889098121953,0.00021929427964987835,0,True,False,0.055595092652235494,0.02295181043733229
validation,40829,A,2017-05-22,0.0006499195687732032,0.0003100907481483232,0,True,False,0.055595092652235494,0.02295181043733229
validation,40910,A,2017-05-23,0.0003706849580756275,0.0001808118744175674,0,True,False,0.055595092652235494,0.02295181043733229
validation,40992,A,2017-05-23,0.9643686139361615,0.8944363107138726,1,True,True,0.055595092652235494,0.02295181043733229
validation,41073,A,2017-05-23,0.8360959455717647,0.6304516060872508,1,True,False,0.055595092652235494,0.02295181043733229
validation,41154,A,2017-05-23,0.00033096465974049975,0.00016215997814214813,0,True,False,0.055595092652235494,0.02295181043733229
validation,41235,A,2017-05-24,0.00040872256607496027,0.00019860006025569556,0,True,False,0.055595092652235494,0.02295181043733229
validation,41316,A,2017-05-24,0.00043961440743402,0.00021299857118423982,0,True,False,0.055595092652235494,0.02295181043733229
validation,41398,A,2017-05-24,0.0755791755297944,0.03119913964711568,0,True,True,0.055595092652235494,0.02295181043733229
validation,41479,A,2017-05-25,0.0003706849580756275,0.0001808118744175674,0,True,False,0.055595092652235494,0.02295181043733229
validation,41560,A,2017-05-25,0.9929566806944157,0.9763834880118348,1,True,True,0.055595092652235494,0.02295181043733229
validation,41641,A,2017-05-25,0.6235060517963623,0.3667193588259252,1,True,True,0.055595092652235494,0.02295181043733229
validation,41723,A,2017-05-25,0.00045529807640118006,0.0002202933136144932,0,True,False,0.055595092652235494,0.02295181043733229
inner_calibration,23644,A,2017-03-24,0.00048144222091082945,0.00023243173415332107,0,True,False,0.055595092652235494,0.02295181043733229
inner_calibration,23656,A,2017-03-24,0.00048144222091082945,0.00023243173415332107,0,True,False,0.055595092652235494,0.02295181043733229
inner_calibration,23668,A,2017-03-24,0.00048144222091082945,0.00023243173415332107,0,True,False,0.055595092652235494,0.02295181043733229
inner_calibration,23680,A,2017-03-24,0.0006209684539143277,0.00029680815172593777,0,True,False,0.055595092652235494,0.02295181043733229
inner_calibration,23692,A,2017-03-24,0.0007298144958252726,0.0003466298024890108,0,True,False,0.055595092652235494,0.02295181043733229
inner_calibration,23704,A,2017-03-24,0.0011316845689218547,0.0005283552653678784,0,True,False,0.055595092652235494,0.02295181043733229
inner_calibration,23716,A,2017-03-24,0.0008475256204005985,0.0004001855554015526,0,True,False,0.055595092652235494,0.02295181043733229
inner_calibration,23728,A,2017-03-24,0.0007866598776197274,0.0003725318460333805,0,True,False,0.055595092652235494,0.02295181043733229
inner_calibration,23740,A,2017-03-24,0.0008206313996419542,0.0003879762733629116,0,True,False,0.055595092652235494,0.02295181043733229
inner_calibration,23752,A,2017-03-24,0.0083317980882376,0.0036082379504096375,0,True,False,0.055595092652235494,0.02295181043733229
inner_calibration,23764,A,2017-03-24,0.003424002684737539,0.0015318760619719874,0,True,False,0.055595092652235494,0.02295181043733229
inner_calibration,23776,A,2017-03-24,0.0022883679779687684,0.0010396382245983118,0,True,False,0.055595092652235494,0.02295181043733229
inner_calibration,23788,A,2017-03-24,0.9000784513728295,0.7465468362501756,0,True,False,0.055595092652235494,0.02295181043733229
inner_calibration,23800,A,2017-03-24,0.9082231566920295,0.7632517279421429,0,True,False,0.055595092652235494,0.02295181043733229
inner_calibration,23812,A,2017-03-24,0.9316170017599616,0.8142103540350499,1,True,True,0.055595092652235494,0.02295181043733229
inner_calibration,23824,A,2017-03-24,0.21470278831077094,0.09310687736338309,0,True,False,0.055595092652235494,0.02295181043733229
inner_calibration,23836,A,2017-03-24,0.002137640370121334,0.0009737064873612814,0,True,False,0.055595092652235494,0.02295181043733229
inner_calibration,23848,A,2017-03-24,0.0005573148493029759,0.00026751759910518185,0,True,False,0.055595092652235494,0.02295181043733229
inner_calibration,23860,A,2017-03-24,0.00047769010793928865,0.00023069128926337868,0,True,False,0.055595092652235494,0.02295181043733229
inner_calibration,23872,A,2017-03-24,0.0004639090310509601,0.00022429421541092246,0,True,False,0.055595092652235494,0.02295181043733229
inner_calibration,23884,A,2017-03-24,0.0005195840983871533,0.0002500947613420575,0,True,False,0.055595092652235494,0.02295181043733229
inner_calibration,23896,A,2017-03-25,0.0004897572073841178,0.00023628681821503248,0,True,False,0.055595092652235494,0.02295181043733229
inner_calibration,23908,A,2017-03-25,0.00048144222091082945,0.00023243173415332107,0,True,False,0.055595092652235494,0.02295181043733229
inner_calibration,23920,A,2017-03-25,0.00048144222091082945,0.00023243173415332107,0,True,False,0.055595092652235494,0.02295181043733229
inner_calibration,23932,A,2017-03-25,0.00048144222091082945,0.00023243173415332107,0,True,False,0.055595092652235494,0.02295181043733229
inner_calibration,23944,A,2017-03-25,0.00048144222091082945,0.00023243173415332107,0,True,False,0.055595092652235494,0.02295181043733229
inner_calibration,23956,A,2017-03-25,0.00048144222091082945,0.00023243173415332107,0,True,False,0.055595092652235494,0.02295181043733229
inner_calibration,23968,A,2017-03-25,0.0004639090310509601,0.00022429421541092246,0,True,False,0.055595092652235494,0.02295181043733229
inner_calibration,23980,A,2017-03-25,0.0004897572073841178,0.00023628681821503248,0,True,False,0.055595092652235494,0.02295181043733229
inner_calibration,23992,A,2017-03-25,0.0006005174240987321,0.00028741086265044445,0,True,False,0.055595092652235494,0.02295181043733229
inner_calibration,24004,A,2017-03-25,0.0006669830456782765,0.00031790852282709335,0,True,False,0.055595092652235494,0.02295181043733229
inner_calibration,24016,A,2017-03-25,0.0006601923679385276,0.00031479826019701685,0,True,False,0.055595092652235494,0.02295181043733229
inner_calibration,24028,A,2017-03-25,0.0004639090310509601,0.00022429421541092246,0,True,False,0.055595092652235494,0.02295181043733229
inner_calibration,24040,A,2017-03-25,0.0004897572073841178,0.00023628681821503248,0,True,False,0.055595092652235494,0.02295181043733229
inner_calibration,24052,A,2017-03-25,0.0006453030177110196,0.00030797427254641445,0,True,False,0.055595092652235494,0.02295181043733229
inner_calibration,24064,A,2017-03-25,0.0004936748263539441,0.00023810225817279986,0,True,False,0.055595092652235494,0.02295181043733229
inner_calibration,24076,A,2017-03-25,0.0008248453926110694,0.00038989032816728897,0,True,False,0.055595092652235494,0.02295181043733229
inner_calibration,24088,A,2017-03-25,0.0008816453570964107,0.0004156535356817316,0,True,False,0.055595092652235494,0.02295181043733229
inner_calibration,24100,A,2017-03-25,0.0011946758555222026,0.0005565876008061816,0,True,False,0.055595092652235494,0.02295181043733229
inner_calibration,24112,A,2017-03-25,0.0006242545228417023,0.0002983169728307914,0,True,False,0.055595092652235494,0.02295181043733229
inner_calibration,24124,A,2017-03-25,0.0005408917003026452,0.0002599397692082793,0,True,False,0.055595092652235494,0.02295181043733229
inner_calibration,24136,A,2017-03-25,0.0004639090310509601,0.00022429421541092246,0,True,False,0.055595092652235494,0.02295181043733229
inner_calibration,24148,A,2017-03-25,0.0004892223649030099,0.00023603892618903182,0,True,False,0.055595092652235494,0.02295181043733229
inner_calibration,24160,A,2017-03-25,0.0004639090310509601,0.00022429421541092246,0,True,False,0.055595092652235494,0.02295181043733229
inner_calibration,24172,A,2017-03-25,0.0004639090310509601,0.00022429421541092246,0,True,False,0.055595092652235494,0.02295181043733229
inner_calibration,24184,A,2017-03-26,0.0004897572073841178,0.00023628681821503248,0,True,False,0.055595092652235494,0.02295181043733229
inner_calibration,24196,A,2017-03-26,0.0005909683920032665,0.0002830188170954599,0,True,False,0.055595092652235494,0.02295181043733229
inner_calibration,24208,A,2017-03-26,0.00048144222091082945,0.00023243173415332107,0,True,False,0.055595092652235494,0.02295181043733229
inner_calibration,24220,A,2017-03-26,0.00048144222091082945,0.00023243173415332107,0,True,False,0.055595092652235494,0.02295181043733229
inner_calibration,24232,A,2017-03-26,0.00048144222091082945,0.00023243173415332107,0,True,False,0.055595092652235494,0.02295181043733229
inner_calibration,24244,A,2017-03-26,0.00048144222091082945,0.00023243173415332107,0,True,False,0.055595092652235494,0.02295181043733229
inner_calibration,24256,A,2017-03-26,0.0004897572073841178,0.00023628681821503248,0,True,False,0.055595092652235494,0.02295181043733229
inner_calibration,24268,A,2017-03-26,0.0004639090310509601,0.00022429421541092246,0,True,False,0.055595092652235494,0.02295181043733229
inner_calibration,24280,A,2017-03-26,0.0004639090310509601,0.00022429421541092246,0,True,False,0.055595092652235494,0.02295181043733229
inner_calibration,24292,A,2017-03-26,0.0004639090310509601,0.00022429421541092246,0,True,False,0.055595092652235494,0.02295181043733229
inner_calibration,24304,A,2017-03-26,0.0009467684995940539,0.00044511329826804727,0,True,False,0.055595092652235494,0.02295181043733229
inner_calibration,24316,A,2017-03-26,0.0004639090310509601,0.00022429421541092246,0,True,False,0.055595092652235494,0.02295181043733229
inner_calibration,24328,A,2017-03-26,0.0004639090310509601,0.00022429421541092246,0,True,False,0.055595092652235494,0.02295181043733229
inner_calibration,24340,A,2017-03-26,0.0005437580886145647,0.0002612629929575698,0,True,False,0.055595092652235494,0.02295181043733229
inner_calibration,24352,A,2017-03-26,0.0011416229766804539,0.0005328135248388198,0,True,False,0.055595092652235494,0.02295181043733229
inner_calibration,24364,A,2017-03-26,0.0008889992846638456,0.00041898433303148413,0,True,False,0.055595092652235494,0.02295181043733229
inner_calibration,24376,A,2017-03-26,0.0007135514930321729,0.0003392052793125349,0,True,False,0.055595092652235494,0.02295181043733229
inner_calibration,24388,A,2017-03-26,0.00048144222091082945,0.00023243173415332107,0,True,False,0.055595092652235494,0.02295181043733229
inner_calibration,24400,A,2017-03-26,0.0004639090310509601,0.00022429421541092246,0,True,False,0.055595092652235494,0.02295181043733229
inner_calibration,24412,A,2017-03-26,0.0006572069291149391,0.0003134304780153487,0,True,False,0.055595092652235494,0.02295181043733229
inner_calibration,24424,A,2017-03-26,0.0005389089319338244,0.0002590242948738302,0,True,False,0.055595092652235494,0.02295181043733229
inner_calibration,24436,A,2017-03-26,0.0005205837861625809,0.0002505570066560564,0,True,False,0.055595092652235494,0.02295181043733229
inner_calibration,24448,A,2017-03-26,0.0007491501727445309,0.00035544874641184896,0,True,False,0.055595092652235494,0.02295181043733229
inner_calibration,24460,A,2017-03-26,0.0004929103264835116,0.0002377480302911541,0,True,False,0.055595092652235494,0.02295181043733229
inner_calibration,24472,A,2017-03-27,0.0004639090310509601,0.00022429421541092246,0,True,False,0.055595092652235494,0.02295181043733229
inner_calibration,24484,A,2017-03-27,0.00048144222091082945,0.00023243173415332107,0,True,False,0.055595092652235494,0.02295181043733229
inner_calibration,24496,A,2017-03-27,0.00048144222091082945,0.00023243173415332107,0,True,False,0.055595092652235494,0.02295181043733229
inner_calibration,24508,A,2017-03-27,0.00048144222091082945,0.00023243173415332107,0,True,False,0.055595092652235494,0.02295181043733229
inner_calibration,24520,A,2017-03-27,0.00048144222091082945,0.00023243173415332107,0,True,False,0.055595092652235494,0.02295181043733229
inner_calibration,24532,A,2017-03-27,0.00048144222091082945,0.00023243173415332107,0,True,False,0.055595092652235494,0.02295181043733229
inner_calibration,24544,A,2017-03-27,0.0005953597713551102,0.0002850389581870577,0,True,False,0.055595092652235494,0.02295181043733229
inner_calibration,24556,A,2017-03-27,0.028470646363513975,0.011878631285126682,0,True,False,0.055595092652235494,0.02295181043733229
inner_calibration,24568,A,2017-03-27,0.00806217077457768,0.0034955033298273907,0,True,True,0.055595092652235494,0.02295181043733229
inner_calibration,24580,A,2017-03-27,0.0013904924721562916,0.0006440008567358312,0,True,False,0.055595092652235494,0.02295181043733229
inner_calibration,24592,A,2017-03-27,0.00048734125233370576,0.00023516697255082056,0,True,False,0.055595092652235494,0.02295181043733229
inner_calibration,24604,A,2017-03-27,0.0005701802646443846,0.00027344775444417246,0,True,False,0.055595092652235494,0.02295181043733229
inner_calibration,24616,A,2017-03-27,0.0004777908455415308,0.00023073802409565903,0,True,False,0.055595092652235494,0.02295181043733229
inner_calibration,24628,A,2017-03-27,0.0005227370403646074,0.0002515525315533497,0,True,False,0.055595092652235494,0.02295181043733229
inner_calibration,24640,A,2017-03-27,0.0008950752471940267,0.000421735501013173,0,True,False,0.055595092652235494,0.02295181043733229
inner_calibration,24652,A,2017-03-27,0.07028760905894421,0.029004737481518536,0,True,False,0.055595092652235494,0.02295181043733229
inner_calibration,24664,A,2017-03-27,0.19118134985587448,0.08195622816946782,0,True,False,0.055595092652235494,0.02295181043733229
inner_calibration,24676,A,2017-03-27,0.976307471075922,0.9269401230995695,1,True,True,0.055595092652235494,0.02295181043733229
inner_calibration,24688,A,2017-03-27,0.0348434074454245,0.014475029266608166,0,True,False,0.055595092652235494,0.02295181043733229
inner_calibration,24700,A,2017-03-27,0.0019156608459850381,0.000876287323586249,0,True,False,0.055595092652235494,0.02295181043733229
inner_calibration,24712,A,2017-03-27,0.0006654068580934819,0.0003171867084317332,0,True,False,0.055595092652235494,0.02295181043733229
inner_calibration,24724,A,2017-03-27,0.0004920021683883622,0.00023732721105744646,0,True,False,0.055595092652235494,0.02295181043733229
inner_calibration,24736,A,2017-03-27,0.0004639090310509601,0.00022429421541092246,0,True,False,0.055595092652235494,0.02295181043733229
inner_calibration,24748,A,2017-03-27,0.0004639090310509601,0.00022429421541092246,0,True,False,0.055595092652235494,0.02295181043733229
inner_calibration,24760,A,2017-03-28,0.0004639090310509601,0.00022429421541092246,0,True,False,0.055595092652235494,0.02295181043733229
inner_calibration,24772,A,2017-03-28,0.00048144222091082945,0.00023243173415332107,0,True,False,0.055595092652235494,0.02295181043733229
inner_calibration,24784,A,2017-03-28,0.00048144222091082945,0.00023243173415332107,0,True,False,0.055595092652235494,0.02295181043733229
inner_calibration,24796,A,2017-03-28,0.00048144222091082945,0.00023243173415332107,0,True,False,0.055595092652235494,0.02295181043733229
inner_calibration,24808,A,2017-03-28,0.00048144222091082945,0.00023243173415332107,0,True,False,0.055595092652235494,0.02295181043733229
inner_calibration,24820,A,2017-03-28,0.00048144222091082945,0.00023243173415332107,0,True,False,0.055595092652235494,0.02295181043733229
inner_calibration,24832,A,2017-03-28,0.0004639090310509601,0.00022429421541092246,0,True,False,0.055595092652235494,0.02295181043733229
inner_calibration,24844,A,2017-03-28,0.18590912156000772,0.07950019269306303,0,True,False,0.055595092652235494,0.02295181043733229
inner_calibration,24856,A,2017-03-28,0.9524215003148265,0.863797907134048,1,True,True,0.055595092652235494,0.02295181043733229
inner_calibration,24868,A,2017-03-28,0.02281432733572678,0.009571411630223046,0,True,False,0.055595092652235494,0.02295181043733229
inner_calibration,24880,A,2017-03-28,0.0033651385945372915,0.0015065272924473208,0,True,False,0.055595092652235494,0.02295181043733229
inner_calibration,24892,A,2017-03-28,0.0010091450987909098,0.00047325726185429946,0,True,False,0.055595092652235494,0.02295181043733229
inner_calibration,24904,A,2017-03-28,0.0009171635997269253,0.00043173096447378075,0,True,False,0.055595092652235494,0.02295181043733229
inner_calibration,24916,A,2017-03-28,0.0005610753713541014,0.00026925151242516884,0,True,False,0.055595092652235494,0.02295181043733229
inner_calibration,24928,A,2017-03-28,0.0006195799800538956,0.000296170531076766,0,True,False,0.055595092652235494,0.02295181043733229
inner_calibration,24940,A,2017-03-28,0.14025063397555698,0.05884302254440525,0,True,False,0.055595092652235494,0.02295181043733229
inner_calibration,24952,A,2017-03-28,0.7850885239168705,0.5531682717651173,1,True,False,0.055595092652235494,0.02295181043733229
inner_calibration,24964,A,2017-03-28,0.865963426118743,0.6815859290747461,1,True,True,0.055595092652235494,0.02295181043733229
inner_calibration,24976,A,2017-03-28,0.5198188356125217,0.27795525680116534,0,True,True,0.055595092652235494,0.02295181043733229
inner_calibration,24988,A,2017-03-28,0.002816336613663295,0.0012693834454104952,0,True,False,0.055595092652235494,0.02295181043733229
inner_calibration,25000,A,2017-03-28,0.0011928755515964924,0.0005557815214745631,0,True,False,0.055595092652235494,0.02295181043733229
inner_calibration,25012,A,2017-03-28,0.0005422273084633129,0.00026055636597868123,0,True,False,0.055595092652235494,0.02295181043733229
inner_calibration,25024,A,2017-03-28,0.0004639090310509601,0.00022429421541092246,0,True,False,0.055595092652235494,0.02295181043733229
inner_calibration,25036,A,2017-03-28,0.0004639090310509601,0.00022429421541092246,0,True,False,0.055595092652235494,0.02295181043733229
inner_calibration,25048,A,2017-03-29,0.0004639090310509601,0.00022429421541092246,0,True,False,0.055595092652235494,0.02295181043733229
inner_calibration,25060,A,2017-03-29,0.00048144222091082945,0.00023243173415332107,0,True,False,0.055595092652235494,0.02295181043733229
inner_calibration,25072,A,2017-03-29,0.00048144222091082945,0.00023243173415332107,0,True,False,0.055595092652235494,0.02295181043733229
inner_calibration,25084,A,2017-03-29,0.00048144222091082945,0.00023243173415332107,0,True,False,0.055595092652235494,0.02295181043733229
inner_calibration,25096,A,2017-03-29,0.00048144222091082945,0.00023243173415332107,0,True,False,0.055595092652235494,0.02295181043733229
inner_calibration,25108,A,2017-03-29,0.00048144222091082945,0.00023243173415332107,0,True,False,0.055595092652235494,0.02295181043733229
inner_calibration,25120,A,2017-03-29,0.0004843978101332465,0.00023380233223371506,0,True,False,0.055595092652235494,0.02295181043733229
inner_calibration,25132,A,2017-03-29,0.13478316194557857,0.056438250026119484,1,True,False,0.055595092652235494,0.02295181043733229
inner_calibration,25144,A,2017-03-29,0.9567527919791977,0.8747062048298951,1,True,True,0.055595092652235494,0.02295181043733229
inner_calibration,25156,A,2017-03-29,0.017135759097033583,0.007247584786185054,0,True,True,0.055595092652235494,0.02295181043733229
inner_calibration,25168,A,2017-03-29,0.0029474258913928797,0.0013261698712884677,0,True,False,0.055595092652235494,0.02295181043733229
inner_calibration,25180,A,2017-03-29,0.0005220830428386277,0.0002512501825322918,0,True,False,0.055595092652235494,0.02295181043733229
inner_calibration,25192,A,2017-03-29,0.0006909433253711459,0.0003288730488454262,0,True,False,0.055595092652235494,0.02295181043733229
inner_calibration,25204,A,2017-03-29,0.0005917275403023349,0.000283368085441394,0,True,False,0.055595092652235494,0.02295181043733229
inner_calibration,25216,A,2017-03-29,0.0008475245931138173,0.0004001850893292504,0,True,False,0.055595092652235494,0.02295181043733229
inner_calibration,25228,A,2017-03-29,0.05428364222568676,0.022414034615397423,0,True,False,0.055595092652235494,0.02295181043733229
inner_calibration,25240,A,2017-03-29,0.9657905614134668,0.8982022684136037,1,True,False,0.055595092652235494,0.02295181043733229
inner_calibration,25252,A,2017-03-29,0.9875170085903792,0.9595733821521987,1,True,True,0.055595092652235494,0.02295181043733229
inner_calibration,25264,A,2017-03-29,0.8156846692995595,0.5981341600301716,1,True,True,0.055595092652235494,0.02295181043733229
inner_calibration,25276,A,2017-03-29,0.0015892182287082504,0.0007322332527197838,0,True,False,0.055595092652235494,0.02295181043733229
inner_calibration,25288,A,2017-03-29,0.0019093105205536818,0.0008734943838922467,0,True,False,0.055595092652235494,0.02295181043733229
inner_calibration,25300,A,2017-03-29,0.0005318068734110384,0.000255744083982513,0,True,False,0.055595092652235494,0.02295181043733229
inner_calibration,25312,A,2017-03-29,0.0004639090310509601,0.00022429421541092246,0,True,False,0.055595092652235494,0.02295181043733229
inner_calibration,25324,A,2017-03-29,0.0004639090310509601,0.00022429421541092246,0,True,False,0.055595092652235494,0.02295181043733229
inner_calibration,25336,A,2017-03-30,0.0004897572073841178,0.00023628681821503248,0,True,False,0.055595092652235494,0.02295181043733229
inner_calibration,25348,A,2017-03-30,0.00048144222091082945,0.00023243173415332107,0,True,False,0.055595092652235494,0.02295181043733229
inner_calibration,25360,A,2017-03-30,0.00048144222091082945,0.00023243173415332107,0,True,False,0.055595092652235494,0.02295181043733229
inner_calibration,25372,A,2017-03-30,0.00048144222091082945,0.00023243173415332107,0,True,False,0.055595092652235494,0.02295181043733229
inner_calibration,25384,A,2017-03-30,0.00048144222091082945,0.00023243173415332107,0,True,False,0.055595092652235494,0.02295181043733229
inner_calibration,25396,A,2017-03-30,0.00048144222091082945,0.00023243173415332107,0,True,False,0.055595092652235494,0.02295181043733229
inner_calibration,25408,A,2017-03-30,0.0004639090310509601,0.00022429421541092246,0,True,False,0.055595092652235494,0.02295181043733229
inner_calibration,25420,A,2017-03-30,0.8894518300582992,0.7254796552494239,1,True,False,0.055595092652235494,0.02295181043733229
inner_calibration,25432,A,2017-03-30,0.8311307766711539,0.6224058103110081,1,True,True,0.055595092652235494,0.02295181043733229
inner_calibration,25444,A,2017-03-30,0.06296474431115909,0.02598106374692708,0,True,True,0.055595092652235494,0.02295181043733229
inner_calibration,25456,A,2017-03-30,0.0007109892181961506,0.00033803493246169284,0,True,False,0.055595092652235494,0.02295181043733229
inner_calibration,25468,A,2017-03-30,0.0005144498087186801,0.0002477201700241508,0,True,False,0.055595092652235494,0.02295181043733229
inner_calibration,25480,A,2017-03-30,0.0007228212270410227,0.0003434379721773615,0,True,False,0.055595092652235494,0.02295181043733229
inner_calibration,25492,A,2017-03-30,0.0006345613576365682,0.0003030474287991564,0,True,False,0.055595092652235494,0.02295181043733229
inner_calibration,25504,A,2017-03-30,0.0006551958081579268,0.00031250894448175737,0,True,False,0.055595092652235494,0.02295181043733229
inner_calibration,25516,A,2017-03-30,0.038888439958574994,0.016123373172425823,0,True,False,0.055595092652235494,0.02295181043733229
inner_calibration,25528,A,2017-03-30,0.9888038323319788,0.9634816931459897,1,True,True,0.055595092652235494,0.02295181043733229
inner_calibration,25540,A,2017-03-30,0.9934563184231564,0.97796968797941,1,True,True,0.055595092652235494,0.02295181043733229
inner_calibration,25552,A,2017-03-30,0.8302199735279769,0.6209430915548586,0,True,True,0.055595092652235494,0.02295181043733229
inner_calibration,25564,A,2017-03-30,0.0006646724993258498,0.0003168503864664321,0,True,False,0.055595092652235494,0.02295181043733229
inner_calibration,25576,A,2017-03-30,0.0004639090310509601,0.00022429421541092246,0,True,False,0.055595092652235494,0.02295181043733229
inner_calibration,25588,A,2017-03-30,0.0005037550313547912,0.00024277088847445214,0,True,False,0.055595092652235494,0.02295181043733229
inner_calibration,25600,A,2017-03-30,0.0005042912444713204,0.00024301913182080693,0,True,False,0.055595092652235494,0.02295181043733229
inner_calibration,25612,A,2017-03-30,0.0005042912444713204,0.00024301913182080693,0,True,False,0.055595092652235494,0.02295181043733229
inner_calibration,25624,A,2017-03-31,0.0004639090310509601,0.00022429421541092246,0,True,False,0.055595092652235494,0.02295181043733229
inner_calibration,25636,A,2017-03-31,0.00048144222091082945,0.00023243173415332107,0,True,False,0.055595092652235494,0.02295181043733229
inner_calibration,25648,A,2017-03-31,0.0005233498590343752,0.00025183582981009125,0,True,False,0.055595092652235494,0.02295181043733229
inner_calibration,25660,A,2017-03-31,0.00048144222091082945,0.00023243173415332107,0,True,False,0.055595092652235494,0.02295181043733229
inner_calibration,25672,A,2017-03-31,0.00048144222091082945,0.00023243173415332107,0,True,False,0.055595092652235494,0.02295181043733229
inner_calibration,25684,A,2017-03-31,0.00048144222091082945,0.00023243173415332107,0,True,False,0.055595092652235494,0.02295181043733229
inner_calibration,25696,A,2017-03-31,0.0004989930247660475,0.0002405658323467661,0,True,False,0.055595092652235494,0.02295181043733229
inner_calibration,25708,A,2017-03-31,0.0004942576393453274,0.00023837228778329826,0,True,False,0.055595092652235494,0.02295181043733229
inner_calibration,25720,A,2017-03-31,0.005417108479747407,0.002382512228942036,0,True,False,0.055595092652235494,0.02295181043733229
inner_calibration,25732,A,2017-03-31,0.0012366264812475444,0.0005753578154857918,0,True,False,0.055595092652235494,0.02295181043733229
inner_calibration,25744,A,2017-03-31,0.001338102423141297,0.0006206627505994035,0,True,False,0.055595092652235494,0.02295181043733229
inner_calibration,25756,A,2017-03-31,0.0006344558247175033,0.00030299900832997997,0,True,False,0.055595092652235494,0.02295181043733229
inner_calibration,25768,A,2017-03-31,0.0006076258459313236,0.00029067858892618375,0,True,False,0.055595092652235494,0.02295181043733229
inner_calibration,25780,A,2017-03-31,0.0006284093964953758,0.0003002242691688136,0,True,False,0.055595092652235494,0.02295181043733229
inner_calibration,25792,A,2017-03-31,0.0006813752867780212,0.00032449639566243653,0,True,False,0.055595092652235494,0.02295181043733229
inner_calibration,25804,A,2017-03-31,0.8921714891262811,0.7307956301345893,0,True,False,0.055595092652235494,0.02295181043733229
inner_calibration,25816,A,2017-03-31,0.8586621964001885,0.6686304539401781,1,True,False,0.055595092652235494,0.02295181043733229
inner_calibration,25828,A,2017-03-31,0.9780147016446737,0.9317643604420297,1,True,True,0.055595092652235494,0.02295181043733229
inner_calibration,25840,A,2017-03-31,0.038734409482072046,0.01606058742273417,0,True,False,0.055595092652235494,0.02295181043733229
inner_calibration,25852,A,2017-03-31,0.0019497574163638216,0.0008912774459436369,0,True,False,0.055595092652235494,0.02295181043733229
inner_calibration,25864,A,2017-03-31,0.0004639090310509601,0.00022429421541092246,0,True,False,0.055595092652235494,0.02295181043733229
inner_calibration,25876,A,2017-03-31,0.0005878451435640759,0.0002815816912305974,0,True,False,0.055595092652235494,0.02295181043733229
inner_calibration,25888,A,2017-03-31,0.0004639090310509601,0.00022429421541092246,0,True,False,0.055595092652235494,0.02295181043733229
inner_calibration,25900,A,2017-03-31,0.0004639090310509601,0.00022429421541092246,0,True,False,0.055595092652235494,0.02295181043733229
inner_calibration,25912,A,2017-04-01,0.0004639090310509601,0.00022429421541092246,0,True,False,0.055595092652235494,0.02295181043733229
inner_calibration,25924,A,2017-04-01,0.00048144222091082945,0.00023243173415332107,0,True,False,0.055595092652235494,0.02295181043733229
inner_calibration,25936,A,2017-04-01,0.00048144222091082945,0.00023243173415332107,0,True,False,0.055595092652235494,0.02295181043733229
inner_calibration,25948,A,2017-04-01,0.00048144222091082945,0.00023243173415332107,0,True,False,0.055595092652235494,0.02295181043733229
inner_calibration,25960,A,2017-04-01,0.00048144222091082945,0.00023243173415332107,0,True,False,0.055595092652235494,0.02295181043733229
inner_calibration,25972,A,2017-04-01,0.00048144222091082945,0.00023243173415332107,0,True,False,0.055595092652235494,0.02295181043733229
inner_calibration,25984,A,2017-04-01,0.0004639090310509601,0.00022429421541092246,0,True,False,0.055595092652235494,0.02295181043733229
inner_calibration,25996,A,2017-04-01,0.0004639090310509601,0.00022429421541092246,0,True,False,0.055595092652235494,0.02295181043733229
inner_calibration,26008,A,2017-04-01,0.0005193298721713477,0.00024997720422658673,0,True,False,0.055595092652235494,0.02295181043733229
inner_calibration,26020,A,2017-04-01,0.0004639090310509601,0.00022429421541092246,0,True,False,0.055595092652235494,0.02295181043733229
inner_calibration,26032,A,2017-04-01,0.0004639090310509601,0.00022429421541092246,0,True,False,0.055595092652235494,0.02295181043733229
inner_calibration,26044,A,2017-04-01,0.0010800960779926776,0.0005051887666019373,0,True,False,0.055595092652235494,0.02295181043733229
inner_calibration,26056,A,2017-04-01,0.0006835965773642511,0.00032551267961756635,0,True,False,0.055595092652235494,0.02295181043733229
inner_calibration,26068,A,2017-04-01,0.0008282517507737508,0.00039143726711825564,0,True,False,0.055595092652235494,0.02295181043733229
inner_calibration,26080,A,2017-04-01,0.0007611305843106808,0.0003609085312646923,0,True,False,0.055595092652235494,0.02295181043733229
inner_calibration,26092,A,2017-04-01,0.0005683554032530772,0.0002726069272911775,0,True,False,0.055595092652235494,0.02295181043733229
inner_calibration,26104,A,2017-04-01,0.00048144222091082945,0.00023243173415332107,0,True,False,0.055595092652235494,0.02295181043733229
inner_calibration,26116,A,2017-04-01,0.0005815219416106671,0.00027867123159748905,0,True,False,0.055595092652235494,0.02295181043733229
inner_calibration,26128,A,2017-04-01,0.0006603072540786797,0.0003148508905983016,0,True,False,0.055595092652235494,0.02295181043733229
inner_calibration,26140,A,2017-04-01,0.0004639090310509601,0.00022429421541092246,0,True,False,0.055595092652235494,0.02295181043733229
inner_calibration,26152,A,2017-04-01,0.0004639090310509601,0.00022429421541092246,0,True,False,0.055595092652235494,0.02295181043733229
inner_calibration,26164,A,2017-04-01,0.0004639090310509601,0.00022429421541092246,0,True,False,0.055595092652235494,0.02295181043733229
inner_calibration,26176,A,2017-04-01,0.0005170997474796635,0.00024894587256912235,0,True,False,0.055595092652235494,0.02295181043733229
inner_calibration,26188,A,2017-04-01,0.0004639090310509601,0.00022429421541092246,0,True,False,0.055595092652235494,0.02295181043733229
inner_calibration,26200,A,2017-04-02,0.0004639090310509601,0.00022429421541092246,0,True,False,0.055595092652235494,0.02295181043733229
inner_calibration,26212,A,2017-04-02,0.00048144222091082945,0.00023243173415332107,0,True,False,0.055595092652235494,0.02295181043733229
inner_calibration,26224,A,2017-04-02,0.00048144222091082945,0.00023243173415332107,0,True,False,0.055595092652235494,0.02295181043733229
inner_calibration,26236,A,2017-04-02,0.00048144222091082945,0.00023243173415332107,0,True,False,0.055595092652235494,0.02295181043733229
inner_calibration,26248,A,2017-04-02,0.00048144222091082945,0.00023243173415332107,0,True,False,0.055595092652235494,0.02295181043733229
inner_calibration,26260,A,2017-04-02,0.00048144222091082945,0.00023243173415332107,0,True,False,0.055595092652235494,0.02295181043733229
inner_calibration,26272,A,2017-04-02,0.0004639090310509601,0.00022429421541092246,0,True,False,0.055595092652235494,0.02295181043733229
inner_calibration,26284,A,2017-04-02,0.0004639090310509601,0.00022429421541092246,0,True,False,0.055595092652235494,0.02295181043733229
inner_calibration,26296,A,2017-04-02,0.0004639090310509601,0.00022429421541092246,0,True,False,0.055595092652235494,0.02295181043733229
inner_calibration,26308,A,2017-04-02,0.0004639090310509601,0.00022429421541092246,0,True,False,0.055595092652235494,0.02295181043733229
inner_calibration,26320,A,2017-04-02,0.0004892223649030099,0.00023603892618903182,0,True,False,0.055595092652235494,0.02295181043733229
inner_calibration,26332,A,2017-04-02,0.0005694487443602973,0.0002731107101672803,0,True,False,0.055595092652235494,0.02295181043733229
inner_calibration,26344,A,2017-04-02,0.0004639090310509601,0.00022429421541092246,0,True,False,0.055595092652235494,0.02295181043733229
inner_calibration,26356,A,2017-04-02,0.0008061772121867189,0.000381408073636481,0,True,False,0.055595092652235494,0.02295181043733229
inner_calibration,26368,A,2017-04-02,0.0006401543398198768,0.00030561314608394777,0,True,False,0.055595092652235494,0.02295181043733229
inner_calibration,26380,A,2017-04-02,0.0006067606019140026,0.0002902809180530314,0,True,False,0.055595092652235494,0.02295181043733229
inner_calibration,26392,A,2017-04-02,0.0009541863711491957,0.00044846385705432065,0,True,False,0.055595092652235494,0.02295181043733229
inner_calibration,26404,A,2017-04-02,0.0008831847431085801,0.0004163508547877309,0,True,False,0.055595092652235494,0.02295181043733229
inner_calibration,26416,A,2017-04-02,0.0004639090310509601,0.00022429421541092246,0,True,False,0.055595092652235494,0.02295181043733229
inner_calibration,26428,A,2017-04-02,0.0004639090310509601,0.00022429421541092246,0,True,False,0.055595092652235494,0.02295181043733229
inner_calibration,26440,A,2017-04-02,0.00047660370975779125,0.00023018725597537712,0,True,False,0.055595092652235494,0.02295181043733229
inner_calibration,26452,A,2017-04-02,0.0004639090310509601,0.00022429421541092246,0,True,False,0.055595092652235494,0.02295181043733229
inner_calibration,26464,A,2017-04-02,0.0004639090310509601,0.00022429421541092246,0,True,False,0.055595092652235494,0.02295181043733229
inner_calibration,26476,A,2017-04-02,0.0004639090310509601,0.00022429421541092246,0,True,False,0.055595092652235494,0.02295181043733229
inner_calibration,26488,A,2017-04-03,0.0004639090310509601,0.00022429421541092246,0,True,False,0.055595092652235494,0.02295181043733229
inner_calibration,26500,A,2017-04-03,0.00048144222091082945,0.00023243173415332107,0,True,False,0.055595092652235494,0.02295181043733229
inner_calibration,26512,A,2017-04-03,0.00048144222091082945,0.00023243173415332107,0,True,False,0.055595092652235494,0.02295181043733229
inner_calibration,26524,A,2017-04-03,0.00048144222091082945,0.00023243173415332107,0,True,False,0.055595092652235494,0.02295181043733229
inner_calibration,26536,A,2017-04-03,0.00048144222091082945,0.00023243173415332107,0,True,False,0.055595092652235494,0.02295181043733229
inner_calibration,26548,A,2017-04-03,0.00048144222091082945,0.00023243173415332107,0,True,False,0.055595092652235494,0.02295181043733229
inner_calibration,26560,A,2017-04-03,0.0004843978101332465,0.00023380233223371506,0,True,False,0.055595092652235494,0.02295181043733229
inner_calibration,26572,A,2017-04-03,0.04631866283507313,0.019155004869694587,0,True,False,0.055595092652235494,0.02295181043733229
inner_calibration,26584,A,2017-04-03,0.05559509265223549,0.022951810437332288,0,True,False,0.055595092652235494,0.02295181043733229
inner_calibration,26596,A,2017-04-03,0.007842768701595096,0.003403684061903408,0,True,False,0.055595092652235494,0.02295181043733229
inner_calibration,26608,A,2017-04-03,0.00048253662649908215,0.00023293928208933842,0,True,False,0.055595092652235494,0.02295181043733229
inner_calibration,26620,A,2017-04-03,0.0006799449562227656,0.0003238419232738642,0,True,False,0.055595092652235494,0.02295181043733229
inner_calibration,26632,A,2017-04-03,0.0006160877070879813,0.0002945665489153164,0,True,False,0.055595092652235494,0.02295181043733229
inner_calibration,26644,A,2017-04-03,0.0008264539079129838,0.0003906208384741447,0,True,False,0.055595092652235494,0.02295181043733229
inner_calibration,26656,A,2017-04-03,0.0006243974021926421,0.0002983825698386934,0,True,False,0.055595092652235494,0.02295181043733229
inner_calibration,26668,A,2017-04-03,0.007305991495045194,0.0031787054003126047,0,True,False,0.055595092652235494,0.02295181043733229
inner_calibration,26680,A,2017-04-03,0.7300059074323563,0.481127590093292,0,True,False,0.055595092652235494,0.02295181043733229
inner_calibration,26692,A,2017-04-03,0.915354876170666,0.7783010244768127,1,True,True,0.055595092652235494,0.02295181043733229
inner_calibration,26704,A,2017-04-03,0.00984376119955346,0.004238500542819114,0,True,False,0.055595092652235494,0.02295181043733229
inner_calibration,26716,A,2017-04-03,0.000656403559203998,0.0003130623719545904,0,True,False,0.055595092652235494,0.02295181043733229
inner_calibration,26728,A,2017-04-03,0.0008356183395469626,0.0003947818358788773,0,True,False,0.055595092652235494,0.02295181043733229
inner_calibration,26740,A,2017-04-03,0.00047889753729951607,0.0002312514222675817,0,True,False,0.055595092652235494,0.02295181043733229
inner_calibration,26752,A,2017-04-03,0.0004639090310509601,0.00022429421541092246,0,True,False,0.055595092652235494,0.02295181043733229
inner_calibration,26764,A,2017-04-03,0.000518090392963867,0.00024940402263063836,0,True,False,0.055595092652235494,0.02295181043733229
inner_calibration,26776,A,2017-04-04,0.0004639090310509601,0.00022429421541092246,0,True,False,0.055595092652235494,0.02295181043733229
inner_calibration,26788,A,2017-04-04,0.00048144222091082945,0.00023243173415332107,0,True,False,0.055595092652235494,0.02295181043733229
inner_calibration,26800,A,2017-04-04,0.00048144222091082945,0.00023243173415332107,0,True,False,0.055595092652235494,0.02295181043733229
inner_calibration,26812,A,2017-04-04,0.00048144222091082945,0.00023243173415332107,0,True,False,0.055595092652235494,0.02295181043733229
inner_calibration,26824,A,2017-04-04,0.00048144222091082945,0.00023243173415332107,0,True,False,0.055595092652235494,0.02295181043733229
inner_calibration,26836,A,2017-04-04,0.00048144222091082945,0.00023243173415332107,0,True,False,0.055595092652235494,0.02295181043733229
inner_calibration,26848,A,2017-04-04,0.0004843978101332465,0.00023380233223371506,0,True,False,0.055595092652235494,0.02295181043733229
inner_calibration,26860,A,2017-04-04,0.022505708601901854,0.009445364505316344,0,True,False,0.055595092652235494,0.02295181043733229
inner_calibration,26872,A,2017-04-04,0.018753016305586692,0.007910562479285468,0,True,False,0.055595092652235494,0.02295181043733229
inner_calibration,26884,A,2017-04-04,0.0027149535045852195,0.0012253994385593436,0,True,False,0.055595092652235494,0.02295181043733229
inner_calibration,26896,A,2017-04-04,0.0005523332475661264,0.0002652199631805308,0,True,False,0.055595092652235494,0.02295181043733229
inner_calibration,26908,A,2017-04-04,0.0006325301393088455,0.0003021154128853639,0,True,False,0.055595092652235494,0.02295181043733229
inner_calibration,26920,A,2017-04-04,0.0007625323002200095,0.0003615471108060546,0,True,False,0.055595092652235494,0.02295181043733229
inner_calibration,26932,A,2017-04-04,0.0005917275403023349,0.000283368085441394,0,True,False,0.055595092652235494,0.02295181043733229
inner_calibration,26944,A,2017-04-04,0.000544240360544012,0.0002614855995322092,0,True,False,0.055595092652235494,0.02295181043733229
inner_calibration,26956,A,2017-04-04,0.009367883814617567,0.004040456996254523,0,True,False,0.055595092652235494,0.02295181043733229
inner_calibration,26968,A,2017-04-04,0.3688922485594129,0.17558950929600717,0,True,False,0.055595092652235494,0.02295181043733229
inner_calibration,26980,A,2017-04-04,0.9928485235707962,0.9760411895025864,1,True,True,0.055595092652235494,0.02295181043733229
inner_calibration,26992,A,2017-04-04,0.19388094067515277,0.08321982731755935,0,True,False,0.055595092652235494,0.02295181043733229
inner_calibration,27004,A,2017-04-04,0.0008261674111926087,0.00039049072947161306,0,True,False,0.055595092652235494,0.02295181043733229
inner_calibration,27016,A,2017-04-04,0.0010891971038691937,0.0005092787355431002,0,True,False,0.055595092652235494,0.02295181043733229
inner_calibration,27028,A,2017-04-04,0.0004892223649030099,0.00023603892618903182,0,True,False,0.055595092652235494,0.02295181043733229
inner_calibration,27040,A,2017-04-04,0.0004639090310509601,0.00022429421541092246,0,True,False,0.055595092652235494,0.02295181043733229
inner_calibration,27052,A,2017-04-04,0.0004639090310509601,0.00022429421541092246,0,True,False,0.055595092652235494,0.02295181043733229
inner_calibration,27064,A,2017-04-05,0.0004639090310509601,0.00022429421541092246,0,True,False,0.055595092652235494,0.02295181043733229
inner_calibration,27076,A,2017-04-05,0.00048144222091082945,0.00023243173415332107,0,True,False,0.055595092652235494,0.02295181043733229
inner_calibration,27088,A,2017-04-05,0.00048144222091082945,0.00023243173415332107,0,True,False,0.055595092652235494,0.02295181043733229
inner_calibration,27100,A,2017-04-05,0.00048144222091082945,0.00023243173415332107,0,True,False,0.055595092652235494,0.02295181043733229
inner_calibration,27112,A,2017-04-05,0.00048144222091082945,0.00023243173415332107,0,True,False,0.055595092652235494,0.02295181043733229
inner_calibration,27124,A,2017-04-05,0.00048144222091082945,0.00023243173415332107,0,True,False,0.055595092652235494,0.02295181043733229
inner_calibration,27136,A,2017-04-05,0.0004999474414178593,0.0002410078424015082,0,True,False,0.055595092652235494,0.02295181043733229
inner_calibration,27148,A,2017-04-05,0.005653826220520946,0.0024827352628438507,0,True,False,0.055595092652235494,0.02295181043733229
inner_calibration,27160,A,2017-04-05,0.014109016858958549,0.006003292429191976,0,True,False,0.055595092652235494,0.02295181043733229
inner_calibration,27172,A,2017-04-05,0.0011768260779062842,0.0005485933609814343,0,True,False,0.055595092652235494,0.02295181043733229
inner_calibration,27184,A,2017-04-05,0.0006619635208878915,0.0003156096021644644,0,True,False,0.055595092652235494,0.02295181043733229
inner_calibration,27196,A,2017-04-05,0.000657815457226732,0.0003137092954350429,0,True,False,0.055595092652235494,0.02295181043733229
inner_calibration,27208,A,2017-04-05,0.0005701802646443846,0.00027344775444417246,0,True,False,0.055595092652235494,0.02295181043733229
inner_calibration,27220,A,2017-04-05,0.0006627323064368681,0.0003159617464641831,0,True,False,0.055595092652235494,0.02295181043733229
inner_calibration,27232,A,2017-04-05,0.0005880353433357804,0.00028166921790156064,0,True,False,0.055595092652235494,0.02295181043733229
inner_calibration,27244,A,2017-04-05,0.0158129542805026,0.00670441204042587,0,True,False,0.055595092652235494,0.02295181043733229
inner_calibration,27256,A,2017-04-05,0.30617714061243173,0.13985754047538693,0,True,False,0.055595092652235494,0.02295181043733229
inner_calibration,27268,A,2017-04-05,0.9624410362713824,0.8893735414159554,1,True,True,0.055595092652235494,0.02295181043733229
inner_calibration,27280,A,2017-04-05,0.5441681366502696,0.2971969240365513,0,True,True,0.055595092652235494,0.02295181043733229
inner_calibration,27292,A,2017-04-05,0.0018288325061643852,0.0008380686764339405,0,True,False,0.055595092652235494,0.02295181043733229
inner_calibration,27304,A,2017-04-05,0.0012006379749834482,0.0005592567856008697,0,True,False,0.055595092652235494,0.02295181043733229
inner_calibration,27316,A,2017-04-05,0.0010269972866809767,0.0004812995491406455,0,True,False,0.055595092652235494,0.02295181043733229
inner_calibration,27328,A,2017-04-05,0.0004639090310509601,0.00022429421541092246,0,True,False,0.055595092652235494,0.02295181043733229
inner_calibration,27340,A,2017-04-05,0.0004639090310509601,0.00022429421541092246,0,True,False,0.055595092652235494,0.02295181043733229
inner_calibration,27352,A,2017-04-06,0.0004639090310509601,0.00022429421541092246,0,True,False,0.055595092652235494,0.02295181043733229
inner_calibration,27364,A,2017-04-06,0.00048144222091082945,0.00023243173415332107,0,True,False,0.055595092652235494,0.02295181043733229
inner_calibration,27376,A,2017-04-06,0.00048144222091082945,0.00023243173415332107,0,True,False,0.055595092652235494,0.02295181043733229
inner_calibration,27388,A,2017-04-06,0.00048144222091082945,0.00023243173415332107,0,True,False,0.055595092652235494,0.02295181043733229
inner_calibration,27400,A,2017-04-06,0.00048144222091082945,0.00023243173415332107,0,True,False,0.055595092652235494,0.02295181043733229
inner_calibration,27412,A,2017-04-06,0.00048144222091082945,0.00023243173415332107,0,True,False,0.055595092652235494,0.02295181043733229
inner_calibration,27424,A,2017-04-06,0.000810294663030454,0.00038327956616500625,0,True,False,0.055595092652235494,0.02295181043733229
inner_calibration,27436,A,2017-04-06,0.0012994954045710725,0.0006034422978524412,0,True,False,0.055595092652235494,0.02295181043733229
inner_calibration,27448,A,2017-04-06,0.006394937084924417,0.0027956408789585043,0,True,False,0.055595092652235494,0.02295181043733229
inner_calibration,27460,A,2017-04-06,0.0006012970509671621,0.00028776932870666297,0,True,False,0.055595092652235494,0.02295181043733229
inner_calibration,27472,A,2017-04-06,0.0006070484368175974,0.00029041321099619496,0,True,False,0.055595092652235494,0.02295181043733229
inner_calibration,27484,A,2017-04-06,0.0005701802646443846,0.00027344775444417246,0,True,False,0.055595092652235494,0.02295181043733229
inner_calibration,27496,A,2017-04-06,0.0007825858728180195,0.0003706779721950367,0,True,False,0.055595092652235494,0.02295181043733229
inner_calibration,27508,A,2017-04-06,0.0010390660700315944,0.0004867333985478687,0,True,False,0.055595092652235494,0.02295181043733229
inner_calibration,27520,A,2017-04-06,0.0007663510711233846,0.00036328659708140845,0,True,False,0.055595092652235494,0.02295181043733229
inner_calibration,27532,A,2017-04-06,0.0064213191434592115,0.002806757014135904,0,True,False,0.055595092652235494,0.02295181043733229
inner_calibration,27544,A,2017-04-06,0.6882746286415523,0.43288422439344926,1,True,False,0.055595092652235494,0.02295181043733229
inner_calibration,27556,A,2017-04-06,0.9086967250893623,0.7642385842692738,1,True,True,0.055595092652235494,0.02295181043733229
inner_calibration,27568,A,2017-04-06,0.9277288024534542,0.8054128048671026,1,True,True,0.055595092652235494,0.02295181043733229
inner_calibration,27580,A,2017-04-06,0.07123570186607897,0.02939730230260495,0,True,False,0.055595092652235494,0.02295181043733229
inner_calibration,27592,A,2017-04-06,0.0006962150432302535,0.00033128345227672576,0,True,False,0.055595092652235494,0.02295181043733229
inner_calibration,27604,A,2017-04-06,0.0006083260756958926,0.00029100040219816494,0,True,False,0.055595092652235494,0.02295181043733229
inner_calibration,27616,A,2017-04-06,0.0005894326732010247,0.0002823122113219666,0,True,False,0.055595092652235494,0.02295181043733229
inner_calibration,27628,A,2017-04-06,0.0004897572073841178,0.00023628681821503248,0,True,False,0.055595092652235494,0.02295181043733229
inner_calibration,27640,A,2017-04-07,0.0004639090310509601,0.00022429421541092246,0,True,False,0.055595092652235494,0.02295181043733229
inner_calibration,27652,A,2017-04-07,0.0005741338758086742,0.00027526906958569584,0,True,False,0.055595092652235494,0.02295181043733229
inner_calibration,27664,A,2017-04-07,0.00048144222091082945,0.00023243173415332107,0,True,False,0.055595092652235494,0.02295181043733229
inner_calibration,27676,A,2017-04-07,0.0004946164506829456,0.0002385385264917066,0,True,False,0.055595092652235494,0.02295181043733229
inner_calibration,27688,A,2017-04-07,0.0005917275403023349,0.000283368085441394,0,True,False,0.055595092652235494,0.02295181043733229
inner_calibration,27700,A,2017-04-07,0.00048144222091082945,0.00023243173415332107,0,True,False,0.055595092652235494,0.02295181043733229
inner_calibration,27712,A,2017-04-07,0.000510828548932619,0.000246044793700211,0,True,False,0.055595092652235494,0.02295181043733229
inner_calibration,27724,A,2017-04-07,0.00047953699659927947,0.0002315480485229581,0,True,False,0.055595092652235494,0.02295181043733229
inner_calibration,27736,A,2017-04-07,0.0054235042592240676,0.0023852220098682588,0,True,False,0.055595092652235494,0.02295181043733229
inner_calibration,27748,A,2017-04-07,0.0006842600856280346,0.0003258162227292143,0,True,False,0.055595092652235494,0.02295181043733229
inner_calibration,27760,A,2017-04-07,0.0005008488585636975,0.000241425277019723,0,True,False,0.055595092652235494,0.02295181043733229
inner_calibration,27772,A,2017-04-07,0.0005666224397917781,0.0002718083457742953,0,True,False,0.055595092652235494,0.02295181043733229
inner_calibration,27784,A,2017-04-07,0.0004639090310509601,0.00022429421541092246,0,True,False,0.055595092652235494,0.02295181043733229
inner_calibration,27796,A,2017-04-07,0.00048144222091082945,0.00023243173415332107,0,True,False,0.055595092652235494,0.02295181043733229
inner_calibration,27808,A,2017-04-07,0.0005912554147414954,0.00028315087234310327,0,True,False,0.055595092652235494,0.02295181043733229
inner_calibration,27820,A,2017-04-07,0.013499476694857954,0.0057520267328072154,0,True,False,0.055595092652235494,0.02295181043733229
inner_calibration,27832,A,2017-04-07,0.16069128411583355,0.06795985569519798,0,True,False,0.055595092652235494,0.02295181043733229
inner_calibration,27844,A,2017-04-07,0.10762736309356981,0.044690224710340246,0,True,False,0.055595092652235494,0.02295181043733229
inner_calibration,27856,A,2017-04-07,0.0026829527907282057,0.001211503885190636,0,True,False,0.055595092652235494,0.02295181043733229
inner_calibration,27868,A,2017-04-07,0.0007565116043358332,0.00035880393983845835,0,True,False,0.055595092652235494,0.02295181043733229
inner_calibration,27880,A,2017-04-07,0.0006233501839153893,0.00029790177031593473,0,True,False,0.055595092652235494,0.02295181043733229
inner_calibration,27892,A,2017-04-07,0.0005209903866699509,0.00025074500461699046,0,True,False,0.055595092652235494,0.02295181043733229
inner_calibration,27904,A,2017-04-07,0.0004897572073841178,0.00023628681821503248,0,True,False,0.055595092652235494,0.02295181043733229
inner_calibration,27916,A,2017-04-07,0.0004897572073841178,0.00023628681821503248,0,True,False,0.055595092652235494,0.02295181043733229
inner_calibration,27928,A,2017-04-08,0.0005054787934218104,0.00024356887863552,0,True,False,0.055595092652235494,0.02295181043733229
inner_calibration,27940,A,2017-04-08,0.0006287143898760211,0.00030036425711608825,0,True,False,0.055595092652235494,0.02295181043733229
inner_calibration,27952,A,2017-04-08,0.00048144222091082945,0.00023243173415332107,0,True,False,0.055595092652235494,0.02295181043733229
inner_calibration,27964,A,2017-04-08,0.00048144222091082945,0.00023243173415332107,0,True,False,0.055595092652235494,0.02295181043733229
inner_calibration,27976,A,2017-04-08,0.00048144222091082945,0.00023243173415332107,0,True,False,0.055595092652235494,0.02295181043733229
inner_calibration,27988,A,2017-04-08,0.00048144222091082945,0.00023243173415332107,0,True,False,0.055595092652235494,0.02295181043733229
inner_calibration,28000,A,2017-04-08,0.0004639090310509601,0.00022429421541092246,0,True,False,0.055595092652235494,0.02295181043733229
inner_calibration,28012,A,2017-04-08,0.00048243332151627513,0.00023289137469107706,0,True,False,0.055595092652235494,0.02295181043733229
inner_calibration,28024,A,2017-04-08,0.0006297216710071404,0.0003008265671212417,0,True,False,0.055595092652235494,0.02295181043733229
inner_calibration,28036,A,2017-04-08,0.0004929103264835116,0.0002377480302911541,0,True,False,0.055595092652235494,0.02295181043733229
inner_calibration,28048,A,2017-04-08,0.0015478618902807686,0.0007139077783472084,0,True,False,0.055595092652235494,0.02295181043733229
inner_calibration,28060,A,2017-04-08,0.003408796534489541,0.0015253293114931461,0,True,False,0.055595092652235494,0.02295181043733229
inner_calibration,28072,A,2017-04-08,0.0007407772784427761,0.0003516309925208596,0,True,False,0.055595092652235494,0.02295181043733229
inner_calibration,28084,A,2017-04-08,0.0006752327723488818,0.0003216854030928809,0,True,False,0.055595092652235494,0.02295181043733229
inner_calibration,28096,A,2017-04-08,0.0005206114936948456,0.0002505698178391938,0,True,False,0.055595092652235494,0.02295181043733229
inner_calibration,28108,A,2017-04-08,0.000597999258327968,0.00028625290663898716,0,True,False,0.055595092652235494,0.02295181043733229
inner_calibration,28120,A,2017-04-08,0.00048144222091082945,0.00023243173415332107,0,True,False,0.055595092652235494,0.02295181043733229
inner_calibration,28132,A,2017-04-08,0.0005463957292959576,0.0002624803784262535,0,True,False,0.055595092652235494,0.02295181043733229
inner_calibration,28144,A,2017-04-08,0.0005318068734110384,0.000255744083982513,0,True,False,0.055595092652235494,0.02295181043733229
inner_calibration,28156,A,2017-04-08,0.0004924594838181556,0.00023753912412861496,0,True,False,0.055595092652235494,0.02295181043733229
inner_calibration,28168,A,2017-04-08,0.0004639090310509601,0.00022429421541092246,0,True,False,0.055595092652235494,0.02295181043733229
inner_calibration,28180,A,2017-04-08,0.0004639090310509601,0.00022429421541092246,0,True,False,0.055595092652235494,0.02295181043733229
inner_calibration,28192,A,2017-04-08,0.0004892223649030099,0.00023603892618903182,0,True,False,0.055595092652235494,0.02295181043733229
inner_calibration,28204,A,2017-04-08,0.0004639090310509601,0.00022429421541092246,0,True,False,0.055595092652235494,0.02295181043733229
inner_calibration,28216,A,2017-04-09,0.0004892223649030099,0.00023603892618903182,0,True,False,0.055595092652235494,0.02295181043733229
inner_calibration,28228,A,2017-04-09,0.00048144222091082945,0.00023243173415332107,0,True,False,0.055595092652235494,0.02295181043733229
inner_calibration,28240,A,2017-04-09,0.00048144222091082945,0.00023243173415332107,0,True,False,0.055595092652235494,0.02295181043733229
inner_calibration,28252,A,2017-04-09,0.0005755631373143428,0.00027592736881138424,0,True,False,0.055595092652235494,0.02295181043733229
inner_calibration,28264,A,2017-04-09,0.00048144222091082945,0.00023243173415332107,0,True,False,0.055595092652235494,0.02295181043733229
inner_calibration,28276,A,2017-04-09,0.00048144222091082945,0.00023243173415332107,0,True,False,0.055595092652235494,0.02295181043733229
inner_calibration,28288,A,2017-04-09,0.0004639090310509601,0.00022429421541092246,0,True,False,0.055595092652235494,0.02295181043733229
inner_calibration,28300,A,2017-04-09,0.00047660370975779125,0.00023018725597537712,0,True,False,0.055595092652235494,0.02295181043733229
inner_calibration,28312,A,2017-04-09,0.0004639090310509601,0.00022429421541092246,0,True,False,0.055595092652235494,0.02295181043733229
inner_calibration,28324,A,2017-04-09,0.0004639090310509601,0.00022429421541092246,0,True,False,0.055595092652235494,0.02295181043733229
inner_calibration,28336,A,2017-04-09,0.0005318068734110384,0.000255744083982513,0,True,False,0.055595092652235494,0.02295181043733229
inner_calibration,28348,A,2017-04-09,0.0006539187214840178,0.0003119237021895509,0,True,False,0.055595092652235494,0.02295181043733229
inner_calibration,28360,A,2017-04-09,0.0004639090310509601,0.00022429421541092246,0,True,False,0.055595092652235494,0.02295181043733229
inner_calibration,28372,A,2017-04-09,0.00048144222091082945,0.00023243173415332107,0,True,False,0.055595092652235494,0.02295181043733229
inner_calibration,28384,A,2017-04-09,0.0005468641127812847,0.00026269653369486205,0,True,False,0.055595092652235494,0.02295181043733229
inner_calibration,28396,A,2017-04-09,0.00048144222091082945,0.00023243173415332107,0,True,False,0.055595092652235494,0.02295181043733229
inner_calibration,28408,A,2017-04-09,0.00048144222091082945,0.00023243173415332107,0,True,False,0.055595092652235494,0.02295181043733229
inner_calibration,28420,A,2017-04-09,0.00048144222091082945,0.00023243173415332107,0,True,False,0.055595092652235494,0.02295181043733229
inner_calibration,28432,A,2017-04-09,0.0004917784434921109,0.00023722353751219648,0,True,False,0.055595092652235494,0.02295181043733229
inner_calibration,28444,A,2017-04-09,0.0005524493895809592,0.0002652735398797734,0,True,False,0.055595092652235494,0.02295181043733229
inner_calibration,28456,A,2017-04-09,0.00048243332151627513,0.00023289137469107706,0,True,False,0.055595092652235494,0.02295181043733229
inner_calibration,28468,A,2017-04-09,0.0005009161899678267,0.00024145645614316976,0,True,False,0.055595092652235494,0.02295181043733229
inner_calibration,28480,A,2017-04-09,0.0004639090310509601,0.00022429421541092246,0,True,False,0.055595092652235494,0.02295181043733229
inner_calibration,28492,A,2017-04-09,0.0004639090310509601,0.00022429421541092246,0,True,False,0.055595092652235494,0.02295181043733229
inner_calibration,28504,A,2017-04-10,0.0004639090310509601,0.00022429421541092246,0,True,False,0.055595092652235494,0.02295181043733229
inner_calibration,28516,A,2017-04-10,0.00048144222091082945,0.00023243173415332107,0,True,False,0.055595092652235494,0.02295181043733229
inner_calibration,28528,A,2017-04-10,0.00048144222091082945,0.00023243173415332107,0,True,False,0.055595092652235494,0.02295181043733229
inner_calibration,28540,A,2017-04-10,0.00048144222091082945,0.00023243173415332107,0,True,False,0.055595092652235494,0.02295181043733229
inner_calibration,28552,A,2017-04-10,0.00048144222091082945,0.00023243173415332107,0,True,False,0.055595092652235494,0.02295181043733229
inner_calibration,28564,A,2017-04-10,0.0005697347628398217,0.0002732424937462642,0,True,False,0.055595092652235494,0.02295181043733229
inner_calibration,28576,A,2017-04-10,0.0004639090310509601,0.00022429421541092246,0,True,False,0.055595092652235494,0.02295181043733229
inner_calibration,28588,A,2017-04-10,0.00381342584672871,0.0016991949456640915,0,True,False,0.055595092652235494,0.02295181043733229
inner_calibration,28600,A,2017-04-10,0.0016929089152203916,0.0007781015082423304,0,True,False,0.055595092652235494,0.02295181043733229
inner_calibration,28612,A,2017-04-10,0.0008371884196732403,0.0003954945336772073,0,True,False,0.055595092652235494,0.02295181043733229
inner_calibration,28624,A,2017-04-10,0.0005073852178800191,0.00024445130588090597,0,True,False,0.055595092652235494,0.02295181043733229
inner_calibration,28636,A,2017-04-10,0.0006999743579378997,0.0003330019016017764,0,True,False,0.055595092652235494,0.02295181043733229
inner_calibration,28648,A,2017-04-10,0.0007187861809516398,0.0003415957732095987,0,True,False,0.055595092652235494,0.02295181043733229
inner_calibration,28660,A,2017-04-10,0.0006759905290436692,0.0003220322280858308,0,True,False,0.055595092652235494,0.02295181043733229
inner_calibration,28672,A,2017-04-10,0.000609942550067878,0.00029174325028982556,0,True,False,0.055595092652235494,0.02295181043733229
inner_calibration,28684,A,2017-04-10,0.00739327585172937,0.0032153227782256706,0,True,False,0.055595092652235494,0.02295181043733229
inner_calibration,28696,A,2017-04-10,0.6566388032868739,0.39936339752599626,0,True,False,0.055595092652235494,0.02295181043733229
inner_calibration,28708,A,2017-04-10,0.9766314633505516,0.9278519863358285,1,True,True,0.055595092652235494,0.02295181043733229
inner_calibration,28720,A,2017-04-10,0.21009791357942098,0.09089838837174692,0,True,False,0.055595092652235494,0.02295181043733229
inner_calibration,28732,A,2017-04-10,0.001202202107518187,0.0005599569488500489,0,True,False,0.055595092652235494,0.02295181043733229
inner_calibration,28744,A,2017-04-10,0.0006577034582787455,0.00031365798014084274,0,True,False,0.055595092652235494,0.02295181043733229
inner_calibration,28756,A,2017-04-10,0.0007280804020436353,0.000345838447839406,0,True,False,0.055595092652235494,0.02295181043733229
inner_calibration,28768,A,2017-04-10,0.0004639090310509601,0.00022429421541092246,0,True,False,0.055595092652235494,0.02295181043733229
inner_calibration,28780,A,2017-04-10,0.0005009161899678267,0.00024145645614316976,0,True,False,0.055595092652235494,0.02295181043733229
inner_calibration,28792,A,2017-04-11,0.0004639090310509601,0.00022429421541092246,0,True,False,0.055595092652235494,0.02295181043733229
inner_calibration,28804,A,2017-04-11,0.000526279276924957,0.00025318988369370785,0,True,False,0.055595092652235494,0.02295181043733229
inner_calibration,28816,A,2017-04-11,0.00048144222091082945,0.00023243173415332107,0,True,False,0.055595092652235494,0.02295181043733229
inner_calibration,28828,A,2017-04-11,0.00048144222091082945,0.00023243173415332107,0,True,False,0.055595092652235494,0.02295181043733229
inner_calibration,28840,A,2017-04-11,0.00048144222091082945,0.00023243173415332107,0,True,False,0.055595092652235494,0.02295181043733229
inner_calibration,28852,A,2017-04-11,0.00048144222091082945,0.00023243173415332107,0,True,False,0.055595092652235494,0.02295181043733229
inner_calibration,28864,A,2017-04-11,0.0004843978101332465,0.00023380233223371506,0,True,False,0.055595092652235494,0.02295181043733229
inner_calibration,28876,A,2017-04-11,0.009753439931189867,0.0042009334070559935,0,True,False,0.055595092652235494,0.02295181043733229
inner_calibration,28888,A,2017-04-11,0.1028898151703913,0.04267210972178874,0,True,False,0.055595092652235494,0.02295181043733229
inner_calibration,28900,A,2017-04-11,0.0013975553570240973,0.0006471445569634952,0,True,False,0.055595092652235494,0.02295181043733229
inner_calibration,28912,A,2017-04-11,0.000622061498330555,0.00029731006499864683,0,True,False,0.055595092652235494,0.02295181043733229
inner_calibration,28924,A,2017-04-11,0.0007223408573335416,0.00034321868052761555,0,True,False,0.055595092652235494,0.02295181043733229
inner_calibration,28936,A,2017-04-11,0.0006300428641520578,0.00030097397850458417,0,True,False,0.055595092652235494,0.02295181043733229
inner_calibration,28948,A,2017-04-11,0.00048144222091082945,0.00023243173415332107,0,True,False,0.055595092652235494,0.02295181043733229
inner_calibration,28960,A,2017-04-11,0.0006424757993889673,0.0003066778327731228,0,True,False,0.055595092652235494,0.02295181043733229
inner_calibration,28972,A,2017-04-11,0.002151866694448383,0.0009799366200659268,0,True,False,0.055595092652235494,0.02295181043733229
inner_calibration,28984,A,2017-04-11,0.3983414369655102,0.19358836475122343,0,True,False,0.055595092652235494,0.02295181043733229
inner_calibration,28996,A,2017-04-11,0.9450690421026539,0.8457629416391683,1,True,True,0.055595092652235494,0.02295181043733229
inner_calibration,29008,A,2017-04-11,0.05560005632909014,0.022953846545832254,0,True,False,0.055595092652235494,0.02295181043733229
inner_calibration,29020,A,2017-04-11,0.0009133918295893595,0.00043002482035107536,0,True,False,0.055595092652235494,0.02295181043733229
inner_calibration,29032,A,2017-04-11,0.0007298325911897158,0.0003466380599333858,0,True,False,0.055595092652235494,0.02295181043733229
inner_calibration,29044,A,2017-04-11,0.0005391269861184106,0.00025912498023417536,0,True,False,0.055595092652235494,0.02295181043733229
inner_calibration,29056,A,2017-04-11,0.0004897572073841178,0.00023628681821503248,0,True,False,0.055595092652235494,0.02295181043733229
inner_calibration,29068,A,2017-04-11,0.0004639090310509601,0.00022429421541092246,0,True,False,0.055595092652235494,0.02295181043733229
inner_calibration,29080,A,2017-04-12,0.0004639090310509601,0.00022429421541092246,0,True,False,0.055595092652235494,0.02295181043733229
inner_calibration,29092,A,2017-04-12,0.00048144222091082945,0.00023243173415332107,0,True,False,0.055595092652235494,0.02295181043733229
inner_calibration,29104,A,2017-04-12,0.00048144222091082945,0.00023243173415332107,0,True,False,0.055595092652235494,0.02295181043733229
inner_calibration,29116,A,2017-04-12,0.00048144222091082945,0.00023243173415332107,0,True,False,0.055595092652235494,0.02295181043733229
inner_calibration,29128,A,2017-04-12,0.00048144222091082945,0.00023243173415332107,0,True,False,0.055595092652235494,0.02295181043733229
inner_calibration,29140,A,2017-04-12,0.00048144222091082945,0.00023243173415332107,0,True,False,0.055595092652235494,0.02295181043733229
inner_calibration,29152,A,2017-04-12,0.0004843978101332465,0.00023380233223371506,0,True,False,0.055595092652235494,0.02295181043733229
inner_calibration,29164,A,2017-04-12,0.12565594803671182,0.05245409285221895,0,True,False,0.055595092652235494,0.02295181043733229
inner_calibration,29176,A,2017-04-12,0.034460638460427524,0.014319088837938447,0,True,False,0.055595092652235494,0.02295181043733229
inner_calibration,29188,A,2017-04-12,0.01029607572756613,0.0044264864850664725,0,True,False,0.055595092652235494,0.02295181043733229
inner_calibration,29200,A,2017-04-12,0.001649103205061022,0.0007587371140218326,0,True,False,0.055595092652235494,0.02295181043733229
inner_calibration,29212,A,2017-04-12,0.001179797722435818,0.0005499245686419162,0,True,False,0.055595092652235494,0.02295181043733229
inner_calibration,29224,A,2017-04-12,0.0004778872008783015,0.00023078272551890828,0,True,False,0.055595092652235494,0.02295181043733229
inner_calibration,29236,A,2017-04-12,0.0008258656946438526,0.00039035370668056944,0,True,False,0.055595092652235494,0.02295181043733229
inner_calibration,29248,A,2017-04-12,0.0006424757993889673,0.0003066778327731228,0,True,False,0.055595092652235494,0.02295181043733229
inner_calibration,29260,A,2017-04-12,0.02139924136836006,0.008993265446102301,0,True,False,0.055595092652235494,0.02295181043733229
inner_calibration,29272,A,2017-04-12,0.9610634309742436,0.8857844797898805,1,True,False,0.055595092652235494,0.02295181043733229
inner_calibration,29284,A,2017-04-12,0.9883843603178494,0.9622034245478422,1,True,True,0.055595092652235494,0.02295181043733229
inner_calibration,29296,A,2017-04-12,0.687960742844876,0.43253941482375985,0,True,True,0.055595092652235494,0.02295181043733229
inner_calibration,29308,A,2017-04-12,0.001786057954196596,0.0008192159911559844,0,True,False,0.055595092652235494,0.02295181043733229
inner_calibration,29320,A,2017-04-12,0.001292580390794561,0.0006003558463318692,0,True,False,0.055595092652235494,0.02295181043733229
inner_calibration,29332,A,2017-04-12,0.0007744157431218251,0.00036695902918584914,0,True,False,0.055595092652235494,0.02295181043733229
inner_calibration,29344,A,2017-04-12,0.0005009161899678267,0.00024145645614316976,0,True,False,0.055595092652235494,0.02295181043733229
inner_calibration,29356,A,2017-04-12,0.0004897572073841178,0.00023628681821503248,0,True,False,0.055595092652235494,0.02295181043733229
inner_calibration,29368,A,2017-04-13,0.0004897572073841178,0.00023628681821503248,0,True,False,0.055595092652235494,0.02295181043733229
inner_calibration,29380,A,2017-04-13,0.00048144222091082945,0.00023243173415332107,0,True,False,0.055595092652235494,0.02295181043733229
inner_calibration,29392,A,2017-04-13,0.00048144222091082945,0.00023243173415332107,0,True,False,0.055595092652235494,0.02295181043733229
inner_calibration,29404,A,2017-04-13,0.00048144222091082945,0.00023243173415332107,0,True,False,0.055595092652235494,0.02295181043733229
inner_calibration,29416,A,2017-04-13,0.00048144222091082945,0.00023243173415332107,0,True,False,0.055595092652235494,0.02295181043733229
inner_calibration,29428,A,2017-04-13,0.0005110711708066843,0.0002461570572044996,0,True,False,0.055595092652235494,0.02295181043733229
inner_calibration,29440,A,2017-04-13,0.0004778872008783015,0.00023078272551890828,0,True,False,0.055595092652235494,0.02295181043733229
inner_calibration,29452,A,2017-04-13,0.005367987979659551,0.002361697139216961,0,True,False,0.055595092652235494,0.02295181043733229
inner_calibration,29464,A,2017-04-13,0.003921751135411577,0.0017456273651279323,0,True,False,0.055595092652235494,0.02295181043733229
inner_calibration,29476,A,2017-04-13,0.0006532249290800834,0.0003116057437749427,0,True,False,0.055595092652235494,0.02295181043733229
inner_calibration,29488,A,2017-04-13,0.0009276727119233583,0.00043648329116573767,0,True,False,0.055595092652235494,0.02295181043733229
inner_calibration,29500,A,2017-04-13,0.0009834164638266524,0.00046165701923593086,0,True,False,0.055595092652235494,0.02295181043733229
inner_calibration,29512,A,2017-04-13,0.0007865814774475789,0.00037249617359226935,0,True,False,0.055595092652235494,0.02295181043733229
inner_calibration,29524,A,2017-04-13,0.0006443530649985779,0.0003075386901133708,0,True,False,0.055595092652235494,0.02295181043733229
inner_calibration,29536,A,2017-04-13,0.00048144222091082945,0.00023243173415332107,0,True,False,0.055595092652235494,0.02295181043733229
inner_calibration,29548,A,2017-04-13,0.022382791600412757,0.009395156112087981,0,True,False,0.055595092652235494,0.02295181043733229
inner_calibration,29560,A,2017-04-13,0.7364156538910789,0.48898829332044985,0,True,False,0.055595092652235494,0.02295181043733229
inner_calibration,29572,A,2017-04-13,0.9909709867041249,0.9701554729956853,1,True,True,0.055595092652235494,0.02295181043733229
inner_calibration,29584,A,2017-04-13,0.07455778292025442,0.030774917559725466,0,True,False,0.055595092652235494,0.02295181043733229
inner_calibration,29596,A,2017-04-13,0.0015253841420067471,0.0007039398684309735,0,True,False,0.055595092652235494,0.02295181043733229
inner_calibration,29608,A,2017-04-13,0.0006044905221462512,0.00028923747190801784,0,True,False,0.055595092652235494,0.02295181043733229
inner_calibration,29620,A,2017-04-13,0.0004639090310509601,0.00022429421541092246,0,True,False,0.055595092652235494,0.02295181043733229
inner_calibration,29632,A,2017-04-13,0.0005009161899678267,0.00024145645614316976,0,True,False,0.055595092652235494,0.02295181043733229
inner_calibration,29644,A,2017-04-13,0.0004639090310509601,0.00022429421541092246,0,True,False,0.055595092652235494,0.02295181043733229
inner_calibration,29656,A,2017-04-14,0.0004639090310509601,0.00022429421541092246,0,True,False,0.055595092652235494,0.02295181043733229
inner_calibration,29668,A,2017-04-14,0.00048144222091082945,0.00023243173415332107,0,True,False,0.055595092652235494,0.02295181043733229
inner_calibration,29680,A,2017-04-14,0.00048144222091082945,0.00023243173415332107,0,True,False,0.055595092652235494,0.02295181043733229
inner_calibration,29692,A,2017-04-14,0.00048144222091082945,0.00023243173415332107,0,True,False,0.055595092652235494,0.02295181043733229
inner_calibration,29704,A,2017-04-14,0.00048144222091082945,0.00023243173415332107,0,True,False,0.055595092652235494,0.02295181043733229
inner_calibration,29716,A,2017-04-14,0.00048144222091082945,0.00023243173415332107,0,True,False,0.055595092652235494,0.02295181043733229
inner_calibration,29728,A,2017-04-14,0.0004639090310509601,0.00022429421541092246,0,True,False,0.055595092652235494,0.02295181043733229
inner_calibration,29740,A,2017-04-14,0.000609444352876541,0.0002915143127887661,0,True,False,0.055595092652235494,0.02295181043733229
inner_calibration,29752,A,2017-04-14,0.0008531372440548876,0.0004027311815153741,0,True,False,0.055595092652235494,0.02295181043733229
inner_calibration,29764,A,2017-04-14,0.000653546163117306,0.0003117529638902765,0,True,False,0.055595092652235494,0.02295181043733229
inner_calibration,29776,A,2017-04-14,0.0005701802646443846,0.00027344775444417246,0,True,False,0.055595092652235494,0.02295181043733229
inner_calibration,29788,A,2017-04-14,0.0006318546944706345,0.0003018054620926523,0,True,False,0.055595092652235494,0.02295181043733229
inner_calibration,29800,A,2017-04-14,0.0010699102138698375,0.0005006097034276544,0,True,False,0.055595092652235494,0.02295181043733229
inner_calibration,29812,A,2017-04-14,0.00048144222091082945,0.00023243173415332107,0,True,False,0.055595092652235494,0.02295181043733229
inner_calibration,29824,A,2017-04-14,0.0005329645985975184,0.00025627891581157076,0,True,False,0.055595092652235494,0.02295181043733229
inner_calibration,29836,A,2017-04-14,0.41597069823044847,0.20477594055943246,0,True,False,0.055595092652235494,0.02295181043733229
inner_calibration,29848,A,2017-04-14,0.6889577068873566,0.4336354809248251,0,True,False,0.055595092652235494,0.02295181043733229
inner_calibration,29860,A,2017-04-14,0.4710357438272864,0.24191675999819176,0,True,False,0.055595092652235494,0.02295181043733229
inner_calibration,29872,A,2017-04-14,0.0011610857060127154,0.0005415399889889311,0,True,False,0.055595092652235494,0.02295181043733229
inner_calibration,29884,A,2017-04-14,0.0008184720442722639,0.00038699531645754133,0,True,False,0.055595092652235494,0.02295181043733229
inner_calibration,29896,A,2017-04-14,0.0006714754894326199,0.00031996547202872206,0,True,False,0.055595092652235494,0.02295181043733229
inner_calibration,29908,A,2017-04-14,0.0004639090310509601,0.00022429421541092246,0,True,False,0.055595092652235494,0.02295181043733229
inner_calibration,29920,A,2017-04-14,0.0004639090310509601,0.00022429421541092246,0,True,False,0.055595092652235494,0.02295181043733229
inner_calibration,29932,A,2017-04-14,0.0004639090310509601,0.00022429421541092246,0,True,False,0.055595092652235494,0.02295181043733229
inner_calibration,29944,A,2017-04-15,0.0004639090310509601,0.00022429421541092246,0,True,False,0.055595092652235494,0.02295181043733229
inner_calibration,29956,A,2017-04-15,0.0004946164506829456,0.0002385385264917066,0,True,False,0.055595092652235494,0.02295181043733229
inner_calibration,29968,A,2017-04-15,0.00048144222091082945,0.00023243173415332107,0,True,False,0.055595092652235494,0.02295181043733229
inner_calibration,29980,A,2017-04-15,0.00048144222091082945,0.00023243173415332107,0,True,False,0.055595092652235494,0.02295181043733229
inner_calibration,29992,A,2017-04-15,0.00048144222091082945,0.00023243173415332107,0,True,False,0.055595092652235494,0.02295181043733229
inner_calibration,30004,A,2017-04-15,0.00048144222091082945,0.00023243173415332107,0,True,False,0.055595092652235494,0.02295181043733229
inner_calibration,30016,A,2017-04-15,0.0004639090310509601,0.00022429421541092246,0,True,False,0.055595092652235494,0.02295181043733229
inner_calibration,30028,A,2017-04-15,0.0004639090310509601,0.00022429421541092246,0,True,False,0.055595092652235494,0.02295181043733229
inner_calibration,30040,A,2017-04-15,0.0004639090310509601,0.00022429421541092246,0,True,False,0.055595092652235494,0.02295181043733229
inner_calibration,30052,A,2017-04-15,0.000659206830511673,0.0003143467617623571,0,True,False,0.055595092652235494,0.02295181043733229
inner_calibration,30064,A,2017-04-15,0.0004639090310509601,0.00022429421541092246,0,True,False,0.055595092652235494,0.02295181043733229
inner_calibration,30076,A,2017-04-15,0.0005666773827344743,0.00027183366595582816,0,True,False,0.055595092652235494,0.02295181043733229
inner_calibration,30088,A,2017-04-15,0.0004639090310509601,0.00022429421541092246,0,True,False,0.055595092652235494,0.02295181043733229
inner_calibration,30100,A,2017-04-15,0.00048144222091082945,0.00023243173415332107,0,True,False,0.055595092652235494,0.02295181043733229
inner_calibration,30112,A,2017-04-15,0.0004936748263539441,0.00023810225817279986,0,True,False,0.055595092652235494,0.02295181043733229
inner_calibration,30124,A,2017-04-15,0.00048144222091082945,0.00023243173415332107,0,True,False,0.055595092652235494,0.02295181043733229
inner_calibration,30136,A,2017-04-15,0.00048144222091082945,0.00023243173415332107,0,True,False,0.055595092652235494,0.02295181043733229
inner_calibration,30148,A,2017-04-15,0.00048144222091082945,0.00023243173415332107,0,True,False,0.055595092652235494,0.02295181043733229
inner_calibration,30160,A,2017-04-15,0.0004639090310509601,0.00022429421541092246,0,True,False,0.055595092652235494,0.02295181043733229
inner_calibration,30172,A,2017-04-15,0.0004639090310509601,0.00022429421541092246,0,True,False,0.055595092652235494,0.02295181043733229
inner_calibration,30184,A,2017-04-15,0.00047889753729951607,0.0002312514222675817,0,True,False,0.055595092652235494,0.02295181043733229
inner_calibration,30196,A,2017-04-15,0.0004639090310509601,0.00022429421541092246,0,True,False,0.055595092652235494,0.02295181043733229
inner_calibration,30208,A,2017-04-15,0.0004639090310509601,0.00022429421541092246,0,True,False,0.055595092652235494,0.02295181043733229
inner_calibration,30220,A,2017-04-15,0.0004639090310509601,0.00022429421541092246,0,True,False,0.055595092652235494,0.02295181043733229
inner_calibration,30232,A,2017-04-16,0.0005042912444713204,0.00024301913182080693,0,True,False,0.055595092652235494,0.02295181043733229
inner_calibration,30244,A,2017-04-16,0.0005077117725118981,0.00024460244531365077,0,True,False,0.055595092652235494,0.02295181043733229
inner_calibration,30256,A,2017-04-16,0.00048144222091082945,0.00023243173415332107,0,True,False,0.055595092652235494,0.02295181043733229
inner_calibration,30268,A,2017-04-16,0.00048144222091082945,0.00023243173415332107,0,True,False,0.055595092652235494,0.02295181043733229
inner_calibration,30280,A,2017-04-16,0.0010994053836112325,0.0005138647386423873,0,True,False,0.055595092652235494,0.02295181043733229
inner_calibration,30292,A,2017-04-16,0.0005909683920032665,0.0002830188170954599,0,True,False,0.055595092652235494,0.02295181043733229
inner_calibration,30304,A,2017-04-16,0.0004639090310509601,0.00022429421541092246,0,True,False,0.055595092652235494,0.02295181043733229
inner_calibration,30316,A,2017-04-16,0.0004639090310509601,0.00022429421541092246,0,True,False,0.055595092652235494,0.02295181043733229
inner_calibration,30328,A,2017-04-16,0.0004639090310509601,0.00022429421541092246,0,True,False,0.055595092652235494,0.02295181043733229
inner_calibration,30340,A,2017-04-16,0.0005877269862787547,0.00028152731671977546,0,True,False,0.055595092652235494,0.02295181043733229
inner_calibration,30352,A,2017-04-16,0.0006275609739901843,0.0002998348404891557,0,True,False,0.055595092652235494,0.02295181043733229
inner_calibration,30364,A,2017-04-16,0.0005898659352405806,0.0002825115685242224,0,True,False,0.055595092652235494,0.02295181043733229
inner_calibration,30376,A,2017-04-16,0.00047889753729951607,0.0002312514222675817,0,True,False,0.055595092652235494,0.02295181043733229
inner_calibration,30388,A,2017-04-16,0.0031494120333387444,0.0014134899980152587,0,True,False,0.055595092652235494,0.02295181043733229
inner_calibration,30400,A,2017-04-16,0.007460780823880399,0.0032436330834317226,0,True,False,0.055595092652235494,0.02295181043733229
inner_calibration,30412,A,2017-04-16,0.0005335232869855365,0.0002565369956638884,0,True,False,0.055595092652235494,0.02295181043733229
inner_calibration,30424,A,2017-04-16,0.0005751370578819813,0.00027573112885180903,0,True,False,0.055595092652235494,0.02295181043733229
inner_calibration,30436,A,2017-04-16,0.00048144222091082945,0.00023243173415332107,0,True,False,0.055595092652235494,0.02295181043733229
inner_calibration,30448,A,2017-04-16,0.0005880338120686598,0.0002816685132431158,0,True,False,0.055595092652235494,0.02295181043733229
inner_calibration,30460,A,2017-04-16,0.0005914919280893409,0.00028325968703155497,0,True,False,0.055595092652235494,0.02295181043733229
inner_calibration,30472,A,2017-04-16,0.000592184830429705,0.00028357846669104945,0,True,False,0.055595092652235494,0.02295181043733229
inner_calibration,30484,A,2017-04-16,0.000518090392963867,0.00024940402263063836,0,True,False,0.055595092652235494,0.02295181043733229
inner_calibration,30496,A,2017-04-16,0.0004639090310509601,0.00022429421541092246,0,True,False,0.055595092652235494,0.02295181043733229
inner_calibration,30508,A,2017-04-16,0.0004639090310509601,0.00022429421541092246,0,True,False,0.055595092652235494,0.02295181043733229
inner_calibration,30520,A,2017-04-17,0.0004639090310509601,0.00022429421541092246,0,True,False,0.055595092652235494,0.02295181043733229
inner_calibration,30532,A,2017-04-17,0.00048144222091082945,0.00023243173415332107,0,True,False,0.055595092652235494,0.02295181043733229
inner_calibration,30544,A,2017-04-17,0.00048144222091082945,0.00023243173415332107,0,True,False,0.055595092652235494,0.02295181043733229
inner_calibration,30556,A,2017-04-17,0.00048144222091082945,0.00023243173415332107,0,True,False,0.055595092652235494,0.02295181043733229
inner_calibration,30568,A,2017-04-17,0.00048144222091082945,0.00023243173415332107,0,True,False,0.055595092652235494,0.02295181043733229
inner_calibration,30580,A,2017-04-17,0.00048144222091082945,0.00023243173415332107,0,True,False,0.055595092652235494,0.02295181043733229
inner_calibration,30592,A,2017-04-17,0.0004843978101332465,0.00023380233223371506,0,True,False,0.055595092652235494,0.02295181043733229
inner_calibration,30604,A,2017-04-17,0.011293782134462213,0.004840351106907382,0,True,False,0.055595092652235494,0.02295181043733229
inner_calibration,30616,A,2017-04-17,0.0014397735436622431,0.000665923427491832,0,True,False,0.055595092652235494,0.02295181043733229
inner_calibration,30628,A,2017-04-17,0.0006035861684120316,0.00028882174163988284,0,True,False,0.055595092652235494,0.02295181043733229
inner_calibration,30640,A,2017-04-17,0.0004639090310509601,0.00022429421541092246,0,True,False,0.055595092652235494,0.02295181043733229
inner_calibration,30652,A,2017-04-17,0.000674138349865843,0.0003211844595621058,0,True,False,0.055595092652235494,0.02295181043733229
inner_calibration,30664,A,2017-04-17,0.0005762237348500867,0.00027623160988353245,0,True,False,0.055595092652235494,0.02295181043733229
inner_calibration,30676,A,2017-04-17,0.0007053505776125976,0.0003354588443035137,0,True,False,0.055595092652235494,0.02295181043733229
inner_calibration,30688,A,2017-04-17,0.0004967608630486689,0.0002395319430927418,0,True,False,0.055595092652235494,0.02295181043733229
inner_calibration,30700,A,2017-04-17,0.010219334543362728,0.004394608732699794,0,True,False,0.055595092652235494,0.02295181043733229
inner_calibration,30712,A,2017-04-17,0.8181075120170939,0.6018678054273676,1,True,False,0.055595092652235494,0.02295181043733229
inner_calibration,30724,A,2017-04-17,0.9942740545012886,0.980584125386529,1,True,True,0.055595092652235494,0.02295181043733229
inner_calibration,30736,A,2017-04-17,0.5728515558338549,0.32105509785708614,1,True,True,0.055595092652235494,0.02295181043733229
inner_calibration,30748,A,2017-04-17,0.0007103178640506554,0.0003377282571053798,0,True,False,0.055595092652235494,0.02295181043733229
inner_calibration,30760,A,2017-04-17,0.0009137621646281323,0.00043019235185311677,0,True,False,0.055595092652235494,0.02295181043733229
inner_calibration,30772,A,2017-04-17,0.0006053056891755115,0.0002896121823976273,0,True,False,0.055595092652235494,0.02295181043733229
inner_calibration,30784,A,2017-04-17,0.0004639090310509601,0.00022429421541092246,0,True,False,0.055595092652235494,0.02295181043733229
inner_calibration,30796,A,2017-04-17,0.0004639090310509601,0.00022429421541092246,0,True,False,0.055595092652235494,0.02295181043733229
inner_calibration,30808,A,2017-04-18,0.0004639090310509601,0.00022429421541092246,0,True,False,0.055595092652235494,0.02295181043733229
inner_calibration,30820,A,2017-04-18,0.00048144222091082945,0.00023243173415332107,0,True,False,0.055595092652235494,0.02295181043733229
inner_calibration,30832,A,2017-04-18,0.00048144222091082945,0.00023243173415332107,0,True,False,0.055595092652235494,0.02295181043733229
inner_calibration,30844,A,2017-04-18,0.00048144222091082945,0.00023243173415332107,0,True,False,0.055595092652235494,0.02295181043733229
inner_calibration,30856,A,2017-04-18,0.0006785768504798507,0.0003232158728415619,0,True,False,0.055595092652235494,0.02295181043733229
inner_calibration,30868,A,2017-04-18,0.00048144222091082945,0.00023243173415332107,0,True,False,0.055595092652235494,0.02295181043733229
inner_calibration,30880,A,2017-04-18,0.0004843978101332465,0.00023380233223371506,0,True,False,0.055595092652235494,0.02295181043733229
inner_calibration,30892,A,2017-04-18,0.9420756612003824,0.8385855616545699,1,True,False,0.055595092652235494,0.02295181043733229
inner_calibration,30904,A,2017-04-18,0.9749558470522453,0.923154146277855,1,True,True,0.055595092652235494,0.02295181043733229
inner_calibration,30916,A,2017-04-18,0.8056557622200254,0.5829583431375361,0,True,True,0.055595092652235494,0.02295181043733229
inner_calibration,30928,A,2017-04-18,0.00832080792269885,0.003603645001146677,0,True,False,0.055595092652235494,0.02295181043733229
inner_calibration,30940,A,2017-04-18,0.0006611436926786576,0.00031523406010971946,0,True,False,0.055595092652235494,0.02295181043733229
inner_calibration,30952,A,2017-04-18,0.0006763638074558694,0.00032220307193593455,0,True,False,0.055595092652235494,0.02295181043733229
inner_calibration,30964,A,2017-04-18,0.0006255783734184918,0.0002989247404375535,0,True,False,0.055595092652235494,0.02295181043733229
inner_calibration,30976,A,2017-04-18,0.0006255783734184918,0.0002989247404375535,0,True,False,0.055595092652235494,0.02295181043733229
inner_calibration,30988,A,2017-04-18,0.0024116577358837374,0.0010934477873462797,0,True,False,0.055595092652235494,0.02295181043733229
inner_calibration,31000,A,2017-04-18,0.4485438753376695,0.22632442455228527,0,True,False,0.055595092652235494,0.02295181043733229
inner_calibration,31012,A,2017-04-18,0.9658453411583698,0.8983478887376187,1,True,True,0.055595092652235494,0.02295181043733229
inner_calibration,31024,A,2017-04-18,0.07423790995777209,0.03064212776312809,0,True,False,0.055595092652235494,0.02295181043733229
inner_calibration,31036,A,2017-04-18,0.0007826135464250577,0.0003706905663157551,0,True,False,0.055595092652235494,0.02295181043733229
inner_calibration,31048,A,2017-04-18,0.0006027991907682473,0.00028845994926689314,0,True,False,0.055595092652235494,0.02295181043733229
inner_calibration,31060,A,2017-04-18,0.0005088353629188323,0.0002451224481940927,0,True,False,0.055595092652235494,0.02295181043733229
inner_calibration,31072,A,2017-04-18,0.0004639090310509601,0.00022429421541092246,0,True,False,0.055595092652235494,0.02295181043733229
inner_calibration,31084,A,2017-04-18,0.0005042912444713204,0.00024301913182080693,0,True,False,0.055595092652235494,0.02295181043733229
inner_calibration,31096,A,2017-04-19,0.0004639090310509601,0.00022429421541092246,0,True,False,0.055595092652235494,0.02295181043733229
inner_calibration,31108,A,2017-04-19,0.00048144222091082945,0.00023243173415332107,0,True,False,0.055595092652235494,0.02295181043733229
inner_calibration,31120,A,2017-04-19,0.00048144222091082945,0.00023243173415332107,0,True,False,0.055595092652235494,0.02295181043733229
inner_calibration,31132,A,2017-04-19,0.00048144222091082945,0.00023243173415332107,0,True,False,0.055595092652235494,0.02295181043733229
inner_calibration,31144,A,2017-04-19,0.00048144222091082945,0.00023243173415332107,0,True,False,0.055595092652235494,0.02295181043733229
inner_calibration,31156,A,2017-04-19,0.0004969969279414468,0.0002396412918380887,0,True,False,0.055595092652235494,0.02295181043733229
inner_calibration,31168,A,2017-04-19,0.0005729171813012367,0.00027470862560704607,0,True,False,0.055595092652235494,0.02295181043733229
inner_calibration,31180,A,2017-04-19,0.044642703220348204,0.018470595889571586,1,True,False,0.055595092652235494,0.02295181043733229
inner_calibration,31192,A,2017-04-19,0.9703960802075776,0.9105889557936286,1,True,True,0.055595092652235494,0.02295181043733229
inner_calibration,31204,A,2017-04-19,0.09127928138689374,0.03776247170061618,1,True,True,0.055595092652235494,0.02295181043733229
inner_calibration,31216,A,2017-04-19,0.00232554479703088,0.0010558750211082343,0,True,False,0.055595092652235494,0.02295181043733229
inner_calibration,31228,A,2017-04-19,0.0004639090310509601,0.00022429421541092246,0,True,False,0.055595092652235494,0.02295181043733229
inner_calibration,31240,A,2017-04-19,0.0005028111092899213,0.00024233386853487828,0,True,False,0.055595092652235494,0.02295181043733229
inner_calibration,31252,A,2017-04-19,0.0005437580886145647,0.0002612629929575698,0,True,False,0.055595092652235494,0.02295181043733229
inner_calibration,31264,A,2017-04-19,0.0007255688025720709,0.0003446921482480098,0,True,False,0.055595092652235494,0.02295181043733229
inner_calibration,31276,A,2017-04-19,0.005352931553312112,0.0023553156162821327,0,True,False,0.055595092652235494,0.02295181043733229
inner_calibration,31288,A,2017-04-19,0.6136484354806667,0.3574509755773512,0,True,False,0.055595092652235494,0.02295181043733229
inner_calibration,31300,A,2017-04-19,0.9823049639828185,0.9441076648454686,1,True,True,0.055595092652235494,0.02295181043733229
inner_calibration,31312,A,2017-04-19,0.1637920640324518,0.06936092572022717,0,True,True,0.055595092652235494,0.02295181043733229
inner_calibration,31324,A,2017-04-19,0.0007609547317205804,0.00036082841490376667,0,True,False,0.055595092652235494,0.02295181043733229
inner_calibration,31336,A,2017-04-19,0.0006867630598860045,0.0003269611856057679,0,True,False,0.055595092652235494,0.02295181043733229
inner_calibration,31348,A,2017-04-19,0.0004639090310509601,0.00022429421541092246,0,True,False,0.055595092652235494,0.02295181043733229
validation,31409,B,2017-04-20,0.00038963537857135644,0.00016701196504414952,0,True,False,0.047727018326454484,0.019293840874695573
validation,31490,B,2017-04-20,0.3038756531744206,0.14146720782101088,0,True,False,0.047727018326454484,0.019293840874695573
validation,31571,B,2017-04-20,0.26308649323497435,0.11913981974835829,1,True,True,0.047727018326454484,0.019293840874695573
validation,31652,B,2017-04-20,0.0003585463850217939,0.00015391451791831113,0,True,False,0.047727018326454484,0.019293840874695573
validation,31733,B,2017-04-21,0.0003696071033836475,0.00015857648638492125,0,True,False,0.047727018326454484,0.019293840874695573
validation,31815,B,2017-04-21,0.0008503890416416112,0.000359496290712614,0,True,False,0.047727018326454484,0.019293840874695573
validation,31896,B,2017-04-21,0.0017198964348655646,0.000718235246875122,0,True,False,0.047727018326454484,0.019293840874695573
validation,31977,B,2017-04-22,0.00038918011930552155,0.0001668203060811281,0,True,False,0.047727018326454484,0.019293840874695573
validation,32058,B,2017-04-22,0.000503721936603721,0.00021492769918237607,0,True,False,0.047727018326454484,0.019293840874695573
validation,32139,B,2017-04-22,0.00040360053686872233,0.00017288924257617596,0,True,False,0.047727018326454484,0.019293840874695573
validation,32221,B,2017-04-22,0.00045545449662260084,0.0001946817606919569,0,True,False,0.047727018326454484,0.019293840874695573
validation,32302,B,2017-04-23,0.00032829821295142183,0.00014115202367551955,0,True,False,0.047727018326454484,0.019293840874695573
validation,32383,B,2017-04-23,0.0003993975892284296,0.00017112080244916048,0,True,False,0.047727018326454484,0.019293840874695573
validation,32464,B,2017-04-23,0.00037690605718221967,0.00016165156018769963,0,True,False,0.047727018326454484,0.019293840874695573
validation,32545,B,2017-04-24,0.0003523769588443008,0.00015131307534020712,0,True,False,0.047727018326454484,0.019293840874695573
validation,32627,B,2017-04-24,0.12021090990017168,0.05003552320733293,0,True,False,0.047727018326454484,0.019293840874695573
validation,32708,B,2017-04-24,0.0005897311407124108,0.0002509223982511123,0,True,False,0.047727018326454484,0.019293840874695573
validation,32789,B,2017-04-24,0.0004575013664956689,0.0001955410643209291,0,True,False,0.047727018326454484,0.019293840874695573
validation,32870,B,2017-04-25,0.00033897386854899115,0.00014565864215457616,0,True,False,0.047727018326454484,0.019293840874695573
validation,32952,B,2017-04-25,0.00039432838569916065,0.00016898743835790054,0,True,False,0.047727018326454484,0.019293840874695573
validation,33033,B,2017-04-25,0.9946706033309518,0.9844105545369116,1,True,True,0.047727018326454484,0.019293840874695573
validation,33114,B,2017-04-26,0.000384762888191987,0.00016496049618506324,0,True,False,0.047727018326454484,0.019293840874695573
validation,33195,B,2017-04-26,0.05055619192564241,0.020451845856480855,1,True,False,0.047727018326454484,0.019293840874695573
validation,33276,B,2017-04-26,0.00034676475649897723,0.00014894589678305826,0,True,False,0.047727018326454484,0.019293840874695573
validation,33358,B,2017-04-26,0.0003641785924759133,0.00015628874251812688,0,True,False,0.047727018326454484,0.019293840874695573
validation,33439,B,2017-04-27,0.00032829821295142183,0.00014115202367551955,0,True,False,0.047727018326454484,0.019293840874695573
validation,33520,B,2017-04-27,0.0049296278781365025,0.002023578226367739,0,True,False,0.047727018326454484,0.019293840874695573
validation,33601,B,2017-04-27,0.9908245087762421,0.9736135785092579,1,True,True,0.047727018326454484,0.019293840874695573
validation,33682,B,2017-04-27,0.00042305529747316945,0.00018107089363423828,0,True,False,0.047727018326454484,0.019293840874695573
validation,33764,B,2017-04-28,0.00041875410593673846,0.00017926261923572004,0,True,False,0.047727018326454484,0.019293840874695573
validation,33845,B,2017-04-28,0.00040702054546657725,0.00017432801233863626,0,True,False,0.047727018326454484,0.019293840874695573
validation,33926,B,2017-04-28,0.0009969964188621062,0.0004202988736326624,0,True,False,0.047727018326454484,0.019293840874695573
validation,34007,B,2017-04-29,0.0003731924595452866,0.00016008714160857738,0,True,False,0.047727018326454484,0.019293840874695573
validation,34089,B,2017-04-29,0.0003510543541971886,0.00015075527250763893,0,True,False,0.047727018326454484,0.019293840874695573
validation,34170,B,2017-04-29,0.0005112852451103209,0.00021809698942855626,0,True,False,0.047727018326454484,0.019293840874695573
validation,34251,B,2017-04-29,0.00036691645556523653,0.00015744263813233488,0,True,False,0.047727018326454484,0.019293840874695573
validation,34332,B,2017-04-30,0.0003584719292010331,0.00015388312710729423,0,True,False,0.047727018326454484,0.019293840874695573
validation,34413,B,2017-04-30,0.0005501872168875816,0.00023438559027776047,0,True,False,0.047727018326454484,0.019293840874695573
validation,34495,B,2017-04-30,0.0005244792802247599,0.00022362379586836906,0,True,False,0.047727018326454484,0.019293840874695573
validation,34576,B,2017-05-01,0.00039864292354760726,0.00017080323328761736,0,True,False,0.047727018326454484,0.019293840874695573
validation,34657,B,2017-05-01,0.9194972435158156,0.8025479177287834,1,True,True,0.047727018326454484,0.019293840874695573
validation,34738,B,2017-05-01,0.33459364382680906,0.15918774077305956,0,True,False,0.047727018326454484,0.019293840874695573
validation,34819,B,2017-05-01,0.00037985148138430943,0.0001628921786492381,0,True,False,0.047727018326454484,0.019293840874695573
validation,34901,B,2017-05-02,0.000418207816753543,0.00017903292915491284,0,True,False,0.047727018326454484,0.019293840874695573
validation,34982,B,2017-05-02,0.00032829821295142183,0.00014115202367551955,0,True,False,0.047727018326454484,0.019293840874695573
validation,35063,B,2017-05-02,0.09072353848120382,0.03724046597420545,0,True,False,0.047727018326454484,0.019293840874695573
validation,35144,B,2017-05-03,0.0003549138501894358,0.00015238289496836253,0,True,False,0.047727018326454484,0.019293840874695573
validation,35225,B,2017-05-03,0.9848202826204036,0.9572162033585322,1,True,True,0.047727018326454484,0.019293840874695573
validation,35307,B,2017-05-03,0.2222741734367672,0.09805230394544968,1,True,False,0.047727018326454484,0.019293840874695573
validation,35388,B,2017-05-03,0.0003444729636567789,0.00014797904419869607,0,True,False,0.047727018326454484,0.019293840874695573
validation,35469,B,2017-05-04,0.00032829821295142183,0.00014115202367551955,0,True,False,0.047727018326454484,0.019293840874695573
validation,35550,B,2017-05-04,0.0003675446520992979,0.00015770737540811208,0,True,False,0.047727018326454484,0.019293840874695573
validation,35632,B,2017-05-04,0.8868439299769864,0.7373939509505621,1,True,True,0.047727018326454484,0.019293840874695573
validation,35713,B,2017-05-05,0.00032829821295142183,0.00014115202367551955,0,True,False,0.047727018326454484,0.019293840874695573
validation,35794,B,2017-05-05,0.0016208658781404542,0.0006775670844364046,0,True,False,0.047727018326454484,0.019293840874695573
validation,35875,B,2017-05-05,0.00203518265097737,0.0008474719104205557,0,True,False,0.047727018326454484,0.019293840874695573
validation,35956,B,2017-05-05,0.00036999051857098287,0.0001587380469804385,0,True,False,0.047727018326454484,0.019293840874695573
validation,36038,B,2017-05-06,0.0003930094370863449,0.0001684322825144655,0,True,False,0.047727018326454484,0.019293840874695573
validation,36119,B,2017-05-06,0.0003539749672649732,0.00015198697919536623,0,True,False,0.047727018326454484,0.019293840874695573
validation,36200,B,2017-05-06,0.00040109263301602044,0.00017183405149734997,0,True,False,0.047727018326454484,0.019293840874695573
validation,36281,B,2017-05-07,0.0003709292492018818,0.00015913358973575168,0,True,False,0.047727018326454484,0.019293840874695573
validation,36362,B,2017-05-07,0.0003549138501894358,0.00015238289496836253,0,True,False,0.047727018326454484,0.019293840874695573
validation,36444,B,2017-05-07,0.0004616444378914291,0.00019728017552770636,0,True,False,0.047727018326454484,0.019293840874695573
validation,36525,B,2017-05-07,0.0004900036358178183,0.0002091771183310558,0,True,False,0.047727018326454484,0.019293840874695573
validation,36606,B,2017-05-08,0.0003549138501894358,0.00015238289496836253,0,True,False,0.047727018326454484,0.019293840874695573
validation,36687,B,2017-05-08,0.0026373031472473655,0.0010934485961980906,0,True,False,0.047727018326454484,0.019293840874695573
validation,36769,B,2017-05-08,0.9768617611714618,0.9361950771088096,1,True,True,0.047727018326454484,0.019293840874695573
validation,36850,B,2017-05-08,0.0003716952882442355,0.00015945635421509046,0,True,False,0.047727018326454484,0.019293840874695573
validation,36931,B,2017-05-09,0.000810416032600335,0.0003428884068419566,0,True,False,0.047727018326454484,0.019293840874695573
validation,37012,B,2017-05-09,0.00033935972584053076,0.00014582148036017451,0,True,False,0.047727018326454484,0.019293840874695573
validation,37093,B,2017-05-09,0.0012774105808345247,0.0005361908025718999,0,False,False,0.047727018326454484,0.019293840874695573
validation,37175,B,2017-05-10,0.00032829821295142183,0.00014115202367551955,0,True,False,0.047727018326454484,0.019293840874695573
validation,37256,B,2017-05-10,0.30732504012547285,0.1434168630567622,0,True,True,0.047727018326454484,0.019293840874695573
validation,37337,B,2017-05-10,0.9876818259910356,0.9649678457305655,1,True,False,0.047727018326454484,0.019293840874695573
validation,37418,B,2017-05-10,0.0004571851568277333,0.00019540831964378756,0,True,False,0.047727018326454484,0.019293840874695573
validation,37499,B,2017-05-11,0.00037941483869870094,0.00016270827463709276,0,True,False,0.047727018326454484,0.019293840874695573
validation,37581,B,2017-05-11,0.0003888318039715608,0.00016667366662641558,0,True,False,0.047727018326454484,0.019293840874695573
validation,37662,B,2017-05-11,0.0032190091059577843,0.0013302768994507884,0,True,False,0.047727018326454484,0.019293840874695573
validation,37743,B,2017-05-12,0.00032829821295142183,0.00014115202367551955,0,True,False,0.047727018326454484,0.019293840874695573
validation,37824,B,2017-05-12,0.0010117191390909316,0.0004263960576693613,0,True,False,0.047727018326454484,0.019293840874695573
validation,37906,B,2017-05-12,0.9366093587670165,0.8395735158863284,1,True,True,0.047727018326454484,0.019293840874695573
validation,37987,B,2017-05-12,0.00033546195583015185,0.0001441764052930239,0,True,False,0.047727018326454484,0.019293840874695573
validation,38068,B,2017-05-13,0.00032829821295142183,0.00014115202367551955,0,True,False,0.047727018326454484,0.019293840874695573
validation,38149,B,2017-05-13,0.00035271620036809564,0.0001514561430296757,0,True,False,0.047727018326454484,0.019293840874695573
validation,38230,B,2017-05-13,0.0003736778753766373,0.0001602916471463496,0,True,False,0.047727018326454484,0.019293840874695573
validation,38312,B,2017-05-14,0.00038918011930552155,0.0001668203060811281,0,True,False,0.047727018326454484,0.019293840874695573
validation,38393,B,2017-05-14,0.0004110731437633719,0.00017603263204865477,0,True,False,0.047727018326454484,0.019293840874695573
validation,38474,B,2017-05-14,0.0007807278081403889,0.00033054456803575737,0,True,False,0.047727018326454484,0.019293840874695573
validation,38555,B,2017-05-14,0.00035615108939391894,0.0001529045957904935,0,True,False,0.047727018326454484,0.019293840874695573
validation,38636,B,2017-05-15,0.00033706360488996306,0.00014485243070088745,0,True,False,0.047727018326454484,0.019293840874695573
validation,38718,B,2017-05-15,0.0003472628341062019,0.0001491560088448314,0,True,False,0.047727018326454484,0.019293840874695573
validation,38799,B,2017-05-15,0.6539275147979369,0.40990017383183797,1,True,True,0.047727018326454484,0.019293840874695573
validation,38880,B,2017-05-16,0.00032829821295142183,0.00014115202367551955,0,True,False,0.047727018326454484,0.019293840874695573
validation,38961,B,2017-05-16,0.9812685658299838,0.9477414678490321,1,True,True,0.047727018326454484,0.019293840874695573
validation,39042,B,2017-05-16,0.0004300478475748435,0.00018400996005104667,0,True,False,0.047727018326454484,0.019293840874695573
validation,39124,B,2017-05-16,0.0004597830589710955,0.00019649887014923752,0,True,False,0.047727018326454484,0.019293840874695573
validation,39205,B,2017-05-17,0.00032829821295142183,0.00014115202367551955,0,True,False,0.047727018326454484,0.019293840874695573
validation,39286,B,2017-05-17,0.0009430023477853965,0.0003979248431152638,0,True,False,0.047727018326454484,0.019293840874695573
validation,39367,B,2017-05-17,0.9878821890703471,0.9655147822253625,1,True,True,0.047727018326454484,0.019293840874695573
validation,39449,B,2017-05-18,0.00041651156924961267,0.00017831969954216077,0,True,False,0.047727018326454484,0.019293840874695573
validation,39530,B,2017-05-18,0.023085333508670126,0.009315210403019733,1,True,False,0.047727018326454484,0.019293840874695573
validation,39611,B,2017-05-18,0.0003503949554655876,0.0001504771600586685,0,True,False,0.047727018326454484,0.019293840874695573
validation,39692,B,2017-05-18,0.0009312240123295442,0.00039304129689757733,0,True,False,0.047727018326454484,0.019293840874695573
validation,39773,B,2017-05-19,0.00032829821295142183,0.00014115202367551955,0,True,False,0.047727018326454484,0.019293840874695573
validation,39855,B,2017-05-19,0.0004205710060969746,0.00018002650631695807,0,True,False,0.047727018326454484,0.019293840874695573
validation,39936,B,2017-05-19,0.9873452161814572,0.9640502523673752,1,True,True,0.047727018326454484,0.019293840874695573
validation,40017,B,2017-05-19,0.0004693807752041579,0.0002005268785344408,0,True,False,0.047727018326454484,0.019293840874695573
validation,40098,B,2017-05-20,0.0003660196549241703,0.00015706469069416245,0,True,False,0.047727018326454484,0.019293840874695573
validation,40179,B,2017-05-20,0.00034614683997497947,0.00014868522373451048,0,True,False,0.047727018326454484,0.019293840874695573
validation,40261,B,2017-05-20,0.00046111967072790097,0.00019705991248967675,0,True,False,0.047727018326454484,0.019293840874695573
validation,40342,B,2017-05-21,0.0003935509666266642,0.00016866022052312897,0,True,False,0.047727018326454484,0.019293840874695573
validation,40423,B,2017-05-21,0.0004267583144575012,0.00018262742887866897,0,True,False,0.047727018326454484,0.019293840874695573
validation,40504,B,2017-05-21,0.0006736625472670204,0.0002859591882083562,0,True,False,0.047727018326454484,0.019293840874695573
validation,40586,B,2017-05-21,0.00042477454481405964,0.00018179359595026903,0,True,False,0.047727018326454484,0.019293840874695573
validation,40667,B,2017-05-22,0.0003542592352493369,0.00015210685358262618,0,True,False,0.047727018326454484,0.019293840874695573
validation,40748,B,2017-05-22,0.000359172786387482,0.0001541786061712775,0,True,False,0.047727018326454484,0.019293840874695573
validation,40829,B,2017-05-22,0.0007862176650951494,0.0003328277515622696,0,True,False,0.047727018326454484,0.019293840874695573
validation,40910,B,2017-05-23,0.00035255705147898544,0.00015138902577105514,0,True,False,0.047727018326454484,0.019293840874695573
validation,40992,B,2017-05-23,0.9150136037073487,0.7931921727808326,1,True,True,0.047727018326454484,0.019293840874695573
validation,41073,B,2017-05-23,0.9445683062273883,0.8575522977210744,1,True,False,0.047727018326454484,0.019293840874695573
validation,41154,B,2017-05-23,0.00035945028888442244,0.00015429559748767466,0,True,False,0.047727018326454484,0.019293840874695573
validation,41235,B,2017-05-24,0.00036785087197511475,0.00015783642100404536,0,True,False,0.047727018326454484,0.019293840874695573
validation,41316,B,2017-05-24,0.00033935972584053076,0.00014582148036017451,0,True,False,0.047727018326454484,0.019293840874695573
validation,41398,B,2017-05-24,0.0745936952362073,0.03041604345655788,0,True,True,0.047727018326454484,0.019293840874695573
validation,41479,B,2017-05-25,0.00033546195583015185,0.0001441764052930239,0,True,False,0.047727018326454484,0.019293840874695573
validation,41560,B,2017-05-25,0.9902335335888669,0.971976503217206,1,True,True,0.047727018326454484,0.019293840874695573
validation,41641,B,2017-05-25,0.3662411260762433,0.17833141427153323,1,True,True,0.047727018326454484,0.019293840874695573
validation,41723,B,2017-05-25,0.00041714490924339834,0.00017858600912250202,0,True,False,0.047727018326454484,0.019293840874695573
inner_calibration,23644,B,2017-03-24,0.0005423380550597421,0.00023110074322786318,0,True,False,0.047727018326454484,0.019293840874695573
inner_calibration,23656,B,2017-03-24,0.0004441270675637947,0.0001899251186371117,0,True,False,0.047727018326454484,0.019293840874695573
inner_calibration,23668,B,2017-03-24,0.0005012599807395528,0.00021389587475104213,0,True,False,0.047727018326454484,0.019293840874695573
inner_calibration,23680,B,2017-03-24,0.0007199903119058199,0.0003052654910961075,0,True,False,0.047727018326454484,0.019293840874695573
inner_calibration,23692,B,2017-03-24,0.0008152290749893937,0.00034488884681319884,0,True,False,0.047727018326454484,0.019293840874695573
inner_calibration,23704,B,2017-03-24,0.0009273524898690088,0.00039143585347319553,0,True,False,0.047727018326454484,0.019293840874695573
inner_calibration,23716,B,2017-03-24,0.0005233455008921186,0.00022314896703393828,0,True,False,0.047727018326454484,0.019293840874695573
inner_calibration,23728,B,2017-03-24,0.00047543432578080365,0.0002030667125527966,0,True,False,0.047727018326454484,0.019293840874695573
inner_calibration,23740,B,2017-03-24,0.0005260614181743555,0.00022428636813940294,0,True,False,0.047727018326454484,0.019293840874695573
inner_calibration,23752,B,2017-03-24,0.003929708894009025,0.001618800138227504,0,True,False,0.047727018326454484,0.019293840874695573
inner_calibration,23764,B,2017-03-24,0.0017348967968137817,0.0007243919940735025,0,True,False,0.047727018326454484,0.019293840874695573
inner_calibration,23776,B,2017-03-24,0.001688370895005308,0.0007052930841007812,0,True,False,0.047727018326454484,0.019293840874695573
inner_calibration,23788,B,2017-03-24,0.884172408970276,0.732352624253189,0,True,False,0.047727018326454484,0.019293840874695573
inner_calibration,23800,B,2017-03-24,0.8896181213463648,0.7426728862869716,0,True,False,0.047727018326454484,0.019293840874695573
inner_calibration,23812,B,2017-03-24,0.9288507498500431,0.8225197818176454,1,True,True,0.047727018326454484,0.019293840874695573
inner_calibration,23824,B,2017-03-24,0.13634180318459552,0.05722272588267102,0,True,False,0.047727018326454484,0.019293840874695573
inner_calibration,23836,B,2017-03-24,0.0027076576358502835,0.0011221297058387778,0,True,False,0.047727018326454484,0.019293840874695573
inner_calibration,23848,B,2017-03-24,0.0007961783323897281,0.00033696960875233566,0,True,False,0.047727018326454484,0.019293840874695573
inner_calibration,23860,B,2017-03-24,0.0006824568147476134,0.00028962576617068013,0,True,False,0.047727018326454484,0.019293840874695573
inner_calibration,23872,B,2017-03-24,0.0005009866517802953,0.00021378131504415466,0,True,False,0.047727018326454484,0.019293840874695573
inner_calibration,23884,B,2017-03-24,0.0005186993272603297,0.000221202952930857,0,True,False,0.047727018326454484,0.019293840874695573
inner_calibration,23896,B,2017-03-25,0.0004441270675637947,0.0001899251186371117,0,True,False,0.047727018326454484,0.019293840874695573
inner_calibration,23908,B,2017-03-25,0.0005248527461162043,0.0002237802001306221,0,True,False,0.047727018326454484,0.019293840874695573
inner_calibration,23920,B,2017-03-25,0.0005423380550597421,0.00023110074322786318,0,True,False,0.047727018326454484,0.019293840874695573
inner_calibration,23932,B,2017-03-25,0.0007149720065933346,0.00030317525925434806,0,True,False,0.047727018326454484,0.019293840874695573
inner_calibration,23944,B,2017-03-25,0.00047421677148167424,0.00020255591997384405,0,True,False,0.047727018326454484,0.019293840874695573
inner_calibration,23956,B,2017-03-25,0.0005234594153509149,0.00022319667542676426,0,True,False,0.047727018326454484,0.019293840874695573
inner_calibration,23968,B,2017-03-25,0.0004727310841989787,0.0002019326081739645,0,True,False,0.047727018326454484,0.019293840874695573
inner_calibration,23980,B,2017-03-25,0.0004441270675637947,0.0001899251186371117,0,True,False,0.047727018326454484,0.019293840874695573
inner_calibration,23992,B,2017-03-25,0.0006968469995860975,0.0002956236832750995,0,True,False,0.047727018326454484,0.019293840874695573
inner_calibration,24004,B,2017-03-25,0.0008354669743308892,0.0003532981053722788,0,True,False,0.047727018326454484,0.019293840874695573
inner_calibration,24016,B,2017-03-25,0.0008646893796243528,0.0003654344835030971,0,True,False,0.047727018326454484,0.019293840874695573
inner_calibration,24028,B,2017-03-25,0.0004985509660773735,0.00021276040360592246,0,True,False,0.047727018326454484,0.019293840874695573
inner_calibration,24040,B,2017-03-25,0.0005767436211524448,0.0002454933641359159,0,True,False,0.047727018326454484,0.019293840874695573
inner_calibration,24052,B,2017-03-25,0.0005913314913385607,0.00025159123084542796,0,True,False,0.047727018326454484,0.019293840874695573
inner_calibration,24064,B,2017-03-25,0.0004696446391346772,0.0002006375974788946,0,True,False,0.047727018326454484,0.019293840874695573
inner_calibration,24076,B,2017-03-25,0.0016329289130486465,0.0006825230218437234,0,True,False,0.047727018326454484,0.019293840874695573
inner_calibration,24088,B,2017-03-25,0.0012816218545815938,0.0005379277737577783,0,True,False,0.047727018326454484,0.019293840874695573
inner_calibration,24100,B,2017-03-25,0.002170130544727644,0.0009026878065532225,0,True,False,0.047727018326454484,0.019293840874695573
inner_calibration,24112,B,2017-03-25,0.0008912322484972696,0.0003764519460070599,0,True,False,0.047727018326454484,0.019293840874695573
inner_calibration,24124,B,2017-03-25,0.0006630711837270162,0.00028154225004943756,0,True,False,0.047727018326454484,0.019293840874695573
inner_calibration,24136,B,2017-03-25,0.0005219220808477219,0.00022255281069367643,0,True,False,0.047727018326454484,0.019293840874695573
inner_calibration,24148,B,2017-03-25,0.0004727003525614169,0.00020191971452495792,0,True,False,0.047727018326454484,0.019293840874695573
inner_calibration,24160,B,2017-03-25,0.000515378857128129,0.00021981201303428066,0,True,False,0.047727018326454484,0.019293840874695573
inner_calibration,24172,B,2017-03-25,0.0005766788874727935,0.00024546629891674613,0,True,False,0.047727018326454484,0.019293840874695573
inner_calibration,24184,B,2017-03-26,0.0005186993272603297,0.000221202952930857,0,True,False,0.047727018326454484,0.019293840874695573
inner_calibration,24196,B,2017-03-26,0.0005232846011044855,0.0002231234615844971,0,True,False,0.047727018326454484,0.019293840874695573
inner_calibration,24208,B,2017-03-26,0.0005797267424380925,0.00024674055299140696,0,True,False,0.047727018326454484,0.019293840874695573
inner_calibration,24220,B,2017-03-26,0.0005079281588642865,0.00021669035505147462,0,True,False,0.047727018326454484,0.019293840874695573
inner_calibration,24232,B,2017-03-26,0.0004583147330888763,0.00019588250785871014,0,True,False,0.047727018326454484,0.019293840874695573
inner_calibration,24244,B,2017-03-26,0.0005252369386024502,0.00022394109456851428,0,True,False,0.047727018326454484,0.019293840874695573
inner_calibration,24256,B,2017-03-26,0.0004441270675637947,0.0001899251186371117,0,True,False,0.047727018326454484,0.019293840874695573
inner_calibration,24268,B,2017-03-26,0.0005274207076580284,0.00022485558748614655,0,True,False,0.047727018326454484,0.019293840874695573
inner_calibration,24280,B,2017-03-26,0.0005072101950431163,0.00021638950388204006,0,True,False,0.047727018326454484,0.019293840874695573
inner_calibration,24292,B,2017-03-26,0.0005535265205730121,0.00023578282879459534,0,True,False,0.047727018326454484,0.019293840874695573
inner_calibration,24304,B,2017-03-26,0.0007098681993884876,0.0003010491544435595,0,True,False,0.047727018326454484,0.019293840874695573
inner_calibration,24316,B,2017-03-26,0.0005735066086418879,0.00024413990088756983,0,True,False,0.047727018326454484,0.019293840874695573
inner_calibration,24328,B,2017-03-26,0.0005340248465545162,0.00022762078922291715,0,True,False,0.047727018326454484,0.019293840874695573
inner_calibration,24340,B,2017-03-26,0.0004972925352201516,0.0002122329013547865,0,True,False,0.047727018326454484,0.019293840874695573
inner_calibration,24352,B,2017-03-26,0.0009278880748192385,0.0003916579566882742,0,True,False,0.047727018326454484,0.019293840874695573
inner_calibration,24364,B,2017-03-26,0.001016981856030363,0.00042857516443173813,0,True,False,0.047727018326454484,0.019293840874695573
inner_calibration,24376,B,2017-03-26,0.0005278584563758892,0.00022503889473822697,0,True,False,0.047727018326454484,0.019293840874695573
inner_calibration,24388,B,2017-03-26,0.00047421677148167424,0.00020255591997384405,0,True,False,0.047727018326454484,0.019293840874695573
inner_calibration,24400,B,2017-03-26,0.0004441270675637947,0.0001899251186371117,0,True,False,0.047727018326454484,0.019293840874695573
inner_calibration,24412,B,2017-03-26,0.0004441270675637947,0.0001899251186371117,0,True,False,0.047727018326454484,0.019293840874695573
inner_calibration,24424,B,2017-03-26,0.0005764662433373428,0.0002453773918090103,0,True,False,0.047727018326454484,0.019293840874695573
inner_calibration,24436,B,2017-03-26,0.0005029576191726718,0.00021460737739699423,0,True,False,0.047727018326454484,0.019293840874695573
inner_calibration,24448,B,2017-03-26,0.0005974024656856895,0.0002541281802992459,0,True,False,0.047727018326454484,0.019293840874695573
inner_calibration,24460,B,2017-03-26,0.0005854519779798526,0.0002491338576381442,0,True,False,0.047727018326454484,0.019293840874695573
inner_calibration,24472,B,2017-03-27,0.0004441270675637947,0.0001899251186371117,0,True,False,0.047727018326454484,0.019293840874695573
inner_calibration,24484,B,2017-03-27,0.0005137186251405323,0.00021911648569157848,0,True,False,0.047727018326454484,0.019293840874695573
inner_calibration,24496,B,2017-03-27,0.0006327304622929202,0.00026888236213526683,0,True,False,0.047727018326454484,0.019293840874695573
inner_calibration,24508,B,2017-03-27,0.0005352668777180451,0.00022814076991315867,0,True,False,0.047727018326454484,0.019293840874695573
inner_calibration,24520,B,2017-03-27,0.0004866678475442145,0.00020777836461130893,0,True,False,0.047727018326454484,0.019293840874695573
inner_calibration,24532,B,2017-03-27,0.0004706298984771439,0.00020105100878475837,0,True,False,0.047727018326454484,0.019293840874695573
inner_calibration,24544,B,2017-03-27,0.0007076977345993131,0.0003001449190658289,0,True,False,0.047727018326454484,0.019293840874695573
inner_calibration,24556,B,2017-03-27,0.03864337375110341,0.01559455268250682,0,True,False,0.047727018326454484,0.019293840874695573
inner_calibration,24568,B,2017-03-27,0.008087995019592734,0.0032965699363080568,0,True,True,0.047727018326454484,0.019293840874695573
inner_calibration,24580,B,2017-03-27,0.0018222182295531315,0.0007602154935245624,0,True,False,0.047727018326454484,0.019293840874695573
inner_calibration,24592,B,2017-03-27,0.0006008201027624295,0.0002555561510175148,0,True,False,0.047727018326454484,0.019293840874695573
inner_calibration,24604,B,2017-03-27,0.000562255308774056,0.00023943445498073626,0,True,False,0.047727018326454484,0.019293840874695573
inner_calibration,24616,B,2017-03-27,0.0004441270675637947,0.0001899251186371117,0,True,False,0.047727018326454484,0.019293840874695573
inner_calibration,24628,B,2017-03-27,0.0005273665485967719,0.00022483290819746738,0,True,False,0.047727018326454484,0.019293840874695573
inner_calibration,24640,B,2017-03-27,0.0005019319291691245,0.0002141775022290696,0,True,False,0.047727018326454484,0.019293840874695573
inner_calibration,24652,B,2017-03-27,0.05463081516088087,0.022124792830780064,0,True,False,0.047727018326454484,0.019293840874695573
inner_calibration,24664,B,2017-03-27,0.18362031028394696,0.0791265906571432,0,True,False,0.047727018326454484,0.019293840874695573
inner_calibration,24676,B,2017-03-27,0.9822779044036807,0.9504181863212461,1,True,True,0.047727018326454484,0.019293840874695573
inner_calibration,24688,B,2017-03-27,0.018785215841958268,0.007588808994387583,0,True,False,0.047727018326454484,0.019293840874695573
inner_calibration,24700,B,2017-03-27,0.0024100402432818053,0.001000720968209461,0,True,False,0.047727018326454484,0.019293840874695573
inner_calibration,24712,B,2017-03-27,0.0008730701969709871,0.00036891382353827903,0,True,False,0.047727018326454484,0.019293840874695573
inner_calibration,24724,B,2017-03-27,0.0007598956882840725,0.0003218781454295044,0,True,False,0.047727018326454484,0.019293840874695573
inner_calibration,24736,B,2017-03-27,0.000522411132117816,0.00022275763819413902,0,True,False,0.047727018326454484,0.019293840874695573
inner_calibration,24748,B,2017-03-27,0.0006115190462368189,0.0002600255172165503,0,True,False,0.047727018326454484,0.019293840874695573
inner_calibration,24760,B,2017-03-28,0.0005376832654131803,0.000229152338764947,0,True,False,0.047727018326454484,0.019293840874695573
inner_calibration,24772,B,2017-03-28,0.0004583147330888763,0.00019588250785871014,0,True,False,0.047727018326454484,0.019293840874695573
inner_calibration,24784,B,2017-03-28,0.0004441270675637947,0.0001899251186371117,0,True,False,0.047727018326454484,0.019293840874695573
inner_calibration,24796,B,2017-03-28,0.0005269671785012174,0.00022466566937313372,0,True,False,0.047727018326454484,0.019293840874695573
inner_calibration,24808,B,2017-03-28,0.0004441270675637947,0.0001899251186371117,0,True,False,0.047727018326454484,0.019293840874695573
inner_calibration,24820,B,2017-03-28,0.0005071801489393184,0.00021637691338412422,0,True,False,0.047727018326454484,0.019293840874695573
inner_calibration,24832,B,2017-03-28,0.0006964940175290178,0.0002954765839746355,0,True,False,0.047727018326454484,0.019293840874695573
inner_calibration,24844,B,2017-03-28,0.20224134106015348,0.08812304254682321,0,True,False,0.047727018326454484,0.019293840874695573
inner_calibration,24856,B,2017-03-28,0.9115098711730618,0.7859760891626612,1,True,True,0.047727018326454484,0.019293840874695573
inner_calibration,24868,B,2017-03-28,0.023455094322122744,0.009463794207865143,0,True,False,0.047727018326454484,0.019293840874695573
inner_calibration,24880,B,2017-03-28,0.002955550022149973,0.0012231007122508006,0,True,False,0.047727018326454484,0.019293840874695573
inner_calibration,24892,B,2017-03-28,0.0013304064708998045,0.000558042538774331,0,True,False,0.047727018326454484,0.019293840874695573
inner_calibration,24904,B,2017-03-28,0.0007488624495715192,0.00031728653211215903,0,True,False,0.047727018326454484,0.019293840874695573
inner_calibration,24916,B,2017-03-28,0.0006971806950805044,0.0002957627440435666,0,True,False,0.047727018326454484,0.019293840874695573
inner_calibration,24928,B,2017-03-28,0.00047421677148167424,0.00020255591997384405,0,True,False,0.047727018326454484,0.019293840874695573
inner_calibration,24940,B,2017-03-28,0.1073627551849392,0.04440766897954787,0,True,False,0.047727018326454484,0.019293840874695573
inner_calibration,24952,B,2017-03-28,0.8957301362440606,0.7544641763734615,1,True,False,0.047727018326454484,0.019293840874695573
inner_calibration,24964,B,2017-03-28,0.8723968906750781,0.7106111771942197,1,True,True,0.047727018326454484,0.019293840874695573
inner_calibration,24976,B,2017-03-28,0.5517794142786108,0.3132174210160107,0,True,True,0.047727018326454484,0.019293840874695573
inner_calibration,24988,B,2017-03-28,0.004769117089545223,0.001958678250637623,0,True,False,0.047727018326454484,0.019293840874695573
inner_calibration,25000,B,2017-03-28,0.002278668317424712,0.0009470587158814715,0,True,False,0.047727018326454484,0.019293840874695573
inner_calibration,25012,B,2017-03-28,0.0007891273878814806,0.00033403776874956875,0,True,False,0.047727018326454484,0.019293840874695573
inner_calibration,25024,B,2017-03-28,0.000491551700293379,0.00020982619182626094,0,True,False,0.047727018326454484,0.019293840874695573
inner_calibration,25036,B,2017-03-28,0.0004740454308244646,0.0002024840367065854,0,True,False,0.047727018326454484,0.019293840874695573
inner_calibration,25048,B,2017-03-29,0.0005248527461162043,0.0002237802001306221,0,True,False,0.047727018326454484,0.019293840874695573
inner_calibration,25060,B,2017-03-29,0.0006404195580564058,0.000272091669443402,0,True,False,0.047727018326454484,0.019293840874695573
inner_calibration,25072,B,2017-03-29,0.0004441270675637947,0.0001899251186371117,0,True,False,0.047727018326454484,0.019293840874695573
inner_calibration,25084,B,2017-03-29,0.0004902291452575281,0.0002092716723094126,0,True,False,0.047727018326454484,0.019293840874695573
inner_calibration,25096,B,2017-03-29,0.0004441270675637947,0.0001899251186371117,0,True,False,0.047727018326454484,0.019293840874695573
inner_calibration,25108,B,2017-03-29,0.0004528991229664043,0.0001936088851366902,0,True,False,0.047727018326454484,0.019293840874695573
inner_calibration,25120,B,2017-03-29,0.000677532067007879,0.0002875726013819564,0,True,False,0.047727018326454484,0.019293840874695573
inner_calibration,25132,B,2017-03-29,0.09196392970416364,0.0377701912305464,1,True,False,0.047727018326454484,0.019293840874695573
inner_calibration,25144,B,2017-03-29,0.9587467381736791,0.8908856461011476,1,True,True,0.047727018326454484,0.019293840874695573
inner_calibration,25156,B,2017-03-29,0.010998194588525734,0.004465540140360602,0,True,True,0.047727018326454484,0.019293840874695573
inner_calibration,25168,B,2017-03-29,0.003341395160371923,0.0013800205601596804,0,True,False,0.047727018326454484,0.019293840874695573
inner_calibration,25180,B,2017-03-29,0.0005320969904777068,0.00022681364369143373,0,True,False,0.047727018326454484,0.019293840874695573
inner_calibration,25192,B,2017-03-29,0.00046617501243561264,0.0001991816331936354,0,True,False,0.047727018326454484,0.019293840874695573
inner_calibration,25204,B,2017-03-29,0.000500159645421196,0.0002134346872020577,0,True,False,0.047727018326454484,0.019293840874695573
inner_calibration,25216,B,2017-03-29,0.0005160922066964677,0.0002201108472625016,0,True,False,0.047727018326454484,0.019293840874695573
inner_calibration,25228,B,2017-03-29,0.04744196184586053,0.01917732396189864,0,True,False,0.047727018326454484,0.019293840874695573
inner_calibration,25240,B,2017-03-29,0.9724671958364044,0.924896666914906,1,True,False,0.047727018326454484,0.019293840874695573
inner_calibration,25252,B,2017-03-29,0.9872184753762807,0.9637051652338523,1,True,True,0.047727018326454484,0.019293840874695573
inner_calibration,25264,B,2017-03-29,0.6903057445391544,0.44963076739636326,1,True,True,0.047727018326454484,0.019293840874695573
inner_calibration,25276,B,2017-03-29,0.001513386511163588,0.000633383650748736,0,True,False,0.047727018326454484,0.019293840874695573
inner_calibration,25288,B,2017-03-29,0.0024208085704504625,0.001005117550763146,0,True,False,0.047727018326454484,0.019293840874695573
inner_calibration,25300,B,2017-03-29,0.0005698136400913258,0.00024259563028634798,0,True,False,0.047727018326454484,0.019293840874695573
inner_calibration,25312,B,2017-03-29,0.0006107074942111902,0.0002596865481823685,0,True,False,0.047727018326454484,0.019293840874695573
inner_calibration,25324,B,2017-03-29,0.0005538615259941332,0.00023592299434465873,0,True,False,0.047727018326454484,0.019293840874695573
inner_calibration,25336,B,2017-03-30,0.0006017324064417788,0.00025593730946102037,0,True,False,0.047727018326454484,0.019293840874695573
inner_calibration,25348,B,2017-03-30,0.00047421677148167424,0.00020255591997384405,0,True,False,0.047727018326454484,0.019293840874695573
inner_calibration,25360,B,2017-03-30,0.0006142566221018909,0.00026116889028069936,0,True,False,0.047727018326454484,0.019293840874695573
inner_calibration,25372,B,2017-03-30,0.0004968721220209746,0.00021205666961681888,0,True,False,0.047727018326454484,0.019293840874695573
inner_calibration,25384,B,2017-03-30,0.0004441270675637947,0.0001899251186371117,0,True,False,0.047727018326454484,0.019293840874695573
inner_calibration,25396,B,2017-03-30,0.000610629293175022,0.00025965388476197363,0,True,False,0.047727018326454484,0.019293840874695573
inner_calibration,25408,B,2017-03-30,0.0005404095596084744,0.00023029354807340116,0,True,False,0.047727018326454484,0.019293840874695573
inner_calibration,25420,B,2017-03-30,0.8448350916545558,0.6625775046126641,1,True,False,0.047727018326454484,0.019293840874695573
inner_calibration,25432,B,2017-03-30,0.8859917071483697,0.7357812798591632,1,True,True,0.047727018326454484,0.019293840874695573
inner_calibration,25444,B,2017-03-30,0.032168412868036324,0.012973555428742949,0,True,True,0.047727018326454484,0.019293840874695573
inner_calibration,25456,B,2017-03-30,0.0012052017285824525,0.0005063926447112094,0,True,False,0.047727018326454484,0.019293840874695573
inner_calibration,25468,B,2017-03-30,0.0004832405719503007,0.00020634107375974698,0,True,False,0.047727018326454484,0.019293840874695573
inner_calibration,25480,B,2017-03-30,0.0006574882961065852,0.00027921351662479253,0,True,False,0.047727018326454484,0.019293840874695573
inner_calibration,25492,B,2017-03-30,0.0007049515812510426,0.0002990007779912606,0,True,False,0.047727018326454484,0.019293840874695573
inner_calibration,25504,B,2017-03-30,0.000500159645421196,0.0002134346872020577,0,True,False,0.047727018326454484,0.019293840874695573
inner_calibration,25516,B,2017-03-30,0.0867154682377323,0.035533659219480644,0,True,False,0.047727018326454484,0.019293840874695573
inner_calibration,25528,B,2017-03-30,0.9928071047741399,0.9791467278087783,1,True,True,0.047727018326454484,0.019293840874695573
inner_calibration,25540,B,2017-03-30,0.9946152655245428,0.9842532774566664,1,True,True,0.047727018326454484,0.019293840874695573
inner_calibration,25552,B,2017-03-30,0.903474951067132,0.7697329045623057,0,True,True,0.047727018326454484,0.019293840874695573
inner_calibration,25564,B,2017-03-30,0.000995872763153169,0.0004198334669446176,0,True,False,0.047727018326454484,0.019293840874695573
inner_calibration,25576,B,2017-03-30,0.0004968102748382756,0.0002120307438631227,0,True,False,0.047727018326454484,0.019293840874695573
inner_calibration,25588,B,2017-03-30,0.00047421677148167424,0.00020255591997384405,0,True,False,0.047727018326454484,0.019293840874695573
inner_calibration,25600,B,2017-03-30,0.0004441270675637947,0.0001899251186371117,0,True,False,0.047727018326454484,0.019293840874695573
inner_calibration,25612,B,2017-03-30,0.0004906060151940118,0.00020942968861482693,0,True,False,0.047727018326454484,0.019293840874695573
inner_calibration,25624,B,2017-03-31,0.0006133938707236523,0.0002608085640143558,0,True,False,0.047727018326454484,0.019293840874695573
inner_calibration,25636,B,2017-03-31,0.0005691252944227218,0.00024230776890345548,0,True,False,0.047727018326454484,0.019293840874695573
inner_calibration,25648,B,2017-03-31,0.0005369512288874994,0.00022884589577874074,0,True,False,0.047727018326454484,0.019293840874695573
inner_calibration,25660,B,2017-03-31,0.0004631664522915963,0.00019791899310421762,0,True,False,0.047727018326454484,0.019293840874695573
inner_calibration,25672,B,2017-03-31,0.0006169218153498542,0.00026228194708134836,0,True,False,0.047727018326454484,0.019293840874695573
inner_calibration,25684,B,2017-03-31,0.0005081459217254294,0.00021678160359868252,0,True,False,0.047727018326454484,0.019293840874695573
inner_calibration,25696,B,2017-03-31,0.0006359743441011599,0.00027023638924454006,0,True,False,0.047727018326454484,0.019293840874695573
inner_calibration,25708,B,2017-03-31,0.000563684607953849,0.00024003229753283512,0,True,False,0.047727018326454484,0.019293840874695573
inner_calibration,25720,B,2017-03-31,0.0029688001541851544,0.0012284941272739105,0,True,False,0.047727018326454484,0.019293840874695573
inner_calibration,25732,B,2017-03-31,0.0015225070098292197,0.0006371349077393353,0,True,False,0.047727018326454484,0.019293840874695573
inner_calibration,25744,B,2017-03-31,0.0008556365039682672,0.00036167548780468775,0,True,False,0.047727018326454484,0.019293840874695573
inner_calibration,25756,B,2017-03-31,0.00071444341458184,0.000302955074639499,0,True,False,0.047727018326454484,0.019293840874695573
inner_calibration,25768,B,2017-03-31,0.0007695623747228052,0.00032590010901404205,0,True,False,0.047727018326454484,0.019293840874695573
inner_calibration,25780,B,2017-03-31,0.0004441270675637947,0.0001899251186371117,0,True,False,0.047727018326454484,0.019293840874695573
inner_calibration,25792,B,2017-03-31,0.0006437314557423421,0.0002734737970019256,0,True,False,0.047727018326454484,0.019293840874695573
inner_calibration,25804,B,2017-03-31,0.8578896894604117,0.6848509143122994,0,True,False,0.047727018326454484,0.019293840874695573
inner_calibration,25816,B,2017-03-31,0.8717305558411904,0.7094036951429827,1,True,False,0.047727018326454484,0.019293840874695573
inner_calibration,25828,B,2017-03-31,0.9791745257423072,0.94222685939152,1,True,True,0.047727018326454484,0.019293840874695573
inner_calibration,25840,B,2017-03-31,0.044630382356102956,0.018029616276133212,0,True,False,0.047727018326454484,0.019293840874695573
inner_calibration,25852,B,2017-03-31,0.0021259689562702602,0.000884624516544029,0,True,False,0.047727018326454484,0.019293840874695573
inner_calibration,25864,B,2017-03-31,0.0004441270675637947,0.0001899251186371117,0,True,False,0.047727018326454484,0.019293840874695573
inner_calibration,25876,B,2017-03-31,0.0007524512494020784,0.00031878018067215465,0,True,False,0.047727018326454484,0.019293840874695573
inner_calibration,25888,B,2017-03-31,0.0004441270675637947,0.0001899251186371117,0,True,False,0.047727018326454484,0.019293840874695573
inner_calibration,25900,B,2017-03-31,0.00047421677148167424,0.00020255591997384405,0,True,False,0.047727018326454484,0.019293840874695573
inner_calibration,25912,B,2017-04-01,0.0005165576136675036,0.00022030581024045677,0,True,False,0.047727018326454484,0.019293840874695573
inner_calibration,25924,B,2017-04-01,0.0004441270675637947,0.0001899251186371117,0,True,False,0.047727018326454484,0.019293840874695573
inner_calibration,25936,B,2017-04-01,0.0005621617474774425,0.00023939531954699707,0,True,False,0.047727018326454484,0.019293840874695573
inner_calibration,25948,B,2017-04-01,0.00065474945749781,0.0002780709675785999,0,True,False,0.047727018326454484,0.019293840874695573
inner_calibration,25960,B,2017-04-01,0.0004441270675637947,0.0001899251186371117,0,True,False,0.047727018326454484,0.019293840874695573
inner_calibration,25972,B,2017-04-01,0.0005072862462307221,0.0002164213722591816,0,True,False,0.047727018326454484,0.019293840874695573
inner_calibration,25984,B,2017-04-01,0.0004727310841989787,0.0002019326081739645,0,True,False,0.047727018326454484,0.019293840874695573
inner_calibration,25996,B,2017-04-01,0.00046865673478987247,0.0002002230610705987,0,True,False,0.047727018326454484,0.019293840874695573
inner_calibration,26008,B,2017-04-01,0.0005029576191726718,0.00021460737739699423,0,True,False,0.047727018326454484,0.019293840874695573
inner_calibration,26020,B,2017-04-01,0.0005264017520458137,0.00022442888958177352,0,True,False,0.047727018326454484,0.019293840874695573
inner_calibration,26032,B,2017-04-01,0.0005001502720610336,0.00021343075843526952,0,True,False,0.047727018326454484,0.019293840874695573
inner_calibration,26044,B,2017-04-01,0.0013018963356725513,0.0005462888155140244,0,True,False,0.047727018326454484,0.019293840874695573
inner_calibration,26056,B,2017-04-01,0.0007488622283106272,0.00031728644002019634,0,True,False,0.047727018326454484,0.019293840874695573
inner_calibration,26068,B,2017-04-01,0.0010589746386836898,0.00044595616716540853,0,True,False,0.047727018326454484,0.019293840874695573
inner_calibration,26080,B,2017-04-01,0.0008877383005208864,0.00037500199516651476,0,True,False,0.047727018326454484,0.019293840874695573
inner_calibration,26092,B,2017-04-01,0.0006154611955257217,0.00026167196309359185,0,True,False,0.047727018326454484,0.019293840874695573
inner_calibration,26104,B,2017-04-01,0.0009806082157070364,0.0004135101628920074,0,True,False,0.047727018326454484,0.019293840874695573
inner_calibration,26116,B,2017-04-01,0.00076033145116478,0.00032205946967827384,0,True,False,0.047727018326454484,0.019293840874695573
inner_calibration,26128,B,2017-04-01,0.000952249043484233,0.0004017579916298245,0,True,False,0.047727018326454484,0.019293840874695573
inner_calibration,26140,B,2017-04-01,0.000913062521471911,0.0003855090970038808,0,True,False,0.047727018326454484,0.019293840874695573
inner_calibration,26152,B,2017-04-01,0.0005970961291084881,0.00025400017860848694,0,True,False,0.047727018326454484,0.019293840874695573
inner_calibration,26164,B,2017-04-01,0.0005025291546925546,0.00021442780625504957,0,True,False,0.047727018326454484,0.019293840874695573
inner_calibration,26176,B,2017-04-01,0.0006034392193104825,0.00025665038511152956,0,True,False,0.047727018326454484,0.019293840874695573
inner_calibration,26188,B,2017-04-01,0.0005072862462307221,0.0002164213722591816,0,True,False,0.047727018326454484,0.019293840874695573
inner_calibration,26200,B,2017-04-02,0.0004441270675637947,0.0001899251186371117,0,True,False,0.047727018326454484,0.019293840874695573
inner_calibration,26212,B,2017-04-02,0.0005727223167895224,0.00024381195192026345,0,True,False,0.047727018326454484,0.019293840874695573
inner_calibration,26224,B,2017-04-02,0.00047421677148167424,0.00020255591997384405,0,True,False,0.047727018326454484,0.019293840874695573
inner_calibration,26236,B,2017-04-02,0.0005986856954200381,0.00025466436105853353,0,True,False,0.047727018326454484,0.019293840874695573
inner_calibration,26248,B,2017-04-02,0.0005567616094730656,0.00023713632136647297,0,True,False,0.047727018326454484,0.019293840874695573
inner_calibration,26260,B,2017-04-02,0.0004582755321780711,0.0001958660519342981,0,True,False,0.047727018326454484,0.019293840874695573
inner_calibration,26272,B,2017-04-02,0.0005507768245096262,0.00023463230587274686,0,True,False,0.047727018326454484,0.019293840874695573
inner_calibration,26284,B,2017-04-02,0.0004866678475442145,0.00020777836461130893,0,True,False,0.047727018326454484,0.019293840874695573
inner_calibration,26296,B,2017-04-02,0.000585665210406015,0.00024922298671789555,0,True,False,0.047727018326454484,0.019293840874695573
inner_calibration,26308,B,2017-04-02,0.000491551700293379,0.00020982619182626094,0,True,False,0.047727018326454484,0.019293840874695573
inner_calibration,26320,B,2017-04-02,0.0005389296249850388,0.0002296740694090401,0,True,False,0.047727018326454484,0.019293840874695573
inner_calibration,26332,B,2017-04-02,0.0005708319467195539,0.00024302146794765676,0,True,False,0.047727018326454484,0.019293840874695573
inner_calibration,26344,B,2017-04-02,0.0004684158231490477,0.00020012196935922192,0,True,False,0.047727018326454484,0.019293840874695573
inner_calibration,26356,B,2017-04-02,0.000811987136547711,0.00034354142551867444,0,True,False,0.047727018326454484,0.019293840874695573
inner_calibration,26368,B,2017-04-02,0.0005976241279748376,0.00025422080041678113,0,True,False,0.047727018326454484,0.019293840874695573
inner_calibration,26380,B,2017-04-02,0.0005018359501806951,0.0002141372758548873,0,True,False,0.047727018326454484,0.019293840874695573
inner_calibration,26392,B,2017-04-02,0.0008734871058896446,0.00036908689052149066,0,True,False,0.047727018326454484,0.019293840874695573
inner_calibration,26404,B,2017-04-02,0.0004441270675637947,0.0001899251186371117,0,True,False,0.047727018326454484,0.019293840874695573
inner_calibration,26416,B,2017-04-02,0.0004582755321780711,0.0001958660519342981,0,True,False,0.047727018326454484,0.019293840874695573
inner_calibration,26428,B,2017-04-02,0.0004541651707813476,0.0001941404495089495,0,True,False,0.047727018326454484,0.019293840874695573
inner_calibration,26440,B,2017-04-02,0.0004804802057065554,0.00020518333378924478,0,True,False,0.047727018326454484,0.019293840874695573
inner_calibration,26452,B,2017-04-02,0.0005305206140254211,0.00022615361602121948,0,True,False,0.047727018326454484,0.019293840874695573
inner_calibration,26464,B,2017-04-02,0.00046958538192690727,0.00020061273288138296,0,True,False,0.047727018326454484,0.019293840874695573
inner_calibration,26476,B,2017-04-02,0.0004441270675637947,0.0001899251186371117,0,True,False,0.047727018326454484,0.019293840874695573
inner_calibration,26488,B,2017-04-03,0.0004689096762594471,0.0002003291997765035,0,True,False,0.047727018326454484,0.019293840874695573
inner_calibration,26500,B,2017-04-03,0.00045920661287161113,0.000196256898263419,0,True,False,0.047727018326454484,0.019293840874695573
inner_calibration,26512,B,2017-04-03,0.0006544664598227868,0.000277952905992692,0,True,False,0.047727018326454484,0.019293840874695573
inner_calibration,26524,B,2017-04-03,0.0006897695070332467,0.00029267401128917563,0,True,False,0.047727018326454484,0.019293840874695573
inner_calibration,26536,B,2017-04-03,0.00060210062282338,0.00025609114659846374,0,True,False,0.047727018326454484,0.019293840874695573
inner_calibration,26548,B,2017-04-03,0.0006280782548325326,0.000266940276169705,0,True,False,0.047727018326454484,0.019293840874695573
inner_calibration,26560,B,2017-04-03,0.0006289856715271169,0.000267319101085893,0,True,False,0.047727018326454484,0.019293840874695573
inner_calibration,26572,B,2017-04-03,0.04772701832645448,0.01929384087469557,0,True,False,0.047727018326454484,0.019293840874695573
inner_calibration,26584,B,2017-04-03,0.05814145726021652,0.02357123509863678,0,True,False,0.047727018326454484,0.019293840874695573
inner_calibration,26596,B,2017-04-03,0.006474720630279215,0.002647148827686897,0,True,False,0.047727018326454484,0.019293840874695573
inner_calibration,26608,B,2017-04-03,0.0005158760830771148,0.0002200203101770846,0,True,False,0.047727018326454484,0.019293840874695573
inner_calibration,26620,B,2017-04-03,0.0006425712506908072,0.0002729896320409976,0,True,False,0.047727018326454484,0.019293840874695573
inner_calibration,26632,B,2017-04-03,0.0005395362390499331,0.0002299279926377608,0,True,False,0.047727018326454484,0.019293840874695573
inner_calibration,26644,B,2017-04-03,0.00047671120282264567,0.00020360236778421524,0,True,False,0.047727018326454484,0.019293840874695573
inner_calibration,26656,B,2017-04-03,0.00045912848087015294,0.00019622410077533366,0,True,False,0.047727018326454484,0.019293840874695573
inner_calibration,26668,B,2017-04-03,0.009815177389857445,0.003990627791101543,0,True,False,0.047727018326454484,0.019293840874695573
inner_calibration,26680,B,2017-04-03,0.6029995376821307,0.359208500357934,0,True,False,0.047727018326454484,0.019293840874695573
inner_calibration,26692,B,2017-04-03,0.7984191949677166,0.5896074008305923,1,True,True,0.047727018326454484,0.019293840874695573
inner_calibration,26704,B,2017-04-03,0.006883297945835043,0.0028117542707653594,0,True,False,0.047727018326454484,0.019293840874695573
inner_calibration,26716,B,2017-04-03,0.0010329005882341812,0.00043516539852594765,0,True,False,0.047727018326454484,0.019293840874695573
inner_calibration,26728,B,2017-04-03,0.0011584975673054442,0.0004871036649088619,0,True,False,0.047727018326454484,0.019293840874695573
inner_calibration,26740,B,2017-04-03,0.0006997403587147144,0.00029682939329952297,0,True,False,0.047727018326454484,0.019293840874695573
inner_calibration,26752,B,2017-04-03,0.0006426852978769908,0.00027303722572278916,0,True,False,0.047727018326454484,0.019293840874695573
inner_calibration,26764,B,2017-04-03,0.0008377205987544914,0.0003542343148451023,0,True,False,0.047727018326454484,0.019293840874695573
inner_calibration,26776,B,2017-04-04,0.0005362367791192465,0.00022854680787726887,0,True,False,0.047727018326454484,0.019293840874695573
inner_calibration,26788,B,2017-04-04,0.0007232593348234434,0.0003066269740523422,0,True,False,0.047727018326454484,0.019293840874695573
inner_calibration,26800,B,2017-04-04,0.0004441270675637947,0.0001899251186371117,0,True,False,0.047727018326454484,0.019293840874695573
inner_calibration,26812,B,2017-04-04,0.0004788976073579902,0.00020451951523126036,0,True,False,0.047727018326454484,0.019293840874695573
inner_calibration,26824,B,2017-04-04,0.0004441270675637947,0.0001899251186371117,0,True,False,0.047727018326454484,0.019293840874695573
inner_calibration,26836,B,2017-04-04,0.00046801823403943985,0.00019995513041444357,0,True,False,0.047727018326454484,0.019293840874695573
inner_calibration,26848,B,2017-04-04,0.0004924110028380514,0.00021018646530996654,0,True,False,0.047727018326454484,0.019293840874695573
inner_calibration,26860,B,2017-04-04,0.03053200312246347,0.012313018863487806,0,True,False,0.047727018326454484,0.019293840874695573
inner_calibration,26872,B,2017-04-04,0.02715371840050133,0.010951501553030462,0,True,False,0.047727018326454484,0.019293840874695573
inner_calibration,26884,B,2017-04-04,0.0019067229880948707,0.0007948573710540015,0,True,False,0.047727018326454484,0.019293840874695573
inner_calibration,26896,B,2017-04-04,0.0006727223010128047,0.00028556712424991035,0,True,False,0.047727018326454484,0.019293840874695573
inner_calibration,26908,B,2017-04-04,0.0004720798667262579,0.00020165938270218063,0,True,False,0.047727018326454484,0.019293840874695573
inner_calibration,26920,B,2017-04-04,0.0004782559576013123,0.00020425036523596325,0,True,False,0.047727018326454484,0.019293840874695573
inner_calibration,26932,B,2017-04-04,0.00046108122048639554,0.00019704377341256865,0,True,False,0.047727018326454484,0.019293840874695573
inner_calibration,26944,B,2017-04-04,0.00048216994133467244,0.00020589204863768787,0,True,False,0.047727018326454484,0.019293840874695573
inner_calibration,26956,B,2017-04-04,0.008714068298869239,0.0035482710550102524,0,True,False,0.047727018326454484,0.019293840874695573
inner_calibration,26968,B,2017-04-04,0.40390284792877307,0.20239018246381865,0,True,False,0.047727018326454484,0.019293840874695573
inner_calibration,26980,B,2017-04-04,0.9913059218705907,0.9749512075228453,1,True,True,0.047727018326454484,0.019293840874695573
inner_calibration,26992,B,2017-04-04,0.39349455311442244,0.19559531321016643,0,True,False,0.047727018326454484,0.019293840874695573
inner_calibration,27004,B,2017-04-04,0.0011307185956071595,0.00047562471689265956,0,True,False,0.047727018326454484,0.019293840874695573
inner_calibration,27016,B,2017-04-04,0.0019724724881738853,0.0008217938237723388,0,True,False,0.047727018326454484,0.019293840874695573
inner_calibration,27028,B,2017-04-04,0.0006526724956089959,0.00027720447551338434,0,True,False,0.047727018326454484,0.019293840874695573
inner_calibration,27040,B,2017-04-04,0.0004441270675637947,0.0001899251186371117,0,True,False,0.047727018326454484,0.019293840874695573
inner_calibration,27052,B,2017-04-04,0.0004441270675637947,0.0001899251186371117,0,True,False,0.047727018326454484,0.019293840874695573
inner_calibration,27064,B,2017-04-05,0.0004931132627541144,0.00021048088850657645,0,True,False,0.047727018326454484,0.019293840874695573
inner_calibration,27076,B,2017-04-05,0.0005423380550597421,0.00023110074322786318,0,True,False,0.047727018326454484,0.019293840874695573
inner_calibration,27088,B,2017-04-05,0.000490762593341693,0.0002094953390221527,0,True,False,0.047727018326454484,0.019293840874695573
inner_calibration,27100,B,2017-04-05,0.0004583147330888763,0.00019588250785871014,0,True,False,0.047727018326454484,0.019293840874695573
inner_calibration,27112,B,2017-04-05,0.00047421677148167424,0.00020255591997384405,0,True,False,0.047727018326454484,0.019293840874695573
inner_calibration,27124,B,2017-04-05,0.0005488164202720313,0.00023381197588771466,0,True,False,0.047727018326454484,0.019293840874695573
inner_calibration,27136,B,2017-04-05,0.0006747429151813004,0.00028640966842262254,0,True,False,0.047727018326454484,0.019293840874695573
inner_calibration,27148,B,2017-04-05,0.009221962819809776,0.0037523573389962577,0,True,False,0.047727018326454484,0.019293840874695573
inner_calibration,27160,B,2017-04-05,0.009846205431488803,0.004003087853258562,0,True,False,0.047727018326454484,0.019293840874695573
inner_calibration,27172,B,2017-04-05,0.0014468507863857182,0.0006060062153320677,0,True,False,0.047727018326454484,0.019293840874695573
inner_calibration,27184,B,2017-04-05,0.0007345201159403029,0.0003113160562470066,0,True,False,0.047727018326454484,0.019293840874695573
inner_calibration,27196,B,2017-04-05,0.0005667314954013557,0.00024130665149341515,0,True,False,0.047727018326454484,0.019293840874695573
inner_calibration,27208,B,2017-04-05,0.000500159645421196,0.0002134346872020577,0,True,False,0.047727018326454484,0.019293840874695573
inner_calibration,27220,B,2017-04-05,0.0004923190061425165,0.00021014789505577452,0,True,False,0.047727018326454484,0.019293840874695573
inner_calibration,27232,B,2017-04-05,0.0004790026346404503,0.00020456356996044725,0,True,False,0.047727018326454484,0.019293840874695573
inner_calibration,27244,B,2017-04-05,0.01997362489929823,0.008065679523874795,0,True,False,0.047727018326454484,0.019293840874695573
inner_calibration,27256,B,2017-04-05,0.39620296822292067,0.1973524446516907,0,True,False,0.047727018326454484,0.019293840874695573
inner_calibration,27268,B,2017-04-05,0.9186448582256485,0.8007586480628741,1,True,True,0.047727018326454484,0.019293840874695573
inner_calibration,27280,B,2017-04-05,0.4149674641484343,0.20974102833234995,0,True,True,0.047727018326454484,0.019293840874695573
inner_calibration,27292,B,2017-04-05,0.0034350582735722546,0.0014180723425319152,0,True,False,0.047727018326454484,0.019293840874695573
inner_calibration,27304,B,2017-04-05,0.0032953106163290348,0.0013612926458691544,0,True,False,0.047727018326454484,0.019293840874695573
inner_calibration,27316,B,2017-04-05,0.0019579729203620367,0.0008158548335856598,0,True,False,0.047727018326454484,0.019293840874695573
inner_calibration,27328,B,2017-04-05,0.0004544330500987137,0.00019425291830801414,0,True,False,0.047727018326454484,0.019293840874695573
inner_calibration,27340,B,2017-04-05,0.0005260012917881228,0.00022426118887581485,0,True,False,0.047727018326454484,0.019293840874695573
inner_calibration,27352,B,2017-04-06,0.0005082899464550665,0.00021684195349234636,0,True,False,0.047727018326454484,0.019293840874695573
inner_calibration,27364,B,2017-04-06,0.0004890352309416052,0.00020877106664544002,0,True,False,0.047727018326454484,0.019293840874695573
inner_calibration,27376,B,2017-04-06,0.0005238932815152048,0.00022337838079088018,0,True,False,0.047727018326454484,0.019293840874695573
inner_calibration,27388,B,2017-04-06,0.0004886606626307769,0.00020861400656306672,0,True,False,0.047727018326454484,0.019293840874695573
inner_calibration,27400,B,2017-04-06,0.00046371624039867333,0.00019814974027526492,0,True,False,0.047727018326454484,0.019293840874695573
inner_calibration,27412,B,2017-04-06,0.0005072862462307221,0.0002164213722591816,0,True,False,0.047727018326454484,0.019293840874695573
inner_calibration,27424,B,2017-04-06,0.000828934183629667,0.000350583983302857,0,True,False,0.047727018326454484,0.019293840874695573
inner_calibration,27436,B,2017-04-06,0.0024118433549767063,0.0010014571785551738,0,True,False,0.047727018326454484,0.019293840874695573
inner_calibration,27448,B,2017-04-06,0.008072878091545575,0.0032904905302377756,0,True,False,0.047727018326454484,0.019293840874695573
inner_calibration,27460,B,2017-04-06,0.0005205986333315832,0.00022199849933064785,0,True,False,0.047727018326454484,0.019293840874695573
inner_calibration,27472,B,2017-04-06,0.00048321294201911425,0.0002063294859176765,0,True,False,0.047727018326454484,0.019293840874695573
inner_calibration,27484,B,2017-04-06,0.0005222810060338145,0.00022270313830402693,0,True,False,0.047727018326454484,0.019293840874695573
inner_calibration,27496,B,2017-04-06,0.0005374047510142158,0.00022903574874188448,0,True,False,0.047727018326454484,0.019293840874695573
inner_calibration,27508,B,2017-04-06,0.000877740975384904,0.0003708526738678693,0,True,False,0.047727018326454484,0.019293840874695573
inner_calibration,27520,B,2017-04-06,0.0005128961846269804,0.00021877192299071281,0,True,False,0.047727018326454484,0.019293840874695573
inner_calibration,27532,B,2017-04-06,0.004696421833902756,0.001929276222010264,0,True,False,0.047727018326454484,0.019293840874695573
inner_calibration,27544,B,2017-04-06,0.6850483556863324,0.44369012866110447,1,True,False,0.047727018326454484,0.019293840874695573
inner_calibration,27556,B,2017-04-06,0.8839333058710209,0.7319034227025005,1,True,True,0.047727018326454484,0.019293840874695573
inner_calibration,27568,B,2017-04-06,0.9355744742283908,0.8372723756187644,1,True,True,0.047727018326454484,0.019293840874695573
inner_calibration,27580,B,2017-04-06,0.03654146436611311,0.01474236655946492,0,True,False,0.047727018326454484,0.019293840874695573
inner_calibration,27592,B,2017-04-06,0.0009430682348912822,0.000397952158372161,0,True,False,0.047727018326454484,0.019293840874695573
inner_calibration,27604,B,2017-04-06,0.0005625655698320683,0.00023956423220208829,0,True,False,0.047727018326454484,0.019293840874695573
inner_calibration,27616,B,2017-04-06,0.0005558427442481414,0.0002367519016241759,0,True,False,0.047727018326454484,0.019293840874695573
inner_calibration,27628,B,2017-04-06,0.00047035285068160046,0.0002009347620528922,0,True,False,0.047727018326454484,0.019293840874695573
inner_calibration,27640,B,2017-04-07,0.0005413708421081739,0.00023069591079169036,0,True,False,0.047727018326454484,0.019293840874695573
inner_calibration,27652,B,2017-04-07,0.0004986616752153621,0.00021280680894849734,0,True,False,0.047727018326454484,0.019293840874695573
inner_calibration,27664,B,2017-04-07,0.0004441270675637947,0.0001899251186371117,0,True,False,0.047727018326454484,0.019293840874695573
inner_calibration,27676,B,2017-04-07,0.0005366775461192728,0.00022873132562752693,0,True,False,0.047727018326454484,0.019293840874695573
inner_calibration,27688,B,2017-04-07,0.00046617501243561264,0.0001991816331936354,0,True,False,0.047727018326454484,0.019293840874695573
inner_calibration,27700,B,2017-04-07,0.0004528991229664043,0.0001936088851366902,0,True,False,0.047727018326454484,0.019293840874695573
inner_calibration,27712,B,2017-04-07,0.0006196495589415464,0.000263421040149051,0,True,False,0.047727018326454484,0.019293840874695573
inner_calibration,27724,B,2017-04-07,0.0004977600121170726,0.00021242885852024184,0,True,False,0.047727018326454484,0.019293840874695573
inner_calibration,27736,B,2017-04-07,0.004987034493748442,0.002046783326808728,0,True,False,0.047727018326454484,0.019293840874695573
inner_calibration,27748,B,2017-04-07,0.0005233455008921186,0.00022314896703393828,0,True,False,0.047727018326454484,0.019293840874695573
inner_calibration,27760,B,2017-04-07,0.0005206643066123541,0.00022202600643849707,0,True,False,0.047727018326454484,0.019293840874695573
inner_calibration,27772,B,2017-04-07,0.0004441270675637947,0.0001899251186371117,0,True,False,0.047727018326454484,0.019293840874695573
inner_calibration,27784,B,2017-04-07,0.0005498357969423853,0.0002342385398147034,0,True,False,0.047727018326454484,0.019293840874695573
inner_calibration,27796,B,2017-04-07,0.0005001502720610336,0.00021343075843526952,0,True,False,0.047727018326454484,0.019293840874695573
inner_calibration,27808,B,2017-04-07,0.0005803692489395113,0.00024700915865463166,0,True,False,0.047727018326454484,0.019293840874695573
inner_calibration,27820,B,2017-04-07,0.006020810922356516,0.0024641528627300548,0,True,False,0.047727018326454484,0.019293840874695573
inner_calibration,27832,B,2017-04-07,0.12806802045741605,0.05351905362345948,0,True,False,0.047727018326454484,0.019293840874695573
inner_calibration,27844,B,2017-04-07,0.12223892893983447,0.05093157437552636,0,True,False,0.047727018326454484,0.019293840874695573
inner_calibration,27856,B,2017-04-07,0.0029118241348767573,0.0012052997422458969,0,True,False,0.047727018326454484,0.019293840874695573
inner_calibration,27868,B,2017-04-07,0.0008807838884370605,0.0003721156989864922,0,True,False,0.047727018326454484,0.019293840874695573
inner_calibration,27880,B,2017-04-07,0.000667031109974294,0.00028319380811199523,0,True,False,0.047727018326454484,0.019293840874695573
inner_calibration,27892,B,2017-04-07,0.0004867367705647291,0.0002078072669208029,0,True,False,0.047727018326454484,0.019293840874695573
inner_calibration,27904,B,2017-04-07,0.0006221624249663223,0.00026447032430107487,0,True,False,0.047727018326454484,0.019293840874695573
inner_calibration,27916,B,2017-04-07,0.00048522064759253767,0.00020717147647951977,0,True,False,0.047727018326454484,0.019293840874695573
inner_calibration,27928,B,2017-04-08,0.0005416526792384845,0.0002308138766142691,0,True,False,0.047727018326454484,0.019293840874695573
inner_calibration,27940,B,2017-04-08,0.00048001802593323323,0.00020498947712686415,0,True,False,0.047727018326454484,0.019293840874695573
inner_calibration,27952,B,2017-04-08,0.0004441270675637947,0.0001899251186371117,0,True,False,0.047727018326454484,0.019293840874695573
inner_calibration,27964,B,2017-04-08,0.0005165576136675036,0.00022030581024045677,0,True,False,0.047727018326454484,0.019293840874695573
inner_calibration,27976,B,2017-04-08,0.0004441270675637947,0.0001899251186371117,0,True,False,0.047727018326454484,0.019293840874695573
inner_calibration,27988,B,2017-04-08,0.0004441270675637947,0.0001899251186371117,0,True,False,0.047727018326454484,0.019293840874695573
inner_calibration,28000,B,2017-04-08,0.0004541651707813476,0.0001941404495089495,0,True,False,0.047727018326454484,0.019293840874695573
inner_calibration,28012,B,2017-04-08,0.0004541651707813476,0.0001941404495089495,0,True,False,0.047727018326454484,0.019293840874695573
inner_calibration,28024,B,2017-04-08,0.0006115251664603378,0.00026002807348169104,0,True,False,0.047727018326454484,0.019293840874695573
inner_calibration,28036,B,2017-04-08,0.0005368072522361249,0.00022878562383674586,0,True,False,0.047727018326454484,0.019293840874695573
inner_calibration,28048,B,2017-04-08,0.0009606927113010517,0.0004052576990048466,0,True,False,0.047727018326454484,0.019293840874695573
inner_calibration,28060,B,2017-04-08,0.002615622654184049,0.001084607909435092,0,True,False,0.047727018326454484,0.019293840874695573
inner_calibration,28072,B,2017-04-08,0.0005366728886787294,0.00022872937590272038,0,True,False,0.047727018326454484,0.019293840874695573
inner_calibration,28084,B,2017-04-08,0.00046108122048639554,0.00019704377341256865,0,True,False,0.047727018326454484,0.019293840874695573
inner_calibration,28096,B,2017-04-08,0.0004998587973840322,0.000213308588579567,0,True,False,0.047727018326454484,0.019293840874695573
inner_calibration,28108,B,2017-04-08,0.0005189393546253147,0.00022130349398603077,0,True,False,0.047727018326454484,0.019293840874695573
inner_calibration,28120,B,2017-04-08,0.0005271938442391095,0.0002247605873963016,0,True,False,0.047727018326454484,0.019293840874695573
inner_calibration,28132,B,2017-04-08,0.0005745179104664328,0.00024456276177578935,0,True,False,0.047727018326454484,0.019293840874695573
inner_calibration,28144,B,2017-04-08,0.0004441270675637947,0.0001899251186371117,0,True,False,0.047727018326454484,0.019293840874695573
inner_calibration,28156,B,2017-04-08,0.0005307728582954754,0.00022625923281204452,0,True,False,0.047727018326454484,0.019293840874695573
inner_calibration,28168,B,2017-04-08,0.0004739516009622262,0.00020244467167647513,0,True,False,0.047727018326454484,0.019293840874695573
inner_calibration,28180,B,2017-04-08,0.0004997257603699646,0.0002132528265019188,0,True,False,0.047727018326454484,0.019293840874695573
inner_calibration,28192,B,2017-04-08,0.0006008915682523691,0.0002555860095028562,0,True,False,0.047727018326454484,0.019293840874695573
inner_calibration,28204,B,2017-04-08,0.000491551700293379,0.00020982619182626094,0,True,False,0.047727018326454484,0.019293840874695573
inner_calibration,28216,B,2017-04-09,0.0004582755321780711,0.0001958660519342981,0,True,False,0.047727018326454484,0.019293840874695573
inner_calibration,28228,B,2017-04-09,0.0004441270675637947,0.0001899251186371117,0,True,False,0.047727018326454484,0.019293840874695573
inner_calibration,28240,B,2017-04-09,0.00047421677148167424,0.00020255591997384405,0,True,False,0.047727018326454484,0.019293840874695573
inner_calibration,28252,B,2017-04-09,0.0005584523752539625,0.0002378436473011937,0,True,False,0.047727018326454484,0.019293840874695573
inner_calibration,28264,B,2017-04-09,0.0005911918740087954,0.00025153288199907605,0,True,False,0.047727018326454484,0.019293840874695573
inner_calibration,28276,B,2017-04-09,0.0005612593511384207,0.00023901785344868082,0,True,False,0.047727018326454484,0.019293840874695573
inner_calibration,28288,B,2017-04-09,0.0004582755321780711,0.0001958660519342981,0,True,False,0.047727018326454484,0.019293840874695573
inner_calibration,28300,B,2017-04-09,0.00048454315995395035,0.00020688735888645593,0,True,False,0.047727018326454484,0.019293840874695573
inner_calibration,28312,B,2017-04-09,0.00050266114996399,0.0002144831262757371,0,True,False,0.047727018326454484,0.019293840874695573
inner_calibration,28324,B,2017-04-09,0.0007051194699353752,0.0002990707283435627,0,True,False,0.047727018326454484,0.019293840874695573
inner_calibration,28336,B,2017-04-09,0.0006354118098684743,0.0002700015907087488,0,True,False,0.047727018326454484,0.019293840874695573
inner_calibration,28348,B,2017-04-09,0.0006848951280518186,0.0002906422226165868,0,True,False,0.047727018326454484,0.019293840874695573
inner_calibration,28360,B,2017-04-09,0.0005341792749960133,0.00022768544237844948,0,True,False,0.047727018326454484,0.019293840874695573
inner_calibration,28372,B,2017-04-09,0.000515403688051894,0.0002198224152506323,0,True,False,0.047727018326454484,0.019293840874695573
inner_calibration,28384,B,2017-04-09,0.0004727003525614169,0.00020191971452495792,0,True,False,0.047727018326454484,0.019293840874695573
inner_calibration,28396,B,2017-04-09,0.0004915663414391767,0.0002098323304045033,0,True,False,0.047727018326454484,0.019293840874695573
inner_calibration,28408,B,2017-04-09,0.0005192480523342464,0.00022143279802025356,0,True,False,0.047727018326454484,0.019293840874695573
inner_calibration,28420,B,2017-04-09,0.0006025733464538766,0.00025628864342680627,0,True,False,0.047727018326454484,0.019293840874695573
inner_calibration,28432,B,2017-04-09,0.0005219220808477219,0.00022255281069367643,0,True,False,0.047727018326454484,0.019293840874695573
inner_calibration,28444,B,2017-04-09,0.000534776819378073,0.00022793560779406114,0,True,False,0.047727018326454484,0.019293840874695573
inner_calibration,28456,B,2017-04-09,0.0005219220808477219,0.00022255281069367643,0,True,False,0.047727018326454484,0.019293840874695573
inner_calibration,28468,B,2017-04-09,0.0004582755321780711,0.0001958660519342981,0,True,False,0.047727018326454484,0.019293840874695573
inner_calibration,28480,B,2017-04-09,0.0005072101950431163,0.00021638950388204006,0,True,False,0.047727018326454484,0.019293840874695573
inner_calibration,28492,B,2017-04-09,0.0004441270675637947,0.0001899251186371117,0,True,False,0.047727018326454484,0.019293840874695573
inner_calibration,28504,B,2017-04-10,0.000491551700293379,0.00020982619182626094,0,True,False,0.047727018326454484,0.019293840874695573
inner_calibration,28516,B,2017-04-10,0.0004441270675637947,0.0001899251186371117,0,True,False,0.047727018326454484,0.019293840874695573
inner_calibration,28528,B,2017-04-10,0.0005655409936631059,0.0002408087410090141,0,True,False,0.047727018326454484,0.019293840874695573
inner_calibration,28540,B,2017-04-10,0.0004441270675637947,0.0001899251186371117,0,True,False,0.047727018326454484,0.019293840874695573
inner_calibration,28552,B,2017-04-10,0.0004441270675637947,0.0001899251186371117,0,True,False,0.047727018326454484,0.019293840874695573
inner_calibration,28564,B,2017-04-10,0.0005258762586578934,0.00022420882830634278,0,True,False,0.047727018326454484,0.019293840874695573
inner_calibration,28576,B,2017-04-10,0.0004541651707813476,0.0001941404495089495,0,True,False,0.047727018326454484,0.019293840874695573
inner_calibration,28588,B,2017-04-10,0.004043910722799202,0.001665092413814608,0,True,False,0.047727018326454484,0.019293840874695573
inner_calibration,28600,B,2017-04-10,0.0014876312435462584,0.0006227885212385559,0,True,False,0.047727018326454484,0.019293840874695573
inner_calibration,28612,B,2017-04-10,0.000864420307753267,0.00036532276740363273,0,True,False,0.047727018326454484,0.019293840874695573
inner_calibration,28624,B,2017-04-10,0.0005853892705649219,0.00024910764644126866,0,True,False,0.047727018326454484,0.019293840874695573
inner_calibration,28636,B,2017-04-10,0.0006286454680413412,0.0002671770753232055,0,True,False,0.047727018326454484,0.019293840874695573
inner_calibration,28648,B,2017-04-10,0.0005931281947347058,0.00025234208740560914,0,True,False,0.047727018326454484,0.019293840874695573
inner_calibration,28660,B,2017-04-10,0.0007794310822412092,0.00033000523089064956,0,True,False,0.047727018326454484,0.019293840874695573
inner_calibration,28672,B,2017-04-10,0.0007307004628509436,0.0003097256609638669,0,True,False,0.047727018326454484,0.019293840874695573
inner_calibration,28684,B,2017-04-10,0.008819426767320724,0.003590614148757249,0,True,False,0.047727018326454484,0.019293840874695573
inner_calibration,28696,B,2017-04-10,0.6923979087864812,0.4520143577652676,0,True,False,0.047727018326454484,0.019293840874695573
inner_calibration,28708,B,2017-04-10,0.97220697063929,0.9242341098317092,1,True,True,0.047727018326454484,0.019293840874695573
inner_calibration,28720,B,2017-04-10,0.18756973801237864,0.08101647190254738,0,True,False,0.047727018326454484,0.019293840874695573
inner_calibration,28732,B,2017-04-10,0.001904084201140587,0.0007937760013941044,0,True,False,0.047727018326454484,0.019293840874695573
inner_calibration,28744,B,2017-04-10,0.0007505270452807391,0.000317979347521042,0,True,False,0.047727018326454484,0.019293840874695573
inner_calibration,28756,B,2017-04-10,0.0010446473550725058,0.0004400273699922738,0,True,False,0.047727018326454484,0.019293840874695573
inner_calibration,28768,B,2017-04-10,0.0004441270675637947,0.0001899251186371117,0,True,False,0.047727018326454484,0.019293840874695573
inner_calibration,28780,B,2017-04-10,0.0004441270675637947,0.0001899251186371117,0,True,False,0.047727018326454484,0.019293840874695573
inner_calibration,28792,B,2017-04-11,0.0004968601300539246,0.00021205164270213171,0,True,False,0.047727018326454484,0.019293840874695573
inner_calibration,28804,B,2017-04-11,0.0005509748552143022,0.00023471516886823735,0,True,False,0.047727018326454484,0.019293840874695573
inner_calibration,28816,B,2017-04-11,0.00047421677148167424,0.00020255591997384405,0,True,False,0.047727018326454484,0.019293840874695573
inner_calibration,28828,B,2017-04-11,0.0004945454403925549,0.0002110813077252567,0,True,False,0.047727018326454484,0.019293840874695573
inner_calibration,28840,B,2017-04-11,0.000508821476119209,0.0002170646748685391,0,True,False,0.047727018326454484,0.019293840874695573
inner_calibration,28852,B,2017-04-11,0.0004727003525614169,0.00020191971452495792,0,True,False,0.047727018326454484,0.019293840874695573
inner_calibration,28864,B,2017-04-11,0.0005035220089351571,0.00021484391127297414,0,True,False,0.047727018326454484,0.019293840874695573
inner_calibration,28876,B,2017-04-11,0.013399649196760155,0.0054289055876365075,0,True,False,0.047727018326454484,0.019293840874695573
inner_calibration,28888,B,2017-04-11,0.08963754431932175,0.03677726786143317,0,True,False,0.047727018326454484,0.019293840874695573
inner_calibration,28900,B,2017-04-11,0.0012235657301196612,0.0005139735975247601,0,True,False,0.047727018326454484,0.019293840874695573
inner_calibration,28912,B,2017-04-11,0.0008674773904028603,0.0003665920043434333,0,True,False,0.047727018326454484,0.019293840874695573
inner_calibration,28924,B,2017-04-11,0.0005319619798258233,0.0002267571161684351,0,True,False,0.047727018326454484,0.019293840874695573
inner_calibration,28936,B,2017-04-11,0.0005235962503870949,0.0002232539829223122,0,True,False,0.047727018326454484,0.019293840874695573
inner_calibration,28948,B,2017-04-11,0.0004773825681000148,0.00020388399822055908,0,True,False,0.047727018326454484,0.019293840874695573
inner_calibration,28960,B,2017-04-11,0.0004923190061425165,0.00021014789505577452,0,True,False,0.047727018326454484,0.019293840874695573
inner_calibration,28972,B,2017-04-11,0.002310333564393645,0.0009599974450850252,0,True,False,0.047727018326454484,0.019293840874695573
inner_calibration,28984,B,2017-04-11,0.5503269525082325,0.3119786439500792,0,True,False,0.047727018326454484,0.019293840874695573
inner_calibration,28996,B,2017-04-11,0.9569564169438484,0.8865795399252983,1,True,True,0.047727018326454484,0.019293840874695573
inner_calibration,29008,B,2017-04-11,0.021635876715462878,0.008732987475523717,0,True,False,0.047727018326454484,0.019293840874695573
inner_calibration,29020,B,2017-04-11,0.0025400880316933327,0.0010537983796057953,0,True,False,0.047727018326454484,0.019293840874695573
inner_calibration,29032,B,2017-04-11,0.00111487194738993,0.000469074385731518,0,True,False,0.047727018326454484,0.019293840874695573
inner_calibration,29044,B,2017-04-11,0.0004890352309416052,0.00020877106664544002,0,True,False,0.047727018326454484,0.019293840874695573
inner_calibration,29056,B,2017-04-11,0.000555005881814811,0.00023640177922324148,0,True,False,0.047727018326454484,0.019293840874695573
inner_calibration,29068,B,2017-04-11,0.0004441270675637947,0.0001899251186371117,0,True,False,0.047727018326454484,0.019293840874695573
inner_calibration,29080,B,2017-04-12,0.0005113212523314055,0.00021811207574031296,0,True,False,0.047727018326454484,0.019293840874695573
inner_calibration,29092,B,2017-04-12,0.0004441270675637947,0.0001899251186371117,0,True,False,0.047727018326454484,0.019293840874695573
inner_calibration,29104,B,2017-04-12,0.0006001038378118281,0.00025525689006888094,0,True,False,0.047727018326454484,0.019293840874695573
inner_calibration,29116,B,2017-04-12,0.0004441270675637947,0.0001899251186371117,0,True,False,0.047727018326454484,0.019293840874695573
inner_calibration,29128,B,2017-04-12,0.0005614513336804318,0.0002390981592929061,0,True,False,0.047727018326454484,0.019293840874695573
inner_calibration,29140,B,2017-04-12,0.0004441270675637947,0.0001899251186371117,0,True,False,0.047727018326454484,0.019293840874695573
inner_calibration,29152,B,2017-04-12,0.00048703192055475213,0.0002079310348640354,0,True,False,0.047727018326454484,0.019293840874695573
inner_calibration,29164,B,2017-04-12,0.09800186958736995,0.04035914666926379,0,True,False,0.047727018326454484,0.019293840874695573
inner_calibration,29176,B,2017-04-12,0.024844863929513437,0.010022481453588045,0,True,False,0.047727018326454484,0.019293840874695573
inner_calibration,29188,B,2017-04-12,0.005699346935104012,0.002334462771473258,0,True,False,0.047727018326454484,0.019293840874695573
inner_calibration,29200,B,2017-04-12,0.0025184487049222143,0.001044969468719633,0,True,False,0.047727018326454484,0.019293840874695573
inner_calibration,29212,B,2017-04-12,0.00094414687904502,0.00039839933446605134,0,True,False,0.047727018326454484,0.019293840874695573
inner_calibration,29224,B,2017-04-12,0.0005004074969224482,0.00021353857165210756,0,True,False,0.047727018326454484,0.019293840874695573
inner_calibration,29236,B,2017-04-12,0.0004923190061425165,0.00021014789505577452,0,True,False,0.047727018326454484,0.019293840874695573
inner_calibration,29248,B,2017-04-12,0.0004923190061425165,0.00021014789505577452,0,True,False,0.047727018326454484,0.019293840874695573
inner_calibration,29260,B,2017-04-12,0.05961424646361351,0.024179476691377204,0,True,False,0.047727018326454484,0.019293840874695573
inner_calibration,29272,B,2017-04-12,0.9676372669989779,0.9127129638084616,1,True,False,0.047727018326454484,0.019293840874695573
inner_calibration,29284,B,2017-04-12,0.989630645783846,0.9703119421230699,1,True,True,0.047727018326454484,0.019293840874695573
inner_calibration,29296,B,2017-04-12,0.6134942744256893,0.36922294764089947,0,True,True,0.047727018326454484,0.019293840874695573
inner_calibration,29308,B,2017-04-12,0.0023035334332326793,0.0009572190764213676,0,True,False,0.047727018326454484,0.019293840874695573
inner_calibration,29320,B,2017-04-12,0.003154156560107915,0.0013039067843072369,0,True,False,0.047727018326454484,0.019293840874695573
inner_calibration,29332,B,2017-04-12,0.0008510872782926291,0.0003597862717690525,0,True,False,0.047727018326454484,0.019293840874695573
inner_calibration,29344,B,2017-04-12,0.0004916226306745667,0.0002098559307049128,0,True,False,0.047727018326454484,0.019293840874695573
inner_calibration,29356,B,2017-04-12,0.0004441270675637947,0.0001899251186371117,0,True,False,0.047727018326454484,0.019293840874695573
inner_calibration,29368,B,2017-04-13,0.0005304170810666328,0.00022611026564947541,0,True,False,0.047727018326454484,0.019293840874695573
inner_calibration,29380,B,2017-04-13,0.0005370309641183758,0.00022887927466127406,0,True,False,0.047727018326454484,0.019293840874695573
inner_calibration,29392,B,2017-04-13,0.0005367144211047185,0.000228746762437647,0,True,False,0.047727018326454484,0.019293840874695573
inner_calibration,29404,B,2017-04-13,0.0004835949915618855,0.00020648971437791367,0,True,False,0.047727018326454484,0.019293840874695573
inner_calibration,29416,B,2017-04-13,0.0005675142041438674,0.00024163399840450902,0,True,False,0.047727018326454484,0.019293840874695573
inner_calibration,29428,B,2017-04-13,0.0004582755321780711,0.0001958660519342981,0,True,False,0.047727018326454484,0.019293840874695573
inner_calibration,29440,B,2017-04-13,0.0005864166031731758,0.00024953705708587474,0,True,False,0.047727018326454484,0.019293840874695573
inner_calibration,29452,B,2017-04-13,0.0100407369408174,0.004081201146357872,0,True,False,0.047727018326454484,0.019293840874695573
inner_calibration,29464,B,2017-04-13,0.0027490966686651588,0.0011390177582630855,0,True,False,0.047727018326454484,0.019293840874695573
inner_calibration,29476,B,2017-04-13,0.0004865687113641342,0.00020773679253274338,0,True,False,0.047727018326454484,0.019293840874695573
inner_calibration,29488,B,2017-04-13,0.0008486082764757356,0.0003587567118989905,0,True,False,0.047727018326454484,0.019293840874695573
inner_calibration,29500,B,2017-04-13,0.0007176894139236763,0.00030430714901219334,0,True,False,0.047727018326454484,0.019293840874695573
inner_calibration,29512,B,2017-04-13,0.0005404610819924924,0.0002303151140447281,0,True,False,0.047727018326454484,0.019293840874695573
inner_calibration,29524,B,2017-04-13,0.0005376131119998157,0.00022912297166420318,0,True,False,0.047727018326454484,0.019293840874695573
inner_calibration,29536,B,2017-04-13,0.0005355393972541982,0.0002282548583503328,0,True,False,0.047727018326454484,0.019293840874695573
inner_calibration,29548,B,2017-04-13,0.021833898617760892,0.008812509627053659,0,True,False,0.047727018326454484,0.019293840874695573
inner_calibration,29560,B,2017-04-13,0.8227290387523569,0.6266758406064915,0,True,False,0.047727018326454484,0.019293840874695573
inner_calibration,29572,B,2017-04-13,0.9820510850360078,0.9498155966000308,1,True,True,0.047727018326454484,0.019293840874695573
inner_calibration,29584,B,2017-04-13,0.039733334812352666,0.016037000026281563,0,True,False,0.047727018326454484,0.019293840874695573
inner_calibration,29596,B,2017-04-13,0.004102401732401461,0.001688795254469651,0,True,False,0.047727018326454484,0.019293840874695573
inner_calibration,29608,B,2017-04-13,0.0009171761529677678,0.0003872153840420758,0,True,False,0.047727018326454484,0.019293840874695573
inner_calibration,29620,B,2017-04-13,0.0004441270675637947,0.0001899251186371117,0,True,False,0.047727018326454484,0.019293840874695573
inner_calibration,29632,B,2017-04-13,0.0004441270675637947,0.0001899251186371117,0,True,False,0.047727018326454484,0.019293840874695573
inner_calibration,29644,B,2017-04-13,0.000491551700293379,0.00020982619182626094,0,True,False,0.047727018326454484,0.019293840874695573
inner_calibration,29656,B,2017-04-14,0.0004647039795226362,0.0001985642843150311,0,True,False,0.047727018326454484,0.019293840874695573
inner_calibration,29668,B,2017-04-14,0.000530536125507053,0.00022616011083393737,0,True,False,0.047727018326454484,0.019293840874695573
inner_calibration,29680,B,2017-04-14,0.0005181589686014353,0.00022097660813819397,0,True,False,0.047727018326454484,0.019293840874695573
inner_calibration,29692,B,2017-04-14,0.0004441270675637947,0.0001899251186371117,0,True,False,0.047727018326454484,0.019293840874695573
inner_calibration,29704,B,2017-04-14,0.0005187511242777814,0.00022122464938743037,0,True,False,0.047727018326454484,0.019293840874695573
inner_calibration,29716,B,2017-04-14,0.0004441270675637947,0.0001899251186371117,0,True,False,0.047727018326454484,0.019293840874695573
inner_calibration,29728,B,2017-04-14,0.0005680891328579596,0.00024187444188796968,0,True,False,0.047727018326454484,0.019293840874695573
inner_calibration,29740,B,2017-04-14,0.0008845742498520521,0.0003736888642297683,0,True,False,0.047727018326454484,0.019293840874695573
inner_calibration,29752,B,2017-04-14,0.0007121496897018505,0.0003019995926401052,0,True,False,0.047727018326454484,0.019293840874695573
inner_calibration,29764,B,2017-04-14,0.0005355677228415561,0.0002282667166053057,0,True,False,0.047727018326454484,0.019293840874695573
inner_calibration,29776,B,2017-04-14,0.000687913921465636,0.00029190057641338544,0,True,False,0.047727018326454484,0.019293840874695573
inner_calibration,29788,B,2017-04-14,0.0004923190061425165,0.00021014789505577452,0,True,False,0.047727018326454484,0.019293840874695573
inner_calibration,29800,B,2017-04-14,0.0014541622273206846,0.0006090156426488164,0,True,False,0.047727018326454484,0.019293840874695573
inner_calibration,29812,B,2017-04-14,0.0005195991794690135,0.00022157987281090738,0,True,False,0.047727018326454484,0.019293840874695573
inner_calibration,29824,B,2017-04-14,0.0007029951410592627,0.00029818561142059256,0,True,False,0.047727018326454484,0.019293840874695573
inner_calibration,29836,B,2017-04-14,0.3116567221841439,0.14587934547871256,0,True,False,0.047727018326454484,0.019293840874695573
inner_calibration,29848,B,2017-04-14,0.6516991197740709,0.40756701770999654,0,True,False,0.047727018326454484,0.019293840874695573
inner_calibration,29860,B,2017-04-14,0.30907616887885075,0.14441044418296614,0,True,False,0.047727018326454484,0.019293840874695573
inner_calibration,29872,B,2017-04-14,0.0014781410158845132,0.0006188837051933611,0,True,False,0.047727018326454484,0.019293840874695573
inner_calibration,29884,B,2017-04-14,0.0008769991097054811,0.00037054473558567456,0,True,False,0.047727018326454484,0.019293840874695573
inner_calibration,29896,B,2017-04-14,0.0006326249074674757,0.00026883830052825357,0,True,False,0.047727018326454484,0.019293840874695573
inner_calibration,29908,B,2017-04-14,0.0005912859490044101,0.00025157219782864245,0,True,False,0.047727018326454484,0.019293840874695573
inner_calibration,29920,B,2017-04-14,0.0005113943929156379,0.0002181427201378344,0,True,False,0.047727018326454484,0.019293840874695573
inner_calibration,29932,B,2017-04-14,0.0005498052744071029,0.00023422576768781584,0,True,False,0.047727018326454484,0.019293840874695573
inner_calibration,29944,B,2017-04-15,0.0004441270675637947,0.0001899251186371117,0,True,False,0.047727018326454484,0.019293840874695573
inner_calibration,29956,B,2017-04-15,0.0005434824034437699,0.00023157970042968036,0,True,False,0.047727018326454484,0.019293840874695573
inner_calibration,29968,B,2017-04-15,0.0005079281588642865,0.00021669035505147462,0,True,False,0.047727018326454484,0.019293840874695573
inner_calibration,29980,B,2017-04-15,0.00048012253553396774,0.00020503331291492574,0,True,False,0.047727018326454484,0.019293840874695573
inner_calibration,29992,B,2017-04-15,0.0006194551336563099,0.0002633398519379296,0,True,False,0.047727018326454484,0.019293840874695573
inner_calibration,30004,B,2017-04-15,0.0004441270675637947,0.0001899251186371117,0,True,False,0.047727018326454484,0.019293840874695573
inner_calibration,30016,B,2017-04-15,0.0005064216005244811,0.00021605904747272646,0,True,False,0.047727018326454484,0.019293840874695573
inner_calibration,30028,B,2017-04-15,0.0005615283907343364,0.00023913039194209268,0,True,False,0.047727018326454484,0.019293840874695573
inner_calibration,30040,B,2017-04-15,0.0006377557017494369,0.0002709798938824795,0,True,False,0.047727018326454484,0.019293840874695573
inner_calibration,30052,B,2017-04-15,0.0006784164124985015,0.00028794131069701906,0,True,False,0.047727018326454484,0.019293840874695573
inner_calibration,30064,B,2017-04-15,0.0004790026346404503,0.00020456356996044725,0,True,False,0.047727018326454484,0.019293840874695573
inner_calibration,30076,B,2017-04-15,0.0004684158231490477,0.00020012196935922192,0,True,False,0.047727018326454484,0.019293840874695573
inner_calibration,30088,B,2017-04-15,0.0004790026346404503,0.00020456356996044725,0,True,False,0.047727018326454484,0.019293840874695573
inner_calibration,30100,B,2017-04-15,0.0005727765936504069,0.0002438346478565784,0,True,False,0.047727018326454484,0.019293840874695573
inner_calibration,30112,B,2017-04-15,0.0004441270675637947,0.0001899251186371117,0,True,False,0.047727018326454484,0.019293840874695573
inner_calibration,30124,B,2017-04-15,0.0004441270675637947,0.0001899251186371117,0,True,False,0.047727018326454484,0.019293840874695573
inner_calibration,30136,B,2017-04-15,0.00046865673478987247,0.0002002230610705987,0,True,False,0.047727018326454484,0.019293840874695573
inner_calibration,30148,B,2017-04-15,0.0007567443106029373,0.00032056677991604374,0,True,False,0.047727018326454484,0.019293840874695573
inner_calibration,30160,B,2017-04-15,0.0006201313411908211,0.0002636222211244228,0,True,False,0.047727018326454484,0.019293840874695573
inner_calibration,30172,B,2017-04-15,0.000550138066843792,0.00023436502371014823,0,True,False,0.047727018326454484,0.019293840874695573
inner_calibration,30184,B,2017-04-15,0.000521327375217197,0.00022230372785651394,0,True,False,0.047727018326454484,0.019293840874695573
inner_calibration,30196,B,2017-04-15,0.000521327375217197,0.00022230372785651394,0,True,False,0.047727018326454484,0.019293840874695573
inner_calibration,30208,B,2017-04-15,0.0004441270675637947,0.0001899251186371117,0,True,False,0.047727018326454484,0.019293840874695573
inner_calibration,30220,B,2017-04-15,0.0005460487392127178,0.00023265375433475458,0,True,False,0.047727018326454484,0.019293840874695573
inner_calibration,30232,B,2017-04-16,0.0005248527461162043,0.0002237802001306221,0,True,False,0.047727018326454484,0.019293840874695573
inner_calibration,30244,B,2017-04-16,0.0005294774592240521,0.0002257168290420776,0,True,False,0.047727018326454484,0.019293840874695573
inner_calibration,30256,B,2017-04-16,0.00047421677148167424,0.00020255591997384405,0,True,False,0.047727018326454484,0.019293840874695573
inner_calibration,30268,B,2017-04-16,0.0005801552056534927,0.00024691967649516513,0,True,False,0.047727018326454484,0.019293840874695573
inner_calibration,30280,B,2017-04-16,0.000879955943465197,0.0003717720503781267,0,True,False,0.047727018326454484,0.019293840874695573
inner_calibration,30292,B,2017-04-16,0.0005799270558653562,0.0002468242963899121,0,True,False,0.047727018326454484,0.019293840874695573
inner_calibration,30304,B,2017-04-16,0.0004441270675637947,0.0001899251186371117,0,True,False,0.047727018326454484,0.019293840874695573
inner_calibration,30316,B,2017-04-16,0.0005614513336804318,0.0002390981592929061,0,True,False,0.047727018326454484,0.019293840874695573
inner_calibration,30328,B,2017-04-16,0.00046801823403943985,0.00019995513041444357,0,True,False,0.047727018326454484,0.019293840874695573
inner_calibration,30340,B,2017-04-16,0.0006066263801561034,0.0002579818297088274,0,True,False,0.047727018326454484,0.019293840874695573
inner_calibration,30352,B,2017-04-16,0.0007593248993988138,0.0003216406331280737,0,True,False,0.047727018326454484,0.019293840874695573
inner_calibration,30364,B,2017-04-16,0.0005554975913494664,0.0002366074993613996,0,True,False,0.047727018326454484,0.019293840874695573
inner_calibration,30376,B,2017-04-16,0.0005554975913494664,0.0002366074993613996,0,True,False,0.047727018326454484,0.019293840874695573
inner_calibration,30388,B,2017-04-16,0.0032650619306379067,0.001348998116346192,0,True,False,0.047727018326454484,0.019293840874695573
inner_calibration,30400,B,2017-04-16,0.004833207475738496,0.001984595360704054,0,True,False,0.047727018326454484,0.019293840874695573
inner_calibration,30412,B,2017-04-16,0.0004441270675637947,0.0001899251186371117,0,True,False,0.047727018326454484,0.019293840874695573
inner_calibration,30424,B,2017-04-16,0.000501891643911591,0.00021416061803080006,0,True,False,0.047727018326454484,0.019293840874695573
inner_calibration,30436,B,2017-04-16,0.000504902482470664,0.0002154224436127845,0,True,False,0.047727018326454484,0.019293840874695573
inner_calibration,30448,B,2017-04-16,0.0004915663414391767,0.0002098323304045033,0,True,False,0.047727018326454484,0.019293840874695573
inner_calibration,30460,B,2017-04-16,0.0005680514463870395,0.00024185868099195322,0,True,False,0.047727018326454484,0.019293840874695573
inner_calibration,30472,B,2017-04-16,0.0006939792674570788,0.00029442856712518325,0,True,False,0.047727018326454484,0.019293840874695573
inner_calibration,30484,B,2017-04-16,0.0004698607526141113,0.00020072827922488928,0,True,False,0.047727018326454484,0.019293840874695573
inner_calibration,30496,B,2017-04-16,0.0005248548606243284,0.00022378108566266947,0,True,False,0.047727018326454484,0.019293840874695573
inner_calibration,30508,B,2017-04-16,0.000491551700293379,0.00020982619182626094,0,True,False,0.047727018326454484,0.019293840874695573
inner_calibration,30520,B,2017-04-17,0.00047421677148167424,0.00020255591997384405,0,True,False,0.047727018326454484,0.019293840874695573
inner_calibration,30532,B,2017-04-17,0.0004441270675637947,0.0001899251186371117,0,True,False,0.047727018326454484,0.019293840874695573
inner_calibration,30544,B,2017-04-17,0.0005022184642813453,0.0002142975930113716,0,True,False,0.047727018326454484,0.019293840874695573
inner_calibration,30556,B,2017-04-17,0.0005135373238311142,0.0002190405300621747,0,True,False,0.047727018326454484,0.019293840874695573
inner_calibration,30568,B,2017-04-17,0.0004954595084482941,0.00021146450127290512,0,True,False,0.047727018326454484,0.019293840874695573
inner_calibration,30580,B,2017-04-17,0.0005412526359733415,0.00023064643408216934,0,True,False,0.047727018326454484,0.019293840874695573
inner_calibration,30592,B,2017-04-17,0.0005347330475855423,0.00022791728264537765,0,True,False,0.047727018326454484,0.019293840874695573
inner_calibration,30604,B,2017-04-17,0.0038410982583756592,0.0015828689508700941,0,True,False,0.047727018326454484,0.019293840874695573
inner_calibration,30616,B,2017-04-17,0.0022230701551689764,0.0009243340315435994,0,True,False,0.047727018326454484,0.019293840874695573
inner_calibration,30628,B,2017-04-17,0.000672038783158307,0.0002852821049707642,0,True,False,0.047727018326454484,0.019293840874695573
inner_calibration,30640,B,2017-04-17,0.0006340430837349033,0.00026943027727251205,0,True,False,0.047727018326454484,0.019293840874695573
inner_calibration,30652,B,2017-04-17,0.0005952825773695272,0.00025324236880986317,0,True,False,0.047727018326454484,0.019293840874695573
inner_calibration,30664,B,2017-04-17,0.0007519216613077811,0.0003185597752964021,0,True,False,0.047727018326454484,0.019293840874695573
inner_calibration,30676,B,2017-04-17,0.0007069126373300946,0.00029981782862189475,0,True,False,0.047727018326454484,0.019293840874695573
inner_calibration,30688,B,2017-04-17,0.0005219220808477219,0.00022255281069367643,0,True,False,0.047727018326454484,0.019293840874695573
inner_calibration,30700,B,2017-04-17,0.010401557114020916,0.004226063030495425,0,True,False,0.047727018326454484,0.019293840874695573
inner_calibration,30712,B,2017-04-17,0.771725934196338,0.551527293396341,1,True,False,0.047727018326454484,0.019293840874695573
inner_calibration,30724,B,2017-04-17,0.9950536392050883,0.9855009225957536,1,True,True,0.047727018326454484,0.019293840874695573
inner_calibration,30736,B,2017-04-17,0.6395594534277657,0.39504911765644907,1,True,True,0.047727018326454484,0.019293840874695573
inner_calibration,30748,B,2017-04-17,0.0007286181998171486,0.0003088586053722383,0,True,False,0.047727018326454484,0.019293840874695573
inner_calibration,30760,B,2017-04-17,0.0015031575978801553,0.0006291760644351156,0,True,False,0.047727018326454484,0.019293840874695573
inner_calibration,30772,B,2017-04-17,0.0009150172821724216,0.00038631992553710956,0,True,False,0.047727018326454484,0.019293840874695573
inner_calibration,30784,B,2017-04-17,0.0004441270675637947,0.0001899251186371117,0,True,False,0.047727018326454484,0.019293840874695573
inner_calibration,30796,B,2017-04-17,0.0005165576136675036,0.00022030581024045677,0,True,False,0.047727018326454484,0.019293840874695573
inner_calibration,30808,B,2017-04-18,0.0004900172152677481,0.0002091828120877242,0,True,False,0.047727018326454484,0.019293840874695573
inner_calibration,30820,B,2017-04-18,0.0005072862462307221,0.0002164213722591816,0,True,False,0.047727018326454484,0.019293840874695573
inner_calibration,30832,B,2017-04-18,0.0005986856954200381,0.00025466436105853353,0,True,False,0.047727018326454484,0.019293840874695573
inner_calibration,30844,B,2017-04-18,0.0006694163405880756,0.00028418852925425327,0,True,False,0.047727018326454484,0.019293840874695573
inner_calibration,30856,B,2017-04-18,0.0005115931419462585,0.00021822599149883093,0,True,False,0.047727018326454484,0.019293840874695573
inner_calibration,30868,B,2017-04-18,0.0005173051274225674,0.00022061894374849462,0,True,False,0.047727018326454484,0.019293840874695573
inner_calibration,30880,B,2017-04-18,0.0005111385969625118,0.00021803554657013854,0,True,False,0.047727018326454484,0.019293840874695573
inner_calibration,30892,B,2017-04-18,0.9154338623109829,0.7940632637092429,1,True,False,0.047727018326454484,0.019293840874695573
inner_calibration,30904,B,2017-04-18,0.9568615484898153,0.8863521700399865,1,True,True,0.047727018326454484,0.019293840874695573
inner_calibration,30916,B,2017-04-18,0.7146978180948174,0.4781362390766472,0,True,True,0.047727018326454484,0.019293840874695573
inner_calibration,30928,B,2017-04-18,0.006385078466806292,0.0026110202384968494,0,True,False,0.047727018326454484,0.019293840874695573
inner_calibration,30940,B,2017-04-18,0.000529453407934685,0.0002257067581735977,0,True,False,0.047727018326454484,0.019293840874695573
inner_calibration,30952,B,2017-04-18,0.0004773825681000148,0.00020388399822055908,0,True,False,0.047727018326454484,0.019293840874695573
inner_calibration,30964,B,2017-04-18,0.0004923190061425165,0.00021014789505577452,0,True,False,0.047727018326454484,0.019293840874695573
inner_calibration,30976,B,2017-04-18,0.000495605590512538,0.00021152574031876238,0,True,False,0.047727018326454484,0.019293840874695573
inner_calibration,30988,B,2017-04-18,0.003179199512830808,0.0013140905744980348,0,True,False,0.047727018326454484,0.019293840874695573
inner_calibration,31000,B,2017-04-18,0.5516152290507386,0.3130772190450778,0,True,False,0.047727018326454484,0.019293840874695573
inner_calibration,31012,B,2017-04-18,0.979673553884632,0.9435363732783605,1,True,True,0.047727018326454484,0.019293840874695573
inner_calibration,31024,B,2017-04-18,0.08404420237058327,0.03440022439071829,0,True,False,0.047727018326454484,0.019293840874695573
inner_calibration,31036,B,2017-04-18,0.0012427615380016742,0.0005218959083789222,0,True,False,0.047727018326454484,0.019293840874695573
inner_calibration,31048,B,2017-04-18,0.0009209571449857541,0.0003887835812074765,0,True,False,0.047727018326454484,0.019293840874695573
inner_calibration,31060,B,2017-04-18,0.00047421677148167424,0.00020255591997384405,0,True,False,0.047727018326454484,0.019293840874695573
inner_calibration,31072,B,2017-04-18,0.00050042524123184,0.00021354600896538576,0,True,False,0.047727018326454484,0.019293840874695573
inner_calibration,31084,B,2017-04-18,0.0005485205846467265,0.0002336881792127566,0,True,False,0.047727018326454484,0.019293840874695573
inner_calibration,31096,B,2017-04-19,0.0004583147330888763,0.00019588250785871014,0,True,False,0.047727018326454484,0.019293840874695573
inner_calibration,31108,B,2017-04-19,0.0005531000280335893,0.0002356043830899296,0,True,False,0.047727018326454484,0.019293840874695573
inner_calibration,31120,B,2017-04-19,0.0005470416298899006,0.0002330692718325339,0,True,False,0.047727018326454484,0.019293840874695573
inner_calibration,31132,B,2017-04-19,0.00046865673478987247,0.0002002230610705987,0,True,False,0.047727018326454484,0.019293840874695573
inner_calibration,31144,B,2017-04-19,0.0005072862462307221,0.0002164213722591816,0,True,False,0.047727018326454484,0.019293840874695573
inner_calibration,31156,B,2017-04-19,0.0005048026851516564,0.00021538062122881274,0,True,False,0.047727018326454484,0.019293840874695573
inner_calibration,31168,B,2017-04-19,0.000645506174070386,0.00027421437513606,0,True,False,0.047727018326454484,0.019293840874695573
inner_calibration,31180,B,2017-04-19,0.08029526566781076,0.03281498005865569,1,True,False,0.047727018326454484,0.019293840874695573
inner_calibration,31192,B,2017-04-19,0.9606114566553969,0.8954018618655807,1,True,True,0.047727018326454484,0.019293840874695573
inner_calibration,31204,B,2017-04-19,0.12453409861059639,0.05194824801055631,1,True,True,0.047727018326454484,0.019293840874695573
inner_calibration,31216,B,2017-04-19,0.002402326423623439,0.00099757132137692,0,True,False,0.047727018326454484,0.019293840874695573
inner_calibration,31228,B,2017-04-19,0.0005214354698421861,0.0002223490019113895,0,True,False,0.047727018326454484,0.019293840874695573
inner_calibration,31240,B,2017-04-19,0.0004441270675637947,0.0001899251186371117,0,True,False,0.047727018326454484,0.019293840874695573
inner_calibration,31252,B,2017-04-19,0.0004886493225519754,0.00020860925152647617,0,True,False,0.047727018326454484,0.019293840874695573
inner_calibration,31264,B,2017-04-19,0.0005906823114809117,0.00025131992369589154,0,True,False,0.047727018326454484,0.019293840874695573
inner_calibration,31276,B,2017-04-19,0.004609451184708616,0.0018940929232837789,0,True,False,0.047727018326454484,0.019293840874695573
inner_calibration,31288,B,2017-04-19,0.5624180704999604,0.322396372590476,0,True,False,0.047727018326454484,0.019293840874695573
inner_calibration,31300,B,2017-04-19,0.9841641065257702,0.9554538689682185,1,True,True,0.047727018326454484,0.019293840874695573
inner_calibration,31312,B,2017-04-19,0.24526410714490812,0.10978430381954253,0,True,True,0.047727018326454484,0.019293840874695573
inner_calibration,31324,B,2017-04-19,0.0011890769546716972,0.0004997344933673325,0,True,False,0.047727018326454484,0.019293840874695573
inner_calibration,31336,B,2017-04-19,0.0009229541716589903,0.00038961182002624195,0,True,False,0.047727018326454484,0.019293840874695573
inner_calibration,31348,B,2017-04-19,0.0005680046788019785,0.0002418391222489451,0,True,False,0.047727018326454484,0.019293840874695573
validation,31409,C,2017-04-20,0.0003996834053304339,0.00038500624737578286,0,True,False,0.04874076161388634,0.027979759252716223
validation,31490,C,2017-04-20,0.5375716741539605,0.3158528591326405,0,True,False,0.04874076161388634,0.027979759252716223
validation,31571,C,2017-04-20,0.31823333417116717,0.17023084607264502,1,True,True,0.04874076161388634,0.027979759252716223
validation,31652,C,2017-04-20,0.00044258295819974667,0.0004215291477547917,0,True,False,0.04874076161388634,0.027979759252716223
validation,31733,C,2017-04-21,0.00038088024580939844,0.00036886289098711066,0,True,False,0.04874076161388634,0.027979759252716223
validation,31815,C,2017-04-21,0.0011124669167419,0.0009564737855937762,0,True,False,0.04874076161388634,0.027979759252716223
validation,31896,C,2017-04-21,0.0012334856826756498,0.0010484416881008933,0,True,False,0.04874076161388634,0.027979759252716223
validation,31977,C,2017-04-22,0.0003784619195658868,0.00036678030953962026,0,True,False,0.04874076161388634,0.027979759252716223
validation,32058,C,2017-04-22,0.00043077774188610005,0.000411519542834229,0,True,False,0.04874076161388634,0.027979759252716223
validation,32139,C,2017-04-22,0.0004041220143948476,0.00038880455501479923,0,True,False,0.04874076161388634,0.027979759252716223
validation,32221,C,2017-04-22,0.00040118443761159693,0.0003862912664662742,0,True,False,0.04874076161388634,0.027979759252716223
validation,32302,C,2017-04-23,0.0003731624996465799,0.0003622114433887193,0,True,False,0.04874076161388634,0.027979759252716223
validation,32383,C,2017-04-23,0.0005706472508613112,0.0005283735014605125,0,True,False,0.04874076161388634,0.027979759252716223
validation,32464,C,2017-04-23,0.0004488537808480305,0.00042683406506461376,0,True,False,0.04874076161388634,0.027979759252716223
validation,32545,C,2017-04-24,0.0003719922133151455,0.0003612015193586845,0,True,False,0.04874076161388634,0.027979759252716223
validation,32627,C,2017-04-24,0.2557844398355707,0.1351608921843693,0,True,False,0.04874076161388634,0.027979759252716223
validation,32708,C,2017-04-24,0.000540255202597458,0.0005032829040497443,0,True,False,0.04874076161388634,0.027979759252716223
validation,32789,C,2017-04-24,0.00041636170493346015,0.00039925476754470806,0,True,False,0.04874076161388634,0.027979759252716223
validation,32870,C,2017-04-25,0.0003857828368641713,0.00037308034494752895,0,True,False,0.04874076161388634,0.027979759252716223
validation,32952,C,2017-04-25,0.0004736838664250795,0.0004477600062452146,0,True,False,0.04874076161388634,0.027979759252716223
validation,33033,C,2017-04-25,0.973026786562115,0.907246212692054,1,True,True,0.04874076161388634,0.027979759252716223
validation,33114,C,2017-04-26,0.0003525269496777041,0.0003443508312397628,0,True,False,0.04874076161388634,0.027979759252716223
validation,33195,C,2017-04-26,0.10963118081545994,0.05904765310625713,1,True,False,0.04874076161388634,0.027979759252716223
validation,33276,C,2017-04-26,0.0003687312868443531,0.0003583855665976862,0,True,False,0.04874076161388634,0.027979759252716223
validation,33358,C,2017-04-26,0.0003809977881296436,0.0003689640770035371,0,True,False,0.04874076161388634,0.027979759252716223
validation,33439,C,2017-04-27,0.00034111981687524206,0.00033442813060279963,0,True,False,0.04874076161388634,0.027979759252716223
validation,33520,C,2017-04-27,0.009836188762548851,0.0066520221106019526,0,True,False,0.04874076161388634,0.027979759252716223
validation,33601,C,2017-04-27,0.9941341520309542,0.9748084121344012,1,True,True,0.04874076161388634,0.027979759252716223
validation,33682,C,2017-04-27,0.0003661934562885391,0.00035619212573157545,0,True,False,0.04874076161388634,0.027979759252716223
validation,33764,C,2017-04-28,0.0006133695596173598,0.0005633953488997996,0,True,False,0.04874076161388634,0.027979759252716223
validation,33845,C,2017-04-28,0.00039118639145489055,0.00037772186639832903,0,True,False,0.04874076161388634,0.027979759252716223
validation,33926,C,2017-04-28,0.0009270720037018523,0.0008133666157407959,0,True,False,0.04874076161388634,0.027979759252716223
validation,34007,C,2017-04-29,0.0003681361971914631,0.00035787138291132353,0,True,False,0.04874076161388634,0.027979759252716223
validation,34089,C,2017-04-29,0.0003620431526437972,0.0003526013833523095,0,True,False,0.04874076161388634,0.027979759252716223
validation,34170,C,2017-04-29,0.000514878152327485,0.00048221249248895477,0,True,False,0.04874076161388634,0.027979759252716223
validation,34251,C,2017-04-29,0.00037630567155513253,0.0003649221748241467,0,True,False,0.04874076161388634,0.027979759252716223
validation,34332,C,2017-04-30,0.00040115209587232104,0.0003862635846527322,0,True,False,0.04874076161388634,0.027979759252716223
validation,34413,C,2017-04-30,0.0005248226726929867,0.0004904827977863996,0,True,False,0.04874076161388634,0.027979759252716223
validation,34495,C,2017-04-30,0.0005182365878104661,0.000485007482673869,0,True,False,0.04874076161388634,0.027979759252716223
validation,34576,C,2017-05-01,0.0004042357696264768,0.0003889018391504633,0,True,False,0.04874076161388634,0.027979759252716223
validation,34657,C,2017-05-01,0.9356630121794315,0.8135051904748389,1,True,True,0.04874076161388634,0.027979759252716223
validation,34738,C,2017-05-01,0.15789413236818703,0.08357492537994923,0,True,False,0.04874076161388634,0.027979759252716223
validation,34819,C,2017-05-01,0.0004376925388869037,0.0004173862186863501,0,True,False,0.04874076161388634,0.027979759252716223
validation,34901,C,2017-05-02,0.0004707431657180588,0.00044528816428899865,0,True,False,0.04874076161388634,0.027979759252716223
validation,34982,C,2017-05-02,0.0003738629421779359,0.0003628157372059328,0,True,False,0.04874076161388634,0.027979759252716223
validation,35063,C,2017-05-02,0.08904979116024798,0.04862889252142337,0,True,False,0.04874076161388634,0.027979759252716223
validation,35144,C,2017-05-03,0.0003587398803949718,0.0003497402059579739,0,True,False,0.04874076161388634,0.027979759252716223
validation,35225,C,2017-05-03,0.9916322766591035,0.96570051656693,1,True,True,0.04874076161388634,0.027979759252716223
validation,35307,C,2017-05-03,0.2768547845456674,0.14676724315073464,1,True,False,0.04874076161388634,0.027979759252716223
validation,35388,C,2017-05-03,0.00039828203547338716,0.0003838060646084944,0,True,False,0.04874076161388634,0.027979759252716223
validation,35469,C,2017-05-04,0.00038610267704391885,0.0003733552799056669,0,True,False,0.04874076161388634,0.027979759252716223
validation,35550,C,2017-05-04,0.00041374033908528194,0.00039701955689006827,0,True,False,0.04874076161388634,0.027979759252716223
validation,35632,C,2017-05-04,0.9454611607335817,0.8360427591889217,1,True,True,0.04874076161388634,0.027979759252716223
validation,35713,C,2017-05-05,0.00035242545724442853,0.00034426270506609813,0,True,False,0.04874076161388634,0.027979759252716223
validation,35794,C,2017-05-05,0.0013883595251708285,0.001164700775764138,0,True,False,0.04874076161388634,0.027979759252716223
validation,35875,C,2017-05-05,0.0025395187521401142,0.001992565360660836,0,True,False,0.04874076161388634,0.027979759252716223
validation,35956,C,2017-05-05,0.0004874102307558608,0.0004592755326002055,0,True,False,0.04874076161388634,0.027979759252716223
validation,36038,C,2017-05-06,0.0003587398803949718,0.0003497402059579739,0,True,False,0.04874076161388634,0.027979759252716223
validation,36119,C,2017-05-06,0.00038913934401529893,0.00037596434555306523,0,True,False,0.04874076161388634,0.027979759252716223
validation,36200,C,2017-05-06,0.00044554366077786197,0.00042403484098108176,0,True,False,0.04874076161388634,0.027979759252716223
validation,36281,C,2017-05-07,0.0003912320747157874,0.00037776107672504543,0,True,False,0.04874076161388634,0.027979759252716223
validation,36362,C,2017-05-07,0.0003633034779658006,0.00035369226726713373,0,True,False,0.04874076161388634,0.027979759252716223
validation,36444,C,2017-05-07,0.0007749824127764684,0.0006935921236258307,0,True,False,0.04874076161388634,0.027979759252716223
validation,36525,C,2017-05-07,0.0005061991032333079,0.0004749801181982706,0,True,False,0.04874076161388634,0.027979759252716223
validation,36606,C,2017-05-08,0.0003539629137036576,0.00034559738145812003,0,True,False,0.04874076161388634,0.027979759252716223
validation,36687,C,2017-05-08,0.0016168853692781597,0.0013336875480124354,0,True,False,0.04874076161388634,0.027979759252716223
validation,36769,C,2017-05-08,0.9590243097309743,0.869426951716458,1,True,True,0.04874076161388634,0.027979759252716223
validation,36850,C,2017-05-08,0.00038383405882859895,0.000371404625487873,0,True,False,0.04874076161388634,0.027979759252716223
validation,36931,C,2017-05-09,0.0005981567247927736,0.0005509565766316896,0,True,False,0.04874076161388634,0.027979759252716223
validation,37012,C,2017-05-09,0.00034111981687524206,0.00033442813060279963,0,True,False,0.04874076161388634,0.027979759252716223
validation,37093,C,2017-05-09,0.0010724929011111564,0.000925857101271128,0,False,False,0.04874076161388634,0.027979759252716223
validation,37175,C,2017-05-10,0.00036653426738239017,0.00035648678581705264,0,True,False,0.04874076161388634,0.027979759252716223
validation,37256,C,2017-05-10,0.6435857547415358,0.40578113549154166,0,True,True,0.04874076161388634,0.027979759252716223
validation,37337,C,2017-05-10,0.9831354096910939,0.9374445246934946,1,True,False,0.04874076161388634,0.027979759252716223
validation,37418,C,2017-05-10,0.0004219776365717558,0.00040403816899571506,0,True,False,0.04874076161388634,0.027979759252716223
validation,37499,C,2017-05-11,0.0007193267352642277,0.0006491307993486015,0,True,False,0.04874076161388634,0.027979759252716223
validation,37581,C,2017-05-11,0.00043409104753702954,0.0004143319233700524,0,True,False,0.04874076161388634,0.027979759252716223
validation,37662,C,2017-05-11,0.006081328442217782,0.00433388796060655,0,True,False,0.04874076161388634,0.027979759252716223
validation,37743,C,2017-05-12,0.0003784490455317587,0.0003667692189070402,0,True,False,0.04874076161388634,0.027979759252716223
validation,37824,C,2017-05-12,0.0019513870398890313,0.0015764094362912696,0,True,False,0.04874076161388634,0.027979759252716223
validation,37906,C,2017-05-12,0.959794623718249,0.8714101541069975,1,True,True,0.04874076161388634,0.027979759252716223
validation,37987,C,2017-05-12,0.0003888341440119623,0.0003757022240600122,0,True,False,0.04874076161388634,0.027979759252716223
validation,38068,C,2017-05-13,0.00034111981687524206,0.00033442813060279963,0,True,False,0.04874076161388634,0.027979759252716223
validation,38149,C,2017-05-13,0.0003958979258816564,0.0003817631501520603,0,True,False,0.04874076161388634,0.027979759252716223
validation,38230,C,2017-05-13,0.0004758621739893068,0.00044958991080874756,0,True,False,0.04874076161388634,0.027979759252716223
validation,38312,C,2017-05-14,0.0003873036964226387,0.000374387451868782,0,True,False,0.04874076161388634,0.027979759252716223
validation,38393,C,2017-05-14,0.00040771219238798316,0.00039187343477313654,0,True,False,0.04874076161388634,0.027979759252716223
validation,38474,C,2017-05-14,0.001059872182008719,0.0009161646549036536,0,True,False,0.04874076161388634,0.027979759252716223
validation,38555,C,2017-05-14,0.00037630567155513253,0.0003649221748241467,0,True,False,0.04874076161388634,0.027979759252716223
validation,38636,C,2017-05-15,0.0004886228951735053,0.0004602911346134474,0,True,False,0.04874076161388634,0.027979759252716223
validation,38718,C,2017-05-15,0.0004719552758621727,0.0004463072253436117,0,True,False,0.04874076161388634,0.027979759252716223
validation,38799,C,2017-05-15,0.7621807419739406,0.5320900623150462,1,True,True,0.04874076161388634,0.027979759252716223
validation,38880,C,2017-05-16,0.0003734473094340069,0.0003624571729378588,0,True,False,0.04874076161388634,0.027979759252716223
validation,38961,C,2017-05-16,0.9740101295171882,0.910060558991346,1,True,True,0.04874076161388634,0.027979759252716223
validation,39042,C,2017-05-16,0.00045028931281354187,0.0004280473185535743,0,True,False,0.04874076161388634,0.027979759252716223
validation,39124,C,2017-05-16,0.0004084750012377789,0.0003925250955647172,0,True,False,0.04874076161388634,0.027979759252716223
validation,39205,C,2017-05-17,0.00039918529113228807,0.00038457969834482545,0,True,False,0.04874076161388634,0.027979759252716223
validation,39286,C,2017-05-17,0.001214507814978246,0.0010340880636154003,0,True,False,0.04874076161388634,0.027979759252716223
validation,39367,C,2017-05-17,0.987941766378711,0.9530075612984753,1,True,True,0.04874076161388634,0.027979759252716223
validation,39449,C,2017-05-18,0.0003622519728385383,0.0003527821583265992,0,True,False,0.04874076161388634,0.027979759252716223
validation,39530,C,2017-05-18,0.04594442175830105,0.026518830427116835,1,True,False,0.04874076161388634,0.027979759252716223
validation,39611,C,2017-05-18,0.0003738629421779359,0.0003628157372059328,0,True,False,0.04874076161388634,0.027979759252716223
validation,39692,C,2017-05-18,0.0008067433398712213,0.0007188048453120117,0,True,False,0.04874076161388634,0.027979759252716223
validation,39773,C,2017-05-19,0.0003705886338992509,0.00035998980449125883,0,True,False,0.04874076161388634,0.027979759252716223
validation,39855,C,2017-05-19,0.0005309073565610896,0.0004955345003709369,0,True,False,0.04874076161388634,0.027979759252716223
validation,39936,C,2017-05-19,0.988041200459728,0.953340072452319,1,True,True,0.04874076161388634,0.027979759252716223
validation,40017,C,2017-05-19,0.00039871515642088146,0.0003841770547120625,0,True,False,0.04874076161388634,0.027979759252716223
validation,40098,C,2017-05-20,0.00043426836370609136,0.00041448236450010385,0,True,False,0.04874076161388634,0.027979759252716223
validation,40179,C,2017-05-20,0.00047178487080801467,0.0004461639777504461,0,True,False,0.04874076161388634,0.027979759252716223
validation,40261,C,2017-05-20,0.0005508540317302929,0.0005120502775319824,0,True,False,0.04874076161388634,0.027979759252716223
validation,40342,C,2017-05-21,0.0003940519407109697,0.00038018040981158905,0,True,False,0.04874076161388634,0.027979759252716223
validation,40423,C,2017-05-21,0.0004721586737785417,0.00044647820020917404,0,True,False,0.04874076161388634,0.027979759252716223
validation,40504,C,2017-05-21,0.0007892993828112749,0.0007049712460028629,0,True,False,0.04874076161388634,0.027979759252716223
validation,40586,C,2017-05-21,0.00041123845611588087,0.00039488476117817645,0,True,False,0.04874076161388634,0.027979759252716223
validation,40667,C,2017-05-22,0.0004194823125933352,0.000401913640858716,0,True,False,0.04874076161388634,0.027979759252716223
validation,40748,C,2017-05-22,0.00043144561913834674,0.0004120866391331856,0,True,False,0.04874076161388634,0.027979759252716223
validation,40829,C,2017-05-22,0.0005761026620637781,0.0005328613842024844,0,True,False,0.04874076161388634,0.027979759252716223
validation,40910,C,2017-05-23,0.00035684730503388317,0.0003480996071964182,0,True,False,0.04874076161388634,0.027979759252716223
validation,40992,C,2017-05-23,0.9127106413652374,0.7648892677806566,1,True,True,0.04874076161388634,0.027979759252716223
validation,41073,C,2017-05-23,0.8032141584139679,0.5850408111273134,1,True,False,0.04874076161388634,0.027979759252716223
validation,41154,C,2017-05-23,0.0003950427907457725,0.0003810300627947252,0,True,False,0.04874076161388634,0.027979759252716223
validation,41235,C,2017-05-24,0.00038417049143327925,0.0003716939852187152,0,True,False,0.04874076161388634,0.027979759252716223
validation,41316,C,2017-05-24,0.0003741709099457236,0.0003630813908921162,0,True,False,0.04874076161388634,0.027979759252716223
validation,41398,C,2017-05-24,0.07591454458355275,0.04195613072225149,0,True,True,0.04874076161388634,0.027979759252716223
validation,41479,C,2017-05-25,0.00043129597416222777,0.0004119595836749804,0,True,False,0.04874076161388634,0.027979759252716223
validation,41560,C,2017-05-25,0.9791289535313495,0.9251180393094909,1,True,True,0.04874076161388634,0.027979759252716223
validation,41641,C,2017-05-25,0.495252023439996,0.284220714147822,1,True,True,0.04874076161388634,0.027979759252716223
validation,41723,C,2017-05-25,0.0004248298730157667,0.0004064648664934646,0,True,False,0.04874076161388634,0.027979759252716223
inner_calibration,23644,C,2017-03-24,0.0005899092662707958,0.0005441984122266384,0,True,False,0.04874076161388634,0.027979759252716223
inner_calibration,23656,C,2017-03-24,0.0006260901275181715,0.0005737700379849193,0,True,False,0.04874076161388634,0.027979759252716223
inner_calibration,23668,C,2017-03-24,0.0008019567445681898,0.0007150122579239151,0,True,False,0.04874076161388634,0.027979759252716223
inner_calibration,23680,C,2017-03-24,0.000652459358032265,0.0005952025411770634,0,True,False,0.04874076161388634,0.027979759252716223
inner_calibration,23692,C,2017-03-24,0.0010572291758497554,0.000914133268037752,0,True,False,0.04874076161388634,0.027979759252716223
inner_calibration,23704,C,2017-03-24,0.001592992809406563,0.0013161500033802528,0,True,False,0.04874076161388634,0.027979759252716223
inner_calibration,23716,C,2017-03-24,0.0005540363186082025,0.0005146790032240423,0,True,False,0.04874076161388634,0.027979759252716223
inner_calibration,23728,C,2017-03-24,0.0006449677731067743,0.0005891234379837303,0,True,False,0.04874076161388634,0.027979759252716223
inner_calibration,23740,C,2017-03-24,0.0006176707725611612,0.0005669059954443667,0,True,False,0.04874076161388634,0.027979759252716223
inner_calibration,23752,C,2017-03-24,0.00511959273902413,0.0037180577110817654,0,True,False,0.04874076161388634,0.027979759252716223
inner_calibration,23764,C,2017-03-24,0.0011730919262388495,0.0010026769231957493,0,True,False,0.04874076161388634,0.027979759252716223
inner_calibration,23776,C,2017-03-24,0.006270347974215111,0.004453640420914501,0,True,False,0.04874076161388634,0.027979759252716223
inner_calibration,23788,C,2017-03-24,0.9393064071972033,0.8217461950271947,0,True,False,0.04874076161388634,0.027979759252716223
inner_calibration,23800,C,2017-03-24,0.9372003656260094,0.8169631689120641,0,True,False,0.04874076161388634,0.027979759252716223
inner_calibration,23812,C,2017-03-24,0.9634430955973553,0.8809459763577739,1,True,True,0.04874076161388634,0.027979759252716223
inner_calibration,23824,C,2017-03-24,0.1913669566150745,0.10085360022888147,0,True,False,0.04874076161388634,0.027979759252716223
inner_calibration,23836,C,2017-03-24,0.004524391191090794,0.003330751262996434,0,True,False,0.04874076161388634,0.027979759252716223
inner_calibration,23848,C,2017-03-24,0.00072259870687888,0.0006517549491509478,0,True,False,0.04874076161388634,0.027979759252716223
inner_calibration,23860,C,2017-03-24,0.0004902508566296075,0.0004616541066800191,0,True,False,0.04874076161388634,0.027979759252716223
inner_calibration,23872,C,2017-03-24,0.0005180458608649124,0.0004848488079788892,0,True,False,0.04874076161388634,0.027979759252716223
inner_calibration,23884,C,2017-03-24,0.0004842625740594751,0.0004566380707012731,0,True,False,0.04874076161388634,0.027979759252716223
inner_calibration,23896,C,2017-03-25,0.0004891352632536282,0.00046072015689712503,0,True,False,0.04874076161388634,0.027979759252716223
inner_calibration,23908,C,2017-03-25,0.0004715262001436051,0.0004459465204640822,0,True,False,0.04874076161388634,0.027979759252716223
inner_calibration,23920,C,2017-03-25,0.0005217763742962048,0.0004879512235909027,0,True,False,0.04874076161388634,0.027979759252716223
inner_calibration,23932,C,2017-03-25,0.000512593272507005,0.0004803097912341435,0,True,False,0.04874076161388634,0.027979759252716223
inner_calibration,23944,C,2017-03-25,0.0005760171980290567,0.0005327911138609389,0,True,False,0.04874076161388634,0.027979759252716223
inner_calibration,23956,C,2017-03-25,0.0005650240674828233,0.0005237426153372109,0,True,False,0.04874076161388634,0.027979759252716223
inner_calibration,23968,C,2017-03-25,0.000711167743100267,0.0006425814344467137,0,True,False,0.04874076161388634,0.027979759252716223
inner_calibration,23980,C,2017-03-25,0.0006429807221016945,0.0005875097193938558,0,True,False,0.04874076161388634,0.027979759252716223
inner_calibration,23992,C,2017-03-25,0.0006345909878971969,0.0005806901479634902,0,True,False,0.04874076161388634,0.027979759252716223
inner_calibration,24004,C,2017-03-25,0.001599301016767348,0.0013207831394193264,0,True,False,0.04874076161388634,0.027979759252716223
inner_calibration,24016,C,2017-03-25,0.0013355750795946868,0.0011252466465308004,0,True,False,0.04874076161388634,0.027979759252716223
inner_calibration,24028,C,2017-03-25,0.0004715262001436051,0.0004459465204640822,0,True,False,0.04874076161388634,0.027979759252716223
inner_calibration,24040,C,2017-03-25,0.0005744370935836674,0.0005314917098571076,0,True,False,0.04874076161388634,0.027979759252716223
inner_calibration,24052,C,2017-03-25,0.0011466163892383265,0.0009825328907398876,0,True,False,0.04874076161388634,0.027979759252716223
inner_calibration,24064,C,2017-03-25,0.0006828696501043492,0.0006198007558880871,0,True,False,0.04874076161388634,0.027979759252716223
inner_calibration,24076,C,2017-03-25,0.0012369834736278991,0.0010510845127957502,0,True,False,0.04874076161388634,0.027979759252716223
inner_calibration,24088,C,2017-03-25,0.0014227389166529005,0.0011903084644007097,0,True,False,0.04874076161388634,0.027979759252716223
inner_calibration,24100,C,2017-03-25,0.0015258831143417726,0.0012667332237979846,0,True,False,0.04874076161388634,0.027979759252716223
inner_calibration,24112,C,2017-03-25,0.0005862090055198794,0.0005411629303663887,0,True,False,0.04874076161388634,0.027979759252716223
inner_calibration,24124,C,2017-03-25,0.0006545190683933308,0.0005968725483280645,0,True,False,0.04874076161388634,0.027979759252716223
inner_calibration,24136,C,2017-03-25,0.0006408303206547142,0.000585762717606324,0,True,False,0.04874076161388634,0.027979759252716223
inner_calibration,24148,C,2017-03-25,0.0008084081791228986,0.000720123370511939,0,True,False,0.04874076161388634,0.027979759252716223
inner_calibration,24160,C,2017-03-25,0.0005909441281716526,0.0005450469750758468,0,True,False,0.04874076161388634,0.027979759252716223
inner_calibration,24172,C,2017-03-25,0.00048436419332542797,0.0004567232484486854,0,True,False,0.04874076161388634,0.027979759252716223
inner_calibration,24184,C,2017-03-26,0.0005630362089935456,0.0005221043238065112,0,True,False,0.04874076161388634,0.027979759252716223
inner_calibration,24196,C,2017-03-26,0.000556797810810461,0.0005169587739843796,0,True,False,0.04874076161388634,0.027979759252716223
inner_calibration,24208,C,2017-03-26,0.0005345122479575501,0.0004985243641144265,0,True,False,0.04874076161388634,0.027979759252716223
inner_calibration,24220,C,2017-03-26,0.0005001219171497526,0.0004699077280761578,0,True,False,0.04874076161388634,0.027979759252716223
inner_calibration,24232,C,2017-03-26,0.0005098945872003033,0.0004780612861927268,0,True,False,0.04874076161388634,0.027979759252716223
inner_calibration,24244,C,2017-03-26,0.0005175595269353243,0.00048444417461268943,0,True,False,0.04874076161388634,0.027979759252716223
inner_calibration,24256,C,2017-03-26,0.0005015836814252832,0.00047112842749919676,0,True,False,0.04874076161388634,0.027979759252716223
inner_calibration,24268,C,2017-03-26,0.0004715262001436051,0.0004459465204640822,0,True,False,0.04874076161388634,0.027979759252716223
inner_calibration,24280,C,2017-03-26,0.0006112743171612328,0.0005616842253295717,0,True,False,0.04874076161388634,0.027979759252716223
inner_calibration,24292,C,2017-03-26,0.0005387147584647006,0.0005020070647999282,0,True,False,0.04874076161388634,0.027979759252716223
inner_calibration,24304,C,2017-03-26,0.0005505245107287698,0.00051177798082263,0,True,False,0.04874076161388634,0.027979759252716223
inner_calibration,24316,C,2017-03-26,0.0006977960329029652,0.0006318296492543152,0,True,False,0.04874076161388634,0.027979759252716223
inner_calibration,24328,C,2017-03-26,0.000609244930302267,0.0005600262636587527,0,True,False,0.04874076161388634,0.027979759252716223
inner_calibration,24340,C,2017-03-26,0.0005064159452007509,0.0004751609823860743,0,True,False,0.04874076161388634,0.027979759252716223
inner_calibration,24352,C,2017-03-26,0.001500349325333768,0.0012478686255022683,0,True,False,0.04874076161388634,0.027979759252716223
inner_calibration,24364,C,2017-03-26,0.0011427402775350316,0.0009795794391475332,0,True,False,0.04874076161388634,0.027979759252716223
inner_calibration,24376,C,2017-03-26,0.0007648923289979143,0.0006855585410899973,0,True,False,0.04874076161388634,0.027979759252716223
inner_calibration,24388,C,2017-03-26,0.0005564840173710323,0.0005166997827375095,0,True,False,0.04874076161388634,0.027979759252716223
inner_calibration,24400,C,2017-03-26,0.0004715262001436051,0.0004459465204640822,0,True,False,0.04874076161388634,0.027979759252716223
inner_calibration,24412,C,2017-03-26,0.0004715262001436051,0.0004459465204640822,0,True,False,0.04874076161388634,0.027979759252716223
inner_calibration,24424,C,2017-03-26,0.0005972693983293065,0.0005502299789191982,0,True,False,0.04874076161388634,0.027979759252716223
inner_calibration,24436,C,2017-03-26,0.0006041543729632737,0.0005558646954903991,0,True,False,0.04874076161388634,0.027979759252716223
inner_calibration,24448,C,2017-03-26,0.0006011937721808448,0.0005534425947386054,0,True,False,0.04874076161388634,0.027979759252716223
inner_calibration,24460,C,2017-03-26,0.0005431563113341452,0.0005056845891708336,0,True,False,0.04874076161388634,0.027979759252716223
inner_calibration,24472,C,2017-03-27,0.0006251554117378674,0.0005730085005689836,0,True,False,0.04874076161388634,0.027979759252716223
inner_calibration,24484,C,2017-03-27,0.0004901851420182705,0.00046159909842309664,0,True,False,0.04874076161388634,0.027979759252716223
inner_calibration,24496,C,2017-03-27,0.0006259058071235265,0.0005736198773236708,0,True,False,0.04874076161388634,0.027979759252716223
inner_calibration,24508,C,2017-03-27,0.0005423128528042441,0.0005049864784813777,0,True,False,0.04874076161388634,0.027979759252716223
inner_calibration,24520,C,2017-03-27,0.0006055765933246114,0.0005570277613746533,0,True,False,0.04874076161388634,0.027979759252716223
inner_calibration,24532,C,2017-03-27,0.00059078482996598,0.0005449163649713043,0,True,False,0.04874076161388634,0.027979759252716223
inner_calibration,24544,C,2017-03-27,0.0005754351567239591,0.0005323125163798438,0,True,False,0.04874076161388634,0.027979759252716223
inner_calibration,24556,C,2017-03-27,0.05213245749143942,0.029744296610910093,0,True,False,0.04874076161388634,0.027979759252716223
inner_calibration,24568,C,2017-03-27,0.020511765371602812,0.01282759200813064,0,True,True,0.04874076161388634,0.027979759252716223
inner_calibration,24580,C,2017-03-27,0.005116160365984088,0.003715838726692919,0,True,False,0.04874076161388634,0.027979759252716223
inner_calibration,24592,C,2017-03-27,0.0006910726573518983,0.0006264149754002733,0,True,False,0.04874076161388634,0.027979759252716223
inner_calibration,24604,C,2017-03-27,0.0005200231522356173,0.00048649349511389775,0,True,False,0.04874076161388634,0.027979759252716223
inner_calibration,24616,C,2017-03-27,0.0004845815578405704,0.0004569054377506345,0,True,False,0.04874076161388634,0.027979759252716223
inner_calibration,24628,C,2017-03-27,0.0005208727975912623,0.0004872000065606936,0,True,False,0.04874076161388634,0.027979759252716223
inner_calibration,24640,C,2017-03-27,0.0004939854355190698,0.00046477889943283686,0,True,False,0.04874076161388634,0.027979759252716223
inner_calibration,24652,C,2017-03-27,0.055662260612095386,0.031573022751199956,0,True,False,0.04874076161388634,0.027979759252716223
inner_calibration,24664,C,2017-03-27,0.281173821956864,0.1491733420796703,0,True,False,0.04874076161388634,0.027979759252716223
inner_calibration,24676,C,2017-03-27,0.9713882285045137,0.9026080955030985,1,True,True,0.04874076161388634,0.027979759252716223
inner_calibration,24688,C,2017-03-27,0.04252814381882746,0.024725529964416633,0,True,False,0.04874076161388634,0.027979759252716223
inner_calibration,24700,C,2017-03-27,0.002494361690858288,0.0019610223149716883,0,True,False,0.04874076161388634,0.027979759252716223
inner_calibration,24712,C,2017-03-27,0.000555295708597045,0.0005157188581749297,0,True,False,0.04874076161388634,0.027979759252716223
inner_calibration,24724,C,2017-03-27,0.0005217239057822634,0.0004879076061855683,0,True,False,0.04874076161388634,0.027979759252716223
inner_calibration,24736,C,2017-03-27,0.0005018797096308226,0.00047137558850666935,0,True,False,0.04874076161388634,0.027979759252716223
inner_calibration,24748,C,2017-03-27,0.0004863876276754405,0.0004584188882865801,0,True,False,0.04874076161388634,0.027979759252716223
inner_calibration,24760,C,2017-03-28,0.0005132269917288397,0.00048083760608329544,0,True,False,0.04874076161388634,0.027979759252716223
inner_calibration,24772,C,2017-03-28,0.0005209161836845622,0.0004872360802632188,0,True,False,0.04874076161388634,0.027979759252716223
inner_calibration,24784,C,2017-03-28,0.0005367450160648481,0.0005003750785176032,0,True,False,0.04874076161388634,0.027979759252716223
inner_calibration,24796,C,2017-03-28,0.000489794379498383,0.00046127198279621525,0,True,False,0.04874076161388634,0.027979759252716223
inner_calibration,24808,C,2017-03-28,0.0005818813236479723,0.0005376100488570879,0,True,False,0.04874076161388634,0.027979759252716223
inner_calibration,24820,C,2017-03-28,0.0005405980782192088,0.0005035668283372274,0,True,False,0.04874076161388634,0.027979759252716223
inner_calibration,24832,C,2017-03-28,0.0005855358460874455,0.0005406104807403957,0,True,False,0.04874076161388634,0.027979759252716223
inner_calibration,24844,C,2017-03-28,0.17932976104307544,0.0946051729119043,0,True,False,0.04874076161388634,0.027979759252716223
inner_calibration,24856,C,2017-03-28,0.9533773237584922,0.8551883805269732,1,True,True,0.04874076161388634,0.027979759252716223
inner_calibration,24868,C,2017-03-28,0.02510840224400221,0.015377903697957109,0,True,False,0.04874076161388634,0.027979759252716223
inner_calibration,24880,C,2017-03-28,0.00478018304463149,0.0034978354466461787,0,True,False,0.04874076161388634,0.027979759252716223
inner_calibration,24892,C,2017-03-28,0.0016895103188687994,0.0013868218764879407,0,True,False,0.04874076161388634,0.027979759252716223
inner_calibration,24904,C,2017-03-28,0.0006711955324160081,0.0006103724885150265,0,True,False,0.04874076161388634,0.027979759252716223
inner_calibration,24916,C,2017-03-28,0.0005449711494805436,0.0005071862801975577,0,True,False,0.04874076161388634,0.027979759252716223
inner_calibration,24928,C,2017-03-28,0.0005452550570083988,0.0005074211497400261,0,True,False,0.04874076161388634,0.027979759252716223
inner_calibration,24940,C,2017-03-28,0.04764349862337282,0.02740719952366913,0,True,False,0.04874076161388634,0.027979759252716223
inner_calibration,24952,C,2017-03-28,0.6699538798061387,0.43108653371153227,1,True,False,0.04874076161388634,0.027979759252716223
inner_calibration,24964,C,2017-03-28,0.9398707460156136,0.8230370533254253,1,True,True,0.04874076161388634,0.027979759252716223
inner_calibration,24976,C,2017-03-28,0.3989326680327453,0.21906722805161707,0,True,True,0.04874076161388634,0.027979759252716223
inner_calibration,24988,C,2017-03-28,0.0025380593788127707,0.001991546930420715,0,True,False,0.04874076161388634,0.027979759252716223
inner_calibration,25000,C,2017-03-28,0.0009891234742536675,0.0008615893494576712,0,True,False,0.04874076161388634,0.027979759252716223
inner_calibration,25012,C,2017-03-28,0.0010012468585229375,0.0008709711781306032,0,True,False,0.04874076161388634,0.027979759252716223
inner_calibration,25024,C,2017-03-28,0.0005183065435610483,0.0004850656805204486,0,True,False,0.04874076161388634,0.027979759252716223
inner_calibration,25036,C,2017-03-28,0.0006539134066796953,0.0005963815401657581,0,True,False,0.04874076161388634,0.027979759252716223
inner_calibration,25048,C,2017-03-29,0.000504417117184787,0.0004734934679334447,0,True,False,0.04874076161388634,0.027979759252716223
inner_calibration,25060,C,2017-03-29,0.0005556926384001433,0.0005160465414852746,0,True,False,0.04874076161388634,0.027979759252716223
inner_calibration,25072,C,2017-03-29,0.0004863876276754405,0.0004584188882865801,0,True,False,0.04874076161388634,0.027979759252716223
inner_calibration,25084,C,2017-03-29,0.000500533549739686,0.0004702515168490039,0,True,False,0.04874076161388634,0.027979759252716223
inner_calibration,25096,C,2017-03-29,0.0005015836814252832,0.00047112842749919676,0,True,False,0.04874076161388634,0.027979759252716223
inner_calibration,25108,C,2017-03-29,0.0006526736425904952,0.0005953763096968032,0,True,False,0.04874076161388634,0.027979759252716223
inner_calibration,25120,C,2017-03-29,0.0005331026545355999,0.0004973555275744802,0,True,False,0.04874076161388634,0.027979759252716223
inner_calibration,25132,C,2017-03-29,0.06114576302911675,0.03440062954443695,1,True,False,0.04874076161388634,0.027979759252716223
inner_calibration,25144,C,2017-03-29,0.9683567800389056,0.8941877935447001,1,True,True,0.04874076161388634,0.027979759252716223
inner_calibration,25156,C,2017-03-29,0.08849676964897783,0.04834851711691061,0,True,True,0.04874076161388634,0.027979759252716223
inner_calibration,25168,C,2017-03-29,0.009739629565970583,0.006593759508313207,0,True,False,0.04874076161388634,0.027979759252716223
inner_calibration,25180,C,2017-03-29,0.0005785342952916089,0.0005348602406890436,0,True,False,0.04874076161388634,0.027979759252716223
inner_calibration,25192,C,2017-03-29,0.0005370231037919583,0.0005006055221620964,0,True,False,0.04874076161388634,0.027979759252716223
inner_calibration,25204,C,2017-03-29,0.0004715262001436051,0.0004459465204640822,0,True,False,0.04874076161388634,0.027979759252716223
inner_calibration,25216,C,2017-03-29,0.0005208727975912623,0.0004872000065606936,0,True,False,0.04874076161388634,0.027979759252716223
inner_calibration,25228,C,2017-03-29,0.04784758407806861,0.02751375938143712,0,True,False,0.04874076161388634,0.027979759252716223
inner_calibration,25240,C,2017-03-29,0.9850939618721272,0.9436730765997252,1,True,False,0.04874076161388634,0.027979759252716223
inner_calibration,25252,C,2017-03-29,0.9539216392278392,0.8565387096616477,1,True,True,0.04874076161388634,0.027979759252716223
inner_calibration,25264,C,2017-03-29,0.617435845875841,0.38195894967320443,1,True,True,0.04874076161388634,0.027979759252716223
inner_calibration,25276,C,2017-03-29,0.0014181209119581693,0.0011868727291581226,0,True,False,0.04874076161388634,0.027979759252716223
inner_calibration,25288,C,2017-03-29,0.0012142754941096001,0.0010339121982107875,0,True,False,0.04874076161388634,0.027979759252716223
inner_calibration,25300,C,2017-03-29,0.000638233183060845,0.0005836519167234298,0,True,False,0.04874076161388634,0.027979759252716223
inner_calibration,25312,C,2017-03-29,0.0005994646011193263,0.0005520273285792903,0,True,False,0.04874076161388634,0.027979759252716223
inner_calibration,25324,C,2017-03-29,0.0005302248238088965,0.000494968160735848,0,True,False,0.04874076161388634,0.027979759252716223
inner_calibration,25336,C,2017-03-30,0.0005172904064981363,0.00048422024631699663,0,True,False,0.04874076161388634,0.027979759252716223
inner_calibration,25348,C,2017-03-30,0.0004863876276754405,0.0004584188882865801,0,True,False,0.04874076161388634,0.027979759252716223
inner_calibration,25360,C,2017-03-30,0.0004863876276754405,0.0004584188882865801,0,True,False,0.04874076161388634,0.027979759252716223
inner_calibration,25372,C,2017-03-30,0.000587889608944949,0.0005425418638168589,0,True,False,0.04874076161388634,0.027979759252716223
inner_calibration,25384,C,2017-03-30,0.0005987968623140102,0.0005514806865078047,0,True,False,0.04874076161388634,0.027979759252716223
inner_calibration,25396,C,2017-03-30,0.0005201431572419991,0.00048659329146724764,0,True,False,0.04874076161388634,0.027979759252716223
inner_calibration,25408,C,2017-03-30,0.0005914737206539447,0.0005454811648828781,0,True,False,0.04874076161388634,0.027979759252716223
inner_calibration,25420,C,2017-03-30,0.646740730688779,0.40873837392786555,1,True,False,0.04874076161388634,0.027979759252716223
inner_calibration,25432,C,2017-03-30,0.8609694947936796,0.671294955238157,1,True,True,0.04874076161388634,0.027979759252716223
inner_calibration,25444,C,2017-03-30,0.040421953236614024,0.023614751502989865,0,True,True,0.04874076161388634,0.027979759252716223
inner_calibration,25456,C,2017-03-30,0.0013181675780474219,0.001112197754380386,0,True,False,0.04874076161388634,0.027979759252716223
inner_calibration,25468,C,2017-03-30,0.0006658962153704048,0.0006060866593766493,0,True,False,0.04874076161388634,0.027979759252716223
inner_calibration,25480,C,2017-03-30,0.0012749014574376894,0.0010796816783530186,0,True,False,0.04874076161388634,0.027979759252716223
inner_calibration,25492,C,2017-03-30,0.0005351454592601097,0.0004990493122857835,0,True,False,0.04874076161388634,0.027979759252716223
inner_calibration,25504,C,2017-03-30,0.00048484104609901156,0.00045712292220453866,0,True,False,0.04874076161388634,0.027979759252716223
inner_calibration,25516,C,2017-03-30,0.13937496815128103,0.07412617666780884,0,True,False,0.04874076161388634,0.027979759252716223
inner_calibration,25528,C,2017-03-30,0.987695806419981,0.9521870870129748,1,True,True,0.04874076161388634,0.027979759252716223
inner_calibration,25540,C,2017-03-30,0.9908038821549363,0.9627832359884424,1,True,True,0.04874076161388634,0.027979759252716223
inner_calibration,25552,C,2017-03-30,0.7032844669989348,0.4651489971642156,0,True,True,0.04874076161388634,0.027979759252716223
inner_calibration,25564,C,2017-03-30,0.0006202237731807655,0.0005689884689589578,0,True,False,0.04874076161388634,0.027979759252716223
inner_calibration,25576,C,2017-03-30,0.00048691909595116335,0.00045886412923290277,0,True,False,0.04874076161388634,0.027979759252716223
inner_calibration,25588,C,2017-03-30,0.0005326999652236603,0.0004970215541657025,0,True,False,0.04874076161388634,0.027979759252716223
inner_calibration,25600,C,2017-03-30,0.0004715262001436051,0.0004459465204640822,0,True,False,0.04874076161388634,0.027979759252716223
inner_calibration,25612,C,2017-03-30,0.0005441906813334378,0.0005065405485728638,0,True,False,0.04874076161388634,0.027979759252716223
inner_calibration,25624,C,2017-03-31,0.0004863876276754405,0.0004584188882865801,0,True,False,0.04874076161388634,0.027979759252716223
inner_calibration,25636,C,2017-03-31,0.0005097139326816542,0.0004779107203996489,0,True,False,0.04874076161388634,0.027979759252716223
inner_calibration,25648,C,2017-03-31,0.0005354323659056876,0.0004992871424484687,0,True,False,0.04874076161388634,0.027979759252716223
inner_calibration,25660,C,2017-03-31,0.000508045864108543,0.00047652019512042196,0,True,False,0.04874076161388634,0.027979759252716223
inner_calibration,25672,C,2017-03-31,0.0005298134820708935,0.0004946268059881387,0,True,False,0.04874076161388634,0.027979759252716223
inner_calibration,25684,C,2017-03-31,0.0006394894550270341,0.0005846730595267375,0,True,False,0.04874076161388634,0.027979759252716223
inner_calibration,25696,C,2017-03-31,0.0005536407600776458,0.0005143523437767377,0,True,False,0.04874076161388634,0.027979759252716223
inner_calibration,25708,C,2017-03-31,0.0006506126440362451,0.0005937047336112348,0,True,False,0.04874076161388634,0.027979759252716223
inner_calibration,25720,C,2017-03-31,0.006842389024324699,0.00481375386821513,0,True,False,0.04874076161388634,0.027979759252716223
inner_calibration,25732,C,2017-03-31,0.0026498100619946844,0.0020693495586713946,0,True,False,0.04874076161388634,0.027979759252716223
inner_calibration,25744,C,2017-03-31,0.0012671882166022583,0.0010738721824176773,0,True,False,0.04874076161388634,0.027979759252716223
inner_calibration,25756,C,2017-03-31,0.0007785239028487296,0.0006964090519915417,0,True,False,0.04874076161388634,0.027979759252716223
inner_calibration,25768,C,2017-03-31,0.0006708668993439874,0.0006101068155710482,0,True,False,0.04874076161388634,0.027979759252716223
inner_calibration,25780,C,2017-03-31,0.0007424740351128688,0.0006676670683046338,0,True,False,0.04874076161388634,0.027979759252716223
inner_calibration,25792,C,2017-03-31,0.0012486573308372816,0.0010598989562960977,0,True,False,0.04874076161388634,0.027979759252716223
inner_calibration,25804,C,2017-03-31,0.9156622282040267,0.7708507750032646,0,True,False,0.04874076161388634,0.027979759252716223
inner_calibration,25816,C,2017-03-31,0.9263091994680999,0.7930412860967617,1,True,False,0.04874076161388634,0.027979759252716223
inner_calibration,25828,C,2017-03-31,0.9806291214561694,0.92967279024866,1,True,True,0.04874076161388634,0.027979759252716223
inner_calibration,25840,C,2017-03-31,0.027967937400987457,0.016942506879512768,0,True,False,0.04874076161388634,0.027979759252716223
inner_calibration,25852,C,2017-03-31,0.0009696262497064463,0.0008464743775162503,0,True,False,0.04874076161388634,0.027979759252716223
inner_calibration,25864,C,2017-03-31,0.0006364293613989344,0.0005821853158394758,0,True,False,0.04874076161388634,0.027979759252716223
inner_calibration,25876,C,2017-03-31,0.0007056195480217175,0.0006381230452716682,0,True,False,0.04874076161388634,0.027979759252716223
inner_calibration,25888,C,2017-03-31,0.0004990605200005798,0.00046902112165038873,0,True,False,0.04874076161388634,0.027979759252716223
inner_calibration,25900,C,2017-03-31,0.0005865753069031452,0.0005414635176309029,0,True,False,0.04874076161388634,0.027979759252716223
inner_calibration,25912,C,2017-04-01,0.0005073978905492046,0.0004759798987280794,0,True,False,0.04874076161388634,0.027979759252716223
inner_calibration,25924,C,2017-04-01,0.0004845815578405704,0.0004569054377506345,0,True,False,0.04874076161388634,0.027979759252716223
inner_calibration,25936,C,2017-04-01,0.0004715262001436051,0.0004459465204640822,0,True,False,0.04874076161388634,0.027979759252716223
inner_calibration,25948,C,2017-04-01,0.0004715262001436051,0.0004459465204640822,0,True,False,0.04874076161388634,0.027979759252716223
inner_calibration,25960,C,2017-04-01,0.000521959444561334,0.0004881034072407396,0,True,False,0.04874076161388634,0.027979759252716223
inner_calibration,25972,C,2017-04-01,0.00048446389116064265,0.00045680681371614777,0,True,False,0.04874076161388634,0.027979759252716223
inner_calibration,25984,C,2017-04-01,0.0006222233176797158,0.000570618826120577,0,True,False,0.04874076161388634,0.027979759252716223
inner_calibration,25996,C,2017-04-01,0.0004898374796044434,0.00046130806423375087,0,True,False,0.04874076161388634,0.027979759252716223
inner_calibration,26008,C,2017-04-01,0.0005607437984836113,0.0005202142388389683,0,True,False,0.04874076161388634,0.027979759252716223
inner_calibration,26020,C,2017-04-01,0.0005815136272844961,0.0005373080476337039,0,True,False,0.04874076161388634,0.027979759252716223
inner_calibration,26032,C,2017-04-01,0.0004939854355190698,0.00046477889943283686,0,True,False,0.04874076161388634,0.027979759252716223
inner_calibration,26044,C,2017-04-01,0.0011816144593456066,0.001009150578195531,0,True,False,0.04874076161388634,0.027979759252716223
inner_calibration,26056,C,2017-04-01,0.0006548988560373044,0.0005971804153363763,0,True,False,0.04874076161388634,0.027979759252716223
inner_calibration,26068,C,2017-04-01,0.001055462321617256,0.0009127749688171339,0,True,False,0.04874076161388634,0.027979759252716223
inner_calibration,26080,C,2017-04-01,0.0014444068772685194,0.001206412760151037,0,True,False,0.04874076161388634,0.027979759252716223
inner_calibration,26092,C,2017-04-01,0.000959975080941732,0.0008389800082673171,0,True,False,0.04874076161388634,0.027979759252716223
inner_calibration,26104,C,2017-04-01,0.0005292662413483088,0.0004941726289408922,0,True,False,0.04874076161388634,0.027979759252716223
inner_calibration,26116,C,2017-04-01,0.0005268374638411153,0.0004921562591590184,0,True,False,0.04874076161388634,0.027979759252716223
inner_calibration,26128,C,2017-04-01,0.000743356409462551,0.0006683723902695239,0,True,False,0.04874076161388634,0.027979759252716223
inner_calibration,26140,C,2017-04-01,0.0006601115002709103,0.0006014039419301525,0,True,False,0.04874076161388634,0.027979759252716223
inner_calibration,26152,C,2017-04-01,0.0005631351442928132,0.0005221858763912363,0,True,False,0.04874076161388634,0.027979759252716223
inner_calibration,26164,C,2017-04-01,0.0008028561511651438,0.000715725080349263,0,True,False,0.04874076161388634,0.027979759252716223
inner_calibration,26176,C,2017-04-01,0.0008608900610089701,0.0007615373466609126,0,True,False,0.04874076161388634,0.027979759252716223
inner_calibration,26188,C,2017-04-01,0.0006077593845062607,0.0005588122190690198,0,True,False,0.04874076161388634,0.027979759252716223
inner_calibration,26200,C,2017-04-02,0.0005714674909141447,0.000529048573259345,0,True,False,0.04874076161388634,0.027979759252716223
inner_calibration,26212,C,2017-04-02,0.0004715262001436051,0.0004459465204640822,0,True,False,0.04874076161388634,0.027979759252716223
inner_calibration,26224,C,2017-04-02,0.0005446967800511062,0.0005069592883813316,0,True,False,0.04874076161388634,0.027979759252716223
inner_calibration,26236,C,2017-04-02,0.0005134699732066472,0.0004810399623755696,0,True,False,0.04874076161388634,0.027979759252716223
inner_calibration,26248,C,2017-04-02,0.0006276436822036468,0.0005750354807503368,0,True,False,0.04874076161388634,0.027979759252716223
inner_calibration,26260,C,2017-04-02,0.0004715262001436051,0.0004459465204640822,0,True,False,0.04874076161388634,0.027979759252716223
inner_calibration,26272,C,2017-04-02,0.000511678254479125,0.0004795475591847384,0,True,False,0.04874076161388634,0.027979759252716223
inner_calibration,26284,C,2017-04-02,0.0005352064508462415,0.0004990998722111108,0,True,False,0.04874076161388634,0.027979759252716223
inner_calibration,26296,C,2017-04-02,0.0005966512378532333,0.0005497237201656682,0,True,False,0.04874076161388634,0.027979759252716223
inner_calibration,26308,C,2017-04-02,0.0004715262001436051,0.0004459465204640822,0,True,False,0.04874076161388634,0.027979759252716223
inner_calibration,26320,C,2017-04-02,0.0005945433323831336,0.0005479969576336409,0,True,False,0.04874076161388634,0.027979759252716223
inner_calibration,26332,C,2017-04-02,0.00048381206349018324,0.00045626042671837754,0,True,False,0.04874076161388634,0.027979759252716223
inner_calibration,26344,C,2017-04-02,0.0006198421889185557,0.0005686772725751966,0,True,False,0.04874076161388634,0.027979759252716223
inner_calibration,26356,C,2017-04-02,0.0010454579802873355,0.0009050791981244511,0,True,False,0.04874076161388634,0.027979759252716223
inner_calibration,26368,C,2017-04-02,0.0005930529730273847,0.0005467756691902009,0,True,False,0.04874076161388634,0.027979759252716223
inner_calibration,26380,C,2017-04-02,0.0004987792492130115,0.00046878613543018915,0,True,False,0.04874076161388634,0.027979759252716223
inner_calibration,26392,C,2017-04-02,0.0005963765250435929,0.00054949871822194,0,True,False,0.04874076161388634,0.027979759252716223
inner_calibration,26404,C,2017-04-02,0.0005879901512113564,0.0005426243447695076,0,True,False,0.04874076161388634,0.027979759252716223
inner_calibration,26416,C,2017-04-02,0.0004715262001436051,0.0004459465204640822,0,True,False,0.04874076161388634,0.027979759252716223
inner_calibration,26428,C,2017-04-02,0.0004845815578405704,0.0004569054377506345,0,True,False,0.04874076161388634,0.027979759252716223
inner_calibration,26440,C,2017-04-02,0.0004715262001436051,0.0004459465204640822,0,True,False,0.04874076161388634,0.027979759252716223
inner_calibration,26452,C,2017-04-02,0.0006100614249706708,0.0005606933942888695,0,True,False,0.04874076161388634,0.027979759252716223
inner_calibration,26464,C,2017-04-02,0.0005359604624715989,0.0004997248691027195,0,True,False,0.04874076161388634,0.027979759252716223
inner_calibration,26476,C,2017-04-02,0.0005828565601157686,0.000538410940409,0,True,False,0.04874076161388634,0.027979759252716223
inner_calibration,26488,C,2017-04-03,0.0005517751574781304,0.0005128113456453971,0,True,False,0.04874076161388634,0.027979759252716223
inner_calibration,26500,C,2017-04-03,0.0006105495773041829,0.0005610921999978137,0,True,False,0.04874076161388634,0.027979759252716223
inner_calibration,26512,C,2017-04-03,0.0005683217189667828,0.0005264589623470236,0,True,False,0.04874076161388634,0.027979759252716223
inner_calibration,26524,C,2017-04-03,0.0007251822211913403,0.0006538260191084173,0,True,False,0.04874076161388634,0.027979759252716223
inner_calibration,26536,C,2017-04-03,0.0005572743540784225,0.0005173520607801545,0,True,False,0.04874076161388634,0.027979759252716223
inner_calibration,26548,C,2017-04-03,0.0005995839325790155,0.0005521250117500391,0,True,False,0.04874076161388634,0.027979759252716223
inner_calibration,26560,C,2017-04-03,0.0007564502936057775,0.0006788280838147315,0,True,False,0.04874076161388634,0.027979759252716223
inner_calibration,26572,C,2017-04-03,0.014135430136399374,0.009194038278885519,0,True,False,0.04874076161388634,0.027979759252716223
inner_calibration,26584,C,2017-04-03,0.03107220298759248,0.018625221105572593,0,True,False,0.04874076161388634,0.027979759252716223
inner_calibration,26596,C,2017-04-03,0.005038263185084247,0.003665435731385001,0,True,False,0.04874076161388634,0.027979759252716223
inner_calibration,26608,C,2017-04-03,0.0009931059357642233,0.0008646726231222424,0,True,False,0.04874076161388634,0.027979759252716223
inner_calibration,26620,C,2017-04-03,0.0006165553300185955,0.0005659958333661315,0,True,False,0.04874076161388634,0.027979759252716223
inner_calibration,26632,C,2017-04-03,0.0006204833601859569,0.0005692001598295696,0,True,False,0.04874076161388634,0.027979759252716223
inner_calibration,26644,C,2017-04-03,0.00048606464910301973,0.0004581482845446189,0,True,False,0.04874076161388634,0.027979759252716223
inner_calibration,26656,C,2017-04-03,0.0006077866826578601,0.0005588345311250006,0,True,False,0.04874076161388634,0.027979759252716223
inner_calibration,26668,C,2017-04-03,0.02479224150417419,0.015203963492617736,0,True,False,0.04874076161388634,0.027979759252716223
inner_calibration,26680,C,2017-04-03,0.5167707034530653,0.30004444474798886,0,True,False,0.04874076161388634,0.027979759252716223
inner_calibration,26692,C,2017-04-03,0.8593527754182024,0.6686532317305909,1,True,True,0.04874076161388634,0.027979759252716223
inner_calibration,26704,C,2017-04-03,0.003692938424037045,0.0027801583993866306,0,True,False,0.04874076161388634,0.027979759252716223
inner_calibration,26716,C,2017-04-03,0.0007451392307243952,0.0006697971972834554,0,True,False,0.04874076161388634,0.027979759252716223
inner_calibration,26728,C,2017-04-03,0.0005850505770925601,0.0005402121856484358,0,True,False,0.04874076161388634,0.027979759252716223
inner_calibration,26740,C,2017-04-03,0.0007138708276796989,0.0006447521658727136,0,True,False,0.04874076161388634,0.027979759252716223
inner_calibration,26752,C,2017-04-03,0.0005969257212534353,0.0005499485227333589,0,True,False,0.04874076161388634,0.027979759252716223
inner_calibration,26764,C,2017-04-03,0.0006479823298152572,0.0005915705595585848,0,True,False,0.04874076161388634,0.027979759252716223
inner_calibration,26776,C,2017-04-04,0.0005435539900393829,0.000506013696693309,0,True,False,0.04874076161388634,0.027979759252716223
inner_calibration,26788,C,2017-04-04,0.0005232209985118611,0.0004891519577593,0,True,False,0.04874076161388634,0.027979759252716223
inner_calibration,26800,C,2017-04-04,0.0006163929485663307,0.0005658633205582905,0,True,False,0.04874076161388634,0.027979759252716223
inner_calibration,26812,C,2017-04-04,0.0005377145597053271,0.0005011784552597579,0,True,False,0.04874076161388634,0.027979759252716223
inner_calibration,26824,C,2017-04-04,0.00048737214228969643,0.000459243629109624,0,True,False,0.04874076161388634,0.027979759252716223
inner_calibration,26836,C,2017-04-04,0.0009735221820872912,0.0008494973195563044,0,True,False,0.04874076161388634,0.027979759252716223
inner_calibration,26848,C,2017-04-04,0.0005579025112930303,0.0005178704161669624,0,True,False,0.04874076161388634,0.027979759252716223
inner_calibration,26860,C,2017-04-04,0.019816901751371834,0.012437654703149703,0,True,False,0.04874076161388634,0.027979759252716223
inner_calibration,26872,C,2017-04-04,0.04874076161388633,0.02797975925271622,0,True,False,0.04874076161388634,0.027979759252716223
inner_calibration,26884,C,2017-04-04,0.0036187980912601118,0.002730444196347115,0,True,False,0.04874076161388634,0.027979759252716223
inner_calibration,26896,C,2017-04-04,0.0008953004663726883,0.0007885383208701762,0,True,False,0.04874076161388634,0.027979759252716223
inner_calibration,26908,C,2017-04-04,0.0004715262001436051,0.0004459465204640822,0,True,False,0.04874076161388634,0.027979759252716223
inner_calibration,26920,C,2017-04-04,0.0004715262001436051,0.0004459465204640822,0,True,False,0.04874076161388634,0.027979759252716223
inner_calibration,26932,C,2017-04-04,0.0005360909310482667,0.0004998330040206594,0,True,False,0.04874076161388634,0.027979759252716223
inner_calibration,26944,C,2017-04-04,0.0004715262001436051,0.0004459465204640822,0,True,False,0.04874076161388634,0.027979759252716223
inner_calibration,26956,C,2017-04-04,0.003635576915024077,0.0027417047504827803,0,True,False,0.04874076161388634,0.027979759252716223
inner_calibration,26968,C,2017-04-04,0.6494176375035938,0.4112621371737937,0,True,False,0.04874076161388634,0.027979759252716223
inner_calibration,26980,C,2017-04-04,0.984955423481995,0.9432276779216947,1,True,True,0.04874076161388634,0.027979759252716223
inner_calibration,26992,C,2017-04-04,0.42036451230747757,0.23284407175029195,0,True,False,0.04874076161388634,0.027979759252716223
inner_calibration,27004,C,2017-04-04,0.0010224130369682729,0.0008873208435223522,0,True,False,0.04874076161388634,0.027979759252716223
inner_calibration,27016,C,2017-04-04,0.0007322833740339731,0.0006595144416978696,0,True,False,0.04874076161388634,0.027979759252716223
inner_calibration,27028,C,2017-04-04,0.0005232209985118611,0.0004891519577593,0,True,False,0.04874076161388634,0.027979759252716223
inner_calibration,27040,C,2017-04-04,0.0007208503406289292,0.0006503529084711726,0,True,False,0.04874076161388634,0.027979759252716223
inner_calibration,27052,C,2017-04-04,0.0005397698543674143,0.000502880968580179,0,True,False,0.04874076161388634,0.027979759252716223
inner_calibration,27064,C,2017-04-05,0.0005232209985118611,0.0004891519577593,0,True,False,0.04874076161388634,0.027979759252716223
inner_calibration,27076,C,2017-04-05,0.0005274356701058303,0.0004926529852552361,0,True,False,0.04874076161388634,0.027979759252716223
inner_calibration,27088,C,2017-04-05,0.0005777567646696037,0.0005342211948292096,0,True,False,0.04874076161388634,0.027979759252716223
inner_calibration,27100,C,2017-04-05,0.0005239860228254214,0.0004897876770557795,0,True,False,0.04874076161388634,0.027979759252716223
inner_calibration,27112,C,2017-04-05,0.0005537088931102279,0.0005144086111232173,0,True,False,0.04874076161388634,0.027979759252716223
inner_calibration,27124,C,2017-04-05,0.0008697943774010351,0.000768535624487747,0,True,False,0.04874076161388634,0.027979759252716223
inner_calibration,27136,C,2017-04-05,0.0006230664242935769,0.0005713060908386207,0,True,False,0.04874076161388634,0.027979759252716223
inner_calibration,27148,C,2017-04-05,0.0052984835281726355,0.003833488673829355,0,True,False,0.04874076161388634,0.027979759252716223
inner_calibration,27160,C,2017-04-05,0.01360668969589298,0.008886221607642169,0,True,False,0.04874076161388634,0.027979759252716223
inner_calibration,27172,C,2017-04-05,0.0011789710780224657,0.0010071432392208598,0,True,False,0.04874076161388634,0.027979759252716223
inner_calibration,27184,C,2017-04-05,0.0006156916015927343,0.0005652909357078323,0,True,False,0.04874076161388634,0.027979759252716223
inner_calibration,27196,C,2017-04-05,0.0005022576252255363,0.00047169109573609103,0,True,False,0.04874076161388634,0.027979759252716223
inner_calibration,27208,C,2017-04-05,0.0004833874645209178,0.00045590446760434286,0,True,False,0.04874076161388634,0.027979759252716223
inner_calibration,27220,C,2017-04-05,0.0005700855207036646,0.0005279111256793907,0,True,False,0.04874076161388634,0.027979759252716223
inner_calibration,27232,C,2017-04-05,0.0004845815578405704,0.0004569054377506345,0,True,False,0.04874076161388634,0.027979759252716223
inner_calibration,27244,C,2017-04-05,0.027345847440452032,0.01660339054407582,0,True,False,0.04874076161388634,0.027979759252716223
inner_calibration,27256,C,2017-04-05,0.560354878776066,0.3337907393574077,0,True,False,0.04874076161388634,0.027979759252716223
inner_calibration,27268,C,2017-04-05,0.9546134382623486,0.858261542754129,1,True,True,0.04874076161388634,0.027979759252716223
inner_calibration,27280,C,2017-04-05,0.5127175578635413,0.29702392198235017,0,True,True,0.04874076161388634,0.027979759252716223
inner_calibration,27292,C,2017-04-05,0.0013944993118095242,0.0011692791248227405,0,True,False,0.04874076161388634,0.027979759252716223
inner_calibration,27304,C,2017-04-05,0.000872401812553467,0.0007705834116191578,0,True,False,0.04874076161388634,0.027979759252716223
inner_calibration,27316,C,2017-04-05,0.0008744003593756828,0.0007721525402063757,0,True,False,0.04874076161388634,0.027979759252716223
inner_calibration,27328,C,2017-04-05,0.0005545053987403253,0.00051506634461028,0,True,False,0.04874076161388634,0.027979759252716223
inner_calibration,27340,C,2017-04-05,0.000573307716185987,0.0005305627196891672,0,True,False,0.04874076161388634,0.027979759252716223
inner_calibration,27352,C,2017-04-06,0.0005700896587713466,0.000527914532023251,0,True,False,0.04874076161388634,0.027979759252716223
inner_calibration,27364,C,2017-04-06,0.0005372511929911331,0.0005007945235171733,0,True,False,0.04874076161388634,0.027979759252716223
inner_calibration,27376,C,2017-04-06,0.0005996009600636247,0.0005521389500501737,0,True,False,0.04874076161388634,0.027979759252716223
inner_calibration,27388,C,2017-04-06,0.0005402860048657159,0.0005033084112359184,0,True,False,0.04874076161388634,0.027979759252716223
inner_calibration,27400,C,2017-04-06,0.0006022359416915945,0.0005542953559213086,0,True,False,0.04874076161388634,0.027979759252716223
inner_calibration,27412,C,2017-04-06,0.000723505431474404,0.0006524819167924353,0,True,False,0.04874076161388634,0.027979759252716223
inner_calibration,27424,C,2017-04-06,0.0006544458153894366,0.000596813165014316,0,True,False,0.04874076161388634,0.027979759252716223
inner_calibration,27436,C,2017-04-06,0.0017937858731506395,0.0014626756625491912,0,True,False,0.04874076161388634,0.027979759252716223
inner_calibration,27448,C,2017-04-06,0.006987726426764265,0.004904724915173349,0,True,False,0.04874076161388634,0.027979759252716223
inner_calibration,27460,C,2017-04-06,0.0005191854214804107,0.00048579676565459743,0,True,False,0.04874076161388634,0.027979759252716223
inner_calibration,27472,C,2017-04-06,0.0006645557967032853,0.0006050019956997997,0,True,False,0.04874076161388634,0.027979759252716223
inner_calibration,27484,C,2017-04-06,0.0005351454592601097,0.0004990493122857835,0,True,False,0.04874076161388634,0.027979759252716223
inner_calibration,27496,C,2017-04-06,0.0004715262001436051,0.0004459465204640822,0,True,False,0.04874076161388634,0.027979759252716223
inner_calibration,27508,C,2017-04-06,0.0012313443322663257,0.0010468233396474958,0,True,False,0.04874076161388634,0.027979759252716223
inner_calibration,27520,C,2017-04-06,0.0005351454592601097,0.0004990493122857835,0,True,False,0.04874076161388634,0.027979759252716223
inner_calibration,27532,C,2017-04-06,0.005525473294847952,0.003979353712105157,0,True,False,0.04874076161388634,0.027979759252716223
inner_calibration,27544,C,2017-04-06,0.611611470126161,0.37681295783549984,1,True,False,0.04874076161388634,0.027979759252716223
inner_calibration,27556,C,2017-04-06,0.9235050042376863,0.7870883053681592,1,True,True,0.04874076161388634,0.027979759252716223
inner_calibration,27568,C,2017-04-06,0.9411432925171209,0.8259623733195679,1,True,True,0.04874076161388634,0.027979759252716223
inner_calibration,27580,C,2017-04-06,0.02307327295950105,0.014254629315899643,0,True,False,0.04874076161388634,0.027979759252716223
inner_calibration,27592,C,2017-04-06,0.0006425502485766883,0.0005871600515236847,0,True,False,0.04874076161388634,0.027979759252716223
inner_calibration,27604,C,2017-04-06,0.0005617828378018947,0.0005210710293922903,0,True,False,0.04874076161388634,0.027979759252716223
inner_calibration,27616,C,2017-04-06,0.0005740493747303953,0.0005311728074423037,0,True,False,0.04874076161388634,0.027979759252716223
inner_calibration,27628,C,2017-04-06,0.0005227366010385266,0.0004887493801991014,0,True,False,0.04874076161388634,0.027979759252716223
inner_calibration,27640,C,2017-04-07,0.0005616111730749271,0.0005209294870027158,0,True,False,0.04874076161388634,0.027979759252716223
inner_calibration,27652,C,2017-04-07,0.0005604014512496779,0.0005199319011559466,0,True,False,0.04874076161388634,0.027979759252716223
inner_calibration,27664,C,2017-04-07,0.0004715262001436051,0.0004459465204640822,0,True,False,0.04874076161388634,0.027979759252716223
inner_calibration,27676,C,2017-04-07,0.0005876795499990708,0.000542369534601866,0,True,False,0.04874076161388634,0.027979759252716223
inner_calibration,27688,C,2017-04-07,0.0006103436448496504,0.000560923963719495,0,True,False,0.04874076161388634,0.027979759252716223
inner_calibration,27700,C,2017-04-07,0.0005012297225091305,0.0004708328775053595,0,True,False,0.04874076161388634,0.027979759252716223
inner_calibration,27712,C,2017-04-07,0.0005650232542200353,0.0005237419452184444,0,True,False,0.04874076161388634,0.027979759252716223
inner_calibration,27724,C,2017-04-07,0.0005163743959420804,0.0004834579601974525,0,True,False,0.04874076161388634,0.027979759252716223
inner_calibration,27736,C,2017-04-07,0.0039035117243420626,0.0029207716523513426,0,True,False,0.04874076161388634,0.027979759252716223
inner_calibration,27748,C,2017-04-07,0.0004902508566296075,0.0004616541066800191,0,True,False,0.04874076161388634,0.027979759252716223
inner_calibration,27760,C,2017-04-07,0.0005163653748368235,0.00048345045226372166,0,True,False,0.04874076161388634,0.027979759252716223
inner_calibration,27772,C,2017-04-07,0.0005373380507604886,0.0005008664940538352,0,True,False,0.04874076161388634,0.027979759252716223
inner_calibration,27784,C,2017-04-07,0.0005815136272844961,0.0005373080476337039,0,True,False,0.04874076161388634,0.027979759252716223
inner_calibration,27796,C,2017-04-07,0.0004939854355190698,0.00046477889943283686,0,True,False,0.04874076161388634,0.027979759252716223
inner_calibration,27808,C,2017-04-07,0.0004904933348771139,0.00046185707281153705,0,True,False,0.04874076161388634,0.027979759252716223
inner_calibration,27820,C,2017-04-07,0.006320509961280302,0.004485354916839951,0,True,False,0.04874076161388634,0.027979759252716223
inner_calibration,27832,C,2017-04-07,0.09131960352214273,0.04977928591225768,0,True,False,0.04874076161388634,0.027979759252716223
inner_calibration,27844,C,2017-04-07,0.11776353239952603,0.06316334680358948,0,True,False,0.04874076161388634,0.027979759252716223
inner_calibration,27856,C,2017-04-07,0.003836534775826404,0.0028761386675288255,0,True,False,0.04874076161388634,0.027979759252716223
inner_calibration,27868,C,2017-04-07,0.0010691554834684795,0.0009232952690759298,0,True,False,0.04874076161388634,0.027979759252716223
inner_calibration,27880,C,2017-04-07,0.0007969804295694263,0.0007110666872147587,0,True,False,0.04874076161388634,0.027979759252716223
inner_calibration,27892,C,2017-04-07,0.0005876845500377497,0.0005423736366381528,0,True,False,0.04874076161388634,0.027979759252716223
inner_calibration,27904,C,2017-04-07,0.0006563384173617934,0.0005983471862966197,0,True,False,0.04874076161388634,0.027979759252716223
inner_calibration,27916,C,2017-04-07,0.0005394066791338358,0.0005025801830173587,0,True,False,0.04874076161388634,0.027979759252716223
inner_calibration,27928,C,2017-04-08,0.0007074662770601645,0.0006396074601785222,0,True,False,0.04874076161388634,0.027979759252716223
inner_calibration,27940,C,2017-04-08,0.0005168372988728446,0.000483843197729417,0,True,False,0.04874076161388634,0.027979759252716223
inner_calibration,27952,C,2017-04-08,0.0005645566592349203,0.0005233574589048145,0,True,False,0.04874076161388634,0.027979759252716223
inner_calibration,27964,C,2017-04-08,0.0005476578543066771,0.0005094083807106639,0,True,False,0.04874076161388634,0.027979759252716223
inner_calibration,27976,C,2017-04-08,0.0005418066423147558,0.0005045674421739499,0,True,False,0.04874076161388634,0.027979759252716223
inner_calibration,27988,C,2017-04-08,0.0005617924880039461,0.0005210789861124643,0,True,False,0.04874076161388634,0.027979759252716223
inner_calibration,28000,C,2017-04-08,0.0005494421298192478,0.0005108834377685344,0,True,False,0.04874076161388634,0.027979759252716223
inner_calibration,28012,C,2017-04-08,0.0005192113629070464,0.0004858183426630274,0,True,False,0.04874076161388634,0.027979759252716223
inner_calibration,28024,C,2017-04-08,0.0005156120667614598,0.00048282345029951134,0,True,False,0.04874076161388634,0.027979759252716223
inner_calibration,28036,C,2017-04-08,0.0005993921118457563,0.0005519679887555648,0,True,False,0.04874076161388634,0.027979759252716223
inner_calibration,28048,C,2017-04-08,0.0007033327775793835,0.0006362843244111639,0,True,False,0.04874076161388634,0.027979759252716223
inner_calibration,28060,C,2017-04-08,0.0010418841742278007,0.0009023280989602378,0,True,False,0.04874076161388634,0.027979759252716223
inner_calibration,28072,C,2017-04-08,0.00048690188835157436,0.00045884971430160565,0,True,False,0.04874076161388634,0.027979759252716223
inner_calibration,28084,C,2017-04-08,0.0004715262001436051,0.0004459465204640822,0,True,False,0.04874076161388634,0.027979759252716223
inner_calibration,28096,C,2017-04-08,0.0004715262001436051,0.0004459465204640822,0,True,False,0.04874076161388634,0.027979759252716223
inner_calibration,28108,C,2017-04-08,0.0004845314492633762,0.0004568634388448608,0,True,False,0.04874076161388634,0.027979759252716223
inner_calibration,28120,C,2017-04-08,0.0004715262001436051,0.0004459465204640822,0,True,False,0.04874076161388634,0.027979759252716223
inner_calibration,28132,C,2017-04-08,0.000812213975041412,0.0007231363687201595,0,True,False,0.04874076161388634,0.027979759252716223
inner_calibration,28144,C,2017-04-08,0.0006125435928964433,0.0005627208834579334,0,True,False,0.04874076161388634,0.027979759252716223
inner_calibration,28156,C,2017-04-08,0.0006337018632631117,0.0005799668415216616,0,True,False,0.04874076161388634,0.027979759252716223
inner_calibration,28168,C,2017-04-08,0.0004845314492633762,0.0004568634388448608,0,True,False,0.04874076161388634,0.027979759252716223
inner_calibration,28180,C,2017-04-08,0.0005613824670190112,0.000520740904975791,0,True,False,0.04874076161388634,0.027979759252716223
inner_calibration,28192,C,2017-04-08,0.0005168185261001417,0.0004838275753792981,0,True,False,0.04874076161388634,0.027979759252716223
inner_calibration,28204,C,2017-04-08,0.0004998025675431967,0.00046964099090027693,0,True,False,0.04874076161388634,0.027979759252716223
inner_calibration,28216,C,2017-04-09,0.0005690496971856142,0.0005270583778023278,0,True,False,0.04874076161388634,0.027979759252716223
inner_calibration,28228,C,2017-04-09,0.0004845314492633762,0.0004568634388448608,0,True,False,0.04874076161388634,0.027979759252716223
inner_calibration,28240,C,2017-04-09,0.000552789094482269,0.0005136489348561662,0,True,False,0.04874076161388634,0.027979759252716223
inner_calibration,28252,C,2017-04-09,0.0005207382723263269,0.00048708815236946323,0,True,False,0.04874076161388634,0.027979759252716223
inner_calibration,28264,C,2017-04-09,0.0005454376720443419,0.0005075722153843511,0,True,False,0.04874076161388634,0.027979759252716223
inner_calibration,28276,C,2017-04-09,0.0005990727860328732,0.00055170657870448,0,True,False,0.04874076161388634,0.027979759252716223
inner_calibration,28288,C,2017-04-09,0.0005427363962419704,0.0005053370504237253,0,True,False,0.04874076161388634,0.027979759252716223
inner_calibration,28300,C,2017-04-09,0.0005123380878124754,0.0004800972314356323,0,True,False,0.04874076161388634,0.027979759252716223
inner_calibration,28312,C,2017-04-09,0.0005053336806944655,0.00047425819832623475,0,True,False,0.04874076161388634,0.027979759252716223
inner_calibration,28324,C,2017-04-09,0.0006134822530806604,0.0005634873639772627,0,True,False,0.04874076161388634,0.027979759252716223
inner_calibration,28336,C,2017-04-09,0.0005064921426782907,0.0004752245353618268,0,True,False,0.04874076161388634,0.027979759252716223
inner_calibration,28348,C,2017-04-09,0.0006161737074475297,0.0005656844007761645,0,True,False,0.04874076161388634,0.027979759252716223
inner_calibration,28360,C,2017-04-09,0.0005824822727612095,0.0005381035827268741,0,True,False,0.04874076161388634,0.027979759252716223
inner_calibration,28372,C,2017-04-09,0.0004715262001436051,0.0004459465204640822,0,True,False,0.04874076161388634,0.027979759252716223
inner_calibration,28384,C,2017-04-09,0.0005057401682738059,0.00047459730000847005,0,True,False,0.04874076161388634,0.027979759252716223
inner_calibration,28396,C,2017-04-09,0.0004987792492130115,0.00046878613543018915,0,True,False,0.04874076161388634,0.027979759252716223
inner_calibration,28408,C,2017-04-09,0.0005213853668843677,0.0004876261649657811,0,True,False,0.04874076161388634,0.027979759252716223
inner_calibration,28420,C,2017-04-09,0.0004987792492130115,0.00046878613543018915,0,True,False,0.04874076161388634,0.027979759252716223
inner_calibration,28432,C,2017-04-09,0.0005125357841514234,0.00048026190649828985,0,True,False,0.04874076161388634,0.027979759252716223
inner_calibration,28444,C,2017-04-09,0.0005839147778120879,0.000539279810292933,0,True,False,0.04874076161388634,0.027979759252716223
inner_calibration,28456,C,2017-04-09,0.0005438583333322231,0.0005062655444477809,0,True,False,0.04874076161388634,0.027979759252716223
inner_calibration,28468,C,2017-04-09,0.0005278349352546463,0.0004929844839640438,0,True,False,0.04874076161388634,0.027979759252716223
inner_calibration,28480,C,2017-04-09,0.0005842415319786428,0.0005395480627358673,0,True,False,0.04874076161388634,0.027979759252716223
inner_calibration,28492,C,2017-04-09,0.0005296587010635387,0.0004944983522982458,0,True,False,0.04874076161388634,0.027979759252716223
inner_calibration,28504,C,2017-04-10,0.0005126112908488522,0.0004803247994297696,0,True,False,0.04874076161388634,0.027979759252716223
inner_calibration,28516,C,2017-04-10,0.0006381005913047909,0.0005835441283983709,0,True,False,0.04874076161388634,0.027979759252716223
inner_calibration,28528,C,2017-04-10,0.0007160210085111748,0.0006464782330006496,0,True,False,0.04874076161388634,0.027979759252716223
inner_calibration,28540,C,2017-04-10,0.0005725582919085437,0.0005299461548871225,0,True,False,0.04874076161388634,0.027979759252716223
inner_calibration,28552,C,2017-04-10,0.0005474064683249263,0.0005092005175886099,0,True,False,0.04874076161388634,0.027979759252716223
inner_calibration,28564,C,2017-04-10,0.0007225535379682228,0.0006517187322730067,0,True,False,0.04874076161388634,0.027979759252716223
inner_calibration,28576,C,2017-04-10,0.0005097276159085693,0.00047792212483821765,0,True,False,0.04874076161388634,0.027979759252716223
inner_calibration,28588,C,2017-04-10,0.0036432243408305565,0.002746835185713686,0,True,False,0.04874076161388634,0.027979759252716223
inner_calibration,28600,C,2017-04-10,0.002590052648726123,0.002027791298925627,0,True,False,0.04874076161388634,0.027979759252716223
inner_calibration,28612,C,2017-04-10,0.0008597654310635156,0.0007606528835297665,0,True,False,0.04874076161388634,0.027979759252716223
inner_calibration,28624,C,2017-04-10,0.0007225961273005706,0.0006517528808263835,0,True,False,0.04874076161388634,0.027979759252716223
inner_calibration,28636,C,2017-04-10,0.0007024695980030309,0.000635590096339492,0,True,False,0.04874076161388634,0.027979759252716223
inner_calibration,28648,C,2017-04-10,0.0004845815578405704,0.0004569054377506345,0,True,False,0.04874076161388634,0.027979759252716223
inner_calibration,28660,C,2017-04-10,0.0004715262001436051,0.0004459465204640822,0,True,False,0.04874076161388634,0.027979759252716223
inner_calibration,28672,C,2017-04-10,0.0004845314492633762,0.0004568634388448608,0,True,False,0.04874076161388634,0.027979759252716223
inner_calibration,28684,C,2017-04-10,0.035026699369832846,0.020748486947065603,0,True,False,0.04874076161388634,0.027979759252716223
inner_calibration,28696,C,2017-04-10,0.7870942851028754,0.5635284353712142,0,True,False,0.04874076161388634,0.027979759252716223
inner_calibration,28708,C,2017-04-10,0.9671516873993771,0.8908953212592281,1,True,True,0.04874076161388634,0.027979759252716223
inner_calibration,28720,C,2017-04-10,0.23974923837699286,0.12646579504875474,0,True,False,0.04874076161388634,0.027979759252716223
inner_calibration,28732,C,2017-04-10,0.000678494975472986,0.0006162697858506451,0,True,False,0.04874076161388634,0.027979759252716223
inner_calibration,28744,C,2017-04-10,0.0006450559871466383,0.0005891950653385041,0,True,False,0.04874076161388634,0.027979759252716223
inner_calibration,28756,C,2017-04-10,0.0004980379405281226,0.0004681667424443399,0,True,False,0.04874076161388634,0.027979759252716223
inner_calibration,28768,C,2017-04-10,0.00069958430967489,0.0006332688626272399,0,True,False,0.04874076161388634,0.027979759252716223
inner_calibration,28780,C,2017-04-10,0.0005831064835071634,0.0005386161605670193,0,True,False,0.04874076161388634,0.027979759252716223
inner_calibration,28792,C,2017-04-11,0.0005190877691344514,0.0004857155413889678,0,True,False,0.04874076161388634,0.027979759252716223
inner_calibration,28804,C,2017-04-11,0.0005432637656973921,0.0005057735179642947,0,True,False,0.04874076161388634,0.027979759252716223
inner_calibration,28816,C,2017-04-11,0.0005927106825216271,0.0005464951280834009,0,True,False,0.04874076161388634,0.027979759252716223
inner_calibration,28828,C,2017-04-11,0.0005743294210973361,0.0005314031506173164,0,True,False,0.04874076161388634,0.027979759252716223
inner_calibration,28840,C,2017-04-11,0.0004715262001436051,0.0004459465204640822,0,True,False,0.04874076161388634,0.027979759252716223
inner_calibration,28852,C,2017-04-11,0.0006439393104358659,0.0005882882745694325,0,True,False,0.04874076161388634,0.027979759252716223
inner_calibration,28864,C,2017-04-11,0.0006393519534239421,0.0005845613041570793,0,True,False,0.04874076161388634,0.027979759252716223
inner_calibration,28876,C,2017-04-11,0.014969428540058859,0.009677236377194897,0,True,False,0.04874076161388634,0.027979759252716223
inner_calibration,28888,C,2017-04-11,0.17009991838958088,0.08984164232482766,0,True,False,0.04874076161388634,0.027979759252716223
inner_calibration,28900,C,2017-04-11,0.0021705648206824775,0.0017329215402010728,0,True,False,0.04874076161388634,0.027979759252716223
inner_calibration,28912,C,2017-04-11,0.0005846429942283523,0.0005398776248158796,0,True,False,0.04874076161388634,0.027979759252716223
inner_calibration,28924,C,2017-04-11,0.0004975328834214897,0.00046774468847628203,0,True,False,0.04874076161388634,0.027979759252716223
inner_calibration,28936,C,2017-04-11,0.0004943076274560248,0.00046504836038592745,0,True,False,0.04874076161388634,0.027979759252716223
inner_calibration,28948,C,2017-04-11,0.0004897001950369678,0.0004611931346462401,0,True,False,0.04874076161388634,0.027979759252716223
inner_calibration,28960,C,2017-04-11,0.0004884647138494192,0.0004601586742142622,0,True,False,0.04874076161388634,0.027979759252716223
inner_calibration,28972,C,2017-04-11,0.0019290917432991598,0.0015603833130681745,0,True,False,0.04874076161388634,0.027979759252716223
inner_calibration,28984,C,2017-04-11,0.696963720570258,0.4584976441838742,0,True,False,0.04874076161388634,0.027979759252716223
inner_calibration,28996,C,2017-04-11,0.9431946953193358,0.8307212788437239,1,True,True,0.04874076161388634,0.027979759252716223
inner_calibration,29008,C,2017-04-11,0.021393575675254142,0.013320644262341896,0,True,False,0.04874076161388634,0.027979759252716223
inner_calibration,29020,C,2017-04-11,0.0010381988359624433,0.0008994900481520029,0,True,False,0.04874076161388634,0.027979759252716223
inner_calibration,29032,C,2017-04-11,0.000873308950091735,0.0007712956861544625,0,True,False,0.04874076161388634,0.027979759252716223
inner_calibration,29044,C,2017-04-11,0.0004998025675431967,0.00046964099090027693,0,True,False,0.04874076161388634,0.027979759252716223
inner_calibration,29056,C,2017-04-11,0.0004863876276754405,0.0004584188882865801,0,True,False,0.04874076161388634,0.027979759252716223
inner_calibration,29068,C,2017-04-11,0.0004998025675431967,0.00046964099090027693,0,True,False,0.04874076161388634,0.027979759252716223
inner_calibration,29080,C,2017-04-12,0.0004891352632536282,0.00046072015689712503,0,True,False,0.04874076161388634,0.027979759252716223
inner_calibration,29092,C,2017-04-12,0.0004998025675431967,0.00046964099090027693,0,True,False,0.04874076161388634,0.027979759252716223
inner_calibration,29104,C,2017-04-12,0.0006052007549710716,0.0005567204371105595,0,True,False,0.04874076161388634,0.027979759252716223
inner_calibration,29116,C,2017-04-12,0.0004845314492633762,0.0004568634388448608,0,True,False,0.04874076161388634,0.027979759252716223
inner_calibration,29128,C,2017-04-12,0.0006016161714813782,0.0005537882451406226,0,True,False,0.04874076161388634,0.027979759252716223
inner_calibration,29140,C,2017-04-12,0.0005132733834701922,0.0004808762421981572,0,True,False,0.04874076161388634,0.027979759252716223
inner_calibration,29152,C,2017-04-12,0.0005000471821086694,0.00046984530723032466,0,True,False,0.04874076161388634,0.027979759252716223
inner_calibration,29164,C,2017-04-12,0.04371994833141769,0.025352271849287754,0,True,False,0.04874076161388634,0.027979759252716223
inner_calibration,29176,C,2017-04-12,0.017472766889509207,0.01111217812906062,0,True,False,0.04874076161388634,0.027979759252716223
inner_calibration,29188,C,2017-04-12,0.007387100951030707,0.005153682085710708,0,True,False,0.04874076161388634,0.027979759252716223
inner_calibration,29200,C,2017-04-12,0.0016744992371611708,0.001375860400673039,0,True,False,0.04874076161388634,0.027979759252716223
inner_calibration,29212,C,2017-04-12,0.0009551189604718328,0.0008352059592152237,0,True,False,0.04874076161388634,0.027979759252716223
inner_calibration,29224,C,2017-04-12,0.0005238508057204521,0.0004896753219518392,0,True,False,0.04874076161388634,0.027979759252716223
inner_calibration,29236,C,2017-04-12,0.0004940757431179515,0.00046485442896243063,0,True,False,0.04874076161388634,0.027979759252716223
inner_calibration,29248,C,2017-04-12,0.0004715262001436051,0.0004459465204640822,0,True,False,0.04874076161388634,0.027979759252716223
inner_calibration,29260,C,2017-04-12,0.0844543476187916,0.04629779454258442,0,True,False,0.04874076161388634,0.027979759252716223
inner_calibration,29272,C,2017-04-12,0.9812500300332542,0.9315786483880059,1,True,False,0.04874076161388634,0.027979759252716223
inner_calibration,29284,C,2017-04-12,0.9906683958072114,0.9623101812950642,1,True,True,0.04874076161388634,0.027979759252716223
inner_calibration,29296,C,2017-04-12,0.4093582946925154,0.22572230250341468,0,True,True,0.04874076161388634,0.027979759252716223
inner_calibration,29308,C,2017-04-12,0.0011728547519339293,0.0010024966930218485,0,True,False,0.04874076161388634,0.027979759252716223
inner_calibration,29320,C,2017-04-12,0.0008607155443887822,0.0007614001067871264,0,True,False,0.04874076161388634,0.027979759252716223
inner_calibration,29332,C,2017-04-12,0.0007455126032523226,0.0006700955437366741,0,True,False,0.04874076161388634,0.027979759252716223
inner_calibration,29344,C,2017-04-12,0.0005119707769118202,0.00047979125385325436,0,True,False,0.04874076161388634,0.027979759252716223
inner_calibration,29356,C,2017-04-12,0.000542415081517232,0.0005050710971842849,0,True,False,0.04874076161388634,0.027979759252716223
inner_calibration,29368,C,2017-04-13,0.0004715262001436051,0.0004459465204640822,0,True,False,0.04874076161388634,0.027979759252716223
inner_calibration,29380,C,2017-04-13,0.0005024703334479822,0.0004718686660795274,0,True,False,0.04874076161388634,0.027979759252716223
inner_calibration,29392,C,2017-04-13,0.000547024497968234,0.0005088846580958841,0,True,False,0.04874076161388634,0.027979759252716223
inner_calibration,29404,C,2017-04-13,0.0007202686482124672,0.0006498863571781446,0,True,False,0.04874076161388634,0.027979759252716223
inner_calibration,29416,C,2017-04-13,0.0005371082034852738,0.0005006760392887288,0,True,False,0.04874076161388634,0.027979759252716223
inner_calibration,29428,C,2017-04-13,0.0005863590956216637,0.0005412860969665352,0,True,False,0.04874076161388634,0.027979759252716223
inner_calibration,29440,C,2017-04-13,0.0005392678379524633,0.0005024651873474734,0,True,False,0.04874076161388634,0.027979759252716223
inner_calibration,29452,C,2017-04-13,0.007115379701668406,0.004984460581347184,0,True,False,0.04874076161388634,0.027979759252716223
inner_calibration,29464,C,2017-04-13,0.004390159938672799,0.0032426637657382525,0,True,False,0.04874076161388634,0.027979759252716223
inner_calibration,29476,C,2017-04-13,0.0006861951586877308,0.000622483224317204,0,True,False,0.04874076161388634,0.027979759252716223
inner_calibration,29488,C,2017-04-13,0.0008867751039932035,0.0007818595726006529,0,True,False,0.04874076161388634,0.027979759252716223
inner_calibration,29500,C,2017-04-13,0.0007329441068002012,0.0006600434138716391,0,True,False,0.04874076161388634,0.027979759252716223
inner_calibration,29512,C,2017-04-13,0.0005450286352583582,0.0005072338378288494,0,True,False,0.04874076161388634,0.027979759252716223
inner_calibration,29524,C,2017-04-13,0.00048484104609901156,0.00045712292220453866,0,True,False,0.04874076161388634,0.027979759252716223
inner_calibration,29536,C,2017-04-13,0.0008047401694251945,0.0007172179674701703,0,True,False,0.04874076161388634,0.027979759252716223
inner_calibration,29548,C,2017-04-13,0.0553698574188003,0.03142180712146539,0,True,False,0.04874076161388634,0.027979759252716223
inner_calibration,29560,C,2017-04-13,0.892855864057117,0.7267008259066489,0,True,False,0.04874076161388634,0.027979759252716223
inner_calibration,29572,C,2017-04-13,0.9879066214097091,0.9528901485562083,1,True,True,0.04874076161388634,0.027979759252716223
inner_calibration,29584,C,2017-04-13,0.09210296752726158,0.05017618439760743,0,True,False,0.04874076161388634,0.027979759252716223
inner_calibration,29596,C,2017-04-13,0.0010069907797375132,0.000875411781262692,0,True,False,0.04874076161388634,0.027979759252716223
inner_calibration,29608,C,2017-04-13,0.0007689052181385242,0.0006887549456202485,0,True,False,0.04874076161388634,0.027979759252716223
inner_calibration,29620,C,2017-04-13,0.0005659817702620481,0.0005245316766930771,0,True,False,0.04874076161388634,0.027979759252716223
inner_calibration,29632,C,2017-04-13,0.0005636283622782515,0.0005225924133478243,0,True,False,0.04874076161388634,0.027979759252716223
inner_calibration,29644,C,2017-04-13,0.0005315104428117152,0.000496034851089322,0,True,False,0.04874076161388634,0.027979759252716223
inner_calibration,29656,C,2017-04-14,0.0004996695400131668,0.0004695298739015122,0,True,False,0.04874076161388634,0.027979759252716223
inner_calibration,29668,C,2017-04-14,0.0004845314492633762,0.0004568634388448608,0,True,False,0.04874076161388634,0.027979759252716223
inner_calibration,29680,C,2017-04-14,0.0005050954820982715,0.0004740594732802498,0,True,False,0.04874076161388634,0.027979759252716223
inner_calibration,29692,C,2017-04-14,0.0005008035644753595,0.0004704770116732949,0,True,False,0.04874076161388634,0.027979759252716223
inner_calibration,29704,C,2017-04-14,0.0005241181757608789,0.0004898974829592759,0,True,False,0.04874076161388634,0.027979759252716223
inner_calibration,29716,C,2017-04-14,0.0005725291653901005,0.0005299221901706025,0,True,False,0.04874076161388634,0.027979759252716223
inner_calibration,29728,C,2017-04-14,0.0004715262001436051,0.0004459465204640822,0,True,False,0.04874076161388634,0.027979759252716223
inner_calibration,29740,C,2017-04-14,0.0006572473035010399,0.0005990836964034036,0,True,False,0.04874076161388634,0.027979759252716223
inner_calibration,29752,C,2017-04-14,0.0008763314940493945,0.0007736683636342147,0,True,False,0.04874076161388634,0.027979759252716223
inner_calibration,29764,C,2017-04-14,0.000579452719531311,0.000535614963078676,0,True,False,0.04874076161388634,0.027979759252716223
inner_calibration,29776,C,2017-04-14,0.0005663084896887203,0.0005248008303480602,0,True,False,0.04874076161388634,0.027979759252716223
inner_calibration,29788,C,2017-04-14,0.0005248450930501741,0.0004905014237844103,0,True,False,0.04874076161388634,0.027979759252716223
inner_calibration,29800,C,2017-04-14,0.003046946693161793,0.002343042933476664,0,True,False,0.04874076161388634,0.027979759252716223
inner_calibration,29812,C,2017-04-14,0.0004989863511608527,0.00046895915910540975,0,True,False,0.04874076161388634,0.027979759252716223
inner_calibration,29824,C,2017-04-14,0.000764276611286686,0.0006850679364021207,0,True,False,0.04874076161388634,0.027979759252716223
inner_calibration,29836,C,2017-04-14,0.31877592000658506,0.17054493709490587,0,True,False,0.04874076161388634,0.027979759252716223
inner_calibration,29848,C,2017-04-14,0.7595090981217014,0.5288393280290832,0,True,False,0.04874076161388634,0.027979759252716223
inner_calibration,29860,C,2017-04-14,0.2996867425676691,0.15959746991546966,0,True,False,0.04874076161388634,0.027979759252716223
inner_calibration,29872,C,2017-04-14,0.0009141767004203173,0.0008033009600114661,0,True,False,0.04874076161388634,0.027979759252716223
inner_calibration,29884,C,2017-04-14,0.0008453293834441472,0.0007492882271716605,0,True,False,0.04874076161388634,0.027979759252716223
inner_calibration,29896,C,2017-04-14,0.0005144769964131571,0.0004818785035298479,0,True,False,0.04874076161388634,0.027979759252716223
inner_calibration,29908,C,2017-04-14,0.0005163071141664951,0.00048340196370246137,0,True,False,0.04874076161388634,0.027979759252716223
inner_calibration,29920,C,2017-04-14,0.0005221025237441296,0.0004882223427610416,0,True,False,0.04874076161388634,0.027979759252716223
inner_calibration,29932,C,2017-04-14,0.000671047873194581,0.0006102531199041019,0,True,False,0.04874076161388634,0.027979759252716223
inner_calibration,29944,C,2017-04-15,0.000532580815347857,0.000496922730949551,0,True,False,0.04874076161388634,0.027979759252716223
inner_calibration,29956,C,2017-04-15,0.0004845314492633762,0.0004568634388448608,0,True,False,0.04874076161388634,0.027979759252716223
inner_calibration,29968,C,2017-04-15,0.0004715262001436051,0.0004459465204640822,0,True,False,0.04874076161388634,0.027979759252716223
inner_calibration,29980,C,2017-04-15,0.0005035279754574383,0.00047275146938447615,0,True,False,0.04874076161388634,0.027979759252716223
inner_calibration,29992,C,2017-04-15,0.0005450555444897809,0.0005072560994796337,0,True,False,0.04874076161388634,0.027979759252716223
inner_calibration,30004,C,2017-04-15,0.00048446389116064265,0.00045680681371614777,0,True,False,0.04874076161388634,0.027979759252716223
inner_calibration,30016,C,2017-04-15,0.0007721899577788757,0.0006913699772629601,0,True,False,0.04874076161388634,0.027979759252716223
inner_calibration,30028,C,2017-04-15,0.0005033475210897421,0.0004726008604854857,0,True,False,0.04874076161388634,0.027979759252716223
inner_calibration,30040,C,2017-04-15,0.0004715262001436051,0.0004459465204640822,0,True,False,0.04874076161388634,0.027979759252716223
inner_calibration,30052,C,2017-04-15,0.0005975506458830493,0.0005504602947433558,0,True,False,0.04874076161388634,0.027979759252716223
inner_calibration,30064,C,2017-04-15,0.0005550570776397105,0.0005155218451340657,0,True,False,0.04874076161388634,0.027979759252716223
inner_calibration,30076,C,2017-04-15,0.0005370231037919583,0.0005006055221620964,0,True,False,0.04874076161388634,0.027979759252716223
inner_calibration,30088,C,2017-04-15,0.0005954737981004607,0.0005487592639053631,0,True,False,0.04874076161388634,0.027979759252716223
inner_calibration,30100,C,2017-04-15,0.0005815681445057182,0.0005373528257739268,0,True,False,0.04874076161388634,0.027979759252716223
inner_calibration,30112,C,2017-04-15,0.0004715262001436051,0.0004459465204640822,0,True,False,0.04874076161388634,0.027979759252716223
inner_calibration,30124,C,2017-04-15,0.0005728267117220958,0.000530166998971677,0,True,False,0.04874076161388634,0.027979759252716223
inner_calibration,30136,C,2017-04-15,0.0004715262001436051,0.0004459465204640822,0,True,False,0.04874076161388634,0.027979759252716223
inner_calibration,30148,C,2017-04-15,0.00048485859681974224,0.00045713763149378016,0,True,False,0.04874076161388634,0.027979759252716223
inner_calibration,30160,C,2017-04-15,0.0006578981464632118,0.0005996110334395749,0,True,False,0.04874076161388634,0.027979759252716223
inner_calibration,30172,C,2017-04-15,0.0007502756098457126,0.0006739000135543361,0,True,False,0.04874076161388634,0.027979759252716223
inner_calibration,30184,C,2017-04-15,0.0006440592180557027,0.0005883856532031067,0,True,False,0.04874076161388634,0.027979759252716223
inner_calibration,30196,C,2017-04-15,0.0006292603207864788,0.0005763519394183387,0,True,False,0.04874076161388634,0.027979759252716223
inner_calibration,30208,C,2017-04-15,0.0005459237129626175,0.0005079742583529687,0,True,False,0.04874076161388634,0.027979759252716223
inner_calibration,30220,C,2017-04-15,0.0004970813091604358,0.00046736728749795643,0,True,False,0.04874076161388634,0.027979759252716223
inner_calibration,30232,C,2017-04-16,0.0005008035644753595,0.0004704770116732949,0,True,False,0.04874076161388634,0.027979759252716223
inner_calibration,30244,C,2017-04-16,0.0005519132074936105,0.0005129253955129617,0,True,False,0.04874076161388634,0.027979759252716223
inner_calibration,30256,C,2017-04-16,0.0005806091211392533,0.0005365650565219979,0,True,False,0.04874076161388634,0.027979759252716223
inner_calibration,30268,C,2017-04-16,0.0004845314492633762,0.0004568634388448608,0,True,False,0.04874076161388634,0.027979759252716223
inner_calibration,30280,C,2017-04-16,0.0008245570624178897,0.0007328975031266259,0,True,False,0.04874076161388634,0.027979759252716223
inner_calibration,30292,C,2017-04-16,0.0005949521478221773,0.0005483319057410052,0,True,False,0.04874076161388634,0.027979759252716223
inner_calibration,30304,C,2017-04-16,0.0006030551134803453,0.0005549655330071235,0,True,False,0.04874076161388634,0.027979759252716223
inner_calibration,30316,C,2017-04-16,0.0005965655735369028,0.0005496535585345473,0,True,False,0.04874076161388634,0.027979759252716223
inner_calibration,30328,C,2017-04-16,0.0005053336806944655,0.00047425819832623475,0,True,False,0.04874076161388634,0.027979759252716223
inner_calibration,30340,C,2017-04-16,0.0006922763086460497,0.0006273847643404662,0,True,False,0.04874076161388634,0.027979759252716223
inner_calibration,30352,C,2017-04-16,0.0006970286832949236,0.0006312119573855114,0,True,False,0.04874076161388634,0.027979759252716223
inner_calibration,30364,C,2017-04-16,0.0005973116529501457,0.0005502645823270763,0,True,False,0.04874076161388634,0.027979759252716223
inner_calibration,30376,C,2017-04-16,0.0005246899368417367,0.0004903725239739394,0,True,False,0.04874076161388634,0.027979759252716223
inner_calibration,30388,C,2017-04-16,0.0024436613799203285,0.0019255322962650145,0,True,False,0.04874076161388634,0.027979759252716223
inner_calibration,30400,C,2017-04-16,0.003813261516157555,0.002860609714612399,0,True,False,0.04874076161388634,0.027979759252716223
inner_calibration,30412,C,2017-04-16,0.0005213853668843677,0.0004876261649657811,0,True,False,0.04874076161388634,0.027979759252716223
inner_calibration,30424,C,2017-04-16,0.0005213853668843677,0.0004876261649657811,0,True,False,0.04874076161388634,0.027979759252716223
inner_calibration,30436,C,2017-04-16,0.0005516998157895129,0.0005127491008570925,0,True,False,0.04874076161388634,0.027979759252716223
inner_calibration,30448,C,2017-04-16,0.0005802505081342247,0.0005362704444540953,0,True,False,0.04874076161388634,0.027979759252716223
inner_calibration,30460,C,2017-04-16,0.0007597947658237494,0.0006814954729883173,0,True,False,0.04874076161388634,0.027979759252716223
inner_calibration,30472,C,2017-04-16,0.0004715262001436051,0.0004459465204640822,0,True,False,0.04874076161388634,0.027979759252716223
inner_calibration,30484,C,2017-04-16,0.0005200833588381581,0.0004865435633393696,0,True,False,0.04874076161388634,0.027979759252716223
inner_calibration,30496,C,2017-04-16,0.0005994987519873509,0.0005520552842531379,0,True,False,0.04874076161388634,0.027979759252716223
inner_calibration,30508,C,2017-04-16,0.0006059078462063777,0.0005572986104062545,0,True,False,0.04874076161388634,0.027979759252716223
inner_calibration,30520,C,2017-04-17,0.000602289412077651,0.0005543391039535699,0,True,False,0.04874076161388634,0.027979759252716223
inner_calibration,30532,C,2017-04-17,0.0005026259468872092,0.00047199856800543495,0,True,False,0.04874076161388634,0.027979759252716223
inner_calibration,30544,C,2017-04-17,0.0005139043558531214,0.0004814016921203935,0,True,False,0.04874076161388634,0.027979759252716223
inner_calibration,30556,C,2017-04-17,0.0005787476570972115,0.0005350355842891415,0,True,False,0.04874076161388634,0.027979759252716223
inner_calibration,30568,C,2017-04-17,0.0006113595480603169,0.0005617538436079992,0,True,False,0.04874076161388634,0.027979759252716223
inner_calibration,30580,C,2017-04-17,0.0006311725222085895,0.0005779085961476034,0,True,False,0.04874076161388634,0.027979759252716223
inner_calibration,30592,C,2017-04-17,0.0005905276184539502,0.0005447054665723922,0,True,False,0.04874076161388634,0.027979759252716223
inner_calibration,30604,C,2017-04-17,0.0030929934304535544,0.002374514273912288,0,True,False,0.04874076161388634,0.027979759252716223
inner_calibration,30616,C,2017-04-17,0.0018924359383828268,0.0015339901541833083,0,True,False,0.04874076161388634,0.027979759252716223
inner_calibration,30628,C,2017-04-17,0.0007246577548262324,0.0006534056478016061,0,True,False,0.04874076161388634,0.027979759252716223
inner_calibration,30640,C,2017-04-17,0.0005351454592601097,0.0004990493122857835,0,True,False,0.04874076161388634,0.027979759252716223
inner_calibration,30652,C,2017-04-17,0.0005351454592601097,0.0004990493122857835,0,True,False,0.04874076161388634,0.027979759252716223
inner_calibration,30664,C,2017-04-17,0.0004902508566296075,0.0004616541066800191,0,True,False,0.04874076161388634,0.027979759252716223
inner_calibration,30676,C,2017-04-17,0.0005888197399312939,0.0005433048472906577,0,True,False,0.04874076161388634,0.027979759252716223
inner_calibration,30688,C,2017-04-17,0.0004715262001436051,0.0004459465204640822,0,True,False,0.04874076161388634,0.027979759252716223
inner_calibration,30700,C,2017-04-17,0.0038543445634463265,0.0028880152149296096,0,True,False,0.04874076161388634,0.027979759252716223
inner_calibration,30712,C,2017-04-17,0.6530515298819165,0.41470990397781043,1,True,False,0.04874076161388634,0.027979759252716223
inner_calibration,30724,C,2017-04-17,0.994164059727554,0.9749204061189063,1,True,True,0.04874076161388634,0.027979759252716223
inner_calibration,30736,C,2017-04-17,0.7931356565380628,0.5714768625924738,1,True,True,0.04874076161388634,0.027979759252716223
inner_calibration,30748,C,2017-04-17,0.0006550071439702643,0.0005972681930834399,0,True,False,0.04874076161388634,0.027979759252716223
inner_calibration,30760,C,2017-04-17,0.000617541491653856,0.0005668005160970133,0,True,False,0.04874076161388634,0.027979759252716223
inner_calibration,30772,C,2017-04-17,0.0007470197395366635,0.0006712996653179576,0,True,False,0.04874076161388634,0.027979759252716223
inner_calibration,30784,C,2017-04-17,0.000572226728663439,0.0005296733432872952,0,True,False,0.04874076161388634,0.027979759252716223
inner_calibration,30796,C,2017-04-17,0.0005571194033986061,0.0005172241854989512,0,True,False,0.04874076161388634,0.027979759252716223
inner_calibration,30808,C,2017-04-18,0.0005153163560552489,0.00048257729321224586,0,True,False,0.04874076161388634,0.027979759252716223
inner_calibration,30820,C,2017-04-18,0.0005290103545625173,0.000493960240343936,0,True,False,0.04874076161388634,0.027979759252716223
inner_calibration,30832,C,2017-04-18,0.0005325656614116647,0.0004969101620596876,0,True,False,0.04874076161388634,0.027979759252716223
inner_calibration,30844,C,2017-04-18,0.0006414161896748929,0.0005862387462260391,0,True,False,0.04874076161388634,0.027979759252716223
inner_calibration,30856,C,2017-04-18,0.0005053550259752742,0.0004742760058240845,0,True,False,0.04874076161388634,0.027979759252716223
inner_calibration,30868,C,2017-04-18,0.0007907716982369586,0.0007061401375486218,0,True,False,0.04874076161388634,0.027979759252716223
inner_calibration,30880,C,2017-04-18,0.000613595009371726,0.0005635794284772625,0,True,False,0.04874076161388634,0.027979759252716223
inner_calibration,30892,C,2017-04-18,0.9172786647079184,0.7741494392539496,1,True,False,0.04874076161388634,0.027979759252716223
inner_calibration,30904,C,2017-04-18,0.9700435783622315,0.8988481241845793,1,True,True,0.04874076161388634,0.027979759252716223
inner_calibration,30916,C,2017-04-18,0.29578579906813446,0.1573856338190548,0,True,True,0.04874076161388634,0.027979759252716223
inner_calibration,30928,C,2017-04-18,0.004063437558521673,0.0030270110622512363,0,True,False,0.04874076161388634,0.027979759252716223
inner_calibration,30940,C,2017-04-18,0.000492897739960364,0.00046386907550114884,0,True,False,0.04874076161388634,0.027979759252716223
inner_calibration,30952,C,2017-04-18,0.0004928738196092329,0.00046384906435939136,0,True,False,0.04874076161388634,0.027979759252716223
inner_calibration,30964,C,2017-04-18,0.0005067911689805711,0.00047547392984032075,0,True,False,0.04874076161388634,0.027979759252716223
inner_calibration,30976,C,2017-04-18,0.0005329502028772663,0.0004972290939397225,0,True,False,0.04874076161388634,0.027979759252716223
inner_calibration,30988,C,2017-04-18,0.0047958759979214215,0.0035080540984963418,0,True,False,0.04874076161388634,0.027979759252716223
inner_calibration,31000,C,2017-04-18,0.39907807007205726,0.21915944907274335,0,True,False,0.04874076161388634,0.027979759252716223
inner_calibration,31012,C,2017-04-18,0.9782528070762483,0.9224892760912091,1,True,True,0.04874076161388634,0.027979759252716223
inner_calibration,31024,C,2017-04-18,0.07101200176897997,0.03945596096234157,0,True,False,0.04874076161388634,0.027979759252716223
inner_calibration,31036,C,2017-04-18,0.000711888553722448,0.0006431603759044685,0,True,False,0.04874076161388634,0.027979759252716223
inner_calibration,31048,C,2017-04-18,0.0006920626144294657,0.0006272126033135829,0,True,False,0.04874076161388634,0.027979759252716223
inner_calibration,31060,C,2017-04-18,0.0005428518604799908,0.0005054326162797684,0,True,False,0.04874076161388634,0.027979759252716223
inner_calibration,31072,C,2017-04-18,0.0008088906865727994,0.0007205054521593976,0,True,False,0.04874076161388634,0.027979759252716223
inner_calibration,31084,C,2017-04-18,0.0005739939642508641,0.0005311272298485556,0,True,False,0.04874076161388634,0.027979759252716223
inner_calibration,31096,C,2017-04-19,0.0006383734852403608,0.0005837659704076571,0,True,False,0.04874076161388634,0.027979759252716223
inner_calibration,31108,C,2017-04-19,0.0005082654428789216,0.00047670326797954896,0,True,False,0.04874076161388634,0.027979759252716223
inner_calibration,31120,C,2017-04-19,0.0005532510763340606,0.000514030510509694,0,True,False,0.04874076161388634,0.027979759252716223
inner_calibration,31132,C,2017-04-19,0.0005371092049050552,0.0005006768690992086,0,True,False,0.04874076161388634,0.027979759252716223
inner_calibration,31144,C,2017-04-19,0.0004873617704719805,0.0004592349414661426,0,True,False,0.04874076161388634,0.027979759252716223
inner_calibration,31156,C,2017-04-19,0.0006262053289515791,0.0005738638868744474,0,True,False,0.04874076161388634,0.027979759252716223
inner_calibration,31168,C,2017-04-19,0.0005379527363488805,0.0005013757869848522,0,True,False,0.04874076161388634,0.027979759252716223
inner_calibration,31180,C,2017-04-19,0.039544839828608576,0.023150905862058823,1,True,False,0.04874076161388634,0.027979759252716223
inner_calibration,31192,C,2017-04-19,0.9039877204773575,0.7477169697362928,1,True,True,0.04874076161388634,0.027979759252716223
inner_calibration,31204,C,2017-04-19,0.06230873166853742,0.03499849313188138,1,True,True,0.04874076161388634,0.027979759252716223
inner_calibration,31216,C,2017-04-19,0.002019162756613975,0.001625004636453109,0,True,False,0.04874076161388634,0.027979759252716223
inner_calibration,31228,C,2017-04-19,0.0005642456157913586,0.000523101131490266,0,True,False,0.04874076161388634,0.027979759252716223
inner_calibration,31240,C,2017-04-19,0.0004715262001436051,0.0004459465204640822,0,True,False,0.04874076161388634,0.027979759252716223
inner_calibration,31252,C,2017-04-19,0.0005567578771550535,0.0005169258154084407,0,True,False,0.04874076161388634,0.027979759252716223
inner_calibration,31264,C,2017-04-19,0.0007199199399876314,0.0006496066527838976,0,True,False,0.04874076161388634,0.027979759252716223
inner_calibration,31276,C,2017-04-19,0.013818931025447422,0.009009924445516418,0,True,False,0.04874076161388634,0.027979759252716223
inner_calibration,31288,C,2017-04-19,0.3333049990093259,0.17902181230197245,0,True,False,0.04874076161388634,0.027979759252716223
inner_calibration,31300,C,2017-04-19,0.9698424731454182,0.898289258184641,1,True,True,0.04874076161388634,0.027979759252716223
inner_calibration,31312,C,2017-04-19,0.2606342464140937,0.13781355367332357,0,True,True,0.04874076161388634,0.027979759252716223
inner_calibration,31324,C,2017-04-19,0.0009519067213100246,0.0008327083237368296,0,True,False,0.04874076161388634,0.027979759252716223
inner_calibration,31336,C,2017-04-19,0.0006856190544704813,0.0006220186224914667,0,True,False,0.04874076161388634,0.027979759252716223
inner_calibration,31348,C,2017-04-19,0.0005711788082032064,0.0005288109946472827,0,True,False,0.04874076161388634,0.027979759252716223
