dataset,subject,episode_id,variant,scope,object,origin,count
ppg_dalia,S1,ppg_dalia-S1-e0,channel_fault,minimum_v1/ppg_dalia-S1-e0/channel_fault/M1,node,administrative,11
ppg_dalia,S1,ppg_dalia-S1-e0,channel_fault,minimum_v1/ppg_dalia-S1-e0/channel_fault/M1,node,model_proposal_persisted,3
ppg_dalia,S1,ppg_dalia-S1-e0,channel_fault,minimum_v1/ppg_dalia-S1-e0/channel_fault/M1,node,recording_or_availability_construction,178
ppg_dalia,S1,ppg_dalia-S1-e0,channel_fault,minimum_v1/ppg_dalia-S1-e0/channel_fault/M1,node,support_evaluation,24
ppg_dalia,S1,ppg_dalia-S1-e0,clean,minimum_v1/ppg_dalia-S1-e0/clean/M1,node,administrative,8
ppg_dalia,S1,ppg_dalia-S1-e0,clean,minimum_v1/ppg_dalia-S1-e0/clean/M1,node,model_proposal_persisted,3
ppg_dalia,S1,ppg_dalia-S1-e0,clean,minimum_v1/ppg_dalia-S1-e0/clean/M1,node,recording_or_availability_construction,170
ppg_dalia,S1,ppg_dalia-S1-e0,clean,minimum_v1/ppg_dalia-S1-e0/clean/M1,node,support_evaluation,6
ppg_dalia,S1,ppg_dalia-S1-e0,correction,minimum_v1/ppg_dalia-S1-e0/correction/M1,node,administrative,11
ppg_dalia,S1,ppg_dalia-S1-e0,correction,minimum_v1/ppg_dalia-S1-e0/correction/M1,node,model_proposal_persisted,3
ppg_dalia,S1,ppg_dalia-S1-e0,correction,minimum_v1/ppg_dalia-S1-e0/correction/M1,node,recording_or_availability_construction,170
ppg_dalia,S1,ppg_dalia-S1-e0,correction,minimum_v1/ppg_dalia-S1-e0/correction/M1,node,support_evaluation,6
ppg_dalia,S1,ppg_dalia-S1-e0,delayed,minimum_v1/ppg_dalia-S1-e0/delayed/M1,node,administrative,8
ppg_dalia,S1,ppg_dalia-S1-e0,delayed,minimum_v1/ppg_dalia-S1-e0/delayed/M1,node,model_proposal_persisted,1
ppg_dalia,S1,ppg_dalia-S1-e0,delayed,minimum_v1/ppg_dalia-S1-e0/delayed/M1,node,recording_or_availability_construction,168
ppg_dalia,S1,ppg_dalia-S1-e0,delayed,minimum_v1/ppg_dalia-S1-e0/delayed/M1,node,support_evaluation,0
ppg_dalia,S1,ppg_dalia-S1-e1,channel_fault,minimum_v1/ppg_dalia-S1-e1/channel_fault/M1,node,administrative,11
ppg_dalia,S1,ppg_dalia-S1-e1,channel_fault,minimum_v1/ppg_dalia-S1-e1/channel_fault/M1,node,model_proposal_persisted,3
ppg_dalia,S1,ppg_dalia-S1-e1,channel_fault,minimum_v1/ppg_dalia-S1-e1/channel_fault/M1,node,recording_or_availability_construction,178
ppg_dalia,S1,ppg_dalia-S1-e1,channel_fault,minimum_v1/ppg_dalia-S1-e1/channel_fault/M1,node,support_evaluation,24
ppg_dalia,S1,ppg_dalia-S1-e1,clean,minimum_v1/ppg_dalia-S1-e1/clean/M1,node,administrative,8
ppg_dalia,S1,ppg_dalia-S1-e1,clean,minimum_v1/ppg_dalia-S1-e1/clean/M1,node,model_proposal_persisted,3
ppg_dalia,S1,ppg_dalia-S1-e1,clean,minimum_v1/ppg_dalia-S1-e1/clean/M1,node,recording_or_availability_construction,170
ppg_dalia,S1,ppg_dalia-S1-e1,clean,minimum_v1/ppg_dalia-S1-e1/clean/M1,node,support_evaluation,6
ppg_dalia,S1,ppg_dalia-S1-e1,correction,minimum_v1/ppg_dalia-S1-e1/correction/M1,node,administrative,11
ppg_dalia,S1,ppg_dalia-S1-e1,correction,minimum_v1/ppg_dalia-S1-e1/correction/M1,node,model_proposal_persisted,3
ppg_dalia,S1,ppg_dalia-S1-e1,correction,minimum_v1/ppg_dalia-S1-e1/correction/M1,node,recording_or_availability_construction,170
ppg_dalia,S1,ppg_dalia-S1-e1,correction,minimum_v1/ppg_dalia-S1-e1/correction/M1,node,support_evaluation,6
ppg_dalia,S1,ppg_dalia-S1-e1,delayed,minimum_v1/ppg_dalia-S1-e1/delayed/M1,node,administrative,8
ppg_dalia,S1,ppg_dalia-S1-e1,delayed,minimum_v1/ppg_dalia-S1-e1/delayed/M1,node,model_proposal_persisted,1
ppg_dalia,S1,ppg_dalia-S1-e1,delayed,minimum_v1/ppg_dalia-S1-e1/delayed/M1,node,recording_or_availability_construction,168
ppg_dalia,S1,ppg_dalia-S1-e1,delayed,minimum_v1/ppg_dalia-S1-e1/delayed/M1,node,support_evaluation,0
ppg_dalia,S10,ppg_dalia-S10-e0,channel_fault,minimum_v1/ppg_dalia-S10-e0/channel_fault/M1,node,administrative,11
ppg_dalia,S10,ppg_dalia-S10-e0,channel_fault,minimum_v1/ppg_dalia-S10-e0/channel_fault/M1,node,model_proposal_persisted,3
ppg_dalia,S10,ppg_dalia-S10-e0,channel_fault,minimum_v1/ppg_dalia-S10-e0/channel_fault/M1,node,recording_or_availability_construction,178
ppg_dalia,S10,ppg_dalia-S10-e0,channel_fault,minimum_v1/ppg_dalia-S10-e0/channel_fault/M1,node,support_evaluation,24
ppg_dalia,S10,ppg_dalia-S10-e0,clean,minimum_v1/ppg_dalia-S10-e0/clean/M1,node,administrative,8
ppg_dalia,S10,ppg_dalia-S10-e0,clean,minimum_v1/ppg_dalia-S10-e0/clean/M1,node,model_proposal_persisted,3
ppg_dalia,S10,ppg_dalia-S10-e0,clean,minimum_v1/ppg_dalia-S10-e0/clean/M1,node,recording_or_availability_construction,170
ppg_dalia,S10,ppg_dalia-S10-e0,clean,minimum_v1/ppg_dalia-S10-e0/clean/M1,node,support_evaluation,6
ppg_dalia,S10,ppg_dalia-S10-e0,correction,minimum_v1/ppg_dalia-S10-e0/correction/M1,node,administrative,11
ppg_dalia,S10,ppg_dalia-S10-e0,correction,minimum_v1/ppg_dalia-S10-e0/correction/M1,node,model_proposal_persisted,3
ppg_dalia,S10,ppg_dalia-S10-e0,correction,minimum_v1/ppg_dalia-S10-e0/correction/M1,node,recording_or_availability_construction,170
ppg_dalia,S10,ppg_dalia-S10-e0,correction,minimum_v1/ppg_dalia-S10-e0/correction/M1,node,support_evaluation,6
ppg_dalia,S10,ppg_dalia-S10-e0,delayed,minimum_v1/ppg_dalia-S10-e0/delayed/M1,node,administrative,8
ppg_dalia,S10,ppg_dalia-S10-e0,delayed,minimum_v1/ppg_dalia-S10-e0/delayed/M1,node,model_proposal_persisted,1
ppg_dalia,S10,ppg_dalia-S10-e0,delayed,minimum_v1/ppg_dalia-S10-e0/delayed/M1,node,recording_or_availability_construction,168
ppg_dalia,S10,ppg_dalia-S10-e0,delayed,minimum_v1/ppg_dalia-S10-e0/delayed/M1,node,support_evaluation,0
ppg_dalia,S10,ppg_dalia-S10-e1,channel_fault,minimum_v1/ppg_dalia-S10-e1/channel_fault/M1,node,administrative,8
ppg_dalia,S10,ppg_dalia-S10-e1,channel_fault,minimum_v1/ppg_dalia-S10-e1/channel_fault/M1,node,model_proposal_persisted,3
ppg_dalia,S10,ppg_dalia-S10-e1,channel_fault,minimum_v1/ppg_dalia-S10-e1/channel_fault/M1,node,recording_or_availability_construction,178
ppg_dalia,S10,ppg_dalia-S10-e1,channel_fault,minimum_v1/ppg_dalia-S10-e1/channel_fault/M1,node,support_evaluation,24
ppg_dalia,S10,ppg_dalia-S10-e1,clean,minimum_v1/ppg_dalia-S10-e1/clean/M1,node,administrative,8
ppg_dalia,S10,ppg_dalia-S10-e1,clean,minimum_v1/ppg_dalia-S10-e1/clean/M1,node,model_proposal_persisted,3
ppg_dalia,S10,ppg_dalia-S10-e1,clean,minimum_v1/ppg_dalia-S10-e1/clean/M1,node,recording_or_availability_construction,170
ppg_dalia,S10,ppg_dalia-S10-e1,clean,minimum_v1/ppg_dalia-S10-e1/clean/M1,node,support_evaluation,6
ppg_dalia,S10,ppg_dalia-S10-e1,correction,minimum_v1/ppg_dalia-S10-e1/correction/M1,node,administrative,11
ppg_dalia,S10,ppg_dalia-S10-e1,correction,minimum_v1/ppg_dalia-S10-e1/correction/M1,node,model_proposal_persisted,3
ppg_dalia,S10,ppg_dalia-S10-e1,correction,minimum_v1/ppg_dalia-S10-e1/correction/M1,node,recording_or_availability_construction,170
ppg_dalia,S10,ppg_dalia-S10-e1,correction,minimum_v1/ppg_dalia-S10-e1/correction/M1,node,support_evaluation,6
ppg_dalia,S10,ppg_dalia-S10-e1,delayed,minimum_v1/ppg_dalia-S10-e1/delayed/M1,node,administrative,8
ppg_dalia,S10,ppg_dalia-S10-e1,delayed,minimum_v1/ppg_dalia-S10-e1/delayed/M1,node,model_proposal_persisted,1
ppg_dalia,S10,ppg_dalia-S10-e1,delayed,minimum_v1/ppg_dalia-S10-e1/delayed/M1,node,recording_or_availability_construction,168
ppg_dalia,S10,ppg_dalia-S10-e1,delayed,minimum_v1/ppg_dalia-S10-e1/delayed/M1,node,support_evaluation,0
ppg_dalia,S11,ppg_dalia-S11-e0,channel_fault,minimum_v1/ppg_dalia-S11-e0/channel_fault/M1,node,administrative,11
ppg_dalia,S11,ppg_dalia-S11-e0,channel_fault,minimum_v1/ppg_dalia-S11-e0/channel_fault/M1,node,model_proposal_persisted,3
ppg_dalia,S11,ppg_dalia-S11-e0,channel_fault,minimum_v1/ppg_dalia-S11-e0/channel_fault/M1,node,recording_or_availability_construction,178
ppg_dalia,S11,ppg_dalia-S11-e0,channel_fault,minimum_v1/ppg_dalia-S11-e0/channel_fault/M1,node,support_evaluation,24
ppg_dalia,S11,ppg_dalia-S11-e0,clean,minimum_v1/ppg_dalia-S11-e0/clean/M1,node,administrative,8
ppg_dalia,S11,ppg_dalia-S11-e0,clean,minimum_v1/ppg_dalia-S11-e0/clean/M1,node,model_proposal_persisted,3
ppg_dalia,S11,ppg_dalia-S11-e0,clean,minimum_v1/ppg_dalia-S11-e0/clean/M1,node,recording_or_availability_construction,170
ppg_dalia,S11,ppg_dalia-S11-e0,clean,minimum_v1/ppg_dalia-S11-e0/clean/M1,node,support_evaluation,6
ppg_dalia,S11,ppg_dalia-S11-e0,correction,minimum_v1/ppg_dalia-S11-e0/correction/M1,node,administrative,11
ppg_dalia,S11,ppg_dalia-S11-e0,correction,minimum_v1/ppg_dalia-S11-e0/correction/M1,node,model_proposal_persisted,3
ppg_dalia,S11,ppg_dalia-S11-e0,correction,minimum_v1/ppg_dalia-S11-e0/correction/M1,node,recording_or_availability_construction,170
ppg_dalia,S11,ppg_dalia-S11-e0,correction,minimum_v1/ppg_dalia-S11-e0/correction/M1,node,support_evaluation,6
ppg_dalia,S11,ppg_dalia-S11-e0,delayed,minimum_v1/ppg_dalia-S11-e0/delayed/M1,node,administrative,8
ppg_dalia,S11,ppg_dalia-S11-e0,delayed,minimum_v1/ppg_dalia-S11-e0/delayed/M1,node,model_proposal_persisted,1
ppg_dalia,S11,ppg_dalia-S11-e0,delayed,minimum_v1/ppg_dalia-S11-e0/delayed/M1,node,recording_or_availability_construction,168
ppg_dalia,S11,ppg_dalia-S11-e0,delayed,minimum_v1/ppg_dalia-S11-e0/delayed/M1,node,support_evaluation,0
ppg_dalia,S11,ppg_dalia-S11-e1,channel_fault,minimum_v1/ppg_dalia-S11-e1/channel_fault/M1,node,administrative,11
ppg_dalia,S11,ppg_dalia-S11-e1,channel_fault,minimum_v1/ppg_dalia-S11-e1/channel_fault/M1,node,model_proposal_persisted,9
ppg_dalia,S11,ppg_dalia-S11-e1,channel_fault,minimum_v1/ppg_dalia-S11-e1/channel_fault/M1,node,recording_or_availability_construction,179
ppg_dalia,S11,ppg_dalia-S11-e1,channel_fault,minimum_v1/ppg_dalia-S11-e1/channel_fault/M1,node,support_evaluation,24
ppg_dalia,S11,ppg_dalia-S11-e1,clean,minimum_v1/ppg_dalia-S11-e1/clean/M1,node,administrative,8
ppg_dalia,S11,ppg_dalia-S11-e1,clean,minimum_v1/ppg_dalia-S11-e1/clean/M1,node,model_proposal_persisted,9
ppg_dalia,S11,ppg_dalia-S11-e1,clean,minimum_v1/ppg_dalia-S11-e1/clean/M1,node,recording_or_availability_construction,171
ppg_dalia,S11,ppg_dalia-S11-e1,clean,minimum_v1/ppg_dalia-S11-e1/clean/M1,node,support_evaluation,6
ppg_dalia,S11,ppg_dalia-S11-e1,correction,minimum_v1/ppg_dalia-S11-e1/correction/M1,node,administrative,11
ppg_dalia,S11,ppg_dalia-S11-e1,correction,minimum_v1/ppg_dalia-S11-e1/correction/M1,node,model_proposal_persisted,9
ppg_dalia,S11,ppg_dalia-S11-e1,correction,minimum_v1/ppg_dalia-S11-e1/correction/M1,node,recording_or_availability_construction,171
ppg_dalia,S11,ppg_dalia-S11-e1,correction,minimum_v1/ppg_dalia-S11-e1/correction/M1,node,support_evaluation,6
ppg_dalia,S11,ppg_dalia-S11-e1,delayed,minimum_v1/ppg_dalia-S11-e1/delayed/M1,node,administrative,8
ppg_dalia,S11,ppg_dalia-S11-e1,delayed,minimum_v1/ppg_dalia-S11-e1/delayed/M1,node,model_proposal_persisted,6
ppg_dalia,S11,ppg_dalia-S11-e1,delayed,minimum_v1/ppg_dalia-S11-e1/delayed/M1,node,recording_or_availability_construction,169
ppg_dalia,S11,ppg_dalia-S11-e1,delayed,minimum_v1/ppg_dalia-S11-e1/delayed/M1,node,support_evaluation,0
ppg_dalia,S12,ppg_dalia-S12-e0,channel_fault,minimum_v1/ppg_dalia-S12-e0/channel_fault/M1,node,administrative,11
ppg_dalia,S12,ppg_dalia-S12-e0,channel_fault,minimum_v1/ppg_dalia-S12-e0/channel_fault/M1,node,model_proposal_persisted,9
ppg_dalia,S12,ppg_dalia-S12-e0,channel_fault,minimum_v1/ppg_dalia-S12-e0/channel_fault/M1,node,recording_or_availability_construction,179
ppg_dalia,S12,ppg_dalia-S12-e0,channel_fault,minimum_v1/ppg_dalia-S12-e0/channel_fault/M1,node,support_evaluation,35
ppg_dalia,S12,ppg_dalia-S12-e0,clean,minimum_v1/ppg_dalia-S12-e0/clean/M1,node,administrative,8
ppg_dalia,S12,ppg_dalia-S12-e0,clean,minimum_v1/ppg_dalia-S12-e0/clean/M1,node,model_proposal_persisted,7
ppg_dalia,S12,ppg_dalia-S12-e0,clean,minimum_v1/ppg_dalia-S12-e0/clean/M1,node,recording_or_availability_construction,171
ppg_dalia,S12,ppg_dalia-S12-e0,clean,minimum_v1/ppg_dalia-S12-e0/clean/M1,node,support_evaluation,6
ppg_dalia,S12,ppg_dalia-S12-e0,correction,minimum_v1/ppg_dalia-S12-e0/correction/M1,node,administrative,11
ppg_dalia,S12,ppg_dalia-S12-e0,correction,minimum_v1/ppg_dalia-S12-e0/correction/M1,node,model_proposal_persisted,7
ppg_dalia,S12,ppg_dalia-S12-e0,correction,minimum_v1/ppg_dalia-S12-e0/correction/M1,node,recording_or_availability_construction,171
ppg_dalia,S12,ppg_dalia-S12-e0,correction,minimum_v1/ppg_dalia-S12-e0/correction/M1,node,support_evaluation,6
ppg_dalia,S12,ppg_dalia-S12-e0,delayed,minimum_v1/ppg_dalia-S12-e0/delayed/M1,node,administrative,8
ppg_dalia,S12,ppg_dalia-S12-e0,delayed,minimum_v1/ppg_dalia-S12-e0/delayed/M1,node,model_proposal_persisted,7
ppg_dalia,S12,ppg_dalia-S12-e0,delayed,minimum_v1/ppg_dalia-S12-e0/delayed/M1,node,recording_or_availability_construction,169
ppg_dalia,S12,ppg_dalia-S12-e0,delayed,minimum_v1/ppg_dalia-S12-e0/delayed/M1,node,support_evaluation,0
ppg_dalia,S12,ppg_dalia-S12-e1,channel_fault,minimum_v1/ppg_dalia-S12-e1/channel_fault/M1,node,administrative,11
ppg_dalia,S12,ppg_dalia-S12-e1,channel_fault,minimum_v1/ppg_dalia-S12-e1/channel_fault/M1,node,model_proposal_persisted,9
ppg_dalia,S12,ppg_dalia-S12-e1,channel_fault,minimum_v1/ppg_dalia-S12-e1/channel_fault/M1,node,recording_or_availability_construction,179
ppg_dalia,S12,ppg_dalia-S12-e1,channel_fault,minimum_v1/ppg_dalia-S12-e1/channel_fault/M1,node,support_evaluation,35
ppg_dalia,S12,ppg_dalia-S12-e1,clean,minimum_v1/ppg_dalia-S12-e1/clean/M1,node,administrative,8
ppg_dalia,S12,ppg_dalia-S12-e1,clean,minimum_v1/ppg_dalia-S12-e1/clean/M1,node,model_proposal_persisted,9
ppg_dalia,S12,ppg_dalia-S12-e1,clean,minimum_v1/ppg_dalia-S12-e1/clean/M1,node,recording_or_availability_construction,171
ppg_dalia,S12,ppg_dalia-S12-e1,clean,minimum_v1/ppg_dalia-S12-e1/clean/M1,node,support_evaluation,6
ppg_dalia,S12,ppg_dalia-S12-e1,correction,minimum_v1/ppg_dalia-S12-e1/correction/M1,node,administrative,11
ppg_dalia,S12,ppg_dalia-S12-e1,correction,minimum_v1/ppg_dalia-S12-e1/correction/M1,node,model_proposal_persisted,9
ppg_dalia,S12,ppg_dalia-S12-e1,correction,minimum_v1/ppg_dalia-S12-e1/correction/M1,node,recording_or_availability_construction,171
ppg_dalia,S12,ppg_dalia-S12-e1,correction,minimum_v1/ppg_dalia-S12-e1/correction/M1,node,support_evaluation,6
ppg_dalia,S12,ppg_dalia-S12-e1,delayed,minimum_v1/ppg_dalia-S12-e1/delayed/M1,node,administrative,8
ppg_dalia,S12,ppg_dalia-S12-e1,delayed,minimum_v1/ppg_dalia-S12-e1/delayed/M1,node,model_proposal_persisted,7
ppg_dalia,S12,ppg_dalia-S12-e1,delayed,minimum_v1/ppg_dalia-S12-e1/delayed/M1,node,recording_or_availability_construction,169
ppg_dalia,S12,ppg_dalia-S12-e1,delayed,minimum_v1/ppg_dalia-S12-e1/delayed/M1,node,support_evaluation,0
ppg_dalia,S13,ppg_dalia-S13-e0,channel_fault,minimum_v1/ppg_dalia-S13-e0/channel_fault/M1,node,administrative,11
ppg_dalia,S13,ppg_dalia-S13-e0,channel_fault,minimum_v1/ppg_dalia-S13-e0/channel_fault/M1,node,model_proposal_persisted,9
ppg_dalia,S13,ppg_dalia-S13-e0,channel_fault,minimum_v1/ppg_dalia-S13-e0/channel_fault/M1,node,recording_or_availability_construction,179
ppg_dalia,S13,ppg_dalia-S13-e0,channel_fault,minimum_v1/ppg_dalia-S13-e0/channel_fault/M1,node,support_evaluation,24
ppg_dalia,S13,ppg_dalia-S13-e0,clean,minimum_v1/ppg_dalia-S13-e0/clean/M1,node,administrative,8
ppg_dalia,S13,ppg_dalia-S13-e0,clean,minimum_v1/ppg_dalia-S13-e0/clean/M1,node,model_proposal_persisted,9
ppg_dalia,S13,ppg_dalia-S13-e0,clean,minimum_v1/ppg_dalia-S13-e0/clean/M1,node,recording_or_availability_construction,171
ppg_dalia,S13,ppg_dalia-S13-e0,clean,minimum_v1/ppg_dalia-S13-e0/clean/M1,node,support_evaluation,6
ppg_dalia,S13,ppg_dalia-S13-e0,correction,minimum_v1/ppg_dalia-S13-e0/correction/M1,node,administrative,11
ppg_dalia,S13,ppg_dalia-S13-e0,correction,minimum_v1/ppg_dalia-S13-e0/correction/M1,node,model_proposal_persisted,9
ppg_dalia,S13,ppg_dalia-S13-e0,correction,minimum_v1/ppg_dalia-S13-e0/correction/M1,node,recording_or_availability_construction,171
ppg_dalia,S13,ppg_dalia-S13-e0,correction,minimum_v1/ppg_dalia-S13-e0/correction/M1,node,support_evaluation,6
ppg_dalia,S13,ppg_dalia-S13-e0,delayed,minimum_v1/ppg_dalia-S13-e0/delayed/M1,node,administrative,8
ppg_dalia,S13,ppg_dalia-S13-e0,delayed,minimum_v1/ppg_dalia-S13-e0/delayed/M1,node,model_proposal_persisted,7
ppg_dalia,S13,ppg_dalia-S13-e0,delayed,minimum_v1/ppg_dalia-S13-e0/delayed/M1,node,recording_or_availability_construction,169
ppg_dalia,S13,ppg_dalia-S13-e0,delayed,minimum_v1/ppg_dalia-S13-e0/delayed/M1,node,support_evaluation,0
ppg_dalia,S13,ppg_dalia-S13-e1,channel_fault,minimum_v1/ppg_dalia-S13-e1/channel_fault/M1,node,administrative,11
ppg_dalia,S13,ppg_dalia-S13-e1,channel_fault,minimum_v1/ppg_dalia-S13-e1/channel_fault/M1,node,model_proposal_persisted,9
ppg_dalia,S13,ppg_dalia-S13-e1,channel_fault,minimum_v1/ppg_dalia-S13-e1/channel_fault/M1,node,recording_or_availability_construction,179
ppg_dalia,S13,ppg_dalia-S13-e1,channel_fault,minimum_v1/ppg_dalia-S13-e1/channel_fault/M1,node,support_evaluation,35
ppg_dalia,S13,ppg_dalia-S13-e1,clean,minimum_v1/ppg_dalia-S13-e1/clean/M1,node,administrative,8
ppg_dalia,S13,ppg_dalia-S13-e1,clean,minimum_v1/ppg_dalia-S13-e1/clean/M1,node,model_proposal_persisted,9
ppg_dalia,S13,ppg_dalia-S13-e1,clean,minimum_v1/ppg_dalia-S13-e1/clean/M1,node,recording_or_availability_construction,171
ppg_dalia,S13,ppg_dalia-S13-e1,clean,minimum_v1/ppg_dalia-S13-e1/clean/M1,node,support_evaluation,6
ppg_dalia,S13,ppg_dalia-S13-e1,correction,minimum_v1/ppg_dalia-S13-e1/correction/M1,node,administrative,11
ppg_dalia,S13,ppg_dalia-S13-e1,correction,minimum_v1/ppg_dalia-S13-e1/correction/M1,node,model_proposal_persisted,9
ppg_dalia,S13,ppg_dalia-S13-e1,correction,minimum_v1/ppg_dalia-S13-e1/correction/M1,node,recording_or_availability_construction,171
ppg_dalia,S13,ppg_dalia-S13-e1,correction,minimum_v1/ppg_dalia-S13-e1/correction/M1,node,support_evaluation,6
ppg_dalia,S13,ppg_dalia-S13-e1,delayed,minimum_v1/ppg_dalia-S13-e1/delayed/M1,node,administrative,8
ppg_dalia,S13,ppg_dalia-S13-e1,delayed,minimum_v1/ppg_dalia-S13-e1/delayed/M1,node,model_proposal_persisted,7
ppg_dalia,S13,ppg_dalia-S13-e1,delayed,minimum_v1/ppg_dalia-S13-e1/delayed/M1,node,recording_or_availability_construction,169
ppg_dalia,S13,ppg_dalia-S13-e1,delayed,minimum_v1/ppg_dalia-S13-e1/delayed/M1,node,support_evaluation,0
ppg_dalia,S14,ppg_dalia-S14-e0,channel_fault,minimum_v1/ppg_dalia-S14-e0/channel_fault/M1,node,administrative,11
ppg_dalia,S14,ppg_dalia-S14-e0,channel_fault,minimum_v1/ppg_dalia-S14-e0/channel_fault/M1,node,model_proposal_persisted,3
ppg_dalia,S14,ppg_dalia-S14-e0,channel_fault,minimum_v1/ppg_dalia-S14-e0/channel_fault/M1,node,recording_or_availability_construction,178
ppg_dalia,S14,ppg_dalia-S14-e0,channel_fault,minimum_v1/ppg_dalia-S14-e0/channel_fault/M1,node,support_evaluation,24
ppg_dalia,S14,ppg_dalia-S14-e0,clean,minimum_v1/ppg_dalia-S14-e0/clean/M1,node,administrative,8
ppg_dalia,S14,ppg_dalia-S14-e0,clean,minimum_v1/ppg_dalia-S14-e0/clean/M1,node,model_proposal_persisted,3
ppg_dalia,S14,ppg_dalia-S14-e0,clean,minimum_v1/ppg_dalia-S14-e0/clean/M1,node,recording_or_availability_construction,170
ppg_dalia,S14,ppg_dalia-S14-e0,clean,minimum_v1/ppg_dalia-S14-e0/clean/M1,node,support_evaluation,6
ppg_dalia,S14,ppg_dalia-S14-e0,correction,minimum_v1/ppg_dalia-S14-e0/correction/M1,node,administrative,11
ppg_dalia,S14,ppg_dalia-S14-e0,correction,minimum_v1/ppg_dalia-S14-e0/correction/M1,node,model_proposal_persisted,3
ppg_dalia,S14,ppg_dalia-S14-e0,correction,minimum_v1/ppg_dalia-S14-e0/correction/M1,node,recording_or_availability_construction,170
ppg_dalia,S14,ppg_dalia-S14-e0,correction,minimum_v1/ppg_dalia-S14-e0/correction/M1,node,support_evaluation,6
ppg_dalia,S14,ppg_dalia-S14-e0,delayed,minimum_v1/ppg_dalia-S14-e0/delayed/M1,node,administrative,8
ppg_dalia,S14,ppg_dalia-S14-e0,delayed,minimum_v1/ppg_dalia-S14-e0/delayed/M1,node,model_proposal_persisted,1
ppg_dalia,S14,ppg_dalia-S14-e0,delayed,minimum_v1/ppg_dalia-S14-e0/delayed/M1,node,recording_or_availability_construction,168
ppg_dalia,S14,ppg_dalia-S14-e0,delayed,minimum_v1/ppg_dalia-S14-e0/delayed/M1,node,support_evaluation,0
ppg_dalia,S14,ppg_dalia-S14-e1,channel_fault,minimum_v1/ppg_dalia-S14-e1/channel_fault/M1,node,administrative,11
ppg_dalia,S14,ppg_dalia-S14-e1,channel_fault,minimum_v1/ppg_dalia-S14-e1/channel_fault/M1,node,model_proposal_persisted,4
ppg_dalia,S14,ppg_dalia-S14-e1,channel_fault,minimum_v1/ppg_dalia-S14-e1/channel_fault/M1,node,recording_or_availability_construction,178
ppg_dalia,S14,ppg_dalia-S14-e1,channel_fault,minimum_v1/ppg_dalia-S14-e1/channel_fault/M1,node,support_evaluation,28
ppg_dalia,S14,ppg_dalia-S14-e1,clean,minimum_v1/ppg_dalia-S14-e1/clean/M1,node,administrative,8
ppg_dalia,S14,ppg_dalia-S14-e1,clean,minimum_v1/ppg_dalia-S14-e1/clean/M1,node,model_proposal_persisted,3
ppg_dalia,S14,ppg_dalia-S14-e1,clean,minimum_v1/ppg_dalia-S14-e1/clean/M1,node,recording_or_availability_construction,170
ppg_dalia,S14,ppg_dalia-S14-e1,clean,minimum_v1/ppg_dalia-S14-e1/clean/M1,node,support_evaluation,6
ppg_dalia,S14,ppg_dalia-S14-e1,correction,minimum_v1/ppg_dalia-S14-e1/correction/M1,node,administrative,11
ppg_dalia,S14,ppg_dalia-S14-e1,correction,minimum_v1/ppg_dalia-S14-e1/correction/M1,node,model_proposal_persisted,4
ppg_dalia,S14,ppg_dalia-S14-e1,correction,minimum_v1/ppg_dalia-S14-e1/correction/M1,node,recording_or_availability_construction,170
ppg_dalia,S14,ppg_dalia-S14-e1,correction,minimum_v1/ppg_dalia-S14-e1/correction/M1,node,support_evaluation,8
ppg_dalia,S14,ppg_dalia-S14-e1,delayed,minimum_v1/ppg_dalia-S14-e1/delayed/M1,node,administrative,8
ppg_dalia,S14,ppg_dalia-S14-e1,delayed,minimum_v1/ppg_dalia-S14-e1/delayed/M1,node,model_proposal_persisted,1
ppg_dalia,S14,ppg_dalia-S14-e1,delayed,minimum_v1/ppg_dalia-S14-e1/delayed/M1,node,recording_or_availability_construction,168
ppg_dalia,S14,ppg_dalia-S14-e1,delayed,minimum_v1/ppg_dalia-S14-e1/delayed/M1,node,support_evaluation,0
ppg_dalia,S5,ppg_dalia-S5-e0,channel_fault,minimum_v1/ppg_dalia-S5-e0/channel_fault/M1,node,administrative,11
ppg_dalia,S5,ppg_dalia-S5-e0,channel_fault,minimum_v1/ppg_dalia-S5-e0/channel_fault/M1,node,model_proposal_persisted,9
ppg_dalia,S5,ppg_dalia-S5-e0,channel_fault,minimum_v1/ppg_dalia-S5-e0/channel_fault/M1,node,recording_or_availability_construction,179
ppg_dalia,S5,ppg_dalia-S5-e0,channel_fault,minimum_v1/ppg_dalia-S5-e0/channel_fault/M1,node,support_evaluation,24
ppg_dalia,S5,ppg_dalia-S5-e0,clean,minimum_v1/ppg_dalia-S5-e0/clean/M1,node,administrative,8
ppg_dalia,S5,ppg_dalia-S5-e0,clean,minimum_v1/ppg_dalia-S5-e0/clean/M1,node,model_proposal_persisted,9
ppg_dalia,S5,ppg_dalia-S5-e0,clean,minimum_v1/ppg_dalia-S5-e0/clean/M1,node,recording_or_availability_construction,171
ppg_dalia,S5,ppg_dalia-S5-e0,clean,minimum_v1/ppg_dalia-S5-e0/clean/M1,node,support_evaluation,6
ppg_dalia,S5,ppg_dalia-S5-e0,correction,minimum_v1/ppg_dalia-S5-e0/correction/M1,node,administrative,11
ppg_dalia,S5,ppg_dalia-S5-e0,correction,minimum_v1/ppg_dalia-S5-e0/correction/M1,node,model_proposal_persisted,9
ppg_dalia,S5,ppg_dalia-S5-e0,correction,minimum_v1/ppg_dalia-S5-e0/correction/M1,node,recording_or_availability_construction,171
ppg_dalia,S5,ppg_dalia-S5-e0,correction,minimum_v1/ppg_dalia-S5-e0/correction/M1,node,support_evaluation,6
ppg_dalia,S5,ppg_dalia-S5-e0,delayed,minimum_v1/ppg_dalia-S5-e0/delayed/M1,node,administrative,8
ppg_dalia,S5,ppg_dalia-S5-e0,delayed,minimum_v1/ppg_dalia-S5-e0/delayed/M1,node,model_proposal_persisted,7
ppg_dalia,S5,ppg_dalia-S5-e0,delayed,minimum_v1/ppg_dalia-S5-e0/delayed/M1,node,recording_or_availability_construction,169
ppg_dalia,S5,ppg_dalia-S5-e0,delayed,minimum_v1/ppg_dalia-S5-e0/delayed/M1,node,support_evaluation,0
ppg_dalia,S5,ppg_dalia-S5-e1,channel_fault,minimum_v1/ppg_dalia-S5-e1/channel_fault/M1,node,administrative,8
ppg_dalia,S5,ppg_dalia-S5-e1,channel_fault,minimum_v1/ppg_dalia-S5-e1/channel_fault/M1,node,model_proposal_persisted,9
ppg_dalia,S5,ppg_dalia-S5-e1,channel_fault,minimum_v1/ppg_dalia-S5-e1/channel_fault/M1,node,recording_or_availability_construction,179
ppg_dalia,S5,ppg_dalia-S5-e1,channel_fault,minimum_v1/ppg_dalia-S5-e1/channel_fault/M1,node,support_evaluation,24
ppg_dalia,S5,ppg_dalia-S5-e1,clean,minimum_v1/ppg_dalia-S5-e1/clean/M1,node,administrative,8
ppg_dalia,S5,ppg_dalia-S5-e1,clean,minimum_v1/ppg_dalia-S5-e1/clean/M1,node,model_proposal_persisted,9
ppg_dalia,S5,ppg_dalia-S5-e1,clean,minimum_v1/ppg_dalia-S5-e1/clean/M1,node,recording_or_availability_construction,171
ppg_dalia,S5,ppg_dalia-S5-e1,clean,minimum_v1/ppg_dalia-S5-e1/clean/M1,node,support_evaluation,6
ppg_dalia,S5,ppg_dalia-S5-e1,correction,minimum_v1/ppg_dalia-S5-e1/correction/M1,node,administrative,11
ppg_dalia,S5,ppg_dalia-S5-e1,correction,minimum_v1/ppg_dalia-S5-e1/correction/M1,node,model_proposal_persisted,9
ppg_dalia,S5,ppg_dalia-S5-e1,correction,minimum_v1/ppg_dalia-S5-e1/correction/M1,node,recording_or_availability_construction,171
ppg_dalia,S5,ppg_dalia-S5-e1,correction,minimum_v1/ppg_dalia-S5-e1/correction/M1,node,support_evaluation,6
ppg_dalia,S5,ppg_dalia-S5-e1,delayed,minimum_v1/ppg_dalia-S5-e1/delayed/M1,node,administrative,8
ppg_dalia,S5,ppg_dalia-S5-e1,delayed,minimum_v1/ppg_dalia-S5-e1/delayed/M1,node,model_proposal_persisted,7
ppg_dalia,S5,ppg_dalia-S5-e1,delayed,minimum_v1/ppg_dalia-S5-e1/delayed/M1,node,recording_or_availability_construction,169
ppg_dalia,S5,ppg_dalia-S5-e1,delayed,minimum_v1/ppg_dalia-S5-e1/delayed/M1,node,support_evaluation,0
ppg_dalia,S6,ppg_dalia-S6-e0,channel_fault,minimum_v1/ppg_dalia-S6-e0/channel_fault/M1,node,administrative,11
ppg_dalia,S6,ppg_dalia-S6-e0,channel_fault,minimum_v1/ppg_dalia-S6-e0/channel_fault/M1,node,model_proposal_persisted,3
ppg_dalia,S6,ppg_dalia-S6-e0,channel_fault,minimum_v1/ppg_dalia-S6-e0/channel_fault/M1,node,recording_or_availability_construction,178
ppg_dalia,S6,ppg_dalia-S6-e0,channel_fault,minimum_v1/ppg_dalia-S6-e0/channel_fault/M1,node,support_evaluation,24
ppg_dalia,S6,ppg_dalia-S6-e0,clean,minimum_v1/ppg_dalia-S6-e0/clean/M1,node,administrative,8
ppg_dalia,S6,ppg_dalia-S6-e0,clean,minimum_v1/ppg_dalia-S6-e0/clean/M1,node,model_proposal_persisted,3
ppg_dalia,S6,ppg_dalia-S6-e0,clean,minimum_v1/ppg_dalia-S6-e0/clean/M1,node,recording_or_availability_construction,170
ppg_dalia,S6,ppg_dalia-S6-e0,clean,minimum_v1/ppg_dalia-S6-e0/clean/M1,node,support_evaluation,6
ppg_dalia,S6,ppg_dalia-S6-e0,correction,minimum_v1/ppg_dalia-S6-e0/correction/M1,node,administrative,11
ppg_dalia,S6,ppg_dalia-S6-e0,correction,minimum_v1/ppg_dalia-S6-e0/correction/M1,node,model_proposal_persisted,3
ppg_dalia,S6,ppg_dalia-S6-e0,correction,minimum_v1/ppg_dalia-S6-e0/correction/M1,node,recording_or_availability_construction,170
ppg_dalia,S6,ppg_dalia-S6-e0,correction,minimum_v1/ppg_dalia-S6-e0/correction/M1,node,support_evaluation,6
ppg_dalia,S6,ppg_dalia-S6-e0,delayed,minimum_v1/ppg_dalia-S6-e0/delayed/M1,node,administrative,8
ppg_dalia,S6,ppg_dalia-S6-e0,delayed,minimum_v1/ppg_dalia-S6-e0/delayed/M1,node,model_proposal_persisted,1
ppg_dalia,S6,ppg_dalia-S6-e0,delayed,minimum_v1/ppg_dalia-S6-e0/delayed/M1,node,recording_or_availability_construction,168
ppg_dalia,S6,ppg_dalia-S6-e0,delayed,minimum_v1/ppg_dalia-S6-e0/delayed/M1,node,support_evaluation,0
ppg_dalia,S6,ppg_dalia-S6-e1,channel_fault,minimum_v1/ppg_dalia-S6-e1/channel_fault/M1,node,administrative,11
ppg_dalia,S6,ppg_dalia-S6-e1,channel_fault,minimum_v1/ppg_dalia-S6-e1/channel_fault/M1,node,model_proposal_persisted,9
ppg_dalia,S6,ppg_dalia-S6-e1,channel_fault,minimum_v1/ppg_dalia-S6-e1/channel_fault/M1,node,recording_or_availability_construction,179
ppg_dalia,S6,ppg_dalia-S6-e1,channel_fault,minimum_v1/ppg_dalia-S6-e1/channel_fault/M1,node,support_evaluation,35
ppg_dalia,S6,ppg_dalia-S6-e1,clean,minimum_v1/ppg_dalia-S6-e1/clean/M1,node,administrative,8
ppg_dalia,S6,ppg_dalia-S6-e1,clean,minimum_v1/ppg_dalia-S6-e1/clean/M1,node,model_proposal_persisted,9
ppg_dalia,S6,ppg_dalia-S6-e1,clean,minimum_v1/ppg_dalia-S6-e1/clean/M1,node,recording_or_availability_construction,171
ppg_dalia,S6,ppg_dalia-S6-e1,clean,minimum_v1/ppg_dalia-S6-e1/clean/M1,node,support_evaluation,6
ppg_dalia,S6,ppg_dalia-S6-e1,correction,minimum_v1/ppg_dalia-S6-e1/correction/M1,node,administrative,11
ppg_dalia,S6,ppg_dalia-S6-e1,correction,minimum_v1/ppg_dalia-S6-e1/correction/M1,node,model_proposal_persisted,9
ppg_dalia,S6,ppg_dalia-S6-e1,correction,minimum_v1/ppg_dalia-S6-e1/correction/M1,node,recording_or_availability_construction,171
ppg_dalia,S6,ppg_dalia-S6-e1,correction,minimum_v1/ppg_dalia-S6-e1/correction/M1,node,support_evaluation,6
ppg_dalia,S6,ppg_dalia-S6-e1,delayed,minimum_v1/ppg_dalia-S6-e1/delayed/M1,node,administrative,8
ppg_dalia,S6,ppg_dalia-S6-e1,delayed,minimum_v1/ppg_dalia-S6-e1/delayed/M1,node,model_proposal_persisted,7
ppg_dalia,S6,ppg_dalia-S6-e1,delayed,minimum_v1/ppg_dalia-S6-e1/delayed/M1,node,recording_or_availability_construction,169
ppg_dalia,S6,ppg_dalia-S6-e1,delayed,minimum_v1/ppg_dalia-S6-e1/delayed/M1,node,support_evaluation,0
ppg_dalia,S7,ppg_dalia-S7-e0,channel_fault,minimum_v1/ppg_dalia-S7-e0/channel_fault/M1,node,administrative,11
ppg_dalia,S7,ppg_dalia-S7-e0,channel_fault,minimum_v1/ppg_dalia-S7-e0/channel_fault/M1,node,model_proposal_persisted,6
ppg_dalia,S7,ppg_dalia-S7-e0,channel_fault,minimum_v1/ppg_dalia-S7-e0/channel_fault/M1,node,recording_or_availability_construction,178
ppg_dalia,S7,ppg_dalia-S7-e0,channel_fault,minimum_v1/ppg_dalia-S7-e0/channel_fault/M1,node,support_evaluation,33
ppg_dalia,S7,ppg_dalia-S7-e0,clean,minimum_v1/ppg_dalia-S7-e0/clean/M1,node,administrative,8
ppg_dalia,S7,ppg_dalia-S7-e0,clean,minimum_v1/ppg_dalia-S7-e0/clean/M1,node,model_proposal_persisted,6
ppg_dalia,S7,ppg_dalia-S7-e0,clean,minimum_v1/ppg_dalia-S7-e0/clean/M1,node,recording_or_availability_construction,170
ppg_dalia,S7,ppg_dalia-S7-e0,clean,minimum_v1/ppg_dalia-S7-e0/clean/M1,node,support_evaluation,6
ppg_dalia,S7,ppg_dalia-S7-e0,correction,minimum_v1/ppg_dalia-S7-e0/correction/M1,node,administrative,11
ppg_dalia,S7,ppg_dalia-S7-e0,correction,minimum_v1/ppg_dalia-S7-e0/correction/M1,node,model_proposal_persisted,6
ppg_dalia,S7,ppg_dalia-S7-e0,correction,minimum_v1/ppg_dalia-S7-e0/correction/M1,node,recording_or_availability_construction,170
ppg_dalia,S7,ppg_dalia-S7-e0,correction,minimum_v1/ppg_dalia-S7-e0/correction/M1,node,support_evaluation,6
ppg_dalia,S7,ppg_dalia-S7-e0,delayed,minimum_v1/ppg_dalia-S7-e0/delayed/M1,node,administrative,8
ppg_dalia,S7,ppg_dalia-S7-e0,delayed,minimum_v1/ppg_dalia-S7-e0/delayed/M1,node,model_proposal_persisted,4
ppg_dalia,S7,ppg_dalia-S7-e0,delayed,minimum_v1/ppg_dalia-S7-e0/delayed/M1,node,recording_or_availability_construction,168
ppg_dalia,S7,ppg_dalia-S7-e0,delayed,minimum_v1/ppg_dalia-S7-e0/delayed/M1,node,support_evaluation,0
ppg_dalia,S7,ppg_dalia-S7-e1,channel_fault,minimum_v1/ppg_dalia-S7-e1/channel_fault/M1,node,administrative,11
ppg_dalia,S7,ppg_dalia-S7-e1,channel_fault,minimum_v1/ppg_dalia-S7-e1/channel_fault/M1,node,model_proposal_persisted,3
ppg_dalia,S7,ppg_dalia-S7-e1,channel_fault,minimum_v1/ppg_dalia-S7-e1/channel_fault/M1,node,recording_or_availability_construction,178
ppg_dalia,S7,ppg_dalia-S7-e1,channel_fault,minimum_v1/ppg_dalia-S7-e1/channel_fault/M1,node,support_evaluation,24
ppg_dalia,S7,ppg_dalia-S7-e1,clean,minimum_v1/ppg_dalia-S7-e1/clean/M1,node,administrative,8
ppg_dalia,S7,ppg_dalia-S7-e1,clean,minimum_v1/ppg_dalia-S7-e1/clean/M1,node,model_proposal_persisted,3
ppg_dalia,S7,ppg_dalia-S7-e1,clean,minimum_v1/ppg_dalia-S7-e1/clean/M1,node,recording_or_availability_construction,170
ppg_dalia,S7,ppg_dalia-S7-e1,clean,minimum_v1/ppg_dalia-S7-e1/clean/M1,node,support_evaluation,6
ppg_dalia,S7,ppg_dalia-S7-e1,correction,minimum_v1/ppg_dalia-S7-e1/correction/M1,node,administrative,11
ppg_dalia,S7,ppg_dalia-S7-e1,correction,minimum_v1/ppg_dalia-S7-e1/correction/M1,node,model_proposal_persisted,3
ppg_dalia,S7,ppg_dalia-S7-e1,correction,minimum_v1/ppg_dalia-S7-e1/correction/M1,node,recording_or_availability_construction,170
ppg_dalia,S7,ppg_dalia-S7-e1,correction,minimum_v1/ppg_dalia-S7-e1/correction/M1,node,support_evaluation,6
ppg_dalia,S7,ppg_dalia-S7-e1,delayed,minimum_v1/ppg_dalia-S7-e1/delayed/M1,node,administrative,8
ppg_dalia,S7,ppg_dalia-S7-e1,delayed,minimum_v1/ppg_dalia-S7-e1/delayed/M1,node,model_proposal_persisted,1
ppg_dalia,S7,ppg_dalia-S7-e1,delayed,minimum_v1/ppg_dalia-S7-e1/delayed/M1,node,recording_or_availability_construction,168
ppg_dalia,S7,ppg_dalia-S7-e1,delayed,minimum_v1/ppg_dalia-S7-e1/delayed/M1,node,support_evaluation,0
ppg_dalia,S9,ppg_dalia-S9-e0,channel_fault,minimum_v1/ppg_dalia-S9-e0/channel_fault/M1,node,administrative,11
ppg_dalia,S9,ppg_dalia-S9-e0,channel_fault,minimum_v1/ppg_dalia-S9-e0/channel_fault/M1,node,model_proposal_persisted,9
ppg_dalia,S9,ppg_dalia-S9-e0,channel_fault,minimum_v1/ppg_dalia-S9-e0/channel_fault/M1,node,recording_or_availability_construction,179
ppg_dalia,S9,ppg_dalia-S9-e0,channel_fault,minimum_v1/ppg_dalia-S9-e0/channel_fault/M1,node,support_evaluation,24
ppg_dalia,S9,ppg_dalia-S9-e0,clean,minimum_v1/ppg_dalia-S9-e0/clean/M1,node,administrative,8
ppg_dalia,S9,ppg_dalia-S9-e0,clean,minimum_v1/ppg_dalia-S9-e0/clean/M1,node,model_proposal_persisted,9
ppg_dalia,S9,ppg_dalia-S9-e0,clean,minimum_v1/ppg_dalia-S9-e0/clean/M1,node,recording_or_availability_construction,171
ppg_dalia,S9,ppg_dalia-S9-e0,clean,minimum_v1/ppg_dalia-S9-e0/clean/M1,node,support_evaluation,6
ppg_dalia,S9,ppg_dalia-S9-e0,correction,minimum_v1/ppg_dalia-S9-e0/correction/M1,node,administrative,11
ppg_dalia,S9,ppg_dalia-S9-e0,correction,minimum_v1/ppg_dalia-S9-e0/correction/M1,node,model_proposal_persisted,9
ppg_dalia,S9,ppg_dalia-S9-e0,correction,minimum_v1/ppg_dalia-S9-e0/correction/M1,node,recording_or_availability_construction,171
ppg_dalia,S9,ppg_dalia-S9-e0,correction,minimum_v1/ppg_dalia-S9-e0/correction/M1,node,support_evaluation,6
ppg_dalia,S9,ppg_dalia-S9-e0,delayed,minimum_v1/ppg_dalia-S9-e0/delayed/M1,node,administrative,8
ppg_dalia,S9,ppg_dalia-S9-e0,delayed,minimum_v1/ppg_dalia-S9-e0/delayed/M1,node,model_proposal_persisted,7
ppg_dalia,S9,ppg_dalia-S9-e0,delayed,minimum_v1/ppg_dalia-S9-e0/delayed/M1,node,recording_or_availability_construction,169
ppg_dalia,S9,ppg_dalia-S9-e0,delayed,minimum_v1/ppg_dalia-S9-e0/delayed/M1,node,support_evaluation,0
ppg_dalia,S9,ppg_dalia-S9-e1,channel_fault,minimum_v1/ppg_dalia-S9-e1/channel_fault/M1,node,administrative,11
ppg_dalia,S9,ppg_dalia-S9-e1,channel_fault,minimum_v1/ppg_dalia-S9-e1/channel_fault/M1,node,model_proposal_persisted,3
ppg_dalia,S9,ppg_dalia-S9-e1,channel_fault,minimum_v1/ppg_dalia-S9-e1/channel_fault/M1,node,recording_or_availability_construction,178
ppg_dalia,S9,ppg_dalia-S9-e1,channel_fault,minimum_v1/ppg_dalia-S9-e1/channel_fault/M1,node,support_evaluation,24
ppg_dalia,S9,ppg_dalia-S9-e1,clean,minimum_v1/ppg_dalia-S9-e1/clean/M1,node,administrative,8
ppg_dalia,S9,ppg_dalia-S9-e1,clean,minimum_v1/ppg_dalia-S9-e1/clean/M1,node,model_proposal_persisted,3
ppg_dalia,S9,ppg_dalia-S9-e1,clean,minimum_v1/ppg_dalia-S9-e1/clean/M1,node,recording_or_availability_construction,170
ppg_dalia,S9,ppg_dalia-S9-e1,clean,minimum_v1/ppg_dalia-S9-e1/clean/M1,node,support_evaluation,6
ppg_dalia,S9,ppg_dalia-S9-e1,correction,minimum_v1/ppg_dalia-S9-e1/correction/M1,node,administrative,11
ppg_dalia,S9,ppg_dalia-S9-e1,correction,minimum_v1/ppg_dalia-S9-e1/correction/M1,node,model_proposal_persisted,3
ppg_dalia,S9,ppg_dalia-S9-e1,correction,minimum_v1/ppg_dalia-S9-e1/correction/M1,node,recording_or_availability_construction,170
ppg_dalia,S9,ppg_dalia-S9-e1,correction,minimum_v1/ppg_dalia-S9-e1/correction/M1,node,support_evaluation,6
ppg_dalia,S9,ppg_dalia-S9-e1,delayed,minimum_v1/ppg_dalia-S9-e1/delayed/M1,node,administrative,8
ppg_dalia,S9,ppg_dalia-S9-e1,delayed,minimum_v1/ppg_dalia-S9-e1/delayed/M1,node,model_proposal_persisted,1
ppg_dalia,S9,ppg_dalia-S9-e1,delayed,minimum_v1/ppg_dalia-S9-e1/delayed/M1,node,recording_or_availability_construction,168
ppg_dalia,S9,ppg_dalia-S9-e1,delayed,minimum_v1/ppg_dalia-S9-e1/delayed/M1,node,support_evaluation,0
synthetic,V1001,synthetic-V1001-e0,channel_fault,minimum_v1/synthetic-V1001-e0/channel_fault/M1,node,administrative,8
synthetic,V1001,synthetic-V1001-e0,channel_fault,minimum_v1/synthetic-V1001-e0/channel_fault/M1,node,model_proposal_persisted,3
synthetic,V1001,synthetic-V1001-e0,channel_fault,minimum_v1/synthetic-V1001-e0/channel_fault/M1,node,recording_or_availability_construction,178
synthetic,V1001,synthetic-V1001-e0,channel_fault,minimum_v1/synthetic-V1001-e0/channel_fault/M1,node,support_evaluation,24
synthetic,V1001,synthetic-V1001-e0,clean,minimum_v1/synthetic-V1001-e0/clean/M1,node,administrative,8
synthetic,V1001,synthetic-V1001-e0,clean,minimum_v1/synthetic-V1001-e0/clean/M1,node,model_proposal_persisted,3
synthetic,V1001,synthetic-V1001-e0,clean,minimum_v1/synthetic-V1001-e0/clean/M1,node,recording_or_availability_construction,170
synthetic,V1001,synthetic-V1001-e0,clean,minimum_v1/synthetic-V1001-e0/clean/M1,node,support_evaluation,6
synthetic,V1001,synthetic-V1001-e0,correction,minimum_v1/synthetic-V1001-e0/correction/M1,node,administrative,11
synthetic,V1001,synthetic-V1001-e0,correction,minimum_v1/synthetic-V1001-e0/correction/M1,node,model_proposal_persisted,3
synthetic,V1001,synthetic-V1001-e0,correction,minimum_v1/synthetic-V1001-e0/correction/M1,node,recording_or_availability_construction,170
synthetic,V1001,synthetic-V1001-e0,correction,minimum_v1/synthetic-V1001-e0/correction/M1,node,support_evaluation,6
synthetic,V1001,synthetic-V1001-e0,delayed,minimum_v1/synthetic-V1001-e0/delayed/M1,node,administrative,8
synthetic,V1001,synthetic-V1001-e0,delayed,minimum_v1/synthetic-V1001-e0/delayed/M1,node,model_proposal_persisted,1
synthetic,V1001,synthetic-V1001-e0,delayed,minimum_v1/synthetic-V1001-e0/delayed/M1,node,recording_or_availability_construction,168
synthetic,V1001,synthetic-V1001-e0,delayed,minimum_v1/synthetic-V1001-e0/delayed/M1,node,support_evaluation,0
synthetic,V1001,synthetic-V1001-e1,channel_fault,minimum_v1/synthetic-V1001-e1/channel_fault/M1,node,administrative,11
synthetic,V1001,synthetic-V1001-e1,channel_fault,minimum_v1/synthetic-V1001-e1/channel_fault/M1,node,model_proposal_persisted,4
synthetic,V1001,synthetic-V1001-e1,channel_fault,minimum_v1/synthetic-V1001-e1/channel_fault/M1,node,recording_or_availability_construction,178
synthetic,V1001,synthetic-V1001-e1,channel_fault,minimum_v1/synthetic-V1001-e1/channel_fault/M1,node,support_evaluation,26
synthetic,V1001,synthetic-V1001-e1,clean,minimum_v1/synthetic-V1001-e1/clean/M1,node,administrative,8
synthetic,V1001,synthetic-V1001-e1,clean,minimum_v1/synthetic-V1001-e1/clean/M1,node,model_proposal_persisted,3
synthetic,V1001,synthetic-V1001-e1,clean,minimum_v1/synthetic-V1001-e1/clean/M1,node,recording_or_availability_construction,170
synthetic,V1001,synthetic-V1001-e1,clean,minimum_v1/synthetic-V1001-e1/clean/M1,node,support_evaluation,6
synthetic,V1001,synthetic-V1001-e1,correction,minimum_v1/synthetic-V1001-e1/correction/M1,node,administrative,11
synthetic,V1001,synthetic-V1001-e1,correction,minimum_v1/synthetic-V1001-e1/correction/M1,node,model_proposal_persisted,3
synthetic,V1001,synthetic-V1001-e1,correction,minimum_v1/synthetic-V1001-e1/correction/M1,node,recording_or_availability_construction,170
synthetic,V1001,synthetic-V1001-e1,correction,minimum_v1/synthetic-V1001-e1/correction/M1,node,support_evaluation,6
synthetic,V1001,synthetic-V1001-e1,delayed,minimum_v1/synthetic-V1001-e1/delayed/M1,node,administrative,8
synthetic,V1001,synthetic-V1001-e1,delayed,minimum_v1/synthetic-V1001-e1/delayed/M1,node,model_proposal_persisted,1
synthetic,V1001,synthetic-V1001-e1,delayed,minimum_v1/synthetic-V1001-e1/delayed/M1,node,recording_or_availability_construction,168
synthetic,V1001,synthetic-V1001-e1,delayed,minimum_v1/synthetic-V1001-e1/delayed/M1,node,support_evaluation,0
synthetic,V1002,synthetic-V1002-e0,channel_fault,minimum_v1/synthetic-V1002-e0/channel_fault/M1,node,administrative,11
synthetic,V1002,synthetic-V1002-e0,channel_fault,minimum_v1/synthetic-V1002-e0/channel_fault/M1,node,model_proposal_persisted,6
synthetic,V1002,synthetic-V1002-e0,channel_fault,minimum_v1/synthetic-V1002-e0/channel_fault/M1,node,recording_or_availability_construction,178
synthetic,V1002,synthetic-V1002-e0,channel_fault,minimum_v1/synthetic-V1002-e0/channel_fault/M1,node,support_evaluation,24
synthetic,V1002,synthetic-V1002-e0,clean,minimum_v1/synthetic-V1002-e0/clean/M1,node,administrative,8
synthetic,V1002,synthetic-V1002-e0,clean,minimum_v1/synthetic-V1002-e0/clean/M1,node,model_proposal_persisted,6
synthetic,V1002,synthetic-V1002-e0,clean,minimum_v1/synthetic-V1002-e0/clean/M1,node,recording_or_availability_construction,170
synthetic,V1002,synthetic-V1002-e0,clean,minimum_v1/synthetic-V1002-e0/clean/M1,node,support_evaluation,6
synthetic,V1002,synthetic-V1002-e0,correction,minimum_v1/synthetic-V1002-e0/correction/M1,node,administrative,11
synthetic,V1002,synthetic-V1002-e0,correction,minimum_v1/synthetic-V1002-e0/correction/M1,node,model_proposal_persisted,6
synthetic,V1002,synthetic-V1002-e0,correction,minimum_v1/synthetic-V1002-e0/correction/M1,node,recording_or_availability_construction,170
synthetic,V1002,synthetic-V1002-e0,correction,minimum_v1/synthetic-V1002-e0/correction/M1,node,support_evaluation,6
synthetic,V1002,synthetic-V1002-e0,delayed,minimum_v1/synthetic-V1002-e0/delayed/M1,node,administrative,8
synthetic,V1002,synthetic-V1002-e0,delayed,minimum_v1/synthetic-V1002-e0/delayed/M1,node,model_proposal_persisted,4
synthetic,V1002,synthetic-V1002-e0,delayed,minimum_v1/synthetic-V1002-e0/delayed/M1,node,recording_or_availability_construction,168
synthetic,V1002,synthetic-V1002-e0,delayed,minimum_v1/synthetic-V1002-e0/delayed/M1,node,support_evaluation,0
synthetic,V1002,synthetic-V1002-e1,channel_fault,minimum_v1/synthetic-V1002-e1/channel_fault/M1,node,administrative,11
synthetic,V1002,synthetic-V1002-e1,channel_fault,minimum_v1/synthetic-V1002-e1/channel_fault/M1,node,model_proposal_persisted,6
synthetic,V1002,synthetic-V1002-e1,channel_fault,minimum_v1/synthetic-V1002-e1/channel_fault/M1,node,recording_or_availability_construction,178
synthetic,V1002,synthetic-V1002-e1,channel_fault,minimum_v1/synthetic-V1002-e1/channel_fault/M1,node,support_evaluation,35
synthetic,V1002,synthetic-V1002-e1,clean,minimum_v1/synthetic-V1002-e1/clean/M1,node,administrative,8
synthetic,V1002,synthetic-V1002-e1,clean,minimum_v1/synthetic-V1002-e1/clean/M1,node,model_proposal_persisted,6
synthetic,V1002,synthetic-V1002-e1,clean,minimum_v1/synthetic-V1002-e1/clean/M1,node,recording_or_availability_construction,170
synthetic,V1002,synthetic-V1002-e1,clean,minimum_v1/synthetic-V1002-e1/clean/M1,node,support_evaluation,6
synthetic,V1002,synthetic-V1002-e1,correction,minimum_v1/synthetic-V1002-e1/correction/M1,node,administrative,11
synthetic,V1002,synthetic-V1002-e1,correction,minimum_v1/synthetic-V1002-e1/correction/M1,node,model_proposal_persisted,6
synthetic,V1002,synthetic-V1002-e1,correction,minimum_v1/synthetic-V1002-e1/correction/M1,node,recording_or_availability_construction,170
synthetic,V1002,synthetic-V1002-e1,correction,minimum_v1/synthetic-V1002-e1/correction/M1,node,support_evaluation,6
synthetic,V1002,synthetic-V1002-e1,delayed,minimum_v1/synthetic-V1002-e1/delayed/M1,node,administrative,8
synthetic,V1002,synthetic-V1002-e1,delayed,minimum_v1/synthetic-V1002-e1/delayed/M1,node,model_proposal_persisted,4
synthetic,V1002,synthetic-V1002-e1,delayed,minimum_v1/synthetic-V1002-e1/delayed/M1,node,recording_or_availability_construction,168
synthetic,V1002,synthetic-V1002-e1,delayed,minimum_v1/synthetic-V1002-e1/delayed/M1,node,support_evaluation,0
synthetic,V1003,synthetic-V1003-e0,channel_fault,minimum_v1/synthetic-V1003-e0/channel_fault/M1,node,administrative,11
synthetic,V1003,synthetic-V1003-e0,channel_fault,minimum_v1/synthetic-V1003-e0/channel_fault/M1,node,model_proposal_persisted,4
synthetic,V1003,synthetic-V1003-e0,channel_fault,minimum_v1/synthetic-V1003-e0/channel_fault/M1,node,recording_or_availability_construction,178
synthetic,V1003,synthetic-V1003-e0,channel_fault,minimum_v1/synthetic-V1003-e0/channel_fault/M1,node,support_evaluation,28
synthetic,V1003,synthetic-V1003-e0,clean,minimum_v1/synthetic-V1003-e0/clean/M1,node,administrative,8
synthetic,V1003,synthetic-V1003-e0,clean,minimum_v1/synthetic-V1003-e0/clean/M1,node,model_proposal_persisted,4
synthetic,V1003,synthetic-V1003-e0,clean,minimum_v1/synthetic-V1003-e0/clean/M1,node,recording_or_availability_construction,170
synthetic,V1003,synthetic-V1003-e0,clean,minimum_v1/synthetic-V1003-e0/clean/M1,node,support_evaluation,8
synthetic,V1003,synthetic-V1003-e0,correction,minimum_v1/synthetic-V1003-e0/correction/M1,node,administrative,11
synthetic,V1003,synthetic-V1003-e0,correction,minimum_v1/synthetic-V1003-e0/correction/M1,node,model_proposal_persisted,4
synthetic,V1003,synthetic-V1003-e0,correction,minimum_v1/synthetic-V1003-e0/correction/M1,node,recording_or_availability_construction,170
synthetic,V1003,synthetic-V1003-e0,correction,minimum_v1/synthetic-V1003-e0/correction/M1,node,support_evaluation,8
synthetic,V1003,synthetic-V1003-e0,delayed,minimum_v1/synthetic-V1003-e0/delayed/M1,node,administrative,8
synthetic,V1003,synthetic-V1003-e0,delayed,minimum_v1/synthetic-V1003-e0/delayed/M1,node,model_proposal_persisted,2
synthetic,V1003,synthetic-V1003-e0,delayed,minimum_v1/synthetic-V1003-e0/delayed/M1,node,recording_or_availability_construction,168
synthetic,V1003,synthetic-V1003-e0,delayed,minimum_v1/synthetic-V1003-e0/delayed/M1,node,support_evaluation,0
synthetic,V1003,synthetic-V1003-e1,channel_fault,minimum_v1/synthetic-V1003-e1/channel_fault/M1,node,administrative,11
synthetic,V1003,synthetic-V1003-e1,channel_fault,minimum_v1/synthetic-V1003-e1/channel_fault/M1,node,model_proposal_persisted,6
synthetic,V1003,synthetic-V1003-e1,channel_fault,minimum_v1/synthetic-V1003-e1/channel_fault/M1,node,recording_or_availability_construction,178
synthetic,V1003,synthetic-V1003-e1,channel_fault,minimum_v1/synthetic-V1003-e1/channel_fault/M1,node,support_evaluation,35
synthetic,V1003,synthetic-V1003-e1,clean,minimum_v1/synthetic-V1003-e1/clean/M1,node,administrative,8
synthetic,V1003,synthetic-V1003-e1,clean,minimum_v1/synthetic-V1003-e1/clean/M1,node,model_proposal_persisted,6
synthetic,V1003,synthetic-V1003-e1,clean,minimum_v1/synthetic-V1003-e1/clean/M1,node,recording_or_availability_construction,170
synthetic,V1003,synthetic-V1003-e1,clean,minimum_v1/synthetic-V1003-e1/clean/M1,node,support_evaluation,6
synthetic,V1003,synthetic-V1003-e1,correction,minimum_v1/synthetic-V1003-e1/correction/M1,node,administrative,11
synthetic,V1003,synthetic-V1003-e1,correction,minimum_v1/synthetic-V1003-e1/correction/M1,node,model_proposal_persisted,6
synthetic,V1003,synthetic-V1003-e1,correction,minimum_v1/synthetic-V1003-e1/correction/M1,node,recording_or_availability_construction,170
synthetic,V1003,synthetic-V1003-e1,correction,minimum_v1/synthetic-V1003-e1/correction/M1,node,support_evaluation,6
synthetic,V1003,synthetic-V1003-e1,delayed,minimum_v1/synthetic-V1003-e1/delayed/M1,node,administrative,8
synthetic,V1003,synthetic-V1003-e1,delayed,minimum_v1/synthetic-V1003-e1/delayed/M1,node,model_proposal_persisted,4
synthetic,V1003,synthetic-V1003-e1,delayed,minimum_v1/synthetic-V1003-e1/delayed/M1,node,recording_or_availability_construction,168
synthetic,V1003,synthetic-V1003-e1,delayed,minimum_v1/synthetic-V1003-e1/delayed/M1,node,support_evaluation,0
synthetic,V1004,synthetic-V1004-e0,channel_fault,minimum_v1/synthetic-V1004-e0/channel_fault/M1,node,administrative,11
synthetic,V1004,synthetic-V1004-e0,channel_fault,minimum_v1/synthetic-V1004-e0/channel_fault/M1,node,model_proposal_persisted,6
synthetic,V1004,synthetic-V1004-e0,channel_fault,minimum_v1/synthetic-V1004-e0/channel_fault/M1,node,recording_or_availability_construction,178
synthetic,V1004,synthetic-V1004-e0,channel_fault,minimum_v1/synthetic-V1004-e0/channel_fault/M1,node,support_evaluation,24
synthetic,V1004,synthetic-V1004-e0,clean,minimum_v1/synthetic-V1004-e0/clean/M1,node,administrative,8
synthetic,V1004,synthetic-V1004-e0,clean,minimum_v1/synthetic-V1004-e0/clean/M1,node,model_proposal_persisted,6
synthetic,V1004,synthetic-V1004-e0,clean,minimum_v1/synthetic-V1004-e0/clean/M1,node,recording_or_availability_construction,170
synthetic,V1004,synthetic-V1004-e0,clean,minimum_v1/synthetic-V1004-e0/clean/M1,node,support_evaluation,6
synthetic,V1004,synthetic-V1004-e0,correction,minimum_v1/synthetic-V1004-e0/correction/M1,node,administrative,11
synthetic,V1004,synthetic-V1004-e0,correction,minimum_v1/synthetic-V1004-e0/correction/M1,node,model_proposal_persisted,6
synthetic,V1004,synthetic-V1004-e0,correction,minimum_v1/synthetic-V1004-e0/correction/M1,node,recording_or_availability_construction,170
synthetic,V1004,synthetic-V1004-e0,correction,minimum_v1/synthetic-V1004-e0/correction/M1,node,support_evaluation,6
synthetic,V1004,synthetic-V1004-e0,delayed,minimum_v1/synthetic-V1004-e0/delayed/M1,node,administrative,8
synthetic,V1004,synthetic-V1004-e0,delayed,minimum_v1/synthetic-V1004-e0/delayed/M1,node,model_proposal_persisted,4
synthetic,V1004,synthetic-V1004-e0,delayed,minimum_v1/synthetic-V1004-e0/delayed/M1,node,recording_or_availability_construction,168
synthetic,V1004,synthetic-V1004-e0,delayed,minimum_v1/synthetic-V1004-e0/delayed/M1,node,support_evaluation,0
synthetic,V1004,synthetic-V1004-e1,channel_fault,minimum_v1/synthetic-V1004-e1/channel_fault/M1,node,administrative,11
synthetic,V1004,synthetic-V1004-e1,channel_fault,minimum_v1/synthetic-V1004-e1/channel_fault/M1,node,model_proposal_persisted,6
synthetic,V1004,synthetic-V1004-e1,channel_fault,minimum_v1/synthetic-V1004-e1/channel_fault/M1,node,recording_or_availability_construction,178
synthetic,V1004,synthetic-V1004-e1,channel_fault,minimum_v1/synthetic-V1004-e1/channel_fault/M1,node,support_evaluation,35
synthetic,V1004,synthetic-V1004-e1,clean,minimum_v1/synthetic-V1004-e1/clean/M1,node,administrative,8
synthetic,V1004,synthetic-V1004-e1,clean,minimum_v1/synthetic-V1004-e1/clean/M1,node,model_proposal_persisted,6
synthetic,V1004,synthetic-V1004-e1,clean,minimum_v1/synthetic-V1004-e1/clean/M1,node,recording_or_availability_construction,170
synthetic,V1004,synthetic-V1004-e1,clean,minimum_v1/synthetic-V1004-e1/clean/M1,node,support_evaluation,6
synthetic,V1004,synthetic-V1004-e1,correction,minimum_v1/synthetic-V1004-e1/correction/M1,node,administrative,11
synthetic,V1004,synthetic-V1004-e1,correction,minimum_v1/synthetic-V1004-e1/correction/M1,node,model_proposal_persisted,6
synthetic,V1004,synthetic-V1004-e1,correction,minimum_v1/synthetic-V1004-e1/correction/M1,node,recording_or_availability_construction,170
synthetic,V1004,synthetic-V1004-e1,correction,minimum_v1/synthetic-V1004-e1/correction/M1,node,support_evaluation,6
synthetic,V1004,synthetic-V1004-e1,delayed,minimum_v1/synthetic-V1004-e1/delayed/M1,node,administrative,8
synthetic,V1004,synthetic-V1004-e1,delayed,minimum_v1/synthetic-V1004-e1/delayed/M1,node,model_proposal_persisted,4
synthetic,V1004,synthetic-V1004-e1,delayed,minimum_v1/synthetic-V1004-e1/delayed/M1,node,recording_or_availability_construction,168
synthetic,V1004,synthetic-V1004-e1,delayed,minimum_v1/synthetic-V1004-e1/delayed/M1,node,support_evaluation,0
synthetic,V1005,synthetic-V1005-e0,channel_fault,minimum_v1/synthetic-V1005-e0/channel_fault/M1,node,administrative,11
synthetic,V1005,synthetic-V1005-e0,channel_fault,minimum_v1/synthetic-V1005-e0/channel_fault/M1,node,model_proposal_persisted,4
synthetic,V1005,synthetic-V1005-e0,channel_fault,minimum_v1/synthetic-V1005-e0/channel_fault/M1,node,recording_or_availability_construction,178
synthetic,V1005,synthetic-V1005-e0,channel_fault,minimum_v1/synthetic-V1005-e0/channel_fault/M1,node,support_evaluation,28
synthetic,V1005,synthetic-V1005-e0,clean,minimum_v1/synthetic-V1005-e0/clean/M1,node,administrative,8
synthetic,V1005,synthetic-V1005-e0,clean,minimum_v1/synthetic-V1005-e0/clean/M1,node,model_proposal_persisted,4
synthetic,V1005,synthetic-V1005-e0,clean,minimum_v1/synthetic-V1005-e0/clean/M1,node,recording_or_availability_construction,170
synthetic,V1005,synthetic-V1005-e0,clean,minimum_v1/synthetic-V1005-e0/clean/M1,node,support_evaluation,8
synthetic,V1005,synthetic-V1005-e0,correction,minimum_v1/synthetic-V1005-e0/correction/M1,node,administrative,11
synthetic,V1005,synthetic-V1005-e0,correction,minimum_v1/synthetic-V1005-e0/correction/M1,node,model_proposal_persisted,4
synthetic,V1005,synthetic-V1005-e0,correction,minimum_v1/synthetic-V1005-e0/correction/M1,node,recording_or_availability_construction,170
synthetic,V1005,synthetic-V1005-e0,correction,minimum_v1/synthetic-V1005-e0/correction/M1,node,support_evaluation,8
synthetic,V1005,synthetic-V1005-e0,delayed,minimum_v1/synthetic-V1005-e0/delayed/M1,node,administrative,8
synthetic,V1005,synthetic-V1005-e0,delayed,minimum_v1/synthetic-V1005-e0/delayed/M1,node,model_proposal_persisted,2
synthetic,V1005,synthetic-V1005-e0,delayed,minimum_v1/synthetic-V1005-e0/delayed/M1,node,recording_or_availability_construction,168
synthetic,V1005,synthetic-V1005-e0,delayed,minimum_v1/synthetic-V1005-e0/delayed/M1,node,support_evaluation,0
synthetic,V1005,synthetic-V1005-e1,channel_fault,minimum_v1/synthetic-V1005-e1/channel_fault/M1,node,administrative,11
synthetic,V1005,synthetic-V1005-e1,channel_fault,minimum_v1/synthetic-V1005-e1/channel_fault/M1,node,model_proposal_persisted,6
synthetic,V1005,synthetic-V1005-e1,channel_fault,minimum_v1/synthetic-V1005-e1/channel_fault/M1,node,recording_or_availability_construction,178
synthetic,V1005,synthetic-V1005-e1,channel_fault,minimum_v1/synthetic-V1005-e1/channel_fault/M1,node,support_evaluation,24
synthetic,V1005,synthetic-V1005-e1,clean,minimum_v1/synthetic-V1005-e1/clean/M1,node,administrative,8
synthetic,V1005,synthetic-V1005-e1,clean,minimum_v1/synthetic-V1005-e1/clean/M1,node,model_proposal_persisted,6
synthetic,V1005,synthetic-V1005-e1,clean,minimum_v1/synthetic-V1005-e1/clean/M1,node,recording_or_availability_construction,170
synthetic,V1005,synthetic-V1005-e1,clean,minimum_v1/synthetic-V1005-e1/clean/M1,node,support_evaluation,6
synthetic,V1005,synthetic-V1005-e1,correction,minimum_v1/synthetic-V1005-e1/correction/M1,node,administrative,11
synthetic,V1005,synthetic-V1005-e1,correction,minimum_v1/synthetic-V1005-e1/correction/M1,node,model_proposal_persisted,6
synthetic,V1005,synthetic-V1005-e1,correction,minimum_v1/synthetic-V1005-e1/correction/M1,node,recording_or_availability_construction,170
synthetic,V1005,synthetic-V1005-e1,correction,minimum_v1/synthetic-V1005-e1/correction/M1,node,support_evaluation,6
synthetic,V1005,synthetic-V1005-e1,delayed,minimum_v1/synthetic-V1005-e1/delayed/M1,node,administrative,8
synthetic,V1005,synthetic-V1005-e1,delayed,minimum_v1/synthetic-V1005-e1/delayed/M1,node,model_proposal_persisted,4
synthetic,V1005,synthetic-V1005-e1,delayed,minimum_v1/synthetic-V1005-e1/delayed/M1,node,recording_or_availability_construction,168
synthetic,V1005,synthetic-V1005-e1,delayed,minimum_v1/synthetic-V1005-e1/delayed/M1,node,support_evaluation,0
synthetic,V1006,synthetic-V1006-e0,channel_fault,minimum_v1/synthetic-V1006-e0/channel_fault/M1,node,administrative,8
synthetic,V1006,synthetic-V1006-e0,channel_fault,minimum_v1/synthetic-V1006-e0/channel_fault/M1,node,model_proposal_persisted,3
synthetic,V1006,synthetic-V1006-e0,channel_fault,minimum_v1/synthetic-V1006-e0/channel_fault/M1,node,recording_or_availability_construction,178
synthetic,V1006,synthetic-V1006-e0,channel_fault,minimum_v1/synthetic-V1006-e0/channel_fault/M1,node,support_evaluation,24
synthetic,V1006,synthetic-V1006-e0,clean,minimum_v1/synthetic-V1006-e0/clean/M1,node,administrative,8
synthetic,V1006,synthetic-V1006-e0,clean,minimum_v1/synthetic-V1006-e0/clean/M1,node,model_proposal_persisted,3
synthetic,V1006,synthetic-V1006-e0,clean,minimum_v1/synthetic-V1006-e0/clean/M1,node,recording_or_availability_construction,170
synthetic,V1006,synthetic-V1006-e0,clean,minimum_v1/synthetic-V1006-e0/clean/M1,node,support_evaluation,6
synthetic,V1006,synthetic-V1006-e0,correction,minimum_v1/synthetic-V1006-e0/correction/M1,node,administrative,11
synthetic,V1006,synthetic-V1006-e0,correction,minimum_v1/synthetic-V1006-e0/correction/M1,node,model_proposal_persisted,3
synthetic,V1006,synthetic-V1006-e0,correction,minimum_v1/synthetic-V1006-e0/correction/M1,node,recording_or_availability_construction,170
synthetic,V1006,synthetic-V1006-e0,correction,minimum_v1/synthetic-V1006-e0/correction/M1,node,support_evaluation,6
synthetic,V1006,synthetic-V1006-e0,delayed,minimum_v1/synthetic-V1006-e0/delayed/M1,node,administrative,8
synthetic,V1006,synthetic-V1006-e0,delayed,minimum_v1/synthetic-V1006-e0/delayed/M1,node,model_proposal_persisted,1
synthetic,V1006,synthetic-V1006-e0,delayed,minimum_v1/synthetic-V1006-e0/delayed/M1,node,recording_or_availability_construction,168
synthetic,V1006,synthetic-V1006-e0,delayed,minimum_v1/synthetic-V1006-e0/delayed/M1,node,support_evaluation,0
synthetic,V1006,synthetic-V1006-e1,channel_fault,minimum_v1/synthetic-V1006-e1/channel_fault/M1,node,administrative,8
synthetic,V1006,synthetic-V1006-e1,channel_fault,minimum_v1/synthetic-V1006-e1/channel_fault/M1,node,model_proposal_persisted,3
synthetic,V1006,synthetic-V1006-e1,channel_fault,minimum_v1/synthetic-V1006-e1/channel_fault/M1,node,recording_or_availability_construction,178
synthetic,V1006,synthetic-V1006-e1,channel_fault,minimum_v1/synthetic-V1006-e1/channel_fault/M1,node,support_evaluation,24
synthetic,V1006,synthetic-V1006-e1,clean,minimum_v1/synthetic-V1006-e1/clean/M1,node,administrative,8
synthetic,V1006,synthetic-V1006-e1,clean,minimum_v1/synthetic-V1006-e1/clean/M1,node,model_proposal_persisted,3
synthetic,V1006,synthetic-V1006-e1,clean,minimum_v1/synthetic-V1006-e1/clean/M1,node,recording_or_availability_construction,170
synthetic,V1006,synthetic-V1006-e1,clean,minimum_v1/synthetic-V1006-e1/clean/M1,node,support_evaluation,6
synthetic,V1006,synthetic-V1006-e1,correction,minimum_v1/synthetic-V1006-e1/correction/M1,node,administrative,11
synthetic,V1006,synthetic-V1006-e1,correction,minimum_v1/synthetic-V1006-e1/correction/M1,node,model_proposal_persisted,3
synthetic,V1006,synthetic-V1006-e1,correction,minimum_v1/synthetic-V1006-e1/correction/M1,node,recording_or_availability_construction,170
synthetic,V1006,synthetic-V1006-e1,correction,minimum_v1/synthetic-V1006-e1/correction/M1,node,support_evaluation,6
synthetic,V1006,synthetic-V1006-e1,delayed,minimum_v1/synthetic-V1006-e1/delayed/M1,node,administrative,8
synthetic,V1006,synthetic-V1006-e1,delayed,minimum_v1/synthetic-V1006-e1/delayed/M1,node,model_proposal_persisted,1
synthetic,V1006,synthetic-V1006-e1,delayed,minimum_v1/synthetic-V1006-e1/delayed/M1,node,recording_or_availability_construction,168
synthetic,V1006,synthetic-V1006-e1,delayed,minimum_v1/synthetic-V1006-e1/delayed/M1,node,support_evaluation,0
synthetic,V1007,synthetic-V1007-e0,channel_fault,minimum_v1/synthetic-V1007-e0/channel_fault/M1,node,administrative,11
synthetic,V1007,synthetic-V1007-e0,channel_fault,minimum_v1/synthetic-V1007-e0/channel_fault/M1,node,model_proposal_persisted,6
synthetic,V1007,synthetic-V1007-e0,channel_fault,minimum_v1/synthetic-V1007-e0/channel_fault/M1,node,recording_or_availability_construction,178
synthetic,V1007,synthetic-V1007-e0,channel_fault,minimum_v1/synthetic-V1007-e0/channel_fault/M1,node,support_evaluation,35
synthetic,V1007,synthetic-V1007-e0,clean,minimum_v1/synthetic-V1007-e0/clean/M1,node,administrative,8
synthetic,V1007,synthetic-V1007-e0,clean,minimum_v1/synthetic-V1007-e0/clean/M1,node,model_proposal_persisted,6
synthetic,V1007,synthetic-V1007-e0,clean,minimum_v1/synthetic-V1007-e0/clean/M1,node,recording_or_availability_construction,170
synthetic,V1007,synthetic-V1007-e0,clean,minimum_v1/synthetic-V1007-e0/clean/M1,node,support_evaluation,6
synthetic,V1007,synthetic-V1007-e0,correction,minimum_v1/synthetic-V1007-e0/correction/M1,node,administrative,11
synthetic,V1007,synthetic-V1007-e0,correction,minimum_v1/synthetic-V1007-e0/correction/M1,node,model_proposal_persisted,6
synthetic,V1007,synthetic-V1007-e0,correction,minimum_v1/synthetic-V1007-e0/correction/M1,node,recording_or_availability_construction,170
synthetic,V1007,synthetic-V1007-e0,correction,minimum_v1/synthetic-V1007-e0/correction/M1,node,support_evaluation,6
synthetic,V1007,synthetic-V1007-e0,delayed,minimum_v1/synthetic-V1007-e0/delayed/M1,node,administrative,8
synthetic,V1007,synthetic-V1007-e0,delayed,minimum_v1/synthetic-V1007-e0/delayed/M1,node,model_proposal_persisted,4
synthetic,V1007,synthetic-V1007-e0,delayed,minimum_v1/synthetic-V1007-e0/delayed/M1,node,recording_or_availability_construction,168
synthetic,V1007,synthetic-V1007-e0,delayed,minimum_v1/synthetic-V1007-e0/delayed/M1,node,support_evaluation,0
synthetic,V1007,synthetic-V1007-e1,channel_fault,minimum_v1/synthetic-V1007-e1/channel_fault/M1,node,administrative,8
synthetic,V1007,synthetic-V1007-e1,channel_fault,minimum_v1/synthetic-V1007-e1/channel_fault/M1,node,model_proposal_persisted,6
synthetic,V1007,synthetic-V1007-e1,channel_fault,minimum_v1/synthetic-V1007-e1/channel_fault/M1,node,recording_or_availability_construction,178
synthetic,V1007,synthetic-V1007-e1,channel_fault,minimum_v1/synthetic-V1007-e1/channel_fault/M1,node,support_evaluation,24
synthetic,V1007,synthetic-V1007-e1,clean,minimum_v1/synthetic-V1007-e1/clean/M1,node,administrative,8
synthetic,V1007,synthetic-V1007-e1,clean,minimum_v1/synthetic-V1007-e1/clean/M1,node,model_proposal_persisted,6
synthetic,V1007,synthetic-V1007-e1,clean,minimum_v1/synthetic-V1007-e1/clean/M1,node,recording_or_availability_construction,170
synthetic,V1007,synthetic-V1007-e1,clean,minimum_v1/synthetic-V1007-e1/clean/M1,node,support_evaluation,6
synthetic,V1007,synthetic-V1007-e1,correction,minimum_v1/synthetic-V1007-e1/correction/M1,node,administrative,11
synthetic,V1007,synthetic-V1007-e1,correction,minimum_v1/synthetic-V1007-e1/correction/M1,node,model_proposal_persisted,6
synthetic,V1007,synthetic-V1007-e1,correction,minimum_v1/synthetic-V1007-e1/correction/M1,node,recording_or_availability_construction,170
synthetic,V1007,synthetic-V1007-e1,correction,minimum_v1/synthetic-V1007-e1/correction/M1,node,support_evaluation,6
synthetic,V1007,synthetic-V1007-e1,delayed,minimum_v1/synthetic-V1007-e1/delayed/M1,node,administrative,8
synthetic,V1007,synthetic-V1007-e1,delayed,minimum_v1/synthetic-V1007-e1/delayed/M1,node,model_proposal_persisted,4
synthetic,V1007,synthetic-V1007-e1,delayed,minimum_v1/synthetic-V1007-e1/delayed/M1,node,recording_or_availability_construction,168
synthetic,V1007,synthetic-V1007-e1,delayed,minimum_v1/synthetic-V1007-e1/delayed/M1,node,support_evaluation,0
synthetic,V1008,synthetic-V1008-e0,channel_fault,minimum_v1/synthetic-V1008-e0/channel_fault/M1,node,administrative,11
synthetic,V1008,synthetic-V1008-e0,channel_fault,minimum_v1/synthetic-V1008-e0/channel_fault/M1,node,model_proposal_persisted,3
synthetic,V1008,synthetic-V1008-e0,channel_fault,minimum_v1/synthetic-V1008-e0/channel_fault/M1,node,recording_or_availability_construction,178
synthetic,V1008,synthetic-V1008-e0,channel_fault,minimum_v1/synthetic-V1008-e0/channel_fault/M1,node,support_evaluation,24
synthetic,V1008,synthetic-V1008-e0,clean,minimum_v1/synthetic-V1008-e0/clean/M1,node,administrative,8
synthetic,V1008,synthetic-V1008-e0,clean,minimum_v1/synthetic-V1008-e0/clean/M1,node,model_proposal_persisted,3
synthetic,V1008,synthetic-V1008-e0,clean,minimum_v1/synthetic-V1008-e0/clean/M1,node,recording_or_availability_construction,170
synthetic,V1008,synthetic-V1008-e0,clean,minimum_v1/synthetic-V1008-e0/clean/M1,node,support_evaluation,6
synthetic,V1008,synthetic-V1008-e0,correction,minimum_v1/synthetic-V1008-e0/correction/M1,node,administrative,11
synthetic,V1008,synthetic-V1008-e0,correction,minimum_v1/synthetic-V1008-e0/correction/M1,node,model_proposal_persisted,3
synthetic,V1008,synthetic-V1008-e0,correction,minimum_v1/synthetic-V1008-e0/correction/M1,node,recording_or_availability_construction,170
synthetic,V1008,synthetic-V1008-e0,correction,minimum_v1/synthetic-V1008-e0/correction/M1,node,support_evaluation,6
synthetic,V1008,synthetic-V1008-e0,delayed,minimum_v1/synthetic-V1008-e0/delayed/M1,node,administrative,8
synthetic,V1008,synthetic-V1008-e0,delayed,minimum_v1/synthetic-V1008-e0/delayed/M1,node,model_proposal_persisted,1
synthetic,V1008,synthetic-V1008-e0,delayed,minimum_v1/synthetic-V1008-e0/delayed/M1,node,recording_or_availability_construction,168
synthetic,V1008,synthetic-V1008-e0,delayed,minimum_v1/synthetic-V1008-e0/delayed/M1,node,support_evaluation,0
synthetic,V1008,synthetic-V1008-e1,channel_fault,minimum_v1/synthetic-V1008-e1/channel_fault/M1,node,administrative,11
synthetic,V1008,synthetic-V1008-e1,channel_fault,minimum_v1/synthetic-V1008-e1/channel_fault/M1,node,model_proposal_persisted,6
synthetic,V1008,synthetic-V1008-e1,channel_fault,minimum_v1/synthetic-V1008-e1/channel_fault/M1,node,recording_or_availability_construction,178
synthetic,V1008,synthetic-V1008-e1,channel_fault,minimum_v1/synthetic-V1008-e1/channel_fault/M1,node,support_evaluation,35
synthetic,V1008,synthetic-V1008-e1,clean,minimum_v1/synthetic-V1008-e1/clean/M1,node,administrative,8
synthetic,V1008,synthetic-V1008-e1,clean,minimum_v1/synthetic-V1008-e1/clean/M1,node,model_proposal_persisted,6
synthetic,V1008,synthetic-V1008-e1,clean,minimum_v1/synthetic-V1008-e1/clean/M1,node,recording_or_availability_construction,170
synthetic,V1008,synthetic-V1008-e1,clean,minimum_v1/synthetic-V1008-e1/clean/M1,node,support_evaluation,6
synthetic,V1008,synthetic-V1008-e1,correction,minimum_v1/synthetic-V1008-e1/correction/M1,node,administrative,11
synthetic,V1008,synthetic-V1008-e1,correction,minimum_v1/synthetic-V1008-e1/correction/M1,node,model_proposal_persisted,6
synthetic,V1008,synthetic-V1008-e1,correction,minimum_v1/synthetic-V1008-e1/correction/M1,node,recording_or_availability_construction,170
synthetic,V1008,synthetic-V1008-e1,correction,minimum_v1/synthetic-V1008-e1/correction/M1,node,support_evaluation,6
synthetic,V1008,synthetic-V1008-e1,delayed,minimum_v1/synthetic-V1008-e1/delayed/M1,node,administrative,8
synthetic,V1008,synthetic-V1008-e1,delayed,minimum_v1/synthetic-V1008-e1/delayed/M1,node,model_proposal_persisted,4
synthetic,V1008,synthetic-V1008-e1,delayed,minimum_v1/synthetic-V1008-e1/delayed/M1,node,recording_or_availability_construction,168
synthetic,V1008,synthetic-V1008-e1,delayed,minimum_v1/synthetic-V1008-e1/delayed/M1,node,support_evaluation,0
synthetic,V1009,synthetic-V1009-e0,channel_fault,minimum_v1/synthetic-V1009-e0/channel_fault/M1,node,administrative,11
synthetic,V1009,synthetic-V1009-e0,channel_fault,minimum_v1/synthetic-V1009-e0/channel_fault/M1,node,model_proposal_persisted,4
synthetic,V1009,synthetic-V1009-e0,channel_fault,minimum_v1/synthetic-V1009-e0/channel_fault/M1,node,recording_or_availability_construction,178
synthetic,V1009,synthetic-V1009-e0,channel_fault,minimum_v1/synthetic-V1009-e0/channel_fault/M1,node,support_evaluation,28
synthetic,V1009,synthetic-V1009-e0,clean,minimum_v1/synthetic-V1009-e0/clean/M1,node,administrative,8
synthetic,V1009,synthetic-V1009-e0,clean,minimum_v1/synthetic-V1009-e0/clean/M1,node,model_proposal_persisted,4
synthetic,V1009,synthetic-V1009-e0,clean,minimum_v1/synthetic-V1009-e0/clean/M1,node,recording_or_availability_construction,170
synthetic,V1009,synthetic-V1009-e0,clean,minimum_v1/synthetic-V1009-e0/clean/M1,node,support_evaluation,8
synthetic,V1009,synthetic-V1009-e0,correction,minimum_v1/synthetic-V1009-e0/correction/M1,node,administrative,11
synthetic,V1009,synthetic-V1009-e0,correction,minimum_v1/synthetic-V1009-e0/correction/M1,node,model_proposal_persisted,4
synthetic,V1009,synthetic-V1009-e0,correction,minimum_v1/synthetic-V1009-e0/correction/M1,node,recording_or_availability_construction,170
synthetic,V1009,synthetic-V1009-e0,correction,minimum_v1/synthetic-V1009-e0/correction/M1,node,support_evaluation,8
synthetic,V1009,synthetic-V1009-e0,delayed,minimum_v1/synthetic-V1009-e0/delayed/M1,node,administrative,8
synthetic,V1009,synthetic-V1009-e0,delayed,minimum_v1/synthetic-V1009-e0/delayed/M1,node,model_proposal_persisted,2
synthetic,V1009,synthetic-V1009-e0,delayed,minimum_v1/synthetic-V1009-e0/delayed/M1,node,recording_or_availability_construction,168
synthetic,V1009,synthetic-V1009-e0,delayed,minimum_v1/synthetic-V1009-e0/delayed/M1,node,support_evaluation,0
synthetic,V1009,synthetic-V1009-e1,channel_fault,minimum_v1/synthetic-V1009-e1/channel_fault/M1,node,administrative,8
synthetic,V1009,synthetic-V1009-e1,channel_fault,minimum_v1/synthetic-V1009-e1/channel_fault/M1,node,model_proposal_persisted,6
synthetic,V1009,synthetic-V1009-e1,channel_fault,minimum_v1/synthetic-V1009-e1/channel_fault/M1,node,recording_or_availability_construction,178
synthetic,V1009,synthetic-V1009-e1,channel_fault,minimum_v1/synthetic-V1009-e1/channel_fault/M1,node,support_evaluation,24
synthetic,V1009,synthetic-V1009-e1,clean,minimum_v1/synthetic-V1009-e1/clean/M1,node,administrative,8
synthetic,V1009,synthetic-V1009-e1,clean,minimum_v1/synthetic-V1009-e1/clean/M1,node,model_proposal_persisted,7
synthetic,V1009,synthetic-V1009-e1,clean,minimum_v1/synthetic-V1009-e1/clean/M1,node,recording_or_availability_construction,170
synthetic,V1009,synthetic-V1009-e1,clean,minimum_v1/synthetic-V1009-e1/clean/M1,node,support_evaluation,6
synthetic,V1009,synthetic-V1009-e1,correction,minimum_v1/synthetic-V1009-e1/correction/M1,node,administrative,11
synthetic,V1009,synthetic-V1009-e1,correction,minimum_v1/synthetic-V1009-e1/correction/M1,node,model_proposal_persisted,8
synthetic,V1009,synthetic-V1009-e1,correction,minimum_v1/synthetic-V1009-e1/correction/M1,node,recording_or_availability_construction,170
synthetic,V1009,synthetic-V1009-e1,correction,minimum_v1/synthetic-V1009-e1/correction/M1,node,support_evaluation,6
synthetic,V1009,synthetic-V1009-e1,delayed,minimum_v1/synthetic-V1009-e1/delayed/M1,node,administrative,8
synthetic,V1009,synthetic-V1009-e1,delayed,minimum_v1/synthetic-V1009-e1/delayed/M1,node,model_proposal_persisted,4
synthetic,V1009,synthetic-V1009-e1,delayed,minimum_v1/synthetic-V1009-e1/delayed/M1,node,recording_or_availability_construction,168
synthetic,V1009,synthetic-V1009-e1,delayed,minimum_v1/synthetic-V1009-e1/delayed/M1,node,support_evaluation,0
synthetic,V1010,synthetic-V1010-e0,channel_fault,minimum_v1/synthetic-V1010-e0/channel_fault/M1,node,administrative,8
synthetic,V1010,synthetic-V1010-e0,channel_fault,minimum_v1/synthetic-V1010-e0/channel_fault/M1,node,model_proposal_persisted,3
synthetic,V1010,synthetic-V1010-e0,channel_fault,minimum_v1/synthetic-V1010-e0/channel_fault/M1,node,recording_or_availability_construction,178
synthetic,V1010,synthetic-V1010-e0,channel_fault,minimum_v1/synthetic-V1010-e0/channel_fault/M1,node,support_evaluation,24
synthetic,V1010,synthetic-V1010-e0,clean,minimum_v1/synthetic-V1010-e0/clean/M1,node,administrative,8
synthetic,V1010,synthetic-V1010-e0,clean,minimum_v1/synthetic-V1010-e0/clean/M1,node,model_proposal_persisted,3
synthetic,V1010,synthetic-V1010-e0,clean,minimum_v1/synthetic-V1010-e0/clean/M1,node,recording_or_availability_construction,170
synthetic,V1010,synthetic-V1010-e0,clean,minimum_v1/synthetic-V1010-e0/clean/M1,node,support_evaluation,6
synthetic,V1010,synthetic-V1010-e0,correction,minimum_v1/synthetic-V1010-e0/correction/M1,node,administrative,11
synthetic,V1010,synthetic-V1010-e0,correction,minimum_v1/synthetic-V1010-e0/correction/M1,node,model_proposal_persisted,3
synthetic,V1010,synthetic-V1010-e0,correction,minimum_v1/synthetic-V1010-e0/correction/M1,node,recording_or_availability_construction,170
synthetic,V1010,synthetic-V1010-e0,correction,minimum_v1/synthetic-V1010-e0/correction/M1,node,support_evaluation,6
synthetic,V1010,synthetic-V1010-e0,delayed,minimum_v1/synthetic-V1010-e0/delayed/M1,node,administrative,8
synthetic,V1010,synthetic-V1010-e0,delayed,minimum_v1/synthetic-V1010-e0/delayed/M1,node,model_proposal_persisted,1
synthetic,V1010,synthetic-V1010-e0,delayed,minimum_v1/synthetic-V1010-e0/delayed/M1,node,recording_or_availability_construction,168
synthetic,V1010,synthetic-V1010-e0,delayed,minimum_v1/synthetic-V1010-e0/delayed/M1,node,support_evaluation,0
synthetic,V1010,synthetic-V1010-e1,channel_fault,minimum_v1/synthetic-V1010-e1/channel_fault/M1,node,administrative,8
synthetic,V1010,synthetic-V1010-e1,channel_fault,minimum_v1/synthetic-V1010-e1/channel_fault/M1,node,model_proposal_persisted,3
synthetic,V1010,synthetic-V1010-e1,channel_fault,minimum_v1/synthetic-V1010-e1/channel_fault/M1,node,recording_or_availability_construction,178
synthetic,V1010,synthetic-V1010-e1,channel_fault,minimum_v1/synthetic-V1010-e1/channel_fault/M1,node,support_evaluation,24
synthetic,V1010,synthetic-V1010-e1,clean,minimum_v1/synthetic-V1010-e1/clean/M1,node,administrative,8
synthetic,V1010,synthetic-V1010-e1,clean,minimum_v1/synthetic-V1010-e1/clean/M1,node,model_proposal_persisted,3
synthetic,V1010,synthetic-V1010-e1,clean,minimum_v1/synthetic-V1010-e1/clean/M1,node,recording_or_availability_construction,170
synthetic,V1010,synthetic-V1010-e1,clean,minimum_v1/synthetic-V1010-e1/clean/M1,node,support_evaluation,6
synthetic,V1010,synthetic-V1010-e1,correction,minimum_v1/synthetic-V1010-e1/correction/M1,node,administrative,11
synthetic,V1010,synthetic-V1010-e1,correction,minimum_v1/synthetic-V1010-e1/correction/M1,node,model_proposal_persisted,3
synthetic,V1010,synthetic-V1010-e1,correction,minimum_v1/synthetic-V1010-e1/correction/M1,node,recording_or_availability_construction,170
synthetic,V1010,synthetic-V1010-e1,correction,minimum_v1/synthetic-V1010-e1/correction/M1,node,support_evaluation,6
synthetic,V1010,synthetic-V1010-e1,delayed,minimum_v1/synthetic-V1010-e1/delayed/M1,node,administrative,8
synthetic,V1010,synthetic-V1010-e1,delayed,minimum_v1/synthetic-V1010-e1/delayed/M1,node,model_proposal_persisted,1
synthetic,V1010,synthetic-V1010-e1,delayed,minimum_v1/synthetic-V1010-e1/delayed/M1,node,recording_or_availability_construction,168
synthetic,V1010,synthetic-V1010-e1,delayed,minimum_v1/synthetic-V1010-e1/delayed/M1,node,support_evaluation,0
wesad,S10,wesad-S10-e0,channel_fault,minimum_v1/wesad-S10-e0/channel_fault/M1,node,administrative,11
wesad,S10,wesad-S10-e0,channel_fault,minimum_v1/wesad-S10-e0/channel_fault/M1,node,model_proposal_persisted,3
wesad,S10,wesad-S10-e0,channel_fault,minimum_v1/wesad-S10-e0/channel_fault/M1,node,recording_or_availability_construction,178
wesad,S10,wesad-S10-e0,channel_fault,minimum_v1/wesad-S10-e0/channel_fault/M1,node,support_evaluation,24
wesad,S10,wesad-S10-e0,clean,minimum_v1/wesad-S10-e0/clean/M1,node,administrative,8
wesad,S10,wesad-S10-e0,clean,minimum_v1/wesad-S10-e0/clean/M1,node,model_proposal_persisted,3
wesad,S10,wesad-S10-e0,clean,minimum_v1/wesad-S10-e0/clean/M1,node,recording_or_availability_construction,170
wesad,S10,wesad-S10-e0,clean,minimum_v1/wesad-S10-e0/clean/M1,node,support_evaluation,6
wesad,S10,wesad-S10-e0,correction,minimum_v1/wesad-S10-e0/correction/M1,node,administrative,11
wesad,S10,wesad-S10-e0,correction,minimum_v1/wesad-S10-e0/correction/M1,node,model_proposal_persisted,3
wesad,S10,wesad-S10-e0,correction,minimum_v1/wesad-S10-e0/correction/M1,node,recording_or_availability_construction,170
wesad,S10,wesad-S10-e0,correction,minimum_v1/wesad-S10-e0/correction/M1,node,support_evaluation,6
wesad,S10,wesad-S10-e0,delayed,minimum_v1/wesad-S10-e0/delayed/M1,node,administrative,8
wesad,S10,wesad-S10-e0,delayed,minimum_v1/wesad-S10-e0/delayed/M1,node,model_proposal_persisted,1
wesad,S10,wesad-S10-e0,delayed,minimum_v1/wesad-S10-e0/delayed/M1,node,recording_or_availability_construction,168
wesad,S10,wesad-S10-e0,delayed,minimum_v1/wesad-S10-e0/delayed/M1,node,support_evaluation,0
wesad,S10,wesad-S10-e1,channel_fault,minimum_v1/wesad-S10-e1/channel_fault/M1,node,administrative,11
wesad,S10,wesad-S10-e1,channel_fault,minimum_v1/wesad-S10-e1/channel_fault/M1,node,model_proposal_persisted,3
wesad,S10,wesad-S10-e1,channel_fault,minimum_v1/wesad-S10-e1/channel_fault/M1,node,recording_or_availability_construction,178
wesad,S10,wesad-S10-e1,channel_fault,minimum_v1/wesad-S10-e1/channel_fault/M1,node,support_evaluation,24
wesad,S10,wesad-S10-e1,clean,minimum_v1/wesad-S10-e1/clean/M1,node,administrative,8
wesad,S10,wesad-S10-e1,clean,minimum_v1/wesad-S10-e1/clean/M1,node,model_proposal_persisted,3
wesad,S10,wesad-S10-e1,clean,minimum_v1/wesad-S10-e1/clean/M1,node,recording_or_availability_construction,170
wesad,S10,wesad-S10-e1,clean,minimum_v1/wesad-S10-e1/clean/M1,node,support_evaluation,6
wesad,S10,wesad-S10-e1,correction,minimum_v1/wesad-S10-e1/correction/M1,node,administrative,11
wesad,S10,wesad-S10-e1,correction,minimum_v1/wesad-S10-e1/correction/M1,node,model_proposal_persisted,3
wesad,S10,wesad-S10-e1,correction,minimum_v1/wesad-S10-e1/correction/M1,node,recording_or_availability_construction,170
wesad,S10,wesad-S10-e1,correction,minimum_v1/wesad-S10-e1/correction/M1,node,support_evaluation,6
wesad,S10,wesad-S10-e1,delayed,minimum_v1/wesad-S10-e1/delayed/M1,node,administrative,8
wesad,S10,wesad-S10-e1,delayed,minimum_v1/wesad-S10-e1/delayed/M1,node,model_proposal_persisted,1
wesad,S10,wesad-S10-e1,delayed,minimum_v1/wesad-S10-e1/delayed/M1,node,recording_or_availability_construction,168
wesad,S10,wesad-S10-e1,delayed,minimum_v1/wesad-S10-e1/delayed/M1,node,support_evaluation,0
wesad,S11,wesad-S11-e0,channel_fault,minimum_v1/wesad-S11-e0/channel_fault/M1,node,administrative,11
wesad,S11,wesad-S11-e0,channel_fault,minimum_v1/wesad-S11-e0/channel_fault/M1,node,model_proposal_persisted,4
wesad,S11,wesad-S11-e0,channel_fault,minimum_v1/wesad-S11-e0/channel_fault/M1,node,recording_or_availability_construction,178
wesad,S11,wesad-S11-e0,channel_fault,minimum_v1/wesad-S11-e0/channel_fault/M1,node,support_evaluation,28
wesad,S11,wesad-S11-e0,clean,minimum_v1/wesad-S11-e0/clean/M1,node,administrative,8
wesad,S11,wesad-S11-e0,clean,minimum_v1/wesad-S11-e0/clean/M1,node,model_proposal_persisted,4
wesad,S11,wesad-S11-e0,clean,minimum_v1/wesad-S11-e0/clean/M1,node,recording_or_availability_construction,170
wesad,S11,wesad-S11-e0,clean,minimum_v1/wesad-S11-e0/clean/M1,node,support_evaluation,8
wesad,S11,wesad-S11-e0,correction,minimum_v1/wesad-S11-e0/correction/M1,node,administrative,11
wesad,S11,wesad-S11-e0,correction,minimum_v1/wesad-S11-e0/correction/M1,node,model_proposal_persisted,4
wesad,S11,wesad-S11-e0,correction,minimum_v1/wesad-S11-e0/correction/M1,node,recording_or_availability_construction,170
wesad,S11,wesad-S11-e0,correction,minimum_v1/wesad-S11-e0/correction/M1,node,support_evaluation,8
wesad,S11,wesad-S11-e0,delayed,minimum_v1/wesad-S11-e0/delayed/M1,node,administrative,8
wesad,S11,wesad-S11-e0,delayed,minimum_v1/wesad-S11-e0/delayed/M1,node,model_proposal_persisted,1
wesad,S11,wesad-S11-e0,delayed,minimum_v1/wesad-S11-e0/delayed/M1,node,recording_or_availability_construction,168
wesad,S11,wesad-S11-e0,delayed,minimum_v1/wesad-S11-e0/delayed/M1,node,support_evaluation,0
wesad,S11,wesad-S11-e1,channel_fault,minimum_v1/wesad-S11-e1/channel_fault/M1,node,administrative,8
wesad,S11,wesad-S11-e1,channel_fault,minimum_v1/wesad-S11-e1/channel_fault/M1,node,model_proposal_persisted,3
wesad,S11,wesad-S11-e1,channel_fault,minimum_v1/wesad-S11-e1/channel_fault/M1,node,recording_or_availability_construction,178
wesad,S11,wesad-S11-e1,channel_fault,minimum_v1/wesad-S11-e1/channel_fault/M1,node,support_evaluation,24
wesad,S11,wesad-S11-e1,clean,minimum_v1/wesad-S11-e1/clean/M1,node,administrative,8
wesad,S11,wesad-S11-e1,clean,minimum_v1/wesad-S11-e1/clean/M1,node,model_proposal_persisted,3
wesad,S11,wesad-S11-e1,clean,minimum_v1/wesad-S11-e1/clean/M1,node,recording_or_availability_construction,170
wesad,S11,wesad-S11-e1,clean,minimum_v1/wesad-S11-e1/clean/M1,node,support_evaluation,6
wesad,S11,wesad-S11-e1,correction,minimum_v1/wesad-S11-e1/correction/M1,node,administrative,11
wesad,S11,wesad-S11-e1,correction,minimum_v1/wesad-S11-e1/correction/M1,node,model_proposal_persisted,3
wesad,S11,wesad-S11-e1,correction,minimum_v1/wesad-S11-e1/correction/M1,node,recording_or_availability_construction,170
wesad,S11,wesad-S11-e1,correction,minimum_v1/wesad-S11-e1/correction/M1,node,support_evaluation,6
wesad,S11,wesad-S11-e1,delayed,minimum_v1/wesad-S11-e1/delayed/M1,node,administrative,8
wesad,S11,wesad-S11-e1,delayed,minimum_v1/wesad-S11-e1/delayed/M1,node,model_proposal_persisted,1
wesad,S11,wesad-S11-e1,delayed,minimum_v1/wesad-S11-e1/delayed/M1,node,recording_or_availability_construction,168
wesad,S11,wesad-S11-e1,delayed,minimum_v1/wesad-S11-e1/delayed/M1,node,support_evaluation,0
wesad,S13,wesad-S13-e0,channel_fault,minimum_v1/wesad-S13-e0/channel_fault/M1,node,administrative,8
wesad,S13,wesad-S13-e0,channel_fault,minimum_v1/wesad-S13-e0/channel_fault/M1,node,model_proposal_persisted,3
wesad,S13,wesad-S13-e0,channel_fault,minimum_v1/wesad-S13-e0/channel_fault/M1,node,recording_or_availability_construction,178
wesad,S13,wesad-S13-e0,channel_fault,minimum_v1/wesad-S13-e0/channel_fault/M1,node,support_evaluation,24
wesad,S13,wesad-S13-e0,clean,minimum_v1/wesad-S13-e0/clean/M1,node,administrative,8
wesad,S13,wesad-S13-e0,clean,minimum_v1/wesad-S13-e0/clean/M1,node,model_proposal_persisted,3
wesad,S13,wesad-S13-e0,clean,minimum_v1/wesad-S13-e0/clean/M1,node,recording_or_availability_construction,170
wesad,S13,wesad-S13-e0,clean,minimum_v1/wesad-S13-e0/clean/M1,node,support_evaluation,6
wesad,S13,wesad-S13-e0,correction,minimum_v1/wesad-S13-e0/correction/M1,node,administrative,11
wesad,S13,wesad-S13-e0,correction,minimum_v1/wesad-S13-e0/correction/M1,node,model_proposal_persisted,3
wesad,S13,wesad-S13-e0,correction,minimum_v1/wesad-S13-e0/correction/M1,node,recording_or_availability_construction,170
wesad,S13,wesad-S13-e0,correction,minimum_v1/wesad-S13-e0/correction/M1,node,support_evaluation,6
wesad,S13,wesad-S13-e0,delayed,minimum_v1/wesad-S13-e0/delayed/M1,node,administrative,8
wesad,S13,wesad-S13-e0,delayed,minimum_v1/wesad-S13-e0/delayed/M1,node,model_proposal_persisted,1
wesad,S13,wesad-S13-e0,delayed,minimum_v1/wesad-S13-e0/delayed/M1,node,recording_or_availability_construction,168
wesad,S13,wesad-S13-e0,delayed,minimum_v1/wesad-S13-e0/delayed/M1,node,support_evaluation,0
wesad,S13,wesad-S13-e1,channel_fault,minimum_v1/wesad-S13-e1/channel_fault/M1,node,administrative,11
wesad,S13,wesad-S13-e1,channel_fault,minimum_v1/wesad-S13-e1/channel_fault/M1,node,model_proposal_persisted,3
wesad,S13,wesad-S13-e1,channel_fault,minimum_v1/wesad-S13-e1/channel_fault/M1,node,recording_or_availability_construction,178
wesad,S13,wesad-S13-e1,channel_fault,minimum_v1/wesad-S13-e1/channel_fault/M1,node,support_evaluation,24
wesad,S13,wesad-S13-e1,clean,minimum_v1/wesad-S13-e1/clean/M1,node,administrative,8
wesad,S13,wesad-S13-e1,clean,minimum_v1/wesad-S13-e1/clean/M1,node,model_proposal_persisted,3
wesad,S13,wesad-S13-e1,clean,minimum_v1/wesad-S13-e1/clean/M1,node,recording_or_availability_construction,170
wesad,S13,wesad-S13-e1,clean,minimum_v1/wesad-S13-e1/clean/M1,node,support_evaluation,6
wesad,S13,wesad-S13-e1,correction,minimum_v1/wesad-S13-e1/correction/M1,node,administrative,11
wesad,S13,wesad-S13-e1,correction,minimum_v1/wesad-S13-e1/correction/M1,node,model_proposal_persisted,3
wesad,S13,wesad-S13-e1,correction,minimum_v1/wesad-S13-e1/correction/M1,node,recording_or_availability_construction,170
wesad,S13,wesad-S13-e1,correction,minimum_v1/wesad-S13-e1/correction/M1,node,support_evaluation,6
wesad,S13,wesad-S13-e1,delayed,minimum_v1/wesad-S13-e1/delayed/M1,node,administrative,8
wesad,S13,wesad-S13-e1,delayed,minimum_v1/wesad-S13-e1/delayed/M1,node,model_proposal_persisted,1
wesad,S13,wesad-S13-e1,delayed,minimum_v1/wesad-S13-e1/delayed/M1,node,recording_or_availability_construction,168
wesad,S13,wesad-S13-e1,delayed,minimum_v1/wesad-S13-e1/delayed/M1,node,support_evaluation,0
wesad,S14,wesad-S14-e0,channel_fault,minimum_v1/wesad-S14-e0/channel_fault/M1,node,administrative,8
wesad,S14,wesad-S14-e0,channel_fault,minimum_v1/wesad-S14-e0/channel_fault/M1,node,model_proposal_persisted,3
wesad,S14,wesad-S14-e0,channel_fault,minimum_v1/wesad-S14-e0/channel_fault/M1,node,recording_or_availability_construction,178
wesad,S14,wesad-S14-e0,channel_fault,minimum_v1/wesad-S14-e0/channel_fault/M1,node,support_evaluation,24
wesad,S14,wesad-S14-e0,clean,minimum_v1/wesad-S14-e0/clean/M1,node,administrative,8
wesad,S14,wesad-S14-e0,clean,minimum_v1/wesad-S14-e0/clean/M1,node,model_proposal_persisted,3
wesad,S14,wesad-S14-e0,clean,minimum_v1/wesad-S14-e0/clean/M1,node,recording_or_availability_construction,170
wesad,S14,wesad-S14-e0,clean,minimum_v1/wesad-S14-e0/clean/M1,node,support_evaluation,6
wesad,S14,wesad-S14-e0,correction,minimum_v1/wesad-S14-e0/correction/M1,node,administrative,11
wesad,S14,wesad-S14-e0,correction,minimum_v1/wesad-S14-e0/correction/M1,node,model_proposal_persisted,3
wesad,S14,wesad-S14-e0,correction,minimum_v1/wesad-S14-e0/correction/M1,node,recording_or_availability_construction,170
wesad,S14,wesad-S14-e0,correction,minimum_v1/wesad-S14-e0/correction/M1,node,support_evaluation,6
wesad,S14,wesad-S14-e0,delayed,minimum_v1/wesad-S14-e0/delayed/M1,node,administrative,8
wesad,S14,wesad-S14-e0,delayed,minimum_v1/wesad-S14-e0/delayed/M1,node,model_proposal_persisted,1
wesad,S14,wesad-S14-e0,delayed,minimum_v1/wesad-S14-e0/delayed/M1,node,recording_or_availability_construction,168
wesad,S14,wesad-S14-e0,delayed,minimum_v1/wesad-S14-e0/delayed/M1,node,support_evaluation,0
wesad,S14,wesad-S14-e1,channel_fault,minimum_v1/wesad-S14-e1/channel_fault/M1,node,administrative,11
wesad,S14,wesad-S14-e1,channel_fault,minimum_v1/wesad-S14-e1/channel_fault/M1,node,model_proposal_persisted,9
wesad,S14,wesad-S14-e1,channel_fault,minimum_v1/wesad-S14-e1/channel_fault/M1,node,recording_or_availability_construction,179
wesad,S14,wesad-S14-e1,channel_fault,minimum_v1/wesad-S14-e1/channel_fault/M1,node,support_evaluation,35
wesad,S14,wesad-S14-e1,clean,minimum_v1/wesad-S14-e1/clean/M1,node,administrative,8
wesad,S14,wesad-S14-e1,clean,minimum_v1/wesad-S14-e1/clean/M1,node,model_proposal_persisted,9
wesad,S14,wesad-S14-e1,clean,minimum_v1/wesad-S14-e1/clean/M1,node,recording_or_availability_construction,171
wesad,S14,wesad-S14-e1,clean,minimum_v1/wesad-S14-e1/clean/M1,node,support_evaluation,6
wesad,S14,wesad-S14-e1,correction,minimum_v1/wesad-S14-e1/correction/M1,node,administrative,11
wesad,S14,wesad-S14-e1,correction,minimum_v1/wesad-S14-e1/correction/M1,node,model_proposal_persisted,9
wesad,S14,wesad-S14-e1,correction,minimum_v1/wesad-S14-e1/correction/M1,node,recording_or_availability_construction,171
wesad,S14,wesad-S14-e1,correction,minimum_v1/wesad-S14-e1/correction/M1,node,support_evaluation,6
wesad,S14,wesad-S14-e1,delayed,minimum_v1/wesad-S14-e1/delayed/M1,node,administrative,8
wesad,S14,wesad-S14-e1,delayed,minimum_v1/wesad-S14-e1/delayed/M1,node,model_proposal_persisted,7
wesad,S14,wesad-S14-e1,delayed,minimum_v1/wesad-S14-e1/delayed/M1,node,recording_or_availability_construction,169
wesad,S14,wesad-S14-e1,delayed,minimum_v1/wesad-S14-e1/delayed/M1,node,support_evaluation,0
wesad,S15,wesad-S15-e0,channel_fault,minimum_v1/wesad-S15-e0/channel_fault/M1,node,administrative,11
wesad,S15,wesad-S15-e0,channel_fault,minimum_v1/wesad-S15-e0/channel_fault/M1,node,model_proposal_persisted,9
wesad,S15,wesad-S15-e0,channel_fault,minimum_v1/wesad-S15-e0/channel_fault/M1,node,recording_or_availability_construction,179
wesad,S15,wesad-S15-e0,channel_fault,minimum_v1/wesad-S15-e0/channel_fault/M1,node,support_evaluation,24
wesad,S15,wesad-S15-e0,clean,minimum_v1/wesad-S15-e0/clean/M1,node,administrative,8
wesad,S15,wesad-S15-e0,clean,minimum_v1/wesad-S15-e0/clean/M1,node,model_proposal_persisted,9
wesad,S15,wesad-S15-e0,clean,minimum_v1/wesad-S15-e0/clean/M1,node,recording_or_availability_construction,171
wesad,S15,wesad-S15-e0,clean,minimum_v1/wesad-S15-e0/clean/M1,node,support_evaluation,6
wesad,S15,wesad-S15-e0,correction,minimum_v1/wesad-S15-e0/correction/M1,node,administrative,11
wesad,S15,wesad-S15-e0,correction,minimum_v1/wesad-S15-e0/correction/M1,node,model_proposal_persisted,9
wesad,S15,wesad-S15-e0,correction,minimum_v1/wesad-S15-e0/correction/M1,node,recording_or_availability_construction,171
wesad,S15,wesad-S15-e0,correction,minimum_v1/wesad-S15-e0/correction/M1,node,support_evaluation,6
wesad,S15,wesad-S15-e0,delayed,minimum_v1/wesad-S15-e0/delayed/M1,node,administrative,8
wesad,S15,wesad-S15-e0,delayed,minimum_v1/wesad-S15-e0/delayed/M1,node,model_proposal_persisted,7
wesad,S15,wesad-S15-e0,delayed,minimum_v1/wesad-S15-e0/delayed/M1,node,recording_or_availability_construction,169
wesad,S15,wesad-S15-e0,delayed,minimum_v1/wesad-S15-e0/delayed/M1,node,support_evaluation,0
wesad,S15,wesad-S15-e1,channel_fault,minimum_v1/wesad-S15-e1/channel_fault/M1,node,administrative,8
wesad,S15,wesad-S15-e1,channel_fault,minimum_v1/wesad-S15-e1/channel_fault/M1,node,model_proposal_persisted,9
wesad,S15,wesad-S15-e1,channel_fault,minimum_v1/wesad-S15-e1/channel_fault/M1,node,recording_or_availability_construction,179
wesad,S15,wesad-S15-e1,channel_fault,minimum_v1/wesad-S15-e1/channel_fault/M1,node,support_evaluation,24
wesad,S15,wesad-S15-e1,clean,minimum_v1/wesad-S15-e1/clean/M1,node,administrative,8
wesad,S15,wesad-S15-e1,clean,minimum_v1/wesad-S15-e1/clean/M1,node,model_proposal_persisted,9
wesad,S15,wesad-S15-e1,clean,minimum_v1/wesad-S15-e1/clean/M1,node,recording_or_availability_construction,171
wesad,S15,wesad-S15-e1,clean,minimum_v1/wesad-S15-e1/clean/M1,node,support_evaluation,6
wesad,S15,wesad-S15-e1,correction,minimum_v1/wesad-S15-e1/correction/M1,node,administrative,11
wesad,S15,wesad-S15-e1,correction,minimum_v1/wesad-S15-e1/correction/M1,node,model_proposal_persisted,9
wesad,S15,wesad-S15-e1,correction,minimum_v1/wesad-S15-e1/correction/M1,node,recording_or_availability_construction,171
wesad,S15,wesad-S15-e1,correction,minimum_v1/wesad-S15-e1/correction/M1,node,support_evaluation,6
wesad,S15,wesad-S15-e1,delayed,minimum_v1/wesad-S15-e1/delayed/M1,node,administrative,8
wesad,S15,wesad-S15-e1,delayed,minimum_v1/wesad-S15-e1/delayed/M1,node,model_proposal_persisted,7
wesad,S15,wesad-S15-e1,delayed,minimum_v1/wesad-S15-e1/delayed/M1,node,recording_or_availability_construction,169
wesad,S15,wesad-S15-e1,delayed,minimum_v1/wesad-S15-e1/delayed/M1,node,support_evaluation,0
wesad,S16,wesad-S16-e0,channel_fault,minimum_v1/wesad-S16-e0/channel_fault/M1,node,administrative,11
wesad,S16,wesad-S16-e0,channel_fault,minimum_v1/wesad-S16-e0/channel_fault/M1,node,model_proposal_persisted,9
wesad,S16,wesad-S16-e0,channel_fault,minimum_v1/wesad-S16-e0/channel_fault/M1,node,recording_or_availability_construction,179
wesad,S16,wesad-S16-e0,channel_fault,minimum_v1/wesad-S16-e0/channel_fault/M1,node,support_evaluation,33
wesad,S16,wesad-S16-e0,clean,minimum_v1/wesad-S16-e0/clean/M1,node,administrative,8
wesad,S16,wesad-S16-e0,clean,minimum_v1/wesad-S16-e0/clean/M1,node,model_proposal_persisted,9
wesad,S16,wesad-S16-e0,clean,minimum_v1/wesad-S16-e0/clean/M1,node,recording_or_availability_construction,171
wesad,S16,wesad-S16-e0,clean,minimum_v1/wesad-S16-e0/clean/M1,node,support_evaluation,6
wesad,S16,wesad-S16-e0,correction,minimum_v1/wesad-S16-e0/correction/M1,node,administrative,11
wesad,S16,wesad-S16-e0,correction,minimum_v1/wesad-S16-e0/correction/M1,node,model_proposal_persisted,9
wesad,S16,wesad-S16-e0,correction,minimum_v1/wesad-S16-e0/correction/M1,node,recording_or_availability_construction,171
wesad,S16,wesad-S16-e0,correction,minimum_v1/wesad-S16-e0/correction/M1,node,support_evaluation,6
wesad,S16,wesad-S16-e0,delayed,minimum_v1/wesad-S16-e0/delayed/M1,node,administrative,8
wesad,S16,wesad-S16-e0,delayed,minimum_v1/wesad-S16-e0/delayed/M1,node,model_proposal_persisted,7
wesad,S16,wesad-S16-e0,delayed,minimum_v1/wesad-S16-e0/delayed/M1,node,recording_or_availability_construction,169
wesad,S16,wesad-S16-e0,delayed,minimum_v1/wesad-S16-e0/delayed/M1,node,support_evaluation,0
wesad,S16,wesad-S16-e1,channel_fault,minimum_v1/wesad-S16-e1/channel_fault/M1,node,administrative,11
wesad,S16,wesad-S16-e1,channel_fault,minimum_v1/wesad-S16-e1/channel_fault/M1,node,model_proposal_persisted,9
wesad,S16,wesad-S16-e1,channel_fault,minimum_v1/wesad-S16-e1/channel_fault/M1,node,recording_or_availability_construction,179
wesad,S16,wesad-S16-e1,channel_fault,minimum_v1/wesad-S16-e1/channel_fault/M1,node,support_evaluation,35
wesad,S16,wesad-S16-e1,clean,minimum_v1/wesad-S16-e1/clean/M1,node,administrative,8
wesad,S16,wesad-S16-e1,clean,minimum_v1/wesad-S16-e1/clean/M1,node,model_proposal_persisted,9
wesad,S16,wesad-S16-e1,clean,minimum_v1/wesad-S16-e1/clean/M1,node,recording_or_availability_construction,171
wesad,S16,wesad-S16-e1,clean,minimum_v1/wesad-S16-e1/clean/M1,node,support_evaluation,6
wesad,S16,wesad-S16-e1,correction,minimum_v1/wesad-S16-e1/correction/M1,node,administrative,11
wesad,S16,wesad-S16-e1,correction,minimum_v1/wesad-S16-e1/correction/M1,node,model_proposal_persisted,9
wesad,S16,wesad-S16-e1,correction,minimum_v1/wesad-S16-e1/correction/M1,node,recording_or_availability_construction,171
wesad,S16,wesad-S16-e1,correction,minimum_v1/wesad-S16-e1/correction/M1,node,support_evaluation,6
wesad,S16,wesad-S16-e1,delayed,minimum_v1/wesad-S16-e1/delayed/M1,node,administrative,8
wesad,S16,wesad-S16-e1,delayed,minimum_v1/wesad-S16-e1/delayed/M1,node,model_proposal_persisted,7
wesad,S16,wesad-S16-e1,delayed,minimum_v1/wesad-S16-e1/delayed/M1,node,recording_or_availability_construction,169
wesad,S16,wesad-S16-e1,delayed,minimum_v1/wesad-S16-e1/delayed/M1,node,support_evaluation,0
wesad,S2,wesad-S2-e0,channel_fault,minimum_v1/wesad-S2-e0/channel_fault/M1,node,administrative,8
wesad,S2,wesad-S2-e0,channel_fault,minimum_v1/wesad-S2-e0/channel_fault/M1,node,model_proposal_persisted,9
wesad,S2,wesad-S2-e0,channel_fault,minimum_v1/wesad-S2-e0/channel_fault/M1,node,recording_or_availability_construction,179
wesad,S2,wesad-S2-e0,channel_fault,minimum_v1/wesad-S2-e0/channel_fault/M1,node,support_evaluation,24
wesad,S2,wesad-S2-e0,clean,minimum_v1/wesad-S2-e0/clean/M1,node,administrative,8
wesad,S2,wesad-S2-e0,clean,minimum_v1/wesad-S2-e0/clean/M1,node,model_proposal_persisted,9
wesad,S2,wesad-S2-e0,clean,minimum_v1/wesad-S2-e0/clean/M1,node,recording_or_availability_construction,171
wesad,S2,wesad-S2-e0,clean,minimum_v1/wesad-S2-e0/clean/M1,node,support_evaluation,6
wesad,S2,wesad-S2-e0,correction,minimum_v1/wesad-S2-e0/correction/M1,node,administrative,11
wesad,S2,wesad-S2-e0,correction,minimum_v1/wesad-S2-e0/correction/M1,node,model_proposal_persisted,9
wesad,S2,wesad-S2-e0,correction,minimum_v1/wesad-S2-e0/correction/M1,node,recording_or_availability_construction,171
wesad,S2,wesad-S2-e0,correction,minimum_v1/wesad-S2-e0/correction/M1,node,support_evaluation,6
wesad,S2,wesad-S2-e0,delayed,minimum_v1/wesad-S2-e0/delayed/M1,node,administrative,8
wesad,S2,wesad-S2-e0,delayed,minimum_v1/wesad-S2-e0/delayed/M1,node,model_proposal_persisted,7
wesad,S2,wesad-S2-e0,delayed,minimum_v1/wesad-S2-e0/delayed/M1,node,recording_or_availability_construction,169
wesad,S2,wesad-S2-e0,delayed,minimum_v1/wesad-S2-e0/delayed/M1,node,support_evaluation,0
wesad,S2,wesad-S2-e1,channel_fault,minimum_v1/wesad-S2-e1/channel_fault/M1,node,administrative,11
wesad,S2,wesad-S2-e1,channel_fault,minimum_v1/wesad-S2-e1/channel_fault/M1,node,model_proposal_persisted,3
wesad,S2,wesad-S2-e1,channel_fault,minimum_v1/wesad-S2-e1/channel_fault/M1,node,recording_or_availability_construction,178
wesad,S2,wesad-S2-e1,channel_fault,minimum_v1/wesad-S2-e1/channel_fault/M1,node,support_evaluation,24
wesad,S2,wesad-S2-e1,clean,minimum_v1/wesad-S2-e1/clean/M1,node,administrative,8
wesad,S2,wesad-S2-e1,clean,minimum_v1/wesad-S2-e1/clean/M1,node,model_proposal_persisted,3
wesad,S2,wesad-S2-e1,clean,minimum_v1/wesad-S2-e1/clean/M1,node,recording_or_availability_construction,170
wesad,S2,wesad-S2-e1,clean,minimum_v1/wesad-S2-e1/clean/M1,node,support_evaluation,6
wesad,S2,wesad-S2-e1,correction,minimum_v1/wesad-S2-e1/correction/M1,node,administrative,11
wesad,S2,wesad-S2-e1,correction,minimum_v1/wesad-S2-e1/correction/M1,node,model_proposal_persisted,3
wesad,S2,wesad-S2-e1,correction,minimum_v1/wesad-S2-e1/correction/M1,node,recording_or_availability_construction,170
wesad,S2,wesad-S2-e1,correction,minimum_v1/wesad-S2-e1/correction/M1,node,support_evaluation,6
wesad,S2,wesad-S2-e1,delayed,minimum_v1/wesad-S2-e1/delayed/M1,node,administrative,8
wesad,S2,wesad-S2-e1,delayed,minimum_v1/wesad-S2-e1/delayed/M1,node,model_proposal_persisted,1
wesad,S2,wesad-S2-e1,delayed,minimum_v1/wesad-S2-e1/delayed/M1,node,recording_or_availability_construction,168
wesad,S2,wesad-S2-e1,delayed,minimum_v1/wesad-S2-e1/delayed/M1,node,support_evaluation,0
wesad,S6,wesad-S6-e0,channel_fault,minimum_v1/wesad-S6-e0/channel_fault/M1,node,administrative,11
wesad,S6,wesad-S6-e0,channel_fault,minimum_v1/wesad-S6-e0/channel_fault/M1,node,model_proposal_persisted,9
wesad,S6,wesad-S6-e0,channel_fault,minimum_v1/wesad-S6-e0/channel_fault/M1,node,recording_or_availability_construction,178
wesad,S6,wesad-S6-e0,channel_fault,minimum_v1/wesad-S6-e0/channel_fault/M1,node,support_evaluation,35
wesad,S6,wesad-S6-e0,clean,minimum_v1/wesad-S6-e0/clean/M1,node,administrative,8
wesad,S6,wesad-S6-e0,clean,minimum_v1/wesad-S6-e0/clean/M1,node,model_proposal_persisted,9
wesad,S6,wesad-S6-e0,clean,minimum_v1/wesad-S6-e0/clean/M1,node,recording_or_availability_construction,170
wesad,S6,wesad-S6-e0,clean,minimum_v1/wesad-S6-e0/clean/M1,node,support_evaluation,6
wesad,S6,wesad-S6-e0,correction,minimum_v1/wesad-S6-e0/correction/M1,node,administrative,11
wesad,S6,wesad-S6-e0,correction,minimum_v1/wesad-S6-e0/correction/M1,node,model_proposal_persisted,9
wesad,S6,wesad-S6-e0,correction,minimum_v1/wesad-S6-e0/correction/M1,node,recording_or_availability_construction,170
wesad,S6,wesad-S6-e0,correction,minimum_v1/wesad-S6-e0/correction/M1,node,support_evaluation,6
wesad,S6,wesad-S6-e0,delayed,minimum_v1/wesad-S6-e0/delayed/M1,node,administrative,8
wesad,S6,wesad-S6-e0,delayed,minimum_v1/wesad-S6-e0/delayed/M1,node,model_proposal_persisted,4
wesad,S6,wesad-S6-e0,delayed,minimum_v1/wesad-S6-e0/delayed/M1,node,recording_or_availability_construction,168
wesad,S6,wesad-S6-e0,delayed,minimum_v1/wesad-S6-e0/delayed/M1,node,support_evaluation,0
wesad,S6,wesad-S6-e1,channel_fault,minimum_v1/wesad-S6-e1/channel_fault/M1,node,administrative,11
wesad,S6,wesad-S6-e1,channel_fault,minimum_v1/wesad-S6-e1/channel_fault/M1,node,model_proposal_persisted,9
wesad,S6,wesad-S6-e1,channel_fault,minimum_v1/wesad-S6-e1/channel_fault/M1,node,recording_or_availability_construction,179
wesad,S6,wesad-S6-e1,channel_fault,minimum_v1/wesad-S6-e1/channel_fault/M1,node,support_evaluation,33
wesad,S6,wesad-S6-e1,clean,minimum_v1/wesad-S6-e1/clean/M1,node,administrative,8
wesad,S6,wesad-S6-e1,clean,minimum_v1/wesad-S6-e1/clean/M1,node,model_proposal_persisted,9
wesad,S6,wesad-S6-e1,clean,minimum_v1/wesad-S6-e1/clean/M1,node,recording_or_availability_construction,171
wesad,S6,wesad-S6-e1,clean,minimum_v1/wesad-S6-e1/clean/M1,node,support_evaluation,6
wesad,S6,wesad-S6-e1,correction,minimum_v1/wesad-S6-e1/correction/M1,node,administrative,11
wesad,S6,wesad-S6-e1,correction,minimum_v1/wesad-S6-e1/correction/M1,node,model_proposal_persisted,9
wesad,S6,wesad-S6-e1,correction,minimum_v1/wesad-S6-e1/correction/M1,node,recording_or_availability_construction,171
wesad,S6,wesad-S6-e1,correction,minimum_v1/wesad-S6-e1/correction/M1,node,support_evaluation,6
wesad,S6,wesad-S6-e1,delayed,minimum_v1/wesad-S6-e1/delayed/M1,node,administrative,8
wesad,S6,wesad-S6-e1,delayed,minimum_v1/wesad-S6-e1/delayed/M1,node,model_proposal_persisted,7
wesad,S6,wesad-S6-e1,delayed,minimum_v1/wesad-S6-e1/delayed/M1,node,recording_or_availability_construction,169
wesad,S6,wesad-S6-e1,delayed,minimum_v1/wesad-S6-e1/delayed/M1,node,support_evaluation,0
wesad,S7,wesad-S7-e0,channel_fault,minimum_v1/wesad-S7-e0/channel_fault/M1,node,administrative,11
wesad,S7,wesad-S7-e0,channel_fault,minimum_v1/wesad-S7-e0/channel_fault/M1,node,model_proposal_persisted,9
wesad,S7,wesad-S7-e0,channel_fault,minimum_v1/wesad-S7-e0/channel_fault/M1,node,recording_or_availability_construction,179
wesad,S7,wesad-S7-e0,channel_fault,minimum_v1/wesad-S7-e0/channel_fault/M1,node,support_evaluation,35
wesad,S7,wesad-S7-e0,clean,minimum_v1/wesad-S7-e0/clean/M1,node,administrative,8
wesad,S7,wesad-S7-e0,clean,minimum_v1/wesad-S7-e0/clean/M1,node,model_proposal_persisted,9
wesad,S7,wesad-S7-e0,clean,minimum_v1/wesad-S7-e0/clean/M1,node,recording_or_availability_construction,171
wesad,S7,wesad-S7-e0,clean,minimum_v1/wesad-S7-e0/clean/M1,node,support_evaluation,6
wesad,S7,wesad-S7-e0,correction,minimum_v1/wesad-S7-e0/correction/M1,node,administrative,11
wesad,S7,wesad-S7-e0,correction,minimum_v1/wesad-S7-e0/correction/M1,node,model_proposal_persisted,9
wesad,S7,wesad-S7-e0,correction,minimum_v1/wesad-S7-e0/correction/M1,node,recording_or_availability_construction,171
wesad,S7,wesad-S7-e0,correction,minimum_v1/wesad-S7-e0/correction/M1,node,support_evaluation,6
wesad,S7,wesad-S7-e0,delayed,minimum_v1/wesad-S7-e0/delayed/M1,node,administrative,8
wesad,S7,wesad-S7-e0,delayed,minimum_v1/wesad-S7-e0/delayed/M1,node,model_proposal_persisted,7
wesad,S7,wesad-S7-e0,delayed,minimum_v1/wesad-S7-e0/delayed/M1,node,recording_or_availability_construction,169
wesad,S7,wesad-S7-e0,delayed,minimum_v1/wesad-S7-e0/delayed/M1,node,support_evaluation,0
wesad,S7,wesad-S7-e1,channel_fault,minimum_v1/wesad-S7-e1/channel_fault/M1,node,administrative,8
wesad,S7,wesad-S7-e1,channel_fault,minimum_v1/wesad-S7-e1/channel_fault/M1,node,model_proposal_persisted,3
wesad,S7,wesad-S7-e1,channel_fault,minimum_v1/wesad-S7-e1/channel_fault/M1,node,recording_or_availability_construction,178
wesad,S7,wesad-S7-e1,channel_fault,minimum_v1/wesad-S7-e1/channel_fault/M1,node,support_evaluation,24
wesad,S7,wesad-S7-e1,clean,minimum_v1/wesad-S7-e1/clean/M1,node,administrative,8
wesad,S7,wesad-S7-e1,clean,minimum_v1/wesad-S7-e1/clean/M1,node,model_proposal_persisted,3
wesad,S7,wesad-S7-e1,clean,minimum_v1/wesad-S7-e1/clean/M1,node,recording_or_availability_construction,170
wesad,S7,wesad-S7-e1,clean,minimum_v1/wesad-S7-e1/clean/M1,node,support_evaluation,6
wesad,S7,wesad-S7-e1,correction,minimum_v1/wesad-S7-e1/correction/M1,node,administrative,11
wesad,S7,wesad-S7-e1,correction,minimum_v1/wesad-S7-e1/correction/M1,node,model_proposal_persisted,3
wesad,S7,wesad-S7-e1,correction,minimum_v1/wesad-S7-e1/correction/M1,node,recording_or_availability_construction,170
wesad,S7,wesad-S7-e1,correction,minimum_v1/wesad-S7-e1/correction/M1,node,support_evaluation,6
wesad,S7,wesad-S7-e1,delayed,minimum_v1/wesad-S7-e1/delayed/M1,node,administrative,8
wesad,S7,wesad-S7-e1,delayed,minimum_v1/wesad-S7-e1/delayed/M1,node,model_proposal_persisted,1
wesad,S7,wesad-S7-e1,delayed,minimum_v1/wesad-S7-e1/delayed/M1,node,recording_or_availability_construction,168
wesad,S7,wesad-S7-e1,delayed,minimum_v1/wesad-S7-e1/delayed/M1,node,support_evaluation,0
wesad,S8,wesad-S8-e0,channel_fault,minimum_v1/wesad-S8-e0/channel_fault/M1,node,administrative,11
wesad,S8,wesad-S8-e0,channel_fault,minimum_v1/wesad-S8-e0/channel_fault/M1,node,model_proposal_persisted,3
wesad,S8,wesad-S8-e0,channel_fault,minimum_v1/wesad-S8-e0/channel_fault/M1,node,recording_or_availability_construction,178
wesad,S8,wesad-S8-e0,channel_fault,minimum_v1/wesad-S8-e0/channel_fault/M1,node,support_evaluation,24
wesad,S8,wesad-S8-e0,clean,minimum_v1/wesad-S8-e0/clean/M1,node,administrative,8
wesad,S8,wesad-S8-e0,clean,minimum_v1/wesad-S8-e0/clean/M1,node,model_proposal_persisted,3
wesad,S8,wesad-S8-e0,clean,minimum_v1/wesad-S8-e0/clean/M1,node,recording_or_availability_construction,170
wesad,S8,wesad-S8-e0,clean,minimum_v1/wesad-S8-e0/clean/M1,node,support_evaluation,6
wesad,S8,wesad-S8-e0,correction,minimum_v1/wesad-S8-e0/correction/M1,node,administrative,11
wesad,S8,wesad-S8-e0,correction,minimum_v1/wesad-S8-e0/correction/M1,node,model_proposal_persisted,3
wesad,S8,wesad-S8-e0,correction,minimum_v1/wesad-S8-e0/correction/M1,node,recording_or_availability_construction,170
wesad,S8,wesad-S8-e0,correction,minimum_v1/wesad-S8-e0/correction/M1,node,support_evaluation,6
wesad,S8,wesad-S8-e0,delayed,minimum_v1/wesad-S8-e0/delayed/M1,node,administrative,8
wesad,S8,wesad-S8-e0,delayed,minimum_v1/wesad-S8-e0/delayed/M1,node,model_proposal_persisted,1
wesad,S8,wesad-S8-e0,delayed,minimum_v1/wesad-S8-e0/delayed/M1,node,recording_or_availability_construction,168
wesad,S8,wesad-S8-e0,delayed,minimum_v1/wesad-S8-e0/delayed/M1,node,support_evaluation,0
wesad,S8,wesad-S8-e1,channel_fault,minimum_v1/wesad-S8-e1/channel_fault/M1,node,administrative,11
wesad,S8,wesad-S8-e1,channel_fault,minimum_v1/wesad-S8-e1/channel_fault/M1,node,model_proposal_persisted,9
wesad,S8,wesad-S8-e1,channel_fault,minimum_v1/wesad-S8-e1/channel_fault/M1,node,recording_or_availability_construction,179
wesad,S8,wesad-S8-e1,channel_fault,minimum_v1/wesad-S8-e1/channel_fault/M1,node,support_evaluation,24
wesad,S8,wesad-S8-e1,clean,minimum_v1/wesad-S8-e1/clean/M1,node,administrative,8
wesad,S8,wesad-S8-e1,clean,minimum_v1/wesad-S8-e1/clean/M1,node,model_proposal_persisted,9
wesad,S8,wesad-S8-e1,clean,minimum_v1/wesad-S8-e1/clean/M1,node,recording_or_availability_construction,171
wesad,S8,wesad-S8-e1,clean,minimum_v1/wesad-S8-e1/clean/M1,node,support_evaluation,6
wesad,S8,wesad-S8-e1,correction,minimum_v1/wesad-S8-e1/correction/M1,node,administrative,11
wesad,S8,wesad-S8-e1,correction,minimum_v1/wesad-S8-e1/correction/M1,node,model_proposal_persisted,9
wesad,S8,wesad-S8-e1,correction,minimum_v1/wesad-S8-e1/correction/M1,node,recording_or_availability_construction,171
wesad,S8,wesad-S8-e1,correction,minimum_v1/wesad-S8-e1/correction/M1,node,support_evaluation,6
wesad,S8,wesad-S8-e1,delayed,minimum_v1/wesad-S8-e1/delayed/M1,node,administrative,8
wesad,S8,wesad-S8-e1,delayed,minimum_v1/wesad-S8-e1/delayed/M1,node,model_proposal_persisted,7
wesad,S8,wesad-S8-e1,delayed,minimum_v1/wesad-S8-e1/delayed/M1,node,recording_or_availability_construction,169
wesad,S8,wesad-S8-e1,delayed,minimum_v1/wesad-S8-e1/delayed/M1,node,support_evaluation,0
ppg_dalia,S1,ppg_dalia-S1-e0,channel_fault,minimum_v1/ppg_dalia-S1-e0/channel_fault/M1,edge,accepted_citation_mirror,3
ppg_dalia,S1,ppg_dalia-S1-e0,channel_fault,minimum_v1/ppg_dalia-S1-e0/channel_fault/M1,edge,administrative,212
ppg_dalia,S1,ppg_dalia-S1-e0,channel_fault,minimum_v1/ppg_dalia-S1-e0/channel_fault/M1,edge,declared_parent,0
ppg_dalia,S1,ppg_dalia-S1-e0,channel_fault,minimum_v1/ppg_dalia-S1-e0/channel_fault/M1,edge,deterministic_provenance,322
ppg_dalia,S1,ppg_dalia-S1-e0,channel_fault,minimum_v1/ppg_dalia-S1-e0/channel_fault/M1,edge,model_evidence_citation,3
ppg_dalia,S1,ppg_dalia-S1-e0,channel_fault,minimum_v1/ppg_dalia-S1-e0/channel_fault/M1,edge,support_evaluation,27
ppg_dalia,S1,ppg_dalia-S1-e0,clean,minimum_v1/ppg_dalia-S1-e0/clean/M1,edge,accepted_citation_mirror,3
ppg_dalia,S1,ppg_dalia-S1-e0,clean,minimum_v1/ppg_dalia-S1-e0/clean/M1,edge,administrative,188
ppg_dalia,S1,ppg_dalia-S1-e0,clean,minimum_v1/ppg_dalia-S1-e0/clean/M1,edge,declared_parent,0
ppg_dalia,S1,ppg_dalia-S1-e0,clean,minimum_v1/ppg_dalia-S1-e0/clean/M1,edge,deterministic_provenance,308
ppg_dalia,S1,ppg_dalia-S1-e0,clean,minimum_v1/ppg_dalia-S1-e0/clean/M1,edge,model_evidence_citation,3
ppg_dalia,S1,ppg_dalia-S1-e0,clean,minimum_v1/ppg_dalia-S1-e0/clean/M1,edge,support_evaluation,6
ppg_dalia,S1,ppg_dalia-S1-e0,correction,minimum_v1/ppg_dalia-S1-e0/correction/M1,edge,accepted_citation_mirror,3
ppg_dalia,S1,ppg_dalia-S1-e0,correction,minimum_v1/ppg_dalia-S1-e0/correction/M1,edge,administrative,196
ppg_dalia,S1,ppg_dalia-S1-e0,correction,minimum_v1/ppg_dalia-S1-e0/correction/M1,edge,declared_parent,0
ppg_dalia,S1,ppg_dalia-S1-e0,correction,minimum_v1/ppg_dalia-S1-e0/correction/M1,edge,deterministic_provenance,308
ppg_dalia,S1,ppg_dalia-S1-e0,correction,minimum_v1/ppg_dalia-S1-e0/correction/M1,edge,model_evidence_citation,3
ppg_dalia,S1,ppg_dalia-S1-e0,correction,minimum_v1/ppg_dalia-S1-e0/correction/M1,edge,support_evaluation,8
ppg_dalia,S1,ppg_dalia-S1-e0,delayed,minimum_v1/ppg_dalia-S1-e0/delayed/M1,edge,accepted_citation_mirror,1
ppg_dalia,S1,ppg_dalia-S1-e0,delayed,minimum_v1/ppg_dalia-S1-e0/delayed/M1,edge,administrative,178
ppg_dalia,S1,ppg_dalia-S1-e0,delayed,minimum_v1/ppg_dalia-S1-e0/delayed/M1,edge,declared_parent,0
ppg_dalia,S1,ppg_dalia-S1-e0,delayed,minimum_v1/ppg_dalia-S1-e0/delayed/M1,edge,deterministic_provenance,304
ppg_dalia,S1,ppg_dalia-S1-e0,delayed,minimum_v1/ppg_dalia-S1-e0/delayed/M1,edge,model_evidence_citation,1
ppg_dalia,S1,ppg_dalia-S1-e0,delayed,minimum_v1/ppg_dalia-S1-e0/delayed/M1,edge,support_evaluation,0
ppg_dalia,S1,ppg_dalia-S1-e1,channel_fault,minimum_v1/ppg_dalia-S1-e1/channel_fault/M1,edge,accepted_citation_mirror,3
ppg_dalia,S1,ppg_dalia-S1-e1,channel_fault,minimum_v1/ppg_dalia-S1-e1/channel_fault/M1,edge,administrative,212
ppg_dalia,S1,ppg_dalia-S1-e1,channel_fault,minimum_v1/ppg_dalia-S1-e1/channel_fault/M1,edge,declared_parent,0
ppg_dalia,S1,ppg_dalia-S1-e1,channel_fault,minimum_v1/ppg_dalia-S1-e1/channel_fault/M1,edge,deterministic_provenance,322
ppg_dalia,S1,ppg_dalia-S1-e1,channel_fault,minimum_v1/ppg_dalia-S1-e1/channel_fault/M1,edge,model_evidence_citation,3
ppg_dalia,S1,ppg_dalia-S1-e1,channel_fault,minimum_v1/ppg_dalia-S1-e1/channel_fault/M1,edge,support_evaluation,27
ppg_dalia,S1,ppg_dalia-S1-e1,clean,minimum_v1/ppg_dalia-S1-e1/clean/M1,edge,accepted_citation_mirror,3
ppg_dalia,S1,ppg_dalia-S1-e1,clean,minimum_v1/ppg_dalia-S1-e1/clean/M1,edge,administrative,188
ppg_dalia,S1,ppg_dalia-S1-e1,clean,minimum_v1/ppg_dalia-S1-e1/clean/M1,edge,declared_parent,0
ppg_dalia,S1,ppg_dalia-S1-e1,clean,minimum_v1/ppg_dalia-S1-e1/clean/M1,edge,deterministic_provenance,308
ppg_dalia,S1,ppg_dalia-S1-e1,clean,minimum_v1/ppg_dalia-S1-e1/clean/M1,edge,model_evidence_citation,3
ppg_dalia,S1,ppg_dalia-S1-e1,clean,minimum_v1/ppg_dalia-S1-e1/clean/M1,edge,support_evaluation,6
ppg_dalia,S1,ppg_dalia-S1-e1,correction,minimum_v1/ppg_dalia-S1-e1/correction/M1,edge,accepted_citation_mirror,3
ppg_dalia,S1,ppg_dalia-S1-e1,correction,minimum_v1/ppg_dalia-S1-e1/correction/M1,edge,administrative,196
ppg_dalia,S1,ppg_dalia-S1-e1,correction,minimum_v1/ppg_dalia-S1-e1/correction/M1,edge,declared_parent,0
ppg_dalia,S1,ppg_dalia-S1-e1,correction,minimum_v1/ppg_dalia-S1-e1/correction/M1,edge,deterministic_provenance,308
ppg_dalia,S1,ppg_dalia-S1-e1,correction,minimum_v1/ppg_dalia-S1-e1/correction/M1,edge,model_evidence_citation,3
ppg_dalia,S1,ppg_dalia-S1-e1,correction,minimum_v1/ppg_dalia-S1-e1/correction/M1,edge,support_evaluation,8
ppg_dalia,S1,ppg_dalia-S1-e1,delayed,minimum_v1/ppg_dalia-S1-e1/delayed/M1,edge,accepted_citation_mirror,1
ppg_dalia,S1,ppg_dalia-S1-e1,delayed,minimum_v1/ppg_dalia-S1-e1/delayed/M1,edge,administrative,178
ppg_dalia,S1,ppg_dalia-S1-e1,delayed,minimum_v1/ppg_dalia-S1-e1/delayed/M1,edge,declared_parent,0
ppg_dalia,S1,ppg_dalia-S1-e1,delayed,minimum_v1/ppg_dalia-S1-e1/delayed/M1,edge,deterministic_provenance,304
ppg_dalia,S1,ppg_dalia-S1-e1,delayed,minimum_v1/ppg_dalia-S1-e1/delayed/M1,edge,model_evidence_citation,1
ppg_dalia,S1,ppg_dalia-S1-e1,delayed,minimum_v1/ppg_dalia-S1-e1/delayed/M1,edge,support_evaluation,0
ppg_dalia,S10,ppg_dalia-S10-e0,channel_fault,minimum_v1/ppg_dalia-S10-e0/channel_fault/M1,edge,accepted_citation_mirror,3
ppg_dalia,S10,ppg_dalia-S10-e0,channel_fault,minimum_v1/ppg_dalia-S10-e0/channel_fault/M1,edge,administrative,212
ppg_dalia,S10,ppg_dalia-S10-e0,channel_fault,minimum_v1/ppg_dalia-S10-e0/channel_fault/M1,edge,declared_parent,0
ppg_dalia,S10,ppg_dalia-S10-e0,channel_fault,minimum_v1/ppg_dalia-S10-e0/channel_fault/M1,edge,deterministic_provenance,322
ppg_dalia,S10,ppg_dalia-S10-e0,channel_fault,minimum_v1/ppg_dalia-S10-e0/channel_fault/M1,edge,model_evidence_citation,3
ppg_dalia,S10,ppg_dalia-S10-e0,channel_fault,minimum_v1/ppg_dalia-S10-e0/channel_fault/M1,edge,support_evaluation,27
ppg_dalia,S10,ppg_dalia-S10-e0,clean,minimum_v1/ppg_dalia-S10-e0/clean/M1,edge,accepted_citation_mirror,3
ppg_dalia,S10,ppg_dalia-S10-e0,clean,minimum_v1/ppg_dalia-S10-e0/clean/M1,edge,administrative,188
ppg_dalia,S10,ppg_dalia-S10-e0,clean,minimum_v1/ppg_dalia-S10-e0/clean/M1,edge,declared_parent,0
ppg_dalia,S10,ppg_dalia-S10-e0,clean,minimum_v1/ppg_dalia-S10-e0/clean/M1,edge,deterministic_provenance,308
ppg_dalia,S10,ppg_dalia-S10-e0,clean,minimum_v1/ppg_dalia-S10-e0/clean/M1,edge,model_evidence_citation,3
ppg_dalia,S10,ppg_dalia-S10-e0,clean,minimum_v1/ppg_dalia-S10-e0/clean/M1,edge,support_evaluation,6
ppg_dalia,S10,ppg_dalia-S10-e0,correction,minimum_v1/ppg_dalia-S10-e0/correction/M1,edge,accepted_citation_mirror,3
ppg_dalia,S10,ppg_dalia-S10-e0,correction,minimum_v1/ppg_dalia-S10-e0/correction/M1,edge,administrative,196
ppg_dalia,S10,ppg_dalia-S10-e0,correction,minimum_v1/ppg_dalia-S10-e0/correction/M1,edge,declared_parent,0
ppg_dalia,S10,ppg_dalia-S10-e0,correction,minimum_v1/ppg_dalia-S10-e0/correction/M1,edge,deterministic_provenance,308
ppg_dalia,S10,ppg_dalia-S10-e0,correction,minimum_v1/ppg_dalia-S10-e0/correction/M1,edge,model_evidence_citation,3
ppg_dalia,S10,ppg_dalia-S10-e0,correction,minimum_v1/ppg_dalia-S10-e0/correction/M1,edge,support_evaluation,8
ppg_dalia,S10,ppg_dalia-S10-e0,delayed,minimum_v1/ppg_dalia-S10-e0/delayed/M1,edge,accepted_citation_mirror,1
ppg_dalia,S10,ppg_dalia-S10-e0,delayed,minimum_v1/ppg_dalia-S10-e0/delayed/M1,edge,administrative,178
ppg_dalia,S10,ppg_dalia-S10-e0,delayed,minimum_v1/ppg_dalia-S10-e0/delayed/M1,edge,declared_parent,0
ppg_dalia,S10,ppg_dalia-S10-e0,delayed,minimum_v1/ppg_dalia-S10-e0/delayed/M1,edge,deterministic_provenance,304
ppg_dalia,S10,ppg_dalia-S10-e0,delayed,minimum_v1/ppg_dalia-S10-e0/delayed/M1,edge,model_evidence_citation,1
ppg_dalia,S10,ppg_dalia-S10-e0,delayed,minimum_v1/ppg_dalia-S10-e0/delayed/M1,edge,support_evaluation,0
ppg_dalia,S10,ppg_dalia-S10-e1,channel_fault,minimum_v1/ppg_dalia-S10-e1/channel_fault/M1,edge,accepted_citation_mirror,3
ppg_dalia,S10,ppg_dalia-S10-e1,channel_fault,minimum_v1/ppg_dalia-S10-e1/channel_fault/M1,edge,administrative,204
ppg_dalia,S10,ppg_dalia-S10-e1,channel_fault,minimum_v1/ppg_dalia-S10-e1/channel_fault/M1,edge,declared_parent,0
ppg_dalia,S10,ppg_dalia-S10-e1,channel_fault,minimum_v1/ppg_dalia-S10-e1/channel_fault/M1,edge,deterministic_provenance,322
ppg_dalia,S10,ppg_dalia-S10-e1,channel_fault,minimum_v1/ppg_dalia-S10-e1/channel_fault/M1,edge,model_evidence_citation,3
ppg_dalia,S10,ppg_dalia-S10-e1,channel_fault,minimum_v1/ppg_dalia-S10-e1/channel_fault/M1,edge,support_evaluation,24
ppg_dalia,S10,ppg_dalia-S10-e1,clean,minimum_v1/ppg_dalia-S10-e1/clean/M1,edge,accepted_citation_mirror,3
ppg_dalia,S10,ppg_dalia-S10-e1,clean,minimum_v1/ppg_dalia-S10-e1/clean/M1,edge,administrative,188
ppg_dalia,S10,ppg_dalia-S10-e1,clean,minimum_v1/ppg_dalia-S10-e1/clean/M1,edge,declared_parent,0
ppg_dalia,S10,ppg_dalia-S10-e1,clean,minimum_v1/ppg_dalia-S10-e1/clean/M1,edge,deterministic_provenance,308
ppg_dalia,S10,ppg_dalia-S10-e1,clean,minimum_v1/ppg_dalia-S10-e1/clean/M1,edge,model_evidence_citation,3
ppg_dalia,S10,ppg_dalia-S10-e1,clean,minimum_v1/ppg_dalia-S10-e1/clean/M1,edge,support_evaluation,6
ppg_dalia,S10,ppg_dalia-S10-e1,correction,minimum_v1/ppg_dalia-S10-e1/correction/M1,edge,accepted_citation_mirror,3
ppg_dalia,S10,ppg_dalia-S10-e1,correction,minimum_v1/ppg_dalia-S10-e1/correction/M1,edge,administrative,196
ppg_dalia,S10,ppg_dalia-S10-e1,correction,minimum_v1/ppg_dalia-S10-e1/correction/M1,edge,declared_parent,0
ppg_dalia,S10,ppg_dalia-S10-e1,correction,minimum_v1/ppg_dalia-S10-e1/correction/M1,edge,deterministic_provenance,308
ppg_dalia,S10,ppg_dalia-S10-e1,correction,minimum_v1/ppg_dalia-S10-e1/correction/M1,edge,model_evidence_citation,3
ppg_dalia,S10,ppg_dalia-S10-e1,correction,minimum_v1/ppg_dalia-S10-e1/correction/M1,edge,support_evaluation,8
ppg_dalia,S10,ppg_dalia-S10-e1,delayed,minimum_v1/ppg_dalia-S10-e1/delayed/M1,edge,accepted_citation_mirror,1
ppg_dalia,S10,ppg_dalia-S10-e1,delayed,minimum_v1/ppg_dalia-S10-e1/delayed/M1,edge,administrative,178
ppg_dalia,S10,ppg_dalia-S10-e1,delayed,minimum_v1/ppg_dalia-S10-e1/delayed/M1,edge,declared_parent,0
ppg_dalia,S10,ppg_dalia-S10-e1,delayed,minimum_v1/ppg_dalia-S10-e1/delayed/M1,edge,deterministic_provenance,304
ppg_dalia,S10,ppg_dalia-S10-e1,delayed,minimum_v1/ppg_dalia-S10-e1/delayed/M1,edge,model_evidence_citation,1
ppg_dalia,S10,ppg_dalia-S10-e1,delayed,minimum_v1/ppg_dalia-S10-e1/delayed/M1,edge,support_evaluation,0
ppg_dalia,S11,ppg_dalia-S11-e0,channel_fault,minimum_v1/ppg_dalia-S11-e0/channel_fault/M1,edge,accepted_citation_mirror,3
ppg_dalia,S11,ppg_dalia-S11-e0,channel_fault,minimum_v1/ppg_dalia-S11-e0/channel_fault/M1,edge,administrative,212
ppg_dalia,S11,ppg_dalia-S11-e0,channel_fault,minimum_v1/ppg_dalia-S11-e0/channel_fault/M1,edge,declared_parent,0
ppg_dalia,S11,ppg_dalia-S11-e0,channel_fault,minimum_v1/ppg_dalia-S11-e0/channel_fault/M1,edge,deterministic_provenance,322
ppg_dalia,S11,ppg_dalia-S11-e0,channel_fault,minimum_v1/ppg_dalia-S11-e0/channel_fault/M1,edge,model_evidence_citation,3
ppg_dalia,S11,ppg_dalia-S11-e0,channel_fault,minimum_v1/ppg_dalia-S11-e0/channel_fault/M1,edge,support_evaluation,27
ppg_dalia,S11,ppg_dalia-S11-e0,clean,minimum_v1/ppg_dalia-S11-e0/clean/M1,edge,accepted_citation_mirror,3
ppg_dalia,S11,ppg_dalia-S11-e0,clean,minimum_v1/ppg_dalia-S11-e0/clean/M1,edge,administrative,188
ppg_dalia,S11,ppg_dalia-S11-e0,clean,minimum_v1/ppg_dalia-S11-e0/clean/M1,edge,declared_parent,0
ppg_dalia,S11,ppg_dalia-S11-e0,clean,minimum_v1/ppg_dalia-S11-e0/clean/M1,edge,deterministic_provenance,308
ppg_dalia,S11,ppg_dalia-S11-e0,clean,minimum_v1/ppg_dalia-S11-e0/clean/M1,edge,model_evidence_citation,3
ppg_dalia,S11,ppg_dalia-S11-e0,clean,minimum_v1/ppg_dalia-S11-e0/clean/M1,edge,support_evaluation,6
ppg_dalia,S11,ppg_dalia-S11-e0,correction,minimum_v1/ppg_dalia-S11-e0/correction/M1,edge,accepted_citation_mirror,3
ppg_dalia,S11,ppg_dalia-S11-e0,correction,minimum_v1/ppg_dalia-S11-e0/correction/M1,edge,administrative,196
ppg_dalia,S11,ppg_dalia-S11-e0,correction,minimum_v1/ppg_dalia-S11-e0/correction/M1,edge,declared_parent,0
ppg_dalia,S11,ppg_dalia-S11-e0,correction,minimum_v1/ppg_dalia-S11-e0/correction/M1,edge,deterministic_provenance,308
ppg_dalia,S11,ppg_dalia-S11-e0,correction,minimum_v1/ppg_dalia-S11-e0/correction/M1,edge,model_evidence_citation,3
ppg_dalia,S11,ppg_dalia-S11-e0,correction,minimum_v1/ppg_dalia-S11-e0/correction/M1,edge,support_evaluation,8
ppg_dalia,S11,ppg_dalia-S11-e0,delayed,minimum_v1/ppg_dalia-S11-e0/delayed/M1,edge,accepted_citation_mirror,1
ppg_dalia,S11,ppg_dalia-S11-e0,delayed,minimum_v1/ppg_dalia-S11-e0/delayed/M1,edge,administrative,178
ppg_dalia,S11,ppg_dalia-S11-e0,delayed,minimum_v1/ppg_dalia-S11-e0/delayed/M1,edge,declared_parent,0
ppg_dalia,S11,ppg_dalia-S11-e0,delayed,minimum_v1/ppg_dalia-S11-e0/delayed/M1,edge,deterministic_provenance,304
ppg_dalia,S11,ppg_dalia-S11-e0,delayed,minimum_v1/ppg_dalia-S11-e0/delayed/M1,edge,model_evidence_citation,1
ppg_dalia,S11,ppg_dalia-S11-e0,delayed,minimum_v1/ppg_dalia-S11-e0/delayed/M1,edge,support_evaluation,0
ppg_dalia,S11,ppg_dalia-S11-e1,channel_fault,minimum_v1/ppg_dalia-S11-e1/channel_fault/M1,edge,accepted_citation_mirror,12
ppg_dalia,S11,ppg_dalia-S11-e1,channel_fault,minimum_v1/ppg_dalia-S11-e1/channel_fault/M1,edge,administrative,243
ppg_dalia,S11,ppg_dalia-S11-e1,channel_fault,minimum_v1/ppg_dalia-S11-e1/channel_fault/M1,edge,declared_parent,0
ppg_dalia,S11,ppg_dalia-S11-e1,channel_fault,minimum_v1/ppg_dalia-S11-e1/channel_fault/M1,edge,deterministic_provenance,322
ppg_dalia,S11,ppg_dalia-S11-e1,channel_fault,minimum_v1/ppg_dalia-S11-e1/channel_fault/M1,edge,model_evidence_citation,12
ppg_dalia,S11,ppg_dalia-S11-e1,channel_fault,minimum_v1/ppg_dalia-S11-e1/channel_fault/M1,edge,support_evaluation,27
ppg_dalia,S11,ppg_dalia-S11-e1,clean,minimum_v1/ppg_dalia-S11-e1/clean/M1,edge,accepted_citation_mirror,12
ppg_dalia,S11,ppg_dalia-S11-e1,clean,minimum_v1/ppg_dalia-S11-e1/clean/M1,edge,administrative,207
ppg_dalia,S11,ppg_dalia-S11-e1,clean,minimum_v1/ppg_dalia-S11-e1/clean/M1,edge,declared_parent,0
ppg_dalia,S11,ppg_dalia-S11-e1,clean,minimum_v1/ppg_dalia-S11-e1/clean/M1,edge,deterministic_provenance,308
ppg_dalia,S11,ppg_dalia-S11-e1,clean,minimum_v1/ppg_dalia-S11-e1/clean/M1,edge,model_evidence_citation,12
ppg_dalia,S11,ppg_dalia-S11-e1,clean,minimum_v1/ppg_dalia-S11-e1/clean/M1,edge,support_evaluation,6
ppg_dalia,S11,ppg_dalia-S11-e1,correction,minimum_v1/ppg_dalia-S11-e1/correction/M1,edge,accepted_citation_mirror,12
ppg_dalia,S11,ppg_dalia-S11-e1,correction,minimum_v1/ppg_dalia-S11-e1/correction/M1,edge,administrative,227
ppg_dalia,S11,ppg_dalia-S11-e1,correction,minimum_v1/ppg_dalia-S11-e1/correction/M1,edge,declared_parent,0
ppg_dalia,S11,ppg_dalia-S11-e1,correction,minimum_v1/ppg_dalia-S11-e1/correction/M1,edge,deterministic_provenance,308
ppg_dalia,S11,ppg_dalia-S11-e1,correction,minimum_v1/ppg_dalia-S11-e1/correction/M1,edge,model_evidence_citation,12
ppg_dalia,S11,ppg_dalia-S11-e1,correction,minimum_v1/ppg_dalia-S11-e1/correction/M1,edge,support_evaluation,8
ppg_dalia,S11,ppg_dalia-S11-e1,delayed,minimum_v1/ppg_dalia-S11-e1/delayed/M1,edge,accepted_citation_mirror,8
ppg_dalia,S11,ppg_dalia-S11-e1,delayed,minimum_v1/ppg_dalia-S11-e1/delayed/M1,edge,administrative,194
ppg_dalia,S11,ppg_dalia-S11-e1,delayed,minimum_v1/ppg_dalia-S11-e1/delayed/M1,edge,declared_parent,0
ppg_dalia,S11,ppg_dalia-S11-e1,delayed,minimum_v1/ppg_dalia-S11-e1/delayed/M1,edge,deterministic_provenance,304
ppg_dalia,S11,ppg_dalia-S11-e1,delayed,minimum_v1/ppg_dalia-S11-e1/delayed/M1,edge,model_evidence_citation,8
ppg_dalia,S11,ppg_dalia-S11-e1,delayed,minimum_v1/ppg_dalia-S11-e1/delayed/M1,edge,support_evaluation,0
ppg_dalia,S12,ppg_dalia-S12-e0,channel_fault,minimum_v1/ppg_dalia-S12-e0/channel_fault/M1,edge,accepted_citation_mirror,12
ppg_dalia,S12,ppg_dalia-S12-e0,channel_fault,minimum_v1/ppg_dalia-S12-e0/channel_fault/M1,edge,administrative,243
ppg_dalia,S12,ppg_dalia-S12-e0,channel_fault,minimum_v1/ppg_dalia-S12-e0/channel_fault/M1,edge,declared_parent,0
ppg_dalia,S12,ppg_dalia-S12-e0,channel_fault,minimum_v1/ppg_dalia-S12-e0/channel_fault/M1,edge,deterministic_provenance,322
ppg_dalia,S12,ppg_dalia-S12-e0,channel_fault,minimum_v1/ppg_dalia-S12-e0/channel_fault/M1,edge,model_evidence_citation,12
ppg_dalia,S12,ppg_dalia-S12-e0,channel_fault,minimum_v1/ppg_dalia-S12-e0/channel_fault/M1,edge,support_evaluation,38
ppg_dalia,S12,ppg_dalia-S12-e0,clean,minimum_v1/ppg_dalia-S12-e0/clean/M1,edge,accepted_citation_mirror,8
ppg_dalia,S12,ppg_dalia-S12-e0,clean,minimum_v1/ppg_dalia-S12-e0/clean/M1,edge,administrative,201
ppg_dalia,S12,ppg_dalia-S12-e0,clean,minimum_v1/ppg_dalia-S12-e0/clean/M1,edge,declared_parent,0
ppg_dalia,S12,ppg_dalia-S12-e0,clean,minimum_v1/ppg_dalia-S12-e0/clean/M1,edge,deterministic_provenance,308
ppg_dalia,S12,ppg_dalia-S12-e0,clean,minimum_v1/ppg_dalia-S12-e0/clean/M1,edge,model_evidence_citation,8
ppg_dalia,S12,ppg_dalia-S12-e0,clean,minimum_v1/ppg_dalia-S12-e0/clean/M1,edge,support_evaluation,6
ppg_dalia,S12,ppg_dalia-S12-e0,correction,minimum_v1/ppg_dalia-S12-e0/correction/M1,edge,accepted_citation_mirror,8
ppg_dalia,S12,ppg_dalia-S12-e0,correction,minimum_v1/ppg_dalia-S12-e0/correction/M1,edge,administrative,219
ppg_dalia,S12,ppg_dalia-S12-e0,correction,minimum_v1/ppg_dalia-S12-e0/correction/M1,edge,declared_parent,0
ppg_dalia,S12,ppg_dalia-S12-e0,correction,minimum_v1/ppg_dalia-S12-e0/correction/M1,edge,deterministic_provenance,308
ppg_dalia,S12,ppg_dalia-S12-e0,correction,minimum_v1/ppg_dalia-S12-e0/correction/M1,edge,model_evidence_citation,8
ppg_dalia,S12,ppg_dalia-S12-e0,correction,minimum_v1/ppg_dalia-S12-e0/correction/M1,edge,support_evaluation,8
ppg_dalia,S12,ppg_dalia-S12-e0,delayed,minimum_v1/ppg_dalia-S12-e0/delayed/M1,edge,accepted_citation_mirror,10
ppg_dalia,S12,ppg_dalia-S12-e0,delayed,minimum_v1/ppg_dalia-S12-e0/delayed/M1,edge,administrative,197
ppg_dalia,S12,ppg_dalia-S12-e0,delayed,minimum_v1/ppg_dalia-S12-e0/delayed/M1,edge,declared_parent,0
ppg_dalia,S12,ppg_dalia-S12-e0,delayed,minimum_v1/ppg_dalia-S12-e0/delayed/M1,edge,deterministic_provenance,304
ppg_dalia,S12,ppg_dalia-S12-e0,delayed,minimum_v1/ppg_dalia-S12-e0/delayed/M1,edge,model_evidence_citation,10
ppg_dalia,S12,ppg_dalia-S12-e0,delayed,minimum_v1/ppg_dalia-S12-e0/delayed/M1,edge,support_evaluation,0
ppg_dalia,S12,ppg_dalia-S12-e1,channel_fault,minimum_v1/ppg_dalia-S12-e1/channel_fault/M1,edge,accepted_citation_mirror,12
ppg_dalia,S12,ppg_dalia-S12-e1,channel_fault,minimum_v1/ppg_dalia-S12-e1/channel_fault/M1,edge,administrative,243
ppg_dalia,S12,ppg_dalia-S12-e1,channel_fault,minimum_v1/ppg_dalia-S12-e1/channel_fault/M1,edge,declared_parent,0
ppg_dalia,S12,ppg_dalia-S12-e1,channel_fault,minimum_v1/ppg_dalia-S12-e1/channel_fault/M1,edge,deterministic_provenance,322
ppg_dalia,S12,ppg_dalia-S12-e1,channel_fault,minimum_v1/ppg_dalia-S12-e1/channel_fault/M1,edge,model_evidence_citation,12
ppg_dalia,S12,ppg_dalia-S12-e1,channel_fault,minimum_v1/ppg_dalia-S12-e1/channel_fault/M1,edge,support_evaluation,38
ppg_dalia,S12,ppg_dalia-S12-e1,clean,minimum_v1/ppg_dalia-S12-e1/clean/M1,edge,accepted_citation_mirror,12
ppg_dalia,S12,ppg_dalia-S12-e1,clean,minimum_v1/ppg_dalia-S12-e1/clean/M1,edge,administrative,207
ppg_dalia,S12,ppg_dalia-S12-e1,clean,minimum_v1/ppg_dalia-S12-e1/clean/M1,edge,declared_parent,0
ppg_dalia,S12,ppg_dalia-S12-e1,clean,minimum_v1/ppg_dalia-S12-e1/clean/M1,edge,deterministic_provenance,308
ppg_dalia,S12,ppg_dalia-S12-e1,clean,minimum_v1/ppg_dalia-S12-e1/clean/M1,edge,model_evidence_citation,12
ppg_dalia,S12,ppg_dalia-S12-e1,clean,minimum_v1/ppg_dalia-S12-e1/clean/M1,edge,support_evaluation,6
ppg_dalia,S12,ppg_dalia-S12-e1,correction,minimum_v1/ppg_dalia-S12-e1/correction/M1,edge,accepted_citation_mirror,12
ppg_dalia,S12,ppg_dalia-S12-e1,correction,minimum_v1/ppg_dalia-S12-e1/correction/M1,edge,administrative,227
ppg_dalia,S12,ppg_dalia-S12-e1,correction,minimum_v1/ppg_dalia-S12-e1/correction/M1,edge,declared_parent,0
ppg_dalia,S12,ppg_dalia-S12-e1,correction,minimum_v1/ppg_dalia-S12-e1/correction/M1,edge,deterministic_provenance,308
ppg_dalia,S12,ppg_dalia-S12-e1,correction,minimum_v1/ppg_dalia-S12-e1/correction/M1,edge,model_evidence_citation,12
ppg_dalia,S12,ppg_dalia-S12-e1,correction,minimum_v1/ppg_dalia-S12-e1/correction/M1,edge,support_evaluation,8
ppg_dalia,S12,ppg_dalia-S12-e1,delayed,minimum_v1/ppg_dalia-S12-e1/delayed/M1,edge,accepted_citation_mirror,10
ppg_dalia,S12,ppg_dalia-S12-e1,delayed,minimum_v1/ppg_dalia-S12-e1/delayed/M1,edge,administrative,197
ppg_dalia,S12,ppg_dalia-S12-e1,delayed,minimum_v1/ppg_dalia-S12-e1/delayed/M1,edge,declared_parent,0
ppg_dalia,S12,ppg_dalia-S12-e1,delayed,minimum_v1/ppg_dalia-S12-e1/delayed/M1,edge,deterministic_provenance,304
ppg_dalia,S12,ppg_dalia-S12-e1,delayed,minimum_v1/ppg_dalia-S12-e1/delayed/M1,edge,model_evidence_citation,10
ppg_dalia,S12,ppg_dalia-S12-e1,delayed,minimum_v1/ppg_dalia-S12-e1/delayed/M1,edge,support_evaluation,0
ppg_dalia,S13,ppg_dalia-S13-e0,channel_fault,minimum_v1/ppg_dalia-S13-e0/channel_fault/M1,edge,accepted_citation_mirror,12
ppg_dalia,S13,ppg_dalia-S13-e0,channel_fault,minimum_v1/ppg_dalia-S13-e0/channel_fault/M1,edge,administrative,243
ppg_dalia,S13,ppg_dalia-S13-e0,channel_fault,minimum_v1/ppg_dalia-S13-e0/channel_fault/M1,edge,declared_parent,0
ppg_dalia,S13,ppg_dalia-S13-e0,channel_fault,minimum_v1/ppg_dalia-S13-e0/channel_fault/M1,edge,deterministic_provenance,322
ppg_dalia,S13,ppg_dalia-S13-e0,channel_fault,minimum_v1/ppg_dalia-S13-e0/channel_fault/M1,edge,model_evidence_citation,12
ppg_dalia,S13,ppg_dalia-S13-e0,channel_fault,minimum_v1/ppg_dalia-S13-e0/channel_fault/M1,edge,support_evaluation,27
ppg_dalia,S13,ppg_dalia-S13-e0,clean,minimum_v1/ppg_dalia-S13-e0/clean/M1,edge,accepted_citation_mirror,12
ppg_dalia,S13,ppg_dalia-S13-e0,clean,minimum_v1/ppg_dalia-S13-e0/clean/M1,edge,administrative,207
ppg_dalia,S13,ppg_dalia-S13-e0,clean,minimum_v1/ppg_dalia-S13-e0/clean/M1,edge,declared_parent,0
ppg_dalia,S13,ppg_dalia-S13-e0,clean,minimum_v1/ppg_dalia-S13-e0/clean/M1,edge,deterministic_provenance,308
ppg_dalia,S13,ppg_dalia-S13-e0,clean,minimum_v1/ppg_dalia-S13-e0/clean/M1,edge,model_evidence_citation,12
ppg_dalia,S13,ppg_dalia-S13-e0,clean,minimum_v1/ppg_dalia-S13-e0/clean/M1,edge,support_evaluation,6
ppg_dalia,S13,ppg_dalia-S13-e0,correction,minimum_v1/ppg_dalia-S13-e0/correction/M1,edge,accepted_citation_mirror,12
ppg_dalia,S13,ppg_dalia-S13-e0,correction,minimum_v1/ppg_dalia-S13-e0/correction/M1,edge,administrative,227
ppg_dalia,S13,ppg_dalia-S13-e0,correction,minimum_v1/ppg_dalia-S13-e0/correction/M1,edge,declared_parent,0
ppg_dalia,S13,ppg_dalia-S13-e0,correction,minimum_v1/ppg_dalia-S13-e0/correction/M1,edge,deterministic_provenance,308
ppg_dalia,S13,ppg_dalia-S13-e0,correction,minimum_v1/ppg_dalia-S13-e0/correction/M1,edge,model_evidence_citation,12
ppg_dalia,S13,ppg_dalia-S13-e0,correction,minimum_v1/ppg_dalia-S13-e0/correction/M1,edge,support_evaluation,8
ppg_dalia,S13,ppg_dalia-S13-e0,delayed,minimum_v1/ppg_dalia-S13-e0/delayed/M1,edge,accepted_citation_mirror,10
ppg_dalia,S13,ppg_dalia-S13-e0,delayed,minimum_v1/ppg_dalia-S13-e0/delayed/M1,edge,administrative,197
ppg_dalia,S13,ppg_dalia-S13-e0,delayed,minimum_v1/ppg_dalia-S13-e0/delayed/M1,edge,declared_parent,0
ppg_dalia,S13,ppg_dalia-S13-e0,delayed,minimum_v1/ppg_dalia-S13-e0/delayed/M1,edge,deterministic_provenance,304
ppg_dalia,S13,ppg_dalia-S13-e0,delayed,minimum_v1/ppg_dalia-S13-e0/delayed/M1,edge,model_evidence_citation,10
ppg_dalia,S13,ppg_dalia-S13-e0,delayed,minimum_v1/ppg_dalia-S13-e0/delayed/M1,edge,support_evaluation,0
ppg_dalia,S13,ppg_dalia-S13-e1,channel_fault,minimum_v1/ppg_dalia-S13-e1/channel_fault/M1,edge,accepted_citation_mirror,12
ppg_dalia,S13,ppg_dalia-S13-e1,channel_fault,minimum_v1/ppg_dalia-S13-e1/channel_fault/M1,edge,administrative,243
ppg_dalia,S13,ppg_dalia-S13-e1,channel_fault,minimum_v1/ppg_dalia-S13-e1/channel_fault/M1,edge,declared_parent,0
ppg_dalia,S13,ppg_dalia-S13-e1,channel_fault,minimum_v1/ppg_dalia-S13-e1/channel_fault/M1,edge,deterministic_provenance,322
ppg_dalia,S13,ppg_dalia-S13-e1,channel_fault,minimum_v1/ppg_dalia-S13-e1/channel_fault/M1,edge,model_evidence_citation,12
ppg_dalia,S13,ppg_dalia-S13-e1,channel_fault,minimum_v1/ppg_dalia-S13-e1/channel_fault/M1,edge,support_evaluation,38
ppg_dalia,S13,ppg_dalia-S13-e1,clean,minimum_v1/ppg_dalia-S13-e1/clean/M1,edge,accepted_citation_mirror,12
ppg_dalia,S13,ppg_dalia-S13-e1,clean,minimum_v1/ppg_dalia-S13-e1/clean/M1,edge,administrative,207
ppg_dalia,S13,ppg_dalia-S13-e1,clean,minimum_v1/ppg_dalia-S13-e1/clean/M1,edge,declared_parent,0
ppg_dalia,S13,ppg_dalia-S13-e1,clean,minimum_v1/ppg_dalia-S13-e1/clean/M1,edge,deterministic_provenance,308
ppg_dalia,S13,ppg_dalia-S13-e1,clean,minimum_v1/ppg_dalia-S13-e1/clean/M1,edge,model_evidence_citation,12
ppg_dalia,S13,ppg_dalia-S13-e1,clean,minimum_v1/ppg_dalia-S13-e1/clean/M1,edge,support_evaluation,6
ppg_dalia,S13,ppg_dalia-S13-e1,correction,minimum_v1/ppg_dalia-S13-e1/correction/M1,edge,accepted_citation_mirror,12
ppg_dalia,S13,ppg_dalia-S13-e1,correction,minimum_v1/ppg_dalia-S13-e1/correction/M1,edge,administrative,227
ppg_dalia,S13,ppg_dalia-S13-e1,correction,minimum_v1/ppg_dalia-S13-e1/correction/M1,edge,declared_parent,0
ppg_dalia,S13,ppg_dalia-S13-e1,correction,minimum_v1/ppg_dalia-S13-e1/correction/M1,edge,deterministic_provenance,308
ppg_dalia,S13,ppg_dalia-S13-e1,correction,minimum_v1/ppg_dalia-S13-e1/correction/M1,edge,model_evidence_citation,12
ppg_dalia,S13,ppg_dalia-S13-e1,correction,minimum_v1/ppg_dalia-S13-e1/correction/M1,edge,support_evaluation,8
ppg_dalia,S13,ppg_dalia-S13-e1,delayed,minimum_v1/ppg_dalia-S13-e1/delayed/M1,edge,accepted_citation_mirror,10
ppg_dalia,S13,ppg_dalia-S13-e1,delayed,minimum_v1/ppg_dalia-S13-e1/delayed/M1,edge,administrative,197
ppg_dalia,S13,ppg_dalia-S13-e1,delayed,minimum_v1/ppg_dalia-S13-e1/delayed/M1,edge,declared_parent,0
ppg_dalia,S13,ppg_dalia-S13-e1,delayed,minimum_v1/ppg_dalia-S13-e1/delayed/M1,edge,deterministic_provenance,304
ppg_dalia,S13,ppg_dalia-S13-e1,delayed,minimum_v1/ppg_dalia-S13-e1/delayed/M1,edge,model_evidence_citation,10
ppg_dalia,S13,ppg_dalia-S13-e1,delayed,minimum_v1/ppg_dalia-S13-e1/delayed/M1,edge,support_evaluation,0
ppg_dalia,S14,ppg_dalia-S14-e0,channel_fault,minimum_v1/ppg_dalia-S14-e0/channel_fault/M1,edge,accepted_citation_mirror,3
ppg_dalia,S14,ppg_dalia-S14-e0,channel_fault,minimum_v1/ppg_dalia-S14-e0/channel_fault/M1,edge,administrative,212
ppg_dalia,S14,ppg_dalia-S14-e0,channel_fault,minimum_v1/ppg_dalia-S14-e0/channel_fault/M1,edge,declared_parent,0
ppg_dalia,S14,ppg_dalia-S14-e0,channel_fault,minimum_v1/ppg_dalia-S14-e0/channel_fault/M1,edge,deterministic_provenance,322
ppg_dalia,S14,ppg_dalia-S14-e0,channel_fault,minimum_v1/ppg_dalia-S14-e0/channel_fault/M1,edge,model_evidence_citation,3
ppg_dalia,S14,ppg_dalia-S14-e0,channel_fault,minimum_v1/ppg_dalia-S14-e0/channel_fault/M1,edge,support_evaluation,27
ppg_dalia,S14,ppg_dalia-S14-e0,clean,minimum_v1/ppg_dalia-S14-e0/clean/M1,edge,accepted_citation_mirror,3
ppg_dalia,S14,ppg_dalia-S14-e0,clean,minimum_v1/ppg_dalia-S14-e0/clean/M1,edge,administrative,188
ppg_dalia,S14,ppg_dalia-S14-e0,clean,minimum_v1/ppg_dalia-S14-e0/clean/M1,edge,declared_parent,0
ppg_dalia,S14,ppg_dalia-S14-e0,clean,minimum_v1/ppg_dalia-S14-e0/clean/M1,edge,deterministic_provenance,308
ppg_dalia,S14,ppg_dalia-S14-e0,clean,minimum_v1/ppg_dalia-S14-e0/clean/M1,edge,model_evidence_citation,3
ppg_dalia,S14,ppg_dalia-S14-e0,clean,minimum_v1/ppg_dalia-S14-e0/clean/M1,edge,support_evaluation,6
ppg_dalia,S14,ppg_dalia-S14-e0,correction,minimum_v1/ppg_dalia-S14-e0/correction/M1,edge,accepted_citation_mirror,3
ppg_dalia,S14,ppg_dalia-S14-e0,correction,minimum_v1/ppg_dalia-S14-e0/correction/M1,edge,administrative,196
ppg_dalia,S14,ppg_dalia-S14-e0,correction,minimum_v1/ppg_dalia-S14-e0/correction/M1,edge,declared_parent,0
ppg_dalia,S14,ppg_dalia-S14-e0,correction,minimum_v1/ppg_dalia-S14-e0/correction/M1,edge,deterministic_provenance,308
ppg_dalia,S14,ppg_dalia-S14-e0,correction,minimum_v1/ppg_dalia-S14-e0/correction/M1,edge,model_evidence_citation,3
ppg_dalia,S14,ppg_dalia-S14-e0,correction,minimum_v1/ppg_dalia-S14-e0/correction/M1,edge,support_evaluation,8
ppg_dalia,S14,ppg_dalia-S14-e0,delayed,minimum_v1/ppg_dalia-S14-e0/delayed/M1,edge,accepted_citation_mirror,1
ppg_dalia,S14,ppg_dalia-S14-e0,delayed,minimum_v1/ppg_dalia-S14-e0/delayed/M1,edge,administrative,178
ppg_dalia,S14,ppg_dalia-S14-e0,delayed,minimum_v1/ppg_dalia-S14-e0/delayed/M1,edge,declared_parent,0
ppg_dalia,S14,ppg_dalia-S14-e0,delayed,minimum_v1/ppg_dalia-S14-e0/delayed/M1,edge,deterministic_provenance,304
ppg_dalia,S14,ppg_dalia-S14-e0,delayed,minimum_v1/ppg_dalia-S14-e0/delayed/M1,edge,model_evidence_citation,1
ppg_dalia,S14,ppg_dalia-S14-e0,delayed,minimum_v1/ppg_dalia-S14-e0/delayed/M1,edge,support_evaluation,0
ppg_dalia,S14,ppg_dalia-S14-e1,channel_fault,minimum_v1/ppg_dalia-S14-e1/channel_fault/M1,edge,accepted_citation_mirror,6
ppg_dalia,S14,ppg_dalia-S14-e1,channel_fault,minimum_v1/ppg_dalia-S14-e1/channel_fault/M1,edge,administrative,217
ppg_dalia,S14,ppg_dalia-S14-e1,channel_fault,minimum_v1/ppg_dalia-S14-e1/channel_fault/M1,edge,declared_parent,1
ppg_dalia,S14,ppg_dalia-S14-e1,channel_fault,minimum_v1/ppg_dalia-S14-e1/channel_fault/M1,edge,deterministic_provenance,322
ppg_dalia,S14,ppg_dalia-S14-e1,channel_fault,minimum_v1/ppg_dalia-S14-e1/channel_fault/M1,edge,model_evidence_citation,5
ppg_dalia,S14,ppg_dalia-S14-e1,channel_fault,minimum_v1/ppg_dalia-S14-e1/channel_fault/M1,edge,support_evaluation,31
ppg_dalia,S14,ppg_dalia-S14-e1,clean,minimum_v1/ppg_dalia-S14-e1/clean/M1,edge,accepted_citation_mirror,3
ppg_dalia,S14,ppg_dalia-S14-e1,clean,minimum_v1/ppg_dalia-S14-e1/clean/M1,edge,administrative,188
ppg_dalia,S14,ppg_dalia-S14-e1,clean,minimum_v1/ppg_dalia-S14-e1/clean/M1,edge,declared_parent,0
ppg_dalia,S14,ppg_dalia-S14-e1,clean,minimum_v1/ppg_dalia-S14-e1/clean/M1,edge,deterministic_provenance,308
ppg_dalia,S14,ppg_dalia-S14-e1,clean,minimum_v1/ppg_dalia-S14-e1/clean/M1,edge,model_evidence_citation,3
ppg_dalia,S14,ppg_dalia-S14-e1,clean,minimum_v1/ppg_dalia-S14-e1/clean/M1,edge,support_evaluation,6
ppg_dalia,S14,ppg_dalia-S14-e1,correction,minimum_v1/ppg_dalia-S14-e1/correction/M1,edge,accepted_citation_mirror,6
ppg_dalia,S14,ppg_dalia-S14-e1,correction,minimum_v1/ppg_dalia-S14-e1/correction/M1,edge,administrative,201
ppg_dalia,S14,ppg_dalia-S14-e1,correction,minimum_v1/ppg_dalia-S14-e1/correction/M1,edge,declared_parent,1
ppg_dalia,S14,ppg_dalia-S14-e1,correction,minimum_v1/ppg_dalia-S14-e1/correction/M1,edge,deterministic_provenance,308
ppg_dalia,S14,ppg_dalia-S14-e1,correction,minimum_v1/ppg_dalia-S14-e1/correction/M1,edge,model_evidence_citation,5
ppg_dalia,S14,ppg_dalia-S14-e1,correction,minimum_v1/ppg_dalia-S14-e1/correction/M1,edge,support_evaluation,10
ppg_dalia,S14,ppg_dalia-S14-e1,delayed,minimum_v1/ppg_dalia-S14-e1/delayed/M1,edge,accepted_citation_mirror,1
ppg_dalia,S14,ppg_dalia-S14-e1,delayed,minimum_v1/ppg_dalia-S14-e1/delayed/M1,edge,administrative,178
ppg_dalia,S14,ppg_dalia-S14-e1,delayed,minimum_v1/ppg_dalia-S14-e1/delayed/M1,edge,declared_parent,0
ppg_dalia,S14,ppg_dalia-S14-e1,delayed,minimum_v1/ppg_dalia-S14-e1/delayed/M1,edge,deterministic_provenance,304
ppg_dalia,S14,ppg_dalia-S14-e1,delayed,minimum_v1/ppg_dalia-S14-e1/delayed/M1,edge,model_evidence_citation,1
ppg_dalia,S14,ppg_dalia-S14-e1,delayed,minimum_v1/ppg_dalia-S14-e1/delayed/M1,edge,support_evaluation,0
ppg_dalia,S5,ppg_dalia-S5-e0,channel_fault,minimum_v1/ppg_dalia-S5-e0/channel_fault/M1,edge,accepted_citation_mirror,12
ppg_dalia,S5,ppg_dalia-S5-e0,channel_fault,minimum_v1/ppg_dalia-S5-e0/channel_fault/M1,edge,administrative,243
ppg_dalia,S5,ppg_dalia-S5-e0,channel_fault,minimum_v1/ppg_dalia-S5-e0/channel_fault/M1,edge,declared_parent,0
ppg_dalia,S5,ppg_dalia-S5-e0,channel_fault,minimum_v1/ppg_dalia-S5-e0/channel_fault/M1,edge,deterministic_provenance,322
ppg_dalia,S5,ppg_dalia-S5-e0,channel_fault,minimum_v1/ppg_dalia-S5-e0/channel_fault/M1,edge,model_evidence_citation,12
ppg_dalia,S5,ppg_dalia-S5-e0,channel_fault,minimum_v1/ppg_dalia-S5-e0/channel_fault/M1,edge,support_evaluation,27
ppg_dalia,S5,ppg_dalia-S5-e0,clean,minimum_v1/ppg_dalia-S5-e0/clean/M1,edge,accepted_citation_mirror,12
ppg_dalia,S5,ppg_dalia-S5-e0,clean,minimum_v1/ppg_dalia-S5-e0/clean/M1,edge,administrative,207
ppg_dalia,S5,ppg_dalia-S5-e0,clean,minimum_v1/ppg_dalia-S5-e0/clean/M1,edge,declared_parent,0
ppg_dalia,S5,ppg_dalia-S5-e0,clean,minimum_v1/ppg_dalia-S5-e0/clean/M1,edge,deterministic_provenance,308
ppg_dalia,S5,ppg_dalia-S5-e0,clean,minimum_v1/ppg_dalia-S5-e0/clean/M1,edge,model_evidence_citation,12
ppg_dalia,S5,ppg_dalia-S5-e0,clean,minimum_v1/ppg_dalia-S5-e0/clean/M1,edge,support_evaluation,6
ppg_dalia,S5,ppg_dalia-S5-e0,correction,minimum_v1/ppg_dalia-S5-e0/correction/M1,edge,accepted_citation_mirror,12
ppg_dalia,S5,ppg_dalia-S5-e0,correction,minimum_v1/ppg_dalia-S5-e0/correction/M1,edge,administrative,227
ppg_dalia,S5,ppg_dalia-S5-e0,correction,minimum_v1/ppg_dalia-S5-e0/correction/M1,edge,declared_parent,0
ppg_dalia,S5,ppg_dalia-S5-e0,correction,minimum_v1/ppg_dalia-S5-e0/correction/M1,edge,deterministic_provenance,308
ppg_dalia,S5,ppg_dalia-S5-e0,correction,minimum_v1/ppg_dalia-S5-e0/correction/M1,edge,model_evidence_citation,12
ppg_dalia,S5,ppg_dalia-S5-e0,correction,minimum_v1/ppg_dalia-S5-e0/correction/M1,edge,support_evaluation,8
ppg_dalia,S5,ppg_dalia-S5-e0,delayed,minimum_v1/ppg_dalia-S5-e0/delayed/M1,edge,accepted_citation_mirror,10
ppg_dalia,S5,ppg_dalia-S5-e0,delayed,minimum_v1/ppg_dalia-S5-e0/delayed/M1,edge,administrative,197
ppg_dalia,S5,ppg_dalia-S5-e0,delayed,minimum_v1/ppg_dalia-S5-e0/delayed/M1,edge,declared_parent,0
ppg_dalia,S5,ppg_dalia-S5-e0,delayed,minimum_v1/ppg_dalia-S5-e0/delayed/M1,edge,deterministic_provenance,304
ppg_dalia,S5,ppg_dalia-S5-e0,delayed,minimum_v1/ppg_dalia-S5-e0/delayed/M1,edge,model_evidence_citation,10
ppg_dalia,S5,ppg_dalia-S5-e0,delayed,minimum_v1/ppg_dalia-S5-e0/delayed/M1,edge,support_evaluation,0
ppg_dalia,S5,ppg_dalia-S5-e1,channel_fault,minimum_v1/ppg_dalia-S5-e1/channel_fault/M1,edge,accepted_citation_mirror,12
ppg_dalia,S5,ppg_dalia-S5-e1,channel_fault,minimum_v1/ppg_dalia-S5-e1/channel_fault/M1,edge,administrative,223
ppg_dalia,S5,ppg_dalia-S5-e1,channel_fault,minimum_v1/ppg_dalia-S5-e1/channel_fault/M1,edge,declared_parent,0
ppg_dalia,S5,ppg_dalia-S5-e1,channel_fault,minimum_v1/ppg_dalia-S5-e1/channel_fault/M1,edge,deterministic_provenance,322
ppg_dalia,S5,ppg_dalia-S5-e1,channel_fault,minimum_v1/ppg_dalia-S5-e1/channel_fault/M1,edge,model_evidence_citation,12
ppg_dalia,S5,ppg_dalia-S5-e1,channel_fault,minimum_v1/ppg_dalia-S5-e1/channel_fault/M1,edge,support_evaluation,24
ppg_dalia,S5,ppg_dalia-S5-e1,clean,minimum_v1/ppg_dalia-S5-e1/clean/M1,edge,accepted_citation_mirror,12
ppg_dalia,S5,ppg_dalia-S5-e1,clean,minimum_v1/ppg_dalia-S5-e1/clean/M1,edge,administrative,207
ppg_dalia,S5,ppg_dalia-S5-e1,clean,minimum_v1/ppg_dalia-S5-e1/clean/M1,edge,declared_parent,0
ppg_dalia,S5,ppg_dalia-S5-e1,clean,minimum_v1/ppg_dalia-S5-e1/clean/M1,edge,deterministic_provenance,308
ppg_dalia,S5,ppg_dalia-S5-e1,clean,minimum_v1/ppg_dalia-S5-e1/clean/M1,edge,model_evidence_citation,12
ppg_dalia,S5,ppg_dalia-S5-e1,clean,minimum_v1/ppg_dalia-S5-e1/clean/M1,edge,support_evaluation,6
ppg_dalia,S5,ppg_dalia-S5-e1,correction,minimum_v1/ppg_dalia-S5-e1/correction/M1,edge,accepted_citation_mirror,12
ppg_dalia,S5,ppg_dalia-S5-e1,correction,minimum_v1/ppg_dalia-S5-e1/correction/M1,edge,administrative,227
ppg_dalia,S5,ppg_dalia-S5-e1,correction,minimum_v1/ppg_dalia-S5-e1/correction/M1,edge,declared_parent,0
ppg_dalia,S5,ppg_dalia-S5-e1,correction,minimum_v1/ppg_dalia-S5-e1/correction/M1,edge,deterministic_provenance,308
ppg_dalia,S5,ppg_dalia-S5-e1,correction,minimum_v1/ppg_dalia-S5-e1/correction/M1,edge,model_evidence_citation,12
ppg_dalia,S5,ppg_dalia-S5-e1,correction,minimum_v1/ppg_dalia-S5-e1/correction/M1,edge,support_evaluation,8
ppg_dalia,S5,ppg_dalia-S5-e1,delayed,minimum_v1/ppg_dalia-S5-e1/delayed/M1,edge,accepted_citation_mirror,10
ppg_dalia,S5,ppg_dalia-S5-e1,delayed,minimum_v1/ppg_dalia-S5-e1/delayed/M1,edge,administrative,197
ppg_dalia,S5,ppg_dalia-S5-e1,delayed,minimum_v1/ppg_dalia-S5-e1/delayed/M1,edge,declared_parent,0
ppg_dalia,S5,ppg_dalia-S5-e1,delayed,minimum_v1/ppg_dalia-S5-e1/delayed/M1,edge,deterministic_provenance,304
ppg_dalia,S5,ppg_dalia-S5-e1,delayed,minimum_v1/ppg_dalia-S5-e1/delayed/M1,edge,model_evidence_citation,10
ppg_dalia,S5,ppg_dalia-S5-e1,delayed,minimum_v1/ppg_dalia-S5-e1/delayed/M1,edge,support_evaluation,0
ppg_dalia,S6,ppg_dalia-S6-e0,channel_fault,minimum_v1/ppg_dalia-S6-e0/channel_fault/M1,edge,accepted_citation_mirror,3
ppg_dalia,S6,ppg_dalia-S6-e0,channel_fault,minimum_v1/ppg_dalia-S6-e0/channel_fault/M1,edge,administrative,212
ppg_dalia,S6,ppg_dalia-S6-e0,channel_fault,minimum_v1/ppg_dalia-S6-e0/channel_fault/M1,edge,declared_parent,0
ppg_dalia,S6,ppg_dalia-S6-e0,channel_fault,minimum_v1/ppg_dalia-S6-e0/channel_fault/M1,edge,deterministic_provenance,322
ppg_dalia,S6,ppg_dalia-S6-e0,channel_fault,minimum_v1/ppg_dalia-S6-e0/channel_fault/M1,edge,model_evidence_citation,3
ppg_dalia,S6,ppg_dalia-S6-e0,channel_fault,minimum_v1/ppg_dalia-S6-e0/channel_fault/M1,edge,support_evaluation,27
ppg_dalia,S6,ppg_dalia-S6-e0,clean,minimum_v1/ppg_dalia-S6-e0/clean/M1,edge,accepted_citation_mirror,3
ppg_dalia,S6,ppg_dalia-S6-e0,clean,minimum_v1/ppg_dalia-S6-e0/clean/M1,edge,administrative,188
ppg_dalia,S6,ppg_dalia-S6-e0,clean,minimum_v1/ppg_dalia-S6-e0/clean/M1,edge,declared_parent,0
ppg_dalia,S6,ppg_dalia-S6-e0,clean,minimum_v1/ppg_dalia-S6-e0/clean/M1,edge,deterministic_provenance,308
ppg_dalia,S6,ppg_dalia-S6-e0,clean,minimum_v1/ppg_dalia-S6-e0/clean/M1,edge,model_evidence_citation,3
ppg_dalia,S6,ppg_dalia-S6-e0,clean,minimum_v1/ppg_dalia-S6-e0/clean/M1,edge,support_evaluation,6
ppg_dalia,S6,ppg_dalia-S6-e0,correction,minimum_v1/ppg_dalia-S6-e0/correction/M1,edge,accepted_citation_mirror,3
ppg_dalia,S6,ppg_dalia-S6-e0,correction,minimum_v1/ppg_dalia-S6-e0/correction/M1,edge,administrative,196
ppg_dalia,S6,ppg_dalia-S6-e0,correction,minimum_v1/ppg_dalia-S6-e0/correction/M1,edge,declared_parent,0
ppg_dalia,S6,ppg_dalia-S6-e0,correction,minimum_v1/ppg_dalia-S6-e0/correction/M1,edge,deterministic_provenance,308
ppg_dalia,S6,ppg_dalia-S6-e0,correction,minimum_v1/ppg_dalia-S6-e0/correction/M1,edge,model_evidence_citation,3
ppg_dalia,S6,ppg_dalia-S6-e0,correction,minimum_v1/ppg_dalia-S6-e0/correction/M1,edge,support_evaluation,8
ppg_dalia,S6,ppg_dalia-S6-e0,delayed,minimum_v1/ppg_dalia-S6-e0/delayed/M1,edge,accepted_citation_mirror,1
ppg_dalia,S6,ppg_dalia-S6-e0,delayed,minimum_v1/ppg_dalia-S6-e0/delayed/M1,edge,administrative,178
ppg_dalia,S6,ppg_dalia-S6-e0,delayed,minimum_v1/ppg_dalia-S6-e0/delayed/M1,edge,declared_parent,0
ppg_dalia,S6,ppg_dalia-S6-e0,delayed,minimum_v1/ppg_dalia-S6-e0/delayed/M1,edge,deterministic_provenance,304
ppg_dalia,S6,ppg_dalia-S6-e0,delayed,minimum_v1/ppg_dalia-S6-e0/delayed/M1,edge,model_evidence_citation,1
ppg_dalia,S6,ppg_dalia-S6-e0,delayed,minimum_v1/ppg_dalia-S6-e0/delayed/M1,edge,support_evaluation,0
ppg_dalia,S6,ppg_dalia-S6-e1,channel_fault,minimum_v1/ppg_dalia-S6-e1/channel_fault/M1,edge,accepted_citation_mirror,12
ppg_dalia,S6,ppg_dalia-S6-e1,channel_fault,minimum_v1/ppg_dalia-S6-e1/channel_fault/M1,edge,administrative,243
ppg_dalia,S6,ppg_dalia-S6-e1,channel_fault,minimum_v1/ppg_dalia-S6-e1/channel_fault/M1,edge,declared_parent,0
ppg_dalia,S6,ppg_dalia-S6-e1,channel_fault,minimum_v1/ppg_dalia-S6-e1/channel_fault/M1,edge,deterministic_provenance,322
ppg_dalia,S6,ppg_dalia-S6-e1,channel_fault,minimum_v1/ppg_dalia-S6-e1/channel_fault/M1,edge,model_evidence_citation,12
ppg_dalia,S6,ppg_dalia-S6-e1,channel_fault,minimum_v1/ppg_dalia-S6-e1/channel_fault/M1,edge,support_evaluation,38
ppg_dalia,S6,ppg_dalia-S6-e1,clean,minimum_v1/ppg_dalia-S6-e1/clean/M1,edge,accepted_citation_mirror,12
ppg_dalia,S6,ppg_dalia-S6-e1,clean,minimum_v1/ppg_dalia-S6-e1/clean/M1,edge,administrative,207
ppg_dalia,S6,ppg_dalia-S6-e1,clean,minimum_v1/ppg_dalia-S6-e1/clean/M1,edge,declared_parent,0
ppg_dalia,S6,ppg_dalia-S6-e1,clean,minimum_v1/ppg_dalia-S6-e1/clean/M1,edge,deterministic_provenance,308
ppg_dalia,S6,ppg_dalia-S6-e1,clean,minimum_v1/ppg_dalia-S6-e1/clean/M1,edge,model_evidence_citation,12
ppg_dalia,S6,ppg_dalia-S6-e1,clean,minimum_v1/ppg_dalia-S6-e1/clean/M1,edge,support_evaluation,6
ppg_dalia,S6,ppg_dalia-S6-e1,correction,minimum_v1/ppg_dalia-S6-e1/correction/M1,edge,accepted_citation_mirror,12
ppg_dalia,S6,ppg_dalia-S6-e1,correction,minimum_v1/ppg_dalia-S6-e1/correction/M1,edge,administrative,227
ppg_dalia,S6,ppg_dalia-S6-e1,correction,minimum_v1/ppg_dalia-S6-e1/correction/M1,edge,declared_parent,0
ppg_dalia,S6,ppg_dalia-S6-e1,correction,minimum_v1/ppg_dalia-S6-e1/correction/M1,edge,deterministic_provenance,308
ppg_dalia,S6,ppg_dalia-S6-e1,correction,minimum_v1/ppg_dalia-S6-e1/correction/M1,edge,model_evidence_citation,12
ppg_dalia,S6,ppg_dalia-S6-e1,correction,minimum_v1/ppg_dalia-S6-e1/correction/M1,edge,support_evaluation,8
ppg_dalia,S6,ppg_dalia-S6-e1,delayed,minimum_v1/ppg_dalia-S6-e1/delayed/M1,edge,accepted_citation_mirror,10
ppg_dalia,S6,ppg_dalia-S6-e1,delayed,minimum_v1/ppg_dalia-S6-e1/delayed/M1,edge,administrative,197
ppg_dalia,S6,ppg_dalia-S6-e1,delayed,minimum_v1/ppg_dalia-S6-e1/delayed/M1,edge,declared_parent,0
ppg_dalia,S6,ppg_dalia-S6-e1,delayed,minimum_v1/ppg_dalia-S6-e1/delayed/M1,edge,deterministic_provenance,304
ppg_dalia,S6,ppg_dalia-S6-e1,delayed,minimum_v1/ppg_dalia-S6-e1/delayed/M1,edge,model_evidence_citation,10
ppg_dalia,S6,ppg_dalia-S6-e1,delayed,minimum_v1/ppg_dalia-S6-e1/delayed/M1,edge,support_evaluation,0
ppg_dalia,S7,ppg_dalia-S7-e0,channel_fault,minimum_v1/ppg_dalia-S7-e0/channel_fault/M1,edge,accepted_citation_mirror,6
ppg_dalia,S7,ppg_dalia-S7-e0,channel_fault,minimum_v1/ppg_dalia-S7-e0/channel_fault/M1,edge,administrative,223
ppg_dalia,S7,ppg_dalia-S7-e0,channel_fault,minimum_v1/ppg_dalia-S7-e0/channel_fault/M1,edge,declared_parent,0
ppg_dalia,S7,ppg_dalia-S7-e0,channel_fault,minimum_v1/ppg_dalia-S7-e0/channel_fault/M1,edge,deterministic_provenance,322
ppg_dalia,S7,ppg_dalia-S7-e0,channel_fault,minimum_v1/ppg_dalia-S7-e0/channel_fault/M1,edge,model_evidence_citation,6
ppg_dalia,S7,ppg_dalia-S7-e0,channel_fault,minimum_v1/ppg_dalia-S7-e0/channel_fault/M1,edge,support_evaluation,39
ppg_dalia,S7,ppg_dalia-S7-e0,clean,minimum_v1/ppg_dalia-S7-e0/clean/M1,edge,accepted_citation_mirror,6
ppg_dalia,S7,ppg_dalia-S7-e0,clean,minimum_v1/ppg_dalia-S7-e0/clean/M1,edge,administrative,197
ppg_dalia,S7,ppg_dalia-S7-e0,clean,minimum_v1/ppg_dalia-S7-e0/clean/M1,edge,declared_parent,0
ppg_dalia,S7,ppg_dalia-S7-e0,clean,minimum_v1/ppg_dalia-S7-e0/clean/M1,edge,deterministic_provenance,308
ppg_dalia,S7,ppg_dalia-S7-e0,clean,minimum_v1/ppg_dalia-S7-e0/clean/M1,edge,model_evidence_citation,6
ppg_dalia,S7,ppg_dalia-S7-e0,clean,minimum_v1/ppg_dalia-S7-e0/clean/M1,edge,support_evaluation,6
ppg_dalia,S7,ppg_dalia-S7-e0,correction,minimum_v1/ppg_dalia-S7-e0/correction/M1,edge,accepted_citation_mirror,6
ppg_dalia,S7,ppg_dalia-S7-e0,correction,minimum_v1/ppg_dalia-S7-e0/correction/M1,edge,administrative,211
ppg_dalia,S7,ppg_dalia-S7-e0,correction,minimum_v1/ppg_dalia-S7-e0/correction/M1,edge,declared_parent,0
ppg_dalia,S7,ppg_dalia-S7-e0,correction,minimum_v1/ppg_dalia-S7-e0/correction/M1,edge,deterministic_provenance,308
ppg_dalia,S7,ppg_dalia-S7-e0,correction,minimum_v1/ppg_dalia-S7-e0/correction/M1,edge,model_evidence_citation,6
ppg_dalia,S7,ppg_dalia-S7-e0,correction,minimum_v1/ppg_dalia-S7-e0/correction/M1,edge,support_evaluation,8
ppg_dalia,S7,ppg_dalia-S7-e0,delayed,minimum_v1/ppg_dalia-S7-e0/delayed/M1,edge,accepted_citation_mirror,4
ppg_dalia,S7,ppg_dalia-S7-e0,delayed,minimum_v1/ppg_dalia-S7-e0/delayed/M1,edge,administrative,187
ppg_dalia,S7,ppg_dalia-S7-e0,delayed,minimum_v1/ppg_dalia-S7-e0/delayed/M1,edge,declared_parent,0
ppg_dalia,S7,ppg_dalia-S7-e0,delayed,minimum_v1/ppg_dalia-S7-e0/delayed/M1,edge,deterministic_provenance,304
ppg_dalia,S7,ppg_dalia-S7-e0,delayed,minimum_v1/ppg_dalia-S7-e0/delayed/M1,edge,model_evidence_citation,4
ppg_dalia,S7,ppg_dalia-S7-e0,delayed,minimum_v1/ppg_dalia-S7-e0/delayed/M1,edge,support_evaluation,0
ppg_dalia,S7,ppg_dalia-S7-e1,channel_fault,minimum_v1/ppg_dalia-S7-e1/channel_fault/M1,edge,accepted_citation_mirror,3
ppg_dalia,S7,ppg_dalia-S7-e1,channel_fault,minimum_v1/ppg_dalia-S7-e1/channel_fault/M1,edge,administrative,212
ppg_dalia,S7,ppg_dalia-S7-e1,channel_fault,minimum_v1/ppg_dalia-S7-e1/channel_fault/M1,edge,declared_parent,0
ppg_dalia,S7,ppg_dalia-S7-e1,channel_fault,minimum_v1/ppg_dalia-S7-e1/channel_fault/M1,edge,deterministic_provenance,322
ppg_dalia,S7,ppg_dalia-S7-e1,channel_fault,minimum_v1/ppg_dalia-S7-e1/channel_fault/M1,edge,model_evidence_citation,3
ppg_dalia,S7,ppg_dalia-S7-e1,channel_fault,minimum_v1/ppg_dalia-S7-e1/channel_fault/M1,edge,support_evaluation,27
ppg_dalia,S7,ppg_dalia-S7-e1,clean,minimum_v1/ppg_dalia-S7-e1/clean/M1,edge,accepted_citation_mirror,3
ppg_dalia,S7,ppg_dalia-S7-e1,clean,minimum_v1/ppg_dalia-S7-e1/clean/M1,edge,administrative,188
ppg_dalia,S7,ppg_dalia-S7-e1,clean,minimum_v1/ppg_dalia-S7-e1/clean/M1,edge,declared_parent,0
ppg_dalia,S7,ppg_dalia-S7-e1,clean,minimum_v1/ppg_dalia-S7-e1/clean/M1,edge,deterministic_provenance,308
ppg_dalia,S7,ppg_dalia-S7-e1,clean,minimum_v1/ppg_dalia-S7-e1/clean/M1,edge,model_evidence_citation,3
ppg_dalia,S7,ppg_dalia-S7-e1,clean,minimum_v1/ppg_dalia-S7-e1/clean/M1,edge,support_evaluation,6
ppg_dalia,S7,ppg_dalia-S7-e1,correction,minimum_v1/ppg_dalia-S7-e1/correction/M1,edge,accepted_citation_mirror,3
ppg_dalia,S7,ppg_dalia-S7-e1,correction,minimum_v1/ppg_dalia-S7-e1/correction/M1,edge,administrative,196
ppg_dalia,S7,ppg_dalia-S7-e1,correction,minimum_v1/ppg_dalia-S7-e1/correction/M1,edge,declared_parent,0
ppg_dalia,S7,ppg_dalia-S7-e1,correction,minimum_v1/ppg_dalia-S7-e1/correction/M1,edge,deterministic_provenance,308
ppg_dalia,S7,ppg_dalia-S7-e1,correction,minimum_v1/ppg_dalia-S7-e1/correction/M1,edge,model_evidence_citation,3
ppg_dalia,S7,ppg_dalia-S7-e1,correction,minimum_v1/ppg_dalia-S7-e1/correction/M1,edge,support_evaluation,8
ppg_dalia,S7,ppg_dalia-S7-e1,delayed,minimum_v1/ppg_dalia-S7-e1/delayed/M1,edge,accepted_citation_mirror,1
ppg_dalia,S7,ppg_dalia-S7-e1,delayed,minimum_v1/ppg_dalia-S7-e1/delayed/M1,edge,administrative,178
ppg_dalia,S7,ppg_dalia-S7-e1,delayed,minimum_v1/ppg_dalia-S7-e1/delayed/M1,edge,declared_parent,0
ppg_dalia,S7,ppg_dalia-S7-e1,delayed,minimum_v1/ppg_dalia-S7-e1/delayed/M1,edge,deterministic_provenance,304
ppg_dalia,S7,ppg_dalia-S7-e1,delayed,minimum_v1/ppg_dalia-S7-e1/delayed/M1,edge,model_evidence_citation,1
ppg_dalia,S7,ppg_dalia-S7-e1,delayed,minimum_v1/ppg_dalia-S7-e1/delayed/M1,edge,support_evaluation,0
ppg_dalia,S9,ppg_dalia-S9-e0,channel_fault,minimum_v1/ppg_dalia-S9-e0/channel_fault/M1,edge,accepted_citation_mirror,12
ppg_dalia,S9,ppg_dalia-S9-e0,channel_fault,minimum_v1/ppg_dalia-S9-e0/channel_fault/M1,edge,administrative,243
ppg_dalia,S9,ppg_dalia-S9-e0,channel_fault,minimum_v1/ppg_dalia-S9-e0/channel_fault/M1,edge,declared_parent,0
ppg_dalia,S9,ppg_dalia-S9-e0,channel_fault,minimum_v1/ppg_dalia-S9-e0/channel_fault/M1,edge,deterministic_provenance,322
ppg_dalia,S9,ppg_dalia-S9-e0,channel_fault,minimum_v1/ppg_dalia-S9-e0/channel_fault/M1,edge,model_evidence_citation,12
ppg_dalia,S9,ppg_dalia-S9-e0,channel_fault,minimum_v1/ppg_dalia-S9-e0/channel_fault/M1,edge,support_evaluation,27
ppg_dalia,S9,ppg_dalia-S9-e0,clean,minimum_v1/ppg_dalia-S9-e0/clean/M1,edge,accepted_citation_mirror,12
ppg_dalia,S9,ppg_dalia-S9-e0,clean,minimum_v1/ppg_dalia-S9-e0/clean/M1,edge,administrative,207
ppg_dalia,S9,ppg_dalia-S9-e0,clean,minimum_v1/ppg_dalia-S9-e0/clean/M1,edge,declared_parent,0
ppg_dalia,S9,ppg_dalia-S9-e0,clean,minimum_v1/ppg_dalia-S9-e0/clean/M1,edge,deterministic_provenance,308
ppg_dalia,S9,ppg_dalia-S9-e0,clean,minimum_v1/ppg_dalia-S9-e0/clean/M1,edge,model_evidence_citation,12
ppg_dalia,S9,ppg_dalia-S9-e0,clean,minimum_v1/ppg_dalia-S9-e0/clean/M1,edge,support_evaluation,6
ppg_dalia,S9,ppg_dalia-S9-e0,correction,minimum_v1/ppg_dalia-S9-e0/correction/M1,edge,accepted_citation_mirror,12
ppg_dalia,S9,ppg_dalia-S9-e0,correction,minimum_v1/ppg_dalia-S9-e0/correction/M1,edge,administrative,227
ppg_dalia,S9,ppg_dalia-S9-e0,correction,minimum_v1/ppg_dalia-S9-e0/correction/M1,edge,declared_parent,0
ppg_dalia,S9,ppg_dalia-S9-e0,correction,minimum_v1/ppg_dalia-S9-e0/correction/M1,edge,deterministic_provenance,308
ppg_dalia,S9,ppg_dalia-S9-e0,correction,minimum_v1/ppg_dalia-S9-e0/correction/M1,edge,model_evidence_citation,12
ppg_dalia,S9,ppg_dalia-S9-e0,correction,minimum_v1/ppg_dalia-S9-e0/correction/M1,edge,support_evaluation,8
ppg_dalia,S9,ppg_dalia-S9-e0,delayed,minimum_v1/ppg_dalia-S9-e0/delayed/M1,edge,accepted_citation_mirror,10
ppg_dalia,S9,ppg_dalia-S9-e0,delayed,minimum_v1/ppg_dalia-S9-e0/delayed/M1,edge,administrative,197
ppg_dalia,S9,ppg_dalia-S9-e0,delayed,minimum_v1/ppg_dalia-S9-e0/delayed/M1,edge,declared_parent,0
ppg_dalia,S9,ppg_dalia-S9-e0,delayed,minimum_v1/ppg_dalia-S9-e0/delayed/M1,edge,deterministic_provenance,304
ppg_dalia,S9,ppg_dalia-S9-e0,delayed,minimum_v1/ppg_dalia-S9-e0/delayed/M1,edge,model_evidence_citation,10
ppg_dalia,S9,ppg_dalia-S9-e0,delayed,minimum_v1/ppg_dalia-S9-e0/delayed/M1,edge,support_evaluation,0
ppg_dalia,S9,ppg_dalia-S9-e1,channel_fault,minimum_v1/ppg_dalia-S9-e1/channel_fault/M1,edge,accepted_citation_mirror,3
ppg_dalia,S9,ppg_dalia-S9-e1,channel_fault,minimum_v1/ppg_dalia-S9-e1/channel_fault/M1,edge,administrative,212
ppg_dalia,S9,ppg_dalia-S9-e1,channel_fault,minimum_v1/ppg_dalia-S9-e1/channel_fault/M1,edge,declared_parent,0
ppg_dalia,S9,ppg_dalia-S9-e1,channel_fault,minimum_v1/ppg_dalia-S9-e1/channel_fault/M1,edge,deterministic_provenance,322
ppg_dalia,S9,ppg_dalia-S9-e1,channel_fault,minimum_v1/ppg_dalia-S9-e1/channel_fault/M1,edge,model_evidence_citation,3
ppg_dalia,S9,ppg_dalia-S9-e1,channel_fault,minimum_v1/ppg_dalia-S9-e1/channel_fault/M1,edge,support_evaluation,27
ppg_dalia,S9,ppg_dalia-S9-e1,clean,minimum_v1/ppg_dalia-S9-e1/clean/M1,edge,accepted_citation_mirror,3
ppg_dalia,S9,ppg_dalia-S9-e1,clean,minimum_v1/ppg_dalia-S9-e1/clean/M1,edge,administrative,188
ppg_dalia,S9,ppg_dalia-S9-e1,clean,minimum_v1/ppg_dalia-S9-e1/clean/M1,edge,declared_parent,0
ppg_dalia,S9,ppg_dalia-S9-e1,clean,minimum_v1/ppg_dalia-S9-e1/clean/M1,edge,deterministic_provenance,308
ppg_dalia,S9,ppg_dalia-S9-e1,clean,minimum_v1/ppg_dalia-S9-e1/clean/M1,edge,model_evidence_citation,3
ppg_dalia,S9,ppg_dalia-S9-e1,clean,minimum_v1/ppg_dalia-S9-e1/clean/M1,edge,support_evaluation,6
ppg_dalia,S9,ppg_dalia-S9-e1,correction,minimum_v1/ppg_dalia-S9-e1/correction/M1,edge,accepted_citation_mirror,3
ppg_dalia,S9,ppg_dalia-S9-e1,correction,minimum_v1/ppg_dalia-S9-e1/correction/M1,edge,administrative,196
ppg_dalia,S9,ppg_dalia-S9-e1,correction,minimum_v1/ppg_dalia-S9-e1/correction/M1,edge,declared_parent,0
ppg_dalia,S9,ppg_dalia-S9-e1,correction,minimum_v1/ppg_dalia-S9-e1/correction/M1,edge,deterministic_provenance,308
ppg_dalia,S9,ppg_dalia-S9-e1,correction,minimum_v1/ppg_dalia-S9-e1/correction/M1,edge,model_evidence_citation,3
ppg_dalia,S9,ppg_dalia-S9-e1,correction,minimum_v1/ppg_dalia-S9-e1/correction/M1,edge,support_evaluation,8
ppg_dalia,S9,ppg_dalia-S9-e1,delayed,minimum_v1/ppg_dalia-S9-e1/delayed/M1,edge,accepted_citation_mirror,1
ppg_dalia,S9,ppg_dalia-S9-e1,delayed,minimum_v1/ppg_dalia-S9-e1/delayed/M1,edge,administrative,178
ppg_dalia,S9,ppg_dalia-S9-e1,delayed,minimum_v1/ppg_dalia-S9-e1/delayed/M1,edge,declared_parent,0
ppg_dalia,S9,ppg_dalia-S9-e1,delayed,minimum_v1/ppg_dalia-S9-e1/delayed/M1,edge,deterministic_provenance,304
ppg_dalia,S9,ppg_dalia-S9-e1,delayed,minimum_v1/ppg_dalia-S9-e1/delayed/M1,edge,model_evidence_citation,1
ppg_dalia,S9,ppg_dalia-S9-e1,delayed,minimum_v1/ppg_dalia-S9-e1/delayed/M1,edge,support_evaluation,0
synthetic,V1001,synthetic-V1001-e0,channel_fault,minimum_v1/synthetic-V1001-e0/channel_fault/M1,edge,accepted_citation_mirror,3
synthetic,V1001,synthetic-V1001-e0,channel_fault,minimum_v1/synthetic-V1001-e0/channel_fault/M1,edge,administrative,204
synthetic,V1001,synthetic-V1001-e0,channel_fault,minimum_v1/synthetic-V1001-e0/channel_fault/M1,edge,declared_parent,0
synthetic,V1001,synthetic-V1001-e0,channel_fault,minimum_v1/synthetic-V1001-e0/channel_fault/M1,edge,deterministic_provenance,322
synthetic,V1001,synthetic-V1001-e0,channel_fault,minimum_v1/synthetic-V1001-e0/channel_fault/M1,edge,model_evidence_citation,3
synthetic,V1001,synthetic-V1001-e0,channel_fault,minimum_v1/synthetic-V1001-e0/channel_fault/M1,edge,support_evaluation,24
synthetic,V1001,synthetic-V1001-e0,clean,minimum_v1/synthetic-V1001-e0/clean/M1,edge,accepted_citation_mirror,3
synthetic,V1001,synthetic-V1001-e0,clean,minimum_v1/synthetic-V1001-e0/clean/M1,edge,administrative,188
synthetic,V1001,synthetic-V1001-e0,clean,minimum_v1/synthetic-V1001-e0/clean/M1,edge,declared_parent,0
synthetic,V1001,synthetic-V1001-e0,clean,minimum_v1/synthetic-V1001-e0/clean/M1,edge,deterministic_provenance,308
synthetic,V1001,synthetic-V1001-e0,clean,minimum_v1/synthetic-V1001-e0/clean/M1,edge,model_evidence_citation,3
synthetic,V1001,synthetic-V1001-e0,clean,minimum_v1/synthetic-V1001-e0/clean/M1,edge,support_evaluation,6
synthetic,V1001,synthetic-V1001-e0,correction,minimum_v1/synthetic-V1001-e0/correction/M1,edge,accepted_citation_mirror,3
synthetic,V1001,synthetic-V1001-e0,correction,minimum_v1/synthetic-V1001-e0/correction/M1,edge,administrative,196
synthetic,V1001,synthetic-V1001-e0,correction,minimum_v1/synthetic-V1001-e0/correction/M1,edge,declared_parent,0
synthetic,V1001,synthetic-V1001-e0,correction,minimum_v1/synthetic-V1001-e0/correction/M1,edge,deterministic_provenance,308
synthetic,V1001,synthetic-V1001-e0,correction,minimum_v1/synthetic-V1001-e0/correction/M1,edge,model_evidence_citation,3
synthetic,V1001,synthetic-V1001-e0,correction,minimum_v1/synthetic-V1001-e0/correction/M1,edge,support_evaluation,8
synthetic,V1001,synthetic-V1001-e0,delayed,minimum_v1/synthetic-V1001-e0/delayed/M1,edge,accepted_citation_mirror,1
synthetic,V1001,synthetic-V1001-e0,delayed,minimum_v1/synthetic-V1001-e0/delayed/M1,edge,administrative,178
synthetic,V1001,synthetic-V1001-e0,delayed,minimum_v1/synthetic-V1001-e0/delayed/M1,edge,declared_parent,0
synthetic,V1001,synthetic-V1001-e0,delayed,minimum_v1/synthetic-V1001-e0/delayed/M1,edge,deterministic_provenance,304
synthetic,V1001,synthetic-V1001-e0,delayed,minimum_v1/synthetic-V1001-e0/delayed/M1,edge,model_evidence_citation,1
synthetic,V1001,synthetic-V1001-e0,delayed,minimum_v1/synthetic-V1001-e0/delayed/M1,edge,support_evaluation,0
synthetic,V1001,synthetic-V1001-e1,channel_fault,minimum_v1/synthetic-V1001-e1/channel_fault/M1,edge,accepted_citation_mirror,6
synthetic,V1001,synthetic-V1001-e1,channel_fault,minimum_v1/synthetic-V1001-e1/channel_fault/M1,edge,administrative,215
synthetic,V1001,synthetic-V1001-e1,channel_fault,minimum_v1/synthetic-V1001-e1/channel_fault/M1,edge,declared_parent,1
synthetic,V1001,synthetic-V1001-e1,channel_fault,minimum_v1/synthetic-V1001-e1/channel_fault/M1,edge,deterministic_provenance,322
synthetic,V1001,synthetic-V1001-e1,channel_fault,minimum_v1/synthetic-V1001-e1/channel_fault/M1,edge,model_evidence_citation,5
synthetic,V1001,synthetic-V1001-e1,channel_fault,minimum_v1/synthetic-V1001-e1/channel_fault/M1,edge,support_evaluation,29
synthetic,V1001,synthetic-V1001-e1,clean,minimum_v1/synthetic-V1001-e1/clean/M1,edge,accepted_citation_mirror,3
synthetic,V1001,synthetic-V1001-e1,clean,minimum_v1/synthetic-V1001-e1/clean/M1,edge,administrative,188
synthetic,V1001,synthetic-V1001-e1,clean,minimum_v1/synthetic-V1001-e1/clean/M1,edge,declared_parent,0
synthetic,V1001,synthetic-V1001-e1,clean,minimum_v1/synthetic-V1001-e1/clean/M1,edge,deterministic_provenance,308
synthetic,V1001,synthetic-V1001-e1,clean,minimum_v1/synthetic-V1001-e1/clean/M1,edge,model_evidence_citation,3
synthetic,V1001,synthetic-V1001-e1,clean,minimum_v1/synthetic-V1001-e1/clean/M1,edge,support_evaluation,6
synthetic,V1001,synthetic-V1001-e1,correction,minimum_v1/synthetic-V1001-e1/correction/M1,edge,accepted_citation_mirror,3
synthetic,V1001,synthetic-V1001-e1,correction,minimum_v1/synthetic-V1001-e1/correction/M1,edge,administrative,196
synthetic,V1001,synthetic-V1001-e1,correction,minimum_v1/synthetic-V1001-e1/correction/M1,edge,declared_parent,0
synthetic,V1001,synthetic-V1001-e1,correction,minimum_v1/synthetic-V1001-e1/correction/M1,edge,deterministic_provenance,308
synthetic,V1001,synthetic-V1001-e1,correction,minimum_v1/synthetic-V1001-e1/correction/M1,edge,model_evidence_citation,3
synthetic,V1001,synthetic-V1001-e1,correction,minimum_v1/synthetic-V1001-e1/correction/M1,edge,support_evaluation,8
synthetic,V1001,synthetic-V1001-e1,delayed,minimum_v1/synthetic-V1001-e1/delayed/M1,edge,accepted_citation_mirror,1
synthetic,V1001,synthetic-V1001-e1,delayed,minimum_v1/synthetic-V1001-e1/delayed/M1,edge,administrative,178
synthetic,V1001,synthetic-V1001-e1,delayed,minimum_v1/synthetic-V1001-e1/delayed/M1,edge,declared_parent,0
synthetic,V1001,synthetic-V1001-e1,delayed,minimum_v1/synthetic-V1001-e1/delayed/M1,edge,deterministic_provenance,304
synthetic,V1001,synthetic-V1001-e1,delayed,minimum_v1/synthetic-V1001-e1/delayed/M1,edge,model_evidence_citation,1
synthetic,V1001,synthetic-V1001-e1,delayed,minimum_v1/synthetic-V1001-e1/delayed/M1,edge,support_evaluation,0
synthetic,V1002,synthetic-V1002-e0,channel_fault,minimum_v1/synthetic-V1002-e0/channel_fault/M1,edge,accepted_citation_mirror,6
synthetic,V1002,synthetic-V1002-e0,channel_fault,minimum_v1/synthetic-V1002-e0/channel_fault/M1,edge,administrative,227
synthetic,V1002,synthetic-V1002-e0,channel_fault,minimum_v1/synthetic-V1002-e0/channel_fault/M1,edge,declared_parent,0
synthetic,V1002,synthetic-V1002-e0,channel_fault,minimum_v1/synthetic-V1002-e0/channel_fault/M1,edge,deterministic_provenance,322
synthetic,V1002,synthetic-V1002-e0,channel_fault,minimum_v1/synthetic-V1002-e0/channel_fault/M1,edge,model_evidence_citation,6
synthetic,V1002,synthetic-V1002-e0,channel_fault,minimum_v1/synthetic-V1002-e0/channel_fault/M1,edge,support_evaluation,27
synthetic,V1002,synthetic-V1002-e0,clean,minimum_v1/synthetic-V1002-e0/clean/M1,edge,accepted_citation_mirror,6
synthetic,V1002,synthetic-V1002-e0,clean,minimum_v1/synthetic-V1002-e0/clean/M1,edge,administrative,197
synthetic,V1002,synthetic-V1002-e0,clean,minimum_v1/synthetic-V1002-e0/clean/M1,edge,declared_parent,0
synthetic,V1002,synthetic-V1002-e0,clean,minimum_v1/synthetic-V1002-e0/clean/M1,edge,deterministic_provenance,308
synthetic,V1002,synthetic-V1002-e0,clean,minimum_v1/synthetic-V1002-e0/clean/M1,edge,model_evidence_citation,6
synthetic,V1002,synthetic-V1002-e0,clean,minimum_v1/synthetic-V1002-e0/clean/M1,edge,support_evaluation,6
synthetic,V1002,synthetic-V1002-e0,correction,minimum_v1/synthetic-V1002-e0/correction/M1,edge,accepted_citation_mirror,6
synthetic,V1002,synthetic-V1002-e0,correction,minimum_v1/synthetic-V1002-e0/correction/M1,edge,administrative,211
synthetic,V1002,synthetic-V1002-e0,correction,minimum_v1/synthetic-V1002-e0/correction/M1,edge,declared_parent,0
synthetic,V1002,synthetic-V1002-e0,correction,minimum_v1/synthetic-V1002-e0/correction/M1,edge,deterministic_provenance,308
synthetic,V1002,synthetic-V1002-e0,correction,minimum_v1/synthetic-V1002-e0/correction/M1,edge,model_evidence_citation,6
synthetic,V1002,synthetic-V1002-e0,correction,minimum_v1/synthetic-V1002-e0/correction/M1,edge,support_evaluation,8
synthetic,V1002,synthetic-V1002-e0,delayed,minimum_v1/synthetic-V1002-e0/delayed/M1,edge,accepted_citation_mirror,4
synthetic,V1002,synthetic-V1002-e0,delayed,minimum_v1/synthetic-V1002-e0/delayed/M1,edge,administrative,187
synthetic,V1002,synthetic-V1002-e0,delayed,minimum_v1/synthetic-V1002-e0/delayed/M1,edge,declared_parent,0
synthetic,V1002,synthetic-V1002-e0,delayed,minimum_v1/synthetic-V1002-e0/delayed/M1,edge,deterministic_provenance,304
synthetic,V1002,synthetic-V1002-e0,delayed,minimum_v1/synthetic-V1002-e0/delayed/M1,edge,model_evidence_citation,4
synthetic,V1002,synthetic-V1002-e0,delayed,minimum_v1/synthetic-V1002-e0/delayed/M1,edge,support_evaluation,0
synthetic,V1002,synthetic-V1002-e1,channel_fault,minimum_v1/synthetic-V1002-e1/channel_fault/M1,edge,accepted_citation_mirror,6
synthetic,V1002,synthetic-V1002-e1,channel_fault,minimum_v1/synthetic-V1002-e1/channel_fault/M1,edge,administrative,227
synthetic,V1002,synthetic-V1002-e1,channel_fault,minimum_v1/synthetic-V1002-e1/channel_fault/M1,edge,declared_parent,0
synthetic,V1002,synthetic-V1002-e1,channel_fault,minimum_v1/synthetic-V1002-e1/channel_fault/M1,edge,deterministic_provenance,322
synthetic,V1002,synthetic-V1002-e1,channel_fault,minimum_v1/synthetic-V1002-e1/channel_fault/M1,edge,model_evidence_citation,6
synthetic,V1002,synthetic-V1002-e1,channel_fault,minimum_v1/synthetic-V1002-e1/channel_fault/M1,edge,support_evaluation,38
synthetic,V1002,synthetic-V1002-e1,clean,minimum_v1/synthetic-V1002-e1/clean/M1,edge,accepted_citation_mirror,6
synthetic,V1002,synthetic-V1002-e1,clean,minimum_v1/synthetic-V1002-e1/clean/M1,edge,administrative,197
synthetic,V1002,synthetic-V1002-e1,clean,minimum_v1/synthetic-V1002-e1/clean/M1,edge,declared_parent,0
synthetic,V1002,synthetic-V1002-e1,clean,minimum_v1/synthetic-V1002-e1/clean/M1,edge,deterministic_provenance,308
synthetic,V1002,synthetic-V1002-e1,clean,minimum_v1/synthetic-V1002-e1/clean/M1,edge,model_evidence_citation,6
synthetic,V1002,synthetic-V1002-e1,clean,minimum_v1/synthetic-V1002-e1/clean/M1,edge,support_evaluation,6
synthetic,V1002,synthetic-V1002-e1,correction,minimum_v1/synthetic-V1002-e1/correction/M1,edge,accepted_citation_mirror,6
synthetic,V1002,synthetic-V1002-e1,correction,minimum_v1/synthetic-V1002-e1/correction/M1,edge,administrative,211
synthetic,V1002,synthetic-V1002-e1,correction,minimum_v1/synthetic-V1002-e1/correction/M1,edge,declared_parent,0
synthetic,V1002,synthetic-V1002-e1,correction,minimum_v1/synthetic-V1002-e1/correction/M1,edge,deterministic_provenance,308
synthetic,V1002,synthetic-V1002-e1,correction,minimum_v1/synthetic-V1002-e1/correction/M1,edge,model_evidence_citation,6
synthetic,V1002,synthetic-V1002-e1,correction,minimum_v1/synthetic-V1002-e1/correction/M1,edge,support_evaluation,8
synthetic,V1002,synthetic-V1002-e1,delayed,minimum_v1/synthetic-V1002-e1/delayed/M1,edge,accepted_citation_mirror,4
synthetic,V1002,synthetic-V1002-e1,delayed,minimum_v1/synthetic-V1002-e1/delayed/M1,edge,administrative,187
synthetic,V1002,synthetic-V1002-e1,delayed,minimum_v1/synthetic-V1002-e1/delayed/M1,edge,declared_parent,0
synthetic,V1002,synthetic-V1002-e1,delayed,minimum_v1/synthetic-V1002-e1/delayed/M1,edge,deterministic_provenance,304
synthetic,V1002,synthetic-V1002-e1,delayed,minimum_v1/synthetic-V1002-e1/delayed/M1,edge,model_evidence_citation,4
synthetic,V1002,synthetic-V1002-e1,delayed,minimum_v1/synthetic-V1002-e1/delayed/M1,edge,support_evaluation,0
synthetic,V1003,synthetic-V1003-e0,channel_fault,minimum_v1/synthetic-V1003-e0/channel_fault/M1,edge,accepted_citation_mirror,6
synthetic,V1003,synthetic-V1003-e0,channel_fault,minimum_v1/synthetic-V1003-e0/channel_fault/M1,edge,administrative,217
synthetic,V1003,synthetic-V1003-e0,channel_fault,minimum_v1/synthetic-V1003-e0/channel_fault/M1,edge,declared_parent,1
synthetic,V1003,synthetic-V1003-e0,channel_fault,minimum_v1/synthetic-V1003-e0/channel_fault/M1,edge,deterministic_provenance,322
synthetic,V1003,synthetic-V1003-e0,channel_fault,minimum_v1/synthetic-V1003-e0/channel_fault/M1,edge,model_evidence_citation,5
synthetic,V1003,synthetic-V1003-e0,channel_fault,minimum_v1/synthetic-V1003-e0/channel_fault/M1,edge,support_evaluation,31
synthetic,V1003,synthetic-V1003-e0,clean,minimum_v1/synthetic-V1003-e0/clean/M1,edge,accepted_citation_mirror,6
synthetic,V1003,synthetic-V1003-e0,clean,minimum_v1/synthetic-V1003-e0/clean/M1,edge,administrative,191
synthetic,V1003,synthetic-V1003-e0,clean,minimum_v1/synthetic-V1003-e0/clean/M1,edge,declared_parent,1
synthetic,V1003,synthetic-V1003-e0,clean,minimum_v1/synthetic-V1003-e0/clean/M1,edge,deterministic_provenance,308
synthetic,V1003,synthetic-V1003-e0,clean,minimum_v1/synthetic-V1003-e0/clean/M1,edge,model_evidence_citation,5
synthetic,V1003,synthetic-V1003-e0,clean,minimum_v1/synthetic-V1003-e0/clean/M1,edge,support_evaluation,8
synthetic,V1003,synthetic-V1003-e0,correction,minimum_v1/synthetic-V1003-e0/correction/M1,edge,accepted_citation_mirror,6
synthetic,V1003,synthetic-V1003-e0,correction,minimum_v1/synthetic-V1003-e0/correction/M1,edge,administrative,201
synthetic,V1003,synthetic-V1003-e0,correction,minimum_v1/synthetic-V1003-e0/correction/M1,edge,declared_parent,1
synthetic,V1003,synthetic-V1003-e0,correction,minimum_v1/synthetic-V1003-e0/correction/M1,edge,deterministic_provenance,308
synthetic,V1003,synthetic-V1003-e0,correction,minimum_v1/synthetic-V1003-e0/correction/M1,edge,model_evidence_citation,5
synthetic,V1003,synthetic-V1003-e0,correction,minimum_v1/synthetic-V1003-e0/correction/M1,edge,support_evaluation,10
synthetic,V1003,synthetic-V1003-e0,delayed,minimum_v1/synthetic-V1003-e0/delayed/M1,edge,accepted_citation_mirror,4
synthetic,V1003,synthetic-V1003-e0,delayed,minimum_v1/synthetic-V1003-e0/delayed/M1,edge,administrative,181
synthetic,V1003,synthetic-V1003-e0,delayed,minimum_v1/synthetic-V1003-e0/delayed/M1,edge,declared_parent,1
synthetic,V1003,synthetic-V1003-e0,delayed,minimum_v1/synthetic-V1003-e0/delayed/M1,edge,deterministic_provenance,304
synthetic,V1003,synthetic-V1003-e0,delayed,minimum_v1/synthetic-V1003-e0/delayed/M1,edge,model_evidence_citation,3
synthetic,V1003,synthetic-V1003-e0,delayed,minimum_v1/synthetic-V1003-e0/delayed/M1,edge,support_evaluation,0
synthetic,V1003,synthetic-V1003-e1,channel_fault,minimum_v1/synthetic-V1003-e1/channel_fault/M1,edge,accepted_citation_mirror,6
synthetic,V1003,synthetic-V1003-e1,channel_fault,minimum_v1/synthetic-V1003-e1/channel_fault/M1,edge,administrative,227
synthetic,V1003,synthetic-V1003-e1,channel_fault,minimum_v1/synthetic-V1003-e1/channel_fault/M1,edge,declared_parent,0
synthetic,V1003,synthetic-V1003-e1,channel_fault,minimum_v1/synthetic-V1003-e1/channel_fault/M1,edge,deterministic_provenance,322
synthetic,V1003,synthetic-V1003-e1,channel_fault,minimum_v1/synthetic-V1003-e1/channel_fault/M1,edge,model_evidence_citation,6
synthetic,V1003,synthetic-V1003-e1,channel_fault,minimum_v1/synthetic-V1003-e1/channel_fault/M1,edge,support_evaluation,38
synthetic,V1003,synthetic-V1003-e1,clean,minimum_v1/synthetic-V1003-e1/clean/M1,edge,accepted_citation_mirror,6
synthetic,V1003,synthetic-V1003-e1,clean,minimum_v1/synthetic-V1003-e1/clean/M1,edge,administrative,197
synthetic,V1003,synthetic-V1003-e1,clean,minimum_v1/synthetic-V1003-e1/clean/M1,edge,declared_parent,0
synthetic,V1003,synthetic-V1003-e1,clean,minimum_v1/synthetic-V1003-e1/clean/M1,edge,deterministic_provenance,308
synthetic,V1003,synthetic-V1003-e1,clean,minimum_v1/synthetic-V1003-e1/clean/M1,edge,model_evidence_citation,6
synthetic,V1003,synthetic-V1003-e1,clean,minimum_v1/synthetic-V1003-e1/clean/M1,edge,support_evaluation,6
synthetic,V1003,synthetic-V1003-e1,correction,minimum_v1/synthetic-V1003-e1/correction/M1,edge,accepted_citation_mirror,6
synthetic,V1003,synthetic-V1003-e1,correction,minimum_v1/synthetic-V1003-e1/correction/M1,edge,administrative,211
synthetic,V1003,synthetic-V1003-e1,correction,minimum_v1/synthetic-V1003-e1/correction/M1,edge,declared_parent,0
synthetic,V1003,synthetic-V1003-e1,correction,minimum_v1/synthetic-V1003-e1/correction/M1,edge,deterministic_provenance,308
synthetic,V1003,synthetic-V1003-e1,correction,minimum_v1/synthetic-V1003-e1/correction/M1,edge,model_evidence_citation,6
synthetic,V1003,synthetic-V1003-e1,correction,minimum_v1/synthetic-V1003-e1/correction/M1,edge,support_evaluation,8
synthetic,V1003,synthetic-V1003-e1,delayed,minimum_v1/synthetic-V1003-e1/delayed/M1,edge,accepted_citation_mirror,4
synthetic,V1003,synthetic-V1003-e1,delayed,minimum_v1/synthetic-V1003-e1/delayed/M1,edge,administrative,187
synthetic,V1003,synthetic-V1003-e1,delayed,minimum_v1/synthetic-V1003-e1/delayed/M1,edge,declared_parent,0
synthetic,V1003,synthetic-V1003-e1,delayed,minimum_v1/synthetic-V1003-e1/delayed/M1,edge,deterministic_provenance,304
synthetic,V1003,synthetic-V1003-e1,delayed,minimum_v1/synthetic-V1003-e1/delayed/M1,edge,model_evidence_citation,4
synthetic,V1003,synthetic-V1003-e1,delayed,minimum_v1/synthetic-V1003-e1/delayed/M1,edge,support_evaluation,0
synthetic,V1004,synthetic-V1004-e0,channel_fault,minimum_v1/synthetic-V1004-e0/channel_fault/M1,edge,accepted_citation_mirror,6
synthetic,V1004,synthetic-V1004-e0,channel_fault,minimum_v1/synthetic-V1004-e0/channel_fault/M1,edge,administrative,227
synthetic,V1004,synthetic-V1004-e0,channel_fault,minimum_v1/synthetic-V1004-e0/channel_fault/M1,edge,declared_parent,0
synthetic,V1004,synthetic-V1004-e0,channel_fault,minimum_v1/synthetic-V1004-e0/channel_fault/M1,edge,deterministic_provenance,322
synthetic,V1004,synthetic-V1004-e0,channel_fault,minimum_v1/synthetic-V1004-e0/channel_fault/M1,edge,model_evidence_citation,6
synthetic,V1004,synthetic-V1004-e0,channel_fault,minimum_v1/synthetic-V1004-e0/channel_fault/M1,edge,support_evaluation,27
synthetic,V1004,synthetic-V1004-e0,clean,minimum_v1/synthetic-V1004-e0/clean/M1,edge,accepted_citation_mirror,6
synthetic,V1004,synthetic-V1004-e0,clean,minimum_v1/synthetic-V1004-e0/clean/M1,edge,administrative,197
synthetic,V1004,synthetic-V1004-e0,clean,minimum_v1/synthetic-V1004-e0/clean/M1,edge,declared_parent,0
synthetic,V1004,synthetic-V1004-e0,clean,minimum_v1/synthetic-V1004-e0/clean/M1,edge,deterministic_provenance,308
synthetic,V1004,synthetic-V1004-e0,clean,minimum_v1/synthetic-V1004-e0/clean/M1,edge,model_evidence_citation,6
synthetic,V1004,synthetic-V1004-e0,clean,minimum_v1/synthetic-V1004-e0/clean/M1,edge,support_evaluation,6
synthetic,V1004,synthetic-V1004-e0,correction,minimum_v1/synthetic-V1004-e0/correction/M1,edge,accepted_citation_mirror,6
synthetic,V1004,synthetic-V1004-e0,correction,minimum_v1/synthetic-V1004-e0/correction/M1,edge,administrative,211
synthetic,V1004,synthetic-V1004-e0,correction,minimum_v1/synthetic-V1004-e0/correction/M1,edge,declared_parent,0
synthetic,V1004,synthetic-V1004-e0,correction,minimum_v1/synthetic-V1004-e0/correction/M1,edge,deterministic_provenance,308
synthetic,V1004,synthetic-V1004-e0,correction,minimum_v1/synthetic-V1004-e0/correction/M1,edge,model_evidence_citation,6
synthetic,V1004,synthetic-V1004-e0,correction,minimum_v1/synthetic-V1004-e0/correction/M1,edge,support_evaluation,8
synthetic,V1004,synthetic-V1004-e0,delayed,minimum_v1/synthetic-V1004-e0/delayed/M1,edge,accepted_citation_mirror,4
synthetic,V1004,synthetic-V1004-e0,delayed,minimum_v1/synthetic-V1004-e0/delayed/M1,edge,administrative,187
synthetic,V1004,synthetic-V1004-e0,delayed,minimum_v1/synthetic-V1004-e0/delayed/M1,edge,declared_parent,0
synthetic,V1004,synthetic-V1004-e0,delayed,minimum_v1/synthetic-V1004-e0/delayed/M1,edge,deterministic_provenance,304
synthetic,V1004,synthetic-V1004-e0,delayed,minimum_v1/synthetic-V1004-e0/delayed/M1,edge,model_evidence_citation,4
synthetic,V1004,synthetic-V1004-e0,delayed,minimum_v1/synthetic-V1004-e0/delayed/M1,edge,support_evaluation,0
synthetic,V1004,synthetic-V1004-e1,channel_fault,minimum_v1/synthetic-V1004-e1/channel_fault/M1,edge,accepted_citation_mirror,6
synthetic,V1004,synthetic-V1004-e1,channel_fault,minimum_v1/synthetic-V1004-e1/channel_fault/M1,edge,administrative,227
synthetic,V1004,synthetic-V1004-e1,channel_fault,minimum_v1/synthetic-V1004-e1/channel_fault/M1,edge,declared_parent,0
synthetic,V1004,synthetic-V1004-e1,channel_fault,minimum_v1/synthetic-V1004-e1/channel_fault/M1,edge,deterministic_provenance,322
synthetic,V1004,synthetic-V1004-e1,channel_fault,minimum_v1/synthetic-V1004-e1/channel_fault/M1,edge,model_evidence_citation,6
synthetic,V1004,synthetic-V1004-e1,channel_fault,minimum_v1/synthetic-V1004-e1/channel_fault/M1,edge,support_evaluation,38
synthetic,V1004,synthetic-V1004-e1,clean,minimum_v1/synthetic-V1004-e1/clean/M1,edge,accepted_citation_mirror,6
synthetic,V1004,synthetic-V1004-e1,clean,minimum_v1/synthetic-V1004-e1/clean/M1,edge,administrative,197
synthetic,V1004,synthetic-V1004-e1,clean,minimum_v1/synthetic-V1004-e1/clean/M1,edge,declared_parent,0
synthetic,V1004,synthetic-V1004-e1,clean,minimum_v1/synthetic-V1004-e1/clean/M1,edge,deterministic_provenance,308
synthetic,V1004,synthetic-V1004-e1,clean,minimum_v1/synthetic-V1004-e1/clean/M1,edge,model_evidence_citation,6
synthetic,V1004,synthetic-V1004-e1,clean,minimum_v1/synthetic-V1004-e1/clean/M1,edge,support_evaluation,6
synthetic,V1004,synthetic-V1004-e1,correction,minimum_v1/synthetic-V1004-e1/correction/M1,edge,accepted_citation_mirror,6
synthetic,V1004,synthetic-V1004-e1,correction,minimum_v1/synthetic-V1004-e1/correction/M1,edge,administrative,211
synthetic,V1004,synthetic-V1004-e1,correction,minimum_v1/synthetic-V1004-e1/correction/M1,edge,declared_parent,0
synthetic,V1004,synthetic-V1004-e1,correction,minimum_v1/synthetic-V1004-e1/correction/M1,edge,deterministic_provenance,308
synthetic,V1004,synthetic-V1004-e1,correction,minimum_v1/synthetic-V1004-e1/correction/M1,edge,model_evidence_citation,6
synthetic,V1004,synthetic-V1004-e1,correction,minimum_v1/synthetic-V1004-e1/correction/M1,edge,support_evaluation,8
synthetic,V1004,synthetic-V1004-e1,delayed,minimum_v1/synthetic-V1004-e1/delayed/M1,edge,accepted_citation_mirror,4
synthetic,V1004,synthetic-V1004-e1,delayed,minimum_v1/synthetic-V1004-e1/delayed/M1,edge,administrative,187
synthetic,V1004,synthetic-V1004-e1,delayed,minimum_v1/synthetic-V1004-e1/delayed/M1,edge,declared_parent,0
synthetic,V1004,synthetic-V1004-e1,delayed,minimum_v1/synthetic-V1004-e1/delayed/M1,edge,deterministic_provenance,304
synthetic,V1004,synthetic-V1004-e1,delayed,minimum_v1/synthetic-V1004-e1/delayed/M1,edge,model_evidence_citation,4
synthetic,V1004,synthetic-V1004-e1,delayed,minimum_v1/synthetic-V1004-e1/delayed/M1,edge,support_evaluation,0
synthetic,V1005,synthetic-V1005-e0,channel_fault,minimum_v1/synthetic-V1005-e0/channel_fault/M1,edge,accepted_citation_mirror,6
synthetic,V1005,synthetic-V1005-e0,channel_fault,minimum_v1/synthetic-V1005-e0/channel_fault/M1,edge,administrative,217
synthetic,V1005,synthetic-V1005-e0,channel_fault,minimum_v1/synthetic-V1005-e0/channel_fault/M1,edge,declared_parent,1
synthetic,V1005,synthetic-V1005-e0,channel_fault,minimum_v1/synthetic-V1005-e0/channel_fault/M1,edge,deterministic_provenance,322
synthetic,V1005,synthetic-V1005-e0,channel_fault,minimum_v1/synthetic-V1005-e0/channel_fault/M1,edge,model_evidence_citation,5
synthetic,V1005,synthetic-V1005-e0,channel_fault,minimum_v1/synthetic-V1005-e0/channel_fault/M1,edge,support_evaluation,31
synthetic,V1005,synthetic-V1005-e0,clean,minimum_v1/synthetic-V1005-e0/clean/M1,edge,accepted_citation_mirror,6
synthetic,V1005,synthetic-V1005-e0,clean,minimum_v1/synthetic-V1005-e0/clean/M1,edge,administrative,191
synthetic,V1005,synthetic-V1005-e0,clean,minimum_v1/synthetic-V1005-e0/clean/M1,edge,declared_parent,1
synthetic,V1005,synthetic-V1005-e0,clean,minimum_v1/synthetic-V1005-e0/clean/M1,edge,deterministic_provenance,308
synthetic,V1005,synthetic-V1005-e0,clean,minimum_v1/synthetic-V1005-e0/clean/M1,edge,model_evidence_citation,5
synthetic,V1005,synthetic-V1005-e0,clean,minimum_v1/synthetic-V1005-e0/clean/M1,edge,support_evaluation,8
synthetic,V1005,synthetic-V1005-e0,correction,minimum_v1/synthetic-V1005-e0/correction/M1,edge,accepted_citation_mirror,6
synthetic,V1005,synthetic-V1005-e0,correction,minimum_v1/synthetic-V1005-e0/correction/M1,edge,administrative,201
synthetic,V1005,synthetic-V1005-e0,correction,minimum_v1/synthetic-V1005-e0/correction/M1,edge,declared_parent,1
synthetic,V1005,synthetic-V1005-e0,correction,minimum_v1/synthetic-V1005-e0/correction/M1,edge,deterministic_provenance,308
synthetic,V1005,synthetic-V1005-e0,correction,minimum_v1/synthetic-V1005-e0/correction/M1,edge,model_evidence_citation,5
synthetic,V1005,synthetic-V1005-e0,correction,minimum_v1/synthetic-V1005-e0/correction/M1,edge,support_evaluation,10
synthetic,V1005,synthetic-V1005-e0,delayed,minimum_v1/synthetic-V1005-e0/delayed/M1,edge,accepted_citation_mirror,4
synthetic,V1005,synthetic-V1005-e0,delayed,minimum_v1/synthetic-V1005-e0/delayed/M1,edge,administrative,181
synthetic,V1005,synthetic-V1005-e0,delayed,minimum_v1/synthetic-V1005-e0/delayed/M1,edge,declared_parent,1
synthetic,V1005,synthetic-V1005-e0,delayed,minimum_v1/synthetic-V1005-e0/delayed/M1,edge,deterministic_provenance,304
synthetic,V1005,synthetic-V1005-e0,delayed,minimum_v1/synthetic-V1005-e0/delayed/M1,edge,model_evidence_citation,3
synthetic,V1005,synthetic-V1005-e0,delayed,minimum_v1/synthetic-V1005-e0/delayed/M1,edge,support_evaluation,0
synthetic,V1005,synthetic-V1005-e1,channel_fault,minimum_v1/synthetic-V1005-e1/channel_fault/M1,edge,accepted_citation_mirror,6
synthetic,V1005,synthetic-V1005-e1,channel_fault,minimum_v1/synthetic-V1005-e1/channel_fault/M1,edge,administrative,227
synthetic,V1005,synthetic-V1005-e1,channel_fault,minimum_v1/synthetic-V1005-e1/channel_fault/M1,edge,declared_parent,0
synthetic,V1005,synthetic-V1005-e1,channel_fault,minimum_v1/synthetic-V1005-e1/channel_fault/M1,edge,deterministic_provenance,322
synthetic,V1005,synthetic-V1005-e1,channel_fault,minimum_v1/synthetic-V1005-e1/channel_fault/M1,edge,model_evidence_citation,6
synthetic,V1005,synthetic-V1005-e1,channel_fault,minimum_v1/synthetic-V1005-e1/channel_fault/M1,edge,support_evaluation,27
synthetic,V1005,synthetic-V1005-e1,clean,minimum_v1/synthetic-V1005-e1/clean/M1,edge,accepted_citation_mirror,6
synthetic,V1005,synthetic-V1005-e1,clean,minimum_v1/synthetic-V1005-e1/clean/M1,edge,administrative,197
synthetic,V1005,synthetic-V1005-e1,clean,minimum_v1/synthetic-V1005-e1/clean/M1,edge,declared_parent,0
synthetic,V1005,synthetic-V1005-e1,clean,minimum_v1/synthetic-V1005-e1/clean/M1,edge,deterministic_provenance,308
synthetic,V1005,synthetic-V1005-e1,clean,minimum_v1/synthetic-V1005-e1/clean/M1,edge,model_evidence_citation,6
synthetic,V1005,synthetic-V1005-e1,clean,minimum_v1/synthetic-V1005-e1/clean/M1,edge,support_evaluation,6
synthetic,V1005,synthetic-V1005-e1,correction,minimum_v1/synthetic-V1005-e1/correction/M1,edge,accepted_citation_mirror,6
synthetic,V1005,synthetic-V1005-e1,correction,minimum_v1/synthetic-V1005-e1/correction/M1,edge,administrative,211
synthetic,V1005,synthetic-V1005-e1,correction,minimum_v1/synthetic-V1005-e1/correction/M1,edge,declared_parent,0
synthetic,V1005,synthetic-V1005-e1,correction,minimum_v1/synthetic-V1005-e1/correction/M1,edge,deterministic_provenance,308
synthetic,V1005,synthetic-V1005-e1,correction,minimum_v1/synthetic-V1005-e1/correction/M1,edge,model_evidence_citation,6
synthetic,V1005,synthetic-V1005-e1,correction,minimum_v1/synthetic-V1005-e1/correction/M1,edge,support_evaluation,8
synthetic,V1005,synthetic-V1005-e1,delayed,minimum_v1/synthetic-V1005-e1/delayed/M1,edge,accepted_citation_mirror,4
synthetic,V1005,synthetic-V1005-e1,delayed,minimum_v1/synthetic-V1005-e1/delayed/M1,edge,administrative,187
synthetic,V1005,synthetic-V1005-e1,delayed,minimum_v1/synthetic-V1005-e1/delayed/M1,edge,declared_parent,0
synthetic,V1005,synthetic-V1005-e1,delayed,minimum_v1/synthetic-V1005-e1/delayed/M1,edge,deterministic_provenance,304
synthetic,V1005,synthetic-V1005-e1,delayed,minimum_v1/synthetic-V1005-e1/delayed/M1,edge,model_evidence_citation,4
synthetic,V1005,synthetic-V1005-e1,delayed,minimum_v1/synthetic-V1005-e1/delayed/M1,edge,support_evaluation,0
synthetic,V1006,synthetic-V1006-e0,channel_fault,minimum_v1/synthetic-V1006-e0/channel_fault/M1,edge,accepted_citation_mirror,3
synthetic,V1006,synthetic-V1006-e0,channel_fault,minimum_v1/synthetic-V1006-e0/channel_fault/M1,edge,administrative,204
synthetic,V1006,synthetic-V1006-e0,channel_fault,minimum_v1/synthetic-V1006-e0/channel_fault/M1,edge,declared_parent,0
synthetic,V1006,synthetic-V1006-e0,channel_fault,minimum_v1/synthetic-V1006-e0/channel_fault/M1,edge,deterministic_provenance,322
synthetic,V1006,synthetic-V1006-e0,channel_fault,minimum_v1/synthetic-V1006-e0/channel_fault/M1,edge,model_evidence_citation,3
synthetic,V1006,synthetic-V1006-e0,channel_fault,minimum_v1/synthetic-V1006-e0/channel_fault/M1,edge,support_evaluation,24
synthetic,V1006,synthetic-V1006-e0,clean,minimum_v1/synthetic-V1006-e0/clean/M1,edge,accepted_citation_mirror,3
synthetic,V1006,synthetic-V1006-e0,clean,minimum_v1/synthetic-V1006-e0/clean/M1,edge,administrative,188
synthetic,V1006,synthetic-V1006-e0,clean,minimum_v1/synthetic-V1006-e0/clean/M1,edge,declared_parent,0
synthetic,V1006,synthetic-V1006-e0,clean,minimum_v1/synthetic-V1006-e0/clean/M1,edge,deterministic_provenance,308
synthetic,V1006,synthetic-V1006-e0,clean,minimum_v1/synthetic-V1006-e0/clean/M1,edge,model_evidence_citation,3
synthetic,V1006,synthetic-V1006-e0,clean,minimum_v1/synthetic-V1006-e0/clean/M1,edge,support_evaluation,6
synthetic,V1006,synthetic-V1006-e0,correction,minimum_v1/synthetic-V1006-e0/correction/M1,edge,accepted_citation_mirror,3
synthetic,V1006,synthetic-V1006-e0,correction,minimum_v1/synthetic-V1006-e0/correction/M1,edge,administrative,196
synthetic,V1006,synthetic-V1006-e0,correction,minimum_v1/synthetic-V1006-e0/correction/M1,edge,declared_parent,0
synthetic,V1006,synthetic-V1006-e0,correction,minimum_v1/synthetic-V1006-e0/correction/M1,edge,deterministic_provenance,308
synthetic,V1006,synthetic-V1006-e0,correction,minimum_v1/synthetic-V1006-e0/correction/M1,edge,model_evidence_citation,3
synthetic,V1006,synthetic-V1006-e0,correction,minimum_v1/synthetic-V1006-e0/correction/M1,edge,support_evaluation,8
synthetic,V1006,synthetic-V1006-e0,delayed,minimum_v1/synthetic-V1006-e0/delayed/M1,edge,accepted_citation_mirror,1
synthetic,V1006,synthetic-V1006-e0,delayed,minimum_v1/synthetic-V1006-e0/delayed/M1,edge,administrative,178
synthetic,V1006,synthetic-V1006-e0,delayed,minimum_v1/synthetic-V1006-e0/delayed/M1,edge,declared_parent,0
synthetic,V1006,synthetic-V1006-e0,delayed,minimum_v1/synthetic-V1006-e0/delayed/M1,edge,deterministic_provenance,304
synthetic,V1006,synthetic-V1006-e0,delayed,minimum_v1/synthetic-V1006-e0/delayed/M1,edge,model_evidence_citation,1
synthetic,V1006,synthetic-V1006-e0,delayed,minimum_v1/synthetic-V1006-e0/delayed/M1,edge,support_evaluation,0
synthetic,V1006,synthetic-V1006-e1,channel_fault,minimum_v1/synthetic-V1006-e1/channel_fault/M1,edge,accepted_citation_mirror,3
synthetic,V1006,synthetic-V1006-e1,channel_fault,minimum_v1/synthetic-V1006-e1/channel_fault/M1,edge,administrative,204
synthetic,V1006,synthetic-V1006-e1,channel_fault,minimum_v1/synthetic-V1006-e1/channel_fault/M1,edge,declared_parent,0
synthetic,V1006,synthetic-V1006-e1,channel_fault,minimum_v1/synthetic-V1006-e1/channel_fault/M1,edge,deterministic_provenance,322
synthetic,V1006,synthetic-V1006-e1,channel_fault,minimum_v1/synthetic-V1006-e1/channel_fault/M1,edge,model_evidence_citation,3
synthetic,V1006,synthetic-V1006-e1,channel_fault,minimum_v1/synthetic-V1006-e1/channel_fault/M1,edge,support_evaluation,24
synthetic,V1006,synthetic-V1006-e1,clean,minimum_v1/synthetic-V1006-e1/clean/M1,edge,accepted_citation_mirror,3
synthetic,V1006,synthetic-V1006-e1,clean,minimum_v1/synthetic-V1006-e1/clean/M1,edge,administrative,188
synthetic,V1006,synthetic-V1006-e1,clean,minimum_v1/synthetic-V1006-e1/clean/M1,edge,declared_parent,0
synthetic,V1006,synthetic-V1006-e1,clean,minimum_v1/synthetic-V1006-e1/clean/M1,edge,deterministic_provenance,308
synthetic,V1006,synthetic-V1006-e1,clean,minimum_v1/synthetic-V1006-e1/clean/M1,edge,model_evidence_citation,3
synthetic,V1006,synthetic-V1006-e1,clean,minimum_v1/synthetic-V1006-e1/clean/M1,edge,support_evaluation,6
synthetic,V1006,synthetic-V1006-e1,correction,minimum_v1/synthetic-V1006-e1/correction/M1,edge,accepted_citation_mirror,3
synthetic,V1006,synthetic-V1006-e1,correction,minimum_v1/synthetic-V1006-e1/correction/M1,edge,administrative,196
synthetic,V1006,synthetic-V1006-e1,correction,minimum_v1/synthetic-V1006-e1/correction/M1,edge,declared_parent,0
synthetic,V1006,synthetic-V1006-e1,correction,minimum_v1/synthetic-V1006-e1/correction/M1,edge,deterministic_provenance,308
synthetic,V1006,synthetic-V1006-e1,correction,minimum_v1/synthetic-V1006-e1/correction/M1,edge,model_evidence_citation,3
synthetic,V1006,synthetic-V1006-e1,correction,minimum_v1/synthetic-V1006-e1/correction/M1,edge,support_evaluation,8
synthetic,V1006,synthetic-V1006-e1,delayed,minimum_v1/synthetic-V1006-e1/delayed/M1,edge,accepted_citation_mirror,1
synthetic,V1006,synthetic-V1006-e1,delayed,minimum_v1/synthetic-V1006-e1/delayed/M1,edge,administrative,178
synthetic,V1006,synthetic-V1006-e1,delayed,minimum_v1/synthetic-V1006-e1/delayed/M1,edge,declared_parent,0
synthetic,V1006,synthetic-V1006-e1,delayed,minimum_v1/synthetic-V1006-e1/delayed/M1,edge,deterministic_provenance,304
synthetic,V1006,synthetic-V1006-e1,delayed,minimum_v1/synthetic-V1006-e1/delayed/M1,edge,model_evidence_citation,1
synthetic,V1006,synthetic-V1006-e1,delayed,minimum_v1/synthetic-V1006-e1/delayed/M1,edge,support_evaluation,0
synthetic,V1007,synthetic-V1007-e0,channel_fault,minimum_v1/synthetic-V1007-e0/channel_fault/M1,edge,accepted_citation_mirror,6
synthetic,V1007,synthetic-V1007-e0,channel_fault,minimum_v1/synthetic-V1007-e0/channel_fault/M1,edge,administrative,227
synthetic,V1007,synthetic-V1007-e0,channel_fault,minimum_v1/synthetic-V1007-e0/channel_fault/M1,edge,declared_parent,0
synthetic,V1007,synthetic-V1007-e0,channel_fault,minimum_v1/synthetic-V1007-e0/channel_fault/M1,edge,deterministic_provenance,322
synthetic,V1007,synthetic-V1007-e0,channel_fault,minimum_v1/synthetic-V1007-e0/channel_fault/M1,edge,model_evidence_citation,6
synthetic,V1007,synthetic-V1007-e0,channel_fault,minimum_v1/synthetic-V1007-e0/channel_fault/M1,edge,support_evaluation,38
synthetic,V1007,synthetic-V1007-e0,clean,minimum_v1/synthetic-V1007-e0/clean/M1,edge,accepted_citation_mirror,6
synthetic,V1007,synthetic-V1007-e0,clean,minimum_v1/synthetic-V1007-e0/clean/M1,edge,administrative,197
synthetic,V1007,synthetic-V1007-e0,clean,minimum_v1/synthetic-V1007-e0/clean/M1,edge,declared_parent,0
synthetic,V1007,synthetic-V1007-e0,clean,minimum_v1/synthetic-V1007-e0/clean/M1,edge,deterministic_provenance,308
synthetic,V1007,synthetic-V1007-e0,clean,minimum_v1/synthetic-V1007-e0/clean/M1,edge,model_evidence_citation,6
synthetic,V1007,synthetic-V1007-e0,clean,minimum_v1/synthetic-V1007-e0/clean/M1,edge,support_evaluation,6
synthetic,V1007,synthetic-V1007-e0,correction,minimum_v1/synthetic-V1007-e0/correction/M1,edge,accepted_citation_mirror,6
synthetic,V1007,synthetic-V1007-e0,correction,minimum_v1/synthetic-V1007-e0/correction/M1,edge,administrative,211
synthetic,V1007,synthetic-V1007-e0,correction,minimum_v1/synthetic-V1007-e0/correction/M1,edge,declared_parent,0
synthetic,V1007,synthetic-V1007-e0,correction,minimum_v1/synthetic-V1007-e0/correction/M1,edge,deterministic_provenance,308
synthetic,V1007,synthetic-V1007-e0,correction,minimum_v1/synthetic-V1007-e0/correction/M1,edge,model_evidence_citation,6
synthetic,V1007,synthetic-V1007-e0,correction,minimum_v1/synthetic-V1007-e0/correction/M1,edge,support_evaluation,8
synthetic,V1007,synthetic-V1007-e0,delayed,minimum_v1/synthetic-V1007-e0/delayed/M1,edge,accepted_citation_mirror,4
synthetic,V1007,synthetic-V1007-e0,delayed,minimum_v1/synthetic-V1007-e0/delayed/M1,edge,administrative,187
synthetic,V1007,synthetic-V1007-e0,delayed,minimum_v1/synthetic-V1007-e0/delayed/M1,edge,declared_parent,0
synthetic,V1007,synthetic-V1007-e0,delayed,minimum_v1/synthetic-V1007-e0/delayed/M1,edge,deterministic_provenance,304
synthetic,V1007,synthetic-V1007-e0,delayed,minimum_v1/synthetic-V1007-e0/delayed/M1,edge,model_evidence_citation,4
synthetic,V1007,synthetic-V1007-e0,delayed,minimum_v1/synthetic-V1007-e0/delayed/M1,edge,support_evaluation,0
synthetic,V1007,synthetic-V1007-e1,channel_fault,minimum_v1/synthetic-V1007-e1/channel_fault/M1,edge,accepted_citation_mirror,6
synthetic,V1007,synthetic-V1007-e1,channel_fault,minimum_v1/synthetic-V1007-e1/channel_fault/M1,edge,administrative,213
synthetic,V1007,synthetic-V1007-e1,channel_fault,minimum_v1/synthetic-V1007-e1/channel_fault/M1,edge,declared_parent,0
synthetic,V1007,synthetic-V1007-e1,channel_fault,minimum_v1/synthetic-V1007-e1/channel_fault/M1,edge,deterministic_provenance,322
synthetic,V1007,synthetic-V1007-e1,channel_fault,minimum_v1/synthetic-V1007-e1/channel_fault/M1,edge,model_evidence_citation,6
synthetic,V1007,synthetic-V1007-e1,channel_fault,minimum_v1/synthetic-V1007-e1/channel_fault/M1,edge,support_evaluation,24
synthetic,V1007,synthetic-V1007-e1,clean,minimum_v1/synthetic-V1007-e1/clean/M1,edge,accepted_citation_mirror,6
synthetic,V1007,synthetic-V1007-e1,clean,minimum_v1/synthetic-V1007-e1/clean/M1,edge,administrative,197
synthetic,V1007,synthetic-V1007-e1,clean,minimum_v1/synthetic-V1007-e1/clean/M1,edge,declared_parent,0
synthetic,V1007,synthetic-V1007-e1,clean,minimum_v1/synthetic-V1007-e1/clean/M1,edge,deterministic_provenance,308
synthetic,V1007,synthetic-V1007-e1,clean,minimum_v1/synthetic-V1007-e1/clean/M1,edge,model_evidence_citation,6
synthetic,V1007,synthetic-V1007-e1,clean,minimum_v1/synthetic-V1007-e1/clean/M1,edge,support_evaluation,6
synthetic,V1007,synthetic-V1007-e1,correction,minimum_v1/synthetic-V1007-e1/correction/M1,edge,accepted_citation_mirror,6
synthetic,V1007,synthetic-V1007-e1,correction,minimum_v1/synthetic-V1007-e1/correction/M1,edge,administrative,211
synthetic,V1007,synthetic-V1007-e1,correction,minimum_v1/synthetic-V1007-e1/correction/M1,edge,declared_parent,0
synthetic,V1007,synthetic-V1007-e1,correction,minimum_v1/synthetic-V1007-e1/correction/M1,edge,deterministic_provenance,308
synthetic,V1007,synthetic-V1007-e1,correction,minimum_v1/synthetic-V1007-e1/correction/M1,edge,model_evidence_citation,6
synthetic,V1007,synthetic-V1007-e1,correction,minimum_v1/synthetic-V1007-e1/correction/M1,edge,support_evaluation,8
synthetic,V1007,synthetic-V1007-e1,delayed,minimum_v1/synthetic-V1007-e1/delayed/M1,edge,accepted_citation_mirror,4
synthetic,V1007,synthetic-V1007-e1,delayed,minimum_v1/synthetic-V1007-e1/delayed/M1,edge,administrative,187
synthetic,V1007,synthetic-V1007-e1,delayed,minimum_v1/synthetic-V1007-e1/delayed/M1,edge,declared_parent,0
synthetic,V1007,synthetic-V1007-e1,delayed,minimum_v1/synthetic-V1007-e1/delayed/M1,edge,deterministic_provenance,304
synthetic,V1007,synthetic-V1007-e1,delayed,minimum_v1/synthetic-V1007-e1/delayed/M1,edge,model_evidence_citation,4
synthetic,V1007,synthetic-V1007-e1,delayed,minimum_v1/synthetic-V1007-e1/delayed/M1,edge,support_evaluation,0
synthetic,V1008,synthetic-V1008-e0,channel_fault,minimum_v1/synthetic-V1008-e0/channel_fault/M1,edge,accepted_citation_mirror,3
synthetic,V1008,synthetic-V1008-e0,channel_fault,minimum_v1/synthetic-V1008-e0/channel_fault/M1,edge,administrative,212
synthetic,V1008,synthetic-V1008-e0,channel_fault,minimum_v1/synthetic-V1008-e0/channel_fault/M1,edge,declared_parent,0
synthetic,V1008,synthetic-V1008-e0,channel_fault,minimum_v1/synthetic-V1008-e0/channel_fault/M1,edge,deterministic_provenance,322
synthetic,V1008,synthetic-V1008-e0,channel_fault,minimum_v1/synthetic-V1008-e0/channel_fault/M1,edge,model_evidence_citation,3
synthetic,V1008,synthetic-V1008-e0,channel_fault,minimum_v1/synthetic-V1008-e0/channel_fault/M1,edge,support_evaluation,27
synthetic,V1008,synthetic-V1008-e0,clean,minimum_v1/synthetic-V1008-e0/clean/M1,edge,accepted_citation_mirror,3
synthetic,V1008,synthetic-V1008-e0,clean,minimum_v1/synthetic-V1008-e0/clean/M1,edge,administrative,188
synthetic,V1008,synthetic-V1008-e0,clean,minimum_v1/synthetic-V1008-e0/clean/M1,edge,declared_parent,0
synthetic,V1008,synthetic-V1008-e0,clean,minimum_v1/synthetic-V1008-e0/clean/M1,edge,deterministic_provenance,308
synthetic,V1008,synthetic-V1008-e0,clean,minimum_v1/synthetic-V1008-e0/clean/M1,edge,model_evidence_citation,3
synthetic,V1008,synthetic-V1008-e0,clean,minimum_v1/synthetic-V1008-e0/clean/M1,edge,support_evaluation,6
synthetic,V1008,synthetic-V1008-e0,correction,minimum_v1/synthetic-V1008-e0/correction/M1,edge,accepted_citation_mirror,3
synthetic,V1008,synthetic-V1008-e0,correction,minimum_v1/synthetic-V1008-e0/correction/M1,edge,administrative,196
synthetic,V1008,synthetic-V1008-e0,correction,minimum_v1/synthetic-V1008-e0/correction/M1,edge,declared_parent,0
synthetic,V1008,synthetic-V1008-e0,correction,minimum_v1/synthetic-V1008-e0/correction/M1,edge,deterministic_provenance,308
synthetic,V1008,synthetic-V1008-e0,correction,minimum_v1/synthetic-V1008-e0/correction/M1,edge,model_evidence_citation,3
synthetic,V1008,synthetic-V1008-e0,correction,minimum_v1/synthetic-V1008-e0/correction/M1,edge,support_evaluation,8
synthetic,V1008,synthetic-V1008-e0,delayed,minimum_v1/synthetic-V1008-e0/delayed/M1,edge,accepted_citation_mirror,1
synthetic,V1008,synthetic-V1008-e0,delayed,minimum_v1/synthetic-V1008-e0/delayed/M1,edge,administrative,178
synthetic,V1008,synthetic-V1008-e0,delayed,minimum_v1/synthetic-V1008-e0/delayed/M1,edge,declared_parent,0
synthetic,V1008,synthetic-V1008-e0,delayed,minimum_v1/synthetic-V1008-e0/delayed/M1,edge,deterministic_provenance,304
synthetic,V1008,synthetic-V1008-e0,delayed,minimum_v1/synthetic-V1008-e0/delayed/M1,edge,model_evidence_citation,1
synthetic,V1008,synthetic-V1008-e0,delayed,minimum_v1/synthetic-V1008-e0/delayed/M1,edge,support_evaluation,0
synthetic,V1008,synthetic-V1008-e1,channel_fault,minimum_v1/synthetic-V1008-e1/channel_fault/M1,edge,accepted_citation_mirror,6
synthetic,V1008,synthetic-V1008-e1,channel_fault,minimum_v1/synthetic-V1008-e1/channel_fault/M1,edge,administrative,227
synthetic,V1008,synthetic-V1008-e1,channel_fault,minimum_v1/synthetic-V1008-e1/channel_fault/M1,edge,declared_parent,0
synthetic,V1008,synthetic-V1008-e1,channel_fault,minimum_v1/synthetic-V1008-e1/channel_fault/M1,edge,deterministic_provenance,322
synthetic,V1008,synthetic-V1008-e1,channel_fault,minimum_v1/synthetic-V1008-e1/channel_fault/M1,edge,model_evidence_citation,6
synthetic,V1008,synthetic-V1008-e1,channel_fault,minimum_v1/synthetic-V1008-e1/channel_fault/M1,edge,support_evaluation,38
synthetic,V1008,synthetic-V1008-e1,clean,minimum_v1/synthetic-V1008-e1/clean/M1,edge,accepted_citation_mirror,6
synthetic,V1008,synthetic-V1008-e1,clean,minimum_v1/synthetic-V1008-e1/clean/M1,edge,administrative,197
synthetic,V1008,synthetic-V1008-e1,clean,minimum_v1/synthetic-V1008-e1/clean/M1,edge,declared_parent,0
synthetic,V1008,synthetic-V1008-e1,clean,minimum_v1/synthetic-V1008-e1/clean/M1,edge,deterministic_provenance,308
synthetic,V1008,synthetic-V1008-e1,clean,minimum_v1/synthetic-V1008-e1/clean/M1,edge,model_evidence_citation,6
synthetic,V1008,synthetic-V1008-e1,clean,minimum_v1/synthetic-V1008-e1/clean/M1,edge,support_evaluation,6
synthetic,V1008,synthetic-V1008-e1,correction,minimum_v1/synthetic-V1008-e1/correction/M1,edge,accepted_citation_mirror,6
synthetic,V1008,synthetic-V1008-e1,correction,minimum_v1/synthetic-V1008-e1/correction/M1,edge,administrative,211
synthetic,V1008,synthetic-V1008-e1,correction,minimum_v1/synthetic-V1008-e1/correction/M1,edge,declared_parent,0
synthetic,V1008,synthetic-V1008-e1,correction,minimum_v1/synthetic-V1008-e1/correction/M1,edge,deterministic_provenance,308
synthetic,V1008,synthetic-V1008-e1,correction,minimum_v1/synthetic-V1008-e1/correction/M1,edge,model_evidence_citation,6
synthetic,V1008,synthetic-V1008-e1,correction,minimum_v1/synthetic-V1008-e1/correction/M1,edge,support_evaluation,8
synthetic,V1008,synthetic-V1008-e1,delayed,minimum_v1/synthetic-V1008-e1/delayed/M1,edge,accepted_citation_mirror,4
synthetic,V1008,synthetic-V1008-e1,delayed,minimum_v1/synthetic-V1008-e1/delayed/M1,edge,administrative,187
synthetic,V1008,synthetic-V1008-e1,delayed,minimum_v1/synthetic-V1008-e1/delayed/M1,edge,declared_parent,0
synthetic,V1008,synthetic-V1008-e1,delayed,minimum_v1/synthetic-V1008-e1/delayed/M1,edge,deterministic_provenance,304
synthetic,V1008,synthetic-V1008-e1,delayed,minimum_v1/synthetic-V1008-e1/delayed/M1,edge,model_evidence_citation,4
synthetic,V1008,synthetic-V1008-e1,delayed,minimum_v1/synthetic-V1008-e1/delayed/M1,edge,support_evaluation,0
synthetic,V1009,synthetic-V1009-e0,channel_fault,minimum_v1/synthetic-V1009-e0/channel_fault/M1,edge,accepted_citation_mirror,6
synthetic,V1009,synthetic-V1009-e0,channel_fault,minimum_v1/synthetic-V1009-e0/channel_fault/M1,edge,administrative,217
synthetic,V1009,synthetic-V1009-e0,channel_fault,minimum_v1/synthetic-V1009-e0/channel_fault/M1,edge,declared_parent,1
synthetic,V1009,synthetic-V1009-e0,channel_fault,minimum_v1/synthetic-V1009-e0/channel_fault/M1,edge,deterministic_provenance,322
synthetic,V1009,synthetic-V1009-e0,channel_fault,minimum_v1/synthetic-V1009-e0/channel_fault/M1,edge,model_evidence_citation,5
synthetic,V1009,synthetic-V1009-e0,channel_fault,minimum_v1/synthetic-V1009-e0/channel_fault/M1,edge,support_evaluation,31
synthetic,V1009,synthetic-V1009-e0,clean,minimum_v1/synthetic-V1009-e0/clean/M1,edge,accepted_citation_mirror,6
synthetic,V1009,synthetic-V1009-e0,clean,minimum_v1/synthetic-V1009-e0/clean/M1,edge,administrative,191
synthetic,V1009,synthetic-V1009-e0,clean,minimum_v1/synthetic-V1009-e0/clean/M1,edge,declared_parent,1
synthetic,V1009,synthetic-V1009-e0,clean,minimum_v1/synthetic-V1009-e0/clean/M1,edge,deterministic_provenance,308
synthetic,V1009,synthetic-V1009-e0,clean,minimum_v1/synthetic-V1009-e0/clean/M1,edge,model_evidence_citation,5
synthetic,V1009,synthetic-V1009-e0,clean,minimum_v1/synthetic-V1009-e0/clean/M1,edge,support_evaluation,8
synthetic,V1009,synthetic-V1009-e0,correction,minimum_v1/synthetic-V1009-e0/correction/M1,edge,accepted_citation_mirror,6
synthetic,V1009,synthetic-V1009-e0,correction,minimum_v1/synthetic-V1009-e0/correction/M1,edge,administrative,201
synthetic,V1009,synthetic-V1009-e0,correction,minimum_v1/synthetic-V1009-e0/correction/M1,edge,declared_parent,1
synthetic,V1009,synthetic-V1009-e0,correction,minimum_v1/synthetic-V1009-e0/correction/M1,edge,deterministic_provenance,308
synthetic,V1009,synthetic-V1009-e0,correction,minimum_v1/synthetic-V1009-e0/correction/M1,edge,model_evidence_citation,5
synthetic,V1009,synthetic-V1009-e0,correction,minimum_v1/synthetic-V1009-e0/correction/M1,edge,support_evaluation,10
synthetic,V1009,synthetic-V1009-e0,delayed,minimum_v1/synthetic-V1009-e0/delayed/M1,edge,accepted_citation_mirror,4
synthetic,V1009,synthetic-V1009-e0,delayed,minimum_v1/synthetic-V1009-e0/delayed/M1,edge,administrative,181
synthetic,V1009,synthetic-V1009-e0,delayed,minimum_v1/synthetic-V1009-e0/delayed/M1,edge,declared_parent,1
synthetic,V1009,synthetic-V1009-e0,delayed,minimum_v1/synthetic-V1009-e0/delayed/M1,edge,deterministic_provenance,304
synthetic,V1009,synthetic-V1009-e0,delayed,minimum_v1/synthetic-V1009-e0/delayed/M1,edge,model_evidence_citation,3
synthetic,V1009,synthetic-V1009-e0,delayed,minimum_v1/synthetic-V1009-e0/delayed/M1,edge,support_evaluation,0
synthetic,V1009,synthetic-V1009-e1,channel_fault,minimum_v1/synthetic-V1009-e1/channel_fault/M1,edge,accepted_citation_mirror,6
synthetic,V1009,synthetic-V1009-e1,channel_fault,minimum_v1/synthetic-V1009-e1/channel_fault/M1,edge,administrative,213
synthetic,V1009,synthetic-V1009-e1,channel_fault,minimum_v1/synthetic-V1009-e1/channel_fault/M1,edge,declared_parent,0
synthetic,V1009,synthetic-V1009-e1,channel_fault,minimum_v1/synthetic-V1009-e1/channel_fault/M1,edge,deterministic_provenance,322
synthetic,V1009,synthetic-V1009-e1,channel_fault,minimum_v1/synthetic-V1009-e1/channel_fault/M1,edge,model_evidence_citation,6
synthetic,V1009,synthetic-V1009-e1,channel_fault,minimum_v1/synthetic-V1009-e1/channel_fault/M1,edge,support_evaluation,24
synthetic,V1009,synthetic-V1009-e1,clean,minimum_v1/synthetic-V1009-e1/clean/M1,edge,accepted_citation_mirror,7
synthetic,V1009,synthetic-V1009-e1,clean,minimum_v1/synthetic-V1009-e1/clean/M1,edge,administrative,200
synthetic,V1009,synthetic-V1009-e1,clean,minimum_v1/synthetic-V1009-e1/clean/M1,edge,declared_parent,0
synthetic,V1009,synthetic-V1009-e1,clean,minimum_v1/synthetic-V1009-e1/clean/M1,edge,deterministic_provenance,308
synthetic,V1009,synthetic-V1009-e1,clean,minimum_v1/synthetic-V1009-e1/clean/M1,edge,model_evidence_citation,7
synthetic,V1009,synthetic-V1009-e1,clean,minimum_v1/synthetic-V1009-e1/clean/M1,edge,support_evaluation,6
synthetic,V1009,synthetic-V1009-e1,correction,minimum_v1/synthetic-V1009-e1/correction/M1,edge,accepted_citation_mirror,8
synthetic,V1009,synthetic-V1009-e1,correction,minimum_v1/synthetic-V1009-e1/correction/M1,edge,administrative,219
synthetic,V1009,synthetic-V1009-e1,correction,minimum_v1/synthetic-V1009-e1/correction/M1,edge,declared_parent,0
synthetic,V1009,synthetic-V1009-e1,correction,minimum_v1/synthetic-V1009-e1/correction/M1,edge,deterministic_provenance,308
synthetic,V1009,synthetic-V1009-e1,correction,minimum_v1/synthetic-V1009-e1/correction/M1,edge,model_evidence_citation,8
synthetic,V1009,synthetic-V1009-e1,correction,minimum_v1/synthetic-V1009-e1/correction/M1,edge,support_evaluation,8
synthetic,V1009,synthetic-V1009-e1,delayed,minimum_v1/synthetic-V1009-e1/delayed/M1,edge,accepted_citation_mirror,4
synthetic,V1009,synthetic-V1009-e1,delayed,minimum_v1/synthetic-V1009-e1/delayed/M1,edge,administrative,187
synthetic,V1009,synthetic-V1009-e1,delayed,minimum_v1/synthetic-V1009-e1/delayed/M1,edge,declared_parent,0
synthetic,V1009,synthetic-V1009-e1,delayed,minimum_v1/synthetic-V1009-e1/delayed/M1,edge,deterministic_provenance,304
synthetic,V1009,synthetic-V1009-e1,delayed,minimum_v1/synthetic-V1009-e1/delayed/M1,edge,model_evidence_citation,4
synthetic,V1009,synthetic-V1009-e1,delayed,minimum_v1/synthetic-V1009-e1/delayed/M1,edge,support_evaluation,0
synthetic,V1010,synthetic-V1010-e0,channel_fault,minimum_v1/synthetic-V1010-e0/channel_fault/M1,edge,accepted_citation_mirror,3
synthetic,V1010,synthetic-V1010-e0,channel_fault,minimum_v1/synthetic-V1010-e0/channel_fault/M1,edge,administrative,204
synthetic,V1010,synthetic-V1010-e0,channel_fault,minimum_v1/synthetic-V1010-e0/channel_fault/M1,edge,declared_parent,0
synthetic,V1010,synthetic-V1010-e0,channel_fault,minimum_v1/synthetic-V1010-e0/channel_fault/M1,edge,deterministic_provenance,322
synthetic,V1010,synthetic-V1010-e0,channel_fault,minimum_v1/synthetic-V1010-e0/channel_fault/M1,edge,model_evidence_citation,3
synthetic,V1010,synthetic-V1010-e0,channel_fault,minimum_v1/synthetic-V1010-e0/channel_fault/M1,edge,support_evaluation,24
synthetic,V1010,synthetic-V1010-e0,clean,minimum_v1/synthetic-V1010-e0/clean/M1,edge,accepted_citation_mirror,3
synthetic,V1010,synthetic-V1010-e0,clean,minimum_v1/synthetic-V1010-e0/clean/M1,edge,administrative,188
synthetic,V1010,synthetic-V1010-e0,clean,minimum_v1/synthetic-V1010-e0/clean/M1,edge,declared_parent,0
synthetic,V1010,synthetic-V1010-e0,clean,minimum_v1/synthetic-V1010-e0/clean/M1,edge,deterministic_provenance,308
synthetic,V1010,synthetic-V1010-e0,clean,minimum_v1/synthetic-V1010-e0/clean/M1,edge,model_evidence_citation,3
synthetic,V1010,synthetic-V1010-e0,clean,minimum_v1/synthetic-V1010-e0/clean/M1,edge,support_evaluation,6
synthetic,V1010,synthetic-V1010-e0,correction,minimum_v1/synthetic-V1010-e0/correction/M1,edge,accepted_citation_mirror,3
synthetic,V1010,synthetic-V1010-e0,correction,minimum_v1/synthetic-V1010-e0/correction/M1,edge,administrative,196
synthetic,V1010,synthetic-V1010-e0,correction,minimum_v1/synthetic-V1010-e0/correction/M1,edge,declared_parent,0
synthetic,V1010,synthetic-V1010-e0,correction,minimum_v1/synthetic-V1010-e0/correction/M1,edge,deterministic_provenance,308
synthetic,V1010,synthetic-V1010-e0,correction,minimum_v1/synthetic-V1010-e0/correction/M1,edge,model_evidence_citation,3
synthetic,V1010,synthetic-V1010-e0,correction,minimum_v1/synthetic-V1010-e0/correction/M1,edge,support_evaluation,8
synthetic,V1010,synthetic-V1010-e0,delayed,minimum_v1/synthetic-V1010-e0/delayed/M1,edge,accepted_citation_mirror,1
synthetic,V1010,synthetic-V1010-e0,delayed,minimum_v1/synthetic-V1010-e0/delayed/M1,edge,administrative,178
synthetic,V1010,synthetic-V1010-e0,delayed,minimum_v1/synthetic-V1010-e0/delayed/M1,edge,declared_parent,0
synthetic,V1010,synthetic-V1010-e0,delayed,minimum_v1/synthetic-V1010-e0/delayed/M1,edge,deterministic_provenance,304
synthetic,V1010,synthetic-V1010-e0,delayed,minimum_v1/synthetic-V1010-e0/delayed/M1,edge,model_evidence_citation,1
synthetic,V1010,synthetic-V1010-e0,delayed,minimum_v1/synthetic-V1010-e0/delayed/M1,edge,support_evaluation,0
synthetic,V1010,synthetic-V1010-e1,channel_fault,minimum_v1/synthetic-V1010-e1/channel_fault/M1,edge,accepted_citation_mirror,3
synthetic,V1010,synthetic-V1010-e1,channel_fault,minimum_v1/synthetic-V1010-e1/channel_fault/M1,edge,administrative,204
synthetic,V1010,synthetic-V1010-e1,channel_fault,minimum_v1/synthetic-V1010-e1/channel_fault/M1,edge,declared_parent,0
synthetic,V1010,synthetic-V1010-e1,channel_fault,minimum_v1/synthetic-V1010-e1/channel_fault/M1,edge,deterministic_provenance,322
synthetic,V1010,synthetic-V1010-e1,channel_fault,minimum_v1/synthetic-V1010-e1/channel_fault/M1,edge,model_evidence_citation,3
synthetic,V1010,synthetic-V1010-e1,channel_fault,minimum_v1/synthetic-V1010-e1/channel_fault/M1,edge,support_evaluation,24
synthetic,V1010,synthetic-V1010-e1,clean,minimum_v1/synthetic-V1010-e1/clean/M1,edge,accepted_citation_mirror,3
synthetic,V1010,synthetic-V1010-e1,clean,minimum_v1/synthetic-V1010-e1/clean/M1,edge,administrative,188
synthetic,V1010,synthetic-V1010-e1,clean,minimum_v1/synthetic-V1010-e1/clean/M1,edge,declared_parent,0
synthetic,V1010,synthetic-V1010-e1,clean,minimum_v1/synthetic-V1010-e1/clean/M1,edge,deterministic_provenance,308
synthetic,V1010,synthetic-V1010-e1,clean,minimum_v1/synthetic-V1010-e1/clean/M1,edge,model_evidence_citation,3
synthetic,V1010,synthetic-V1010-e1,clean,minimum_v1/synthetic-V1010-e1/clean/M1,edge,support_evaluation,6
synthetic,V1010,synthetic-V1010-e1,correction,minimum_v1/synthetic-V1010-e1/correction/M1,edge,accepted_citation_mirror,3
synthetic,V1010,synthetic-V1010-e1,correction,minimum_v1/synthetic-V1010-e1/correction/M1,edge,administrative,196
synthetic,V1010,synthetic-V1010-e1,correction,minimum_v1/synthetic-V1010-e1/correction/M1,edge,declared_parent,0
synthetic,V1010,synthetic-V1010-e1,correction,minimum_v1/synthetic-V1010-e1/correction/M1,edge,deterministic_provenance,308
synthetic,V1010,synthetic-V1010-e1,correction,minimum_v1/synthetic-V1010-e1/correction/M1,edge,model_evidence_citation,3
synthetic,V1010,synthetic-V1010-e1,correction,minimum_v1/synthetic-V1010-e1/correction/M1,edge,support_evaluation,8
synthetic,V1010,synthetic-V1010-e1,delayed,minimum_v1/synthetic-V1010-e1/delayed/M1,edge,accepted_citation_mirror,1
synthetic,V1010,synthetic-V1010-e1,delayed,minimum_v1/synthetic-V1010-e1/delayed/M1,edge,administrative,178
synthetic,V1010,synthetic-V1010-e1,delayed,minimum_v1/synthetic-V1010-e1/delayed/M1,edge,declared_parent,0
synthetic,V1010,synthetic-V1010-e1,delayed,minimum_v1/synthetic-V1010-e1/delayed/M1,edge,deterministic_provenance,304
synthetic,V1010,synthetic-V1010-e1,delayed,minimum_v1/synthetic-V1010-e1/delayed/M1,edge,model_evidence_citation,1
synthetic,V1010,synthetic-V1010-e1,delayed,minimum_v1/synthetic-V1010-e1/delayed/M1,edge,support_evaluation,0
wesad,S10,wesad-S10-e0,channel_fault,minimum_v1/wesad-S10-e0/channel_fault/M1,edge,accepted_citation_mirror,3
wesad,S10,wesad-S10-e0,channel_fault,minimum_v1/wesad-S10-e0/channel_fault/M1,edge,administrative,212
wesad,S10,wesad-S10-e0,channel_fault,minimum_v1/wesad-S10-e0/channel_fault/M1,edge,declared_parent,0
wesad,S10,wesad-S10-e0,channel_fault,minimum_v1/wesad-S10-e0/channel_fault/M1,edge,deterministic_provenance,322
wesad,S10,wesad-S10-e0,channel_fault,minimum_v1/wesad-S10-e0/channel_fault/M1,edge,model_evidence_citation,3
wesad,S10,wesad-S10-e0,channel_fault,minimum_v1/wesad-S10-e0/channel_fault/M1,edge,support_evaluation,27
wesad,S10,wesad-S10-e0,clean,minimum_v1/wesad-S10-e0/clean/M1,edge,accepted_citation_mirror,3
wesad,S10,wesad-S10-e0,clean,minimum_v1/wesad-S10-e0/clean/M1,edge,administrative,188
wesad,S10,wesad-S10-e0,clean,minimum_v1/wesad-S10-e0/clean/M1,edge,declared_parent,0
wesad,S10,wesad-S10-e0,clean,minimum_v1/wesad-S10-e0/clean/M1,edge,deterministic_provenance,308
wesad,S10,wesad-S10-e0,clean,minimum_v1/wesad-S10-e0/clean/M1,edge,model_evidence_citation,3
wesad,S10,wesad-S10-e0,clean,minimum_v1/wesad-S10-e0/clean/M1,edge,support_evaluation,6
wesad,S10,wesad-S10-e0,correction,minimum_v1/wesad-S10-e0/correction/M1,edge,accepted_citation_mirror,3
wesad,S10,wesad-S10-e0,correction,minimum_v1/wesad-S10-e0/correction/M1,edge,administrative,196
wesad,S10,wesad-S10-e0,correction,minimum_v1/wesad-S10-e0/correction/M1,edge,declared_parent,0
wesad,S10,wesad-S10-e0,correction,minimum_v1/wesad-S10-e0/correction/M1,edge,deterministic_provenance,308
wesad,S10,wesad-S10-e0,correction,minimum_v1/wesad-S10-e0/correction/M1,edge,model_evidence_citation,3
wesad,S10,wesad-S10-e0,correction,minimum_v1/wesad-S10-e0/correction/M1,edge,support_evaluation,8
wesad,S10,wesad-S10-e0,delayed,minimum_v1/wesad-S10-e0/delayed/M1,edge,accepted_citation_mirror,1
wesad,S10,wesad-S10-e0,delayed,minimum_v1/wesad-S10-e0/delayed/M1,edge,administrative,178
wesad,S10,wesad-S10-e0,delayed,minimum_v1/wesad-S10-e0/delayed/M1,edge,declared_parent,0
wesad,S10,wesad-S10-e0,delayed,minimum_v1/wesad-S10-e0/delayed/M1,edge,deterministic_provenance,304
wesad,S10,wesad-S10-e0,delayed,minimum_v1/wesad-S10-e0/delayed/M1,edge,model_evidence_citation,1
wesad,S10,wesad-S10-e0,delayed,minimum_v1/wesad-S10-e0/delayed/M1,edge,support_evaluation,0
wesad,S10,wesad-S10-e1,channel_fault,minimum_v1/wesad-S10-e1/channel_fault/M1,edge,accepted_citation_mirror,3
wesad,S10,wesad-S10-e1,channel_fault,minimum_v1/wesad-S10-e1/channel_fault/M1,edge,administrative,212
wesad,S10,wesad-S10-e1,channel_fault,minimum_v1/wesad-S10-e1/channel_fault/M1,edge,declared_parent,0
wesad,S10,wesad-S10-e1,channel_fault,minimum_v1/wesad-S10-e1/channel_fault/M1,edge,deterministic_provenance,322
wesad,S10,wesad-S10-e1,channel_fault,minimum_v1/wesad-S10-e1/channel_fault/M1,edge,model_evidence_citation,3
wesad,S10,wesad-S10-e1,channel_fault,minimum_v1/wesad-S10-e1/channel_fault/M1,edge,support_evaluation,27
wesad,S10,wesad-S10-e1,clean,minimum_v1/wesad-S10-e1/clean/M1,edge,accepted_citation_mirror,3
wesad,S10,wesad-S10-e1,clean,minimum_v1/wesad-S10-e1/clean/M1,edge,administrative,188
wesad,S10,wesad-S10-e1,clean,minimum_v1/wesad-S10-e1/clean/M1,edge,declared_parent,0
wesad,S10,wesad-S10-e1,clean,minimum_v1/wesad-S10-e1/clean/M1,edge,deterministic_provenance,308
wesad,S10,wesad-S10-e1,clean,minimum_v1/wesad-S10-e1/clean/M1,edge,model_evidence_citation,3
wesad,S10,wesad-S10-e1,clean,minimum_v1/wesad-S10-e1/clean/M1,edge,support_evaluation,6
wesad,S10,wesad-S10-e1,correction,minimum_v1/wesad-S10-e1/correction/M1,edge,accepted_citation_mirror,3
wesad,S10,wesad-S10-e1,correction,minimum_v1/wesad-S10-e1/correction/M1,edge,administrative,196
wesad,S10,wesad-S10-e1,correction,minimum_v1/wesad-S10-e1/correction/M1,edge,declared_parent,0
wesad,S10,wesad-S10-e1,correction,minimum_v1/wesad-S10-e1/correction/M1,edge,deterministic_provenance,308
wesad,S10,wesad-S10-e1,correction,minimum_v1/wesad-S10-e1/correction/M1,edge,model_evidence_citation,3
wesad,S10,wesad-S10-e1,correction,minimum_v1/wesad-S10-e1/correction/M1,edge,support_evaluation,8
wesad,S10,wesad-S10-e1,delayed,minimum_v1/wesad-S10-e1/delayed/M1,edge,accepted_citation_mirror,1
wesad,S10,wesad-S10-e1,delayed,minimum_v1/wesad-S10-e1/delayed/M1,edge,administrative,178
wesad,S10,wesad-S10-e1,delayed,minimum_v1/wesad-S10-e1/delayed/M1,edge,declared_parent,0
wesad,S10,wesad-S10-e1,delayed,minimum_v1/wesad-S10-e1/delayed/M1,edge,deterministic_provenance,304
wesad,S10,wesad-S10-e1,delayed,minimum_v1/wesad-S10-e1/delayed/M1,edge,model_evidence_citation,1
wesad,S10,wesad-S10-e1,delayed,minimum_v1/wesad-S10-e1/delayed/M1,edge,support_evaluation,0
wesad,S11,wesad-S11-e0,channel_fault,minimum_v1/wesad-S11-e0/channel_fault/M1,edge,accepted_citation_mirror,6
wesad,S11,wesad-S11-e0,channel_fault,minimum_v1/wesad-S11-e0/channel_fault/M1,edge,administrative,217
wesad,S11,wesad-S11-e0,channel_fault,minimum_v1/wesad-S11-e0/channel_fault/M1,edge,declared_parent,1
wesad,S11,wesad-S11-e0,channel_fault,minimum_v1/wesad-S11-e0/channel_fault/M1,edge,deterministic_provenance,322
wesad,S11,wesad-S11-e0,channel_fault,minimum_v1/wesad-S11-e0/channel_fault/M1,edge,model_evidence_citation,5
wesad,S11,wesad-S11-e0,channel_fault,minimum_v1/wesad-S11-e0/channel_fault/M1,edge,support_evaluation,31
wesad,S11,wesad-S11-e0,clean,minimum_v1/wesad-S11-e0/clean/M1,edge,accepted_citation_mirror,6
wesad,S11,wesad-S11-e0,clean,minimum_v1/wesad-S11-e0/clean/M1,edge,administrative,191
wesad,S11,wesad-S11-e0,clean,minimum_v1/wesad-S11-e0/clean/M1,edge,declared_parent,1
wesad,S11,wesad-S11-e0,clean,minimum_v1/wesad-S11-e0/clean/M1,edge,deterministic_provenance,308
wesad,S11,wesad-S11-e0,clean,minimum_v1/wesad-S11-e0/clean/M1,edge,model_evidence_citation,5
wesad,S11,wesad-S11-e0,clean,minimum_v1/wesad-S11-e0/clean/M1,edge,support_evaluation,8
wesad,S11,wesad-S11-e0,correction,minimum_v1/wesad-S11-e0/correction/M1,edge,accepted_citation_mirror,6
wesad,S11,wesad-S11-e0,correction,minimum_v1/wesad-S11-e0/correction/M1,edge,administrative,201
wesad,S11,wesad-S11-e0,correction,minimum_v1/wesad-S11-e0/correction/M1,edge,declared_parent,1
wesad,S11,wesad-S11-e0,correction,minimum_v1/wesad-S11-e0/correction/M1,edge,deterministic_provenance,308
wesad,S11,wesad-S11-e0,correction,minimum_v1/wesad-S11-e0/correction/M1,edge,model_evidence_citation,5
wesad,S11,wesad-S11-e0,correction,minimum_v1/wesad-S11-e0/correction/M1,edge,support_evaluation,10
wesad,S11,wesad-S11-e0,delayed,minimum_v1/wesad-S11-e0/delayed/M1,edge,accepted_citation_mirror,1
wesad,S11,wesad-S11-e0,delayed,minimum_v1/wesad-S11-e0/delayed/M1,edge,administrative,178
wesad,S11,wesad-S11-e0,delayed,minimum_v1/wesad-S11-e0/delayed/M1,edge,declared_parent,0
wesad,S11,wesad-S11-e0,delayed,minimum_v1/wesad-S11-e0/delayed/M1,edge,deterministic_provenance,304
wesad,S11,wesad-S11-e0,delayed,minimum_v1/wesad-S11-e0/delayed/M1,edge,model_evidence_citation,1
wesad,S11,wesad-S11-e0,delayed,minimum_v1/wesad-S11-e0/delayed/M1,edge,support_evaluation,0
wesad,S11,wesad-S11-e1,channel_fault,minimum_v1/wesad-S11-e1/channel_fault/M1,edge,accepted_citation_mirror,3
wesad,S11,wesad-S11-e1,channel_fault,minimum_v1/wesad-S11-e1/channel_fault/M1,edge,administrative,204
wesad,S11,wesad-S11-e1,channel_fault,minimum_v1/wesad-S11-e1/channel_fault/M1,edge,declared_parent,0
wesad,S11,wesad-S11-e1,channel_fault,minimum_v1/wesad-S11-e1/channel_fault/M1,edge,deterministic_provenance,322
wesad,S11,wesad-S11-e1,channel_fault,minimum_v1/wesad-S11-e1/channel_fault/M1,edge,model_evidence_citation,3
wesad,S11,wesad-S11-e1,channel_fault,minimum_v1/wesad-S11-e1/channel_fault/M1,edge,support_evaluation,24
wesad,S11,wesad-S11-e1,clean,minimum_v1/wesad-S11-e1/clean/M1,edge,accepted_citation_mirror,3
wesad,S11,wesad-S11-e1,clean,minimum_v1/wesad-S11-e1/clean/M1,edge,administrative,188
wesad,S11,wesad-S11-e1,clean,minimum_v1/wesad-S11-e1/clean/M1,edge,declared_parent,0
wesad,S11,wesad-S11-e1,clean,minimum_v1/wesad-S11-e1/clean/M1,edge,deterministic_provenance,308
wesad,S11,wesad-S11-e1,clean,minimum_v1/wesad-S11-e1/clean/M1,edge,model_evidence_citation,3
wesad,S11,wesad-S11-e1,clean,minimum_v1/wesad-S11-e1/clean/M1,edge,support_evaluation,6
wesad,S11,wesad-S11-e1,correction,minimum_v1/wesad-S11-e1/correction/M1,edge,accepted_citation_mirror,3
wesad,S11,wesad-S11-e1,correction,minimum_v1/wesad-S11-e1/correction/M1,edge,administrative,196
wesad,S11,wesad-S11-e1,correction,minimum_v1/wesad-S11-e1/correction/M1,edge,declared_parent,0
wesad,S11,wesad-S11-e1,correction,minimum_v1/wesad-S11-e1/correction/M1,edge,deterministic_provenance,308
wesad,S11,wesad-S11-e1,correction,minimum_v1/wesad-S11-e1/correction/M1,edge,model_evidence_citation,3
wesad,S11,wesad-S11-e1,correction,minimum_v1/wesad-S11-e1/correction/M1,edge,support_evaluation,8
wesad,S11,wesad-S11-e1,delayed,minimum_v1/wesad-S11-e1/delayed/M1,edge,accepted_citation_mirror,1
wesad,S11,wesad-S11-e1,delayed,minimum_v1/wesad-S11-e1/delayed/M1,edge,administrative,178
wesad,S11,wesad-S11-e1,delayed,minimum_v1/wesad-S11-e1/delayed/M1,edge,declared_parent,0
wesad,S11,wesad-S11-e1,delayed,minimum_v1/wesad-S11-e1/delayed/M1,edge,deterministic_provenance,304
wesad,S11,wesad-S11-e1,delayed,minimum_v1/wesad-S11-e1/delayed/M1,edge,model_evidence_citation,1
wesad,S11,wesad-S11-e1,delayed,minimum_v1/wesad-S11-e1/delayed/M1,edge,support_evaluation,0
wesad,S13,wesad-S13-e0,channel_fault,minimum_v1/wesad-S13-e0/channel_fault/M1,edge,accepted_citation_mirror,3
wesad,S13,wesad-S13-e0,channel_fault,minimum_v1/wesad-S13-e0/channel_fault/M1,edge,administrative,204
wesad,S13,wesad-S13-e0,channel_fault,minimum_v1/wesad-S13-e0/channel_fault/M1,edge,declared_parent,0
wesad,S13,wesad-S13-e0,channel_fault,minimum_v1/wesad-S13-e0/channel_fault/M1,edge,deterministic_provenance,322
wesad,S13,wesad-S13-e0,channel_fault,minimum_v1/wesad-S13-e0/channel_fault/M1,edge,model_evidence_citation,3
wesad,S13,wesad-S13-e0,channel_fault,minimum_v1/wesad-S13-e0/channel_fault/M1,edge,support_evaluation,24
wesad,S13,wesad-S13-e0,clean,minimum_v1/wesad-S13-e0/clean/M1,edge,accepted_citation_mirror,3
wesad,S13,wesad-S13-e0,clean,minimum_v1/wesad-S13-e0/clean/M1,edge,administrative,188
wesad,S13,wesad-S13-e0,clean,minimum_v1/wesad-S13-e0/clean/M1,edge,declared_parent,0
wesad,S13,wesad-S13-e0,clean,minimum_v1/wesad-S13-e0/clean/M1,edge,deterministic_provenance,308
wesad,S13,wesad-S13-e0,clean,minimum_v1/wesad-S13-e0/clean/M1,edge,model_evidence_citation,3
wesad,S13,wesad-S13-e0,clean,minimum_v1/wesad-S13-e0/clean/M1,edge,support_evaluation,6
wesad,S13,wesad-S13-e0,correction,minimum_v1/wesad-S13-e0/correction/M1,edge,accepted_citation_mirror,3
wesad,S13,wesad-S13-e0,correction,minimum_v1/wesad-S13-e0/correction/M1,edge,administrative,196
wesad,S13,wesad-S13-e0,correction,minimum_v1/wesad-S13-e0/correction/M1,edge,declared_parent,0
wesad,S13,wesad-S13-e0,correction,minimum_v1/wesad-S13-e0/correction/M1,edge,deterministic_provenance,308
wesad,S13,wesad-S13-e0,correction,minimum_v1/wesad-S13-e0/correction/M1,edge,model_evidence_citation,3
wesad,S13,wesad-S13-e0,correction,minimum_v1/wesad-S13-e0/correction/M1,edge,support_evaluation,8
wesad,S13,wesad-S13-e0,delayed,minimum_v1/wesad-S13-e0/delayed/M1,edge,accepted_citation_mirror,1
wesad,S13,wesad-S13-e0,delayed,minimum_v1/wesad-S13-e0/delayed/M1,edge,administrative,178
wesad,S13,wesad-S13-e0,delayed,minimum_v1/wesad-S13-e0/delayed/M1,edge,declared_parent,0
wesad,S13,wesad-S13-e0,delayed,minimum_v1/wesad-S13-e0/delayed/M1,edge,deterministic_provenance,304
wesad,S13,wesad-S13-e0,delayed,minimum_v1/wesad-S13-e0/delayed/M1,edge,model_evidence_citation,1
wesad,S13,wesad-S13-e0,delayed,minimum_v1/wesad-S13-e0/delayed/M1,edge,support_evaluation,0
wesad,S13,wesad-S13-e1,channel_fault,minimum_v1/wesad-S13-e1/channel_fault/M1,edge,accepted_citation_mirror,3
wesad,S13,wesad-S13-e1,channel_fault,minimum_v1/wesad-S13-e1/channel_fault/M1,edge,administrative,212
wesad,S13,wesad-S13-e1,channel_fault,minimum_v1/wesad-S13-e1/channel_fault/M1,edge,declared_parent,0
wesad,S13,wesad-S13-e1,channel_fault,minimum_v1/wesad-S13-e1/channel_fault/M1,edge,deterministic_provenance,322
wesad,S13,wesad-S13-e1,channel_fault,minimum_v1/wesad-S13-e1/channel_fault/M1,edge,model_evidence_citation,3
wesad,S13,wesad-S13-e1,channel_fault,minimum_v1/wesad-S13-e1/channel_fault/M1,edge,support_evaluation,27
wesad,S13,wesad-S13-e1,clean,minimum_v1/wesad-S13-e1/clean/M1,edge,accepted_citation_mirror,3
wesad,S13,wesad-S13-e1,clean,minimum_v1/wesad-S13-e1/clean/M1,edge,administrative,188
wesad,S13,wesad-S13-e1,clean,minimum_v1/wesad-S13-e1/clean/M1,edge,declared_parent,0
wesad,S13,wesad-S13-e1,clean,minimum_v1/wesad-S13-e1/clean/M1,edge,deterministic_provenance,308
wesad,S13,wesad-S13-e1,clean,minimum_v1/wesad-S13-e1/clean/M1,edge,model_evidence_citation,3
wesad,S13,wesad-S13-e1,clean,minimum_v1/wesad-S13-e1/clean/M1,edge,support_evaluation,6
wesad,S13,wesad-S13-e1,correction,minimum_v1/wesad-S13-e1/correction/M1,edge,accepted_citation_mirror,3
wesad,S13,wesad-S13-e1,correction,minimum_v1/wesad-S13-e1/correction/M1,edge,administrative,196
wesad,S13,wesad-S13-e1,correction,minimum_v1/wesad-S13-e1/correction/M1,edge,declared_parent,0
wesad,S13,wesad-S13-e1,correction,minimum_v1/wesad-S13-e1/correction/M1,edge,deterministic_provenance,308
wesad,S13,wesad-S13-e1,correction,minimum_v1/wesad-S13-e1/correction/M1,edge,model_evidence_citation,3
wesad,S13,wesad-S13-e1,correction,minimum_v1/wesad-S13-e1/correction/M1,edge,support_evaluation,8
wesad,S13,wesad-S13-e1,delayed,minimum_v1/wesad-S13-e1/delayed/M1,edge,accepted_citation_mirror,1
wesad,S13,wesad-S13-e1,delayed,minimum_v1/wesad-S13-e1/delayed/M1,edge,administrative,178
wesad,S13,wesad-S13-e1,delayed,minimum_v1/wesad-S13-e1/delayed/M1,edge,declared_parent,0
wesad,S13,wesad-S13-e1,delayed,minimum_v1/wesad-S13-e1/delayed/M1,edge,deterministic_provenance,304
wesad,S13,wesad-S13-e1,delayed,minimum_v1/wesad-S13-e1/delayed/M1,edge,model_evidence_citation,1
wesad,S13,wesad-S13-e1,delayed,minimum_v1/wesad-S13-e1/delayed/M1,edge,support_evaluation,0
wesad,S14,wesad-S14-e0,channel_fault,minimum_v1/wesad-S14-e0/channel_fault/M1,edge,accepted_citation_mirror,3
wesad,S14,wesad-S14-e0,channel_fault,minimum_v1/wesad-S14-e0/channel_fault/M1,edge,administrative,204
wesad,S14,wesad-S14-e0,channel_fault,minimum_v1/wesad-S14-e0/channel_fault/M1,edge,declared_parent,0
wesad,S14,wesad-S14-e0,channel_fault,minimum_v1/wesad-S14-e0/channel_fault/M1,edge,deterministic_provenance,322
wesad,S14,wesad-S14-e0,channel_fault,minimum_v1/wesad-S14-e0/channel_fault/M1,edge,model_evidence_citation,3
wesad,S14,wesad-S14-e0,channel_fault,minimum_v1/wesad-S14-e0/channel_fault/M1,edge,support_evaluation,24
wesad,S14,wesad-S14-e0,clean,minimum_v1/wesad-S14-e0/clean/M1,edge,accepted_citation_mirror,3
wesad,S14,wesad-S14-e0,clean,minimum_v1/wesad-S14-e0/clean/M1,edge,administrative,188
wesad,S14,wesad-S14-e0,clean,minimum_v1/wesad-S14-e0/clean/M1,edge,declared_parent,0
wesad,S14,wesad-S14-e0,clean,minimum_v1/wesad-S14-e0/clean/M1,edge,deterministic_provenance,308
wesad,S14,wesad-S14-e0,clean,minimum_v1/wesad-S14-e0/clean/M1,edge,model_evidence_citation,3
wesad,S14,wesad-S14-e0,clean,minimum_v1/wesad-S14-e0/clean/M1,edge,support_evaluation,6
wesad,S14,wesad-S14-e0,correction,minimum_v1/wesad-S14-e0/correction/M1,edge,accepted_citation_mirror,3
wesad,S14,wesad-S14-e0,correction,minimum_v1/wesad-S14-e0/correction/M1,edge,administrative,196
wesad,S14,wesad-S14-e0,correction,minimum_v1/wesad-S14-e0/correction/M1,edge,declared_parent,0
wesad,S14,wesad-S14-e0,correction,minimum_v1/wesad-S14-e0/correction/M1,edge,deterministic_provenance,308
wesad,S14,wesad-S14-e0,correction,minimum_v1/wesad-S14-e0/correction/M1,edge,model_evidence_citation,3
wesad,S14,wesad-S14-e0,correction,minimum_v1/wesad-S14-e0/correction/M1,edge,support_evaluation,8
wesad,S14,wesad-S14-e0,delayed,minimum_v1/wesad-S14-e0/delayed/M1,edge,accepted_citation_mirror,1
wesad,S14,wesad-S14-e0,delayed,minimum_v1/wesad-S14-e0/delayed/M1,edge,administrative,178
wesad,S14,wesad-S14-e0,delayed,minimum_v1/wesad-S14-e0/delayed/M1,edge,declared_parent,0
wesad,S14,wesad-S14-e0,delayed,minimum_v1/wesad-S14-e0/delayed/M1,edge,deterministic_provenance,304
wesad,S14,wesad-S14-e0,delayed,minimum_v1/wesad-S14-e0/delayed/M1,edge,model_evidence_citation,1
wesad,S14,wesad-S14-e0,delayed,minimum_v1/wesad-S14-e0/delayed/M1,edge,support_evaluation,0
wesad,S14,wesad-S14-e1,channel_fault,minimum_v1/wesad-S14-e1/channel_fault/M1,edge,accepted_citation_mirror,12
wesad,S14,wesad-S14-e1,channel_fault,minimum_v1/wesad-S14-e1/channel_fault/M1,edge,administrative,243
wesad,S14,wesad-S14-e1,channel_fault,minimum_v1/wesad-S14-e1/channel_fault/M1,edge,declared_parent,0
wesad,S14,wesad-S14-e1,channel_fault,minimum_v1/wesad-S14-e1/channel_fault/M1,edge,deterministic_provenance,322
wesad,S14,wesad-S14-e1,channel_fault,minimum_v1/wesad-S14-e1/channel_fault/M1,edge,model_evidence_citation,12
wesad,S14,wesad-S14-e1,channel_fault,minimum_v1/wesad-S14-e1/channel_fault/M1,edge,support_evaluation,38
wesad,S14,wesad-S14-e1,clean,minimum_v1/wesad-S14-e1/clean/M1,edge,accepted_citation_mirror,12
wesad,S14,wesad-S14-e1,clean,minimum_v1/wesad-S14-e1/clean/M1,edge,administrative,207
wesad,S14,wesad-S14-e1,clean,minimum_v1/wesad-S14-e1/clean/M1,edge,declared_parent,0
wesad,S14,wesad-S14-e1,clean,minimum_v1/wesad-S14-e1/clean/M1,edge,deterministic_provenance,308
wesad,S14,wesad-S14-e1,clean,minimum_v1/wesad-S14-e1/clean/M1,edge,model_evidence_citation,12
wesad,S14,wesad-S14-e1,clean,minimum_v1/wesad-S14-e1/clean/M1,edge,support_evaluation,6
wesad,S14,wesad-S14-e1,correction,minimum_v1/wesad-S14-e1/correction/M1,edge,accepted_citation_mirror,12
wesad,S14,wesad-S14-e1,correction,minimum_v1/wesad-S14-e1/correction/M1,edge,administrative,227
wesad,S14,wesad-S14-e1,correction,minimum_v1/wesad-S14-e1/correction/M1,edge,declared_parent,0
wesad,S14,wesad-S14-e1,correction,minimum_v1/wesad-S14-e1/correction/M1,edge,deterministic_provenance,308
wesad,S14,wesad-S14-e1,correction,minimum_v1/wesad-S14-e1/correction/M1,edge,model_evidence_citation,12
wesad,S14,wesad-S14-e1,correction,minimum_v1/wesad-S14-e1/correction/M1,edge,support_evaluation,8
wesad,S14,wesad-S14-e1,delayed,minimum_v1/wesad-S14-e1/delayed/M1,edge,accepted_citation_mirror,10
wesad,S14,wesad-S14-e1,delayed,minimum_v1/wesad-S14-e1/delayed/M1,edge,administrative,197
wesad,S14,wesad-S14-e1,delayed,minimum_v1/wesad-S14-e1/delayed/M1,edge,declared_parent,0
wesad,S14,wesad-S14-e1,delayed,minimum_v1/wesad-S14-e1/delayed/M1,edge,deterministic_provenance,304
wesad,S14,wesad-S14-e1,delayed,minimum_v1/wesad-S14-e1/delayed/M1,edge,model_evidence_citation,10
wesad,S14,wesad-S14-e1,delayed,minimum_v1/wesad-S14-e1/delayed/M1,edge,support_evaluation,0
wesad,S15,wesad-S15-e0,channel_fault,minimum_v1/wesad-S15-e0/channel_fault/M1,edge,accepted_citation_mirror,12
wesad,S15,wesad-S15-e0,channel_fault,minimum_v1/wesad-S15-e0/channel_fault/M1,edge,administrative,243
wesad,S15,wesad-S15-e0,channel_fault,minimum_v1/wesad-S15-e0/channel_fault/M1,edge,declared_parent,0
wesad,S15,wesad-S15-e0,channel_fault,minimum_v1/wesad-S15-e0/channel_fault/M1,edge,deterministic_provenance,322
wesad,S15,wesad-S15-e0,channel_fault,minimum_v1/wesad-S15-e0/channel_fault/M1,edge,model_evidence_citation,12
wesad,S15,wesad-S15-e0,channel_fault,minimum_v1/wesad-S15-e0/channel_fault/M1,edge,support_evaluation,27
wesad,S15,wesad-S15-e0,clean,minimum_v1/wesad-S15-e0/clean/M1,edge,accepted_citation_mirror,12
wesad,S15,wesad-S15-e0,clean,minimum_v1/wesad-S15-e0/clean/M1,edge,administrative,207
wesad,S15,wesad-S15-e0,clean,minimum_v1/wesad-S15-e0/clean/M1,edge,declared_parent,0
wesad,S15,wesad-S15-e0,clean,minimum_v1/wesad-S15-e0/clean/M1,edge,deterministic_provenance,308
wesad,S15,wesad-S15-e0,clean,minimum_v1/wesad-S15-e0/clean/M1,edge,model_evidence_citation,12
wesad,S15,wesad-S15-e0,clean,minimum_v1/wesad-S15-e0/clean/M1,edge,support_evaluation,6
wesad,S15,wesad-S15-e0,correction,minimum_v1/wesad-S15-e0/correction/M1,edge,accepted_citation_mirror,12
wesad,S15,wesad-S15-e0,correction,minimum_v1/wesad-S15-e0/correction/M1,edge,administrative,227
wesad,S15,wesad-S15-e0,correction,minimum_v1/wesad-S15-e0/correction/M1,edge,declared_parent,0
wesad,S15,wesad-S15-e0,correction,minimum_v1/wesad-S15-e0/correction/M1,edge,deterministic_provenance,308
wesad,S15,wesad-S15-e0,correction,minimum_v1/wesad-S15-e0/correction/M1,edge,model_evidence_citation,12
wesad,S15,wesad-S15-e0,correction,minimum_v1/wesad-S15-e0/correction/M1,edge,support_evaluation,8
wesad,S15,wesad-S15-e0,delayed,minimum_v1/wesad-S15-e0/delayed/M1,edge,accepted_citation_mirror,10
wesad,S15,wesad-S15-e0,delayed,minimum_v1/wesad-S15-e0/delayed/M1,edge,administrative,197
wesad,S15,wesad-S15-e0,delayed,minimum_v1/wesad-S15-e0/delayed/M1,edge,declared_parent,0
wesad,S15,wesad-S15-e0,delayed,minimum_v1/wesad-S15-e0/delayed/M1,edge,deterministic_provenance,304
wesad,S15,wesad-S15-e0,delayed,minimum_v1/wesad-S15-e0/delayed/M1,edge,model_evidence_citation,10
wesad,S15,wesad-S15-e0,delayed,minimum_v1/wesad-S15-e0/delayed/M1,edge,support_evaluation,0
wesad,S15,wesad-S15-e1,channel_fault,minimum_v1/wesad-S15-e1/channel_fault/M1,edge,accepted_citation_mirror,12
wesad,S15,wesad-S15-e1,channel_fault,minimum_v1/wesad-S15-e1/channel_fault/M1,edge,administrative,223
wesad,S15,wesad-S15-e1,channel_fault,minimum_v1/wesad-S15-e1/channel_fault/M1,edge,declared_parent,0
wesad,S15,wesad-S15-e1,channel_fault,minimum_v1/wesad-S15-e1/channel_fault/M1,edge,deterministic_provenance,322
wesad,S15,wesad-S15-e1,channel_fault,minimum_v1/wesad-S15-e1/channel_fault/M1,edge,model_evidence_citation,12
wesad,S15,wesad-S15-e1,channel_fault,minimum_v1/wesad-S15-e1/channel_fault/M1,edge,support_evaluation,24
wesad,S15,wesad-S15-e1,clean,minimum_v1/wesad-S15-e1/clean/M1,edge,accepted_citation_mirror,12
wesad,S15,wesad-S15-e1,clean,minimum_v1/wesad-S15-e1/clean/M1,edge,administrative,207
wesad,S15,wesad-S15-e1,clean,minimum_v1/wesad-S15-e1/clean/M1,edge,declared_parent,0
wesad,S15,wesad-S15-e1,clean,minimum_v1/wesad-S15-e1/clean/M1,edge,deterministic_provenance,308
wesad,S15,wesad-S15-e1,clean,minimum_v1/wesad-S15-e1/clean/M1,edge,model_evidence_citation,12
wesad,S15,wesad-S15-e1,clean,minimum_v1/wesad-S15-e1/clean/M1,edge,support_evaluation,6
wesad,S15,wesad-S15-e1,correction,minimum_v1/wesad-S15-e1/correction/M1,edge,accepted_citation_mirror,12
wesad,S15,wesad-S15-e1,correction,minimum_v1/wesad-S15-e1/correction/M1,edge,administrative,227
wesad,S15,wesad-S15-e1,correction,minimum_v1/wesad-S15-e1/correction/M1,edge,declared_parent,0
wesad,S15,wesad-S15-e1,correction,minimum_v1/wesad-S15-e1/correction/M1,edge,deterministic_provenance,308
wesad,S15,wesad-S15-e1,correction,minimum_v1/wesad-S15-e1/correction/M1,edge,model_evidence_citation,12
wesad,S15,wesad-S15-e1,correction,minimum_v1/wesad-S15-e1/correction/M1,edge,support_evaluation,8
wesad,S15,wesad-S15-e1,delayed,minimum_v1/wesad-S15-e1/delayed/M1,edge,accepted_citation_mirror,10
wesad,S15,wesad-S15-e1,delayed,minimum_v1/wesad-S15-e1/delayed/M1,edge,administrative,197
wesad,S15,wesad-S15-e1,delayed,minimum_v1/wesad-S15-e1/delayed/M1,edge,declared_parent,0
wesad,S15,wesad-S15-e1,delayed,minimum_v1/wesad-S15-e1/delayed/M1,edge,deterministic_provenance,304
wesad,S15,wesad-S15-e1,delayed,minimum_v1/wesad-S15-e1/delayed/M1,edge,model_evidence_citation,10
wesad,S15,wesad-S15-e1,delayed,minimum_v1/wesad-S15-e1/delayed/M1,edge,support_evaluation,0
wesad,S16,wesad-S16-e0,channel_fault,minimum_v1/wesad-S16-e0/channel_fault/M1,edge,accepted_citation_mirror,12
wesad,S16,wesad-S16-e0,channel_fault,minimum_v1/wesad-S16-e0/channel_fault/M1,edge,administrative,239
wesad,S16,wesad-S16-e0,channel_fault,minimum_v1/wesad-S16-e0/channel_fault/M1,edge,declared_parent,0
wesad,S16,wesad-S16-e0,channel_fault,minimum_v1/wesad-S16-e0/channel_fault/M1,edge,deterministic_provenance,322
wesad,S16,wesad-S16-e0,channel_fault,minimum_v1/wesad-S16-e0/channel_fault/M1,edge,model_evidence_citation,12
wesad,S16,wesad-S16-e0,channel_fault,minimum_v1/wesad-S16-e0/channel_fault/M1,edge,support_evaluation,39
wesad,S16,wesad-S16-e0,clean,minimum_v1/wesad-S16-e0/clean/M1,edge,accepted_citation_mirror,12
wesad,S16,wesad-S16-e0,clean,minimum_v1/wesad-S16-e0/clean/M1,edge,administrative,207
wesad,S16,wesad-S16-e0,clean,minimum_v1/wesad-S16-e0/clean/M1,edge,declared_parent,0
wesad,S16,wesad-S16-e0,clean,minimum_v1/wesad-S16-e0/clean/M1,edge,deterministic_provenance,308
wesad,S16,wesad-S16-e0,clean,minimum_v1/wesad-S16-e0/clean/M1,edge,model_evidence_citation,12
wesad,S16,wesad-S16-e0,clean,minimum_v1/wesad-S16-e0/clean/M1,edge,support_evaluation,6
wesad,S16,wesad-S16-e0,correction,minimum_v1/wesad-S16-e0/correction/M1,edge,accepted_citation_mirror,12
wesad,S16,wesad-S16-e0,correction,minimum_v1/wesad-S16-e0/correction/M1,edge,administrative,227
wesad,S16,wesad-S16-e0,correction,minimum_v1/wesad-S16-e0/correction/M1,edge,declared_parent,0
wesad,S16,wesad-S16-e0,correction,minimum_v1/wesad-S16-e0/correction/M1,edge,deterministic_provenance,308
wesad,S16,wesad-S16-e0,correction,minimum_v1/wesad-S16-e0/correction/M1,edge,model_evidence_citation,12
wesad,S16,wesad-S16-e0,correction,minimum_v1/wesad-S16-e0/correction/M1,edge,support_evaluation,8
wesad,S16,wesad-S16-e0,delayed,minimum_v1/wesad-S16-e0/delayed/M1,edge,accepted_citation_mirror,10
wesad,S16,wesad-S16-e0,delayed,minimum_v1/wesad-S16-e0/delayed/M1,edge,administrative,197
wesad,S16,wesad-S16-e0,delayed,minimum_v1/wesad-S16-e0/delayed/M1,edge,declared_parent,0
wesad,S16,wesad-S16-e0,delayed,minimum_v1/wesad-S16-e0/delayed/M1,edge,deterministic_provenance,304
wesad,S16,wesad-S16-e0,delayed,minimum_v1/wesad-S16-e0/delayed/M1,edge,model_evidence_citation,10
wesad,S16,wesad-S16-e0,delayed,minimum_v1/wesad-S16-e0/delayed/M1,edge,support_evaluation,0
wesad,S16,wesad-S16-e1,channel_fault,minimum_v1/wesad-S16-e1/channel_fault/M1,edge,accepted_citation_mirror,12
wesad,S16,wesad-S16-e1,channel_fault,minimum_v1/wesad-S16-e1/channel_fault/M1,edge,administrative,243
wesad,S16,wesad-S16-e1,channel_fault,minimum_v1/wesad-S16-e1/channel_fault/M1,edge,declared_parent,0
wesad,S16,wesad-S16-e1,channel_fault,minimum_v1/wesad-S16-e1/channel_fault/M1,edge,deterministic_provenance,322
wesad,S16,wesad-S16-e1,channel_fault,minimum_v1/wesad-S16-e1/channel_fault/M1,edge,model_evidence_citation,12
wesad,S16,wesad-S16-e1,channel_fault,minimum_v1/wesad-S16-e1/channel_fault/M1,edge,support_evaluation,38
wesad,S16,wesad-S16-e1,clean,minimum_v1/wesad-S16-e1/clean/M1,edge,accepted_citation_mirror,12
wesad,S16,wesad-S16-e1,clean,minimum_v1/wesad-S16-e1/clean/M1,edge,administrative,207
wesad,S16,wesad-S16-e1,clean,minimum_v1/wesad-S16-e1/clean/M1,edge,declared_parent,0
wesad,S16,wesad-S16-e1,clean,minimum_v1/wesad-S16-e1/clean/M1,edge,deterministic_provenance,308
wesad,S16,wesad-S16-e1,clean,minimum_v1/wesad-S16-e1/clean/M1,edge,model_evidence_citation,12
wesad,S16,wesad-S16-e1,clean,minimum_v1/wesad-S16-e1/clean/M1,edge,support_evaluation,6
wesad,S16,wesad-S16-e1,correction,minimum_v1/wesad-S16-e1/correction/M1,edge,accepted_citation_mirror,12
wesad,S16,wesad-S16-e1,correction,minimum_v1/wesad-S16-e1/correction/M1,edge,administrative,227
wesad,S16,wesad-S16-e1,correction,minimum_v1/wesad-S16-e1/correction/M1,edge,declared_parent,0
wesad,S16,wesad-S16-e1,correction,minimum_v1/wesad-S16-e1/correction/M1,edge,deterministic_provenance,308
wesad,S16,wesad-S16-e1,correction,minimum_v1/wesad-S16-e1/correction/M1,edge,model_evidence_citation,12
wesad,S16,wesad-S16-e1,correction,minimum_v1/wesad-S16-e1/correction/M1,edge,support_evaluation,8
wesad,S16,wesad-S16-e1,delayed,minimum_v1/wesad-S16-e1/delayed/M1,edge,accepted_citation_mirror,10
wesad,S16,wesad-S16-e1,delayed,minimum_v1/wesad-S16-e1/delayed/M1,edge,administrative,197
wesad,S16,wesad-S16-e1,delayed,minimum_v1/wesad-S16-e1/delayed/M1,edge,declared_parent,0
wesad,S16,wesad-S16-e1,delayed,minimum_v1/wesad-S16-e1/delayed/M1,edge,deterministic_provenance,304
wesad,S16,wesad-S16-e1,delayed,minimum_v1/wesad-S16-e1/delayed/M1,edge,model_evidence_citation,10
wesad,S16,wesad-S16-e1,delayed,minimum_v1/wesad-S16-e1/delayed/M1,edge,support_evaluation,0
wesad,S2,wesad-S2-e0,channel_fault,minimum_v1/wesad-S2-e0/channel_fault/M1,edge,accepted_citation_mirror,12
wesad,S2,wesad-S2-e0,channel_fault,minimum_v1/wesad-S2-e0/channel_fault/M1,edge,administrative,223
wesad,S2,wesad-S2-e0,channel_fault,minimum_v1/wesad-S2-e0/channel_fault/M1,edge,declared_parent,0
wesad,S2,wesad-S2-e0,channel_fault,minimum_v1/wesad-S2-e0/channel_fault/M1,edge,deterministic_provenance,322
wesad,S2,wesad-S2-e0,channel_fault,minimum_v1/wesad-S2-e0/channel_fault/M1,edge,model_evidence_citation,12
wesad,S2,wesad-S2-e0,channel_fault,minimum_v1/wesad-S2-e0/channel_fault/M1,edge,support_evaluation,24
wesad,S2,wesad-S2-e0,clean,minimum_v1/wesad-S2-e0/clean/M1,edge,accepted_citation_mirror,11
wesad,S2,wesad-S2-e0,clean,minimum_v1/wesad-S2-e0/clean/M1,edge,administrative,207
wesad,S2,wesad-S2-e0,clean,minimum_v1/wesad-S2-e0/clean/M1,edge,declared_parent,0
wesad,S2,wesad-S2-e0,clean,minimum_v1/wesad-S2-e0/clean/M1,edge,deterministic_provenance,308
wesad,S2,wesad-S2-e0,clean,minimum_v1/wesad-S2-e0/clean/M1,edge,model_evidence_citation,11
wesad,S2,wesad-S2-e0,clean,minimum_v1/wesad-S2-e0/clean/M1,edge,support_evaluation,6
wesad,S2,wesad-S2-e0,correction,minimum_v1/wesad-S2-e0/correction/M1,edge,accepted_citation_mirror,12
wesad,S2,wesad-S2-e0,correction,minimum_v1/wesad-S2-e0/correction/M1,edge,administrative,227
wesad,S2,wesad-S2-e0,correction,minimum_v1/wesad-S2-e0/correction/M1,edge,declared_parent,0
wesad,S2,wesad-S2-e0,correction,minimum_v1/wesad-S2-e0/correction/M1,edge,deterministic_provenance,308
wesad,S2,wesad-S2-e0,correction,minimum_v1/wesad-S2-e0/correction/M1,edge,model_evidence_citation,12
wesad,S2,wesad-S2-e0,correction,minimum_v1/wesad-S2-e0/correction/M1,edge,support_evaluation,8
wesad,S2,wesad-S2-e0,delayed,minimum_v1/wesad-S2-e0/delayed/M1,edge,accepted_citation_mirror,9
wesad,S2,wesad-S2-e0,delayed,minimum_v1/wesad-S2-e0/delayed/M1,edge,administrative,197
wesad,S2,wesad-S2-e0,delayed,minimum_v1/wesad-S2-e0/delayed/M1,edge,declared_parent,0
wesad,S2,wesad-S2-e0,delayed,minimum_v1/wesad-S2-e0/delayed/M1,edge,deterministic_provenance,304
wesad,S2,wesad-S2-e0,delayed,minimum_v1/wesad-S2-e0/delayed/M1,edge,model_evidence_citation,9
wesad,S2,wesad-S2-e0,delayed,minimum_v1/wesad-S2-e0/delayed/M1,edge,support_evaluation,0
wesad,S2,wesad-S2-e1,channel_fault,minimum_v1/wesad-S2-e1/channel_fault/M1,edge,accepted_citation_mirror,3
wesad,S2,wesad-S2-e1,channel_fault,minimum_v1/wesad-S2-e1/channel_fault/M1,edge,administrative,212
wesad,S2,wesad-S2-e1,channel_fault,minimum_v1/wesad-S2-e1/channel_fault/M1,edge,declared_parent,0
wesad,S2,wesad-S2-e1,channel_fault,minimum_v1/wesad-S2-e1/channel_fault/M1,edge,deterministic_provenance,322
wesad,S2,wesad-S2-e1,channel_fault,minimum_v1/wesad-S2-e1/channel_fault/M1,edge,model_evidence_citation,3
wesad,S2,wesad-S2-e1,channel_fault,minimum_v1/wesad-S2-e1/channel_fault/M1,edge,support_evaluation,27
wesad,S2,wesad-S2-e1,clean,minimum_v1/wesad-S2-e1/clean/M1,edge,accepted_citation_mirror,3
wesad,S2,wesad-S2-e1,clean,minimum_v1/wesad-S2-e1/clean/M1,edge,administrative,188
wesad,S2,wesad-S2-e1,clean,minimum_v1/wesad-S2-e1/clean/M1,edge,declared_parent,0
wesad,S2,wesad-S2-e1,clean,minimum_v1/wesad-S2-e1/clean/M1,edge,deterministic_provenance,308
wesad,S2,wesad-S2-e1,clean,minimum_v1/wesad-S2-e1/clean/M1,edge,model_evidence_citation,3
wesad,S2,wesad-S2-e1,clean,minimum_v1/wesad-S2-e1/clean/M1,edge,support_evaluation,6
wesad,S2,wesad-S2-e1,correction,minimum_v1/wesad-S2-e1/correction/M1,edge,accepted_citation_mirror,3
wesad,S2,wesad-S2-e1,correction,minimum_v1/wesad-S2-e1/correction/M1,edge,administrative,196
wesad,S2,wesad-S2-e1,correction,minimum_v1/wesad-S2-e1/correction/M1,edge,declared_parent,0
wesad,S2,wesad-S2-e1,correction,minimum_v1/wesad-S2-e1/correction/M1,edge,deterministic_provenance,308
wesad,S2,wesad-S2-e1,correction,minimum_v1/wesad-S2-e1/correction/M1,edge,model_evidence_citation,3
wesad,S2,wesad-S2-e1,correction,minimum_v1/wesad-S2-e1/correction/M1,edge,support_evaluation,8
wesad,S2,wesad-S2-e1,delayed,minimum_v1/wesad-S2-e1/delayed/M1,edge,accepted_citation_mirror,1
wesad,S2,wesad-S2-e1,delayed,minimum_v1/wesad-S2-e1/delayed/M1,edge,administrative,178
wesad,S2,wesad-S2-e1,delayed,minimum_v1/wesad-S2-e1/delayed/M1,edge,declared_parent,0
wesad,S2,wesad-S2-e1,delayed,minimum_v1/wesad-S2-e1/delayed/M1,edge,deterministic_provenance,304
wesad,S2,wesad-S2-e1,delayed,minimum_v1/wesad-S2-e1/delayed/M1,edge,model_evidence_citation,1
wesad,S2,wesad-S2-e1,delayed,minimum_v1/wesad-S2-e1/delayed/M1,edge,support_evaluation,0
wesad,S6,wesad-S6-e0,channel_fault,minimum_v1/wesad-S6-e0/channel_fault/M1,edge,accepted_citation_mirror,9
wesad,S6,wesad-S6-e0,channel_fault,minimum_v1/wesad-S6-e0/channel_fault/M1,edge,administrative,242
wesad,S6,wesad-S6-e0,channel_fault,minimum_v1/wesad-S6-e0/channel_fault/M1,edge,declared_parent,0
wesad,S6,wesad-S6-e0,channel_fault,minimum_v1/wesad-S6-e0/channel_fault/M1,edge,deterministic_provenance,322
wesad,S6,wesad-S6-e0,channel_fault,minimum_v1/wesad-S6-e0/channel_fault/M1,edge,model_evidence_citation,9
wesad,S6,wesad-S6-e0,channel_fault,minimum_v1/wesad-S6-e0/channel_fault/M1,edge,support_evaluation,38
wesad,S6,wesad-S6-e0,clean,minimum_v1/wesad-S6-e0/clean/M1,edge,accepted_citation_mirror,9
wesad,S6,wesad-S6-e0,clean,minimum_v1/wesad-S6-e0/clean/M1,edge,administrative,206
wesad,S6,wesad-S6-e0,clean,minimum_v1/wesad-S6-e0/clean/M1,edge,declared_parent,0
wesad,S6,wesad-S6-e0,clean,minimum_v1/wesad-S6-e0/clean/M1,edge,deterministic_provenance,308
wesad,S6,wesad-S6-e0,clean,minimum_v1/wesad-S6-e0/clean/M1,edge,model_evidence_citation,9
wesad,S6,wesad-S6-e0,clean,minimum_v1/wesad-S6-e0/clean/M1,edge,support_evaluation,6
wesad,S6,wesad-S6-e0,correction,minimum_v1/wesad-S6-e0/correction/M1,edge,accepted_citation_mirror,9
wesad,S6,wesad-S6-e0,correction,minimum_v1/wesad-S6-e0/correction/M1,edge,administrative,226
wesad,S6,wesad-S6-e0,correction,minimum_v1/wesad-S6-e0/correction/M1,edge,declared_parent,0
wesad,S6,wesad-S6-e0,correction,minimum_v1/wesad-S6-e0/correction/M1,edge,deterministic_provenance,308
wesad,S6,wesad-S6-e0,correction,minimum_v1/wesad-S6-e0/correction/M1,edge,model_evidence_citation,9
wesad,S6,wesad-S6-e0,correction,minimum_v1/wesad-S6-e0/correction/M1,edge,support_evaluation,8
wesad,S6,wesad-S6-e0,delayed,minimum_v1/wesad-S6-e0/delayed/M1,edge,accepted_citation_mirror,4
wesad,S6,wesad-S6-e0,delayed,minimum_v1/wesad-S6-e0/delayed/M1,edge,administrative,187
wesad,S6,wesad-S6-e0,delayed,minimum_v1/wesad-S6-e0/delayed/M1,edge,declared_parent,0
wesad,S6,wesad-S6-e0,delayed,minimum_v1/wesad-S6-e0/delayed/M1,edge,deterministic_provenance,304
wesad,S6,wesad-S6-e0,delayed,minimum_v1/wesad-S6-e0/delayed/M1,edge,model_evidence_citation,4
wesad,S6,wesad-S6-e0,delayed,minimum_v1/wesad-S6-e0/delayed/M1,edge,support_evaluation,0
wesad,S6,wesad-S6-e1,channel_fault,minimum_v1/wesad-S6-e1/channel_fault/M1,edge,accepted_citation_mirror,12
wesad,S6,wesad-S6-e1,channel_fault,minimum_v1/wesad-S6-e1/channel_fault/M1,edge,administrative,239
wesad,S6,wesad-S6-e1,channel_fault,minimum_v1/wesad-S6-e1/channel_fault/M1,edge,declared_parent,0
wesad,S6,wesad-S6-e1,channel_fault,minimum_v1/wesad-S6-e1/channel_fault/M1,edge,deterministic_provenance,322
wesad,S6,wesad-S6-e1,channel_fault,minimum_v1/wesad-S6-e1/channel_fault/M1,edge,model_evidence_citation,12
wesad,S6,wesad-S6-e1,channel_fault,minimum_v1/wesad-S6-e1/channel_fault/M1,edge,support_evaluation,39
wesad,S6,wesad-S6-e1,clean,minimum_v1/wesad-S6-e1/clean/M1,edge,accepted_citation_mirror,12
wesad,S6,wesad-S6-e1,clean,minimum_v1/wesad-S6-e1/clean/M1,edge,administrative,207
wesad,S6,wesad-S6-e1,clean,minimum_v1/wesad-S6-e1/clean/M1,edge,declared_parent,0
wesad,S6,wesad-S6-e1,clean,minimum_v1/wesad-S6-e1/clean/M1,edge,deterministic_provenance,308
wesad,S6,wesad-S6-e1,clean,minimum_v1/wesad-S6-e1/clean/M1,edge,model_evidence_citation,12
wesad,S6,wesad-S6-e1,clean,minimum_v1/wesad-S6-e1/clean/M1,edge,support_evaluation,6
wesad,S6,wesad-S6-e1,correction,minimum_v1/wesad-S6-e1/correction/M1,edge,accepted_citation_mirror,12
wesad,S6,wesad-S6-e1,correction,minimum_v1/wesad-S6-e1/correction/M1,edge,administrative,227
wesad,S6,wesad-S6-e1,correction,minimum_v1/wesad-S6-e1/correction/M1,edge,declared_parent,0
wesad,S6,wesad-S6-e1,correction,minimum_v1/wesad-S6-e1/correction/M1,edge,deterministic_provenance,308
wesad,S6,wesad-S6-e1,correction,minimum_v1/wesad-S6-e1/correction/M1,edge,model_evidence_citation,12
wesad,S6,wesad-S6-e1,correction,minimum_v1/wesad-S6-e1/correction/M1,edge,support_evaluation,8
wesad,S6,wesad-S6-e1,delayed,minimum_v1/wesad-S6-e1/delayed/M1,edge,accepted_citation_mirror,10
wesad,S6,wesad-S6-e1,delayed,minimum_v1/wesad-S6-e1/delayed/M1,edge,administrative,197
wesad,S6,wesad-S6-e1,delayed,minimum_v1/wesad-S6-e1/delayed/M1,edge,declared_parent,0
wesad,S6,wesad-S6-e1,delayed,minimum_v1/wesad-S6-e1/delayed/M1,edge,deterministic_provenance,304
wesad,S6,wesad-S6-e1,delayed,minimum_v1/wesad-S6-e1/delayed/M1,edge,model_evidence_citation,10
wesad,S6,wesad-S6-e1,delayed,minimum_v1/wesad-S6-e1/delayed/M1,edge,support_evaluation,0
wesad,S7,wesad-S7-e0,channel_fault,minimum_v1/wesad-S7-e0/channel_fault/M1,edge,accepted_citation_mirror,12
wesad,S7,wesad-S7-e0,channel_fault,minimum_v1/wesad-S7-e0/channel_fault/M1,edge,administrative,243
wesad,S7,wesad-S7-e0,channel_fault,minimum_v1/wesad-S7-e0/channel_fault/M1,edge,declared_parent,0
wesad,S7,wesad-S7-e0,channel_fault,minimum_v1/wesad-S7-e0/channel_fault/M1,edge,deterministic_provenance,322
wesad,S7,wesad-S7-e0,channel_fault,minimum_v1/wesad-S7-e0/channel_fault/M1,edge,model_evidence_citation,12
wesad,S7,wesad-S7-e0,channel_fault,minimum_v1/wesad-S7-e0/channel_fault/M1,edge,support_evaluation,38
wesad,S7,wesad-S7-e0,clean,minimum_v1/wesad-S7-e0/clean/M1,edge,accepted_citation_mirror,12
wesad,S7,wesad-S7-e0,clean,minimum_v1/wesad-S7-e0/clean/M1,edge,administrative,207
wesad,S7,wesad-S7-e0,clean,minimum_v1/wesad-S7-e0/clean/M1,edge,declared_parent,0
wesad,S7,wesad-S7-e0,clean,minimum_v1/wesad-S7-e0/clean/M1,edge,deterministic_provenance,308
wesad,S7,wesad-S7-e0,clean,minimum_v1/wesad-S7-e0/clean/M1,edge,model_evidence_citation,12
wesad,S7,wesad-S7-e0,clean,minimum_v1/wesad-S7-e0/clean/M1,edge,support_evaluation,6
wesad,S7,wesad-S7-e0,correction,minimum_v1/wesad-S7-e0/correction/M1,edge,accepted_citation_mirror,12
wesad,S7,wesad-S7-e0,correction,minimum_v1/wesad-S7-e0/correction/M1,edge,administrative,227
wesad,S7,wesad-S7-e0,correction,minimum_v1/wesad-S7-e0/correction/M1,edge,declared_parent,0
wesad,S7,wesad-S7-e0,correction,minimum_v1/wesad-S7-e0/correction/M1,edge,deterministic_provenance,308
wesad,S7,wesad-S7-e0,correction,minimum_v1/wesad-S7-e0/correction/M1,edge,model_evidence_citation,12
wesad,S7,wesad-S7-e0,correction,minimum_v1/wesad-S7-e0/correction/M1,edge,support_evaluation,8
wesad,S7,wesad-S7-e0,delayed,minimum_v1/wesad-S7-e0/delayed/M1,edge,accepted_citation_mirror,10
wesad,S7,wesad-S7-e0,delayed,minimum_v1/wesad-S7-e0/delayed/M1,edge,administrative,197
wesad,S7,wesad-S7-e0,delayed,minimum_v1/wesad-S7-e0/delayed/M1,edge,declared_parent,0
wesad,S7,wesad-S7-e0,delayed,minimum_v1/wesad-S7-e0/delayed/M1,edge,deterministic_provenance,304
wesad,S7,wesad-S7-e0,delayed,minimum_v1/wesad-S7-e0/delayed/M1,edge,model_evidence_citation,10
wesad,S7,wesad-S7-e0,delayed,minimum_v1/wesad-S7-e0/delayed/M1,edge,support_evaluation,0
wesad,S7,wesad-S7-e1,channel_fault,minimum_v1/wesad-S7-e1/channel_fault/M1,edge,accepted_citation_mirror,3
wesad,S7,wesad-S7-e1,channel_fault,minimum_v1/wesad-S7-e1/channel_fault/M1,edge,administrative,204
wesad,S7,wesad-S7-e1,channel_fault,minimum_v1/wesad-S7-e1/channel_fault/M1,edge,declared_parent,0
wesad,S7,wesad-S7-e1,channel_fault,minimum_v1/wesad-S7-e1/channel_fault/M1,edge,deterministic_provenance,322
wesad,S7,wesad-S7-e1,channel_fault,minimum_v1/wesad-S7-e1/channel_fault/M1,edge,model_evidence_citation,3
wesad,S7,wesad-S7-e1,channel_fault,minimum_v1/wesad-S7-e1/channel_fault/M1,edge,support_evaluation,24
wesad,S7,wesad-S7-e1,clean,minimum_v1/wesad-S7-e1/clean/M1,edge,accepted_citation_mirror,3
wesad,S7,wesad-S7-e1,clean,minimum_v1/wesad-S7-e1/clean/M1,edge,administrative,188
wesad,S7,wesad-S7-e1,clean,minimum_v1/wesad-S7-e1/clean/M1,edge,declared_parent,0
wesad,S7,wesad-S7-e1,clean,minimum_v1/wesad-S7-e1/clean/M1,edge,deterministic_provenance,308
wesad,S7,wesad-S7-e1,clean,minimum_v1/wesad-S7-e1/clean/M1,edge,model_evidence_citation,3
wesad,S7,wesad-S7-e1,clean,minimum_v1/wesad-S7-e1/clean/M1,edge,support_evaluation,6
wesad,S7,wesad-S7-e1,correction,minimum_v1/wesad-S7-e1/correction/M1,edge,accepted_citation_mirror,3
wesad,S7,wesad-S7-e1,correction,minimum_v1/wesad-S7-e1/correction/M1,edge,administrative,196
wesad,S7,wesad-S7-e1,correction,minimum_v1/wesad-S7-e1/correction/M1,edge,declared_parent,0
wesad,S7,wesad-S7-e1,correction,minimum_v1/wesad-S7-e1/correction/M1,edge,deterministic_provenance,308
wesad,S7,wesad-S7-e1,correction,minimum_v1/wesad-S7-e1/correction/M1,edge,model_evidence_citation,3
wesad,S7,wesad-S7-e1,correction,minimum_v1/wesad-S7-e1/correction/M1,edge,support_evaluation,8
wesad,S7,wesad-S7-e1,delayed,minimum_v1/wesad-S7-e1/delayed/M1,edge,accepted_citation_mirror,1
wesad,S7,wesad-S7-e1,delayed,minimum_v1/wesad-S7-e1/delayed/M1,edge,administrative,178
wesad,S7,wesad-S7-e1,delayed,minimum_v1/wesad-S7-e1/delayed/M1,edge,declared_parent,0
wesad,S7,wesad-S7-e1,delayed,minimum_v1/wesad-S7-e1/delayed/M1,edge,deterministic_provenance,304
wesad,S7,wesad-S7-e1,delayed,minimum_v1/wesad-S7-e1/delayed/M1,edge,model_evidence_citation,1
wesad,S7,wesad-S7-e1,delayed,minimum_v1/wesad-S7-e1/delayed/M1,edge,support_evaluation,0
wesad,S8,wesad-S8-e0,channel_fault,minimum_v1/wesad-S8-e0/channel_fault/M1,edge,accepted_citation_mirror,3
wesad,S8,wesad-S8-e0,channel_fault,minimum_v1/wesad-S8-e0/channel_fault/M1,edge,administrative,212
wesad,S8,wesad-S8-e0,channel_fault,minimum_v1/wesad-S8-e0/channel_fault/M1,edge,declared_parent,0
wesad,S8,wesad-S8-e0,channel_fault,minimum_v1/wesad-S8-e0/channel_fault/M1,edge,deterministic_provenance,322
wesad,S8,wesad-S8-e0,channel_fault,minimum_v1/wesad-S8-e0/channel_fault/M1,edge,model_evidence_citation,3
wesad,S8,wesad-S8-e0,channel_fault,minimum_v1/wesad-S8-e0/channel_fault/M1,edge,support_evaluation,27
wesad,S8,wesad-S8-e0,clean,minimum_v1/wesad-S8-e0/clean/M1,edge,accepted_citation_mirror,3
wesad,S8,wesad-S8-e0,clean,minimum_v1/wesad-S8-e0/clean/M1,edge,administrative,188
wesad,S8,wesad-S8-e0,clean,minimum_v1/wesad-S8-e0/clean/M1,edge,declared_parent,0
wesad,S8,wesad-S8-e0,clean,minimum_v1/wesad-S8-e0/clean/M1,edge,deterministic_provenance,308
wesad,S8,wesad-S8-e0,clean,minimum_v1/wesad-S8-e0/clean/M1,edge,model_evidence_citation,3
wesad,S8,wesad-S8-e0,clean,minimum_v1/wesad-S8-e0/clean/M1,edge,support_evaluation,6
wesad,S8,wesad-S8-e0,correction,minimum_v1/wesad-S8-e0/correction/M1,edge,accepted_citation_mirror,3
wesad,S8,wesad-S8-e0,correction,minimum_v1/wesad-S8-e0/correction/M1,edge,administrative,196
wesad,S8,wesad-S8-e0,correction,minimum_v1/wesad-S8-e0/correction/M1,edge,declared_parent,0
wesad,S8,wesad-S8-e0,correction,minimum_v1/wesad-S8-e0/correction/M1,edge,deterministic_provenance,308
wesad,S8,wesad-S8-e0,correction,minimum_v1/wesad-S8-e0/correction/M1,edge,model_evidence_citation,3
wesad,S8,wesad-S8-e0,correction,minimum_v1/wesad-S8-e0/correction/M1,edge,support_evaluation,8
wesad,S8,wesad-S8-e0,delayed,minimum_v1/wesad-S8-e0/delayed/M1,edge,accepted_citation_mirror,1
wesad,S8,wesad-S8-e0,delayed,minimum_v1/wesad-S8-e0/delayed/M1,edge,administrative,178
wesad,S8,wesad-S8-e0,delayed,minimum_v1/wesad-S8-e0/delayed/M1,edge,declared_parent,0
wesad,S8,wesad-S8-e0,delayed,minimum_v1/wesad-S8-e0/delayed/M1,edge,deterministic_provenance,304
wesad,S8,wesad-S8-e0,delayed,minimum_v1/wesad-S8-e0/delayed/M1,edge,model_evidence_citation,1
wesad,S8,wesad-S8-e0,delayed,minimum_v1/wesad-S8-e0/delayed/M1,edge,support_evaluation,0
wesad,S8,wesad-S8-e1,channel_fault,minimum_v1/wesad-S8-e1/channel_fault/M1,edge,accepted_citation_mirror,12
wesad,S8,wesad-S8-e1,channel_fault,minimum_v1/wesad-S8-e1/channel_fault/M1,edge,administrative,243
wesad,S8,wesad-S8-e1,channel_fault,minimum_v1/wesad-S8-e1/channel_fault/M1,edge,declared_parent,0
wesad,S8,wesad-S8-e1,channel_fault,minimum_v1/wesad-S8-e1/channel_fault/M1,edge,deterministic_provenance,322
wesad,S8,wesad-S8-e1,channel_fault,minimum_v1/wesad-S8-e1/channel_fault/M1,edge,model_evidence_citation,12
wesad,S8,wesad-S8-e1,channel_fault,minimum_v1/wesad-S8-e1/channel_fault/M1,edge,support_evaluation,27
wesad,S8,wesad-S8-e1,clean,minimum_v1/wesad-S8-e1/clean/M1,edge,accepted_citation_mirror,12
wesad,S8,wesad-S8-e1,clean,minimum_v1/wesad-S8-e1/clean/M1,edge,administrative,207
wesad,S8,wesad-S8-e1,clean,minimum_v1/wesad-S8-e1/clean/M1,edge,declared_parent,0
wesad,S8,wesad-S8-e1,clean,minimum_v1/wesad-S8-e1/clean/M1,edge,deterministic_provenance,308
wesad,S8,wesad-S8-e1,clean,minimum_v1/wesad-S8-e1/clean/M1,edge,model_evidence_citation,12
wesad,S8,wesad-S8-e1,clean,minimum_v1/wesad-S8-e1/clean/M1,edge,support_evaluation,6
wesad,S8,wesad-S8-e1,correction,minimum_v1/wesad-S8-e1/correction/M1,edge,accepted_citation_mirror,12
wesad,S8,wesad-S8-e1,correction,minimum_v1/wesad-S8-e1/correction/M1,edge,administrative,227
wesad,S8,wesad-S8-e1,correction,minimum_v1/wesad-S8-e1/correction/M1,edge,declared_parent,0
wesad,S8,wesad-S8-e1,correction,minimum_v1/wesad-S8-e1/correction/M1,edge,deterministic_provenance,308
wesad,S8,wesad-S8-e1,correction,minimum_v1/wesad-S8-e1/correction/M1,edge,model_evidence_citation,12
wesad,S8,wesad-S8-e1,correction,minimum_v1/wesad-S8-e1/correction/M1,edge,support_evaluation,8
wesad,S8,wesad-S8-e1,delayed,minimum_v1/wesad-S8-e1/delayed/M1,edge,accepted_citation_mirror,10
wesad,S8,wesad-S8-e1,delayed,minimum_v1/wesad-S8-e1/delayed/M1,edge,administrative,197
wesad,S8,wesad-S8-e1,delayed,minimum_v1/wesad-S8-e1/delayed/M1,edge,declared_parent,0
wesad,S8,wesad-S8-e1,delayed,minimum_v1/wesad-S8-e1/delayed/M1,edge,deterministic_provenance,304
wesad,S8,wesad-S8-e1,delayed,minimum_v1/wesad-S8-e1/delayed/M1,edge,model_evidence_citation,10
wesad,S8,wesad-S8-e1,delayed,minimum_v1/wesad-S8-e1/delayed/M1,edge,support_evaluation,0
