case_id,checkpoint,dataset,episode_id,family,knowledge_time,method,split,subject,variant,core_nodes,core_edges,full_visible_nodes,core_full_ratio,active_nodes,active_stored_edges,claims,features,parentless
ppg_dalia-S1-e0-channel_fault-c0-M1,0,ppg_dalia,ppg_dalia-S1-e0,current_evidence,2301.0,M1,test,S1,channel_fault,2,1,175,0.011428571428571429,169,274,1,1,1
ppg_dalia-S1-e0-channel_fault-c1-M1,1,ppg_dalia,ppg_dalia-S1-e0,current_evidence,2331.0,M1,test,S1,channel_fault,2,1,191,0.010471204188481676,169,274,1,1,1
ppg_dalia-S1-e0-channel_fault-c2-M1,2,ppg_dalia,ppg_dalia-S1-e0,current_evidence,2391.0,M1,test,S1,channel_fault,2,1,216,0.009259259259259259,170,274,1,1,1
ppg_dalia-S1-e0-clean-c0-M1,0,ppg_dalia,ppg_dalia-S1-e0,current_evidence,2301.0,M1,test,S1,clean,2,1,175,0.011428571428571429,169,274,1,1,1
ppg_dalia-S1-e0-clean-c1-M1,1,ppg_dalia,ppg_dalia-S1-e0,current_evidence,2331.0,M1,test,S1,clean,2,1,180,0.011111111111111112,170,274,1,1,1
ppg_dalia-S1-e0-clean-c2-M1,2,ppg_dalia,ppg_dalia-S1-e0,current_evidence,2391.0,M1,test,S1,clean,2,1,187,0.0106951871657754,171,274,1,1,1
ppg_dalia-S1-e0-correction-c0-M1,0,ppg_dalia,ppg_dalia-S1-e0,current_evidence,2301.0,M1,test,S1,correction,2,1,175,0.011428571428571429,169,274,1,1,1
ppg_dalia-S1-e0-correction-c1-M1,1,ppg_dalia,ppg_dalia-S1-e0,current_evidence,2331.0,M1,test,S1,correction,2,1,181,0.011049723756906077,169,274,1,1,1
ppg_dalia-S1-e0-correction-c2-M1,2,ppg_dalia,ppg_dalia-S1-e0,current_evidence,2391.0,M1,test,S1,correction,2,1,190,0.010526315789473684,170,274,1,1,1
ppg_dalia-S1-e0-delayed-c0-M1,0,ppg_dalia,ppg_dalia-S1-e0,current_evidence,2301.0,M1,test,S1,delayed,0,0,173,0.0,167,270,0,0,0
ppg_dalia-S1-e0-delayed-c1-M1,1,ppg_dalia,ppg_dalia-S1-e0,current_evidence,2331.0,M1,test,S1,delayed,0,0,174,0.0,167,270,0,0,0
ppg_dalia-S1-e0-delayed-c2-M1,2,ppg_dalia,ppg_dalia-S1-e0,current_evidence,2391.0,M1,test,S1,delayed,2,1,177,0.011299435028248588,169,274,1,1,1
ppg_dalia-S1-e1-channel_fault-c0-M1,0,ppg_dalia,ppg_dalia-S1-e1,conflict_timing,6906.0,M1,test,S1,channel_fault,2,1,175,0.011428571428571429,169,274,1,1,1
ppg_dalia-S1-e1-channel_fault-c1-M1,1,ppg_dalia,ppg_dalia-S1-e1,conflict_timing,6936.0,M1,test,S1,channel_fault,2,1,191,0.010471204188481676,169,274,1,1,1
ppg_dalia-S1-e1-channel_fault-c2-M1,2,ppg_dalia,ppg_dalia-S1-e1,conflict_timing,6996.0,M1,test,S1,channel_fault,2,1,216,0.009259259259259259,170,274,1,1,1
ppg_dalia-S1-e1-clean-c0-M1,0,ppg_dalia,ppg_dalia-S1-e1,conflict_timing,6906.0,M1,test,S1,clean,2,1,175,0.011428571428571429,169,274,1,1,1
ppg_dalia-S1-e1-clean-c1-M1,1,ppg_dalia,ppg_dalia-S1-e1,conflict_timing,6936.0,M1,test,S1,clean,2,1,180,0.011111111111111112,170,274,1,1,1
ppg_dalia-S1-e1-clean-c2-M1,2,ppg_dalia,ppg_dalia-S1-e1,conflict_timing,6996.0,M1,test,S1,clean,2,1,187,0.0106951871657754,171,274,1,1,1
ppg_dalia-S1-e1-correction-c0-M1,0,ppg_dalia,ppg_dalia-S1-e1,conflict_timing,6906.0,M1,test,S1,correction,2,1,175,0.011428571428571429,169,274,1,1,1
ppg_dalia-S1-e1-correction-c1-M1,1,ppg_dalia,ppg_dalia-S1-e1,conflict_timing,6936.0,M1,test,S1,correction,2,1,181,0.011049723756906077,169,274,1,1,1
ppg_dalia-S1-e1-correction-c2-M1,2,ppg_dalia,ppg_dalia-S1-e1,conflict_timing,6996.0,M1,test,S1,correction,2,1,190,0.010526315789473684,170,274,1,1,1
ppg_dalia-S1-e1-delayed-c0-M1,0,ppg_dalia,ppg_dalia-S1-e1,conflict_timing,6906.0,M1,test,S1,delayed,0,0,173,0.0,167,270,0,0,0
ppg_dalia-S1-e1-delayed-c1-M1,1,ppg_dalia,ppg_dalia-S1-e1,conflict_timing,6936.0,M1,test,S1,delayed,0,0,174,0.0,167,270,0,0,0
ppg_dalia-S1-e1-delayed-c2-M1,2,ppg_dalia,ppg_dalia-S1-e1,conflict_timing,6996.0,M1,test,S1,delayed,2,1,177,0.011299435028248588,169,274,1,1,1
ppg_dalia-S10-e0-channel_fault-c0-M1,0,ppg_dalia,ppg_dalia-S10-e0,current_evidence,2661.0,M1,test,S10,channel_fault,2,1,175,0.011428571428571429,169,274,1,1,1
ppg_dalia-S10-e0-channel_fault-c1-M1,1,ppg_dalia,ppg_dalia-S10-e0,current_evidence,2691.0,M1,test,S10,channel_fault,2,1,191,0.010471204188481676,169,274,1,1,1
ppg_dalia-S10-e0-channel_fault-c2-M1,2,ppg_dalia,ppg_dalia-S10-e0,current_evidence,2751.0,M1,test,S10,channel_fault,2,1,216,0.009259259259259259,170,274,1,1,1
ppg_dalia-S10-e0-clean-c0-M1,0,ppg_dalia,ppg_dalia-S10-e0,current_evidence,2661.0,M1,test,S10,clean,2,1,175,0.011428571428571429,169,274,1,1,1
ppg_dalia-S10-e0-clean-c1-M1,1,ppg_dalia,ppg_dalia-S10-e0,current_evidence,2691.0,M1,test,S10,clean,2,1,180,0.011111111111111112,170,274,1,1,1
ppg_dalia-S10-e0-clean-c2-M1,2,ppg_dalia,ppg_dalia-S10-e0,current_evidence,2751.0,M1,test,S10,clean,2,1,187,0.0106951871657754,171,274,1,1,1
ppg_dalia-S10-e0-correction-c0-M1,0,ppg_dalia,ppg_dalia-S10-e0,current_evidence,2661.0,M1,test,S10,correction,2,1,175,0.011428571428571429,169,274,1,1,1
ppg_dalia-S10-e0-correction-c1-M1,1,ppg_dalia,ppg_dalia-S10-e0,current_evidence,2691.0,M1,test,S10,correction,2,1,181,0.011049723756906077,169,274,1,1,1
ppg_dalia-S10-e0-correction-c2-M1,2,ppg_dalia,ppg_dalia-S10-e0,current_evidence,2751.0,M1,test,S10,correction,2,1,190,0.010526315789473684,170,274,1,1,1
ppg_dalia-S10-e0-delayed-c0-M1,0,ppg_dalia,ppg_dalia-S10-e0,current_evidence,2661.0,M1,test,S10,delayed,0,0,173,0.0,167,270,0,0,0
ppg_dalia-S10-e0-delayed-c1-M1,1,ppg_dalia,ppg_dalia-S10-e0,current_evidence,2691.0,M1,test,S10,delayed,0,0,174,0.0,167,270,0,0,0
ppg_dalia-S10-e0-delayed-c2-M1,2,ppg_dalia,ppg_dalia-S10-e0,current_evidence,2751.0,M1,test,S10,delayed,2,1,177,0.011299435028248588,169,274,1,1,1
ppg_dalia-S10-e1-channel_fault-c0-M1,0,ppg_dalia,ppg_dalia-S10-e1,conflict_timing,7986.0,M1,test,S10,channel_fault,2,1,175,0.011428571428571429,169,274,1,1,1
ppg_dalia-S10-e1-channel_fault-c1-M1,1,ppg_dalia,ppg_dalia-S10-e1,conflict_timing,8016.0,M1,test,S10,channel_fault,2,1,190,0.010526315789473684,170,274,1,1,1
ppg_dalia-S10-e1-channel_fault-c2-M1,2,ppg_dalia,ppg_dalia-S10-e1,conflict_timing,8076.0,M1,test,S10,channel_fault,2,1,213,0.009389671361502348,171,274,1,1,1
ppg_dalia-S10-e1-clean-c0-M1,0,ppg_dalia,ppg_dalia-S10-e1,conflict_timing,7986.0,M1,test,S10,clean,2,1,175,0.011428571428571429,169,274,1,1,1
ppg_dalia-S10-e1-clean-c1-M1,1,ppg_dalia,ppg_dalia-S10-e1,conflict_timing,8016.0,M1,test,S10,clean,2,1,180,0.011111111111111112,170,274,1,1,1
ppg_dalia-S10-e1-clean-c2-M1,2,ppg_dalia,ppg_dalia-S10-e1,conflict_timing,8076.0,M1,test,S10,clean,2,1,187,0.0106951871657754,171,274,1,1,1
ppg_dalia-S10-e1-correction-c0-M1,0,ppg_dalia,ppg_dalia-S10-e1,conflict_timing,7986.0,M1,test,S10,correction,2,1,175,0.011428571428571429,169,274,1,1,1
ppg_dalia-S10-e1-correction-c1-M1,1,ppg_dalia,ppg_dalia-S10-e1,conflict_timing,8016.0,M1,test,S10,correction,2,1,181,0.011049723756906077,169,274,1,1,1
ppg_dalia-S10-e1-correction-c2-M1,2,ppg_dalia,ppg_dalia-S10-e1,conflict_timing,8076.0,M1,test,S10,correction,2,1,190,0.010526315789473684,170,274,1,1,1
ppg_dalia-S10-e1-delayed-c0-M1,0,ppg_dalia,ppg_dalia-S10-e1,conflict_timing,7986.0,M1,test,S10,delayed,0,0,173,0.0,167,270,0,0,0
ppg_dalia-S10-e1-delayed-c1-M1,1,ppg_dalia,ppg_dalia-S10-e1,conflict_timing,8016.0,M1,test,S10,delayed,0,0,174,0.0,167,270,0,0,0
ppg_dalia-S10-e1-delayed-c2-M1,2,ppg_dalia,ppg_dalia-S10-e1,conflict_timing,8076.0,M1,test,S10,delayed,2,1,177,0.011299435028248588,169,274,1,1,1
ppg_dalia-S11-e0-channel_fault-c0-M1,0,ppg_dalia,ppg_dalia-S11-e0,current_evidence,2261.0,M1,test,S11,channel_fault,2,1,175,0.011428571428571429,169,274,1,1,1
ppg_dalia-S11-e0-channel_fault-c1-M1,1,ppg_dalia,ppg_dalia-S11-e0,current_evidence,2291.0,M1,test,S11,channel_fault,2,1,191,0.010471204188481676,169,274,1,1,1
ppg_dalia-S11-e0-channel_fault-c2-M1,2,ppg_dalia,ppg_dalia-S11-e0,current_evidence,2351.0,M1,test,S11,channel_fault,2,1,216,0.009259259259259259,170,274,1,1,1
ppg_dalia-S11-e0-clean-c0-M1,0,ppg_dalia,ppg_dalia-S11-e0,current_evidence,2261.0,M1,test,S11,clean,2,1,175,0.011428571428571429,169,274,1,1,1
ppg_dalia-S11-e0-clean-c1-M1,1,ppg_dalia,ppg_dalia-S11-e0,current_evidence,2291.0,M1,test,S11,clean,2,1,180,0.011111111111111112,170,274,1,1,1
ppg_dalia-S11-e0-clean-c2-M1,2,ppg_dalia,ppg_dalia-S11-e0,current_evidence,2351.0,M1,test,S11,clean,2,1,187,0.0106951871657754,171,274,1,1,1
ppg_dalia-S11-e0-correction-c0-M1,0,ppg_dalia,ppg_dalia-S11-e0,current_evidence,2261.0,M1,test,S11,correction,2,1,175,0.011428571428571429,169,274,1,1,1
ppg_dalia-S11-e0-correction-c1-M1,1,ppg_dalia,ppg_dalia-S11-e0,current_evidence,2291.0,M1,test,S11,correction,2,1,181,0.011049723756906077,169,274,1,1,1
ppg_dalia-S11-e0-correction-c2-M1,2,ppg_dalia,ppg_dalia-S11-e0,current_evidence,2351.0,M1,test,S11,correction,2,1,190,0.010526315789473684,170,274,1,1,1
ppg_dalia-S11-e0-delayed-c0-M1,0,ppg_dalia,ppg_dalia-S11-e0,current_evidence,2261.0,M1,test,S11,delayed,0,0,173,0.0,167,270,0,0,0
ppg_dalia-S11-e0-delayed-c1-M1,1,ppg_dalia,ppg_dalia-S11-e0,current_evidence,2291.0,M1,test,S11,delayed,0,0,174,0.0,167,270,0,0,0
ppg_dalia-S11-e0-delayed-c2-M1,2,ppg_dalia,ppg_dalia-S11-e0,current_evidence,2351.0,M1,test,S11,delayed,2,1,177,0.011299435028248588,169,274,1,1,1
ppg_dalia-S11-e1-channel_fault-c0-M1,0,ppg_dalia,ppg_dalia-S11-e1,revision_impact,6786.0,M1,test,S11,channel_fault,7,4,178,0.03932584269662921,172,280,3,4,3
ppg_dalia-S11-e1-channel_fault-c1-M1,1,ppg_dalia,ppg_dalia-S11-e1,revision_impact,6816.0,M1,test,S11,channel_fault,7,4,196,0.03571428571428571,174,286,3,4,3
ppg_dalia-S11-e1-channel_fault-c2-M1,2,ppg_dalia,ppg_dalia-S11-e1,revision_impact,6876.0,M1,test,S11,channel_fault,7,4,223,0.03139013452914798,177,292,3,4,3
ppg_dalia-S11-e1-clean-c0-M1,0,ppg_dalia,ppg_dalia-S11-e1,revision_impact,6786.0,M1,test,S11,clean,7,4,178,0.03932584269662921,172,280,3,4,3
ppg_dalia-S11-e1-clean-c1-M1,1,ppg_dalia,ppg_dalia-S11-e1,revision_impact,6816.0,M1,test,S11,clean,7,4,185,0.03783783783783784,175,286,3,4,3
ppg_dalia-S11-e1-clean-c2-M1,2,ppg_dalia,ppg_dalia-S11-e1,revision_impact,6876.0,M1,test,S11,clean,7,4,194,0.03608247422680412,178,292,3,4,3
ppg_dalia-S11-e1-correction-c0-M1,0,ppg_dalia,ppg_dalia-S11-e1,revision_impact,6786.0,M1,test,S11,correction,7,4,178,0.03932584269662921,172,280,3,4,3
ppg_dalia-S11-e1-correction-c1-M1,1,ppg_dalia,ppg_dalia-S11-e1,revision_impact,6816.0,M1,test,S11,correction,7,4,186,0.03763440860215054,174,286,3,4,3
ppg_dalia-S11-e1-correction-c2-M1,2,ppg_dalia,ppg_dalia-S11-e1,revision_impact,6876.0,M1,test,S11,correction,7,4,197,0.03553299492385787,177,292,3,4,3
ppg_dalia-S11-e1-delayed-c0-M1,0,ppg_dalia,ppg_dalia-S11-e1,revision_impact,6786.0,M1,test,S11,delayed,2,1,174,0.011494252873563218,168,272,1,1,1
ppg_dalia-S11-e1-delayed-c1-M1,1,ppg_dalia,ppg_dalia-S11-e1,revision_impact,6816.0,M1,test,S11,delayed,5,3,178,0.028089887640449437,171,278,2,3,2
ppg_dalia-S11-e1-delayed-c2-M1,2,ppg_dalia,ppg_dalia-S11-e1,revision_impact,6876.0,M1,test,S11,delayed,7,4,183,0.03825136612021858,175,288,3,4,3
ppg_dalia-S12-e0-channel_fault-c0-M1,0,ppg_dalia,ppg_dalia-S12-e0,evidence_sufficiency,1976.0,M1,test,S12,channel_fault,7,4,178,0.03932584269662921,172,280,3,4,3
ppg_dalia-S12-e0-channel_fault-c1-M1,1,ppg_dalia,ppg_dalia-S12-e0,evidence_sufficiency,2006.0,M1,test,S12,channel_fault,7,4,199,0.035175879396984924,174,284,3,4,3
ppg_dalia-S12-e0-channel_fault-c2-M1,2,ppg_dalia,ppg_dalia-S12-e0,evidence_sufficiency,2066.0,M1,test,S12,channel_fault,7,4,234,0.029914529914529916,177,288,3,4,3
ppg_dalia-S12-e0-clean-c0-M1,0,ppg_dalia,ppg_dalia-S12-e0,evidence_sufficiency,1976.0,M1,test,S12,clean,7,4,178,0.03932584269662921,172,280,3,4,3
ppg_dalia-S12-e0-clean-c1-M1,1,ppg_dalia,ppg_dalia-S12-e0,evidence_sufficiency,2006.0,M1,test,S12,clean,4,2,184,0.021739130434782608,174,282,2,2,2
ppg_dalia-S12-e0-clean-c2-M1,2,ppg_dalia,ppg_dalia-S12-e0,evidence_sufficiency,2066.0,M1,test,S12,clean,4,2,192,0.020833333333333332,176,284,2,2,2
ppg_dalia-S12-e0-correction-c0-M1,0,ppg_dalia,ppg_dalia-S12-e0,evidence_sufficiency,1976.0,M1,test,S12,correction,7,4,178,0.03932584269662921,172,280,3,4,3
ppg_dalia-S12-e0-correction-c1-M1,1,ppg_dalia,ppg_dalia-S12-e0,evidence_sufficiency,2006.0,M1,test,S12,correction,4,2,185,0.021621621621621623,173,282,2,2,2
ppg_dalia-S12-e0-correction-c2-M1,2,ppg_dalia,ppg_dalia-S12-e0,evidence_sufficiency,2066.0,M1,test,S12,correction,4,2,195,0.020512820512820513,175,284,2,2,2
ppg_dalia-S12-e0-delayed-c0-M1,0,ppg_dalia,ppg_dalia-S12-e0,evidence_sufficiency,1976.0,M1,test,S12,delayed,5,3,176,0.028409090909090908,170,276,2,3,2
ppg_dalia-S12-e0-delayed-c1-M1,1,ppg_dalia,ppg_dalia-S12-e0,evidence_sufficiency,2006.0,M1,test,S12,delayed,5,3,179,0.027932960893854747,172,282,2,3,2
ppg_dalia-S12-e0-delayed-c2-M1,2,ppg_dalia,ppg_dalia-S12-e0,evidence_sufficiency,2066.0,M1,test,S12,delayed,7,4,184,0.03804347826086957,176,292,3,4,3
ppg_dalia-S12-e1-channel_fault-c0-M1,0,ppg_dalia,ppg_dalia-S12-e1,evidence_sufficiency,5936.0,M1,test,S12,channel_fault,7,4,178,0.03932584269662921,172,280,3,4,3
ppg_dalia-S12-e1-channel_fault-c1-M1,1,ppg_dalia,ppg_dalia-S12-e1,evidence_sufficiency,5966.0,M1,test,S12,channel_fault,7,4,199,0.035175879396984924,174,284,3,4,3
ppg_dalia-S12-e1-channel_fault-c2-M1,2,ppg_dalia,ppg_dalia-S12-e1,evidence_sufficiency,6026.0,M1,test,S12,channel_fault,7,4,234,0.029914529914529916,177,288,3,4,3
ppg_dalia-S12-e1-clean-c0-M1,0,ppg_dalia,ppg_dalia-S12-e1,evidence_sufficiency,5936.0,M1,test,S12,clean,7,4,178,0.03932584269662921,172,280,3,4,3
ppg_dalia-S12-e1-clean-c1-M1,1,ppg_dalia,ppg_dalia-S12-e1,evidence_sufficiency,5966.0,M1,test,S12,clean,7,4,185,0.03783783783783784,175,286,3,4,3
ppg_dalia-S12-e1-clean-c2-M1,2,ppg_dalia,ppg_dalia-S12-e1,evidence_sufficiency,6026.0,M1,test,S12,clean,7,4,194,0.03608247422680412,178,292,3,4,3
ppg_dalia-S12-e1-correction-c0-M1,0,ppg_dalia,ppg_dalia-S12-e1,evidence_sufficiency,5936.0,M1,test,S12,correction,7,4,178,0.03932584269662921,172,280,3,4,3
ppg_dalia-S12-e1-correction-c1-M1,1,ppg_dalia,ppg_dalia-S12-e1,evidence_sufficiency,5966.0,M1,test,S12,correction,7,4,186,0.03763440860215054,174,286,3,4,3
ppg_dalia-S12-e1-correction-c2-M1,2,ppg_dalia,ppg_dalia-S12-e1,evidence_sufficiency,6026.0,M1,test,S12,correction,7,4,197,0.03553299492385787,177,292,3,4,3
ppg_dalia-S12-e1-delayed-c0-M1,0,ppg_dalia,ppg_dalia-S12-e1,evidence_sufficiency,5936.0,M1,test,S12,delayed,5,3,176,0.028409090909090908,170,276,2,3,2
ppg_dalia-S12-e1-delayed-c1-M1,1,ppg_dalia,ppg_dalia-S12-e1,evidence_sufficiency,5966.0,M1,test,S12,delayed,5,3,179,0.027932960893854747,172,282,2,3,2
ppg_dalia-S12-e1-delayed-c2-M1,2,ppg_dalia,ppg_dalia-S12-e1,evidence_sufficiency,6026.0,M1,test,S12,delayed,7,4,184,0.03804347826086957,176,292,3,4,3
ppg_dalia-S13-e0-channel_fault-c0-M1,0,ppg_dalia,ppg_dalia-S13-e0,revision_impact,2281.0,M1,test,S13,channel_fault,7,4,178,0.03932584269662921,172,280,3,4,3
ppg_dalia-S13-e0-channel_fault-c1-M1,1,ppg_dalia,ppg_dalia-S13-e0,revision_impact,2311.0,M1,test,S13,channel_fault,7,4,196,0.03571428571428571,174,286,3,4,3
ppg_dalia-S13-e0-channel_fault-c2-M1,2,ppg_dalia,ppg_dalia-S13-e0,revision_impact,2371.0,M1,test,S13,channel_fault,7,4,223,0.03139013452914798,177,292,3,4,3
ppg_dalia-S13-e0-clean-c0-M1,0,ppg_dalia,ppg_dalia-S13-e0,revision_impact,2281.0,M1,test,S13,clean,7,4,178,0.03932584269662921,172,280,3,4,3
ppg_dalia-S13-e0-clean-c1-M1,1,ppg_dalia,ppg_dalia-S13-e0,revision_impact,2311.0,M1,test,S13,clean,7,4,185,0.03783783783783784,175,286,3,4,3
ppg_dalia-S13-e0-clean-c2-M1,2,ppg_dalia,ppg_dalia-S13-e0,revision_impact,2371.0,M1,test,S13,clean,7,4,194,0.03608247422680412,178,292,3,4,3
ppg_dalia-S13-e0-correction-c0-M1,0,ppg_dalia,ppg_dalia-S13-e0,revision_impact,2281.0,M1,test,S13,correction,7,4,178,0.03932584269662921,172,280,3,4,3
ppg_dalia-S13-e0-correction-c1-M1,1,ppg_dalia,ppg_dalia-S13-e0,revision_impact,2311.0,M1,test,S13,correction,7,4,186,0.03763440860215054,174,286,3,4,3
ppg_dalia-S13-e0-correction-c2-M1,2,ppg_dalia,ppg_dalia-S13-e0,revision_impact,2371.0,M1,test,S13,correction,7,4,197,0.03553299492385787,177,292,3,4,3
ppg_dalia-S13-e0-delayed-c0-M1,0,ppg_dalia,ppg_dalia-S13-e0,revision_impact,2281.0,M1,test,S13,delayed,5,3,176,0.028409090909090908,170,276,2,3,2
ppg_dalia-S13-e0-delayed-c1-M1,1,ppg_dalia,ppg_dalia-S13-e0,revision_impact,2311.0,M1,test,S13,delayed,5,3,179,0.027932960893854747,172,282,2,3,2
ppg_dalia-S13-e0-delayed-c2-M1,2,ppg_dalia,ppg_dalia-S13-e0,revision_impact,2371.0,M1,test,S13,delayed,7,4,184,0.03804347826086957,176,292,3,4,3
ppg_dalia-S13-e1-channel_fault-c0-M1,0,ppg_dalia,ppg_dalia-S13-e1,evidence_sufficiency,6851.0,M1,test,S13,channel_fault,7,4,178,0.03932584269662921,172,280,3,4,3
ppg_dalia-S13-e1-channel_fault-c1-M1,1,ppg_dalia,ppg_dalia-S13-e1,evidence_sufficiency,6881.0,M1,test,S13,channel_fault,7,4,199,0.035175879396984924,174,284,3,4,3
ppg_dalia-S13-e1-channel_fault-c2-M1,2,ppg_dalia,ppg_dalia-S13-e1,evidence_sufficiency,6941.0,M1,test,S13,channel_fault,7,4,234,0.029914529914529916,177,288,3,4,3
ppg_dalia-S13-e1-clean-c0-M1,0,ppg_dalia,ppg_dalia-S13-e1,evidence_sufficiency,6851.0,M1,test,S13,clean,7,4,178,0.03932584269662921,172,280,3,4,3
ppg_dalia-S13-e1-clean-c1-M1,1,ppg_dalia,ppg_dalia-S13-e1,evidence_sufficiency,6881.0,M1,test,S13,clean,7,4,185,0.03783783783783784,175,286,3,4,3
ppg_dalia-S13-e1-clean-c2-M1,2,ppg_dalia,ppg_dalia-S13-e1,evidence_sufficiency,6941.0,M1,test,S13,clean,7,4,194,0.03608247422680412,178,292,3,4,3
ppg_dalia-S13-e1-correction-c0-M1,0,ppg_dalia,ppg_dalia-S13-e1,evidence_sufficiency,6851.0,M1,test,S13,correction,7,4,178,0.03932584269662921,172,280,3,4,3
ppg_dalia-S13-e1-correction-c1-M1,1,ppg_dalia,ppg_dalia-S13-e1,evidence_sufficiency,6881.0,M1,test,S13,correction,7,4,186,0.03763440860215054,174,286,3,4,3
ppg_dalia-S13-e1-correction-c2-M1,2,ppg_dalia,ppg_dalia-S13-e1,evidence_sufficiency,6941.0,M1,test,S13,correction,7,4,197,0.03553299492385787,177,292,3,4,3
ppg_dalia-S13-e1-delayed-c0-M1,0,ppg_dalia,ppg_dalia-S13-e1,evidence_sufficiency,6851.0,M1,test,S13,delayed,5,3,176,0.028409090909090908,170,276,2,3,2
ppg_dalia-S13-e1-delayed-c1-M1,1,ppg_dalia,ppg_dalia-S13-e1,evidence_sufficiency,6881.0,M1,test,S13,delayed,5,3,179,0.027932960893854747,172,282,2,3,2
ppg_dalia-S13-e1-delayed-c2-M1,2,ppg_dalia,ppg_dalia-S13-e1,evidence_sufficiency,6941.0,M1,test,S13,delayed,7,4,184,0.03804347826086957,176,292,3,4,3
ppg_dalia-S14-e0-channel_fault-c0-M1,0,ppg_dalia,ppg_dalia-S14-e0,conflict_timing,2236.0,M1,test,S14,channel_fault,2,1,175,0.011428571428571429,169,274,1,1,1
ppg_dalia-S14-e0-channel_fault-c1-M1,1,ppg_dalia,ppg_dalia-S14-e0,conflict_timing,2266.0,M1,test,S14,channel_fault,2,1,191,0.010471204188481676,169,274,1,1,1
ppg_dalia-S14-e0-channel_fault-c2-M1,2,ppg_dalia,ppg_dalia-S14-e0,conflict_timing,2326.0,M1,test,S14,channel_fault,2,1,216,0.009259259259259259,170,274,1,1,1
ppg_dalia-S14-e0-clean-c0-M1,0,ppg_dalia,ppg_dalia-S14-e0,conflict_timing,2236.0,M1,test,S14,clean,2,1,175,0.011428571428571429,169,274,1,1,1
ppg_dalia-S14-e0-clean-c1-M1,1,ppg_dalia,ppg_dalia-S14-e0,conflict_timing,2266.0,M1,test,S14,clean,2,1,180,0.011111111111111112,170,274,1,1,1
ppg_dalia-S14-e0-clean-c2-M1,2,ppg_dalia,ppg_dalia-S14-e0,conflict_timing,2326.0,M1,test,S14,clean,2,1,187,0.0106951871657754,171,274,1,1,1
ppg_dalia-S14-e0-correction-c0-M1,0,ppg_dalia,ppg_dalia-S14-e0,conflict_timing,2236.0,M1,test,S14,correction,2,1,175,0.011428571428571429,169,274,1,1,1
ppg_dalia-S14-e0-correction-c1-M1,1,ppg_dalia,ppg_dalia-S14-e0,conflict_timing,2266.0,M1,test,S14,correction,2,1,181,0.011049723756906077,169,274,1,1,1
ppg_dalia-S14-e0-correction-c2-M1,2,ppg_dalia,ppg_dalia-S14-e0,conflict_timing,2326.0,M1,test,S14,correction,2,1,190,0.010526315789473684,170,274,1,1,1
ppg_dalia-S14-e0-delayed-c0-M1,0,ppg_dalia,ppg_dalia-S14-e0,conflict_timing,2236.0,M1,test,S14,delayed,0,0,173,0.0,167,270,0,0,0
ppg_dalia-S14-e0-delayed-c1-M1,1,ppg_dalia,ppg_dalia-S14-e0,conflict_timing,2266.0,M1,test,S14,delayed,0,0,174,0.0,167,270,0,0,0
ppg_dalia-S14-e0-delayed-c2-M1,2,ppg_dalia,ppg_dalia-S14-e0,conflict_timing,2326.0,M1,test,S14,delayed,2,1,177,0.011299435028248588,169,274,1,1,1
ppg_dalia-S14-e1-channel_fault-c0-M1,0,ppg_dalia,ppg_dalia-S14-e1,current_evidence,6716.0,M1,test,S14,channel_fault,4,4,176,0.022727272727272728,170,280,2,2,1
ppg_dalia-S14-e1-channel_fault-c1-M1,1,ppg_dalia,ppg_dalia-S14-e1,current_evidence,6746.0,M1,test,S14,channel_fault,2,1,194,0.010309278350515464,169,274,1,1,1
ppg_dalia-S14-e1-channel_fault-c2-M1,2,ppg_dalia,ppg_dalia-S14-e1,current_evidence,6806.0,M1,test,S14,channel_fault,2,1,221,0.00904977375565611,171,278,1,1,1
ppg_dalia-S14-e1-clean-c0-M1,0,ppg_dalia,ppg_dalia-S14-e1,current_evidence,6716.0,M1,test,S14,clean,2,1,175,0.011428571428571429,169,274,1,1,1
ppg_dalia-S14-e1-clean-c1-M1,1,ppg_dalia,ppg_dalia-S14-e1,current_evidence,6746.0,M1,test,S14,clean,2,1,180,0.011111111111111112,170,274,1,1,1
ppg_dalia-S14-e1-clean-c2-M1,2,ppg_dalia,ppg_dalia-S14-e1,current_evidence,6806.0,M1,test,S14,clean,2,1,187,0.0106951871657754,171,274,1,1,1
ppg_dalia-S14-e1-correction-c0-M1,0,ppg_dalia,ppg_dalia-S14-e1,current_evidence,6716.0,M1,test,S14,correction,4,4,176,0.022727272727272728,170,280,2,2,1
ppg_dalia-S14-e1-correction-c1-M1,1,ppg_dalia,ppg_dalia-S14-e1,current_evidence,6746.0,M1,test,S14,correction,2,1,183,0.01092896174863388,169,274,1,1,1
ppg_dalia-S14-e1-correction-c2-M1,2,ppg_dalia,ppg_dalia-S14-e1,current_evidence,6806.0,M1,test,S14,correction,2,1,193,0.010362694300518135,171,278,1,1,1
ppg_dalia-S14-e1-delayed-c0-M1,0,ppg_dalia,ppg_dalia-S14-e1,current_evidence,6716.0,M1,test,S14,delayed,0,0,173,0.0,167,270,0,0,0
ppg_dalia-S14-e1-delayed-c1-M1,1,ppg_dalia,ppg_dalia-S14-e1,current_evidence,6746.0,M1,test,S14,delayed,0,0,174,0.0,167,270,0,0,0
ppg_dalia-S14-e1-delayed-c2-M1,2,ppg_dalia,ppg_dalia-S14-e1,current_evidence,6806.0,M1,test,S14,delayed,2,1,177,0.011299435028248588,169,274,1,1,1
ppg_dalia-S5-e0-channel_fault-c0-M1,0,ppg_dalia,ppg_dalia-S5-e0,revision_impact,2326.0,M1,test,S5,channel_fault,7,4,178,0.03932584269662921,172,280,3,4,3
ppg_dalia-S5-e0-channel_fault-c1-M1,1,ppg_dalia,ppg_dalia-S5-e0,revision_impact,2356.0,M1,test,S5,channel_fault,7,4,196,0.03571428571428571,174,286,3,4,3
ppg_dalia-S5-e0-channel_fault-c2-M1,2,ppg_dalia,ppg_dalia-S5-e0,revision_impact,2416.0,M1,test,S5,channel_fault,7,4,223,0.03139013452914798,177,292,3,4,3
ppg_dalia-S5-e0-clean-c0-M1,0,ppg_dalia,ppg_dalia-S5-e0,revision_impact,2326.0,M1,test,S5,clean,7,4,178,0.03932584269662921,172,280,3,4,3
ppg_dalia-S5-e0-clean-c1-M1,1,ppg_dalia,ppg_dalia-S5-e0,revision_impact,2356.0,M1,test,S5,clean,7,4,185,0.03783783783783784,175,286,3,4,3
ppg_dalia-S5-e0-clean-c2-M1,2,ppg_dalia,ppg_dalia-S5-e0,revision_impact,2416.0,M1,test,S5,clean,7,4,194,0.03608247422680412,178,292,3,4,3
ppg_dalia-S5-e0-correction-c0-M1,0,ppg_dalia,ppg_dalia-S5-e0,revision_impact,2326.0,M1,test,S5,correction,7,4,178,0.03932584269662921,172,280,3,4,3
ppg_dalia-S5-e0-correction-c1-M1,1,ppg_dalia,ppg_dalia-S5-e0,revision_impact,2356.0,M1,test,S5,correction,7,4,186,0.03763440860215054,174,286,3,4,3
ppg_dalia-S5-e0-correction-c2-M1,2,ppg_dalia,ppg_dalia-S5-e0,revision_impact,2416.0,M1,test,S5,correction,7,4,197,0.03553299492385787,177,292,3,4,3
ppg_dalia-S5-e0-delayed-c0-M1,0,ppg_dalia,ppg_dalia-S5-e0,revision_impact,2326.0,M1,test,S5,delayed,5,3,176,0.028409090909090908,170,276,2,3,2
ppg_dalia-S5-e0-delayed-c1-M1,1,ppg_dalia,ppg_dalia-S5-e0,revision_impact,2356.0,M1,test,S5,delayed,5,3,179,0.027932960893854747,172,282,2,3,2
ppg_dalia-S5-e0-delayed-c2-M1,2,ppg_dalia,ppg_dalia-S5-e0,revision_impact,2416.0,M1,test,S5,delayed,7,4,184,0.03804347826086957,176,292,3,4,3
ppg_dalia-S5-e1-channel_fault-c0-M1,0,ppg_dalia,ppg_dalia-S5-e1,revision_impact,6976.0,M1,test,S5,channel_fault,7,4,178,0.03932584269662921,172,280,3,4,3
ppg_dalia-S5-e1-channel_fault-c1-M1,1,ppg_dalia,ppg_dalia-S5-e1,revision_impact,7006.0,M1,test,S5,channel_fault,7,4,195,0.035897435897435895,175,286,3,4,3
ppg_dalia-S5-e1-channel_fault-c2-M1,2,ppg_dalia,ppg_dalia-S5-e1,revision_impact,7066.0,M1,test,S5,channel_fault,7,4,220,0.031818181818181815,178,292,3,4,3
ppg_dalia-S5-e1-clean-c0-M1,0,ppg_dalia,ppg_dalia-S5-e1,revision_impact,6976.0,M1,test,S5,clean,7,4,178,0.03932584269662921,172,280,3,4,3
ppg_dalia-S5-e1-clean-c1-M1,1,ppg_dalia,ppg_dalia-S5-e1,revision_impact,7006.0,M1,test,S5,clean,7,4,185,0.03783783783783784,175,286,3,4,3
ppg_dalia-S5-e1-clean-c2-M1,2,ppg_dalia,ppg_dalia-S5-e1,revision_impact,7066.0,M1,test,S5,clean,7,4,194,0.03608247422680412,178,292,3,4,3
ppg_dalia-S5-e1-correction-c0-M1,0,ppg_dalia,ppg_dalia-S5-e1,revision_impact,6976.0,M1,test,S5,correction,7,4,178,0.03932584269662921,172,280,3,4,3
ppg_dalia-S5-e1-correction-c1-M1,1,ppg_dalia,ppg_dalia-S5-e1,revision_impact,7006.0,M1,test,S5,correction,7,4,186,0.03763440860215054,174,286,3,4,3
ppg_dalia-S5-e1-correction-c2-M1,2,ppg_dalia,ppg_dalia-S5-e1,revision_impact,7066.0,M1,test,S5,correction,7,4,197,0.03553299492385787,177,292,3,4,3
ppg_dalia-S5-e1-delayed-c0-M1,0,ppg_dalia,ppg_dalia-S5-e1,revision_impact,6976.0,M1,test,S5,delayed,5,3,176,0.028409090909090908,170,276,2,3,2
ppg_dalia-S5-e1-delayed-c1-M1,1,ppg_dalia,ppg_dalia-S5-e1,revision_impact,7006.0,M1,test,S5,delayed,5,3,179,0.027932960893854747,172,282,2,3,2
ppg_dalia-S5-e1-delayed-c2-M1,2,ppg_dalia,ppg_dalia-S5-e1,revision_impact,7066.0,M1,test,S5,delayed,7,4,184,0.03804347826086957,176,292,3,4,3
ppg_dalia-S6-e0-channel_fault-c0-M1,0,ppg_dalia,ppg_dalia-S6-e0,conflict_timing,1311.0,M1,test,S6,channel_fault,2,1,175,0.011428571428571429,169,274,1,1,1
ppg_dalia-S6-e0-channel_fault-c1-M1,1,ppg_dalia,ppg_dalia-S6-e0,conflict_timing,1341.0,M1,test,S6,channel_fault,2,1,191,0.010471204188481676,169,274,1,1,1
ppg_dalia-S6-e0-channel_fault-c2-M1,2,ppg_dalia,ppg_dalia-S6-e0,conflict_timing,1401.0,M1,test,S6,channel_fault,2,1,216,0.009259259259259259,170,274,1,1,1
ppg_dalia-S6-e0-clean-c0-M1,0,ppg_dalia,ppg_dalia-S6-e0,conflict_timing,1311.0,M1,test,S6,clean,2,1,175,0.011428571428571429,169,274,1,1,1
ppg_dalia-S6-e0-clean-c1-M1,1,ppg_dalia,ppg_dalia-S6-e0,conflict_timing,1341.0,M1,test,S6,clean,2,1,180,0.011111111111111112,170,274,1,1,1
ppg_dalia-S6-e0-clean-c2-M1,2,ppg_dalia,ppg_dalia-S6-e0,conflict_timing,1401.0,M1,test,S6,clean,2,1,187,0.0106951871657754,171,274,1,1,1
ppg_dalia-S6-e0-correction-c0-M1,0,ppg_dalia,ppg_dalia-S6-e0,conflict_timing,1311.0,M1,test,S6,correction,2,1,175,0.011428571428571429,169,274,1,1,1
ppg_dalia-S6-e0-correction-c1-M1,1,ppg_dalia,ppg_dalia-S6-e0,conflict_timing,1341.0,M1,test,S6,correction,2,1,181,0.011049723756906077,169,274,1,1,1
ppg_dalia-S6-e0-correction-c2-M1,2,ppg_dalia,ppg_dalia-S6-e0,conflict_timing,1401.0,M1,test,S6,correction,2,1,190,0.010526315789473684,170,274,1,1,1
ppg_dalia-S6-e0-delayed-c0-M1,0,ppg_dalia,ppg_dalia-S6-e0,conflict_timing,1311.0,M1,test,S6,delayed,0,0,173,0.0,167,270,0,0,0
ppg_dalia-S6-e0-delayed-c1-M1,1,ppg_dalia,ppg_dalia-S6-e0,conflict_timing,1341.0,M1,test,S6,delayed,0,0,174,0.0,167,270,0,0,0
ppg_dalia-S6-e0-delayed-c2-M1,2,ppg_dalia,ppg_dalia-S6-e0,conflict_timing,1401.0,M1,test,S6,delayed,2,1,177,0.011299435028248588,169,274,1,1,1
ppg_dalia-S6-e1-channel_fault-c0-M1,0,ppg_dalia,ppg_dalia-S6-e1,evidence_sufficiency,3936.0,M1,test,S6,channel_fault,7,4,178,0.03932584269662921,172,280,3,4,3
ppg_dalia-S6-e1-channel_fault-c1-M1,1,ppg_dalia,ppg_dalia-S6-e1,evidence_sufficiency,3966.0,M1,test,S6,channel_fault,7,4,199,0.035175879396984924,174,284,3,4,3
ppg_dalia-S6-e1-channel_fault-c2-M1,2,ppg_dalia,ppg_dalia-S6-e1,evidence_sufficiency,4026.0,M1,test,S6,channel_fault,7,4,234,0.029914529914529916,177,288,3,4,3
ppg_dalia-S6-e1-clean-c0-M1,0,ppg_dalia,ppg_dalia-S6-e1,evidence_sufficiency,3936.0,M1,test,S6,clean,7,4,178,0.03932584269662921,172,280,3,4,3
ppg_dalia-S6-e1-clean-c1-M1,1,ppg_dalia,ppg_dalia-S6-e1,evidence_sufficiency,3966.0,M1,test,S6,clean,7,4,185,0.03783783783783784,175,286,3,4,3
ppg_dalia-S6-e1-clean-c2-M1,2,ppg_dalia,ppg_dalia-S6-e1,evidence_sufficiency,4026.0,M1,test,S6,clean,7,4,194,0.03608247422680412,178,292,3,4,3
ppg_dalia-S6-e1-correction-c0-M1,0,ppg_dalia,ppg_dalia-S6-e1,evidence_sufficiency,3936.0,M1,test,S6,correction,7,4,178,0.03932584269662921,172,280,3,4,3
ppg_dalia-S6-e1-correction-c1-M1,1,ppg_dalia,ppg_dalia-S6-e1,evidence_sufficiency,3966.0,M1,test,S6,correction,7,4,186,0.03763440860215054,174,286,3,4,3
ppg_dalia-S6-e1-correction-c2-M1,2,ppg_dalia,ppg_dalia-S6-e1,evidence_sufficiency,4026.0,M1,test,S6,correction,7,4,197,0.03553299492385787,177,292,3,4,3
ppg_dalia-S6-e1-delayed-c0-M1,0,ppg_dalia,ppg_dalia-S6-e1,evidence_sufficiency,3936.0,M1,test,S6,delayed,5,3,176,0.028409090909090908,170,276,2,3,2
ppg_dalia-S6-e1-delayed-c1-M1,1,ppg_dalia,ppg_dalia-S6-e1,evidence_sufficiency,3966.0,M1,test,S6,delayed,5,3,179,0.027932960893854747,172,282,2,3,2
ppg_dalia-S6-e1-delayed-c2-M1,2,ppg_dalia,ppg_dalia-S6-e1,evidence_sufficiency,4026.0,M1,test,S6,delayed,7,4,184,0.03804347826086957,176,292,3,4,3
ppg_dalia-S7-e0-channel_fault-c0-M1,0,ppg_dalia,ppg_dalia-S7-e0,evidence_sufficiency,2336.0,M1,test,S7,channel_fault,4,2,176,0.022727272727272728,170,276,2,2,2
ppg_dalia-S7-e0-channel_fault-c1-M1,1,ppg_dalia,ppg_dalia-S7-e0,evidence_sufficiency,2366.0,M1,test,S7,channel_fault,4,2,196,0.02040816326530612,170,276,2,2,2
ppg_dalia-S7-e0-channel_fault-c2-M1,2,ppg_dalia,ppg_dalia-S7-e0,evidence_sufficiency,2426.0,M1,test,S7,channel_fault,4,2,228,0.017543859649122806,172,276,2,2,2
ppg_dalia-S7-e0-clean-c0-M1,0,ppg_dalia,ppg_dalia-S7-e0,evidence_sufficiency,2336.0,M1,test,S7,clean,4,2,176,0.022727272727272728,170,276,2,2,2
ppg_dalia-S7-e0-clean-c1-M1,1,ppg_dalia,ppg_dalia-S7-e0,evidence_sufficiency,2366.0,M1,test,S7,clean,4,2,182,0.02197802197802198,172,278,2,2,2
ppg_dalia-S7-e0-clean-c2-M1,2,ppg_dalia,ppg_dalia-S7-e0,evidence_sufficiency,2426.0,M1,test,S7,clean,4,2,190,0.021052631578947368,174,280,2,2,2
ppg_dalia-S7-e0-correction-c0-M1,0,ppg_dalia,ppg_dalia-S7-e0,evidence_sufficiency,2336.0,M1,test,S7,correction,4,2,176,0.022727272727272728,170,276,2,2,2
ppg_dalia-S7-e0-correction-c1-M1,1,ppg_dalia,ppg_dalia-S7-e0,evidence_sufficiency,2366.0,M1,test,S7,correction,4,2,183,0.02185792349726776,171,278,2,2,2
ppg_dalia-S7-e0-correction-c2-M1,2,ppg_dalia,ppg_dalia-S7-e0,evidence_sufficiency,2426.0,M1,test,S7,correction,4,2,193,0.02072538860103627,173,280,2,2,2
ppg_dalia-S7-e0-delayed-c0-M1,0,ppg_dalia,ppg_dalia-S7-e0,evidence_sufficiency,2336.0,M1,test,S7,delayed,2,1,174,0.011494252873563218,168,272,1,1,1
ppg_dalia-S7-e0-delayed-c1-M1,1,ppg_dalia,ppg_dalia-S7-e0,evidence_sufficiency,2366.0,M1,test,S7,delayed,2,1,176,0.011363636363636364,169,274,1,1,1
ppg_dalia-S7-e0-delayed-c2-M1,2,ppg_dalia,ppg_dalia-S7-e0,evidence_sufficiency,2426.0,M1,test,S7,delayed,4,2,180,0.022222222222222223,172,280,2,2,2
ppg_dalia-S7-e1-channel_fault-c0-M1,0,ppg_dalia,ppg_dalia-S7-e1,conflict_timing,7006.0,M1,test,S7,channel_fault,2,1,175,0.011428571428571429,169,274,1,1,1
ppg_dalia-S7-e1-channel_fault-c1-M1,1,ppg_dalia,ppg_dalia-S7-e1,conflict_timing,7036.0,M1,test,S7,channel_fault,2,1,191,0.010471204188481676,169,274,1,1,1
ppg_dalia-S7-e1-channel_fault-c2-M1,2,ppg_dalia,ppg_dalia-S7-e1,conflict_timing,7096.0,M1,test,S7,channel_fault,2,1,216,0.009259259259259259,170,274,1,1,1
ppg_dalia-S7-e1-clean-c0-M1,0,ppg_dalia,ppg_dalia-S7-e1,conflict_timing,7006.0,M1,test,S7,clean,2,1,175,0.011428571428571429,169,274,1,1,1
ppg_dalia-S7-e1-clean-c1-M1,1,ppg_dalia,ppg_dalia-S7-e1,conflict_timing,7036.0,M1,test,S7,clean,2,1,180,0.011111111111111112,170,274,1,1,1
ppg_dalia-S7-e1-clean-c2-M1,2,ppg_dalia,ppg_dalia-S7-e1,conflict_timing,7096.0,M1,test,S7,clean,2,1,187,0.0106951871657754,171,274,1,1,1
ppg_dalia-S7-e1-correction-c0-M1,0,ppg_dalia,ppg_dalia-S7-e1,conflict_timing,7006.0,M1,test,S7,correction,2,1,175,0.011428571428571429,169,274,1,1,1
ppg_dalia-S7-e1-correction-c1-M1,1,ppg_dalia,ppg_dalia-S7-e1,conflict_timing,7036.0,M1,test,S7,correction,2,1,181,0.011049723756906077,169,274,1,1,1
ppg_dalia-S7-e1-correction-c2-M1,2,ppg_dalia,ppg_dalia-S7-e1,conflict_timing,7096.0,M1,test,S7,correction,2,1,190,0.010526315789473684,170,274,1,1,1
ppg_dalia-S7-e1-delayed-c0-M1,0,ppg_dalia,ppg_dalia-S7-e1,conflict_timing,7006.0,M1,test,S7,delayed,0,0,173,0.0,167,270,0,0,0
ppg_dalia-S7-e1-delayed-c1-M1,1,ppg_dalia,ppg_dalia-S7-e1,conflict_timing,7036.0,M1,test,S7,delayed,0,0,174,0.0,167,270,0,0,0
ppg_dalia-S7-e1-delayed-c2-M1,2,ppg_dalia,ppg_dalia-S7-e1,conflict_timing,7096.0,M1,test,S7,delayed,2,1,177,0.011299435028248588,169,274,1,1,1
ppg_dalia-S9-e0-channel_fault-c0-M1,0,ppg_dalia,ppg_dalia-S9-e0,revision_impact,2141.0,M1,test,S9,channel_fault,7,4,178,0.03932584269662921,172,280,3,4,3
ppg_dalia-S9-e0-channel_fault-c1-M1,1,ppg_dalia,ppg_dalia-S9-e0,revision_impact,2171.0,M1,test,S9,channel_fault,7,4,196,0.03571428571428571,174,286,3,4,3
ppg_dalia-S9-e0-channel_fault-c2-M1,2,ppg_dalia,ppg_dalia-S9-e0,revision_impact,2231.0,M1,test,S9,channel_fault,7,4,223,0.03139013452914798,177,292,3,4,3
ppg_dalia-S9-e0-clean-c0-M1,0,ppg_dalia,ppg_dalia-S9-e0,revision_impact,2141.0,M1,test,S9,clean,7,4,178,0.03932584269662921,172,280,3,4,3
ppg_dalia-S9-e0-clean-c1-M1,1,ppg_dalia,ppg_dalia-S9-e0,revision_impact,2171.0,M1,test,S9,clean,7,4,185,0.03783783783783784,175,286,3,4,3
ppg_dalia-S9-e0-clean-c2-M1,2,ppg_dalia,ppg_dalia-S9-e0,revision_impact,2231.0,M1,test,S9,clean,7,4,194,0.03608247422680412,178,292,3,4,3
ppg_dalia-S9-e0-correction-c0-M1,0,ppg_dalia,ppg_dalia-S9-e0,revision_impact,2141.0,M1,test,S9,correction,7,4,178,0.03932584269662921,172,280,3,4,3
ppg_dalia-S9-e0-correction-c1-M1,1,ppg_dalia,ppg_dalia-S9-e0,revision_impact,2171.0,M1,test,S9,correction,7,4,186,0.03763440860215054,174,286,3,4,3
ppg_dalia-S9-e0-correction-c2-M1,2,ppg_dalia,ppg_dalia-S9-e0,revision_impact,2231.0,M1,test,S9,correction,7,4,197,0.03553299492385787,177,292,3,4,3
ppg_dalia-S9-e0-delayed-c0-M1,0,ppg_dalia,ppg_dalia-S9-e0,revision_impact,2141.0,M1,test,S9,delayed,5,3,176,0.028409090909090908,170,276,2,3,2
ppg_dalia-S9-e0-delayed-c1-M1,1,ppg_dalia,ppg_dalia-S9-e0,revision_impact,2171.0,M1,test,S9,delayed,5,3,179,0.027932960893854747,172,282,2,3,2
ppg_dalia-S9-e0-delayed-c2-M1,2,ppg_dalia,ppg_dalia-S9-e0,revision_impact,2231.0,M1,test,S9,delayed,7,4,184,0.03804347826086957,176,292,3,4,3
ppg_dalia-S9-e1-channel_fault-c0-M1,0,ppg_dalia,ppg_dalia-S9-e1,current_evidence,6421.0,M1,test,S9,channel_fault,2,1,175,0.011428571428571429,169,274,1,1,1
ppg_dalia-S9-e1-channel_fault-c1-M1,1,ppg_dalia,ppg_dalia-S9-e1,current_evidence,6451.0,M1,test,S9,channel_fault,2,1,191,0.010471204188481676,169,274,1,1,1
ppg_dalia-S9-e1-channel_fault-c2-M1,2,ppg_dalia,ppg_dalia-S9-e1,current_evidence,6511.0,M1,test,S9,channel_fault,2,1,216,0.009259259259259259,170,274,1,1,1
ppg_dalia-S9-e1-clean-c0-M1,0,ppg_dalia,ppg_dalia-S9-e1,current_evidence,6421.0,M1,test,S9,clean,2,1,175,0.011428571428571429,169,274,1,1,1
ppg_dalia-S9-e1-clean-c1-M1,1,ppg_dalia,ppg_dalia-S9-e1,current_evidence,6451.0,M1,test,S9,clean,2,1,180,0.011111111111111112,170,274,1,1,1
ppg_dalia-S9-e1-clean-c2-M1,2,ppg_dalia,ppg_dalia-S9-e1,current_evidence,6511.0,M1,test,S9,clean,2,1,187,0.0106951871657754,171,274,1,1,1
ppg_dalia-S9-e1-correction-c0-M1,0,ppg_dalia,ppg_dalia-S9-e1,current_evidence,6421.0,M1,test,S9,correction,2,1,175,0.011428571428571429,169,274,1,1,1
ppg_dalia-S9-e1-correction-c1-M1,1,ppg_dalia,ppg_dalia-S9-e1,current_evidence,6451.0,M1,test,S9,correction,2,1,181,0.011049723756906077,169,274,1,1,1
ppg_dalia-S9-e1-correction-c2-M1,2,ppg_dalia,ppg_dalia-S9-e1,current_evidence,6511.0,M1,test,S9,correction,2,1,190,0.010526315789473684,170,274,1,1,1
ppg_dalia-S9-e1-delayed-c0-M1,0,ppg_dalia,ppg_dalia-S9-e1,current_evidence,6421.0,M1,test,S9,delayed,0,0,173,0.0,167,270,0,0,0
ppg_dalia-S9-e1-delayed-c1-M1,1,ppg_dalia,ppg_dalia-S9-e1,current_evidence,6451.0,M1,test,S9,delayed,0,0,174,0.0,167,270,0,0,0
ppg_dalia-S9-e1-delayed-c2-M1,2,ppg_dalia,ppg_dalia-S9-e1,current_evidence,6511.0,M1,test,S9,delayed,2,1,177,0.011299435028248588,169,274,1,1,1
synthetic-V1001-e0-channel_fault-c0-M1,0,synthetic,synthetic-V1001-e0,conflict_timing,451.0,M1,test,V1001,channel_fault,2,1,175,0.011428571428571429,169,274,1,1,1
synthetic-V1001-e0-channel_fault-c1-M1,1,synthetic,synthetic-V1001-e0,conflict_timing,481.0,M1,test,V1001,channel_fault,2,1,190,0.010526315789473684,170,274,1,1,1
synthetic-V1001-e0-channel_fault-c2-M1,2,synthetic,synthetic-V1001-e0,conflict_timing,541.0,M1,test,V1001,channel_fault,2,1,213,0.009389671361502348,171,274,1,1,1
synthetic-V1001-e0-clean-c0-M1,0,synthetic,synthetic-V1001-e0,conflict_timing,451.0,M1,test,V1001,clean,2,1,175,0.011428571428571429,169,274,1,1,1
synthetic-V1001-e0-clean-c1-M1,1,synthetic,synthetic-V1001-e0,conflict_timing,481.0,M1,test,V1001,clean,2,1,180,0.011111111111111112,170,274,1,1,1
synthetic-V1001-e0-clean-c2-M1,2,synthetic,synthetic-V1001-e0,conflict_timing,541.0,M1,test,V1001,clean,2,1,187,0.0106951871657754,171,274,1,1,1
synthetic-V1001-e0-correction-c0-M1,0,synthetic,synthetic-V1001-e0,conflict_timing,451.0,M1,test,V1001,correction,2,1,175,0.011428571428571429,169,274,1,1,1
synthetic-V1001-e0-correction-c1-M1,1,synthetic,synthetic-V1001-e0,conflict_timing,481.0,M1,test,V1001,correction,2,1,181,0.011049723756906077,169,274,1,1,1
synthetic-V1001-e0-correction-c2-M1,2,synthetic,synthetic-V1001-e0,conflict_timing,541.0,M1,test,V1001,correction,2,1,190,0.010526315789473684,170,274,1,1,1
synthetic-V1001-e0-delayed-c0-M1,0,synthetic,synthetic-V1001-e0,conflict_timing,451.0,M1,test,V1001,delayed,0,0,173,0.0,167,270,0,0,0
synthetic-V1001-e0-delayed-c1-M1,1,synthetic,synthetic-V1001-e0,conflict_timing,481.0,M1,test,V1001,delayed,0,0,174,0.0,167,270,0,0,0
synthetic-V1001-e0-delayed-c2-M1,2,synthetic,synthetic-V1001-e0,conflict_timing,541.0,M1,test,V1001,delayed,2,1,177,0.011299435028248588,169,274,1,1,1
synthetic-V1001-e1-channel_fault-c0-M1,0,synthetic,synthetic-V1001-e1,current_evidence,1351.0,M1,test,V1001,channel_fault,2,1,175,0.011428571428571429,169,274,1,1,1
synthetic-V1001-e1-channel_fault-c1-M1,1,synthetic,synthetic-V1001-e1,current_evidence,1381.0,M1,test,V1001,channel_fault,4,4,192,0.020833333333333332,170,280,2,2,1
synthetic-V1001-e1-channel_fault-c2-M1,2,synthetic,synthetic-V1001-e1,current_evidence,1441.0,M1,test,V1001,channel_fault,2,1,219,0.0091324200913242,170,274,1,1,1
synthetic-V1001-e1-clean-c0-M1,0,synthetic,synthetic-V1001-e1,current_evidence,1351.0,M1,test,V1001,clean,2,1,175,0.011428571428571429,169,274,1,1,1
synthetic-V1001-e1-clean-c1-M1,1,synthetic,synthetic-V1001-e1,current_evidence,1381.0,M1,test,V1001,clean,2,1,180,0.011111111111111112,170,274,1,1,1
synthetic-V1001-e1-clean-c2-M1,2,synthetic,synthetic-V1001-e1,current_evidence,1441.0,M1,test,V1001,clean,2,1,187,0.0106951871657754,171,274,1,1,1
synthetic-V1001-e1-correction-c0-M1,0,synthetic,synthetic-V1001-e1,current_evidence,1351.0,M1,test,V1001,correction,2,1,175,0.011428571428571429,169,274,1,1,1
synthetic-V1001-e1-correction-c1-M1,1,synthetic,synthetic-V1001-e1,current_evidence,1381.0,M1,test,V1001,correction,2,1,181,0.011049723756906077,169,274,1,1,1
synthetic-V1001-e1-correction-c2-M1,2,synthetic,synthetic-V1001-e1,current_evidence,1441.0,M1,test,V1001,correction,2,1,190,0.010526315789473684,170,274,1,1,1
synthetic-V1001-e1-delayed-c0-M1,0,synthetic,synthetic-V1001-e1,current_evidence,1351.0,M1,test,V1001,delayed,0,0,173,0.0,167,270,0,0,0
synthetic-V1001-e1-delayed-c1-M1,1,synthetic,synthetic-V1001-e1,current_evidence,1381.0,M1,test,V1001,delayed,0,0,174,0.0,167,270,0,0,0
synthetic-V1001-e1-delayed-c2-M1,2,synthetic,synthetic-V1001-e1,current_evidence,1441.0,M1,test,V1001,delayed,2,1,177,0.011299435028248588,169,274,1,1,1
synthetic-V1002-e0-channel_fault-c0-M1,0,synthetic,synthetic-V1002-e0,revision_impact,451.0,M1,test,V1002,channel_fault,4,2,176,0.022727272727272728,170,276,2,2,2
synthetic-V1002-e0-channel_fault-c1-M1,1,synthetic,synthetic-V1002-e0,revision_impact,481.0,M1,test,V1002,channel_fault,4,2,193,0.02072538860103627,171,278,2,2,2
synthetic-V1002-e0-channel_fault-c2-M1,2,synthetic,synthetic-V1002-e0,revision_impact,541.0,M1,test,V1002,channel_fault,4,2,219,0.0182648401826484,173,280,2,2,2
synthetic-V1002-e0-clean-c0-M1,0,synthetic,synthetic-V1002-e0,revision_impact,451.0,M1,test,V1002,clean,4,2,176,0.022727272727272728,170,276,2,2,2
synthetic-V1002-e0-clean-c1-M1,1,synthetic,synthetic-V1002-e0,revision_impact,481.0,M1,test,V1002,clean,4,2,182,0.02197802197802198,172,278,2,2,2
synthetic-V1002-e0-clean-c2-M1,2,synthetic,synthetic-V1002-e0,revision_impact,541.0,M1,test,V1002,clean,4,2,190,0.021052631578947368,174,280,2,2,2
synthetic-V1002-e0-correction-c0-M1,0,synthetic,synthetic-V1002-e0,revision_impact,451.0,M1,test,V1002,correction,4,2,176,0.022727272727272728,170,276,2,2,2
synthetic-V1002-e0-correction-c1-M1,1,synthetic,synthetic-V1002-e0,revision_impact,481.0,M1,test,V1002,correction,4,2,183,0.02185792349726776,171,278,2,2,2
synthetic-V1002-e0-correction-c2-M1,2,synthetic,synthetic-V1002-e0,revision_impact,541.0,M1,test,V1002,correction,4,2,193,0.02072538860103627,173,280,2,2,2
synthetic-V1002-e0-delayed-c0-M1,0,synthetic,synthetic-V1002-e0,revision_impact,451.0,M1,test,V1002,delayed,2,1,174,0.011494252873563218,168,272,1,1,1
synthetic-V1002-e0-delayed-c1-M1,1,synthetic,synthetic-V1002-e0,revision_impact,481.0,M1,test,V1002,delayed,2,1,176,0.011363636363636364,169,274,1,1,1
synthetic-V1002-e0-delayed-c2-M1,2,synthetic,synthetic-V1002-e0,revision_impact,541.0,M1,test,V1002,delayed,4,2,180,0.022222222222222223,172,280,2,2,2
synthetic-V1002-e1-channel_fault-c0-M1,0,synthetic,synthetic-V1002-e1,evidence_sufficiency,1351.0,M1,test,V1002,channel_fault,4,2,176,0.022727272727272728,170,276,2,2,2
synthetic-V1002-e1-channel_fault-c1-M1,1,synthetic,synthetic-V1002-e1,evidence_sufficiency,1381.0,M1,test,V1002,channel_fault,4,2,196,0.02040816326530612,171,276,2,2,2
synthetic-V1002-e1-channel_fault-c2-M1,2,synthetic,synthetic-V1002-e1,evidence_sufficiency,1441.0,M1,test,V1002,channel_fault,4,2,230,0.017391304347826087,173,276,2,2,2
synthetic-V1002-e1-clean-c0-M1,0,synthetic,synthetic-V1002-e1,evidence_sufficiency,1351.0,M1,test,V1002,clean,4,2,176,0.022727272727272728,170,276,2,2,2
synthetic-V1002-e1-clean-c1-M1,1,synthetic,synthetic-V1002-e1,evidence_sufficiency,1381.0,M1,test,V1002,clean,4,2,182,0.02197802197802198,172,278,2,2,2
synthetic-V1002-e1-clean-c2-M1,2,synthetic,synthetic-V1002-e1,evidence_sufficiency,1441.0,M1,test,V1002,clean,4,2,190,0.021052631578947368,174,280,2,2,2
synthetic-V1002-e1-correction-c0-M1,0,synthetic,synthetic-V1002-e1,evidence_sufficiency,1351.0,M1,test,V1002,correction,4,2,176,0.022727272727272728,170,276,2,2,2
synthetic-V1002-e1-correction-c1-M1,1,synthetic,synthetic-V1002-e1,evidence_sufficiency,1381.0,M1,test,V1002,correction,4,2,183,0.02185792349726776,171,278,2,2,2
synthetic-V1002-e1-correction-c2-M1,2,synthetic,synthetic-V1002-e1,evidence_sufficiency,1441.0,M1,test,V1002,correction,4,2,193,0.02072538860103627,173,280,2,2,2
synthetic-V1002-e1-delayed-c0-M1,0,synthetic,synthetic-V1002-e1,evidence_sufficiency,1351.0,M1,test,V1002,delayed,2,1,174,0.011494252873563218,168,272,1,1,1
synthetic-V1002-e1-delayed-c1-M1,1,synthetic,synthetic-V1002-e1,evidence_sufficiency,1381.0,M1,test,V1002,delayed,2,1,176,0.011363636363636364,169,274,1,1,1
synthetic-V1002-e1-delayed-c2-M1,2,synthetic,synthetic-V1002-e1,evidence_sufficiency,1441.0,M1,test,V1002,delayed,4,2,180,0.022222222222222223,172,280,2,2,2
synthetic-V1003-e0-channel_fault-c0-M1,0,synthetic,synthetic-V1003-e0,current_evidence,451.0,M1,test,V1003,channel_fault,4,4,176,0.022727272727272728,170,280,2,2,1
synthetic-V1003-e0-channel_fault-c1-M1,1,synthetic,synthetic-V1003-e0,current_evidence,481.0,M1,test,V1003,channel_fault,2,1,194,0.010309278350515464,169,274,1,1,1
synthetic-V1003-e0-channel_fault-c2-M1,2,synthetic,synthetic-V1003-e0,current_evidence,541.0,M1,test,V1003,channel_fault,2,1,221,0.00904977375565611,171,278,1,1,1
synthetic-V1003-e0-clean-c0-M1,0,synthetic,synthetic-V1003-e0,current_evidence,451.0,M1,test,V1003,clean,4,4,176,0.022727272727272728,170,280,2,2,1
synthetic-V1003-e0-clean-c1-M1,1,synthetic,synthetic-V1003-e0,current_evidence,481.0,M1,test,V1003,clean,2,1,182,0.01098901098901099,171,278,1,1,1
synthetic-V1003-e0-clean-c2-M1,2,synthetic,synthetic-V1003-e0,current_evidence,541.0,M1,test,V1003,clean,2,1,190,0.010526315789473684,172,278,1,1,1
synthetic-V1003-e0-correction-c0-M1,0,synthetic,synthetic-V1003-e0,current_evidence,451.0,M1,test,V1003,correction,4,4,176,0.022727272727272728,170,280,2,2,1
synthetic-V1003-e0-correction-c1-M1,1,synthetic,synthetic-V1003-e0,current_evidence,481.0,M1,test,V1003,correction,2,1,183,0.01092896174863388,169,274,1,1,1
synthetic-V1003-e0-correction-c2-M1,2,synthetic,synthetic-V1003-e0,current_evidence,541.0,M1,test,V1003,correction,2,1,193,0.010362694300518135,171,278,1,1,1
synthetic-V1003-e0-delayed-c0-M1,0,synthetic,synthetic-V1003-e0,current_evidence,451.0,M1,test,V1003,delayed,0,0,173,0.0,167,270,0,0,0
synthetic-V1003-e0-delayed-c1-M1,1,synthetic,synthetic-V1003-e0,current_evidence,481.0,M1,test,V1003,delayed,0,0,174,0.0,167,270,0,0,0
synthetic-V1003-e0-delayed-c2-M1,2,synthetic,synthetic-V1003-e0,current_evidence,541.0,M1,test,V1003,delayed,4,4,178,0.02247191011235955,170,280,2,2,1
synthetic-V1003-e1-channel_fault-c0-M1,0,synthetic,synthetic-V1003-e1,evidence_sufficiency,1351.0,M1,test,V1003,channel_fault,4,2,176,0.022727272727272728,170,276,2,2,2
synthetic-V1003-e1-channel_fault-c1-M1,1,synthetic,synthetic-V1003-e1,evidence_sufficiency,1381.0,M1,test,V1003,channel_fault,4,2,196,0.02040816326530612,171,276,2,2,2
synthetic-V1003-e1-channel_fault-c2-M1,2,synthetic,synthetic-V1003-e1,evidence_sufficiency,1441.0,M1,test,V1003,channel_fault,4,2,230,0.017391304347826087,173,276,2,2,2
synthetic-V1003-e1-clean-c0-M1,0,synthetic,synthetic-V1003-e1,evidence_sufficiency,1351.0,M1,test,V1003,clean,4,2,176,0.022727272727272728,170,276,2,2,2
synthetic-V1003-e1-clean-c1-M1,1,synthetic,synthetic-V1003-e1,evidence_sufficiency,1381.0,M1,test,V1003,clean,4,2,182,0.02197802197802198,172,278,2,2,2
synthetic-V1003-e1-clean-c2-M1,2,synthetic,synthetic-V1003-e1,evidence_sufficiency,1441.0,M1,test,V1003,clean,4,2,190,0.021052631578947368,174,280,2,2,2
synthetic-V1003-e1-correction-c0-M1,0,synthetic,synthetic-V1003-e1,evidence_sufficiency,1351.0,M1,test,V1003,correction,4,2,176,0.022727272727272728,170,276,2,2,2
synthetic-V1003-e1-correction-c1-M1,1,synthetic,synthetic-V1003-e1,evidence_sufficiency,1381.0,M1,test,V1003,correction,4,2,183,0.02185792349726776,171,278,2,2,2
synthetic-V1003-e1-correction-c2-M1,2,synthetic,synthetic-V1003-e1,evidence_sufficiency,1441.0,M1,test,V1003,correction,4,2,193,0.02072538860103627,173,280,2,2,2
synthetic-V1003-e1-delayed-c0-M1,0,synthetic,synthetic-V1003-e1,evidence_sufficiency,1351.0,M1,test,V1003,delayed,2,1,174,0.011494252873563218,168,272,1,1,1
synthetic-V1003-e1-delayed-c1-M1,1,synthetic,synthetic-V1003-e1,evidence_sufficiency,1381.0,M1,test,V1003,delayed,2,1,176,0.011363636363636364,169,274,1,1,1
synthetic-V1003-e1-delayed-c2-M1,2,synthetic,synthetic-V1003-e1,evidence_sufficiency,1441.0,M1,test,V1003,delayed,4,2,180,0.022222222222222223,172,280,2,2,2
synthetic-V1004-e0-channel_fault-c0-M1,0,synthetic,synthetic-V1004-e0,revision_impact,451.0,M1,test,V1004,channel_fault,4,2,176,0.022727272727272728,170,276,2,2,2
synthetic-V1004-e0-channel_fault-c1-M1,1,synthetic,synthetic-V1004-e0,revision_impact,481.0,M1,test,V1004,channel_fault,4,2,193,0.02072538860103627,171,278,2,2,2
synthetic-V1004-e0-channel_fault-c2-M1,2,synthetic,synthetic-V1004-e0,revision_impact,541.0,M1,test,V1004,channel_fault,4,2,219,0.0182648401826484,173,280,2,2,2
synthetic-V1004-e0-clean-c0-M1,0,synthetic,synthetic-V1004-e0,revision_impact,451.0,M1,test,V1004,clean,4,2,176,0.022727272727272728,170,276,2,2,2
synthetic-V1004-e0-clean-c1-M1,1,synthetic,synthetic-V1004-e0,revision_impact,481.0,M1,test,V1004,clean,4,2,182,0.02197802197802198,172,278,2,2,2
synthetic-V1004-e0-clean-c2-M1,2,synthetic,synthetic-V1004-e0,revision_impact,541.0,M1,test,V1004,clean,4,2,190,0.021052631578947368,174,280,2,2,2
synthetic-V1004-e0-correction-c0-M1,0,synthetic,synthetic-V1004-e0,revision_impact,451.0,M1,test,V1004,correction,4,2,176,0.022727272727272728,170,276,2,2,2
synthetic-V1004-e0-correction-c1-M1,1,synthetic,synthetic-V1004-e0,revision_impact,481.0,M1,test,V1004,correction,4,2,183,0.02185792349726776,171,278,2,2,2
synthetic-V1004-e0-correction-c2-M1,2,synthetic,synthetic-V1004-e0,revision_impact,541.0,M1,test,V1004,correction,4,2,193,0.02072538860103627,173,280,2,2,2
synthetic-V1004-e0-delayed-c0-M1,0,synthetic,synthetic-V1004-e0,revision_impact,451.0,M1,test,V1004,delayed,2,1,174,0.011494252873563218,168,272,1,1,1
synthetic-V1004-e0-delayed-c1-M1,1,synthetic,synthetic-V1004-e0,revision_impact,481.0,M1,test,V1004,delayed,2,1,176,0.011363636363636364,169,274,1,1,1
synthetic-V1004-e0-delayed-c2-M1,2,synthetic,synthetic-V1004-e0,revision_impact,541.0,M1,test,V1004,delayed,4,2,180,0.022222222222222223,172,280,2,2,2
synthetic-V1004-e1-channel_fault-c0-M1,0,synthetic,synthetic-V1004-e1,evidence_sufficiency,1351.0,M1,test,V1004,channel_fault,4,2,176,0.022727272727272728,170,276,2,2,2
synthetic-V1004-e1-channel_fault-c1-M1,1,synthetic,synthetic-V1004-e1,evidence_sufficiency,1381.0,M1,test,V1004,channel_fault,4,2,196,0.02040816326530612,171,276,2,2,2
synthetic-V1004-e1-channel_fault-c2-M1,2,synthetic,synthetic-V1004-e1,evidence_sufficiency,1441.0,M1,test,V1004,channel_fault,4,2,230,0.017391304347826087,173,276,2,2,2
synthetic-V1004-e1-clean-c0-M1,0,synthetic,synthetic-V1004-e1,evidence_sufficiency,1351.0,M1,test,V1004,clean,4,2,176,0.022727272727272728,170,276,2,2,2
synthetic-V1004-e1-clean-c1-M1,1,synthetic,synthetic-V1004-e1,evidence_sufficiency,1381.0,M1,test,V1004,clean,4,2,182,0.02197802197802198,172,278,2,2,2
synthetic-V1004-e1-clean-c2-M1,2,synthetic,synthetic-V1004-e1,evidence_sufficiency,1441.0,M1,test,V1004,clean,4,2,190,0.021052631578947368,174,280,2,2,2
synthetic-V1004-e1-correction-c0-M1,0,synthetic,synthetic-V1004-e1,evidence_sufficiency,1351.0,M1,test,V1004,correction,4,2,176,0.022727272727272728,170,276,2,2,2
synthetic-V1004-e1-correction-c1-M1,1,synthetic,synthetic-V1004-e1,evidence_sufficiency,1381.0,M1,test,V1004,correction,4,2,183,0.02185792349726776,171,278,2,2,2
synthetic-V1004-e1-correction-c2-M1,2,synthetic,synthetic-V1004-e1,evidence_sufficiency,1441.0,M1,test,V1004,correction,4,2,193,0.02072538860103627,173,280,2,2,2
synthetic-V1004-e1-delayed-c0-M1,0,synthetic,synthetic-V1004-e1,evidence_sufficiency,1351.0,M1,test,V1004,delayed,2,1,174,0.011494252873563218,168,272,1,1,1
synthetic-V1004-e1-delayed-c1-M1,1,synthetic,synthetic-V1004-e1,evidence_sufficiency,1381.0,M1,test,V1004,delayed,2,1,176,0.011363636363636364,169,274,1,1,1
synthetic-V1004-e1-delayed-c2-M1,2,synthetic,synthetic-V1004-e1,evidence_sufficiency,1441.0,M1,test,V1004,delayed,4,2,180,0.022222222222222223,172,280,2,2,2
synthetic-V1005-e0-channel_fault-c0-M1,0,synthetic,synthetic-V1005-e0,current_evidence,451.0,M1,test,V1005,channel_fault,4,4,176,0.022727272727272728,170,280,2,2,1
synthetic-V1005-e0-channel_fault-c1-M1,1,synthetic,synthetic-V1005-e0,current_evidence,481.0,M1,test,V1005,channel_fault,2,1,194,0.010309278350515464,169,274,1,1,1
synthetic-V1005-e0-channel_fault-c2-M1,2,synthetic,synthetic-V1005-e0,current_evidence,541.0,M1,test,V1005,channel_fault,2,1,221,0.00904977375565611,171,278,1,1,1
synthetic-V1005-e0-clean-c0-M1,0,synthetic,synthetic-V1005-e0,current_evidence,451.0,M1,test,V1005,clean,4,4,176,0.022727272727272728,170,280,2,2,1
synthetic-V1005-e0-clean-c1-M1,1,synthetic,synthetic-V1005-e0,current_evidence,481.0,M1,test,V1005,clean,2,1,182,0.01098901098901099,171,278,1,1,1
synthetic-V1005-e0-clean-c2-M1,2,synthetic,synthetic-V1005-e0,current_evidence,541.0,M1,test,V1005,clean,2,1,190,0.010526315789473684,172,278,1,1,1
synthetic-V1005-e0-correction-c0-M1,0,synthetic,synthetic-V1005-e0,current_evidence,451.0,M1,test,V1005,correction,4,4,176,0.022727272727272728,170,280,2,2,1
synthetic-V1005-e0-correction-c1-M1,1,synthetic,synthetic-V1005-e0,current_evidence,481.0,M1,test,V1005,correction,2,1,183,0.01092896174863388,169,274,1,1,1
synthetic-V1005-e0-correction-c2-M1,2,synthetic,synthetic-V1005-e0,current_evidence,541.0,M1,test,V1005,correction,2,1,193,0.010362694300518135,171,278,1,1,1
synthetic-V1005-e0-delayed-c0-M1,0,synthetic,synthetic-V1005-e0,current_evidence,451.0,M1,test,V1005,delayed,0,0,173,0.0,167,270,0,0,0
synthetic-V1005-e0-delayed-c1-M1,1,synthetic,synthetic-V1005-e0,current_evidence,481.0,M1,test,V1005,delayed,0,0,174,0.0,167,270,0,0,0
synthetic-V1005-e0-delayed-c2-M1,2,synthetic,synthetic-V1005-e0,current_evidence,541.0,M1,test,V1005,delayed,4,4,178,0.02247191011235955,170,280,2,2,1
synthetic-V1005-e1-channel_fault-c0-M1,0,synthetic,synthetic-V1005-e1,revision_impact,1351.0,M1,test,V1005,channel_fault,4,2,176,0.022727272727272728,170,276,2,2,2
synthetic-V1005-e1-channel_fault-c1-M1,1,synthetic,synthetic-V1005-e1,revision_impact,1381.0,M1,test,V1005,channel_fault,4,2,193,0.02072538860103627,171,278,2,2,2
synthetic-V1005-e1-channel_fault-c2-M1,2,synthetic,synthetic-V1005-e1,revision_impact,1441.0,M1,test,V1005,channel_fault,4,2,219,0.0182648401826484,173,280,2,2,2
synthetic-V1005-e1-clean-c0-M1,0,synthetic,synthetic-V1005-e1,revision_impact,1351.0,M1,test,V1005,clean,4,2,176,0.022727272727272728,170,276,2,2,2
synthetic-V1005-e1-clean-c1-M1,1,synthetic,synthetic-V1005-e1,revision_impact,1381.0,M1,test,V1005,clean,4,2,182,0.02197802197802198,172,278,2,2,2
synthetic-V1005-e1-clean-c2-M1,2,synthetic,synthetic-V1005-e1,revision_impact,1441.0,M1,test,V1005,clean,4,2,190,0.021052631578947368,174,280,2,2,2
synthetic-V1005-e1-correction-c0-M1,0,synthetic,synthetic-V1005-e1,revision_impact,1351.0,M1,test,V1005,correction,4,2,176,0.022727272727272728,170,276,2,2,2
synthetic-V1005-e1-correction-c1-M1,1,synthetic,synthetic-V1005-e1,revision_impact,1381.0,M1,test,V1005,correction,4,2,183,0.02185792349726776,171,278,2,2,2
synthetic-V1005-e1-correction-c2-M1,2,synthetic,synthetic-V1005-e1,revision_impact,1441.0,M1,test,V1005,correction,4,2,193,0.02072538860103627,173,280,2,2,2
synthetic-V1005-e1-delayed-c0-M1,0,synthetic,synthetic-V1005-e1,revision_impact,1351.0,M1,test,V1005,delayed,2,1,174,0.011494252873563218,168,272,1,1,1
synthetic-V1005-e1-delayed-c1-M1,1,synthetic,synthetic-V1005-e1,revision_impact,1381.0,M1,test,V1005,delayed,2,1,176,0.011363636363636364,169,274,1,1,1
synthetic-V1005-e1-delayed-c2-M1,2,synthetic,synthetic-V1005-e1,revision_impact,1441.0,M1,test,V1005,delayed,4,2,180,0.022222222222222223,172,280,2,2,2
synthetic-V1006-e0-channel_fault-c0-M1,0,synthetic,synthetic-V1006-e0,conflict_timing,451.0,M1,test,V1006,channel_fault,2,1,175,0.011428571428571429,169,274,1,1,1
synthetic-V1006-e0-channel_fault-c1-M1,1,synthetic,synthetic-V1006-e0,conflict_timing,481.0,M1,test,V1006,channel_fault,2,1,190,0.010526315789473684,170,274,1,1,1
synthetic-V1006-e0-channel_fault-c2-M1,2,synthetic,synthetic-V1006-e0,conflict_timing,541.0,M1,test,V1006,channel_fault,2,1,213,0.009389671361502348,171,274,1,1,1
synthetic-V1006-e0-clean-c0-M1,0,synthetic,synthetic-V1006-e0,conflict_timing,451.0,M1,test,V1006,clean,2,1,175,0.011428571428571429,169,274,1,1,1
synthetic-V1006-e0-clean-c1-M1,1,synthetic,synthetic-V1006-e0,conflict_timing,481.0,M1,test,V1006,clean,2,1,180,0.011111111111111112,170,274,1,1,1
synthetic-V1006-e0-clean-c2-M1,2,synthetic,synthetic-V1006-e0,conflict_timing,541.0,M1,test,V1006,clean,2,1,187,0.0106951871657754,171,274,1,1,1
synthetic-V1006-e0-correction-c0-M1,0,synthetic,synthetic-V1006-e0,conflict_timing,451.0,M1,test,V1006,correction,2,1,175,0.011428571428571429,169,274,1,1,1
synthetic-V1006-e0-correction-c1-M1,1,synthetic,synthetic-V1006-e0,conflict_timing,481.0,M1,test,V1006,correction,2,1,181,0.011049723756906077,169,274,1,1,1
synthetic-V1006-e0-correction-c2-M1,2,synthetic,synthetic-V1006-e0,conflict_timing,541.0,M1,test,V1006,correction,2,1,190,0.010526315789473684,170,274,1,1,1
synthetic-V1006-e0-delayed-c0-M1,0,synthetic,synthetic-V1006-e0,conflict_timing,451.0,M1,test,V1006,delayed,0,0,173,0.0,167,270,0,0,0
synthetic-V1006-e0-delayed-c1-M1,1,synthetic,synthetic-V1006-e0,conflict_timing,481.0,M1,test,V1006,delayed,0,0,174,0.0,167,270,0,0,0
synthetic-V1006-e0-delayed-c2-M1,2,synthetic,synthetic-V1006-e0,conflict_timing,541.0,M1,test,V1006,delayed,2,1,177,0.011299435028248588,169,274,1,1,1
synthetic-V1006-e1-channel_fault-c0-M1,0,synthetic,synthetic-V1006-e1,conflict_timing,1351.0,M1,test,V1006,channel_fault,2,1,175,0.011428571428571429,169,274,1,1,1
synthetic-V1006-e1-channel_fault-c1-M1,1,synthetic,synthetic-V1006-e1,conflict_timing,1381.0,M1,test,V1006,channel_fault,2,1,190,0.010526315789473684,170,274,1,1,1
synthetic-V1006-e1-channel_fault-c2-M1,2,synthetic,synthetic-V1006-e1,conflict_timing,1441.0,M1,test,V1006,channel_fault,2,1,213,0.009389671361502348,171,274,1,1,1
synthetic-V1006-e1-clean-c0-M1,0,synthetic,synthetic-V1006-e1,conflict_timing,1351.0,M1,test,V1006,clean,2,1,175,0.011428571428571429,169,274,1,1,1
synthetic-V1006-e1-clean-c1-M1,1,synthetic,synthetic-V1006-e1,conflict_timing,1381.0,M1,test,V1006,clean,2,1,180,0.011111111111111112,170,274,1,1,1
synthetic-V1006-e1-clean-c2-M1,2,synthetic,synthetic-V1006-e1,conflict_timing,1441.0,M1,test,V1006,clean,2,1,187,0.0106951871657754,171,274,1,1,1
synthetic-V1006-e1-correction-c0-M1,0,synthetic,synthetic-V1006-e1,conflict_timing,1351.0,M1,test,V1006,correction,2,1,175,0.011428571428571429,169,274,1,1,1
synthetic-V1006-e1-correction-c1-M1,1,synthetic,synthetic-V1006-e1,conflict_timing,1381.0,M1,test,V1006,correction,2,1,181,0.011049723756906077,169,274,1,1,1
synthetic-V1006-e1-correction-c2-M1,2,synthetic,synthetic-V1006-e1,conflict_timing,1441.0,M1,test,V1006,correction,2,1,190,0.010526315789473684,170,274,1,1,1
synthetic-V1006-e1-delayed-c0-M1,0,synthetic,synthetic-V1006-e1,conflict_timing,1351.0,M1,test,V1006,delayed,0,0,173,0.0,167,270,0,0,0
synthetic-V1006-e1-delayed-c1-M1,1,synthetic,synthetic-V1006-e1,conflict_timing,1381.0,M1,test,V1006,delayed,0,0,174,0.0,167,270,0,0,0
synthetic-V1006-e1-delayed-c2-M1,2,synthetic,synthetic-V1006-e1,conflict_timing,1441.0,M1,test,V1006,delayed,2,1,177,0.011299435028248588,169,274,1,1,1
synthetic-V1007-e0-channel_fault-c0-M1,0,synthetic,synthetic-V1007-e0,evidence_sufficiency,451.0,M1,test,V1007,channel_fault,4,2,176,0.022727272727272728,170,276,2,2,2
synthetic-V1007-e0-channel_fault-c1-M1,1,synthetic,synthetic-V1007-e0,evidence_sufficiency,481.0,M1,test,V1007,channel_fault,4,2,196,0.02040816326530612,171,276,2,2,2
synthetic-V1007-e0-channel_fault-c2-M1,2,synthetic,synthetic-V1007-e0,evidence_sufficiency,541.0,M1,test,V1007,channel_fault,4,2,230,0.017391304347826087,173,276,2,2,2
synthetic-V1007-e0-clean-c0-M1,0,synthetic,synthetic-V1007-e0,evidence_sufficiency,451.0,M1,test,V1007,clean,4,2,176,0.022727272727272728,170,276,2,2,2
synthetic-V1007-e0-clean-c1-M1,1,synthetic,synthetic-V1007-e0,evidence_sufficiency,481.0,M1,test,V1007,clean,4,2,182,0.02197802197802198,172,278,2,2,2
synthetic-V1007-e0-clean-c2-M1,2,synthetic,synthetic-V1007-e0,evidence_sufficiency,541.0,M1,test,V1007,clean,4,2,190,0.021052631578947368,174,280,2,2,2
synthetic-V1007-e0-correction-c0-M1,0,synthetic,synthetic-V1007-e0,evidence_sufficiency,451.0,M1,test,V1007,correction,4,2,176,0.022727272727272728,170,276,2,2,2
synthetic-V1007-e0-correction-c1-M1,1,synthetic,synthetic-V1007-e0,evidence_sufficiency,481.0,M1,test,V1007,correction,4,2,183,0.02185792349726776,171,278,2,2,2
synthetic-V1007-e0-correction-c2-M1,2,synthetic,synthetic-V1007-e0,evidence_sufficiency,541.0,M1,test,V1007,correction,4,2,193,0.02072538860103627,173,280,2,2,2
synthetic-V1007-e0-delayed-c0-M1,0,synthetic,synthetic-V1007-e0,evidence_sufficiency,451.0,M1,test,V1007,delayed,2,1,174,0.011494252873563218,168,272,1,1,1
synthetic-V1007-e0-delayed-c1-M1,1,synthetic,synthetic-V1007-e0,evidence_sufficiency,481.0,M1,test,V1007,delayed,2,1,176,0.011363636363636364,169,274,1,1,1
synthetic-V1007-e0-delayed-c2-M1,2,synthetic,synthetic-V1007-e0,evidence_sufficiency,541.0,M1,test,V1007,delayed,4,2,180,0.022222222222222223,172,280,2,2,2
synthetic-V1007-e1-channel_fault-c0-M1,0,synthetic,synthetic-V1007-e1,revision_impact,1351.0,M1,test,V1007,channel_fault,4,2,176,0.022727272727272728,170,276,2,2,2
synthetic-V1007-e1-channel_fault-c1-M1,1,synthetic,synthetic-V1007-e1,revision_impact,1381.0,M1,test,V1007,channel_fault,4,2,192,0.020833333333333332,172,278,2,2,2
synthetic-V1007-e1-channel_fault-c2-M1,2,synthetic,synthetic-V1007-e1,revision_impact,1441.0,M1,test,V1007,channel_fault,4,2,216,0.018518518518518517,174,280,2,2,2
synthetic-V1007-e1-clean-c0-M1,0,synthetic,synthetic-V1007-e1,revision_impact,1351.0,M1,test,V1007,clean,4,2,176,0.022727272727272728,170,276,2,2,2
synthetic-V1007-e1-clean-c1-M1,1,synthetic,synthetic-V1007-e1,revision_impact,1381.0,M1,test,V1007,clean,4,2,182,0.02197802197802198,172,278,2,2,2
synthetic-V1007-e1-clean-c2-M1,2,synthetic,synthetic-V1007-e1,revision_impact,1441.0,M1,test,V1007,clean,4,2,190,0.021052631578947368,174,280,2,2,2
synthetic-V1007-e1-correction-c0-M1,0,synthetic,synthetic-V1007-e1,revision_impact,1351.0,M1,test,V1007,correction,4,2,176,0.022727272727272728,170,276,2,2,2
synthetic-V1007-e1-correction-c1-M1,1,synthetic,synthetic-V1007-e1,revision_impact,1381.0,M1,test,V1007,correction,4,2,183,0.02185792349726776,171,278,2,2,2
synthetic-V1007-e1-correction-c2-M1,2,synthetic,synthetic-V1007-e1,revision_impact,1441.0,M1,test,V1007,correction,4,2,193,0.02072538860103627,173,280,2,2,2
synthetic-V1007-e1-delayed-c0-M1,0,synthetic,synthetic-V1007-e1,revision_impact,1351.0,M1,test,V1007,delayed,2,1,174,0.011494252873563218,168,272,1,1,1
synthetic-V1007-e1-delayed-c1-M1,1,synthetic,synthetic-V1007-e1,revision_impact,1381.0,M1,test,V1007,delayed,2,1,176,0.011363636363636364,169,274,1,1,1
synthetic-V1007-e1-delayed-c2-M1,2,synthetic,synthetic-V1007-e1,revision_impact,1441.0,M1,test,V1007,delayed,4,2,180,0.022222222222222223,172,280,2,2,2
synthetic-V1008-e0-channel_fault-c0-M1,0,synthetic,synthetic-V1008-e0,conflict_timing,451.0,M1,test,V1008,channel_fault,2,1,175,0.011428571428571429,169,274,1,1,1
synthetic-V1008-e0-channel_fault-c1-M1,1,synthetic,synthetic-V1008-e0,conflict_timing,481.0,M1,test,V1008,channel_fault,2,1,191,0.010471204188481676,169,274,1,1,1
synthetic-V1008-e0-channel_fault-c2-M1,2,synthetic,synthetic-V1008-e0,conflict_timing,541.0,M1,test,V1008,channel_fault,2,1,216,0.009259259259259259,170,274,1,1,1
synthetic-V1008-e0-clean-c0-M1,0,synthetic,synthetic-V1008-e0,conflict_timing,451.0,M1,test,V1008,clean,2,1,175,0.011428571428571429,169,274,1,1,1
synthetic-V1008-e0-clean-c1-M1,1,synthetic,synthetic-V1008-e0,conflict_timing,481.0,M1,test,V1008,clean,2,1,180,0.011111111111111112,170,274,1,1,1
synthetic-V1008-e0-clean-c2-M1,2,synthetic,synthetic-V1008-e0,conflict_timing,541.0,M1,test,V1008,clean,2,1,187,0.0106951871657754,171,274,1,1,1
synthetic-V1008-e0-correction-c0-M1,0,synthetic,synthetic-V1008-e0,conflict_timing,451.0,M1,test,V1008,correction,2,1,175,0.011428571428571429,169,274,1,1,1
synthetic-V1008-e0-correction-c1-M1,1,synthetic,synthetic-V1008-e0,conflict_timing,481.0,M1,test,V1008,correction,2,1,181,0.011049723756906077,169,274,1,1,1
synthetic-V1008-e0-correction-c2-M1,2,synthetic,synthetic-V1008-e0,conflict_timing,541.0,M1,test,V1008,correction,2,1,190,0.010526315789473684,170,274,1,1,1
synthetic-V1008-e0-delayed-c0-M1,0,synthetic,synthetic-V1008-e0,conflict_timing,451.0,M1,test,V1008,delayed,0,0,173,0.0,167,270,0,0,0
synthetic-V1008-e0-delayed-c1-M1,1,synthetic,synthetic-V1008-e0,conflict_timing,481.0,M1,test,V1008,delayed,0,0,174,0.0,167,270,0,0,0
synthetic-V1008-e0-delayed-c2-M1,2,synthetic,synthetic-V1008-e0,conflict_timing,541.0,M1,test,V1008,delayed,2,1,177,0.011299435028248588,169,274,1,1,1
synthetic-V1008-e1-channel_fault-c0-M1,0,synthetic,synthetic-V1008-e1,evidence_sufficiency,1351.0,M1,test,V1008,channel_fault,4,2,176,0.022727272727272728,170,276,2,2,2
synthetic-V1008-e1-channel_fault-c1-M1,1,synthetic,synthetic-V1008-e1,evidence_sufficiency,1381.0,M1,test,V1008,channel_fault,4,2,196,0.02040816326530612,171,276,2,2,2
synthetic-V1008-e1-channel_fault-c2-M1,2,synthetic,synthetic-V1008-e1,evidence_sufficiency,1441.0,M1,test,V1008,channel_fault,4,2,230,0.017391304347826087,173,276,2,2,2
synthetic-V1008-e1-clean-c0-M1,0,synthetic,synthetic-V1008-e1,evidence_sufficiency,1351.0,M1,test,V1008,clean,4,2,176,0.022727272727272728,170,276,2,2,2
synthetic-V1008-e1-clean-c1-M1,1,synthetic,synthetic-V1008-e1,evidence_sufficiency,1381.0,M1,test,V1008,clean,4,2,182,0.02197802197802198,172,278,2,2,2
synthetic-V1008-e1-clean-c2-M1,2,synthetic,synthetic-V1008-e1,evidence_sufficiency,1441.0,M1,test,V1008,clean,4,2,190,0.021052631578947368,174,280,2,2,2
synthetic-V1008-e1-correction-c0-M1,0,synthetic,synthetic-V1008-e1,evidence_sufficiency,1351.0,M1,test,V1008,correction,4,2,176,0.022727272727272728,170,276,2,2,2
synthetic-V1008-e1-correction-c1-M1,1,synthetic,synthetic-V1008-e1,evidence_sufficiency,1381.0,M1,test,V1008,correction,4,2,183,0.02185792349726776,171,278,2,2,2
synthetic-V1008-e1-correction-c2-M1,2,synthetic,synthetic-V1008-e1,evidence_sufficiency,1441.0,M1,test,V1008,correction,4,2,193,0.02072538860103627,173,280,2,2,2
synthetic-V1008-e1-delayed-c0-M1,0,synthetic,synthetic-V1008-e1,evidence_sufficiency,1351.0,M1,test,V1008,delayed,2,1,174,0.011494252873563218,168,272,1,1,1
synthetic-V1008-e1-delayed-c1-M1,1,synthetic,synthetic-V1008-e1,evidence_sufficiency,1381.0,M1,test,V1008,delayed,2,1,176,0.011363636363636364,169,274,1,1,1
synthetic-V1008-e1-delayed-c2-M1,2,synthetic,synthetic-V1008-e1,evidence_sufficiency,1441.0,M1,test,V1008,delayed,4,2,180,0.022222222222222223,172,280,2,2,2
synthetic-V1009-e0-channel_fault-c0-M1,0,synthetic,synthetic-V1009-e0,current_evidence,451.0,M1,test,V1009,channel_fault,4,4,176,0.022727272727272728,170,280,2,2,1
synthetic-V1009-e0-channel_fault-c1-M1,1,synthetic,synthetic-V1009-e0,current_evidence,481.0,M1,test,V1009,channel_fault,2,1,194,0.010309278350515464,169,274,1,1,1
synthetic-V1009-e0-channel_fault-c2-M1,2,synthetic,synthetic-V1009-e0,current_evidence,541.0,M1,test,V1009,channel_fault,2,1,221,0.00904977375565611,171,278,1,1,1
synthetic-V1009-e0-clean-c0-M1,0,synthetic,synthetic-V1009-e0,current_evidence,451.0,M1,test,V1009,clean,4,4,176,0.022727272727272728,170,280,2,2,1
synthetic-V1009-e0-clean-c1-M1,1,synthetic,synthetic-V1009-e0,current_evidence,481.0,M1,test,V1009,clean,2,1,182,0.01098901098901099,171,278,1,1,1
synthetic-V1009-e0-clean-c2-M1,2,synthetic,synthetic-V1009-e0,current_evidence,541.0,M1,test,V1009,clean,2,1,190,0.010526315789473684,172,278,1,1,1
synthetic-V1009-e0-correction-c0-M1,0,synthetic,synthetic-V1009-e0,current_evidence,451.0,M1,test,V1009,correction,4,4,176,0.022727272727272728,170,280,2,2,1
synthetic-V1009-e0-correction-c1-M1,1,synthetic,synthetic-V1009-e0,current_evidence,481.0,M1,test,V1009,correction,2,1,183,0.01092896174863388,169,274,1,1,1
synthetic-V1009-e0-correction-c2-M1,2,synthetic,synthetic-V1009-e0,current_evidence,541.0,M1,test,V1009,correction,2,1,193,0.010362694300518135,171,278,1,1,1
synthetic-V1009-e0-delayed-c0-M1,0,synthetic,synthetic-V1009-e0,current_evidence,451.0,M1,test,V1009,delayed,0,0,173,0.0,167,270,0,0,0
synthetic-V1009-e0-delayed-c1-M1,1,synthetic,synthetic-V1009-e0,current_evidence,481.0,M1,test,V1009,delayed,0,0,174,0.0,167,270,0,0,0
synthetic-V1009-e0-delayed-c2-M1,2,synthetic,synthetic-V1009-e0,current_evidence,541.0,M1,test,V1009,delayed,4,4,178,0.02247191011235955,170,280,2,2,1
synthetic-V1009-e1-channel_fault-c0-M1,0,synthetic,synthetic-V1009-e1,revision_impact,1351.0,M1,test,V1009,channel_fault,4,2,176,0.022727272727272728,170,276,2,2,2
synthetic-V1009-e1-channel_fault-c1-M1,1,synthetic,synthetic-V1009-e1,revision_impact,1381.0,M1,test,V1009,channel_fault,4,2,192,0.020833333333333332,172,278,2,2,2
synthetic-V1009-e1-channel_fault-c2-M1,2,synthetic,synthetic-V1009-e1,revision_impact,1441.0,M1,test,V1009,channel_fault,4,2,216,0.018518518518518517,174,280,2,2,2
synthetic-V1009-e1-clean-c0-M1,0,synthetic,synthetic-V1009-e1,revision_impact,1351.0,M1,test,V1009,clean,4,2,176,0.022727272727272728,170,276,2,2,2
synthetic-V1009-e1-clean-c1-M1,1,synthetic,synthetic-V1009-e1,revision_impact,1381.0,M1,test,V1009,clean,4,2,182,0.02197802197802198,172,278,2,2,2
synthetic-V1009-e1-clean-c2-M1,2,synthetic,synthetic-V1009-e1,revision_impact,1441.0,M1,test,V1009,clean,6,3,191,0.031413612565445025,175,282,3,3,3
synthetic-V1009-e1-correction-c0-M1,0,synthetic,synthetic-V1009-e1,revision_impact,1351.0,M1,test,V1009,correction,4,2,176,0.022727272727272728,170,276,2,2,2
synthetic-V1009-e1-correction-c1-M1,1,synthetic,synthetic-V1009-e1,revision_impact,1381.0,M1,test,V1009,correction,6,3,184,0.03260869565217391,172,280,3,3,3
synthetic-V1009-e1-correction-c2-M1,2,synthetic,synthetic-V1009-e1,revision_impact,1441.0,M1,test,V1009,correction,6,3,195,0.03076923076923077,175,284,3,3,3
synthetic-V1009-e1-delayed-c0-M1,0,synthetic,synthetic-V1009-e1,revision_impact,1351.0,M1,test,V1009,delayed,2,1,174,0.011494252873563218,168,272,1,1,1
synthetic-V1009-e1-delayed-c1-M1,1,synthetic,synthetic-V1009-e1,revision_impact,1381.0,M1,test,V1009,delayed,2,1,176,0.011363636363636364,169,274,1,1,1
synthetic-V1009-e1-delayed-c2-M1,2,synthetic,synthetic-V1009-e1,revision_impact,1441.0,M1,test,V1009,delayed,4,2,180,0.022222222222222223,172,280,2,2,2
synthetic-V1010-e0-channel_fault-c0-M1,0,synthetic,synthetic-V1010-e0,conflict_timing,451.0,M1,test,V1010,channel_fault,2,1,175,0.011428571428571429,169,274,1,1,1
synthetic-V1010-e0-channel_fault-c1-M1,1,synthetic,synthetic-V1010-e0,conflict_timing,481.0,M1,test,V1010,channel_fault,2,1,190,0.010526315789473684,170,274,1,1,1
synthetic-V1010-e0-channel_fault-c2-M1,2,synthetic,synthetic-V1010-e0,conflict_timing,541.0,M1,test,V1010,channel_fault,2,1,213,0.009389671361502348,171,274,1,1,1
synthetic-V1010-e0-clean-c0-M1,0,synthetic,synthetic-V1010-e0,conflict_timing,451.0,M1,test,V1010,clean,2,1,175,0.011428571428571429,169,274,1,1,1
synthetic-V1010-e0-clean-c1-M1,1,synthetic,synthetic-V1010-e0,conflict_timing,481.0,M1,test,V1010,clean,2,1,180,0.011111111111111112,170,274,1,1,1
synthetic-V1010-e0-clean-c2-M1,2,synthetic,synthetic-V1010-e0,conflict_timing,541.0,M1,test,V1010,clean,2,1,187,0.0106951871657754,171,274,1,1,1
synthetic-V1010-e0-correction-c0-M1,0,synthetic,synthetic-V1010-e0,conflict_timing,451.0,M1,test,V1010,correction,2,1,175,0.011428571428571429,169,274,1,1,1
synthetic-V1010-e0-correction-c1-M1,1,synthetic,synthetic-V1010-e0,conflict_timing,481.0,M1,test,V1010,correction,2,1,181,0.011049723756906077,169,274,1,1,1
synthetic-V1010-e0-correction-c2-M1,2,synthetic,synthetic-V1010-e0,conflict_timing,541.0,M1,test,V1010,correction,2,1,190,0.010526315789473684,170,274,1,1,1
synthetic-V1010-e0-delayed-c0-M1,0,synthetic,synthetic-V1010-e0,conflict_timing,451.0,M1,test,V1010,delayed,0,0,173,0.0,167,270,0,0,0
synthetic-V1010-e0-delayed-c1-M1,1,synthetic,synthetic-V1010-e0,conflict_timing,481.0,M1,test,V1010,delayed,0,0,174,0.0,167,270,0,0,0
synthetic-V1010-e0-delayed-c2-M1,2,synthetic,synthetic-V1010-e0,conflict_timing,541.0,M1,test,V1010,delayed,2,1,177,0.011299435028248588,169,274,1,1,1
synthetic-V1010-e1-channel_fault-c0-M1,0,synthetic,synthetic-V1010-e1,current_evidence,1351.0,M1,test,V1010,channel_fault,2,1,175,0.011428571428571429,169,274,1,1,1
synthetic-V1010-e1-channel_fault-c1-M1,1,synthetic,synthetic-V1010-e1,current_evidence,1381.0,M1,test,V1010,channel_fault,2,1,190,0.010526315789473684,170,274,1,1,1
synthetic-V1010-e1-channel_fault-c2-M1,2,synthetic,synthetic-V1010-e1,current_evidence,1441.0,M1,test,V1010,channel_fault,2,1,213,0.009389671361502348,171,274,1,1,1
synthetic-V1010-e1-clean-c0-M1,0,synthetic,synthetic-V1010-e1,current_evidence,1351.0,M1,test,V1010,clean,2,1,175,0.011428571428571429,169,274,1,1,1
synthetic-V1010-e1-clean-c1-M1,1,synthetic,synthetic-V1010-e1,current_evidence,1381.0,M1,test,V1010,clean,2,1,180,0.011111111111111112,170,274,1,1,1
synthetic-V1010-e1-clean-c2-M1,2,synthetic,synthetic-V1010-e1,current_evidence,1441.0,M1,test,V1010,clean,2,1,187,0.0106951871657754,171,274,1,1,1
synthetic-V1010-e1-correction-c0-M1,0,synthetic,synthetic-V1010-e1,current_evidence,1351.0,M1,test,V1010,correction,2,1,175,0.011428571428571429,169,274,1,1,1
synthetic-V1010-e1-correction-c1-M1,1,synthetic,synthetic-V1010-e1,current_evidence,1381.0,M1,test,V1010,correction,2,1,181,0.011049723756906077,169,274,1,1,1
synthetic-V1010-e1-correction-c2-M1,2,synthetic,synthetic-V1010-e1,current_evidence,1441.0,M1,test,V1010,correction,2,1,190,0.010526315789473684,170,274,1,1,1
synthetic-V1010-e1-delayed-c0-M1,0,synthetic,synthetic-V1010-e1,current_evidence,1351.0,M1,test,V1010,delayed,0,0,173,0.0,167,270,0,0,0
synthetic-V1010-e1-delayed-c1-M1,1,synthetic,synthetic-V1010-e1,current_evidence,1381.0,M1,test,V1010,delayed,0,0,174,0.0,167,270,0,0,0
synthetic-V1010-e1-delayed-c2-M1,2,synthetic,synthetic-V1010-e1,current_evidence,1441.0,M1,test,V1010,delayed,2,1,177,0.011299435028248588,169,274,1,1,1
wesad-S10-e0-channel_fault-c0-M1,0,wesad,wesad-S10-e0,current_evidence,1371.0,M1,test,S10,channel_fault,2,1,175,0.011428571428571429,169,274,1,1,1
wesad-S10-e0-channel_fault-c1-M1,1,wesad,wesad-S10-e0,current_evidence,1401.0,M1,test,S10,channel_fault,2,1,191,0.010471204188481676,169,274,1,1,1
wesad-S10-e0-channel_fault-c2-M1,2,wesad,wesad-S10-e0,current_evidence,1461.0,M1,test,S10,channel_fault,2,1,216,0.009259259259259259,170,274,1,1,1
wesad-S10-e0-clean-c0-M1,0,wesad,wesad-S10-e0,current_evidence,1371.0,M1,test,S10,clean,2,1,175,0.011428571428571429,169,274,1,1,1
wesad-S10-e0-clean-c1-M1,1,wesad,wesad-S10-e0,current_evidence,1401.0,M1,test,S10,clean,2,1,180,0.011111111111111112,170,274,1,1,1
wesad-S10-e0-clean-c2-M1,2,wesad,wesad-S10-e0,current_evidence,1461.0,M1,test,S10,clean,2,1,187,0.0106951871657754,171,274,1,1,1
wesad-S10-e0-correction-c0-M1,0,wesad,wesad-S10-e0,current_evidence,1371.0,M1,test,S10,correction,2,1,175,0.011428571428571429,169,274,1,1,1
wesad-S10-e0-correction-c1-M1,1,wesad,wesad-S10-e0,current_evidence,1401.0,M1,test,S10,correction,2,1,181,0.011049723756906077,169,274,1,1,1
wesad-S10-e0-correction-c2-M1,2,wesad,wesad-S10-e0,current_evidence,1461.0,M1,test,S10,correction,2,1,190,0.010526315789473684,170,274,1,1,1
wesad-S10-e0-delayed-c0-M1,0,wesad,wesad-S10-e0,current_evidence,1371.0,M1,test,S10,delayed,0,0,173,0.0,167,270,0,0,0
wesad-S10-e0-delayed-c1-M1,1,wesad,wesad-S10-e0,current_evidence,1401.0,M1,test,S10,delayed,0,0,174,0.0,167,270,0,0,0
wesad-S10-e0-delayed-c2-M1,2,wesad,wesad-S10-e0,current_evidence,1461.0,M1,test,S10,delayed,2,1,177,0.011299435028248588,169,274,1,1,1
wesad-S10-e1-channel_fault-c0-M1,0,wesad,wesad-S10-e1,conflict_timing,4121.0,M1,test,S10,channel_fault,2,1,175,0.011428571428571429,169,274,1,1,1
wesad-S10-e1-channel_fault-c1-M1,1,wesad,wesad-S10-e1,conflict_timing,4151.0,M1,test,S10,channel_fault,2,1,191,0.010471204188481676,169,274,1,1,1
wesad-S10-e1-channel_fault-c2-M1,2,wesad,wesad-S10-e1,conflict_timing,4211.0,M1,test,S10,channel_fault,2,1,216,0.009259259259259259,170,274,1,1,1
wesad-S10-e1-clean-c0-M1,0,wesad,wesad-S10-e1,conflict_timing,4121.0,M1,test,S10,clean,2,1,175,0.011428571428571429,169,274,1,1,1
wesad-S10-e1-clean-c1-M1,1,wesad,wesad-S10-e1,conflict_timing,4151.0,M1,test,S10,clean,2,1,180,0.011111111111111112,170,274,1,1,1
wesad-S10-e1-clean-c2-M1,2,wesad,wesad-S10-e1,conflict_timing,4211.0,M1,test,S10,clean,2,1,187,0.0106951871657754,171,274,1,1,1
wesad-S10-e1-correction-c0-M1,0,wesad,wesad-S10-e1,conflict_timing,4121.0,M1,test,S10,correction,2,1,175,0.011428571428571429,169,274,1,1,1
wesad-S10-e1-correction-c1-M1,1,wesad,wesad-S10-e1,conflict_timing,4151.0,M1,test,S10,correction,2,1,181,0.011049723756906077,169,274,1,1,1
wesad-S10-e1-correction-c2-M1,2,wesad,wesad-S10-e1,conflict_timing,4211.0,M1,test,S10,correction,2,1,190,0.010526315789473684,170,274,1,1,1
wesad-S10-e1-delayed-c0-M1,0,wesad,wesad-S10-e1,conflict_timing,4121.0,M1,test,S10,delayed,0,0,173,0.0,167,270,0,0,0
wesad-S10-e1-delayed-c1-M1,1,wesad,wesad-S10-e1,conflict_timing,4151.0,M1,test,S10,delayed,0,0,174,0.0,167,270,0,0,0
wesad-S10-e1-delayed-c2-M1,2,wesad,wesad-S10-e1,conflict_timing,4211.0,M1,test,S10,delayed,2,1,177,0.011299435028248588,169,274,1,1,1
wesad-S11-e0-channel_fault-c0-M1,0,wesad,wesad-S11-e0,conflict_timing,1306.0,M1,test,S11,channel_fault,4,4,176,0.022727272727272728,170,280,2,2,1
wesad-S11-e0-channel_fault-c1-M1,1,wesad,wesad-S11-e0,conflict_timing,1336.0,M1,test,S11,channel_fault,2,1,194,0.010309278350515464,169,274,1,1,1
wesad-S11-e0-channel_fault-c2-M1,2,wesad,wesad-S11-e0,conflict_timing,1396.0,M1,test,S11,channel_fault,2,1,221,0.00904977375565611,171,278,1,1,1
wesad-S11-e0-clean-c0-M1,0,wesad,wesad-S11-e0,conflict_timing,1306.0,M1,test,S11,clean,4,4,176,0.022727272727272728,170,280,2,2,1
wesad-S11-e0-clean-c1-M1,1,wesad,wesad-S11-e0,conflict_timing,1336.0,M1,test,S11,clean,2,1,182,0.01098901098901099,171,278,1,1,1
wesad-S11-e0-clean-c2-M1,2,wesad,wesad-S11-e0,conflict_timing,1396.0,M1,test,S11,clean,2,1,190,0.010526315789473684,172,278,1,1,1
wesad-S11-e0-correction-c0-M1,0,wesad,wesad-S11-e0,conflict_timing,1306.0,M1,test,S11,correction,4,4,176,0.022727272727272728,170,280,2,2,1
wesad-S11-e0-correction-c1-M1,1,wesad,wesad-S11-e0,conflict_timing,1336.0,M1,test,S11,correction,2,1,183,0.01092896174863388,169,274,1,1,1
wesad-S11-e0-correction-c2-M1,2,wesad,wesad-S11-e0,conflict_timing,1396.0,M1,test,S11,correction,2,1,193,0.010362694300518135,171,278,1,1,1
wesad-S11-e0-delayed-c0-M1,0,wesad,wesad-S11-e0,conflict_timing,1306.0,M1,test,S11,delayed,0,0,173,0.0,167,270,0,0,0
wesad-S11-e0-delayed-c1-M1,1,wesad,wesad-S11-e0,conflict_timing,1336.0,M1,test,S11,delayed,0,0,174,0.0,167,270,0,0,0
wesad-S11-e0-delayed-c2-M1,2,wesad,wesad-S11-e0,conflict_timing,1396.0,M1,test,S11,delayed,2,1,177,0.011299435028248588,169,274,1,1,1
wesad-S11-e1-channel_fault-c0-M1,0,wesad,wesad-S11-e1,conflict_timing,3921.0,M1,test,S11,channel_fault,2,1,175,0.011428571428571429,169,274,1,1,1
wesad-S11-e1-channel_fault-c1-M1,1,wesad,wesad-S11-e1,conflict_timing,3951.0,M1,test,S11,channel_fault,2,1,190,0.010526315789473684,170,274,1,1,1
wesad-S11-e1-channel_fault-c2-M1,2,wesad,wesad-S11-e1,conflict_timing,4011.0,M1,test,S11,channel_fault,2,1,213,0.009389671361502348,171,274,1,1,1
wesad-S11-e1-clean-c0-M1,0,wesad,wesad-S11-e1,conflict_timing,3921.0,M1,test,S11,clean,2,1,175,0.011428571428571429,169,274,1,1,1
wesad-S11-e1-clean-c1-M1,1,wesad,wesad-S11-e1,conflict_timing,3951.0,M1,test,S11,clean,2,1,180,0.011111111111111112,170,274,1,1,1
wesad-S11-e1-clean-c2-M1,2,wesad,wesad-S11-e1,conflict_timing,4011.0,M1,test,S11,clean,2,1,187,0.0106951871657754,171,274,1,1,1
wesad-S11-e1-correction-c0-M1,0,wesad,wesad-S11-e1,conflict_timing,3921.0,M1,test,S11,correction,2,1,175,0.011428571428571429,169,274,1,1,1
wesad-S11-e1-correction-c1-M1,1,wesad,wesad-S11-e1,conflict_timing,3951.0,M1,test,S11,correction,2,1,181,0.011049723756906077,169,274,1,1,1
wesad-S11-e1-correction-c2-M1,2,wesad,wesad-S11-e1,conflict_timing,4011.0,M1,test,S11,correction,2,1,190,0.010526315789473684,170,274,1,1,1
wesad-S11-e1-delayed-c0-M1,0,wesad,wesad-S11-e1,conflict_timing,3921.0,M1,test,S11,delayed,0,0,173,0.0,167,270,0,0,0
wesad-S11-e1-delayed-c1-M1,1,wesad,wesad-S11-e1,conflict_timing,3951.0,M1,test,S11,delayed,0,0,174,0.0,167,270,0,0,0
wesad-S11-e1-delayed-c2-M1,2,wesad,wesad-S11-e1,conflict_timing,4011.0,M1,test,S11,delayed,2,1,177,0.011299435028248588,169,274,1,1,1
wesad-S13-e0-channel_fault-c0-M1,0,wesad,wesad-S13-e0,current_evidence,1381.0,M1,test,S13,channel_fault,2,1,175,0.011428571428571429,169,274,1,1,1
wesad-S13-e0-channel_fault-c1-M1,1,wesad,wesad-S13-e0,current_evidence,1411.0,M1,test,S13,channel_fault,2,1,190,0.010526315789473684,170,274,1,1,1
wesad-S13-e0-channel_fault-c2-M1,2,wesad,wesad-S13-e0,current_evidence,1471.0,M1,test,S13,channel_fault,2,1,213,0.009389671361502348,171,274,1,1,1
wesad-S13-e0-clean-c0-M1,0,wesad,wesad-S13-e0,current_evidence,1381.0,M1,test,S13,clean,2,1,175,0.011428571428571429,169,274,1,1,1
wesad-S13-e0-clean-c1-M1,1,wesad,wesad-S13-e0,current_evidence,1411.0,M1,test,S13,clean,2,1,180,0.011111111111111112,170,274,1,1,1
wesad-S13-e0-clean-c2-M1,2,wesad,wesad-S13-e0,current_evidence,1471.0,M1,test,S13,clean,2,1,187,0.0106951871657754,171,274,1,1,1
wesad-S13-e0-correction-c0-M1,0,wesad,wesad-S13-e0,current_evidence,1381.0,M1,test,S13,correction,2,1,175,0.011428571428571429,169,274,1,1,1
wesad-S13-e0-correction-c1-M1,1,wesad,wesad-S13-e0,current_evidence,1411.0,M1,test,S13,correction,2,1,181,0.011049723756906077,169,274,1,1,1
wesad-S13-e0-correction-c2-M1,2,wesad,wesad-S13-e0,current_evidence,1471.0,M1,test,S13,correction,2,1,190,0.010526315789473684,170,274,1,1,1
wesad-S13-e0-delayed-c0-M1,0,wesad,wesad-S13-e0,current_evidence,1381.0,M1,test,S13,delayed,0,0,173,0.0,167,270,0,0,0
wesad-S13-e0-delayed-c1-M1,1,wesad,wesad-S13-e0,current_evidence,1411.0,M1,test,S13,delayed,0,0,174,0.0,167,270,0,0,0
wesad-S13-e0-delayed-c2-M1,2,wesad,wesad-S13-e0,current_evidence,1471.0,M1,test,S13,delayed,2,1,177,0.011299435028248588,169,274,1,1,1
wesad-S13-e1-channel_fault-c0-M1,0,wesad,wesad-S13-e1,current_evidence,4151.0,M1,test,S13,channel_fault,2,1,175,0.011428571428571429,169,274,1,1,1
wesad-S13-e1-channel_fault-c1-M1,1,wesad,wesad-S13-e1,current_evidence,4181.0,M1,test,S13,channel_fault,2,1,191,0.010471204188481676,169,274,1,1,1
wesad-S13-e1-channel_fault-c2-M1,2,wesad,wesad-S13-e1,current_evidence,4241.0,M1,test,S13,channel_fault,2,1,216,0.009259259259259259,170,274,1,1,1
wesad-S13-e1-clean-c0-M1,0,wesad,wesad-S13-e1,current_evidence,4151.0,M1,test,S13,clean,2,1,175,0.011428571428571429,169,274,1,1,1
wesad-S13-e1-clean-c1-M1,1,wesad,wesad-S13-e1,current_evidence,4181.0,M1,test,S13,clean,2,1,180,0.011111111111111112,170,274,1,1,1
wesad-S13-e1-clean-c2-M1,2,wesad,wesad-S13-e1,current_evidence,4241.0,M1,test,S13,clean,2,1,187,0.0106951871657754,171,274,1,1,1
wesad-S13-e1-correction-c0-M1,0,wesad,wesad-S13-e1,current_evidence,4151.0,M1,test,S13,correction,2,1,175,0.011428571428571429,169,274,1,1,1
wesad-S13-e1-correction-c1-M1,1,wesad,wesad-S13-e1,current_evidence,4181.0,M1,test,S13,correction,2,1,181,0.011049723756906077,169,274,1,1,1
wesad-S13-e1-correction-c2-M1,2,wesad,wesad-S13-e1,current_evidence,4241.0,M1,test,S13,correction,2,1,190,0.010526315789473684,170,274,1,1,1
wesad-S13-e1-delayed-c0-M1,0,wesad,wesad-S13-e1,current_evidence,4151.0,M1,test,S13,delayed,0,0,173,0.0,167,270,0,0,0
wesad-S13-e1-delayed-c1-M1,1,wesad,wesad-S13-e1,current_evidence,4181.0,M1,test,S13,delayed,0,0,174,0.0,167,270,0,0,0
wesad-S13-e1-delayed-c2-M1,2,wesad,wesad-S13-e1,current_evidence,4241.0,M1,test,S13,delayed,2,1,177,0.011299435028248588,169,274,1,1,1
wesad-S14-e0-channel_fault-c0-M1,0,wesad,wesad-S14-e0,conflict_timing,1386.0,M1,test,S14,channel_fault,2,1,175,0.011428571428571429,169,274,1,1,1
wesad-S14-e0-channel_fault-c1-M1,1,wesad,wesad-S14-e0,conflict_timing,1416.0,M1,test,S14,channel_fault,2,1,190,0.010526315789473684,170,274,1,1,1
wesad-S14-e0-channel_fault-c2-M1,2,wesad,wesad-S14-e0,conflict_timing,1476.0,M1,test,S14,channel_fault,2,1,213,0.009389671361502348,171,274,1,1,1
wesad-S14-e0-clean-c0-M1,0,wesad,wesad-S14-e0,conflict_timing,1386.0,M1,test,S14,clean,2,1,175,0.011428571428571429,169,274,1,1,1
wesad-S14-e0-clean-c1-M1,1,wesad,wesad-S14-e0,conflict_timing,1416.0,M1,test,S14,clean,2,1,180,0.011111111111111112,170,274,1,1,1
wesad-S14-e0-clean-c2-M1,2,wesad,wesad-S14-e0,conflict_timing,1476.0,M1,test,S14,clean,2,1,187,0.0106951871657754,171,274,1,1,1
wesad-S14-e0-correction-c0-M1,0,wesad,wesad-S14-e0,conflict_timing,1386.0,M1,test,S14,correction,2,1,175,0.011428571428571429,169,274,1,1,1
wesad-S14-e0-correction-c1-M1,1,wesad,wesad-S14-e0,conflict_timing,1416.0,M1,test,S14,correction,2,1,181,0.011049723756906077,169,274,1,1,1
wesad-S14-e0-correction-c2-M1,2,wesad,wesad-S14-e0,conflict_timing,1476.0,M1,test,S14,correction,2,1,190,0.010526315789473684,170,274,1,1,1
wesad-S14-e0-delayed-c0-M1,0,wesad,wesad-S14-e0,conflict_timing,1386.0,M1,test,S14,delayed,0,0,173,0.0,167,270,0,0,0
wesad-S14-e0-delayed-c1-M1,1,wesad,wesad-S14-e0,conflict_timing,1416.0,M1,test,S14,delayed,0,0,174,0.0,167,270,0,0,0
wesad-S14-e0-delayed-c2-M1,2,wesad,wesad-S14-e0,conflict_timing,1476.0,M1,test,S14,delayed,2,1,177,0.011299435028248588,169,274,1,1,1
wesad-S14-e1-channel_fault-c0-M1,0,wesad,wesad-S14-e1,evidence_sufficiency,4161.0,M1,test,S14,channel_fault,7,4,178,0.03932584269662921,172,280,3,4,3
wesad-S14-e1-channel_fault-c1-M1,1,wesad,wesad-S14-e1,evidence_sufficiency,4191.0,M1,test,S14,channel_fault,7,4,199,0.035175879396984924,174,284,3,4,3
wesad-S14-e1-channel_fault-c2-M1,2,wesad,wesad-S14-e1,evidence_sufficiency,4251.0,M1,test,S14,channel_fault,7,4,234,0.029914529914529916,177,288,3,4,3
wesad-S14-e1-clean-c0-M1,0,wesad,wesad-S14-e1,evidence_sufficiency,4161.0,M1,test,S14,clean,7,4,178,0.03932584269662921,172,280,3,4,3
wesad-S14-e1-clean-c1-M1,1,wesad,wesad-S14-e1,evidence_sufficiency,4191.0,M1,test,S14,clean,7,4,185,0.03783783783783784,175,286,3,4,3
wesad-S14-e1-clean-c2-M1,2,wesad,wesad-S14-e1,evidence_sufficiency,4251.0,M1,test,S14,clean,7,4,194,0.03608247422680412,178,292,3,4,3
wesad-S14-e1-correction-c0-M1,0,wesad,wesad-S14-e1,evidence_sufficiency,4161.0,M1,test,S14,correction,7,4,178,0.03932584269662921,172,280,3,4,3
wesad-S14-e1-correction-c1-M1,1,wesad,wesad-S14-e1,evidence_sufficiency,4191.0,M1,test,S14,correction,7,4,186,0.03763440860215054,174,286,3,4,3
wesad-S14-e1-correction-c2-M1,2,wesad,wesad-S14-e1,evidence_sufficiency,4251.0,M1,test,S14,correction,7,4,197,0.03553299492385787,177,292,3,4,3
wesad-S14-e1-delayed-c0-M1,0,wesad,wesad-S14-e1,evidence_sufficiency,4161.0,M1,test,S14,delayed,5,3,176,0.028409090909090908,170,276,2,3,2
wesad-S14-e1-delayed-c1-M1,1,wesad,wesad-S14-e1,evidence_sufficiency,4191.0,M1,test,S14,delayed,5,3,179,0.027932960893854747,172,282,2,3,2
wesad-S14-e1-delayed-c2-M1,2,wesad,wesad-S14-e1,evidence_sufficiency,4251.0,M1,test,S14,delayed,7,4,184,0.03804347826086957,176,292,3,4,3
wesad-S15-e0-channel_fault-c0-M1,0,wesad,wesad-S15-e0,revision_impact,1311.0,M1,test,S15,channel_fault,7,4,178,0.03932584269662921,172,280,3,4,3
wesad-S15-e0-channel_fault-c1-M1,1,wesad,wesad-S15-e0,revision_impact,1341.0,M1,test,S15,channel_fault,7,4,196,0.03571428571428571,174,286,3,4,3
wesad-S15-e0-channel_fault-c2-M1,2,wesad,wesad-S15-e0,revision_impact,1401.0,M1,test,S15,channel_fault,7,4,223,0.03139013452914798,177,292,3,4,3
wesad-S15-e0-clean-c0-M1,0,wesad,wesad-S15-e0,revision_impact,1311.0,M1,test,S15,clean,7,4,178,0.03932584269662921,172,280,3,4,3
wesad-S15-e0-clean-c1-M1,1,wesad,wesad-S15-e0,revision_impact,1341.0,M1,test,S15,clean,7,4,185,0.03783783783783784,175,286,3,4,3
wesad-S15-e0-clean-c2-M1,2,wesad,wesad-S15-e0,revision_impact,1401.0,M1,test,S15,clean,7,4,194,0.03608247422680412,178,292,3,4,3
wesad-S15-e0-correction-c0-M1,0,wesad,wesad-S15-e0,revision_impact,1311.0,M1,test,S15,correction,7,4,178,0.03932584269662921,172,280,3,4,3
wesad-S15-e0-correction-c1-M1,1,wesad,wesad-S15-e0,revision_impact,1341.0,M1,test,S15,correction,7,4,186,0.03763440860215054,174,286,3,4,3
wesad-S15-e0-correction-c2-M1,2,wesad,wesad-S15-e0,revision_impact,1401.0,M1,test,S15,correction,7,4,197,0.03553299492385787,177,292,3,4,3
wesad-S15-e0-delayed-c0-M1,0,wesad,wesad-S15-e0,revision_impact,1311.0,M1,test,S15,delayed,5,3,176,0.028409090909090908,170,276,2,3,2
wesad-S15-e0-delayed-c1-M1,1,wesad,wesad-S15-e0,revision_impact,1341.0,M1,test,S15,delayed,5,3,179,0.027932960893854747,172,282,2,3,2
wesad-S15-e0-delayed-c2-M1,2,wesad,wesad-S15-e0,revision_impact,1401.0,M1,test,S15,delayed,7,4,184,0.03804347826086957,176,292,3,4,3
wesad-S15-e1-channel_fault-c0-M1,0,wesad,wesad-S15-e1,revision_impact,3936.0,M1,test,S15,channel_fault,7,4,178,0.03932584269662921,172,280,3,4,3
wesad-S15-e1-channel_fault-c1-M1,1,wesad,wesad-S15-e1,revision_impact,3966.0,M1,test,S15,channel_fault,7,4,195,0.035897435897435895,175,286,3,4,3
wesad-S15-e1-channel_fault-c2-M1,2,wesad,wesad-S15-e1,revision_impact,4026.0,M1,test,S15,channel_fault,7,4,220,0.031818181818181815,178,292,3,4,3
wesad-S15-e1-clean-c0-M1,0,wesad,wesad-S15-e1,revision_impact,3936.0,M1,test,S15,clean,7,4,178,0.03932584269662921,172,280,3,4,3
wesad-S15-e1-clean-c1-M1,1,wesad,wesad-S15-e1,revision_impact,3966.0,M1,test,S15,clean,7,4,185,0.03783783783783784,175,286,3,4,3
wesad-S15-e1-clean-c2-M1,2,wesad,wesad-S15-e1,revision_impact,4026.0,M1,test,S15,clean,7,4,194,0.03608247422680412,178,292,3,4,3
wesad-S15-e1-correction-c0-M1,0,wesad,wesad-S15-e1,revision_impact,3936.0,M1,test,S15,correction,7,4,178,0.03932584269662921,172,280,3,4,3
wesad-S15-e1-correction-c1-M1,1,wesad,wesad-S15-e1,revision_impact,3966.0,M1,test,S15,correction,7,4,186,0.03763440860215054,174,286,3,4,3
wesad-S15-e1-correction-c2-M1,2,wesad,wesad-S15-e1,revision_impact,4026.0,M1,test,S15,correction,7,4,197,0.03553299492385787,177,292,3,4,3
wesad-S15-e1-delayed-c0-M1,0,wesad,wesad-S15-e1,revision_impact,3936.0,M1,test,S15,delayed,5,3,176,0.028409090909090908,170,276,2,3,2
wesad-S15-e1-delayed-c1-M1,1,wesad,wesad-S15-e1,revision_impact,3966.0,M1,test,S15,delayed,5,3,179,0.027932960893854747,172,282,2,3,2
wesad-S15-e1-delayed-c2-M1,2,wesad,wesad-S15-e1,revision_impact,4026.0,M1,test,S15,delayed,7,4,184,0.03804347826086957,176,292,3,4,3
wesad-S16-e0-channel_fault-c0-M1,0,wesad,wesad-S16-e0,evidence_sufficiency,1406.0,M1,test,S16,channel_fault,7,4,178,0.03932584269662921,172,280,3,4,3
wesad-S16-e0-channel_fault-c1-M1,1,wesad,wesad-S16-e0,evidence_sufficiency,1436.0,M1,test,S16,channel_fault,7,4,199,0.035175879396984924,173,284,3,4,3
wesad-S16-e0-channel_fault-c2-M1,2,wesad,wesad-S16-e0,evidence_sufficiency,1496.0,M1,test,S16,channel_fault,7,4,232,0.03017241379310345,176,288,3,4,3
wesad-S16-e0-clean-c0-M1,0,wesad,wesad-S16-e0,evidence_sufficiency,1406.0,M1,test,S16,clean,7,4,178,0.03932584269662921,172,280,3,4,3
wesad-S16-e0-clean-c1-M1,1,wesad,wesad-S16-e0,evidence_sufficiency,1436.0,M1,test,S16,clean,7,4,185,0.03783783783783784,175,286,3,4,3
wesad-S16-e0-clean-c2-M1,2,wesad,wesad-S16-e0,evidence_sufficiency,1496.0,M1,test,S16,clean,7,4,194,0.03608247422680412,178,292,3,4,3
wesad-S16-e0-correction-c0-M1,0,wesad,wesad-S16-e0,evidence_sufficiency,1406.0,M1,test,S16,correction,7,4,178,0.03932584269662921,172,280,3,4,3
wesad-S16-e0-correction-c1-M1,1,wesad,wesad-S16-e0,evidence_sufficiency,1436.0,M1,test,S16,correction,7,4,186,0.03763440860215054,174,286,3,4,3
wesad-S16-e0-correction-c2-M1,2,wesad,wesad-S16-e0,evidence_sufficiency,1496.0,M1,test,S16,correction,7,4,197,0.03553299492385787,177,292,3,4,3
wesad-S16-e0-delayed-c0-M1,0,wesad,wesad-S16-e0,evidence_sufficiency,1406.0,M1,test,S16,delayed,5,3,176,0.028409090909090908,170,276,2,3,2
wesad-S16-e0-delayed-c1-M1,1,wesad,wesad-S16-e0,evidence_sufficiency,1436.0,M1,test,S16,delayed,5,3,179,0.027932960893854747,172,282,2,3,2
wesad-S16-e0-delayed-c2-M1,2,wesad,wesad-S16-e0,evidence_sufficiency,1496.0,M1,test,S16,delayed,7,4,184,0.03804347826086957,176,292,3,4,3
wesad-S16-e1-channel_fault-c0-M1,0,wesad,wesad-S16-e1,evidence_sufficiency,4221.0,M1,test,S16,channel_fault,7,4,178,0.03932584269662921,172,280,3,4,3
wesad-S16-e1-channel_fault-c1-M1,1,wesad,wesad-S16-e1,evidence_sufficiency,4251.0,M1,test,S16,channel_fault,7,4,199,0.035175879396984924,174,284,3,4,3
wesad-S16-e1-channel_fault-c2-M1,2,wesad,wesad-S16-e1,evidence_sufficiency,4311.0,M1,test,S16,channel_fault,7,4,234,0.029914529914529916,177,288,3,4,3
wesad-S16-e1-clean-c0-M1,0,wesad,wesad-S16-e1,evidence_sufficiency,4221.0,M1,test,S16,clean,7,4,178,0.03932584269662921,172,280,3,4,3
wesad-S16-e1-clean-c1-M1,1,wesad,wesad-S16-e1,evidence_sufficiency,4251.0,M1,test,S16,clean,7,4,185,0.03783783783783784,175,286,3,4,3
wesad-S16-e1-clean-c2-M1,2,wesad,wesad-S16-e1,evidence_sufficiency,4311.0,M1,test,S16,clean,7,4,194,0.03608247422680412,178,292,3,4,3
wesad-S16-e1-correction-c0-M1,0,wesad,wesad-S16-e1,evidence_sufficiency,4221.0,M1,test,S16,correction,7,4,178,0.03932584269662921,172,280,3,4,3
wesad-S16-e1-correction-c1-M1,1,wesad,wesad-S16-e1,evidence_sufficiency,4251.0,M1,test,S16,correction,7,4,186,0.03763440860215054,174,286,3,4,3
wesad-S16-e1-correction-c2-M1,2,wesad,wesad-S16-e1,evidence_sufficiency,4311.0,M1,test,S16,correction,7,4,197,0.03553299492385787,177,292,3,4,3
wesad-S16-e1-delayed-c0-M1,0,wesad,wesad-S16-e1,evidence_sufficiency,4221.0,M1,test,S16,delayed,5,3,176,0.028409090909090908,170,276,2,3,2
wesad-S16-e1-delayed-c1-M1,1,wesad,wesad-S16-e1,evidence_sufficiency,4251.0,M1,test,S16,delayed,5,3,179,0.027932960893854747,172,282,2,3,2
wesad-S16-e1-delayed-c2-M1,2,wesad,wesad-S16-e1,evidence_sufficiency,4311.0,M1,test,S16,delayed,7,4,184,0.03804347826086957,176,292,3,4,3
wesad-S2-e0-channel_fault-c0-M1,0,wesad,wesad-S2-e0,revision_impact,1516.0,M1,test,S2,channel_fault,7,4,178,0.03932584269662921,172,280,3,4,3
wesad-S2-e0-channel_fault-c1-M1,1,wesad,wesad-S2-e0,revision_impact,1546.0,M1,test,S2,channel_fault,7,4,195,0.035897435897435895,175,286,3,4,3
wesad-S2-e0-channel_fault-c2-M1,2,wesad,wesad-S2-e0,revision_impact,1606.0,M1,test,S2,channel_fault,7,4,220,0.031818181818181815,178,292,3,4,3
wesad-S2-e0-clean-c0-M1,0,wesad,wesad-S2-e0,revision_impact,1516.0,M1,test,S2,clean,7,4,178,0.03932584269662921,172,280,3,4,3
wesad-S2-e0-clean-c1-M1,1,wesad,wesad-S2-e0,revision_impact,1546.0,M1,test,S2,clean,7,4,185,0.03783783783783784,175,286,3,4,3
wesad-S2-e0-clean-c2-M1,2,wesad,wesad-S2-e0,revision_impact,1606.0,M1,test,S2,clean,6,3,194,0.030927835051546393,178,290,3,3,3
wesad-S2-e0-correction-c0-M1,0,wesad,wesad-S2-e0,revision_impact,1516.0,M1,test,S2,correction,7,4,178,0.03932584269662921,172,280,3,4,3
wesad-S2-e0-correction-c1-M1,1,wesad,wesad-S2-e0,revision_impact,1546.0,M1,test,S2,correction,7,4,186,0.03763440860215054,174,286,3,4,3
wesad-S2-e0-correction-c2-M1,2,wesad,wesad-S2-e0,revision_impact,1606.0,M1,test,S2,correction,7,4,197,0.03553299492385787,177,292,3,4,3
wesad-S2-e0-delayed-c0-M1,0,wesad,wesad-S2-e0,revision_impact,1516.0,M1,test,S2,delayed,5,3,176,0.028409090909090908,170,276,2,3,2
wesad-S2-e0-delayed-c1-M1,1,wesad,wesad-S2-e0,revision_impact,1546.0,M1,test,S2,delayed,4,2,179,0.0223463687150838,172,280,2,2,2
wesad-S2-e0-delayed-c2-M1,2,wesad,wesad-S2-e0,revision_impact,1606.0,M1,test,S2,delayed,7,4,184,0.03804347826086957,176,290,3,4,3
wesad-S2-e1-channel_fault-c0-M1,0,wesad,wesad-S2-e1,conflict_timing,4556.0,M1,test,S2,channel_fault,2,1,175,0.011428571428571429,169,274,1,1,1
wesad-S2-e1-channel_fault-c1-M1,1,wesad,wesad-S2-e1,conflict_timing,4586.0,M1,test,S2,channel_fault,2,1,191,0.010471204188481676,169,274,1,1,1
wesad-S2-e1-channel_fault-c2-M1,2,wesad,wesad-S2-e1,conflict_timing,4646.0,M1,test,S2,channel_fault,2,1,216,0.009259259259259259,170,274,1,1,1
wesad-S2-e1-clean-c0-M1,0,wesad,wesad-S2-e1,conflict_timing,4556.0,M1,test,S2,clean,2,1,175,0.011428571428571429,169,274,1,1,1
wesad-S2-e1-clean-c1-M1,1,wesad,wesad-S2-e1,conflict_timing,4586.0,M1,test,S2,clean,2,1,180,0.011111111111111112,170,274,1,1,1
wesad-S2-e1-clean-c2-M1,2,wesad,wesad-S2-e1,conflict_timing,4646.0,M1,test,S2,clean,2,1,187,0.0106951871657754,171,274,1,1,1
wesad-S2-e1-correction-c0-M1,0,wesad,wesad-S2-e1,conflict_timing,4556.0,M1,test,S2,correction,2,1,175,0.011428571428571429,169,274,1,1,1
wesad-S2-e1-correction-c1-M1,1,wesad,wesad-S2-e1,conflict_timing,4586.0,M1,test,S2,correction,2,1,181,0.011049723756906077,169,274,1,1,1
wesad-S2-e1-correction-c2-M1,2,wesad,wesad-S2-e1,conflict_timing,4646.0,M1,test,S2,correction,2,1,190,0.010526315789473684,170,274,1,1,1
wesad-S2-e1-delayed-c0-M1,0,wesad,wesad-S2-e1,conflict_timing,4556.0,M1,test,S2,delayed,0,0,173,0.0,167,270,0,0,0
wesad-S2-e1-delayed-c1-M1,1,wesad,wesad-S2-e1,conflict_timing,4586.0,M1,test,S2,delayed,0,0,174,0.0,167,270,0,0,0
wesad-S2-e1-delayed-c2-M1,2,wesad,wesad-S2-e1,conflict_timing,4646.0,M1,test,S2,delayed,2,1,177,0.011299435028248588,169,274,1,1,1
wesad-S6-e0-channel_fault-c0-M1,0,wesad,wesad-S6-e0,revision_impact,1766.0,M1,test,S6,channel_fault,6,3,177,0.03389830508474576,171,278,3,3,3
wesad-S6-e0-channel_fault-c1-M1,1,wesad,wesad-S6-e0,revision_impact,1796.0,M1,test,S6,channel_fault,6,3,198,0.030303030303030304,173,280,3,3,3
wesad-S6-e0-channel_fault-c2-M1,2,wesad,wesad-S6-e0,revision_impact,1856.0,M1,test,S6,channel_fault,6,3,233,0.02575107296137339,176,282,3,3,3
wesad-S6-e0-clean-c0-M1,0,wesad,wesad-S6-e0,revision_impact,1766.0,M1,test,S6,clean,6,3,177,0.03389830508474576,171,278,3,3,3
wesad-S6-e0-clean-c1-M1,1,wesad,wesad-S6-e0,revision_impact,1796.0,M1,test,S6,clean,6,3,184,0.03260869565217391,174,282,3,3,3
wesad-S6-e0-clean-c2-M1,2,wesad,wesad-S6-e0,revision_impact,1856.0,M1,test,S6,clean,6,3,193,0.031088082901554404,177,286,3,3,3
wesad-S6-e0-correction-c0-M1,0,wesad,wesad-S6-e0,revision_impact,1766.0,M1,test,S6,correction,6,3,177,0.03389830508474576,171,278,3,3,3
wesad-S6-e0-correction-c1-M1,1,wesad,wesad-S6-e0,revision_impact,1796.0,M1,test,S6,correction,6,3,185,0.032432432432432434,173,282,3,3,3
wesad-S6-e0-correction-c2-M1,2,wesad,wesad-S6-e0,revision_impact,1856.0,M1,test,S6,correction,6,3,196,0.030612244897959183,176,286,3,3,3
wesad-S6-e0-delayed-c0-M1,0,wesad,wesad-S6-e0,revision_impact,1766.0,M1,test,S6,delayed,2,1,174,0.011494252873563218,168,272,1,1,1
wesad-S6-e0-delayed-c1-M1,1,wesad,wesad-S6-e0,revision_impact,1796.0,M1,test,S6,delayed,2,1,176,0.011363636363636364,169,274,1,1,1
wesad-S6-e0-delayed-c2-M1,2,wesad,wesad-S6-e0,revision_impact,1856.0,M1,test,S6,delayed,4,2,180,0.022222222222222223,172,280,2,2,2
wesad-S6-e1-channel_fault-c0-M1,0,wesad,wesad-S6-e1,evidence_sufficiency,5301.0,M1,test,S6,channel_fault,7,4,178,0.03932584269662921,172,280,3,4,3
wesad-S6-e1-channel_fault-c1-M1,1,wesad,wesad-S6-e1,evidence_sufficiency,5331.0,M1,test,S6,channel_fault,7,4,199,0.035175879396984924,173,284,3,4,3
wesad-S6-e1-channel_fault-c2-M1,2,wesad,wesad-S6-e1,evidence_sufficiency,5391.0,M1,test,S6,channel_fault,7,4,232,0.03017241379310345,176,288,3,4,3
wesad-S6-e1-clean-c0-M1,0,wesad,wesad-S6-e1,evidence_sufficiency,5301.0,M1,test,S6,clean,7,4,178,0.03932584269662921,172,280,3,4,3
wesad-S6-e1-clean-c1-M1,1,wesad,wesad-S6-e1,evidence_sufficiency,5331.0,M1,test,S6,clean,7,4,185,0.03783783783783784,175,286,3,4,3
wesad-S6-e1-clean-c2-M1,2,wesad,wesad-S6-e1,evidence_sufficiency,5391.0,M1,test,S6,clean,7,4,194,0.03608247422680412,178,292,3,4,3
wesad-S6-e1-correction-c0-M1,0,wesad,wesad-S6-e1,evidence_sufficiency,5301.0,M1,test,S6,correction,7,4,178,0.03932584269662921,172,280,3,4,3
wesad-S6-e1-correction-c1-M1,1,wesad,wesad-S6-e1,evidence_sufficiency,5331.0,M1,test,S6,correction,7,4,186,0.03763440860215054,174,286,3,4,3
wesad-S6-e1-correction-c2-M1,2,wesad,wesad-S6-e1,evidence_sufficiency,5391.0,M1,test,S6,correction,7,4,197,0.03553299492385787,177,292,3,4,3
wesad-S6-e1-delayed-c0-M1,0,wesad,wesad-S6-e1,evidence_sufficiency,5301.0,M1,test,S6,delayed,5,3,176,0.028409090909090908,170,276,2,3,2
wesad-S6-e1-delayed-c1-M1,1,wesad,wesad-S6-e1,evidence_sufficiency,5331.0,M1,test,S6,delayed,5,3,179,0.027932960893854747,172,282,2,3,2
wesad-S6-e1-delayed-c2-M1,2,wesad,wesad-S6-e1,evidence_sufficiency,5391.0,M1,test,S6,delayed,7,4,184,0.03804347826086957,176,292,3,4,3
wesad-S7-e0-channel_fault-c0-M1,0,wesad,wesad-S7-e0,evidence_sufficiency,1306.0,M1,test,S7,channel_fault,7,4,178,0.03932584269662921,172,280,3,4,3
wesad-S7-e0-channel_fault-c1-M1,1,wesad,wesad-S7-e0,evidence_sufficiency,1336.0,M1,test,S7,channel_fault,7,4,199,0.035175879396984924,174,284,3,4,3
wesad-S7-e0-channel_fault-c2-M1,2,wesad,wesad-S7-e0,evidence_sufficiency,1396.0,M1,test,S7,channel_fault,7,4,234,0.029914529914529916,177,288,3,4,3
wesad-S7-e0-clean-c0-M1,0,wesad,wesad-S7-e0,evidence_sufficiency,1306.0,M1,test,S7,clean,7,4,178,0.03932584269662921,172,280,3,4,3
wesad-S7-e0-clean-c1-M1,1,wesad,wesad-S7-e0,evidence_sufficiency,1336.0,M1,test,S7,clean,7,4,185,0.03783783783783784,175,286,3,4,3
wesad-S7-e0-clean-c2-M1,2,wesad,wesad-S7-e0,evidence_sufficiency,1396.0,M1,test,S7,clean,7,4,194,0.03608247422680412,178,292,3,4,3
wesad-S7-e0-correction-c0-M1,0,wesad,wesad-S7-e0,evidence_sufficiency,1306.0,M1,test,S7,correction,7,4,178,0.03932584269662921,172,280,3,4,3
wesad-S7-e0-correction-c1-M1,1,wesad,wesad-S7-e0,evidence_sufficiency,1336.0,M1,test,S7,correction,7,4,186,0.03763440860215054,174,286,3,4,3
wesad-S7-e0-correction-c2-M1,2,wesad,wesad-S7-e0,evidence_sufficiency,1396.0,M1,test,S7,correction,7,4,197,0.03553299492385787,177,292,3,4,3
wesad-S7-e0-delayed-c0-M1,0,wesad,wesad-S7-e0,evidence_sufficiency,1306.0,M1,test,S7,delayed,5,3,176,0.028409090909090908,170,276,2,3,2
wesad-S7-e0-delayed-c1-M1,1,wesad,wesad-S7-e0,evidence_sufficiency,1336.0,M1,test,S7,delayed,5,3,179,0.027932960893854747,172,282,2,3,2
wesad-S7-e0-delayed-c2-M1,2,wesad,wesad-S7-e0,evidence_sufficiency,1396.0,M1,test,S7,delayed,7,4,184,0.03804347826086957,176,292,3,4,3
wesad-S7-e1-channel_fault-c0-M1,0,wesad,wesad-S7-e1,current_evidence,3926.0,M1,test,S7,channel_fault,2,1,175,0.011428571428571429,169,274,1,1,1
wesad-S7-e1-channel_fault-c1-M1,1,wesad,wesad-S7-e1,current_evidence,3956.0,M1,test,S7,channel_fault,2,1,190,0.010526315789473684,170,274,1,1,1
wesad-S7-e1-channel_fault-c2-M1,2,wesad,wesad-S7-e1,current_evidence,4016.0,M1,test,S7,channel_fault,2,1,213,0.009389671361502348,171,274,1,1,1
wesad-S7-e1-clean-c0-M1,0,wesad,wesad-S7-e1,current_evidence,3926.0,M1,test,S7,clean,2,1,175,0.011428571428571429,169,274,1,1,1
wesad-S7-e1-clean-c1-M1,1,wesad,wesad-S7-e1,current_evidence,3956.0,M1,test,S7,clean,2,1,180,0.011111111111111112,170,274,1,1,1
wesad-S7-e1-clean-c2-M1,2,wesad,wesad-S7-e1,current_evidence,4016.0,M1,test,S7,clean,2,1,187,0.0106951871657754,171,274,1,1,1
wesad-S7-e1-correction-c0-M1,0,wesad,wesad-S7-e1,current_evidence,3926.0,M1,test,S7,correction,2,1,175,0.011428571428571429,169,274,1,1,1
wesad-S7-e1-correction-c1-M1,1,wesad,wesad-S7-e1,current_evidence,3956.0,M1,test,S7,correction,2,1,181,0.011049723756906077,169,274,1,1,1
wesad-S7-e1-correction-c2-M1,2,wesad,wesad-S7-e1,current_evidence,4016.0,M1,test,S7,correction,2,1,190,0.010526315789473684,170,274,1,1,1
wesad-S7-e1-delayed-c0-M1,0,wesad,wesad-S7-e1,current_evidence,3926.0,M1,test,S7,delayed,0,0,173,0.0,167,270,0,0,0
wesad-S7-e1-delayed-c1-M1,1,wesad,wesad-S7-e1,current_evidence,3956.0,M1,test,S7,delayed,0,0,174,0.0,167,270,0,0,0
wesad-S7-e1-delayed-c2-M1,2,wesad,wesad-S7-e1,current_evidence,4016.0,M1,test,S7,delayed,2,1,177,0.011299435028248588,169,274,1,1,1
wesad-S8-e0-channel_fault-c0-M1,0,wesad,wesad-S8-e0,current_evidence,1366.0,M1,test,S8,channel_fault,2,1,175,0.011428571428571429,169,274,1,1,1
wesad-S8-e0-channel_fault-c1-M1,1,wesad,wesad-S8-e0,current_evidence,1396.0,M1,test,S8,channel_fault,2,1,191,0.010471204188481676,169,274,1,1,1
wesad-S8-e0-channel_fault-c2-M1,2,wesad,wesad-S8-e0,current_evidence,1456.0,M1,test,S8,channel_fault,2,1,216,0.009259259259259259,170,274,1,1,1
wesad-S8-e0-clean-c0-M1,0,wesad,wesad-S8-e0,current_evidence,1366.0,M1,test,S8,clean,2,1,175,0.011428571428571429,169,274,1,1,1
wesad-S8-e0-clean-c1-M1,1,wesad,wesad-S8-e0,current_evidence,1396.0,M1,test,S8,clean,2,1,180,0.011111111111111112,170,274,1,1,1
wesad-S8-e0-clean-c2-M1,2,wesad,wesad-S8-e0,current_evidence,1456.0,M1,test,S8,clean,2,1,187,0.0106951871657754,171,274,1,1,1
wesad-S8-e0-correction-c0-M1,0,wesad,wesad-S8-e0,current_evidence,1366.0,M1,test,S8,correction,2,1,175,0.011428571428571429,169,274,1,1,1
wesad-S8-e0-correction-c1-M1,1,wesad,wesad-S8-e0,current_evidence,1396.0,M1,test,S8,correction,2,1,181,0.011049723756906077,169,274,1,1,1
wesad-S8-e0-correction-c2-M1,2,wesad,wesad-S8-e0,current_evidence,1456.0,M1,test,S8,correction,2,1,190,0.010526315789473684,170,274,1,1,1
wesad-S8-e0-delayed-c0-M1,0,wesad,wesad-S8-e0,current_evidence,1366.0,M1,test,S8,delayed,0,0,173,0.0,167,270,0,0,0
wesad-S8-e0-delayed-c1-M1,1,wesad,wesad-S8-e0,current_evidence,1396.0,M1,test,S8,delayed,0,0,174,0.0,167,270,0,0,0
wesad-S8-e0-delayed-c2-M1,2,wesad,wesad-S8-e0,current_evidence,1456.0,M1,test,S8,delayed,2,1,177,0.011299435028248588,169,274,1,1,1
wesad-S8-e1-channel_fault-c0-M1,0,wesad,wesad-S8-e1,revision_impact,4096.0,M1,test,S8,channel_fault,7,4,178,0.03932584269662921,172,280,3,4,3
wesad-S8-e1-channel_fault-c1-M1,1,wesad,wesad-S8-e1,revision_impact,4126.0,M1,test,S8,channel_fault,7,4,196,0.03571428571428571,174,286,3,4,3
wesad-S8-e1-channel_fault-c2-M1,2,wesad,wesad-S8-e1,revision_impact,4186.0,M1,test,S8,channel_fault,7,4,223,0.03139013452914798,177,292,3,4,3
wesad-S8-e1-clean-c0-M1,0,wesad,wesad-S8-e1,revision_impact,4096.0,M1,test,S8,clean,7,4,178,0.03932584269662921,172,280,3,4,3
wesad-S8-e1-clean-c1-M1,1,wesad,wesad-S8-e1,revision_impact,4126.0,M1,test,S8,clean,7,4,185,0.03783783783783784,175,286,3,4,3
wesad-S8-e1-clean-c2-M1,2,wesad,wesad-S8-e1,revision_impact,4186.0,M1,test,S8,clean,7,4,194,0.03608247422680412,178,292,3,4,3
wesad-S8-e1-correction-c0-M1,0,wesad,wesad-S8-e1,revision_impact,4096.0,M1,test,S8,correction,7,4,178,0.03932584269662921,172,280,3,4,3
wesad-S8-e1-correction-c1-M1,1,wesad,wesad-S8-e1,revision_impact,4126.0,M1,test,S8,correction,7,4,186,0.03763440860215054,174,286,3,4,3
wesad-S8-e1-correction-c2-M1,2,wesad,wesad-S8-e1,revision_impact,4186.0,M1,test,S8,correction,7,4,197,0.03553299492385787,177,292,3,4,3
wesad-S8-e1-delayed-c0-M1,0,wesad,wesad-S8-e1,revision_impact,4096.0,M1,test,S8,delayed,5,3,176,0.028409090909090908,170,276,2,3,2
wesad-S8-e1-delayed-c1-M1,1,wesad,wesad-S8-e1,revision_impact,4126.0,M1,test,S8,delayed,5,3,179,0.027932960893854747,172,282,2,3,2
wesad-S8-e1-delayed-c2-M1,2,wesad,wesad-S8-e1,revision_impact,4186.0,M1,test,S8,delayed,7,4,184,0.03804347826086957,176,292,3,4,3
