dataset,projection,relation,source_type,target_type,count
synthetic,stored,DEPENDS_ON,subject,subject,0
synthetic,stored,DEPENDS_ON,subject,sensor,0
synthetic,stored,DEPENDS_ON,subject,observation,0
synthetic,stored,DEPENDS_ON,subject,feature,0
synthetic,stored,DEPENDS_ON,subject,claim,0
synthetic,stored,DEPENDS_ON,subject,explanation,0
synthetic,stored,DEPENDS_ON,subject,review,0
synthetic,stored,DEPENDS_ON,subject,assessment,0
synthetic,stored,DEPENDS_ON,subject,placeholder,0
synthetic,stored,DEPENDS_ON,sensor,subject,0
synthetic,stored,DEPENDS_ON,sensor,sensor,0
synthetic,stored,DEPENDS_ON,sensor,observation,0
synthetic,stored,DEPENDS_ON,sensor,feature,0
synthetic,stored,DEPENDS_ON,sensor,claim,0
synthetic,stored,DEPENDS_ON,sensor,explanation,0
synthetic,stored,DEPENDS_ON,sensor,review,0
synthetic,stored,DEPENDS_ON,sensor,assessment,0
synthetic,stored,DEPENDS_ON,sensor,placeholder,0
synthetic,stored,DEPENDS_ON,observation,subject,0
synthetic,stored,DEPENDS_ON,observation,sensor,0
synthetic,stored,DEPENDS_ON,observation,observation,0
synthetic,stored,DEPENDS_ON,observation,feature,0
synthetic,stored,DEPENDS_ON,observation,claim,0
synthetic,stored,DEPENDS_ON,observation,explanation,0
synthetic,stored,DEPENDS_ON,observation,review,0
synthetic,stored,DEPENDS_ON,observation,assessment,0
synthetic,stored,DEPENDS_ON,observation,placeholder,0
synthetic,stored,DEPENDS_ON,feature,subject,0
synthetic,stored,DEPENDS_ON,feature,sensor,0
synthetic,stored,DEPENDS_ON,feature,observation,11120
synthetic,stored,DEPENDS_ON,feature,feature,0
synthetic,stored,DEPENDS_ON,feature,claim,0
synthetic,stored,DEPENDS_ON,feature,explanation,0
synthetic,stored,DEPENDS_ON,feature,review,0
synthetic,stored,DEPENDS_ON,feature,assessment,0
synthetic,stored,DEPENDS_ON,feature,placeholder,0
synthetic,stored,DEPENDS_ON,claim,subject,0
synthetic,stored,DEPENDS_ON,claim,sensor,0
synthetic,stored,DEPENDS_ON,claim,observation,0
synthetic,stored,DEPENDS_ON,claim,feature,349
synthetic,stored,DEPENDS_ON,claim,claim,13
synthetic,stored,DEPENDS_ON,claim,explanation,0
synthetic,stored,DEPENDS_ON,claim,review,0
synthetic,stored,DEPENDS_ON,claim,assessment,0
synthetic,stored,DEPENDS_ON,claim,placeholder,0
synthetic,stored,DEPENDS_ON,explanation,subject,0
synthetic,stored,DEPENDS_ON,explanation,sensor,0
synthetic,stored,DEPENDS_ON,explanation,observation,0
synthetic,stored,DEPENDS_ON,explanation,feature,0
synthetic,stored,DEPENDS_ON,explanation,claim,430
synthetic,stored,DEPENDS_ON,explanation,explanation,0
synthetic,stored,DEPENDS_ON,explanation,review,0
synthetic,stored,DEPENDS_ON,explanation,assessment,0
synthetic,stored,DEPENDS_ON,explanation,placeholder,0
synthetic,stored,DEPENDS_ON,review,subject,0
synthetic,stored,DEPENDS_ON,review,sensor,0
synthetic,stored,DEPENDS_ON,review,observation,0
synthetic,stored,DEPENDS_ON,review,feature,0
synthetic,stored,DEPENDS_ON,review,claim,0
synthetic,stored,DEPENDS_ON,review,explanation,0
synthetic,stored,DEPENDS_ON,review,review,0
synthetic,stored,DEPENDS_ON,review,assessment,0
synthetic,stored,DEPENDS_ON,review,placeholder,0
synthetic,stored,DEPENDS_ON,assessment,subject,0
synthetic,stored,DEPENDS_ON,assessment,sensor,0
synthetic,stored,DEPENDS_ON,assessment,observation,0
synthetic,stored,DEPENDS_ON,assessment,feature,0
synthetic,stored,DEPENDS_ON,assessment,claim,0
synthetic,stored,DEPENDS_ON,assessment,explanation,0
synthetic,stored,DEPENDS_ON,assessment,review,0
synthetic,stored,DEPENDS_ON,assessment,assessment,0
synthetic,stored,DEPENDS_ON,assessment,placeholder,0
synthetic,stored,DEPENDS_ON,placeholder,subject,0
synthetic,stored,DEPENDS_ON,placeholder,sensor,0
synthetic,stored,DEPENDS_ON,placeholder,observation,0
synthetic,stored,DEPENDS_ON,placeholder,feature,0
synthetic,stored,DEPENDS_ON,placeholder,claim,0
synthetic,stored,DEPENDS_ON,placeholder,explanation,0
synthetic,stored,DEPENDS_ON,placeholder,review,0
synthetic,stored,DEPENDS_ON,placeholder,assessment,0
synthetic,stored,DEPENDS_ON,placeholder,placeholder,0
synthetic,stored,DERIVED_FROM,subject,subject,0
synthetic,stored,DERIVED_FROM,subject,sensor,0
synthetic,stored,DERIVED_FROM,subject,observation,0
synthetic,stored,DERIVED_FROM,subject,feature,0
synthetic,stored,DERIVED_FROM,subject,claim,0
synthetic,stored,DERIVED_FROM,subject,explanation,0
synthetic,stored,DERIVED_FROM,subject,review,0
synthetic,stored,DERIVED_FROM,subject,assessment,0
synthetic,stored,DERIVED_FROM,subject,placeholder,0
synthetic,stored,DERIVED_FROM,sensor,subject,0
synthetic,stored,DERIVED_FROM,sensor,sensor,0
synthetic,stored,DERIVED_FROM,sensor,observation,0
synthetic,stored,DERIVED_FROM,sensor,feature,0
synthetic,stored,DERIVED_FROM,sensor,claim,0
synthetic,stored,DERIVED_FROM,sensor,explanation,0
synthetic,stored,DERIVED_FROM,sensor,review,0
synthetic,stored,DERIVED_FROM,sensor,assessment,0
synthetic,stored,DERIVED_FROM,sensor,placeholder,0
synthetic,stored,DERIVED_FROM,observation,subject,0
synthetic,stored,DERIVED_FROM,observation,sensor,0
synthetic,stored,DERIVED_FROM,observation,observation,0
synthetic,stored,DERIVED_FROM,observation,feature,0
synthetic,stored,DERIVED_FROM,observation,claim,0
synthetic,stored,DERIVED_FROM,observation,explanation,0
synthetic,stored,DERIVED_FROM,observation,review,0
synthetic,stored,DERIVED_FROM,observation,assessment,0
synthetic,stored,DERIVED_FROM,observation,placeholder,0
synthetic,stored,DERIVED_FROM,feature,subject,0
synthetic,stored,DERIVED_FROM,feature,sensor,0
synthetic,stored,DERIVED_FROM,feature,observation,11120
synthetic,stored,DERIVED_FROM,feature,feature,0
synthetic,stored,DERIVED_FROM,feature,claim,0
synthetic,stored,DERIVED_FROM,feature,explanation,0
synthetic,stored,DERIVED_FROM,feature,review,0
synthetic,stored,DERIVED_FROM,feature,assessment,0
synthetic,stored,DERIVED_FROM,feature,placeholder,0
synthetic,stored,DERIVED_FROM,claim,subject,0
synthetic,stored,DERIVED_FROM,claim,sensor,0
synthetic,stored,DERIVED_FROM,claim,observation,0
synthetic,stored,DERIVED_FROM,claim,feature,0
synthetic,stored,DERIVED_FROM,claim,claim,0
synthetic,stored,DERIVED_FROM,claim,explanation,0
synthetic,stored,DERIVED_FROM,claim,review,0
synthetic,stored,DERIVED_FROM,claim,assessment,0
synthetic,stored,DERIVED_FROM,claim,placeholder,0
synthetic,stored,DERIVED_FROM,explanation,subject,0
synthetic,stored,DERIVED_FROM,explanation,sensor,0
synthetic,stored,DERIVED_FROM,explanation,observation,0
synthetic,stored,DERIVED_FROM,explanation,feature,0
synthetic,stored,DERIVED_FROM,explanation,claim,0
synthetic,stored,DERIVED_FROM,explanation,explanation,0
synthetic,stored,DERIVED_FROM,explanation,review,0
synthetic,stored,DERIVED_FROM,explanation,assessment,0
synthetic,stored,DERIVED_FROM,explanation,placeholder,0
synthetic,stored,DERIVED_FROM,review,subject,0
synthetic,stored,DERIVED_FROM,review,sensor,0
synthetic,stored,DERIVED_FROM,review,observation,0
synthetic,stored,DERIVED_FROM,review,feature,0
synthetic,stored,DERIVED_FROM,review,claim,0
synthetic,stored,DERIVED_FROM,review,explanation,0
synthetic,stored,DERIVED_FROM,review,review,0
synthetic,stored,DERIVED_FROM,review,assessment,0
synthetic,stored,DERIVED_FROM,review,placeholder,0
synthetic,stored,DERIVED_FROM,assessment,subject,0
synthetic,stored,DERIVED_FROM,assessment,sensor,0
synthetic,stored,DERIVED_FROM,assessment,observation,0
synthetic,stored,DERIVED_FROM,assessment,feature,0
synthetic,stored,DERIVED_FROM,assessment,claim,0
synthetic,stored,DERIVED_FROM,assessment,explanation,0
synthetic,stored,DERIVED_FROM,assessment,review,0
synthetic,stored,DERIVED_FROM,assessment,assessment,0
synthetic,stored,DERIVED_FROM,assessment,placeholder,0
synthetic,stored,DERIVED_FROM,placeholder,subject,0
synthetic,stored,DERIVED_FROM,placeholder,sensor,0
synthetic,stored,DERIVED_FROM,placeholder,observation,0
synthetic,stored,DERIVED_FROM,placeholder,feature,0
synthetic,stored,DERIVED_FROM,placeholder,claim,0
synthetic,stored,DERIVED_FROM,placeholder,explanation,0
synthetic,stored,DERIVED_FROM,placeholder,review,0
synthetic,stored,DERIVED_FROM,placeholder,assessment,0
synthetic,stored,DERIVED_FROM,placeholder,placeholder,0
synthetic,stored,SUPPORTS,subject,subject,0
synthetic,stored,SUPPORTS,subject,sensor,0
synthetic,stored,SUPPORTS,subject,observation,0
synthetic,stored,SUPPORTS,subject,feature,0
synthetic,stored,SUPPORTS,subject,claim,0
synthetic,stored,SUPPORTS,subject,explanation,0
synthetic,stored,SUPPORTS,subject,review,0
synthetic,stored,SUPPORTS,subject,assessment,0
synthetic,stored,SUPPORTS,subject,placeholder,0
synthetic,stored,SUPPORTS,sensor,subject,0
synthetic,stored,SUPPORTS,sensor,sensor,0
synthetic,stored,SUPPORTS,sensor,observation,0
synthetic,stored,SUPPORTS,sensor,feature,0
synthetic,stored,SUPPORTS,sensor,claim,0
synthetic,stored,SUPPORTS,sensor,explanation,0
synthetic,stored,SUPPORTS,sensor,review,0
synthetic,stored,SUPPORTS,sensor,assessment,0
synthetic,stored,SUPPORTS,sensor,placeholder,0
synthetic,stored,SUPPORTS,observation,subject,0
synthetic,stored,SUPPORTS,observation,sensor,0
synthetic,stored,SUPPORTS,observation,observation,0
synthetic,stored,SUPPORTS,observation,feature,0
synthetic,stored,SUPPORTS,observation,claim,0
synthetic,stored,SUPPORTS,observation,explanation,0
synthetic,stored,SUPPORTS,observation,review,0
synthetic,stored,SUPPORTS,observation,assessment,0
synthetic,stored,SUPPORTS,observation,placeholder,0
synthetic,stored,SUPPORTS,feature,subject,0
synthetic,stored,SUPPORTS,feature,sensor,0
synthetic,stored,SUPPORTS,feature,observation,0
synthetic,stored,SUPPORTS,feature,feature,0
synthetic,stored,SUPPORTS,feature,claim,349
synthetic,stored,SUPPORTS,feature,explanation,0
synthetic,stored,SUPPORTS,feature,review,0
synthetic,stored,SUPPORTS,feature,assessment,0
synthetic,stored,SUPPORTS,feature,placeholder,0
synthetic,stored,SUPPORTS,claim,subject,0
synthetic,stored,SUPPORTS,claim,sensor,0
synthetic,stored,SUPPORTS,claim,observation,0
synthetic,stored,SUPPORTS,claim,feature,0
synthetic,stored,SUPPORTS,claim,claim,13
synthetic,stored,SUPPORTS,claim,explanation,0
synthetic,stored,SUPPORTS,claim,review,0
synthetic,stored,SUPPORTS,claim,assessment,0
synthetic,stored,SUPPORTS,claim,placeholder,0
synthetic,stored,SUPPORTS,explanation,subject,0
synthetic,stored,SUPPORTS,explanation,sensor,0
synthetic,stored,SUPPORTS,explanation,observation,0
synthetic,stored,SUPPORTS,explanation,feature,0
synthetic,stored,SUPPORTS,explanation,claim,0
synthetic,stored,SUPPORTS,explanation,explanation,0
synthetic,stored,SUPPORTS,explanation,review,0
synthetic,stored,SUPPORTS,explanation,assessment,0
synthetic,stored,SUPPORTS,explanation,placeholder,0
synthetic,stored,SUPPORTS,review,subject,0
synthetic,stored,SUPPORTS,review,sensor,0
synthetic,stored,SUPPORTS,review,observation,0
synthetic,stored,SUPPORTS,review,feature,0
synthetic,stored,SUPPORTS,review,claim,0
synthetic,stored,SUPPORTS,review,explanation,0
synthetic,stored,SUPPORTS,review,review,0
synthetic,stored,SUPPORTS,review,assessment,0
synthetic,stored,SUPPORTS,review,placeholder,0
synthetic,stored,SUPPORTS,assessment,subject,0
synthetic,stored,SUPPORTS,assessment,sensor,0
synthetic,stored,SUPPORTS,assessment,observation,0
synthetic,stored,SUPPORTS,assessment,feature,0
synthetic,stored,SUPPORTS,assessment,claim,0
synthetic,stored,SUPPORTS,assessment,explanation,0
synthetic,stored,SUPPORTS,assessment,review,0
synthetic,stored,SUPPORTS,assessment,assessment,0
synthetic,stored,SUPPORTS,assessment,placeholder,0
synthetic,stored,SUPPORTS,placeholder,subject,0
synthetic,stored,SUPPORTS,placeholder,sensor,0
synthetic,stored,SUPPORTS,placeholder,observation,0
synthetic,stored,SUPPORTS,placeholder,feature,0
synthetic,stored,SUPPORTS,placeholder,claim,0
synthetic,stored,SUPPORTS,placeholder,explanation,0
synthetic,stored,SUPPORTS,placeholder,review,0
synthetic,stored,SUPPORTS,placeholder,assessment,0
synthetic,stored,SUPPORTS,placeholder,placeholder,0
synthetic,stored,FOR_SUBJECT,subject,subject,0
synthetic,stored,FOR_SUBJECT,subject,sensor,0
synthetic,stored,FOR_SUBJECT,subject,observation,0
synthetic,stored,FOR_SUBJECT,subject,feature,0
synthetic,stored,FOR_SUBJECT,subject,claim,0
synthetic,stored,FOR_SUBJECT,subject,explanation,0
synthetic,stored,FOR_SUBJECT,subject,review,0
synthetic,stored,FOR_SUBJECT,subject,assessment,0
synthetic,stored,FOR_SUBJECT,subject,placeholder,0
synthetic,stored,FOR_SUBJECT,sensor,subject,320
synthetic,stored,FOR_SUBJECT,sensor,sensor,0
synthetic,stored,FOR_SUBJECT,sensor,observation,0
synthetic,stored,FOR_SUBJECT,sensor,feature,0
synthetic,stored,FOR_SUBJECT,sensor,claim,0
synthetic,stored,FOR_SUBJECT,sensor,explanation,0
synthetic,stored,FOR_SUBJECT,sensor,review,0
synthetic,stored,FOR_SUBJECT,sensor,assessment,0
synthetic,stored,FOR_SUBJECT,sensor,placeholder,0
synthetic,stored,FOR_SUBJECT,observation,subject,2600
synthetic,stored,FOR_SUBJECT,observation,sensor,0
synthetic,stored,FOR_SUBJECT,observation,observation,0
synthetic,stored,FOR_SUBJECT,observation,feature,0
synthetic,stored,FOR_SUBJECT,observation,claim,0
synthetic,stored,FOR_SUBJECT,observation,explanation,0
synthetic,stored,FOR_SUBJECT,observation,review,0
synthetic,stored,FOR_SUBJECT,observation,assessment,0
synthetic,stored,FOR_SUBJECT,observation,placeholder,0
synthetic,stored,FOR_SUBJECT,feature,subject,11120
synthetic,stored,FOR_SUBJECT,feature,sensor,0
synthetic,stored,FOR_SUBJECT,feature,observation,0
synthetic,stored,FOR_SUBJECT,feature,feature,0
synthetic,stored,FOR_SUBJECT,feature,claim,0
synthetic,stored,FOR_SUBJECT,feature,explanation,0
synthetic,stored,FOR_SUBJECT,feature,review,0
synthetic,stored,FOR_SUBJECT,feature,assessment,0
synthetic,stored,FOR_SUBJECT,feature,placeholder,0
synthetic,stored,FOR_SUBJECT,claim,subject,336
synthetic,stored,FOR_SUBJECT,claim,sensor,0
synthetic,stored,FOR_SUBJECT,claim,observation,0
synthetic,stored,FOR_SUBJECT,claim,feature,0
synthetic,stored,FOR_SUBJECT,claim,claim,0
synthetic,stored,FOR_SUBJECT,claim,explanation,0
synthetic,stored,FOR_SUBJECT,claim,review,0
synthetic,stored,FOR_SUBJECT,claim,assessment,0
synthetic,stored,FOR_SUBJECT,claim,placeholder,0
synthetic,stored,FOR_SUBJECT,explanation,subject,339
synthetic,stored,FOR_SUBJECT,explanation,sensor,0
synthetic,stored,FOR_SUBJECT,explanation,observation,0
synthetic,stored,FOR_SUBJECT,explanation,feature,0
synthetic,stored,FOR_SUBJECT,explanation,claim,0
synthetic,stored,FOR_SUBJECT,explanation,explanation,0
synthetic,stored,FOR_SUBJECT,explanation,review,0
synthetic,stored,FOR_SUBJECT,explanation,assessment,0
synthetic,stored,FOR_SUBJECT,explanation,placeholder,0
synthetic,stored,FOR_SUBJECT,review,subject,0
synthetic,stored,FOR_SUBJECT,review,sensor,0
synthetic,stored,FOR_SUBJECT,review,observation,0
synthetic,stored,FOR_SUBJECT,review,feature,0
synthetic,stored,FOR_SUBJECT,review,claim,0
synthetic,stored,FOR_SUBJECT,review,explanation,0
synthetic,stored,FOR_SUBJECT,review,review,0
synthetic,stored,FOR_SUBJECT,review,assessment,0
synthetic,stored,FOR_SUBJECT,review,placeholder,0
synthetic,stored,FOR_SUBJECT,assessment,subject,0
synthetic,stored,FOR_SUBJECT,assessment,sensor,0
synthetic,stored,FOR_SUBJECT,assessment,observation,0
synthetic,stored,FOR_SUBJECT,assessment,feature,0
synthetic,stored,FOR_SUBJECT,assessment,claim,0
synthetic,stored,FOR_SUBJECT,assessment,explanation,0
synthetic,stored,FOR_SUBJECT,assessment,review,0
synthetic,stored,FOR_SUBJECT,assessment,assessment,0
synthetic,stored,FOR_SUBJECT,assessment,placeholder,0
synthetic,stored,FOR_SUBJECT,placeholder,subject,0
synthetic,stored,FOR_SUBJECT,placeholder,sensor,0
synthetic,stored,FOR_SUBJECT,placeholder,observation,0
synthetic,stored,FOR_SUBJECT,placeholder,feature,0
synthetic,stored,FOR_SUBJECT,placeholder,claim,0
synthetic,stored,FOR_SUBJECT,placeholder,explanation,0
synthetic,stored,FOR_SUBJECT,placeholder,review,0
synthetic,stored,FOR_SUBJECT,placeholder,assessment,0
synthetic,stored,FOR_SUBJECT,placeholder,placeholder,0
synthetic,stored,OBSERVED_BY,subject,subject,0
synthetic,stored,OBSERVED_BY,subject,sensor,0
synthetic,stored,OBSERVED_BY,subject,observation,0
synthetic,stored,OBSERVED_BY,subject,feature,0
synthetic,stored,OBSERVED_BY,subject,claim,0
synthetic,stored,OBSERVED_BY,subject,explanation,0
synthetic,stored,OBSERVED_BY,subject,review,0
synthetic,stored,OBSERVED_BY,subject,assessment,0
synthetic,stored,OBSERVED_BY,subject,placeholder,0
synthetic,stored,OBSERVED_BY,sensor,subject,0
synthetic,stored,OBSERVED_BY,sensor,sensor,0
synthetic,stored,OBSERVED_BY,sensor,observation,0
synthetic,stored,OBSERVED_BY,sensor,feature,0
synthetic,stored,OBSERVED_BY,sensor,claim,0
synthetic,stored,OBSERVED_BY,sensor,explanation,0
synthetic,stored,OBSERVED_BY,sensor,review,0
synthetic,stored,OBSERVED_BY,sensor,assessment,0
synthetic,stored,OBSERVED_BY,sensor,placeholder,0
synthetic,stored,OBSERVED_BY,observation,subject,0
synthetic,stored,OBSERVED_BY,observation,sensor,2600
synthetic,stored,OBSERVED_BY,observation,observation,0
synthetic,stored,OBSERVED_BY,observation,feature,0
synthetic,stored,OBSERVED_BY,observation,claim,0
synthetic,stored,OBSERVED_BY,observation,explanation,0
synthetic,stored,OBSERVED_BY,observation,review,0
synthetic,stored,OBSERVED_BY,observation,assessment,0
synthetic,stored,OBSERVED_BY,observation,placeholder,0
synthetic,stored,OBSERVED_BY,feature,subject,0
synthetic,stored,OBSERVED_BY,feature,sensor,0
synthetic,stored,OBSERVED_BY,feature,observation,0
synthetic,stored,OBSERVED_BY,feature,feature,0
synthetic,stored,OBSERVED_BY,feature,claim,0
synthetic,stored,OBSERVED_BY,feature,explanation,0
synthetic,stored,OBSERVED_BY,feature,review,0
synthetic,stored,OBSERVED_BY,feature,assessment,0
synthetic,stored,OBSERVED_BY,feature,placeholder,0
synthetic,stored,OBSERVED_BY,claim,subject,0
synthetic,stored,OBSERVED_BY,claim,sensor,0
synthetic,stored,OBSERVED_BY,claim,observation,0
synthetic,stored,OBSERVED_BY,claim,feature,0
synthetic,stored,OBSERVED_BY,claim,claim,0
synthetic,stored,OBSERVED_BY,claim,explanation,0
synthetic,stored,OBSERVED_BY,claim,review,0
synthetic,stored,OBSERVED_BY,claim,assessment,0
synthetic,stored,OBSERVED_BY,claim,placeholder,0
synthetic,stored,OBSERVED_BY,explanation,subject,0
synthetic,stored,OBSERVED_BY,explanation,sensor,0
synthetic,stored,OBSERVED_BY,explanation,observation,0
synthetic,stored,OBSERVED_BY,explanation,feature,0
synthetic,stored,OBSERVED_BY,explanation,claim,0
synthetic,stored,OBSERVED_BY,explanation,explanation,0
synthetic,stored,OBSERVED_BY,explanation,review,0
synthetic,stored,OBSERVED_BY,explanation,assessment,0
synthetic,stored,OBSERVED_BY,explanation,placeholder,0
synthetic,stored,OBSERVED_BY,review,subject,0
synthetic,stored,OBSERVED_BY,review,sensor,0
synthetic,stored,OBSERVED_BY,review,observation,0
synthetic,stored,OBSERVED_BY,review,feature,0
synthetic,stored,OBSERVED_BY,review,claim,0
synthetic,stored,OBSERVED_BY,review,explanation,0
synthetic,stored,OBSERVED_BY,review,review,0
synthetic,stored,OBSERVED_BY,review,assessment,0
synthetic,stored,OBSERVED_BY,review,placeholder,0
synthetic,stored,OBSERVED_BY,assessment,subject,0
synthetic,stored,OBSERVED_BY,assessment,sensor,0
synthetic,stored,OBSERVED_BY,assessment,observation,0
synthetic,stored,OBSERVED_BY,assessment,feature,0
synthetic,stored,OBSERVED_BY,assessment,claim,0
synthetic,stored,OBSERVED_BY,assessment,explanation,0
synthetic,stored,OBSERVED_BY,assessment,review,0
synthetic,stored,OBSERVED_BY,assessment,assessment,0
synthetic,stored,OBSERVED_BY,assessment,placeholder,0
synthetic,stored,OBSERVED_BY,placeholder,subject,0
synthetic,stored,OBSERVED_BY,placeholder,sensor,0
synthetic,stored,OBSERVED_BY,placeholder,observation,0
synthetic,stored,OBSERVED_BY,placeholder,feature,0
synthetic,stored,OBSERVED_BY,placeholder,claim,0
synthetic,stored,OBSERVED_BY,placeholder,explanation,0
synthetic,stored,OBSERVED_BY,placeholder,review,0
synthetic,stored,OBSERVED_BY,placeholder,assessment,0
synthetic,stored,OBSERVED_BY,placeholder,placeholder,0
synthetic,stored,SUPERSEDES,subject,subject,0
synthetic,stored,SUPERSEDES,subject,sensor,0
synthetic,stored,SUPERSEDES,subject,observation,0
synthetic,stored,SUPERSEDES,subject,feature,0
synthetic,stored,SUPERSEDES,subject,claim,0
synthetic,stored,SUPERSEDES,subject,explanation,0
synthetic,stored,SUPERSEDES,subject,review,0
synthetic,stored,SUPERSEDES,subject,assessment,0
synthetic,stored,SUPERSEDES,subject,placeholder,0
synthetic,stored,SUPERSEDES,sensor,subject,0
synthetic,stored,SUPERSEDES,sensor,sensor,0
synthetic,stored,SUPERSEDES,sensor,observation,0
synthetic,stored,SUPERSEDES,sensor,feature,0
synthetic,stored,SUPERSEDES,sensor,claim,0
synthetic,stored,SUPERSEDES,sensor,explanation,0
synthetic,stored,SUPERSEDES,sensor,review,0
synthetic,stored,SUPERSEDES,sensor,assessment,0
synthetic,stored,SUPERSEDES,sensor,placeholder,0
synthetic,stored,SUPERSEDES,observation,subject,0
synthetic,stored,SUPERSEDES,observation,sensor,0
synthetic,stored,SUPERSEDES,observation,observation,40
synthetic,stored,SUPERSEDES,observation,feature,0
synthetic,stored,SUPERSEDES,observation,claim,0
synthetic,stored,SUPERSEDES,observation,explanation,0
synthetic,stored,SUPERSEDES,observation,review,0
synthetic,stored,SUPERSEDES,observation,assessment,0
synthetic,stored,SUPERSEDES,observation,placeholder,0
synthetic,stored,SUPERSEDES,feature,subject,0
synthetic,stored,SUPERSEDES,feature,sensor,0
synthetic,stored,SUPERSEDES,feature,observation,0
synthetic,stored,SUPERSEDES,feature,feature,240
synthetic,stored,SUPERSEDES,feature,claim,0
synthetic,stored,SUPERSEDES,feature,explanation,0
synthetic,stored,SUPERSEDES,feature,review,0
synthetic,stored,SUPERSEDES,feature,assessment,0
synthetic,stored,SUPERSEDES,feature,placeholder,0
synthetic,stored,SUPERSEDES,claim,subject,0
synthetic,stored,SUPERSEDES,claim,sensor,0
synthetic,stored,SUPERSEDES,claim,observation,0
synthetic,stored,SUPERSEDES,claim,feature,0
synthetic,stored,SUPERSEDES,claim,claim,0
synthetic,stored,SUPERSEDES,claim,explanation,0
synthetic,stored,SUPERSEDES,claim,review,0
synthetic,stored,SUPERSEDES,claim,assessment,0
synthetic,stored,SUPERSEDES,claim,placeholder,0
synthetic,stored,SUPERSEDES,explanation,subject,0
synthetic,stored,SUPERSEDES,explanation,sensor,0
synthetic,stored,SUPERSEDES,explanation,observation,0
synthetic,stored,SUPERSEDES,explanation,feature,0
synthetic,stored,SUPERSEDES,explanation,claim,0
synthetic,stored,SUPERSEDES,explanation,explanation,99
synthetic,stored,SUPERSEDES,explanation,review,0
synthetic,stored,SUPERSEDES,explanation,assessment,0
synthetic,stored,SUPERSEDES,explanation,placeholder,0
synthetic,stored,SUPERSEDES,review,subject,0
synthetic,stored,SUPERSEDES,review,sensor,0
synthetic,stored,SUPERSEDES,review,observation,0
synthetic,stored,SUPERSEDES,review,feature,0
synthetic,stored,SUPERSEDES,review,claim,0
synthetic,stored,SUPERSEDES,review,explanation,0
synthetic,stored,SUPERSEDES,review,review,0
synthetic,stored,SUPERSEDES,review,assessment,0
synthetic,stored,SUPERSEDES,review,placeholder,0
synthetic,stored,SUPERSEDES,assessment,subject,0
synthetic,stored,SUPERSEDES,assessment,sensor,0
synthetic,stored,SUPERSEDES,assessment,observation,0
synthetic,stored,SUPERSEDES,assessment,feature,0
synthetic,stored,SUPERSEDES,assessment,claim,0
synthetic,stored,SUPERSEDES,assessment,explanation,0
synthetic,stored,SUPERSEDES,assessment,review,0
synthetic,stored,SUPERSEDES,assessment,assessment,0
synthetic,stored,SUPERSEDES,assessment,placeholder,0
synthetic,stored,SUPERSEDES,placeholder,subject,0
synthetic,stored,SUPERSEDES,placeholder,sensor,0
synthetic,stored,SUPERSEDES,placeholder,observation,0
synthetic,stored,SUPERSEDES,placeholder,feature,0
synthetic,stored,SUPERSEDES,placeholder,claim,0
synthetic,stored,SUPERSEDES,placeholder,explanation,0
synthetic,stored,SUPERSEDES,placeholder,review,0
synthetic,stored,SUPERSEDES,placeholder,assessment,0
synthetic,stored,SUPERSEDES,placeholder,placeholder,0
synthetic,stored,CONTAINS,subject,subject,0
synthetic,stored,CONTAINS,subject,sensor,0
synthetic,stored,CONTAINS,subject,observation,0
synthetic,stored,CONTAINS,subject,feature,0
synthetic,stored,CONTAINS,subject,claim,0
synthetic,stored,CONTAINS,subject,explanation,0
synthetic,stored,CONTAINS,subject,review,0
synthetic,stored,CONTAINS,subject,assessment,0
synthetic,stored,CONTAINS,subject,placeholder,0
synthetic,stored,CONTAINS,sensor,subject,0
synthetic,stored,CONTAINS,sensor,sensor,0
synthetic,stored,CONTAINS,sensor,observation,0
synthetic,stored,CONTAINS,sensor,feature,0
synthetic,stored,CONTAINS,sensor,claim,0
synthetic,stored,CONTAINS,sensor,explanation,0
synthetic,stored,CONTAINS,sensor,review,0
synthetic,stored,CONTAINS,sensor,assessment,0
synthetic,stored,CONTAINS,sensor,placeholder,0
synthetic,stored,CONTAINS,observation,subject,0
synthetic,stored,CONTAINS,observation,sensor,0
synthetic,stored,CONTAINS,observation,observation,0
synthetic,stored,CONTAINS,observation,feature,0
synthetic,stored,CONTAINS,observation,claim,0
synthetic,stored,CONTAINS,observation,explanation,0
synthetic,stored,CONTAINS,observation,review,0
synthetic,stored,CONTAINS,observation,assessment,0
synthetic,stored,CONTAINS,observation,placeholder,0
synthetic,stored,CONTAINS,feature,subject,0
synthetic,stored,CONTAINS,feature,sensor,0
synthetic,stored,CONTAINS,feature,observation,0
synthetic,stored,CONTAINS,feature,feature,0
synthetic,stored,CONTAINS,feature,claim,0
synthetic,stored,CONTAINS,feature,explanation,0
synthetic,stored,CONTAINS,feature,review,0
synthetic,stored,CONTAINS,feature,assessment,0
synthetic,stored,CONTAINS,feature,placeholder,0
synthetic,stored,CONTAINS,claim,subject,0
synthetic,stored,CONTAINS,claim,sensor,0
synthetic,stored,CONTAINS,claim,observation,0
synthetic,stored,CONTAINS,claim,feature,0
synthetic,stored,CONTAINS,claim,claim,0
synthetic,stored,CONTAINS,claim,explanation,0
synthetic,stored,CONTAINS,claim,review,0
synthetic,stored,CONTAINS,claim,assessment,0
synthetic,stored,CONTAINS,claim,placeholder,0
synthetic,stored,CONTAINS,explanation,subject,0
synthetic,stored,CONTAINS,explanation,sensor,0
synthetic,stored,CONTAINS,explanation,observation,0
synthetic,stored,CONTAINS,explanation,feature,0
synthetic,stored,CONTAINS,explanation,claim,430
synthetic,stored,CONTAINS,explanation,explanation,0
synthetic,stored,CONTAINS,explanation,review,0
synthetic,stored,CONTAINS,explanation,assessment,0
synthetic,stored,CONTAINS,explanation,placeholder,0
synthetic,stored,CONTAINS,review,subject,0
synthetic,stored,CONTAINS,review,sensor,0
synthetic,stored,CONTAINS,review,observation,0
synthetic,stored,CONTAINS,review,feature,0
synthetic,stored,CONTAINS,review,claim,0
synthetic,stored,CONTAINS,review,explanation,0
synthetic,stored,CONTAINS,review,review,0
synthetic,stored,CONTAINS,review,assessment,0
synthetic,stored,CONTAINS,review,placeholder,0
synthetic,stored,CONTAINS,assessment,subject,0
synthetic,stored,CONTAINS,assessment,sensor,0
synthetic,stored,CONTAINS,assessment,observation,0
synthetic,stored,CONTAINS,assessment,feature,0
synthetic,stored,CONTAINS,assessment,claim,0
synthetic,stored,CONTAINS,assessment,explanation,0
synthetic,stored,CONTAINS,assessment,review,0
synthetic,stored,CONTAINS,assessment,assessment,0
synthetic,stored,CONTAINS,assessment,placeholder,0
synthetic,stored,CONTAINS,placeholder,subject,0
synthetic,stored,CONTAINS,placeholder,sensor,0
synthetic,stored,CONTAINS,placeholder,observation,0
synthetic,stored,CONTAINS,placeholder,feature,0
synthetic,stored,CONTAINS,placeholder,claim,0
synthetic,stored,CONTAINS,placeholder,explanation,0
synthetic,stored,CONTAINS,placeholder,review,0
synthetic,stored,CONTAINS,placeholder,assessment,0
synthetic,stored,CONTAINS,placeholder,placeholder,0
synthetic,stored,REVIEWED_BY_EVENT,subject,subject,0
synthetic,stored,REVIEWED_BY_EVENT,subject,sensor,0
synthetic,stored,REVIEWED_BY_EVENT,subject,observation,0
synthetic,stored,REVIEWED_BY_EVENT,subject,feature,0
synthetic,stored,REVIEWED_BY_EVENT,subject,claim,0
synthetic,stored,REVIEWED_BY_EVENT,subject,explanation,0
synthetic,stored,REVIEWED_BY_EVENT,subject,review,0
synthetic,stored,REVIEWED_BY_EVENT,subject,assessment,0
synthetic,stored,REVIEWED_BY_EVENT,subject,placeholder,0
synthetic,stored,REVIEWED_BY_EVENT,sensor,subject,0
synthetic,stored,REVIEWED_BY_EVENT,sensor,sensor,0
synthetic,stored,REVIEWED_BY_EVENT,sensor,observation,0
synthetic,stored,REVIEWED_BY_EVENT,sensor,feature,0
synthetic,stored,REVIEWED_BY_EVENT,sensor,claim,0
synthetic,stored,REVIEWED_BY_EVENT,sensor,explanation,0
synthetic,stored,REVIEWED_BY_EVENT,sensor,review,0
synthetic,stored,REVIEWED_BY_EVENT,sensor,assessment,0
synthetic,stored,REVIEWED_BY_EVENT,sensor,placeholder,0
synthetic,stored,REVIEWED_BY_EVENT,observation,subject,0
synthetic,stored,REVIEWED_BY_EVENT,observation,sensor,0
synthetic,stored,REVIEWED_BY_EVENT,observation,observation,0
synthetic,stored,REVIEWED_BY_EVENT,observation,feature,0
synthetic,stored,REVIEWED_BY_EVENT,observation,claim,0
synthetic,stored,REVIEWED_BY_EVENT,observation,explanation,0
synthetic,stored,REVIEWED_BY_EVENT,observation,review,0
synthetic,stored,REVIEWED_BY_EVENT,observation,assessment,0
synthetic,stored,REVIEWED_BY_EVENT,observation,placeholder,0
synthetic,stored,REVIEWED_BY_EVENT,feature,subject,0
synthetic,stored,REVIEWED_BY_EVENT,feature,sensor,0
synthetic,stored,REVIEWED_BY_EVENT,feature,observation,0
synthetic,stored,REVIEWED_BY_EVENT,feature,feature,0
synthetic,stored,REVIEWED_BY_EVENT,feature,claim,0
synthetic,stored,REVIEWED_BY_EVENT,feature,explanation,0
synthetic,stored,REVIEWED_BY_EVENT,feature,review,0
synthetic,stored,REVIEWED_BY_EVENT,feature,assessment,0
synthetic,stored,REVIEWED_BY_EVENT,feature,placeholder,0
synthetic,stored,REVIEWED_BY_EVENT,claim,subject,0
synthetic,stored,REVIEWED_BY_EVENT,claim,sensor,0
synthetic,stored,REVIEWED_BY_EVENT,claim,observation,0
synthetic,stored,REVIEWED_BY_EVENT,claim,feature,0
synthetic,stored,REVIEWED_BY_EVENT,claim,claim,0
synthetic,stored,REVIEWED_BY_EVENT,claim,explanation,0
synthetic,stored,REVIEWED_BY_EVENT,claim,review,0
synthetic,stored,REVIEWED_BY_EVENT,claim,assessment,0
synthetic,stored,REVIEWED_BY_EVENT,claim,placeholder,0
synthetic,stored,REVIEWED_BY_EVENT,explanation,subject,0
synthetic,stored,REVIEWED_BY_EVENT,explanation,sensor,0
synthetic,stored,REVIEWED_BY_EVENT,explanation,observation,0
synthetic,stored,REVIEWED_BY_EVENT,explanation,feature,0
synthetic,stored,REVIEWED_BY_EVENT,explanation,claim,0
synthetic,stored,REVIEWED_BY_EVENT,explanation,explanation,0
synthetic,stored,REVIEWED_BY_EVENT,explanation,review,0
synthetic,stored,REVIEWED_BY_EVENT,explanation,assessment,0
synthetic,stored,REVIEWED_BY_EVENT,explanation,placeholder,0
synthetic,stored,REVIEWED_BY_EVENT,review,subject,0
synthetic,stored,REVIEWED_BY_EVENT,review,sensor,0
synthetic,stored,REVIEWED_BY_EVENT,review,observation,0
synthetic,stored,REVIEWED_BY_EVENT,review,feature,0
synthetic,stored,REVIEWED_BY_EVENT,review,claim,0
synthetic,stored,REVIEWED_BY_EVENT,review,explanation,0
synthetic,stored,REVIEWED_BY_EVENT,review,review,0
synthetic,stored,REVIEWED_BY_EVENT,review,assessment,0
synthetic,stored,REVIEWED_BY_EVENT,review,placeholder,0
synthetic,stored,REVIEWED_BY_EVENT,assessment,subject,0
synthetic,stored,REVIEWED_BY_EVENT,assessment,sensor,0
synthetic,stored,REVIEWED_BY_EVENT,assessment,observation,0
synthetic,stored,REVIEWED_BY_EVENT,assessment,feature,0
synthetic,stored,REVIEWED_BY_EVENT,assessment,claim,0
synthetic,stored,REVIEWED_BY_EVENT,assessment,explanation,0
synthetic,stored,REVIEWED_BY_EVENT,assessment,review,0
synthetic,stored,REVIEWED_BY_EVENT,assessment,assessment,0
synthetic,stored,REVIEWED_BY_EVENT,assessment,placeholder,0
synthetic,stored,REVIEWED_BY_EVENT,placeholder,subject,0
synthetic,stored,REVIEWED_BY_EVENT,placeholder,sensor,0
synthetic,stored,REVIEWED_BY_EVENT,placeholder,observation,0
synthetic,stored,REVIEWED_BY_EVENT,placeholder,feature,0
synthetic,stored,REVIEWED_BY_EVENT,placeholder,claim,0
synthetic,stored,REVIEWED_BY_EVENT,placeholder,explanation,0
synthetic,stored,REVIEWED_BY_EVENT,placeholder,review,0
synthetic,stored,REVIEWED_BY_EVENT,placeholder,assessment,0
synthetic,stored,REVIEWED_BY_EVENT,placeholder,placeholder,0
synthetic,stored,CONTRADICTS,subject,subject,0
synthetic,stored,CONTRADICTS,subject,sensor,0
synthetic,stored,CONTRADICTS,subject,observation,0
synthetic,stored,CONTRADICTS,subject,feature,0
synthetic,stored,CONTRADICTS,subject,claim,0
synthetic,stored,CONTRADICTS,subject,explanation,0
synthetic,stored,CONTRADICTS,subject,review,0
synthetic,stored,CONTRADICTS,subject,assessment,0
synthetic,stored,CONTRADICTS,subject,placeholder,0
synthetic,stored,CONTRADICTS,sensor,subject,0
synthetic,stored,CONTRADICTS,sensor,sensor,0
synthetic,stored,CONTRADICTS,sensor,observation,0
synthetic,stored,CONTRADICTS,sensor,feature,0
synthetic,stored,CONTRADICTS,sensor,claim,0
synthetic,stored,CONTRADICTS,sensor,explanation,0
synthetic,stored,CONTRADICTS,sensor,review,0
synthetic,stored,CONTRADICTS,sensor,assessment,0
synthetic,stored,CONTRADICTS,sensor,placeholder,0
synthetic,stored,CONTRADICTS,observation,subject,0
synthetic,stored,CONTRADICTS,observation,sensor,0
synthetic,stored,CONTRADICTS,observation,observation,0
synthetic,stored,CONTRADICTS,observation,feature,0
synthetic,stored,CONTRADICTS,observation,claim,13
synthetic,stored,CONTRADICTS,observation,explanation,0
synthetic,stored,CONTRADICTS,observation,review,0
synthetic,stored,CONTRADICTS,observation,assessment,0
synthetic,stored,CONTRADICTS,observation,placeholder,0
synthetic,stored,CONTRADICTS,feature,subject,0
synthetic,stored,CONTRADICTS,feature,sensor,0
synthetic,stored,CONTRADICTS,feature,observation,0
synthetic,stored,CONTRADICTS,feature,feature,0
synthetic,stored,CONTRADICTS,feature,claim,66
synthetic,stored,CONTRADICTS,feature,explanation,0
synthetic,stored,CONTRADICTS,feature,review,0
synthetic,stored,CONTRADICTS,feature,assessment,0
synthetic,stored,CONTRADICTS,feature,placeholder,0
synthetic,stored,CONTRADICTS,claim,subject,0
synthetic,stored,CONTRADICTS,claim,sensor,0
synthetic,stored,CONTRADICTS,claim,observation,0
synthetic,stored,CONTRADICTS,claim,feature,0
synthetic,stored,CONTRADICTS,claim,claim,0
synthetic,stored,CONTRADICTS,claim,explanation,0
synthetic,stored,CONTRADICTS,claim,review,0
synthetic,stored,CONTRADICTS,claim,assessment,0
synthetic,stored,CONTRADICTS,claim,placeholder,0
synthetic,stored,CONTRADICTS,explanation,subject,0
synthetic,stored,CONTRADICTS,explanation,sensor,0
synthetic,stored,CONTRADICTS,explanation,observation,0
synthetic,stored,CONTRADICTS,explanation,feature,0
synthetic,stored,CONTRADICTS,explanation,claim,0
synthetic,stored,CONTRADICTS,explanation,explanation,0
synthetic,stored,CONTRADICTS,explanation,review,0
synthetic,stored,CONTRADICTS,explanation,assessment,0
synthetic,stored,CONTRADICTS,explanation,placeholder,0
synthetic,stored,CONTRADICTS,review,subject,0
synthetic,stored,CONTRADICTS,review,sensor,0
synthetic,stored,CONTRADICTS,review,observation,0
synthetic,stored,CONTRADICTS,review,feature,0
synthetic,stored,CONTRADICTS,review,claim,0
synthetic,stored,CONTRADICTS,review,explanation,0
synthetic,stored,CONTRADICTS,review,review,0
synthetic,stored,CONTRADICTS,review,assessment,0
synthetic,stored,CONTRADICTS,review,placeholder,0
synthetic,stored,CONTRADICTS,assessment,subject,0
synthetic,stored,CONTRADICTS,assessment,sensor,0
synthetic,stored,CONTRADICTS,assessment,observation,0
synthetic,stored,CONTRADICTS,assessment,feature,0
synthetic,stored,CONTRADICTS,assessment,claim,0
synthetic,stored,CONTRADICTS,assessment,explanation,0
synthetic,stored,CONTRADICTS,assessment,review,0
synthetic,stored,CONTRADICTS,assessment,assessment,0
synthetic,stored,CONTRADICTS,assessment,placeholder,0
synthetic,stored,CONTRADICTS,placeholder,subject,0
synthetic,stored,CONTRADICTS,placeholder,sensor,0
synthetic,stored,CONTRADICTS,placeholder,observation,0
synthetic,stored,CONTRADICTS,placeholder,feature,0
synthetic,stored,CONTRADICTS,placeholder,claim,0
synthetic,stored,CONTRADICTS,placeholder,explanation,0
synthetic,stored,CONTRADICTS,placeholder,review,0
synthetic,stored,CONTRADICTS,placeholder,assessment,0
synthetic,stored,CONTRADICTS,placeholder,placeholder,0
synthetic,stored,ASSESSED_AS,subject,subject,0
synthetic,stored,ASSESSED_AS,subject,sensor,0
synthetic,stored,ASSESSED_AS,subject,observation,0
synthetic,stored,ASSESSED_AS,subject,feature,0
synthetic,stored,ASSESSED_AS,subject,claim,0
synthetic,stored,ASSESSED_AS,subject,explanation,0
synthetic,stored,ASSESSED_AS,subject,review,0
synthetic,stored,ASSESSED_AS,subject,assessment,0
synthetic,stored,ASSESSED_AS,subject,placeholder,0
synthetic,stored,ASSESSED_AS,sensor,subject,0
synthetic,stored,ASSESSED_AS,sensor,sensor,0
synthetic,stored,ASSESSED_AS,sensor,observation,0
synthetic,stored,ASSESSED_AS,sensor,feature,0
synthetic,stored,ASSESSED_AS,sensor,claim,0
synthetic,stored,ASSESSED_AS,sensor,explanation,0
synthetic,stored,ASSESSED_AS,sensor,review,0
synthetic,stored,ASSESSED_AS,sensor,assessment,0
synthetic,stored,ASSESSED_AS,sensor,placeholder,0
synthetic,stored,ASSESSED_AS,observation,subject,0
synthetic,stored,ASSESSED_AS,observation,sensor,0
synthetic,stored,ASSESSED_AS,observation,observation,0
synthetic,stored,ASSESSED_AS,observation,feature,0
synthetic,stored,ASSESSED_AS,observation,claim,0
synthetic,stored,ASSESSED_AS,observation,explanation,0
synthetic,stored,ASSESSED_AS,observation,review,0
synthetic,stored,ASSESSED_AS,observation,assessment,0
synthetic,stored,ASSESSED_AS,observation,placeholder,0
synthetic,stored,ASSESSED_AS,feature,subject,0
synthetic,stored,ASSESSED_AS,feature,sensor,0
synthetic,stored,ASSESSED_AS,feature,observation,0
synthetic,stored,ASSESSED_AS,feature,feature,0
synthetic,stored,ASSESSED_AS,feature,claim,0
synthetic,stored,ASSESSED_AS,feature,explanation,0
synthetic,stored,ASSESSED_AS,feature,review,0
synthetic,stored,ASSESSED_AS,feature,assessment,240
synthetic,stored,ASSESSED_AS,feature,placeholder,0
synthetic,stored,ASSESSED_AS,claim,subject,0
synthetic,stored,ASSESSED_AS,claim,sensor,0
synthetic,stored,ASSESSED_AS,claim,observation,0
synthetic,stored,ASSESSED_AS,claim,feature,0
synthetic,stored,ASSESSED_AS,claim,claim,0
synthetic,stored,ASSESSED_AS,claim,explanation,0
synthetic,stored,ASSESSED_AS,claim,review,0
synthetic,stored,ASSESSED_AS,claim,assessment,296
synthetic,stored,ASSESSED_AS,claim,placeholder,0
synthetic,stored,ASSESSED_AS,explanation,subject,0
synthetic,stored,ASSESSED_AS,explanation,sensor,0
synthetic,stored,ASSESSED_AS,explanation,observation,0
synthetic,stored,ASSESSED_AS,explanation,feature,0
synthetic,stored,ASSESSED_AS,explanation,claim,0
synthetic,stored,ASSESSED_AS,explanation,explanation,0
synthetic,stored,ASSESSED_AS,explanation,review,0
synthetic,stored,ASSESSED_AS,explanation,assessment,265
synthetic,stored,ASSESSED_AS,explanation,placeholder,0
synthetic,stored,ASSESSED_AS,review,subject,0
synthetic,stored,ASSESSED_AS,review,sensor,0
synthetic,stored,ASSESSED_AS,review,observation,0
synthetic,stored,ASSESSED_AS,review,feature,0
synthetic,stored,ASSESSED_AS,review,claim,0
synthetic,stored,ASSESSED_AS,review,explanation,0
synthetic,stored,ASSESSED_AS,review,review,0
synthetic,stored,ASSESSED_AS,review,assessment,0
synthetic,stored,ASSESSED_AS,review,placeholder,0
synthetic,stored,ASSESSED_AS,assessment,subject,0
synthetic,stored,ASSESSED_AS,assessment,sensor,0
synthetic,stored,ASSESSED_AS,assessment,observation,0
synthetic,stored,ASSESSED_AS,assessment,feature,0
synthetic,stored,ASSESSED_AS,assessment,claim,0
synthetic,stored,ASSESSED_AS,assessment,explanation,0
synthetic,stored,ASSESSED_AS,assessment,review,0
synthetic,stored,ASSESSED_AS,assessment,assessment,0
synthetic,stored,ASSESSED_AS,assessment,placeholder,0
synthetic,stored,ASSESSED_AS,placeholder,subject,0
synthetic,stored,ASSESSED_AS,placeholder,sensor,0
synthetic,stored,ASSESSED_AS,placeholder,observation,0
synthetic,stored,ASSESSED_AS,placeholder,feature,0
synthetic,stored,ASSESSED_AS,placeholder,claim,0
synthetic,stored,ASSESSED_AS,placeholder,explanation,0
synthetic,stored,ASSESSED_AS,placeholder,review,0
synthetic,stored,ASSESSED_AS,placeholder,assessment,0
synthetic,stored,ASSESSED_AS,placeholder,placeholder,0
synthetic,stored,CURRENT_CITATION_PATH,subject,subject,0
synthetic,stored,CURRENT_CITATION_PATH,subject,sensor,0
synthetic,stored,CURRENT_CITATION_PATH,subject,observation,0
synthetic,stored,CURRENT_CITATION_PATH,subject,feature,0
synthetic,stored,CURRENT_CITATION_PATH,subject,claim,0
synthetic,stored,CURRENT_CITATION_PATH,subject,explanation,0
synthetic,stored,CURRENT_CITATION_PATH,subject,review,0
synthetic,stored,CURRENT_CITATION_PATH,subject,assessment,0
synthetic,stored,CURRENT_CITATION_PATH,subject,placeholder,0
synthetic,stored,CURRENT_CITATION_PATH,sensor,subject,0
synthetic,stored,CURRENT_CITATION_PATH,sensor,sensor,0
synthetic,stored,CURRENT_CITATION_PATH,sensor,observation,0
synthetic,stored,CURRENT_CITATION_PATH,sensor,feature,0
synthetic,stored,CURRENT_CITATION_PATH,sensor,claim,0
synthetic,stored,CURRENT_CITATION_PATH,sensor,explanation,0
synthetic,stored,CURRENT_CITATION_PATH,sensor,review,0
synthetic,stored,CURRENT_CITATION_PATH,sensor,assessment,0
synthetic,stored,CURRENT_CITATION_PATH,sensor,placeholder,0
synthetic,stored,CURRENT_CITATION_PATH,observation,subject,0
synthetic,stored,CURRENT_CITATION_PATH,observation,sensor,0
synthetic,stored,CURRENT_CITATION_PATH,observation,observation,0
synthetic,stored,CURRENT_CITATION_PATH,observation,feature,0
synthetic,stored,CURRENT_CITATION_PATH,observation,claim,0
synthetic,stored,CURRENT_CITATION_PATH,observation,explanation,0
synthetic,stored,CURRENT_CITATION_PATH,observation,review,0
synthetic,stored,CURRENT_CITATION_PATH,observation,assessment,0
synthetic,stored,CURRENT_CITATION_PATH,observation,placeholder,0
synthetic,stored,CURRENT_CITATION_PATH,feature,subject,0
synthetic,stored,CURRENT_CITATION_PATH,feature,sensor,0
synthetic,stored,CURRENT_CITATION_PATH,feature,observation,0
synthetic,stored,CURRENT_CITATION_PATH,feature,feature,0
synthetic,stored,CURRENT_CITATION_PATH,feature,claim,0
synthetic,stored,CURRENT_CITATION_PATH,feature,explanation,0
synthetic,stored,CURRENT_CITATION_PATH,feature,review,0
synthetic,stored,CURRENT_CITATION_PATH,feature,assessment,0
synthetic,stored,CURRENT_CITATION_PATH,feature,placeholder,0
synthetic,stored,CURRENT_CITATION_PATH,claim,subject,0
synthetic,stored,CURRENT_CITATION_PATH,claim,sensor,0
synthetic,stored,CURRENT_CITATION_PATH,claim,observation,0
synthetic,stored,CURRENT_CITATION_PATH,claim,feature,0
synthetic,stored,CURRENT_CITATION_PATH,claim,claim,0
synthetic,stored,CURRENT_CITATION_PATH,claim,explanation,0
synthetic,stored,CURRENT_CITATION_PATH,claim,review,0
synthetic,stored,CURRENT_CITATION_PATH,claim,assessment,0
synthetic,stored,CURRENT_CITATION_PATH,claim,placeholder,0
synthetic,stored,CURRENT_CITATION_PATH,explanation,subject,0
synthetic,stored,CURRENT_CITATION_PATH,explanation,sensor,0
synthetic,stored,CURRENT_CITATION_PATH,explanation,observation,0
synthetic,stored,CURRENT_CITATION_PATH,explanation,feature,0
synthetic,stored,CURRENT_CITATION_PATH,explanation,claim,0
synthetic,stored,CURRENT_CITATION_PATH,explanation,explanation,0
synthetic,stored,CURRENT_CITATION_PATH,explanation,review,0
synthetic,stored,CURRENT_CITATION_PATH,explanation,assessment,0
synthetic,stored,CURRENT_CITATION_PATH,explanation,placeholder,0
synthetic,stored,CURRENT_CITATION_PATH,review,subject,0
synthetic,stored,CURRENT_CITATION_PATH,review,sensor,0
synthetic,stored,CURRENT_CITATION_PATH,review,observation,0
synthetic,stored,CURRENT_CITATION_PATH,review,feature,0
synthetic,stored,CURRENT_CITATION_PATH,review,claim,0
synthetic,stored,CURRENT_CITATION_PATH,review,explanation,0
synthetic,stored,CURRENT_CITATION_PATH,review,review,0
synthetic,stored,CURRENT_CITATION_PATH,review,assessment,0
synthetic,stored,CURRENT_CITATION_PATH,review,placeholder,0
synthetic,stored,CURRENT_CITATION_PATH,assessment,subject,0
synthetic,stored,CURRENT_CITATION_PATH,assessment,sensor,0
synthetic,stored,CURRENT_CITATION_PATH,assessment,observation,0
synthetic,stored,CURRENT_CITATION_PATH,assessment,feature,0
synthetic,stored,CURRENT_CITATION_PATH,assessment,claim,0
synthetic,stored,CURRENT_CITATION_PATH,assessment,explanation,0
synthetic,stored,CURRENT_CITATION_PATH,assessment,review,0
synthetic,stored,CURRENT_CITATION_PATH,assessment,assessment,0
synthetic,stored,CURRENT_CITATION_PATH,assessment,placeholder,0
synthetic,stored,CURRENT_CITATION_PATH,placeholder,subject,0
synthetic,stored,CURRENT_CITATION_PATH,placeholder,sensor,0
synthetic,stored,CURRENT_CITATION_PATH,placeholder,observation,0
synthetic,stored,CURRENT_CITATION_PATH,placeholder,feature,0
synthetic,stored,CURRENT_CITATION_PATH,placeholder,claim,0
synthetic,stored,CURRENT_CITATION_PATH,placeholder,explanation,0
synthetic,stored,CURRENT_CITATION_PATH,placeholder,review,0
synthetic,stored,CURRENT_CITATION_PATH,placeholder,assessment,0
synthetic,stored,CURRENT_CITATION_PATH,placeholder,placeholder,0
synthetic,core,DEPENDS_ON,subject,subject,0
synthetic,core,DEPENDS_ON,subject,sensor,0
synthetic,core,DEPENDS_ON,subject,observation,0
synthetic,core,DEPENDS_ON,subject,feature,0
synthetic,core,DEPENDS_ON,subject,claim,0
synthetic,core,DEPENDS_ON,subject,explanation,0
synthetic,core,DEPENDS_ON,subject,review,0
synthetic,core,DEPENDS_ON,subject,assessment,0
synthetic,core,DEPENDS_ON,subject,placeholder,0
synthetic,core,DEPENDS_ON,sensor,subject,0
synthetic,core,DEPENDS_ON,sensor,sensor,0
synthetic,core,DEPENDS_ON,sensor,observation,0
synthetic,core,DEPENDS_ON,sensor,feature,0
synthetic,core,DEPENDS_ON,sensor,claim,0
synthetic,core,DEPENDS_ON,sensor,explanation,0
synthetic,core,DEPENDS_ON,sensor,review,0
synthetic,core,DEPENDS_ON,sensor,assessment,0
synthetic,core,DEPENDS_ON,sensor,placeholder,0
synthetic,core,DEPENDS_ON,observation,subject,0
synthetic,core,DEPENDS_ON,observation,sensor,0
synthetic,core,DEPENDS_ON,observation,observation,0
synthetic,core,DEPENDS_ON,observation,feature,0
synthetic,core,DEPENDS_ON,observation,claim,0
synthetic,core,DEPENDS_ON,observation,explanation,0
synthetic,core,DEPENDS_ON,observation,review,0
synthetic,core,DEPENDS_ON,observation,assessment,0
synthetic,core,DEPENDS_ON,observation,placeholder,0
synthetic,core,DEPENDS_ON,feature,subject,0
synthetic,core,DEPENDS_ON,feature,sensor,0
synthetic,core,DEPENDS_ON,feature,observation,0
synthetic,core,DEPENDS_ON,feature,feature,0
synthetic,core,DEPENDS_ON,feature,claim,0
synthetic,core,DEPENDS_ON,feature,explanation,0
synthetic,core,DEPENDS_ON,feature,review,0
synthetic,core,DEPENDS_ON,feature,assessment,0
synthetic,core,DEPENDS_ON,feature,placeholder,0
synthetic,core,DEPENDS_ON,claim,subject,0
synthetic,core,DEPENDS_ON,claim,sensor,0
synthetic,core,DEPENDS_ON,claim,observation,0
synthetic,core,DEPENDS_ON,claim,feature,349
synthetic,core,DEPENDS_ON,claim,claim,13
synthetic,core,DEPENDS_ON,claim,explanation,0
synthetic,core,DEPENDS_ON,claim,review,0
synthetic,core,DEPENDS_ON,claim,assessment,0
synthetic,core,DEPENDS_ON,claim,placeholder,0
synthetic,core,DEPENDS_ON,explanation,subject,0
synthetic,core,DEPENDS_ON,explanation,sensor,0
synthetic,core,DEPENDS_ON,explanation,observation,0
synthetic,core,DEPENDS_ON,explanation,feature,0
synthetic,core,DEPENDS_ON,explanation,claim,0
synthetic,core,DEPENDS_ON,explanation,explanation,0
synthetic,core,DEPENDS_ON,explanation,review,0
synthetic,core,DEPENDS_ON,explanation,assessment,0
synthetic,core,DEPENDS_ON,explanation,placeholder,0
synthetic,core,DEPENDS_ON,review,subject,0
synthetic,core,DEPENDS_ON,review,sensor,0
synthetic,core,DEPENDS_ON,review,observation,0
synthetic,core,DEPENDS_ON,review,feature,0
synthetic,core,DEPENDS_ON,review,claim,0
synthetic,core,DEPENDS_ON,review,explanation,0
synthetic,core,DEPENDS_ON,review,review,0
synthetic,core,DEPENDS_ON,review,assessment,0
synthetic,core,DEPENDS_ON,review,placeholder,0
synthetic,core,DEPENDS_ON,assessment,subject,0
synthetic,core,DEPENDS_ON,assessment,sensor,0
synthetic,core,DEPENDS_ON,assessment,observation,0
synthetic,core,DEPENDS_ON,assessment,feature,0
synthetic,core,DEPENDS_ON,assessment,claim,0
synthetic,core,DEPENDS_ON,assessment,explanation,0
synthetic,core,DEPENDS_ON,assessment,review,0
synthetic,core,DEPENDS_ON,assessment,assessment,0
synthetic,core,DEPENDS_ON,assessment,placeholder,0
synthetic,core,DEPENDS_ON,placeholder,subject,0
synthetic,core,DEPENDS_ON,placeholder,sensor,0
synthetic,core,DEPENDS_ON,placeholder,observation,0
synthetic,core,DEPENDS_ON,placeholder,feature,0
synthetic,core,DEPENDS_ON,placeholder,claim,0
synthetic,core,DEPENDS_ON,placeholder,explanation,0
synthetic,core,DEPENDS_ON,placeholder,review,0
synthetic,core,DEPENDS_ON,placeholder,assessment,0
synthetic,core,DEPENDS_ON,placeholder,placeholder,0
synthetic,core,DERIVED_FROM,subject,subject,0
synthetic,core,DERIVED_FROM,subject,sensor,0
synthetic,core,DERIVED_FROM,subject,observation,0
synthetic,core,DERIVED_FROM,subject,feature,0
synthetic,core,DERIVED_FROM,subject,claim,0
synthetic,core,DERIVED_FROM,subject,explanation,0
synthetic,core,DERIVED_FROM,subject,review,0
synthetic,core,DERIVED_FROM,subject,assessment,0
synthetic,core,DERIVED_FROM,subject,placeholder,0
synthetic,core,DERIVED_FROM,sensor,subject,0
synthetic,core,DERIVED_FROM,sensor,sensor,0
synthetic,core,DERIVED_FROM,sensor,observation,0
synthetic,core,DERIVED_FROM,sensor,feature,0
synthetic,core,DERIVED_FROM,sensor,claim,0
synthetic,core,DERIVED_FROM,sensor,explanation,0
synthetic,core,DERIVED_FROM,sensor,review,0
synthetic,core,DERIVED_FROM,sensor,assessment,0
synthetic,core,DERIVED_FROM,sensor,placeholder,0
synthetic,core,DERIVED_FROM,observation,subject,0
synthetic,core,DERIVED_FROM,observation,sensor,0
synthetic,core,DERIVED_FROM,observation,observation,0
synthetic,core,DERIVED_FROM,observation,feature,0
synthetic,core,DERIVED_FROM,observation,claim,0
synthetic,core,DERIVED_FROM,observation,explanation,0
synthetic,core,DERIVED_FROM,observation,review,0
synthetic,core,DERIVED_FROM,observation,assessment,0
synthetic,core,DERIVED_FROM,observation,placeholder,0
synthetic,core,DERIVED_FROM,feature,subject,0
synthetic,core,DERIVED_FROM,feature,sensor,0
synthetic,core,DERIVED_FROM,feature,observation,0
synthetic,core,DERIVED_FROM,feature,feature,0
synthetic,core,DERIVED_FROM,feature,claim,0
synthetic,core,DERIVED_FROM,feature,explanation,0
synthetic,core,DERIVED_FROM,feature,review,0
synthetic,core,DERIVED_FROM,feature,assessment,0
synthetic,core,DERIVED_FROM,feature,placeholder,0
synthetic,core,DERIVED_FROM,claim,subject,0
synthetic,core,DERIVED_FROM,claim,sensor,0
synthetic,core,DERIVED_FROM,claim,observation,0
synthetic,core,DERIVED_FROM,claim,feature,0
synthetic,core,DERIVED_FROM,claim,claim,0
synthetic,core,DERIVED_FROM,claim,explanation,0
synthetic,core,DERIVED_FROM,claim,review,0
synthetic,core,DERIVED_FROM,claim,assessment,0
synthetic,core,DERIVED_FROM,claim,placeholder,0
synthetic,core,DERIVED_FROM,explanation,subject,0
synthetic,core,DERIVED_FROM,explanation,sensor,0
synthetic,core,DERIVED_FROM,explanation,observation,0
synthetic,core,DERIVED_FROM,explanation,feature,0
synthetic,core,DERIVED_FROM,explanation,claim,0
synthetic,core,DERIVED_FROM,explanation,explanation,0
synthetic,core,DERIVED_FROM,explanation,review,0
synthetic,core,DERIVED_FROM,explanation,assessment,0
synthetic,core,DERIVED_FROM,explanation,placeholder,0
synthetic,core,DERIVED_FROM,review,subject,0
synthetic,core,DERIVED_FROM,review,sensor,0
synthetic,core,DERIVED_FROM,review,observation,0
synthetic,core,DERIVED_FROM,review,feature,0
synthetic,core,DERIVED_FROM,review,claim,0
synthetic,core,DERIVED_FROM,review,explanation,0
synthetic,core,DERIVED_FROM,review,review,0
synthetic,core,DERIVED_FROM,review,assessment,0
synthetic,core,DERIVED_FROM,review,placeholder,0
synthetic,core,DERIVED_FROM,assessment,subject,0
synthetic,core,DERIVED_FROM,assessment,sensor,0
synthetic,core,DERIVED_FROM,assessment,observation,0
synthetic,core,DERIVED_FROM,assessment,feature,0
synthetic,core,DERIVED_FROM,assessment,claim,0
synthetic,core,DERIVED_FROM,assessment,explanation,0
synthetic,core,DERIVED_FROM,assessment,review,0
synthetic,core,DERIVED_FROM,assessment,assessment,0
synthetic,core,DERIVED_FROM,assessment,placeholder,0
synthetic,core,DERIVED_FROM,placeholder,subject,0
synthetic,core,DERIVED_FROM,placeholder,sensor,0
synthetic,core,DERIVED_FROM,placeholder,observation,0
synthetic,core,DERIVED_FROM,placeholder,feature,0
synthetic,core,DERIVED_FROM,placeholder,claim,0
synthetic,core,DERIVED_FROM,placeholder,explanation,0
synthetic,core,DERIVED_FROM,placeholder,review,0
synthetic,core,DERIVED_FROM,placeholder,assessment,0
synthetic,core,DERIVED_FROM,placeholder,placeholder,0
synthetic,core,SUPPORTS,subject,subject,0
synthetic,core,SUPPORTS,subject,sensor,0
synthetic,core,SUPPORTS,subject,observation,0
synthetic,core,SUPPORTS,subject,feature,0
synthetic,core,SUPPORTS,subject,claim,0
synthetic,core,SUPPORTS,subject,explanation,0
synthetic,core,SUPPORTS,subject,review,0
synthetic,core,SUPPORTS,subject,assessment,0
synthetic,core,SUPPORTS,subject,placeholder,0
synthetic,core,SUPPORTS,sensor,subject,0
synthetic,core,SUPPORTS,sensor,sensor,0
synthetic,core,SUPPORTS,sensor,observation,0
synthetic,core,SUPPORTS,sensor,feature,0
synthetic,core,SUPPORTS,sensor,claim,0
synthetic,core,SUPPORTS,sensor,explanation,0
synthetic,core,SUPPORTS,sensor,review,0
synthetic,core,SUPPORTS,sensor,assessment,0
synthetic,core,SUPPORTS,sensor,placeholder,0
synthetic,core,SUPPORTS,observation,subject,0
synthetic,core,SUPPORTS,observation,sensor,0
synthetic,core,SUPPORTS,observation,observation,0
synthetic,core,SUPPORTS,observation,feature,0
synthetic,core,SUPPORTS,observation,claim,0
synthetic,core,SUPPORTS,observation,explanation,0
synthetic,core,SUPPORTS,observation,review,0
synthetic,core,SUPPORTS,observation,assessment,0
synthetic,core,SUPPORTS,observation,placeholder,0
synthetic,core,SUPPORTS,feature,subject,0
synthetic,core,SUPPORTS,feature,sensor,0
synthetic,core,SUPPORTS,feature,observation,0
synthetic,core,SUPPORTS,feature,feature,0
synthetic,core,SUPPORTS,feature,claim,0
synthetic,core,SUPPORTS,feature,explanation,0
synthetic,core,SUPPORTS,feature,review,0
synthetic,core,SUPPORTS,feature,assessment,0
synthetic,core,SUPPORTS,feature,placeholder,0
synthetic,core,SUPPORTS,claim,subject,0
synthetic,core,SUPPORTS,claim,sensor,0
synthetic,core,SUPPORTS,claim,observation,0
synthetic,core,SUPPORTS,claim,feature,0
synthetic,core,SUPPORTS,claim,claim,0
synthetic,core,SUPPORTS,claim,explanation,0
synthetic,core,SUPPORTS,claim,review,0
synthetic,core,SUPPORTS,claim,assessment,0
synthetic,core,SUPPORTS,claim,placeholder,0
synthetic,core,SUPPORTS,explanation,subject,0
synthetic,core,SUPPORTS,explanation,sensor,0
synthetic,core,SUPPORTS,explanation,observation,0
synthetic,core,SUPPORTS,explanation,feature,0
synthetic,core,SUPPORTS,explanation,claim,0
synthetic,core,SUPPORTS,explanation,explanation,0
synthetic,core,SUPPORTS,explanation,review,0
synthetic,core,SUPPORTS,explanation,assessment,0
synthetic,core,SUPPORTS,explanation,placeholder,0
synthetic,core,SUPPORTS,review,subject,0
synthetic,core,SUPPORTS,review,sensor,0
synthetic,core,SUPPORTS,review,observation,0
synthetic,core,SUPPORTS,review,feature,0
synthetic,core,SUPPORTS,review,claim,0
synthetic,core,SUPPORTS,review,explanation,0
synthetic,core,SUPPORTS,review,review,0
synthetic,core,SUPPORTS,review,assessment,0
synthetic,core,SUPPORTS,review,placeholder,0
synthetic,core,SUPPORTS,assessment,subject,0
synthetic,core,SUPPORTS,assessment,sensor,0
synthetic,core,SUPPORTS,assessment,observation,0
synthetic,core,SUPPORTS,assessment,feature,0
synthetic,core,SUPPORTS,assessment,claim,0
synthetic,core,SUPPORTS,assessment,explanation,0
synthetic,core,SUPPORTS,assessment,review,0
synthetic,core,SUPPORTS,assessment,assessment,0
synthetic,core,SUPPORTS,assessment,placeholder,0
synthetic,core,SUPPORTS,placeholder,subject,0
synthetic,core,SUPPORTS,placeholder,sensor,0
synthetic,core,SUPPORTS,placeholder,observation,0
synthetic,core,SUPPORTS,placeholder,feature,0
synthetic,core,SUPPORTS,placeholder,claim,0
synthetic,core,SUPPORTS,placeholder,explanation,0
synthetic,core,SUPPORTS,placeholder,review,0
synthetic,core,SUPPORTS,placeholder,assessment,0
synthetic,core,SUPPORTS,placeholder,placeholder,0
synthetic,core,FOR_SUBJECT,subject,subject,0
synthetic,core,FOR_SUBJECT,subject,sensor,0
synthetic,core,FOR_SUBJECT,subject,observation,0
synthetic,core,FOR_SUBJECT,subject,feature,0
synthetic,core,FOR_SUBJECT,subject,claim,0
synthetic,core,FOR_SUBJECT,subject,explanation,0
synthetic,core,FOR_SUBJECT,subject,review,0
synthetic,core,FOR_SUBJECT,subject,assessment,0
synthetic,core,FOR_SUBJECT,subject,placeholder,0
synthetic,core,FOR_SUBJECT,sensor,subject,0
synthetic,core,FOR_SUBJECT,sensor,sensor,0
synthetic,core,FOR_SUBJECT,sensor,observation,0
synthetic,core,FOR_SUBJECT,sensor,feature,0
synthetic,core,FOR_SUBJECT,sensor,claim,0
synthetic,core,FOR_SUBJECT,sensor,explanation,0
synthetic,core,FOR_SUBJECT,sensor,review,0
synthetic,core,FOR_SUBJECT,sensor,assessment,0
synthetic,core,FOR_SUBJECT,sensor,placeholder,0
synthetic,core,FOR_SUBJECT,observation,subject,0
synthetic,core,FOR_SUBJECT,observation,sensor,0
synthetic,core,FOR_SUBJECT,observation,observation,0
synthetic,core,FOR_SUBJECT,observation,feature,0
synthetic,core,FOR_SUBJECT,observation,claim,0
synthetic,core,FOR_SUBJECT,observation,explanation,0
synthetic,core,FOR_SUBJECT,observation,review,0
synthetic,core,FOR_SUBJECT,observation,assessment,0
synthetic,core,FOR_SUBJECT,observation,placeholder,0
synthetic,core,FOR_SUBJECT,feature,subject,0
synthetic,core,FOR_SUBJECT,feature,sensor,0
synthetic,core,FOR_SUBJECT,feature,observation,0
synthetic,core,FOR_SUBJECT,feature,feature,0
synthetic,core,FOR_SUBJECT,feature,claim,0
synthetic,core,FOR_SUBJECT,feature,explanation,0
synthetic,core,FOR_SUBJECT,feature,review,0
synthetic,core,FOR_SUBJECT,feature,assessment,0
synthetic,core,FOR_SUBJECT,feature,placeholder,0
synthetic,core,FOR_SUBJECT,claim,subject,0
synthetic,core,FOR_SUBJECT,claim,sensor,0
synthetic,core,FOR_SUBJECT,claim,observation,0
synthetic,core,FOR_SUBJECT,claim,feature,0
synthetic,core,FOR_SUBJECT,claim,claim,0
synthetic,core,FOR_SUBJECT,claim,explanation,0
synthetic,core,FOR_SUBJECT,claim,review,0
synthetic,core,FOR_SUBJECT,claim,assessment,0
synthetic,core,FOR_SUBJECT,claim,placeholder,0
synthetic,core,FOR_SUBJECT,explanation,subject,0
synthetic,core,FOR_SUBJECT,explanation,sensor,0
synthetic,core,FOR_SUBJECT,explanation,observation,0
synthetic,core,FOR_SUBJECT,explanation,feature,0
synthetic,core,FOR_SUBJECT,explanation,claim,0
synthetic,core,FOR_SUBJECT,explanation,explanation,0
synthetic,core,FOR_SUBJECT,explanation,review,0
synthetic,core,FOR_SUBJECT,explanation,assessment,0
synthetic,core,FOR_SUBJECT,explanation,placeholder,0
synthetic,core,FOR_SUBJECT,review,subject,0
synthetic,core,FOR_SUBJECT,review,sensor,0
synthetic,core,FOR_SUBJECT,review,observation,0
synthetic,core,FOR_SUBJECT,review,feature,0
synthetic,core,FOR_SUBJECT,review,claim,0
synthetic,core,FOR_SUBJECT,review,explanation,0
synthetic,core,FOR_SUBJECT,review,review,0
synthetic,core,FOR_SUBJECT,review,assessment,0
synthetic,core,FOR_SUBJECT,review,placeholder,0
synthetic,core,FOR_SUBJECT,assessment,subject,0
synthetic,core,FOR_SUBJECT,assessment,sensor,0
synthetic,core,FOR_SUBJECT,assessment,observation,0
synthetic,core,FOR_SUBJECT,assessment,feature,0
synthetic,core,FOR_SUBJECT,assessment,claim,0
synthetic,core,FOR_SUBJECT,assessment,explanation,0
synthetic,core,FOR_SUBJECT,assessment,review,0
synthetic,core,FOR_SUBJECT,assessment,assessment,0
synthetic,core,FOR_SUBJECT,assessment,placeholder,0
synthetic,core,FOR_SUBJECT,placeholder,subject,0
synthetic,core,FOR_SUBJECT,placeholder,sensor,0
synthetic,core,FOR_SUBJECT,placeholder,observation,0
synthetic,core,FOR_SUBJECT,placeholder,feature,0
synthetic,core,FOR_SUBJECT,placeholder,claim,0
synthetic,core,FOR_SUBJECT,placeholder,explanation,0
synthetic,core,FOR_SUBJECT,placeholder,review,0
synthetic,core,FOR_SUBJECT,placeholder,assessment,0
synthetic,core,FOR_SUBJECT,placeholder,placeholder,0
synthetic,core,OBSERVED_BY,subject,subject,0
synthetic,core,OBSERVED_BY,subject,sensor,0
synthetic,core,OBSERVED_BY,subject,observation,0
synthetic,core,OBSERVED_BY,subject,feature,0
synthetic,core,OBSERVED_BY,subject,claim,0
synthetic,core,OBSERVED_BY,subject,explanation,0
synthetic,core,OBSERVED_BY,subject,review,0
synthetic,core,OBSERVED_BY,subject,assessment,0
synthetic,core,OBSERVED_BY,subject,placeholder,0
synthetic,core,OBSERVED_BY,sensor,subject,0
synthetic,core,OBSERVED_BY,sensor,sensor,0
synthetic,core,OBSERVED_BY,sensor,observation,0
synthetic,core,OBSERVED_BY,sensor,feature,0
synthetic,core,OBSERVED_BY,sensor,claim,0
synthetic,core,OBSERVED_BY,sensor,explanation,0
synthetic,core,OBSERVED_BY,sensor,review,0
synthetic,core,OBSERVED_BY,sensor,assessment,0
synthetic,core,OBSERVED_BY,sensor,placeholder,0
synthetic,core,OBSERVED_BY,observation,subject,0
synthetic,core,OBSERVED_BY,observation,sensor,0
synthetic,core,OBSERVED_BY,observation,observation,0
synthetic,core,OBSERVED_BY,observation,feature,0
synthetic,core,OBSERVED_BY,observation,claim,0
synthetic,core,OBSERVED_BY,observation,explanation,0
synthetic,core,OBSERVED_BY,observation,review,0
synthetic,core,OBSERVED_BY,observation,assessment,0
synthetic,core,OBSERVED_BY,observation,placeholder,0
synthetic,core,OBSERVED_BY,feature,subject,0
synthetic,core,OBSERVED_BY,feature,sensor,0
synthetic,core,OBSERVED_BY,feature,observation,0
synthetic,core,OBSERVED_BY,feature,feature,0
synthetic,core,OBSERVED_BY,feature,claim,0
synthetic,core,OBSERVED_BY,feature,explanation,0
synthetic,core,OBSERVED_BY,feature,review,0
synthetic,core,OBSERVED_BY,feature,assessment,0
synthetic,core,OBSERVED_BY,feature,placeholder,0
synthetic,core,OBSERVED_BY,claim,subject,0
synthetic,core,OBSERVED_BY,claim,sensor,0
synthetic,core,OBSERVED_BY,claim,observation,0
synthetic,core,OBSERVED_BY,claim,feature,0
synthetic,core,OBSERVED_BY,claim,claim,0
synthetic,core,OBSERVED_BY,claim,explanation,0
synthetic,core,OBSERVED_BY,claim,review,0
synthetic,core,OBSERVED_BY,claim,assessment,0
synthetic,core,OBSERVED_BY,claim,placeholder,0
synthetic,core,OBSERVED_BY,explanation,subject,0
synthetic,core,OBSERVED_BY,explanation,sensor,0
synthetic,core,OBSERVED_BY,explanation,observation,0
synthetic,core,OBSERVED_BY,explanation,feature,0
synthetic,core,OBSERVED_BY,explanation,claim,0
synthetic,core,OBSERVED_BY,explanation,explanation,0
synthetic,core,OBSERVED_BY,explanation,review,0
synthetic,core,OBSERVED_BY,explanation,assessment,0
synthetic,core,OBSERVED_BY,explanation,placeholder,0
synthetic,core,OBSERVED_BY,review,subject,0
synthetic,core,OBSERVED_BY,review,sensor,0
synthetic,core,OBSERVED_BY,review,observation,0
synthetic,core,OBSERVED_BY,review,feature,0
synthetic,core,OBSERVED_BY,review,claim,0
synthetic,core,OBSERVED_BY,review,explanation,0
synthetic,core,OBSERVED_BY,review,review,0
synthetic,core,OBSERVED_BY,review,assessment,0
synthetic,core,OBSERVED_BY,review,placeholder,0
synthetic,core,OBSERVED_BY,assessment,subject,0
synthetic,core,OBSERVED_BY,assessment,sensor,0
synthetic,core,OBSERVED_BY,assessment,observation,0
synthetic,core,OBSERVED_BY,assessment,feature,0
synthetic,core,OBSERVED_BY,assessment,claim,0
synthetic,core,OBSERVED_BY,assessment,explanation,0
synthetic,core,OBSERVED_BY,assessment,review,0
synthetic,core,OBSERVED_BY,assessment,assessment,0
synthetic,core,OBSERVED_BY,assessment,placeholder,0
synthetic,core,OBSERVED_BY,placeholder,subject,0
synthetic,core,OBSERVED_BY,placeholder,sensor,0
synthetic,core,OBSERVED_BY,placeholder,observation,0
synthetic,core,OBSERVED_BY,placeholder,feature,0
synthetic,core,OBSERVED_BY,placeholder,claim,0
synthetic,core,OBSERVED_BY,placeholder,explanation,0
synthetic,core,OBSERVED_BY,placeholder,review,0
synthetic,core,OBSERVED_BY,placeholder,assessment,0
synthetic,core,OBSERVED_BY,placeholder,placeholder,0
synthetic,core,SUPERSEDES,subject,subject,0
synthetic,core,SUPERSEDES,subject,sensor,0
synthetic,core,SUPERSEDES,subject,observation,0
synthetic,core,SUPERSEDES,subject,feature,0
synthetic,core,SUPERSEDES,subject,claim,0
synthetic,core,SUPERSEDES,subject,explanation,0
synthetic,core,SUPERSEDES,subject,review,0
synthetic,core,SUPERSEDES,subject,assessment,0
synthetic,core,SUPERSEDES,subject,placeholder,0
synthetic,core,SUPERSEDES,sensor,subject,0
synthetic,core,SUPERSEDES,sensor,sensor,0
synthetic,core,SUPERSEDES,sensor,observation,0
synthetic,core,SUPERSEDES,sensor,feature,0
synthetic,core,SUPERSEDES,sensor,claim,0
synthetic,core,SUPERSEDES,sensor,explanation,0
synthetic,core,SUPERSEDES,sensor,review,0
synthetic,core,SUPERSEDES,sensor,assessment,0
synthetic,core,SUPERSEDES,sensor,placeholder,0
synthetic,core,SUPERSEDES,observation,subject,0
synthetic,core,SUPERSEDES,observation,sensor,0
synthetic,core,SUPERSEDES,observation,observation,0
synthetic,core,SUPERSEDES,observation,feature,0
synthetic,core,SUPERSEDES,observation,claim,0
synthetic,core,SUPERSEDES,observation,explanation,0
synthetic,core,SUPERSEDES,observation,review,0
synthetic,core,SUPERSEDES,observation,assessment,0
synthetic,core,SUPERSEDES,observation,placeholder,0
synthetic,core,SUPERSEDES,feature,subject,0
synthetic,core,SUPERSEDES,feature,sensor,0
synthetic,core,SUPERSEDES,feature,observation,0
synthetic,core,SUPERSEDES,feature,feature,0
synthetic,core,SUPERSEDES,feature,claim,0
synthetic,core,SUPERSEDES,feature,explanation,0
synthetic,core,SUPERSEDES,feature,review,0
synthetic,core,SUPERSEDES,feature,assessment,0
synthetic,core,SUPERSEDES,feature,placeholder,0
synthetic,core,SUPERSEDES,claim,subject,0
synthetic,core,SUPERSEDES,claim,sensor,0
synthetic,core,SUPERSEDES,claim,observation,0
synthetic,core,SUPERSEDES,claim,feature,0
synthetic,core,SUPERSEDES,claim,claim,0
synthetic,core,SUPERSEDES,claim,explanation,0
synthetic,core,SUPERSEDES,claim,review,0
synthetic,core,SUPERSEDES,claim,assessment,0
synthetic,core,SUPERSEDES,claim,placeholder,0
synthetic,core,SUPERSEDES,explanation,subject,0
synthetic,core,SUPERSEDES,explanation,sensor,0
synthetic,core,SUPERSEDES,explanation,observation,0
synthetic,core,SUPERSEDES,explanation,feature,0
synthetic,core,SUPERSEDES,explanation,claim,0
synthetic,core,SUPERSEDES,explanation,explanation,0
synthetic,core,SUPERSEDES,explanation,review,0
synthetic,core,SUPERSEDES,explanation,assessment,0
synthetic,core,SUPERSEDES,explanation,placeholder,0
synthetic,core,SUPERSEDES,review,subject,0
synthetic,core,SUPERSEDES,review,sensor,0
synthetic,core,SUPERSEDES,review,observation,0
synthetic,core,SUPERSEDES,review,feature,0
synthetic,core,SUPERSEDES,review,claim,0
synthetic,core,SUPERSEDES,review,explanation,0
synthetic,core,SUPERSEDES,review,review,0
synthetic,core,SUPERSEDES,review,assessment,0
synthetic,core,SUPERSEDES,review,placeholder,0
synthetic,core,SUPERSEDES,assessment,subject,0
synthetic,core,SUPERSEDES,assessment,sensor,0
synthetic,core,SUPERSEDES,assessment,observation,0
synthetic,core,SUPERSEDES,assessment,feature,0
synthetic,core,SUPERSEDES,assessment,claim,0
synthetic,core,SUPERSEDES,assessment,explanation,0
synthetic,core,SUPERSEDES,assessment,review,0
synthetic,core,SUPERSEDES,assessment,assessment,0
synthetic,core,SUPERSEDES,assessment,placeholder,0
synthetic,core,SUPERSEDES,placeholder,subject,0
synthetic,core,SUPERSEDES,placeholder,sensor,0
synthetic,core,SUPERSEDES,placeholder,observation,0
synthetic,core,SUPERSEDES,placeholder,feature,0
synthetic,core,SUPERSEDES,placeholder,claim,0
synthetic,core,SUPERSEDES,placeholder,explanation,0
synthetic,core,SUPERSEDES,placeholder,review,0
synthetic,core,SUPERSEDES,placeholder,assessment,0
synthetic,core,SUPERSEDES,placeholder,placeholder,0
synthetic,core,CONTAINS,subject,subject,0
synthetic,core,CONTAINS,subject,sensor,0
synthetic,core,CONTAINS,subject,observation,0
synthetic,core,CONTAINS,subject,feature,0
synthetic,core,CONTAINS,subject,claim,0
synthetic,core,CONTAINS,subject,explanation,0
synthetic,core,CONTAINS,subject,review,0
synthetic,core,CONTAINS,subject,assessment,0
synthetic,core,CONTAINS,subject,placeholder,0
synthetic,core,CONTAINS,sensor,subject,0
synthetic,core,CONTAINS,sensor,sensor,0
synthetic,core,CONTAINS,sensor,observation,0
synthetic,core,CONTAINS,sensor,feature,0
synthetic,core,CONTAINS,sensor,claim,0
synthetic,core,CONTAINS,sensor,explanation,0
synthetic,core,CONTAINS,sensor,review,0
synthetic,core,CONTAINS,sensor,assessment,0
synthetic,core,CONTAINS,sensor,placeholder,0
synthetic,core,CONTAINS,observation,subject,0
synthetic,core,CONTAINS,observation,sensor,0
synthetic,core,CONTAINS,observation,observation,0
synthetic,core,CONTAINS,observation,feature,0
synthetic,core,CONTAINS,observation,claim,0
synthetic,core,CONTAINS,observation,explanation,0
synthetic,core,CONTAINS,observation,review,0
synthetic,core,CONTAINS,observation,assessment,0
synthetic,core,CONTAINS,observation,placeholder,0
synthetic,core,CONTAINS,feature,subject,0
synthetic,core,CONTAINS,feature,sensor,0
synthetic,core,CONTAINS,feature,observation,0
synthetic,core,CONTAINS,feature,feature,0
synthetic,core,CONTAINS,feature,claim,0
synthetic,core,CONTAINS,feature,explanation,0
synthetic,core,CONTAINS,feature,review,0
synthetic,core,CONTAINS,feature,assessment,0
synthetic,core,CONTAINS,feature,placeholder,0
synthetic,core,CONTAINS,claim,subject,0
synthetic,core,CONTAINS,claim,sensor,0
synthetic,core,CONTAINS,claim,observation,0
synthetic,core,CONTAINS,claim,feature,0
synthetic,core,CONTAINS,claim,claim,0
synthetic,core,CONTAINS,claim,explanation,0
synthetic,core,CONTAINS,claim,review,0
synthetic,core,CONTAINS,claim,assessment,0
synthetic,core,CONTAINS,claim,placeholder,0
synthetic,core,CONTAINS,explanation,subject,0
synthetic,core,CONTAINS,explanation,sensor,0
synthetic,core,CONTAINS,explanation,observation,0
synthetic,core,CONTAINS,explanation,feature,0
synthetic,core,CONTAINS,explanation,claim,0
synthetic,core,CONTAINS,explanation,explanation,0
synthetic,core,CONTAINS,explanation,review,0
synthetic,core,CONTAINS,explanation,assessment,0
synthetic,core,CONTAINS,explanation,placeholder,0
synthetic,core,CONTAINS,review,subject,0
synthetic,core,CONTAINS,review,sensor,0
synthetic,core,CONTAINS,review,observation,0
synthetic,core,CONTAINS,review,feature,0
synthetic,core,CONTAINS,review,claim,0
synthetic,core,CONTAINS,review,explanation,0
synthetic,core,CONTAINS,review,review,0
synthetic,core,CONTAINS,review,assessment,0
synthetic,core,CONTAINS,review,placeholder,0
synthetic,core,CONTAINS,assessment,subject,0
synthetic,core,CONTAINS,assessment,sensor,0
synthetic,core,CONTAINS,assessment,observation,0
synthetic,core,CONTAINS,assessment,feature,0
synthetic,core,CONTAINS,assessment,claim,0
synthetic,core,CONTAINS,assessment,explanation,0
synthetic,core,CONTAINS,assessment,review,0
synthetic,core,CONTAINS,assessment,assessment,0
synthetic,core,CONTAINS,assessment,placeholder,0
synthetic,core,CONTAINS,placeholder,subject,0
synthetic,core,CONTAINS,placeholder,sensor,0
synthetic,core,CONTAINS,placeholder,observation,0
synthetic,core,CONTAINS,placeholder,feature,0
synthetic,core,CONTAINS,placeholder,claim,0
synthetic,core,CONTAINS,placeholder,explanation,0
synthetic,core,CONTAINS,placeholder,review,0
synthetic,core,CONTAINS,placeholder,assessment,0
synthetic,core,CONTAINS,placeholder,placeholder,0
synthetic,core,REVIEWED_BY_EVENT,subject,subject,0
synthetic,core,REVIEWED_BY_EVENT,subject,sensor,0
synthetic,core,REVIEWED_BY_EVENT,subject,observation,0
synthetic,core,REVIEWED_BY_EVENT,subject,feature,0
synthetic,core,REVIEWED_BY_EVENT,subject,claim,0
synthetic,core,REVIEWED_BY_EVENT,subject,explanation,0
synthetic,core,REVIEWED_BY_EVENT,subject,review,0
synthetic,core,REVIEWED_BY_EVENT,subject,assessment,0
synthetic,core,REVIEWED_BY_EVENT,subject,placeholder,0
synthetic,core,REVIEWED_BY_EVENT,sensor,subject,0
synthetic,core,REVIEWED_BY_EVENT,sensor,sensor,0
synthetic,core,REVIEWED_BY_EVENT,sensor,observation,0
synthetic,core,REVIEWED_BY_EVENT,sensor,feature,0
synthetic,core,REVIEWED_BY_EVENT,sensor,claim,0
synthetic,core,REVIEWED_BY_EVENT,sensor,explanation,0
synthetic,core,REVIEWED_BY_EVENT,sensor,review,0
synthetic,core,REVIEWED_BY_EVENT,sensor,assessment,0
synthetic,core,REVIEWED_BY_EVENT,sensor,placeholder,0
synthetic,core,REVIEWED_BY_EVENT,observation,subject,0
synthetic,core,REVIEWED_BY_EVENT,observation,sensor,0
synthetic,core,REVIEWED_BY_EVENT,observation,observation,0
synthetic,core,REVIEWED_BY_EVENT,observation,feature,0
synthetic,core,REVIEWED_BY_EVENT,observation,claim,0
synthetic,core,REVIEWED_BY_EVENT,observation,explanation,0
synthetic,core,REVIEWED_BY_EVENT,observation,review,0
synthetic,core,REVIEWED_BY_EVENT,observation,assessment,0
synthetic,core,REVIEWED_BY_EVENT,observation,placeholder,0
synthetic,core,REVIEWED_BY_EVENT,feature,subject,0
synthetic,core,REVIEWED_BY_EVENT,feature,sensor,0
synthetic,core,REVIEWED_BY_EVENT,feature,observation,0
synthetic,core,REVIEWED_BY_EVENT,feature,feature,0
synthetic,core,REVIEWED_BY_EVENT,feature,claim,0
synthetic,core,REVIEWED_BY_EVENT,feature,explanation,0
synthetic,core,REVIEWED_BY_EVENT,feature,review,0
synthetic,core,REVIEWED_BY_EVENT,feature,assessment,0
synthetic,core,REVIEWED_BY_EVENT,feature,placeholder,0
synthetic,core,REVIEWED_BY_EVENT,claim,subject,0
synthetic,core,REVIEWED_BY_EVENT,claim,sensor,0
synthetic,core,REVIEWED_BY_EVENT,claim,observation,0
synthetic,core,REVIEWED_BY_EVENT,claim,feature,0
synthetic,core,REVIEWED_BY_EVENT,claim,claim,0
synthetic,core,REVIEWED_BY_EVENT,claim,explanation,0
synthetic,core,REVIEWED_BY_EVENT,claim,review,0
synthetic,core,REVIEWED_BY_EVENT,claim,assessment,0
synthetic,core,REVIEWED_BY_EVENT,claim,placeholder,0
synthetic,core,REVIEWED_BY_EVENT,explanation,subject,0
synthetic,core,REVIEWED_BY_EVENT,explanation,sensor,0
synthetic,core,REVIEWED_BY_EVENT,explanation,observation,0
synthetic,core,REVIEWED_BY_EVENT,explanation,feature,0
synthetic,core,REVIEWED_BY_EVENT,explanation,claim,0
synthetic,core,REVIEWED_BY_EVENT,explanation,explanation,0
synthetic,core,REVIEWED_BY_EVENT,explanation,review,0
synthetic,core,REVIEWED_BY_EVENT,explanation,assessment,0
synthetic,core,REVIEWED_BY_EVENT,explanation,placeholder,0
synthetic,core,REVIEWED_BY_EVENT,review,subject,0
synthetic,core,REVIEWED_BY_EVENT,review,sensor,0
synthetic,core,REVIEWED_BY_EVENT,review,observation,0
synthetic,core,REVIEWED_BY_EVENT,review,feature,0
synthetic,core,REVIEWED_BY_EVENT,review,claim,0
synthetic,core,REVIEWED_BY_EVENT,review,explanation,0
synthetic,core,REVIEWED_BY_EVENT,review,review,0
synthetic,core,REVIEWED_BY_EVENT,review,assessment,0
synthetic,core,REVIEWED_BY_EVENT,review,placeholder,0
synthetic,core,REVIEWED_BY_EVENT,assessment,subject,0
synthetic,core,REVIEWED_BY_EVENT,assessment,sensor,0
synthetic,core,REVIEWED_BY_EVENT,assessment,observation,0
synthetic,core,REVIEWED_BY_EVENT,assessment,feature,0
synthetic,core,REVIEWED_BY_EVENT,assessment,claim,0
synthetic,core,REVIEWED_BY_EVENT,assessment,explanation,0
synthetic,core,REVIEWED_BY_EVENT,assessment,review,0
synthetic,core,REVIEWED_BY_EVENT,assessment,assessment,0
synthetic,core,REVIEWED_BY_EVENT,assessment,placeholder,0
synthetic,core,REVIEWED_BY_EVENT,placeholder,subject,0
synthetic,core,REVIEWED_BY_EVENT,placeholder,sensor,0
synthetic,core,REVIEWED_BY_EVENT,placeholder,observation,0
synthetic,core,REVIEWED_BY_EVENT,placeholder,feature,0
synthetic,core,REVIEWED_BY_EVENT,placeholder,claim,0
synthetic,core,REVIEWED_BY_EVENT,placeholder,explanation,0
synthetic,core,REVIEWED_BY_EVENT,placeholder,review,0
synthetic,core,REVIEWED_BY_EVENT,placeholder,assessment,0
synthetic,core,REVIEWED_BY_EVENT,placeholder,placeholder,0
synthetic,core,CONTRADICTS,subject,subject,0
synthetic,core,CONTRADICTS,subject,sensor,0
synthetic,core,CONTRADICTS,subject,observation,0
synthetic,core,CONTRADICTS,subject,feature,0
synthetic,core,CONTRADICTS,subject,claim,0
synthetic,core,CONTRADICTS,subject,explanation,0
synthetic,core,CONTRADICTS,subject,review,0
synthetic,core,CONTRADICTS,subject,assessment,0
synthetic,core,CONTRADICTS,subject,placeholder,0
synthetic,core,CONTRADICTS,sensor,subject,0
synthetic,core,CONTRADICTS,sensor,sensor,0
synthetic,core,CONTRADICTS,sensor,observation,0
synthetic,core,CONTRADICTS,sensor,feature,0
synthetic,core,CONTRADICTS,sensor,claim,0
synthetic,core,CONTRADICTS,sensor,explanation,0
synthetic,core,CONTRADICTS,sensor,review,0
synthetic,core,CONTRADICTS,sensor,assessment,0
synthetic,core,CONTRADICTS,sensor,placeholder,0
synthetic,core,CONTRADICTS,observation,subject,0
synthetic,core,CONTRADICTS,observation,sensor,0
synthetic,core,CONTRADICTS,observation,observation,0
synthetic,core,CONTRADICTS,observation,feature,0
synthetic,core,CONTRADICTS,observation,claim,0
synthetic,core,CONTRADICTS,observation,explanation,0
synthetic,core,CONTRADICTS,observation,review,0
synthetic,core,CONTRADICTS,observation,assessment,0
synthetic,core,CONTRADICTS,observation,placeholder,0
synthetic,core,CONTRADICTS,feature,subject,0
synthetic,core,CONTRADICTS,feature,sensor,0
synthetic,core,CONTRADICTS,feature,observation,0
synthetic,core,CONTRADICTS,feature,feature,0
synthetic,core,CONTRADICTS,feature,claim,0
synthetic,core,CONTRADICTS,feature,explanation,0
synthetic,core,CONTRADICTS,feature,review,0
synthetic,core,CONTRADICTS,feature,assessment,0
synthetic,core,CONTRADICTS,feature,placeholder,0
synthetic,core,CONTRADICTS,claim,subject,0
synthetic,core,CONTRADICTS,claim,sensor,0
synthetic,core,CONTRADICTS,claim,observation,0
synthetic,core,CONTRADICTS,claim,feature,0
synthetic,core,CONTRADICTS,claim,claim,0
synthetic,core,CONTRADICTS,claim,explanation,0
synthetic,core,CONTRADICTS,claim,review,0
synthetic,core,CONTRADICTS,claim,assessment,0
synthetic,core,CONTRADICTS,claim,placeholder,0
synthetic,core,CONTRADICTS,explanation,subject,0
synthetic,core,CONTRADICTS,explanation,sensor,0
synthetic,core,CONTRADICTS,explanation,observation,0
synthetic,core,CONTRADICTS,explanation,feature,0
synthetic,core,CONTRADICTS,explanation,claim,0
synthetic,core,CONTRADICTS,explanation,explanation,0
synthetic,core,CONTRADICTS,explanation,review,0
synthetic,core,CONTRADICTS,explanation,assessment,0
synthetic,core,CONTRADICTS,explanation,placeholder,0
synthetic,core,CONTRADICTS,review,subject,0
synthetic,core,CONTRADICTS,review,sensor,0
synthetic,core,CONTRADICTS,review,observation,0
synthetic,core,CONTRADICTS,review,feature,0
synthetic,core,CONTRADICTS,review,claim,0
synthetic,core,CONTRADICTS,review,explanation,0
synthetic,core,CONTRADICTS,review,review,0
synthetic,core,CONTRADICTS,review,assessment,0
synthetic,core,CONTRADICTS,review,placeholder,0
synthetic,core,CONTRADICTS,assessment,subject,0
synthetic,core,CONTRADICTS,assessment,sensor,0
synthetic,core,CONTRADICTS,assessment,observation,0
synthetic,core,CONTRADICTS,assessment,feature,0
synthetic,core,CONTRADICTS,assessment,claim,0
synthetic,core,CONTRADICTS,assessment,explanation,0
synthetic,core,CONTRADICTS,assessment,review,0
synthetic,core,CONTRADICTS,assessment,assessment,0
synthetic,core,CONTRADICTS,assessment,placeholder,0
synthetic,core,CONTRADICTS,placeholder,subject,0
synthetic,core,CONTRADICTS,placeholder,sensor,0
synthetic,core,CONTRADICTS,placeholder,observation,0
synthetic,core,CONTRADICTS,placeholder,feature,0
synthetic,core,CONTRADICTS,placeholder,claim,0
synthetic,core,CONTRADICTS,placeholder,explanation,0
synthetic,core,CONTRADICTS,placeholder,review,0
synthetic,core,CONTRADICTS,placeholder,assessment,0
synthetic,core,CONTRADICTS,placeholder,placeholder,0
synthetic,core,ASSESSED_AS,subject,subject,0
synthetic,core,ASSESSED_AS,subject,sensor,0
synthetic,core,ASSESSED_AS,subject,observation,0
synthetic,core,ASSESSED_AS,subject,feature,0
synthetic,core,ASSESSED_AS,subject,claim,0
synthetic,core,ASSESSED_AS,subject,explanation,0
synthetic,core,ASSESSED_AS,subject,review,0
synthetic,core,ASSESSED_AS,subject,assessment,0
synthetic,core,ASSESSED_AS,subject,placeholder,0
synthetic,core,ASSESSED_AS,sensor,subject,0
synthetic,core,ASSESSED_AS,sensor,sensor,0
synthetic,core,ASSESSED_AS,sensor,observation,0
synthetic,core,ASSESSED_AS,sensor,feature,0
synthetic,core,ASSESSED_AS,sensor,claim,0
synthetic,core,ASSESSED_AS,sensor,explanation,0
synthetic,core,ASSESSED_AS,sensor,review,0
synthetic,core,ASSESSED_AS,sensor,assessment,0
synthetic,core,ASSESSED_AS,sensor,placeholder,0
synthetic,core,ASSESSED_AS,observation,subject,0
synthetic,core,ASSESSED_AS,observation,sensor,0
synthetic,core,ASSESSED_AS,observation,observation,0
synthetic,core,ASSESSED_AS,observation,feature,0
synthetic,core,ASSESSED_AS,observation,claim,0
synthetic,core,ASSESSED_AS,observation,explanation,0
synthetic,core,ASSESSED_AS,observation,review,0
synthetic,core,ASSESSED_AS,observation,assessment,0
synthetic,core,ASSESSED_AS,observation,placeholder,0
synthetic,core,ASSESSED_AS,feature,subject,0
synthetic,core,ASSESSED_AS,feature,sensor,0
synthetic,core,ASSESSED_AS,feature,observation,0
synthetic,core,ASSESSED_AS,feature,feature,0
synthetic,core,ASSESSED_AS,feature,claim,0
synthetic,core,ASSESSED_AS,feature,explanation,0
synthetic,core,ASSESSED_AS,feature,review,0
synthetic,core,ASSESSED_AS,feature,assessment,0
synthetic,core,ASSESSED_AS,feature,placeholder,0
synthetic,core,ASSESSED_AS,claim,subject,0
synthetic,core,ASSESSED_AS,claim,sensor,0
synthetic,core,ASSESSED_AS,claim,observation,0
synthetic,core,ASSESSED_AS,claim,feature,0
synthetic,core,ASSESSED_AS,claim,claim,0
synthetic,core,ASSESSED_AS,claim,explanation,0
synthetic,core,ASSESSED_AS,claim,review,0
synthetic,core,ASSESSED_AS,claim,assessment,0
synthetic,core,ASSESSED_AS,claim,placeholder,0
synthetic,core,ASSESSED_AS,explanation,subject,0
synthetic,core,ASSESSED_AS,explanation,sensor,0
synthetic,core,ASSESSED_AS,explanation,observation,0
synthetic,core,ASSESSED_AS,explanation,feature,0
synthetic,core,ASSESSED_AS,explanation,claim,0
synthetic,core,ASSESSED_AS,explanation,explanation,0
synthetic,core,ASSESSED_AS,explanation,review,0
synthetic,core,ASSESSED_AS,explanation,assessment,0
synthetic,core,ASSESSED_AS,explanation,placeholder,0
synthetic,core,ASSESSED_AS,review,subject,0
synthetic,core,ASSESSED_AS,review,sensor,0
synthetic,core,ASSESSED_AS,review,observation,0
synthetic,core,ASSESSED_AS,review,feature,0
synthetic,core,ASSESSED_AS,review,claim,0
synthetic,core,ASSESSED_AS,review,explanation,0
synthetic,core,ASSESSED_AS,review,review,0
synthetic,core,ASSESSED_AS,review,assessment,0
synthetic,core,ASSESSED_AS,review,placeholder,0
synthetic,core,ASSESSED_AS,assessment,subject,0
synthetic,core,ASSESSED_AS,assessment,sensor,0
synthetic,core,ASSESSED_AS,assessment,observation,0
synthetic,core,ASSESSED_AS,assessment,feature,0
synthetic,core,ASSESSED_AS,assessment,claim,0
synthetic,core,ASSESSED_AS,assessment,explanation,0
synthetic,core,ASSESSED_AS,assessment,review,0
synthetic,core,ASSESSED_AS,assessment,assessment,0
synthetic,core,ASSESSED_AS,assessment,placeholder,0
synthetic,core,ASSESSED_AS,placeholder,subject,0
synthetic,core,ASSESSED_AS,placeholder,sensor,0
synthetic,core,ASSESSED_AS,placeholder,observation,0
synthetic,core,ASSESSED_AS,placeholder,feature,0
synthetic,core,ASSESSED_AS,placeholder,claim,0
synthetic,core,ASSESSED_AS,placeholder,explanation,0
synthetic,core,ASSESSED_AS,placeholder,review,0
synthetic,core,ASSESSED_AS,placeholder,assessment,0
synthetic,core,ASSESSED_AS,placeholder,placeholder,0
synthetic,core,CURRENT_CITATION_PATH,subject,subject,0
synthetic,core,CURRENT_CITATION_PATH,subject,sensor,0
synthetic,core,CURRENT_CITATION_PATH,subject,observation,0
synthetic,core,CURRENT_CITATION_PATH,subject,feature,0
synthetic,core,CURRENT_CITATION_PATH,subject,claim,0
synthetic,core,CURRENT_CITATION_PATH,subject,explanation,0
synthetic,core,CURRENT_CITATION_PATH,subject,review,0
synthetic,core,CURRENT_CITATION_PATH,subject,assessment,0
synthetic,core,CURRENT_CITATION_PATH,subject,placeholder,0
synthetic,core,CURRENT_CITATION_PATH,sensor,subject,0
synthetic,core,CURRENT_CITATION_PATH,sensor,sensor,0
synthetic,core,CURRENT_CITATION_PATH,sensor,observation,0
synthetic,core,CURRENT_CITATION_PATH,sensor,feature,0
synthetic,core,CURRENT_CITATION_PATH,sensor,claim,0
synthetic,core,CURRENT_CITATION_PATH,sensor,explanation,0
synthetic,core,CURRENT_CITATION_PATH,sensor,review,0
synthetic,core,CURRENT_CITATION_PATH,sensor,assessment,0
synthetic,core,CURRENT_CITATION_PATH,sensor,placeholder,0
synthetic,core,CURRENT_CITATION_PATH,observation,subject,0
synthetic,core,CURRENT_CITATION_PATH,observation,sensor,0
synthetic,core,CURRENT_CITATION_PATH,observation,observation,0
synthetic,core,CURRENT_CITATION_PATH,observation,feature,0
synthetic,core,CURRENT_CITATION_PATH,observation,claim,0
synthetic,core,CURRENT_CITATION_PATH,observation,explanation,0
synthetic,core,CURRENT_CITATION_PATH,observation,review,0
synthetic,core,CURRENT_CITATION_PATH,observation,assessment,0
synthetic,core,CURRENT_CITATION_PATH,observation,placeholder,0
synthetic,core,CURRENT_CITATION_PATH,feature,subject,0
synthetic,core,CURRENT_CITATION_PATH,feature,sensor,0
synthetic,core,CURRENT_CITATION_PATH,feature,observation,0
synthetic,core,CURRENT_CITATION_PATH,feature,feature,0
synthetic,core,CURRENT_CITATION_PATH,feature,claim,0
synthetic,core,CURRENT_CITATION_PATH,feature,explanation,0
synthetic,core,CURRENT_CITATION_PATH,feature,review,0
synthetic,core,CURRENT_CITATION_PATH,feature,assessment,0
synthetic,core,CURRENT_CITATION_PATH,feature,placeholder,0
synthetic,core,CURRENT_CITATION_PATH,claim,subject,0
synthetic,core,CURRENT_CITATION_PATH,claim,sensor,0
synthetic,core,CURRENT_CITATION_PATH,claim,observation,0
synthetic,core,CURRENT_CITATION_PATH,claim,feature,0
synthetic,core,CURRENT_CITATION_PATH,claim,claim,0
synthetic,core,CURRENT_CITATION_PATH,claim,explanation,0
synthetic,core,CURRENT_CITATION_PATH,claim,review,0
synthetic,core,CURRENT_CITATION_PATH,claim,assessment,0
synthetic,core,CURRENT_CITATION_PATH,claim,placeholder,0
synthetic,core,CURRENT_CITATION_PATH,explanation,subject,0
synthetic,core,CURRENT_CITATION_PATH,explanation,sensor,0
synthetic,core,CURRENT_CITATION_PATH,explanation,observation,0
synthetic,core,CURRENT_CITATION_PATH,explanation,feature,0
synthetic,core,CURRENT_CITATION_PATH,explanation,claim,0
synthetic,core,CURRENT_CITATION_PATH,explanation,explanation,0
synthetic,core,CURRENT_CITATION_PATH,explanation,review,0
synthetic,core,CURRENT_CITATION_PATH,explanation,assessment,0
synthetic,core,CURRENT_CITATION_PATH,explanation,placeholder,0
synthetic,core,CURRENT_CITATION_PATH,review,subject,0
synthetic,core,CURRENT_CITATION_PATH,review,sensor,0
synthetic,core,CURRENT_CITATION_PATH,review,observation,0
synthetic,core,CURRENT_CITATION_PATH,review,feature,0
synthetic,core,CURRENT_CITATION_PATH,review,claim,0
synthetic,core,CURRENT_CITATION_PATH,review,explanation,0
synthetic,core,CURRENT_CITATION_PATH,review,review,0
synthetic,core,CURRENT_CITATION_PATH,review,assessment,0
synthetic,core,CURRENT_CITATION_PATH,review,placeholder,0
synthetic,core,CURRENT_CITATION_PATH,assessment,subject,0
synthetic,core,CURRENT_CITATION_PATH,assessment,sensor,0
synthetic,core,CURRENT_CITATION_PATH,assessment,observation,0
synthetic,core,CURRENT_CITATION_PATH,assessment,feature,0
synthetic,core,CURRENT_CITATION_PATH,assessment,claim,0
synthetic,core,CURRENT_CITATION_PATH,assessment,explanation,0
synthetic,core,CURRENT_CITATION_PATH,assessment,review,0
synthetic,core,CURRENT_CITATION_PATH,assessment,assessment,0
synthetic,core,CURRENT_CITATION_PATH,assessment,placeholder,0
synthetic,core,CURRENT_CITATION_PATH,placeholder,subject,0
synthetic,core,CURRENT_CITATION_PATH,placeholder,sensor,0
synthetic,core,CURRENT_CITATION_PATH,placeholder,observation,0
synthetic,core,CURRENT_CITATION_PATH,placeholder,feature,0
synthetic,core,CURRENT_CITATION_PATH,placeholder,claim,0
synthetic,core,CURRENT_CITATION_PATH,placeholder,explanation,0
synthetic,core,CURRENT_CITATION_PATH,placeholder,review,0
synthetic,core,CURRENT_CITATION_PATH,placeholder,assessment,0
synthetic,core,CURRENT_CITATION_PATH,placeholder,placeholder,0
wesad,stored,DEPENDS_ON,subject,subject,0
wesad,stored,DEPENDS_ON,subject,sensor,0
wesad,stored,DEPENDS_ON,subject,observation,0
wesad,stored,DEPENDS_ON,subject,feature,0
wesad,stored,DEPENDS_ON,subject,claim,0
wesad,stored,DEPENDS_ON,subject,explanation,0
wesad,stored,DEPENDS_ON,subject,review,0
wesad,stored,DEPENDS_ON,subject,assessment,0
wesad,stored,DEPENDS_ON,subject,placeholder,0
wesad,stored,DEPENDS_ON,sensor,subject,0
wesad,stored,DEPENDS_ON,sensor,sensor,0
wesad,stored,DEPENDS_ON,sensor,observation,0
wesad,stored,DEPENDS_ON,sensor,feature,0
wesad,stored,DEPENDS_ON,sensor,claim,0
wesad,stored,DEPENDS_ON,sensor,explanation,0
wesad,stored,DEPENDS_ON,sensor,review,0
wesad,stored,DEPENDS_ON,sensor,assessment,0
wesad,stored,DEPENDS_ON,sensor,placeholder,0
wesad,stored,DEPENDS_ON,observation,subject,0
wesad,stored,DEPENDS_ON,observation,sensor,0
wesad,stored,DEPENDS_ON,observation,observation,0
wesad,stored,DEPENDS_ON,observation,feature,0
wesad,stored,DEPENDS_ON,observation,claim,0
wesad,stored,DEPENDS_ON,observation,explanation,0
wesad,stored,DEPENDS_ON,observation,review,0
wesad,stored,DEPENDS_ON,observation,assessment,0
wesad,stored,DEPENDS_ON,observation,placeholder,0
wesad,stored,DEPENDS_ON,feature,subject,0
wesad,stored,DEPENDS_ON,feature,sensor,0
wesad,stored,DEPENDS_ON,feature,observation,11120
wesad,stored,DEPENDS_ON,feature,feature,0
wesad,stored,DEPENDS_ON,feature,claim,0
wesad,stored,DEPENDS_ON,feature,explanation,0
wesad,stored,DEPENDS_ON,feature,review,0
wesad,stored,DEPENDS_ON,feature,assessment,0
wesad,stored,DEPENDS_ON,feature,placeholder,0
wesad,stored,DEPENDS_ON,claim,subject,0
wesad,stored,DEPENDS_ON,claim,sensor,0
wesad,stored,DEPENDS_ON,claim,observation,0
wesad,stored,DEPENDS_ON,claim,feature,549
wesad,stored,DEPENDS_ON,claim,claim,3
wesad,stored,DEPENDS_ON,claim,explanation,0
wesad,stored,DEPENDS_ON,claim,review,0
wesad,stored,DEPENDS_ON,claim,assessment,0
wesad,stored,DEPENDS_ON,claim,placeholder,0
wesad,stored,DEPENDS_ON,explanation,subject,0
wesad,stored,DEPENDS_ON,explanation,sensor,0
wesad,stored,DEPENDS_ON,explanation,observation,0
wesad,stored,DEPENDS_ON,explanation,feature,0
wesad,stored,DEPENDS_ON,explanation,claim,580
wesad,stored,DEPENDS_ON,explanation,explanation,0
wesad,stored,DEPENDS_ON,explanation,review,0
wesad,stored,DEPENDS_ON,explanation,assessment,0
wesad,stored,DEPENDS_ON,explanation,placeholder,0
wesad,stored,DEPENDS_ON,review,subject,0
wesad,stored,DEPENDS_ON,review,sensor,0
wesad,stored,DEPENDS_ON,review,observation,0
wesad,stored,DEPENDS_ON,review,feature,0
wesad,stored,DEPENDS_ON,review,claim,0
wesad,stored,DEPENDS_ON,review,explanation,0
wesad,stored,DEPENDS_ON,review,review,0
wesad,stored,DEPENDS_ON,review,assessment,0
wesad,stored,DEPENDS_ON,review,placeholder,0
wesad,stored,DEPENDS_ON,assessment,subject,0
wesad,stored,DEPENDS_ON,assessment,sensor,0
wesad,stored,DEPENDS_ON,assessment,observation,0
wesad,stored,DEPENDS_ON,assessment,feature,0
wesad,stored,DEPENDS_ON,assessment,claim,0
wesad,stored,DEPENDS_ON,assessment,explanation,0
wesad,stored,DEPENDS_ON,assessment,review,0
wesad,stored,DEPENDS_ON,assessment,assessment,0
wesad,stored,DEPENDS_ON,assessment,placeholder,0
wesad,stored,DEPENDS_ON,placeholder,subject,0
wesad,stored,DEPENDS_ON,placeholder,sensor,0
wesad,stored,DEPENDS_ON,placeholder,observation,0
wesad,stored,DEPENDS_ON,placeholder,feature,0
wesad,stored,DEPENDS_ON,placeholder,claim,0
wesad,stored,DEPENDS_ON,placeholder,explanation,0
wesad,stored,DEPENDS_ON,placeholder,review,0
wesad,stored,DEPENDS_ON,placeholder,assessment,0
wesad,stored,DEPENDS_ON,placeholder,placeholder,0
wesad,stored,DERIVED_FROM,subject,subject,0
wesad,stored,DERIVED_FROM,subject,sensor,0
wesad,stored,DERIVED_FROM,subject,observation,0
wesad,stored,DERIVED_FROM,subject,feature,0
wesad,stored,DERIVED_FROM,subject,claim,0
wesad,stored,DERIVED_FROM,subject,explanation,0
wesad,stored,DERIVED_FROM,subject,review,0
wesad,stored,DERIVED_FROM,subject,assessment,0
wesad,stored,DERIVED_FROM,subject,placeholder,0
wesad,stored,DERIVED_FROM,sensor,subject,0
wesad,stored,DERIVED_FROM,sensor,sensor,0
wesad,stored,DERIVED_FROM,sensor,observation,0
wesad,stored,DERIVED_FROM,sensor,feature,0
wesad,stored,DERIVED_FROM,sensor,claim,0
wesad,stored,DERIVED_FROM,sensor,explanation,0
wesad,stored,DERIVED_FROM,sensor,review,0
wesad,stored,DERIVED_FROM,sensor,assessment,0
wesad,stored,DERIVED_FROM,sensor,placeholder,0
wesad,stored,DERIVED_FROM,observation,subject,0
wesad,stored,DERIVED_FROM,observation,sensor,0
wesad,stored,DERIVED_FROM,observation,observation,0
wesad,stored,DERIVED_FROM,observation,feature,0
wesad,stored,DERIVED_FROM,observation,claim,0
wesad,stored,DERIVED_FROM,observation,explanation,0
wesad,stored,DERIVED_FROM,observation,review,0
wesad,stored,DERIVED_FROM,observation,assessment,0
wesad,stored,DERIVED_FROM,observation,placeholder,0
wesad,stored,DERIVED_FROM,feature,subject,0
wesad,stored,DERIVED_FROM,feature,sensor,0
wesad,stored,DERIVED_FROM,feature,observation,11120
wesad,stored,DERIVED_FROM,feature,feature,0
wesad,stored,DERIVED_FROM,feature,claim,0
wesad,stored,DERIVED_FROM,feature,explanation,0
wesad,stored,DERIVED_FROM,feature,review,0
wesad,stored,DERIVED_FROM,feature,assessment,0
wesad,stored,DERIVED_FROM,feature,placeholder,0
wesad,stored,DERIVED_FROM,claim,subject,0
wesad,stored,DERIVED_FROM,claim,sensor,0
wesad,stored,DERIVED_FROM,claim,observation,0
wesad,stored,DERIVED_FROM,claim,feature,0
wesad,stored,DERIVED_FROM,claim,claim,0
wesad,stored,DERIVED_FROM,claim,explanation,0
wesad,stored,DERIVED_FROM,claim,review,0
wesad,stored,DERIVED_FROM,claim,assessment,0
wesad,stored,DERIVED_FROM,claim,placeholder,0
wesad,stored,DERIVED_FROM,explanation,subject,0
wesad,stored,DERIVED_FROM,explanation,sensor,0
wesad,stored,DERIVED_FROM,explanation,observation,0
wesad,stored,DERIVED_FROM,explanation,feature,0
wesad,stored,DERIVED_FROM,explanation,claim,0
wesad,stored,DERIVED_FROM,explanation,explanation,0
wesad,stored,DERIVED_FROM,explanation,review,0
wesad,stored,DERIVED_FROM,explanation,assessment,0
wesad,stored,DERIVED_FROM,explanation,placeholder,0
wesad,stored,DERIVED_FROM,review,subject,0
wesad,stored,DERIVED_FROM,review,sensor,0
wesad,stored,DERIVED_FROM,review,observation,0
wesad,stored,DERIVED_FROM,review,feature,0
wesad,stored,DERIVED_FROM,review,claim,0
wesad,stored,DERIVED_FROM,review,explanation,0
wesad,stored,DERIVED_FROM,review,review,0
wesad,stored,DERIVED_FROM,review,assessment,0
wesad,stored,DERIVED_FROM,review,placeholder,0
wesad,stored,DERIVED_FROM,assessment,subject,0
wesad,stored,DERIVED_FROM,assessment,sensor,0
wesad,stored,DERIVED_FROM,assessment,observation,0
wesad,stored,DERIVED_FROM,assessment,feature,0
wesad,stored,DERIVED_FROM,assessment,claim,0
wesad,stored,DERIVED_FROM,assessment,explanation,0
wesad,stored,DERIVED_FROM,assessment,review,0
wesad,stored,DERIVED_FROM,assessment,assessment,0
wesad,stored,DERIVED_FROM,assessment,placeholder,0
wesad,stored,DERIVED_FROM,placeholder,subject,0
wesad,stored,DERIVED_FROM,placeholder,sensor,0
wesad,stored,DERIVED_FROM,placeholder,observation,0
wesad,stored,DERIVED_FROM,placeholder,feature,0
wesad,stored,DERIVED_FROM,placeholder,claim,0
wesad,stored,DERIVED_FROM,placeholder,explanation,0
wesad,stored,DERIVED_FROM,placeholder,review,0
wesad,stored,DERIVED_FROM,placeholder,assessment,0
wesad,stored,DERIVED_FROM,placeholder,placeholder,0
wesad,stored,SUPPORTS,subject,subject,0
wesad,stored,SUPPORTS,subject,sensor,0
wesad,stored,SUPPORTS,subject,observation,0
wesad,stored,SUPPORTS,subject,feature,0
wesad,stored,SUPPORTS,subject,claim,0
wesad,stored,SUPPORTS,subject,explanation,0
wesad,stored,SUPPORTS,subject,review,0
wesad,stored,SUPPORTS,subject,assessment,0
wesad,stored,SUPPORTS,subject,placeholder,0
wesad,stored,SUPPORTS,sensor,subject,0
wesad,stored,SUPPORTS,sensor,sensor,0
wesad,stored,SUPPORTS,sensor,observation,0
wesad,stored,SUPPORTS,sensor,feature,0
wesad,stored,SUPPORTS,sensor,claim,0
wesad,stored,SUPPORTS,sensor,explanation,0
wesad,stored,SUPPORTS,sensor,review,0
wesad,stored,SUPPORTS,sensor,assessment,0
wesad,stored,SUPPORTS,sensor,placeholder,0
wesad,stored,SUPPORTS,observation,subject,0
wesad,stored,SUPPORTS,observation,sensor,0
wesad,stored,SUPPORTS,observation,observation,0
wesad,stored,SUPPORTS,observation,feature,0
wesad,stored,SUPPORTS,observation,claim,0
wesad,stored,SUPPORTS,observation,explanation,0
wesad,stored,SUPPORTS,observation,review,0
wesad,stored,SUPPORTS,observation,assessment,0
wesad,stored,SUPPORTS,observation,placeholder,0
wesad,stored,SUPPORTS,feature,subject,0
wesad,stored,SUPPORTS,feature,sensor,0
wesad,stored,SUPPORTS,feature,observation,0
wesad,stored,SUPPORTS,feature,feature,0
wesad,stored,SUPPORTS,feature,claim,549
wesad,stored,SUPPORTS,feature,explanation,0
wesad,stored,SUPPORTS,feature,review,0
wesad,stored,SUPPORTS,feature,assessment,0
wesad,stored,SUPPORTS,feature,placeholder,0
wesad,stored,SUPPORTS,claim,subject,0
wesad,stored,SUPPORTS,claim,sensor,0
wesad,stored,SUPPORTS,claim,observation,0
wesad,stored,SUPPORTS,claim,feature,0
wesad,stored,SUPPORTS,claim,claim,3
wesad,stored,SUPPORTS,claim,explanation,0
wesad,stored,SUPPORTS,claim,review,0
wesad,stored,SUPPORTS,claim,assessment,0
wesad,stored,SUPPORTS,claim,placeholder,0
wesad,stored,SUPPORTS,explanation,subject,0
wesad,stored,SUPPORTS,explanation,sensor,0
wesad,stored,SUPPORTS,explanation,observation,0
wesad,stored,SUPPORTS,explanation,feature,0
wesad,stored,SUPPORTS,explanation,claim,0
wesad,stored,SUPPORTS,explanation,explanation,0
wesad,stored,SUPPORTS,explanation,review,0
wesad,stored,SUPPORTS,explanation,assessment,0
wesad,stored,SUPPORTS,explanation,placeholder,0
wesad,stored,SUPPORTS,review,subject,0
wesad,stored,SUPPORTS,review,sensor,0
wesad,stored,SUPPORTS,review,observation,0
wesad,stored,SUPPORTS,review,feature,0
wesad,stored,SUPPORTS,review,claim,0
wesad,stored,SUPPORTS,review,explanation,0
wesad,stored,SUPPORTS,review,review,0
wesad,stored,SUPPORTS,review,assessment,0
wesad,stored,SUPPORTS,review,placeholder,0
wesad,stored,SUPPORTS,assessment,subject,0
wesad,stored,SUPPORTS,assessment,sensor,0
wesad,stored,SUPPORTS,assessment,observation,0
wesad,stored,SUPPORTS,assessment,feature,0
wesad,stored,SUPPORTS,assessment,claim,0
wesad,stored,SUPPORTS,assessment,explanation,0
wesad,stored,SUPPORTS,assessment,review,0
wesad,stored,SUPPORTS,assessment,assessment,0
wesad,stored,SUPPORTS,assessment,placeholder,0
wesad,stored,SUPPORTS,placeholder,subject,0
wesad,stored,SUPPORTS,placeholder,sensor,0
wesad,stored,SUPPORTS,placeholder,observation,0
wesad,stored,SUPPORTS,placeholder,feature,0
wesad,stored,SUPPORTS,placeholder,claim,0
wesad,stored,SUPPORTS,placeholder,explanation,0
wesad,stored,SUPPORTS,placeholder,review,0
wesad,stored,SUPPORTS,placeholder,assessment,0
wesad,stored,SUPPORTS,placeholder,placeholder,0
wesad,stored,FOR_SUBJECT,subject,subject,0
wesad,stored,FOR_SUBJECT,subject,sensor,0
wesad,stored,FOR_SUBJECT,subject,observation,0
wesad,stored,FOR_SUBJECT,subject,feature,0
wesad,stored,FOR_SUBJECT,subject,claim,0
wesad,stored,FOR_SUBJECT,subject,explanation,0
wesad,stored,FOR_SUBJECT,subject,review,0
wesad,stored,FOR_SUBJECT,subject,assessment,0
wesad,stored,FOR_SUBJECT,subject,placeholder,0
wesad,stored,FOR_SUBJECT,sensor,subject,320
wesad,stored,FOR_SUBJECT,sensor,sensor,0
wesad,stored,FOR_SUBJECT,sensor,observation,0
wesad,stored,FOR_SUBJECT,sensor,feature,0
wesad,stored,FOR_SUBJECT,sensor,claim,0
wesad,stored,FOR_SUBJECT,sensor,explanation,0
wesad,stored,FOR_SUBJECT,sensor,review,0
wesad,stored,FOR_SUBJECT,sensor,assessment,0
wesad,stored,FOR_SUBJECT,sensor,placeholder,0
wesad,stored,FOR_SUBJECT,observation,subject,2600
wesad,stored,FOR_SUBJECT,observation,sensor,0
wesad,stored,FOR_SUBJECT,observation,observation,0
wesad,stored,FOR_SUBJECT,observation,feature,0
wesad,stored,FOR_SUBJECT,observation,claim,0
wesad,stored,FOR_SUBJECT,observation,explanation,0
wesad,stored,FOR_SUBJECT,observation,review,0
wesad,stored,FOR_SUBJECT,observation,assessment,0
wesad,stored,FOR_SUBJECT,observation,placeholder,0
wesad,stored,FOR_SUBJECT,feature,subject,11156
wesad,stored,FOR_SUBJECT,feature,sensor,0
wesad,stored,FOR_SUBJECT,feature,observation,0
wesad,stored,FOR_SUBJECT,feature,feature,0
wesad,stored,FOR_SUBJECT,feature,claim,0
wesad,stored,FOR_SUBJECT,feature,explanation,0
wesad,stored,FOR_SUBJECT,feature,review,0
wesad,stored,FOR_SUBJECT,feature,assessment,0
wesad,stored,FOR_SUBJECT,feature,placeholder,0
wesad,stored,FOR_SUBJECT,claim,subject,440
wesad,stored,FOR_SUBJECT,claim,sensor,0
wesad,stored,FOR_SUBJECT,claim,observation,0
wesad,stored,FOR_SUBJECT,claim,feature,0
wesad,stored,FOR_SUBJECT,claim,claim,0
wesad,stored,FOR_SUBJECT,claim,explanation,0
wesad,stored,FOR_SUBJECT,claim,review,0
wesad,stored,FOR_SUBJECT,claim,assessment,0
wesad,stored,FOR_SUBJECT,claim,placeholder,0
wesad,stored,FOR_SUBJECT,explanation,subject,342
wesad,stored,FOR_SUBJECT,explanation,sensor,0
wesad,stored,FOR_SUBJECT,explanation,observation,0
wesad,stored,FOR_SUBJECT,explanation,feature,0
wesad,stored,FOR_SUBJECT,explanation,claim,0
wesad,stored,FOR_SUBJECT,explanation,explanation,0
wesad,stored,FOR_SUBJECT,explanation,review,0
wesad,stored,FOR_SUBJECT,explanation,assessment,0
wesad,stored,FOR_SUBJECT,explanation,placeholder,0
wesad,stored,FOR_SUBJECT,review,subject,0
wesad,stored,FOR_SUBJECT,review,sensor,0
wesad,stored,FOR_SUBJECT,review,observation,0
wesad,stored,FOR_SUBJECT,review,feature,0
wesad,stored,FOR_SUBJECT,review,claim,0
wesad,stored,FOR_SUBJECT,review,explanation,0
wesad,stored,FOR_SUBJECT,review,review,0
wesad,stored,FOR_SUBJECT,review,assessment,0
wesad,stored,FOR_SUBJECT,review,placeholder,0
wesad,stored,FOR_SUBJECT,assessment,subject,0
wesad,stored,FOR_SUBJECT,assessment,sensor,0
wesad,stored,FOR_SUBJECT,assessment,observation,0
wesad,stored,FOR_SUBJECT,assessment,feature,0
wesad,stored,FOR_SUBJECT,assessment,claim,0
wesad,stored,FOR_SUBJECT,assessment,explanation,0
wesad,stored,FOR_SUBJECT,assessment,review,0
wesad,stored,FOR_SUBJECT,assessment,assessment,0
wesad,stored,FOR_SUBJECT,assessment,placeholder,0
wesad,stored,FOR_SUBJECT,placeholder,subject,0
wesad,stored,FOR_SUBJECT,placeholder,sensor,0
wesad,stored,FOR_SUBJECT,placeholder,observation,0
wesad,stored,FOR_SUBJECT,placeholder,feature,0
wesad,stored,FOR_SUBJECT,placeholder,claim,0
wesad,stored,FOR_SUBJECT,placeholder,explanation,0
wesad,stored,FOR_SUBJECT,placeholder,review,0
wesad,stored,FOR_SUBJECT,placeholder,assessment,0
wesad,stored,FOR_SUBJECT,placeholder,placeholder,0
wesad,stored,OBSERVED_BY,subject,subject,0
wesad,stored,OBSERVED_BY,subject,sensor,0
wesad,stored,OBSERVED_BY,subject,observation,0
wesad,stored,OBSERVED_BY,subject,feature,0
wesad,stored,OBSERVED_BY,subject,claim,0
wesad,stored,OBSERVED_BY,subject,explanation,0
wesad,stored,OBSERVED_BY,subject,review,0
wesad,stored,OBSERVED_BY,subject,assessment,0
wesad,stored,OBSERVED_BY,subject,placeholder,0
wesad,stored,OBSERVED_BY,sensor,subject,0
wesad,stored,OBSERVED_BY,sensor,sensor,0
wesad,stored,OBSERVED_BY,sensor,observation,0
wesad,stored,OBSERVED_BY,sensor,feature,0
wesad,stored,OBSERVED_BY,sensor,claim,0
wesad,stored,OBSERVED_BY,sensor,explanation,0
wesad,stored,OBSERVED_BY,sensor,review,0
wesad,stored,OBSERVED_BY,sensor,assessment,0
wesad,stored,OBSERVED_BY,sensor,placeholder,0
wesad,stored,OBSERVED_BY,observation,subject,0
wesad,stored,OBSERVED_BY,observation,sensor,2600
wesad,stored,OBSERVED_BY,observation,observation,0
wesad,stored,OBSERVED_BY,observation,feature,0
wesad,stored,OBSERVED_BY,observation,claim,0
wesad,stored,OBSERVED_BY,observation,explanation,0
wesad,stored,OBSERVED_BY,observation,review,0
wesad,stored,OBSERVED_BY,observation,assessment,0
wesad,stored,OBSERVED_BY,observation,placeholder,0
wesad,stored,OBSERVED_BY,feature,subject,0
wesad,stored,OBSERVED_BY,feature,sensor,0
wesad,stored,OBSERVED_BY,feature,observation,0
wesad,stored,OBSERVED_BY,feature,feature,0
wesad,stored,OBSERVED_BY,feature,claim,0
wesad,stored,OBSERVED_BY,feature,explanation,0
wesad,stored,OBSERVED_BY,feature,review,0
wesad,stored,OBSERVED_BY,feature,assessment,0
wesad,stored,OBSERVED_BY,feature,placeholder,0
wesad,stored,OBSERVED_BY,claim,subject,0
wesad,stored,OBSERVED_BY,claim,sensor,0
wesad,stored,OBSERVED_BY,claim,observation,0
wesad,stored,OBSERVED_BY,claim,feature,0
wesad,stored,OBSERVED_BY,claim,claim,0
wesad,stored,OBSERVED_BY,claim,explanation,0
wesad,stored,OBSERVED_BY,claim,review,0
wesad,stored,OBSERVED_BY,claim,assessment,0
wesad,stored,OBSERVED_BY,claim,placeholder,0
wesad,stored,OBSERVED_BY,explanation,subject,0
wesad,stored,OBSERVED_BY,explanation,sensor,0
wesad,stored,OBSERVED_BY,explanation,observation,0
wesad,stored,OBSERVED_BY,explanation,feature,0
wesad,stored,OBSERVED_BY,explanation,claim,0
wesad,stored,OBSERVED_BY,explanation,explanation,0
wesad,stored,OBSERVED_BY,explanation,review,0
wesad,stored,OBSERVED_BY,explanation,assessment,0
wesad,stored,OBSERVED_BY,explanation,placeholder,0
wesad,stored,OBSERVED_BY,review,subject,0
wesad,stored,OBSERVED_BY,review,sensor,0
wesad,stored,OBSERVED_BY,review,observation,0
wesad,stored,OBSERVED_BY,review,feature,0
wesad,stored,OBSERVED_BY,review,claim,0
wesad,stored,OBSERVED_BY,review,explanation,0
wesad,stored,OBSERVED_BY,review,review,0
wesad,stored,OBSERVED_BY,review,assessment,0
wesad,stored,OBSERVED_BY,review,placeholder,0
wesad,stored,OBSERVED_BY,assessment,subject,0
wesad,stored,OBSERVED_BY,assessment,sensor,0
wesad,stored,OBSERVED_BY,assessment,observation,0
wesad,stored,OBSERVED_BY,assessment,feature,0
wesad,stored,OBSERVED_BY,assessment,claim,0
wesad,stored,OBSERVED_BY,assessment,explanation,0
wesad,stored,OBSERVED_BY,assessment,review,0
wesad,stored,OBSERVED_BY,assessment,assessment,0
wesad,stored,OBSERVED_BY,assessment,placeholder,0
wesad,stored,OBSERVED_BY,placeholder,subject,0
wesad,stored,OBSERVED_BY,placeholder,sensor,0
wesad,stored,OBSERVED_BY,placeholder,observation,0
wesad,stored,OBSERVED_BY,placeholder,feature,0
wesad,stored,OBSERVED_BY,placeholder,claim,0
wesad,stored,OBSERVED_BY,placeholder,explanation,0
wesad,stored,OBSERVED_BY,placeholder,review,0
wesad,stored,OBSERVED_BY,placeholder,assessment,0
wesad,stored,OBSERVED_BY,placeholder,placeholder,0
wesad,stored,SUPERSEDES,subject,subject,0
wesad,stored,SUPERSEDES,subject,sensor,0
wesad,stored,SUPERSEDES,subject,observation,0
wesad,stored,SUPERSEDES,subject,feature,0
wesad,stored,SUPERSEDES,subject,claim,0
wesad,stored,SUPERSEDES,subject,explanation,0
wesad,stored,SUPERSEDES,subject,review,0
wesad,stored,SUPERSEDES,subject,assessment,0
wesad,stored,SUPERSEDES,subject,placeholder,0
wesad,stored,SUPERSEDES,sensor,subject,0
wesad,stored,SUPERSEDES,sensor,sensor,0
wesad,stored,SUPERSEDES,sensor,observation,0
wesad,stored,SUPERSEDES,sensor,feature,0
wesad,stored,SUPERSEDES,sensor,claim,0
wesad,stored,SUPERSEDES,sensor,explanation,0
wesad,stored,SUPERSEDES,sensor,review,0
wesad,stored,SUPERSEDES,sensor,assessment,0
wesad,stored,SUPERSEDES,sensor,placeholder,0
wesad,stored,SUPERSEDES,observation,subject,0
wesad,stored,SUPERSEDES,observation,sensor,0
wesad,stored,SUPERSEDES,observation,observation,40
wesad,stored,SUPERSEDES,observation,feature,0
wesad,stored,SUPERSEDES,observation,claim,0
wesad,stored,SUPERSEDES,observation,explanation,0
wesad,stored,SUPERSEDES,observation,review,0
wesad,stored,SUPERSEDES,observation,assessment,0
wesad,stored,SUPERSEDES,observation,placeholder,0
wesad,stored,SUPERSEDES,feature,subject,0
wesad,stored,SUPERSEDES,feature,sensor,0
wesad,stored,SUPERSEDES,feature,observation,0
wesad,stored,SUPERSEDES,feature,feature,240
wesad,stored,SUPERSEDES,feature,claim,0
wesad,stored,SUPERSEDES,feature,explanation,0
wesad,stored,SUPERSEDES,feature,review,0
wesad,stored,SUPERSEDES,feature,assessment,0
wesad,stored,SUPERSEDES,feature,placeholder,0
wesad,stored,SUPERSEDES,claim,subject,0
wesad,stored,SUPERSEDES,claim,sensor,0
wesad,stored,SUPERSEDES,claim,observation,0
wesad,stored,SUPERSEDES,claim,feature,0
wesad,stored,SUPERSEDES,claim,claim,0
wesad,stored,SUPERSEDES,claim,explanation,0
wesad,stored,SUPERSEDES,claim,review,0
wesad,stored,SUPERSEDES,claim,assessment,0
wesad,stored,SUPERSEDES,claim,placeholder,0
wesad,stored,SUPERSEDES,explanation,subject,0
wesad,stored,SUPERSEDES,explanation,sensor,0
wesad,stored,SUPERSEDES,explanation,observation,0
wesad,stored,SUPERSEDES,explanation,feature,0
wesad,stored,SUPERSEDES,explanation,claim,0
wesad,stored,SUPERSEDES,explanation,explanation,102
wesad,stored,SUPERSEDES,explanation,review,0
wesad,stored,SUPERSEDES,explanation,assessment,0
wesad,stored,SUPERSEDES,explanation,placeholder,0
wesad,stored,SUPERSEDES,review,subject,0
wesad,stored,SUPERSEDES,review,sensor,0
wesad,stored,SUPERSEDES,review,observation,0
wesad,stored,SUPERSEDES,review,feature,0
wesad,stored,SUPERSEDES,review,claim,0
wesad,stored,SUPERSEDES,review,explanation,0
wesad,stored,SUPERSEDES,review,review,0
wesad,stored,SUPERSEDES,review,assessment,0
wesad,stored,SUPERSEDES,review,placeholder,0
wesad,stored,SUPERSEDES,assessment,subject,0
wesad,stored,SUPERSEDES,assessment,sensor,0
wesad,stored,SUPERSEDES,assessment,observation,0
wesad,stored,SUPERSEDES,assessment,feature,0
wesad,stored,SUPERSEDES,assessment,claim,0
wesad,stored,SUPERSEDES,assessment,explanation,0
wesad,stored,SUPERSEDES,assessment,review,0
wesad,stored,SUPERSEDES,assessment,assessment,0
wesad,stored,SUPERSEDES,assessment,placeholder,0
wesad,stored,SUPERSEDES,placeholder,subject,0
wesad,stored,SUPERSEDES,placeholder,sensor,0
wesad,stored,SUPERSEDES,placeholder,observation,0
wesad,stored,SUPERSEDES,placeholder,feature,0
wesad,stored,SUPERSEDES,placeholder,claim,0
wesad,stored,SUPERSEDES,placeholder,explanation,0
wesad,stored,SUPERSEDES,placeholder,review,0
wesad,stored,SUPERSEDES,placeholder,assessment,0
wesad,stored,SUPERSEDES,placeholder,placeholder,0
wesad,stored,CONTAINS,subject,subject,0
wesad,stored,CONTAINS,subject,sensor,0
wesad,stored,CONTAINS,subject,observation,0
wesad,stored,CONTAINS,subject,feature,0
wesad,stored,CONTAINS,subject,claim,0
wesad,stored,CONTAINS,subject,explanation,0
wesad,stored,CONTAINS,subject,review,0
wesad,stored,CONTAINS,subject,assessment,0
wesad,stored,CONTAINS,subject,placeholder,0
wesad,stored,CONTAINS,sensor,subject,0
wesad,stored,CONTAINS,sensor,sensor,0
wesad,stored,CONTAINS,sensor,observation,0
wesad,stored,CONTAINS,sensor,feature,0
wesad,stored,CONTAINS,sensor,claim,0
wesad,stored,CONTAINS,sensor,explanation,0
wesad,stored,CONTAINS,sensor,review,0
wesad,stored,CONTAINS,sensor,assessment,0
wesad,stored,CONTAINS,sensor,placeholder,0
wesad,stored,CONTAINS,observation,subject,0
wesad,stored,CONTAINS,observation,sensor,0
wesad,stored,CONTAINS,observation,observation,0
wesad,stored,CONTAINS,observation,feature,0
wesad,stored,CONTAINS,observation,claim,0
wesad,stored,CONTAINS,observation,explanation,0
wesad,stored,CONTAINS,observation,review,0
wesad,stored,CONTAINS,observation,assessment,0
wesad,stored,CONTAINS,observation,placeholder,0
wesad,stored,CONTAINS,feature,subject,0
wesad,stored,CONTAINS,feature,sensor,0
wesad,stored,CONTAINS,feature,observation,0
wesad,stored,CONTAINS,feature,feature,0
wesad,stored,CONTAINS,feature,claim,0
wesad,stored,CONTAINS,feature,explanation,0
wesad,stored,CONTAINS,feature,review,0
wesad,stored,CONTAINS,feature,assessment,0
wesad,stored,CONTAINS,feature,placeholder,0
wesad,stored,CONTAINS,claim,subject,0
wesad,stored,CONTAINS,claim,sensor,0
wesad,stored,CONTAINS,claim,observation,0
wesad,stored,CONTAINS,claim,feature,0
wesad,stored,CONTAINS,claim,claim,0
wesad,stored,CONTAINS,claim,explanation,0
wesad,stored,CONTAINS,claim,review,0
wesad,stored,CONTAINS,claim,assessment,0
wesad,stored,CONTAINS,claim,placeholder,0
wesad,stored,CONTAINS,explanation,subject,0
wesad,stored,CONTAINS,explanation,sensor,0
wesad,stored,CONTAINS,explanation,observation,0
wesad,stored,CONTAINS,explanation,feature,0
wesad,stored,CONTAINS,explanation,claim,580
wesad,stored,CONTAINS,explanation,explanation,0
wesad,stored,CONTAINS,explanation,review,0
wesad,stored,CONTAINS,explanation,assessment,0
wesad,stored,CONTAINS,explanation,placeholder,0
wesad,stored,CONTAINS,review,subject,0
wesad,stored,CONTAINS,review,sensor,0
wesad,stored,CONTAINS,review,observation,0
wesad,stored,CONTAINS,review,feature,0
wesad,stored,CONTAINS,review,claim,0
wesad,stored,CONTAINS,review,explanation,0
wesad,stored,CONTAINS,review,review,0
wesad,stored,CONTAINS,review,assessment,0
wesad,stored,CONTAINS,review,placeholder,0
wesad,stored,CONTAINS,assessment,subject,0
wesad,stored,CONTAINS,assessment,sensor,0
wesad,stored,CONTAINS,assessment,observation,0
wesad,stored,CONTAINS,assessment,feature,0
wesad,stored,CONTAINS,assessment,claim,0
wesad,stored,CONTAINS,assessment,explanation,0
wesad,stored,CONTAINS,assessment,review,0
wesad,stored,CONTAINS,assessment,assessment,0
wesad,stored,CONTAINS,assessment,placeholder,0
wesad,stored,CONTAINS,placeholder,subject,0
wesad,stored,CONTAINS,placeholder,sensor,0
wesad,stored,CONTAINS,placeholder,observation,0
wesad,stored,CONTAINS,placeholder,feature,0
wesad,stored,CONTAINS,placeholder,claim,0
wesad,stored,CONTAINS,placeholder,explanation,0
wesad,stored,CONTAINS,placeholder,review,0
wesad,stored,CONTAINS,placeholder,assessment,0
wesad,stored,CONTAINS,placeholder,placeholder,0
wesad,stored,REVIEWED_BY_EVENT,subject,subject,0
wesad,stored,REVIEWED_BY_EVENT,subject,sensor,0
wesad,stored,REVIEWED_BY_EVENT,subject,observation,0
wesad,stored,REVIEWED_BY_EVENT,subject,feature,0
wesad,stored,REVIEWED_BY_EVENT,subject,claim,0
wesad,stored,REVIEWED_BY_EVENT,subject,explanation,0
wesad,stored,REVIEWED_BY_EVENT,subject,review,0
wesad,stored,REVIEWED_BY_EVENT,subject,assessment,0
wesad,stored,REVIEWED_BY_EVENT,subject,placeholder,0
wesad,stored,REVIEWED_BY_EVENT,sensor,subject,0
wesad,stored,REVIEWED_BY_EVENT,sensor,sensor,0
wesad,stored,REVIEWED_BY_EVENT,sensor,observation,0
wesad,stored,REVIEWED_BY_EVENT,sensor,feature,0
wesad,stored,REVIEWED_BY_EVENT,sensor,claim,0
wesad,stored,REVIEWED_BY_EVENT,sensor,explanation,0
wesad,stored,REVIEWED_BY_EVENT,sensor,review,0
wesad,stored,REVIEWED_BY_EVENT,sensor,assessment,0
wesad,stored,REVIEWED_BY_EVENT,sensor,placeholder,0
wesad,stored,REVIEWED_BY_EVENT,observation,subject,0
wesad,stored,REVIEWED_BY_EVENT,observation,sensor,0
wesad,stored,REVIEWED_BY_EVENT,observation,observation,0
wesad,stored,REVIEWED_BY_EVENT,observation,feature,0
wesad,stored,REVIEWED_BY_EVENT,observation,claim,0
wesad,stored,REVIEWED_BY_EVENT,observation,explanation,0
wesad,stored,REVIEWED_BY_EVENT,observation,review,0
wesad,stored,REVIEWED_BY_EVENT,observation,assessment,0
wesad,stored,REVIEWED_BY_EVENT,observation,placeholder,0
wesad,stored,REVIEWED_BY_EVENT,feature,subject,0
wesad,stored,REVIEWED_BY_EVENT,feature,sensor,0
wesad,stored,REVIEWED_BY_EVENT,feature,observation,0
wesad,stored,REVIEWED_BY_EVENT,feature,feature,0
wesad,stored,REVIEWED_BY_EVENT,feature,claim,0
wesad,stored,REVIEWED_BY_EVENT,feature,explanation,0
wesad,stored,REVIEWED_BY_EVENT,feature,review,0
wesad,stored,REVIEWED_BY_EVENT,feature,assessment,0
wesad,stored,REVIEWED_BY_EVENT,feature,placeholder,0
wesad,stored,REVIEWED_BY_EVENT,claim,subject,0
wesad,stored,REVIEWED_BY_EVENT,claim,sensor,0
wesad,stored,REVIEWED_BY_EVENT,claim,observation,0
wesad,stored,REVIEWED_BY_EVENT,claim,feature,0
wesad,stored,REVIEWED_BY_EVENT,claim,claim,0
wesad,stored,REVIEWED_BY_EVENT,claim,explanation,0
wesad,stored,REVIEWED_BY_EVENT,claim,review,0
wesad,stored,REVIEWED_BY_EVENT,claim,assessment,0
wesad,stored,REVIEWED_BY_EVENT,claim,placeholder,0
wesad,stored,REVIEWED_BY_EVENT,explanation,subject,0
wesad,stored,REVIEWED_BY_EVENT,explanation,sensor,0
wesad,stored,REVIEWED_BY_EVENT,explanation,observation,0
wesad,stored,REVIEWED_BY_EVENT,explanation,feature,0
wesad,stored,REVIEWED_BY_EVENT,explanation,claim,0
wesad,stored,REVIEWED_BY_EVENT,explanation,explanation,0
wesad,stored,REVIEWED_BY_EVENT,explanation,review,0
wesad,stored,REVIEWED_BY_EVENT,explanation,assessment,0
wesad,stored,REVIEWED_BY_EVENT,explanation,placeholder,0
wesad,stored,REVIEWED_BY_EVENT,review,subject,0
wesad,stored,REVIEWED_BY_EVENT,review,sensor,0
wesad,stored,REVIEWED_BY_EVENT,review,observation,0
wesad,stored,REVIEWED_BY_EVENT,review,feature,0
wesad,stored,REVIEWED_BY_EVENT,review,claim,0
wesad,stored,REVIEWED_BY_EVENT,review,explanation,0
wesad,stored,REVIEWED_BY_EVENT,review,review,0
wesad,stored,REVIEWED_BY_EVENT,review,assessment,0
wesad,stored,REVIEWED_BY_EVENT,review,placeholder,0
wesad,stored,REVIEWED_BY_EVENT,assessment,subject,0
wesad,stored,REVIEWED_BY_EVENT,assessment,sensor,0
wesad,stored,REVIEWED_BY_EVENT,assessment,observation,0
wesad,stored,REVIEWED_BY_EVENT,assessment,feature,0
wesad,stored,REVIEWED_BY_EVENT,assessment,claim,0
wesad,stored,REVIEWED_BY_EVENT,assessment,explanation,0
wesad,stored,REVIEWED_BY_EVENT,assessment,review,0
wesad,stored,REVIEWED_BY_EVENT,assessment,assessment,0
wesad,stored,REVIEWED_BY_EVENT,assessment,placeholder,0
wesad,stored,REVIEWED_BY_EVENT,placeholder,subject,0
wesad,stored,REVIEWED_BY_EVENT,placeholder,sensor,0
wesad,stored,REVIEWED_BY_EVENT,placeholder,observation,0
wesad,stored,REVIEWED_BY_EVENT,placeholder,feature,0
wesad,stored,REVIEWED_BY_EVENT,placeholder,claim,0
wesad,stored,REVIEWED_BY_EVENT,placeholder,explanation,0
wesad,stored,REVIEWED_BY_EVENT,placeholder,review,0
wesad,stored,REVIEWED_BY_EVENT,placeholder,assessment,0
wesad,stored,REVIEWED_BY_EVENT,placeholder,placeholder,0
wesad,stored,CONTRADICTS,subject,subject,0
wesad,stored,CONTRADICTS,subject,sensor,0
wesad,stored,CONTRADICTS,subject,observation,0
wesad,stored,CONTRADICTS,subject,feature,0
wesad,stored,CONTRADICTS,subject,claim,0
wesad,stored,CONTRADICTS,subject,explanation,0
wesad,stored,CONTRADICTS,subject,review,0
wesad,stored,CONTRADICTS,subject,assessment,0
wesad,stored,CONTRADICTS,subject,placeholder,0
wesad,stored,CONTRADICTS,sensor,subject,0
wesad,stored,CONTRADICTS,sensor,sensor,0
wesad,stored,CONTRADICTS,sensor,observation,0
wesad,stored,CONTRADICTS,sensor,feature,0
wesad,stored,CONTRADICTS,sensor,claim,0
wesad,stored,CONTRADICTS,sensor,explanation,0
wesad,stored,CONTRADICTS,sensor,review,0
wesad,stored,CONTRADICTS,sensor,assessment,0
wesad,stored,CONTRADICTS,sensor,placeholder,0
wesad,stored,CONTRADICTS,observation,subject,0
wesad,stored,CONTRADICTS,observation,sensor,0
wesad,stored,CONTRADICTS,observation,observation,0
wesad,stored,CONTRADICTS,observation,feature,0
wesad,stored,CONTRADICTS,observation,claim,16
wesad,stored,CONTRADICTS,observation,explanation,0
wesad,stored,CONTRADICTS,observation,review,0
wesad,stored,CONTRADICTS,observation,assessment,0
wesad,stored,CONTRADICTS,observation,placeholder,0
wesad,stored,CONTRADICTS,feature,subject,0
wesad,stored,CONTRADICTS,feature,sensor,0
wesad,stored,CONTRADICTS,feature,observation,0
wesad,stored,CONTRADICTS,feature,feature,0
wesad,stored,CONTRADICTS,feature,claim,72
wesad,stored,CONTRADICTS,feature,explanation,0
wesad,stored,CONTRADICTS,feature,review,0
wesad,stored,CONTRADICTS,feature,assessment,0
wesad,stored,CONTRADICTS,feature,placeholder,0
wesad,stored,CONTRADICTS,claim,subject,0
wesad,stored,CONTRADICTS,claim,sensor,0
wesad,stored,CONTRADICTS,claim,observation,0
wesad,stored,CONTRADICTS,claim,feature,0
wesad,stored,CONTRADICTS,claim,claim,0
wesad,stored,CONTRADICTS,claim,explanation,0
wesad,stored,CONTRADICTS,claim,review,0
wesad,stored,CONTRADICTS,claim,assessment,0
wesad,stored,CONTRADICTS,claim,placeholder,0
wesad,stored,CONTRADICTS,explanation,subject,0
wesad,stored,CONTRADICTS,explanation,sensor,0
wesad,stored,CONTRADICTS,explanation,observation,0
wesad,stored,CONTRADICTS,explanation,feature,0
wesad,stored,CONTRADICTS,explanation,claim,0
wesad,stored,CONTRADICTS,explanation,explanation,0
wesad,stored,CONTRADICTS,explanation,review,0
wesad,stored,CONTRADICTS,explanation,assessment,0
wesad,stored,CONTRADICTS,explanation,placeholder,0
wesad,stored,CONTRADICTS,review,subject,0
wesad,stored,CONTRADICTS,review,sensor,0
wesad,stored,CONTRADICTS,review,observation,0
wesad,stored,CONTRADICTS,review,feature,0
wesad,stored,CONTRADICTS,review,claim,0
wesad,stored,CONTRADICTS,review,explanation,0
wesad,stored,CONTRADICTS,review,review,0
wesad,stored,CONTRADICTS,review,assessment,0
wesad,stored,CONTRADICTS,review,placeholder,0
wesad,stored,CONTRADICTS,assessment,subject,0
wesad,stored,CONTRADICTS,assessment,sensor,0
wesad,stored,CONTRADICTS,assessment,observation,0
wesad,stored,CONTRADICTS,assessment,feature,0
wesad,stored,CONTRADICTS,assessment,claim,0
wesad,stored,CONTRADICTS,assessment,explanation,0
wesad,stored,CONTRADICTS,assessment,review,0
wesad,stored,CONTRADICTS,assessment,assessment,0
wesad,stored,CONTRADICTS,assessment,placeholder,0
wesad,stored,CONTRADICTS,placeholder,subject,0
wesad,stored,CONTRADICTS,placeholder,sensor,0
wesad,stored,CONTRADICTS,placeholder,observation,0
wesad,stored,CONTRADICTS,placeholder,feature,0
wesad,stored,CONTRADICTS,placeholder,claim,0
wesad,stored,CONTRADICTS,placeholder,explanation,0
wesad,stored,CONTRADICTS,placeholder,review,0
wesad,stored,CONTRADICTS,placeholder,assessment,0
wesad,stored,CONTRADICTS,placeholder,placeholder,0
wesad,stored,ASSESSED_AS,subject,subject,0
wesad,stored,ASSESSED_AS,subject,sensor,0
wesad,stored,ASSESSED_AS,subject,observation,0
wesad,stored,ASSESSED_AS,subject,feature,0
wesad,stored,ASSESSED_AS,subject,claim,0
wesad,stored,ASSESSED_AS,subject,explanation,0
wesad,stored,ASSESSED_AS,subject,review,0
wesad,stored,ASSESSED_AS,subject,assessment,0
wesad,stored,ASSESSED_AS,subject,placeholder,0
wesad,stored,ASSESSED_AS,sensor,subject,0
wesad,stored,ASSESSED_AS,sensor,sensor,0
wesad,stored,ASSESSED_AS,sensor,observation,0
wesad,stored,ASSESSED_AS,sensor,feature,0
wesad,stored,ASSESSED_AS,sensor,claim,0
wesad,stored,ASSESSED_AS,sensor,explanation,0
wesad,stored,ASSESSED_AS,sensor,review,0
wesad,stored,ASSESSED_AS,sensor,assessment,0
wesad,stored,ASSESSED_AS,sensor,placeholder,0
wesad,stored,ASSESSED_AS,observation,subject,0
wesad,stored,ASSESSED_AS,observation,sensor,0
wesad,stored,ASSESSED_AS,observation,observation,0
wesad,stored,ASSESSED_AS,observation,feature,0
wesad,stored,ASSESSED_AS,observation,claim,0
wesad,stored,ASSESSED_AS,observation,explanation,0
wesad,stored,ASSESSED_AS,observation,review,0
wesad,stored,ASSESSED_AS,observation,assessment,0
wesad,stored,ASSESSED_AS,observation,placeholder,0
wesad,stored,ASSESSED_AS,feature,subject,0
wesad,stored,ASSESSED_AS,feature,sensor,0
wesad,stored,ASSESSED_AS,feature,observation,0
wesad,stored,ASSESSED_AS,feature,feature,0
wesad,stored,ASSESSED_AS,feature,claim,0
wesad,stored,ASSESSED_AS,feature,explanation,0
wesad,stored,ASSESSED_AS,feature,review,0
wesad,stored,ASSESSED_AS,feature,assessment,240
wesad,stored,ASSESSED_AS,feature,placeholder,0
wesad,stored,ASSESSED_AS,claim,subject,0
wesad,stored,ASSESSED_AS,claim,sensor,0
wesad,stored,ASSESSED_AS,claim,observation,0
wesad,stored,ASSESSED_AS,claim,feature,0
wesad,stored,ASSESSED_AS,claim,claim,0
wesad,stored,ASSESSED_AS,claim,explanation,0
wesad,stored,ASSESSED_AS,claim,review,0
wesad,stored,ASSESSED_AS,claim,assessment,284
wesad,stored,ASSESSED_AS,claim,placeholder,0
wesad,stored,ASSESSED_AS,explanation,subject,0
wesad,stored,ASSESSED_AS,explanation,sensor,0
wesad,stored,ASSESSED_AS,explanation,observation,0
wesad,stored,ASSESSED_AS,explanation,feature,0
wesad,stored,ASSESSED_AS,explanation,claim,0
wesad,stored,ASSESSED_AS,explanation,explanation,0
wesad,stored,ASSESSED_AS,explanation,review,0
wesad,stored,ASSESSED_AS,explanation,assessment,266
wesad,stored,ASSESSED_AS,explanation,placeholder,0
wesad,stored,ASSESSED_AS,review,subject,0
wesad,stored,ASSESSED_AS,review,sensor,0
wesad,stored,ASSESSED_AS,review,observation,0
wesad,stored,ASSESSED_AS,review,feature,0
wesad,stored,ASSESSED_AS,review,claim,0
wesad,stored,ASSESSED_AS,review,explanation,0
wesad,stored,ASSESSED_AS,review,review,0
wesad,stored,ASSESSED_AS,review,assessment,0
wesad,stored,ASSESSED_AS,review,placeholder,0
wesad,stored,ASSESSED_AS,assessment,subject,0
wesad,stored,ASSESSED_AS,assessment,sensor,0
wesad,stored,ASSESSED_AS,assessment,observation,0
wesad,stored,ASSESSED_AS,assessment,feature,0
wesad,stored,ASSESSED_AS,assessment,claim,0
wesad,stored,ASSESSED_AS,assessment,explanation,0
wesad,stored,ASSESSED_AS,assessment,review,0
wesad,stored,ASSESSED_AS,assessment,assessment,0
wesad,stored,ASSESSED_AS,assessment,placeholder,0
wesad,stored,ASSESSED_AS,placeholder,subject,0
wesad,stored,ASSESSED_AS,placeholder,sensor,0
wesad,stored,ASSESSED_AS,placeholder,observation,0
wesad,stored,ASSESSED_AS,placeholder,feature,0
wesad,stored,ASSESSED_AS,placeholder,claim,0
wesad,stored,ASSESSED_AS,placeholder,explanation,0
wesad,stored,ASSESSED_AS,placeholder,review,0
wesad,stored,ASSESSED_AS,placeholder,assessment,0
wesad,stored,ASSESSED_AS,placeholder,placeholder,0
wesad,stored,CURRENT_CITATION_PATH,subject,subject,0
wesad,stored,CURRENT_CITATION_PATH,subject,sensor,0
wesad,stored,CURRENT_CITATION_PATH,subject,observation,0
wesad,stored,CURRENT_CITATION_PATH,subject,feature,0
wesad,stored,CURRENT_CITATION_PATH,subject,claim,0
wesad,stored,CURRENT_CITATION_PATH,subject,explanation,0
wesad,stored,CURRENT_CITATION_PATH,subject,review,0
wesad,stored,CURRENT_CITATION_PATH,subject,assessment,0
wesad,stored,CURRENT_CITATION_PATH,subject,placeholder,0
wesad,stored,CURRENT_CITATION_PATH,sensor,subject,0
wesad,stored,CURRENT_CITATION_PATH,sensor,sensor,0
wesad,stored,CURRENT_CITATION_PATH,sensor,observation,0
wesad,stored,CURRENT_CITATION_PATH,sensor,feature,0
wesad,stored,CURRENT_CITATION_PATH,sensor,claim,0
wesad,stored,CURRENT_CITATION_PATH,sensor,explanation,0
wesad,stored,CURRENT_CITATION_PATH,sensor,review,0
wesad,stored,CURRENT_CITATION_PATH,sensor,assessment,0
wesad,stored,CURRENT_CITATION_PATH,sensor,placeholder,0
wesad,stored,CURRENT_CITATION_PATH,observation,subject,0
wesad,stored,CURRENT_CITATION_PATH,observation,sensor,0
wesad,stored,CURRENT_CITATION_PATH,observation,observation,0
wesad,stored,CURRENT_CITATION_PATH,observation,feature,0
wesad,stored,CURRENT_CITATION_PATH,observation,claim,0
wesad,stored,CURRENT_CITATION_PATH,observation,explanation,0
wesad,stored,CURRENT_CITATION_PATH,observation,review,0
wesad,stored,CURRENT_CITATION_PATH,observation,assessment,0
wesad,stored,CURRENT_CITATION_PATH,observation,placeholder,0
wesad,stored,CURRENT_CITATION_PATH,feature,subject,0
wesad,stored,CURRENT_CITATION_PATH,feature,sensor,0
wesad,stored,CURRENT_CITATION_PATH,feature,observation,0
wesad,stored,CURRENT_CITATION_PATH,feature,feature,0
wesad,stored,CURRENT_CITATION_PATH,feature,claim,0
wesad,stored,CURRENT_CITATION_PATH,feature,explanation,0
wesad,stored,CURRENT_CITATION_PATH,feature,review,0
wesad,stored,CURRENT_CITATION_PATH,feature,assessment,0
wesad,stored,CURRENT_CITATION_PATH,feature,placeholder,0
wesad,stored,CURRENT_CITATION_PATH,claim,subject,0
wesad,stored,CURRENT_CITATION_PATH,claim,sensor,0
wesad,stored,CURRENT_CITATION_PATH,claim,observation,0
wesad,stored,CURRENT_CITATION_PATH,claim,feature,0
wesad,stored,CURRENT_CITATION_PATH,claim,claim,0
wesad,stored,CURRENT_CITATION_PATH,claim,explanation,0
wesad,stored,CURRENT_CITATION_PATH,claim,review,0
wesad,stored,CURRENT_CITATION_PATH,claim,assessment,0
wesad,stored,CURRENT_CITATION_PATH,claim,placeholder,0
wesad,stored,CURRENT_CITATION_PATH,explanation,subject,0
wesad,stored,CURRENT_CITATION_PATH,explanation,sensor,0
wesad,stored,CURRENT_CITATION_PATH,explanation,observation,0
wesad,stored,CURRENT_CITATION_PATH,explanation,feature,0
wesad,stored,CURRENT_CITATION_PATH,explanation,claim,0
wesad,stored,CURRENT_CITATION_PATH,explanation,explanation,0
wesad,stored,CURRENT_CITATION_PATH,explanation,review,0
wesad,stored,CURRENT_CITATION_PATH,explanation,assessment,0
wesad,stored,CURRENT_CITATION_PATH,explanation,placeholder,0
wesad,stored,CURRENT_CITATION_PATH,review,subject,0
wesad,stored,CURRENT_CITATION_PATH,review,sensor,0
wesad,stored,CURRENT_CITATION_PATH,review,observation,0
wesad,stored,CURRENT_CITATION_PATH,review,feature,0
wesad,stored,CURRENT_CITATION_PATH,review,claim,0
wesad,stored,CURRENT_CITATION_PATH,review,explanation,0
wesad,stored,CURRENT_CITATION_PATH,review,review,0
wesad,stored,CURRENT_CITATION_PATH,review,assessment,0
wesad,stored,CURRENT_CITATION_PATH,review,placeholder,0
wesad,stored,CURRENT_CITATION_PATH,assessment,subject,0
wesad,stored,CURRENT_CITATION_PATH,assessment,sensor,0
wesad,stored,CURRENT_CITATION_PATH,assessment,observation,0
wesad,stored,CURRENT_CITATION_PATH,assessment,feature,0
wesad,stored,CURRENT_CITATION_PATH,assessment,claim,0
wesad,stored,CURRENT_CITATION_PATH,assessment,explanation,0
wesad,stored,CURRENT_CITATION_PATH,assessment,review,0
wesad,stored,CURRENT_CITATION_PATH,assessment,assessment,0
wesad,stored,CURRENT_CITATION_PATH,assessment,placeholder,0
wesad,stored,CURRENT_CITATION_PATH,placeholder,subject,0
wesad,stored,CURRENT_CITATION_PATH,placeholder,sensor,0
wesad,stored,CURRENT_CITATION_PATH,placeholder,observation,0
wesad,stored,CURRENT_CITATION_PATH,placeholder,feature,0
wesad,stored,CURRENT_CITATION_PATH,placeholder,claim,0
wesad,stored,CURRENT_CITATION_PATH,placeholder,explanation,0
wesad,stored,CURRENT_CITATION_PATH,placeholder,review,0
wesad,stored,CURRENT_CITATION_PATH,placeholder,assessment,0
wesad,stored,CURRENT_CITATION_PATH,placeholder,placeholder,0
wesad,core,DEPENDS_ON,subject,subject,0
wesad,core,DEPENDS_ON,subject,sensor,0
wesad,core,DEPENDS_ON,subject,observation,0
wesad,core,DEPENDS_ON,subject,feature,0
wesad,core,DEPENDS_ON,subject,claim,0
wesad,core,DEPENDS_ON,subject,explanation,0
wesad,core,DEPENDS_ON,subject,review,0
wesad,core,DEPENDS_ON,subject,assessment,0
wesad,core,DEPENDS_ON,subject,placeholder,0
wesad,core,DEPENDS_ON,sensor,subject,0
wesad,core,DEPENDS_ON,sensor,sensor,0
wesad,core,DEPENDS_ON,sensor,observation,0
wesad,core,DEPENDS_ON,sensor,feature,0
wesad,core,DEPENDS_ON,sensor,claim,0
wesad,core,DEPENDS_ON,sensor,explanation,0
wesad,core,DEPENDS_ON,sensor,review,0
wesad,core,DEPENDS_ON,sensor,assessment,0
wesad,core,DEPENDS_ON,sensor,placeholder,0
wesad,core,DEPENDS_ON,observation,subject,0
wesad,core,DEPENDS_ON,observation,sensor,0
wesad,core,DEPENDS_ON,observation,observation,0
wesad,core,DEPENDS_ON,observation,feature,0
wesad,core,DEPENDS_ON,observation,claim,0
wesad,core,DEPENDS_ON,observation,explanation,0
wesad,core,DEPENDS_ON,observation,review,0
wesad,core,DEPENDS_ON,observation,assessment,0
wesad,core,DEPENDS_ON,observation,placeholder,0
wesad,core,DEPENDS_ON,feature,subject,0
wesad,core,DEPENDS_ON,feature,sensor,0
wesad,core,DEPENDS_ON,feature,observation,0
wesad,core,DEPENDS_ON,feature,feature,0
wesad,core,DEPENDS_ON,feature,claim,0
wesad,core,DEPENDS_ON,feature,explanation,0
wesad,core,DEPENDS_ON,feature,review,0
wesad,core,DEPENDS_ON,feature,assessment,0
wesad,core,DEPENDS_ON,feature,placeholder,0
wesad,core,DEPENDS_ON,claim,subject,0
wesad,core,DEPENDS_ON,claim,sensor,0
wesad,core,DEPENDS_ON,claim,observation,0
wesad,core,DEPENDS_ON,claim,feature,549
wesad,core,DEPENDS_ON,claim,claim,3
wesad,core,DEPENDS_ON,claim,explanation,0
wesad,core,DEPENDS_ON,claim,review,0
wesad,core,DEPENDS_ON,claim,assessment,0
wesad,core,DEPENDS_ON,claim,placeholder,0
wesad,core,DEPENDS_ON,explanation,subject,0
wesad,core,DEPENDS_ON,explanation,sensor,0
wesad,core,DEPENDS_ON,explanation,observation,0
wesad,core,DEPENDS_ON,explanation,feature,0
wesad,core,DEPENDS_ON,explanation,claim,0
wesad,core,DEPENDS_ON,explanation,explanation,0
wesad,core,DEPENDS_ON,explanation,review,0
wesad,core,DEPENDS_ON,explanation,assessment,0
wesad,core,DEPENDS_ON,explanation,placeholder,0
wesad,core,DEPENDS_ON,review,subject,0
wesad,core,DEPENDS_ON,review,sensor,0
wesad,core,DEPENDS_ON,review,observation,0
wesad,core,DEPENDS_ON,review,feature,0
wesad,core,DEPENDS_ON,review,claim,0
wesad,core,DEPENDS_ON,review,explanation,0
wesad,core,DEPENDS_ON,review,review,0
wesad,core,DEPENDS_ON,review,assessment,0
wesad,core,DEPENDS_ON,review,placeholder,0
wesad,core,DEPENDS_ON,assessment,subject,0
wesad,core,DEPENDS_ON,assessment,sensor,0
wesad,core,DEPENDS_ON,assessment,observation,0
wesad,core,DEPENDS_ON,assessment,feature,0
wesad,core,DEPENDS_ON,assessment,claim,0
wesad,core,DEPENDS_ON,assessment,explanation,0
wesad,core,DEPENDS_ON,assessment,review,0
wesad,core,DEPENDS_ON,assessment,assessment,0
wesad,core,DEPENDS_ON,assessment,placeholder,0
wesad,core,DEPENDS_ON,placeholder,subject,0
wesad,core,DEPENDS_ON,placeholder,sensor,0
wesad,core,DEPENDS_ON,placeholder,observation,0
wesad,core,DEPENDS_ON,placeholder,feature,0
wesad,core,DEPENDS_ON,placeholder,claim,0
wesad,core,DEPENDS_ON,placeholder,explanation,0
wesad,core,DEPENDS_ON,placeholder,review,0
wesad,core,DEPENDS_ON,placeholder,assessment,0
wesad,core,DEPENDS_ON,placeholder,placeholder,0
wesad,core,DERIVED_FROM,subject,subject,0
wesad,core,DERIVED_FROM,subject,sensor,0
wesad,core,DERIVED_FROM,subject,observation,0
wesad,core,DERIVED_FROM,subject,feature,0
wesad,core,DERIVED_FROM,subject,claim,0
wesad,core,DERIVED_FROM,subject,explanation,0
wesad,core,DERIVED_FROM,subject,review,0
wesad,core,DERIVED_FROM,subject,assessment,0
wesad,core,DERIVED_FROM,subject,placeholder,0
wesad,core,DERIVED_FROM,sensor,subject,0
wesad,core,DERIVED_FROM,sensor,sensor,0
wesad,core,DERIVED_FROM,sensor,observation,0
wesad,core,DERIVED_FROM,sensor,feature,0
wesad,core,DERIVED_FROM,sensor,claim,0
wesad,core,DERIVED_FROM,sensor,explanation,0
wesad,core,DERIVED_FROM,sensor,review,0
wesad,core,DERIVED_FROM,sensor,assessment,0
wesad,core,DERIVED_FROM,sensor,placeholder,0
wesad,core,DERIVED_FROM,observation,subject,0
wesad,core,DERIVED_FROM,observation,sensor,0
wesad,core,DERIVED_FROM,observation,observation,0
wesad,core,DERIVED_FROM,observation,feature,0
wesad,core,DERIVED_FROM,observation,claim,0
wesad,core,DERIVED_FROM,observation,explanation,0
wesad,core,DERIVED_FROM,observation,review,0
wesad,core,DERIVED_FROM,observation,assessment,0
wesad,core,DERIVED_FROM,observation,placeholder,0
wesad,core,DERIVED_FROM,feature,subject,0
wesad,core,DERIVED_FROM,feature,sensor,0
wesad,core,DERIVED_FROM,feature,observation,0
wesad,core,DERIVED_FROM,feature,feature,0
wesad,core,DERIVED_FROM,feature,claim,0
wesad,core,DERIVED_FROM,feature,explanation,0
wesad,core,DERIVED_FROM,feature,review,0
wesad,core,DERIVED_FROM,feature,assessment,0
wesad,core,DERIVED_FROM,feature,placeholder,0
wesad,core,DERIVED_FROM,claim,subject,0
wesad,core,DERIVED_FROM,claim,sensor,0
wesad,core,DERIVED_FROM,claim,observation,0
wesad,core,DERIVED_FROM,claim,feature,0
wesad,core,DERIVED_FROM,claim,claim,0
wesad,core,DERIVED_FROM,claim,explanation,0
wesad,core,DERIVED_FROM,claim,review,0
wesad,core,DERIVED_FROM,claim,assessment,0
wesad,core,DERIVED_FROM,claim,placeholder,0
wesad,core,DERIVED_FROM,explanation,subject,0
wesad,core,DERIVED_FROM,explanation,sensor,0
wesad,core,DERIVED_FROM,explanation,observation,0
wesad,core,DERIVED_FROM,explanation,feature,0
wesad,core,DERIVED_FROM,explanation,claim,0
wesad,core,DERIVED_FROM,explanation,explanation,0
wesad,core,DERIVED_FROM,explanation,review,0
wesad,core,DERIVED_FROM,explanation,assessment,0
wesad,core,DERIVED_FROM,explanation,placeholder,0
wesad,core,DERIVED_FROM,review,subject,0
wesad,core,DERIVED_FROM,review,sensor,0
wesad,core,DERIVED_FROM,review,observation,0
wesad,core,DERIVED_FROM,review,feature,0
wesad,core,DERIVED_FROM,review,claim,0
wesad,core,DERIVED_FROM,review,explanation,0
wesad,core,DERIVED_FROM,review,review,0
wesad,core,DERIVED_FROM,review,assessment,0
wesad,core,DERIVED_FROM,review,placeholder,0
wesad,core,DERIVED_FROM,assessment,subject,0
wesad,core,DERIVED_FROM,assessment,sensor,0
wesad,core,DERIVED_FROM,assessment,observation,0
wesad,core,DERIVED_FROM,assessment,feature,0
wesad,core,DERIVED_FROM,assessment,claim,0
wesad,core,DERIVED_FROM,assessment,explanation,0
wesad,core,DERIVED_FROM,assessment,review,0
wesad,core,DERIVED_FROM,assessment,assessment,0
wesad,core,DERIVED_FROM,assessment,placeholder,0
wesad,core,DERIVED_FROM,placeholder,subject,0
wesad,core,DERIVED_FROM,placeholder,sensor,0
wesad,core,DERIVED_FROM,placeholder,observation,0
wesad,core,DERIVED_FROM,placeholder,feature,0
wesad,core,DERIVED_FROM,placeholder,claim,0
wesad,core,DERIVED_FROM,placeholder,explanation,0
wesad,core,DERIVED_FROM,placeholder,review,0
wesad,core,DERIVED_FROM,placeholder,assessment,0
wesad,core,DERIVED_FROM,placeholder,placeholder,0
wesad,core,SUPPORTS,subject,subject,0
wesad,core,SUPPORTS,subject,sensor,0
wesad,core,SUPPORTS,subject,observation,0
wesad,core,SUPPORTS,subject,feature,0
wesad,core,SUPPORTS,subject,claim,0
wesad,core,SUPPORTS,subject,explanation,0
wesad,core,SUPPORTS,subject,review,0
wesad,core,SUPPORTS,subject,assessment,0
wesad,core,SUPPORTS,subject,placeholder,0
wesad,core,SUPPORTS,sensor,subject,0
wesad,core,SUPPORTS,sensor,sensor,0
wesad,core,SUPPORTS,sensor,observation,0
wesad,core,SUPPORTS,sensor,feature,0
wesad,core,SUPPORTS,sensor,claim,0
wesad,core,SUPPORTS,sensor,explanation,0
wesad,core,SUPPORTS,sensor,review,0
wesad,core,SUPPORTS,sensor,assessment,0
wesad,core,SUPPORTS,sensor,placeholder,0
wesad,core,SUPPORTS,observation,subject,0
wesad,core,SUPPORTS,observation,sensor,0
wesad,core,SUPPORTS,observation,observation,0
wesad,core,SUPPORTS,observation,feature,0
wesad,core,SUPPORTS,observation,claim,0
wesad,core,SUPPORTS,observation,explanation,0
wesad,core,SUPPORTS,observation,review,0
wesad,core,SUPPORTS,observation,assessment,0
wesad,core,SUPPORTS,observation,placeholder,0
wesad,core,SUPPORTS,feature,subject,0
wesad,core,SUPPORTS,feature,sensor,0
wesad,core,SUPPORTS,feature,observation,0
wesad,core,SUPPORTS,feature,feature,0
wesad,core,SUPPORTS,feature,claim,0
wesad,core,SUPPORTS,feature,explanation,0
wesad,core,SUPPORTS,feature,review,0
wesad,core,SUPPORTS,feature,assessment,0
wesad,core,SUPPORTS,feature,placeholder,0
wesad,core,SUPPORTS,claim,subject,0
wesad,core,SUPPORTS,claim,sensor,0
wesad,core,SUPPORTS,claim,observation,0
wesad,core,SUPPORTS,claim,feature,0
wesad,core,SUPPORTS,claim,claim,0
wesad,core,SUPPORTS,claim,explanation,0
wesad,core,SUPPORTS,claim,review,0
wesad,core,SUPPORTS,claim,assessment,0
wesad,core,SUPPORTS,claim,placeholder,0
wesad,core,SUPPORTS,explanation,subject,0
wesad,core,SUPPORTS,explanation,sensor,0
wesad,core,SUPPORTS,explanation,observation,0
wesad,core,SUPPORTS,explanation,feature,0
wesad,core,SUPPORTS,explanation,claim,0
wesad,core,SUPPORTS,explanation,explanation,0
wesad,core,SUPPORTS,explanation,review,0
wesad,core,SUPPORTS,explanation,assessment,0
wesad,core,SUPPORTS,explanation,placeholder,0
wesad,core,SUPPORTS,review,subject,0
wesad,core,SUPPORTS,review,sensor,0
wesad,core,SUPPORTS,review,observation,0
wesad,core,SUPPORTS,review,feature,0
wesad,core,SUPPORTS,review,claim,0
wesad,core,SUPPORTS,review,explanation,0
wesad,core,SUPPORTS,review,review,0
wesad,core,SUPPORTS,review,assessment,0
wesad,core,SUPPORTS,review,placeholder,0
wesad,core,SUPPORTS,assessment,subject,0
wesad,core,SUPPORTS,assessment,sensor,0
wesad,core,SUPPORTS,assessment,observation,0
wesad,core,SUPPORTS,assessment,feature,0
wesad,core,SUPPORTS,assessment,claim,0
wesad,core,SUPPORTS,assessment,explanation,0
wesad,core,SUPPORTS,assessment,review,0
wesad,core,SUPPORTS,assessment,assessment,0
wesad,core,SUPPORTS,assessment,placeholder,0
wesad,core,SUPPORTS,placeholder,subject,0
wesad,core,SUPPORTS,placeholder,sensor,0
wesad,core,SUPPORTS,placeholder,observation,0
wesad,core,SUPPORTS,placeholder,feature,0
wesad,core,SUPPORTS,placeholder,claim,0
wesad,core,SUPPORTS,placeholder,explanation,0
wesad,core,SUPPORTS,placeholder,review,0
wesad,core,SUPPORTS,placeholder,assessment,0
wesad,core,SUPPORTS,placeholder,placeholder,0
wesad,core,FOR_SUBJECT,subject,subject,0
wesad,core,FOR_SUBJECT,subject,sensor,0
wesad,core,FOR_SUBJECT,subject,observation,0
wesad,core,FOR_SUBJECT,subject,feature,0
wesad,core,FOR_SUBJECT,subject,claim,0
wesad,core,FOR_SUBJECT,subject,explanation,0
wesad,core,FOR_SUBJECT,subject,review,0
wesad,core,FOR_SUBJECT,subject,assessment,0
wesad,core,FOR_SUBJECT,subject,placeholder,0
wesad,core,FOR_SUBJECT,sensor,subject,0
wesad,core,FOR_SUBJECT,sensor,sensor,0
wesad,core,FOR_SUBJECT,sensor,observation,0
wesad,core,FOR_SUBJECT,sensor,feature,0
wesad,core,FOR_SUBJECT,sensor,claim,0
wesad,core,FOR_SUBJECT,sensor,explanation,0
wesad,core,FOR_SUBJECT,sensor,review,0
wesad,core,FOR_SUBJECT,sensor,assessment,0
wesad,core,FOR_SUBJECT,sensor,placeholder,0
wesad,core,FOR_SUBJECT,observation,subject,0
wesad,core,FOR_SUBJECT,observation,sensor,0
wesad,core,FOR_SUBJECT,observation,observation,0
wesad,core,FOR_SUBJECT,observation,feature,0
wesad,core,FOR_SUBJECT,observation,claim,0
wesad,core,FOR_SUBJECT,observation,explanation,0
wesad,core,FOR_SUBJECT,observation,review,0
wesad,core,FOR_SUBJECT,observation,assessment,0
wesad,core,FOR_SUBJECT,observation,placeholder,0
wesad,core,FOR_SUBJECT,feature,subject,0
wesad,core,FOR_SUBJECT,feature,sensor,0
wesad,core,FOR_SUBJECT,feature,observation,0
wesad,core,FOR_SUBJECT,feature,feature,0
wesad,core,FOR_SUBJECT,feature,claim,0
wesad,core,FOR_SUBJECT,feature,explanation,0
wesad,core,FOR_SUBJECT,feature,review,0
wesad,core,FOR_SUBJECT,feature,assessment,0
wesad,core,FOR_SUBJECT,feature,placeholder,0
wesad,core,FOR_SUBJECT,claim,subject,0
wesad,core,FOR_SUBJECT,claim,sensor,0
wesad,core,FOR_SUBJECT,claim,observation,0
wesad,core,FOR_SUBJECT,claim,feature,0
wesad,core,FOR_SUBJECT,claim,claim,0
wesad,core,FOR_SUBJECT,claim,explanation,0
wesad,core,FOR_SUBJECT,claim,review,0
wesad,core,FOR_SUBJECT,claim,assessment,0
wesad,core,FOR_SUBJECT,claim,placeholder,0
wesad,core,FOR_SUBJECT,explanation,subject,0
wesad,core,FOR_SUBJECT,explanation,sensor,0
wesad,core,FOR_SUBJECT,explanation,observation,0
wesad,core,FOR_SUBJECT,explanation,feature,0
wesad,core,FOR_SUBJECT,explanation,claim,0
wesad,core,FOR_SUBJECT,explanation,explanation,0
wesad,core,FOR_SUBJECT,explanation,review,0
wesad,core,FOR_SUBJECT,explanation,assessment,0
wesad,core,FOR_SUBJECT,explanation,placeholder,0
wesad,core,FOR_SUBJECT,review,subject,0
wesad,core,FOR_SUBJECT,review,sensor,0
wesad,core,FOR_SUBJECT,review,observation,0
wesad,core,FOR_SUBJECT,review,feature,0
wesad,core,FOR_SUBJECT,review,claim,0
wesad,core,FOR_SUBJECT,review,explanation,0
wesad,core,FOR_SUBJECT,review,review,0
wesad,core,FOR_SUBJECT,review,assessment,0
wesad,core,FOR_SUBJECT,review,placeholder,0
wesad,core,FOR_SUBJECT,assessment,subject,0
wesad,core,FOR_SUBJECT,assessment,sensor,0
wesad,core,FOR_SUBJECT,assessment,observation,0
wesad,core,FOR_SUBJECT,assessment,feature,0
wesad,core,FOR_SUBJECT,assessment,claim,0
wesad,core,FOR_SUBJECT,assessment,explanation,0
wesad,core,FOR_SUBJECT,assessment,review,0
wesad,core,FOR_SUBJECT,assessment,assessment,0
wesad,core,FOR_SUBJECT,assessment,placeholder,0
wesad,core,FOR_SUBJECT,placeholder,subject,0
wesad,core,FOR_SUBJECT,placeholder,sensor,0
wesad,core,FOR_SUBJECT,placeholder,observation,0
wesad,core,FOR_SUBJECT,placeholder,feature,0
wesad,core,FOR_SUBJECT,placeholder,claim,0
wesad,core,FOR_SUBJECT,placeholder,explanation,0
wesad,core,FOR_SUBJECT,placeholder,review,0
wesad,core,FOR_SUBJECT,placeholder,assessment,0
wesad,core,FOR_SUBJECT,placeholder,placeholder,0
wesad,core,OBSERVED_BY,subject,subject,0
wesad,core,OBSERVED_BY,subject,sensor,0
wesad,core,OBSERVED_BY,subject,observation,0
wesad,core,OBSERVED_BY,subject,feature,0
wesad,core,OBSERVED_BY,subject,claim,0
wesad,core,OBSERVED_BY,subject,explanation,0
wesad,core,OBSERVED_BY,subject,review,0
wesad,core,OBSERVED_BY,subject,assessment,0
wesad,core,OBSERVED_BY,subject,placeholder,0
wesad,core,OBSERVED_BY,sensor,subject,0
wesad,core,OBSERVED_BY,sensor,sensor,0
wesad,core,OBSERVED_BY,sensor,observation,0
wesad,core,OBSERVED_BY,sensor,feature,0
wesad,core,OBSERVED_BY,sensor,claim,0
wesad,core,OBSERVED_BY,sensor,explanation,0
wesad,core,OBSERVED_BY,sensor,review,0
wesad,core,OBSERVED_BY,sensor,assessment,0
wesad,core,OBSERVED_BY,sensor,placeholder,0
wesad,core,OBSERVED_BY,observation,subject,0
wesad,core,OBSERVED_BY,observation,sensor,0
wesad,core,OBSERVED_BY,observation,observation,0
wesad,core,OBSERVED_BY,observation,feature,0
wesad,core,OBSERVED_BY,observation,claim,0
wesad,core,OBSERVED_BY,observation,explanation,0
wesad,core,OBSERVED_BY,observation,review,0
wesad,core,OBSERVED_BY,observation,assessment,0
wesad,core,OBSERVED_BY,observation,placeholder,0
wesad,core,OBSERVED_BY,feature,subject,0
wesad,core,OBSERVED_BY,feature,sensor,0
wesad,core,OBSERVED_BY,feature,observation,0
wesad,core,OBSERVED_BY,feature,feature,0
wesad,core,OBSERVED_BY,feature,claim,0
wesad,core,OBSERVED_BY,feature,explanation,0
wesad,core,OBSERVED_BY,feature,review,0
wesad,core,OBSERVED_BY,feature,assessment,0
wesad,core,OBSERVED_BY,feature,placeholder,0
wesad,core,OBSERVED_BY,claim,subject,0
wesad,core,OBSERVED_BY,claim,sensor,0
wesad,core,OBSERVED_BY,claim,observation,0
wesad,core,OBSERVED_BY,claim,feature,0
wesad,core,OBSERVED_BY,claim,claim,0
wesad,core,OBSERVED_BY,claim,explanation,0
wesad,core,OBSERVED_BY,claim,review,0
wesad,core,OBSERVED_BY,claim,assessment,0
wesad,core,OBSERVED_BY,claim,placeholder,0
wesad,core,OBSERVED_BY,explanation,subject,0
wesad,core,OBSERVED_BY,explanation,sensor,0
wesad,core,OBSERVED_BY,explanation,observation,0
wesad,core,OBSERVED_BY,explanation,feature,0
wesad,core,OBSERVED_BY,explanation,claim,0
wesad,core,OBSERVED_BY,explanation,explanation,0
wesad,core,OBSERVED_BY,explanation,review,0
wesad,core,OBSERVED_BY,explanation,assessment,0
wesad,core,OBSERVED_BY,explanation,placeholder,0
wesad,core,OBSERVED_BY,review,subject,0
wesad,core,OBSERVED_BY,review,sensor,0
wesad,core,OBSERVED_BY,review,observation,0
wesad,core,OBSERVED_BY,review,feature,0
wesad,core,OBSERVED_BY,review,claim,0
wesad,core,OBSERVED_BY,review,explanation,0
wesad,core,OBSERVED_BY,review,review,0
wesad,core,OBSERVED_BY,review,assessment,0
wesad,core,OBSERVED_BY,review,placeholder,0
wesad,core,OBSERVED_BY,assessment,subject,0
wesad,core,OBSERVED_BY,assessment,sensor,0
wesad,core,OBSERVED_BY,assessment,observation,0
wesad,core,OBSERVED_BY,assessment,feature,0
wesad,core,OBSERVED_BY,assessment,claim,0
wesad,core,OBSERVED_BY,assessment,explanation,0
wesad,core,OBSERVED_BY,assessment,review,0
wesad,core,OBSERVED_BY,assessment,assessment,0
wesad,core,OBSERVED_BY,assessment,placeholder,0
wesad,core,OBSERVED_BY,placeholder,subject,0
wesad,core,OBSERVED_BY,placeholder,sensor,0
wesad,core,OBSERVED_BY,placeholder,observation,0
wesad,core,OBSERVED_BY,placeholder,feature,0
wesad,core,OBSERVED_BY,placeholder,claim,0
wesad,core,OBSERVED_BY,placeholder,explanation,0
wesad,core,OBSERVED_BY,placeholder,review,0
wesad,core,OBSERVED_BY,placeholder,assessment,0
wesad,core,OBSERVED_BY,placeholder,placeholder,0
wesad,core,SUPERSEDES,subject,subject,0
wesad,core,SUPERSEDES,subject,sensor,0
wesad,core,SUPERSEDES,subject,observation,0
wesad,core,SUPERSEDES,subject,feature,0
wesad,core,SUPERSEDES,subject,claim,0
wesad,core,SUPERSEDES,subject,explanation,0
wesad,core,SUPERSEDES,subject,review,0
wesad,core,SUPERSEDES,subject,assessment,0
wesad,core,SUPERSEDES,subject,placeholder,0
wesad,core,SUPERSEDES,sensor,subject,0
wesad,core,SUPERSEDES,sensor,sensor,0
wesad,core,SUPERSEDES,sensor,observation,0
wesad,core,SUPERSEDES,sensor,feature,0
wesad,core,SUPERSEDES,sensor,claim,0
wesad,core,SUPERSEDES,sensor,explanation,0
wesad,core,SUPERSEDES,sensor,review,0
wesad,core,SUPERSEDES,sensor,assessment,0
wesad,core,SUPERSEDES,sensor,placeholder,0
wesad,core,SUPERSEDES,observation,subject,0
wesad,core,SUPERSEDES,observation,sensor,0
wesad,core,SUPERSEDES,observation,observation,0
wesad,core,SUPERSEDES,observation,feature,0
wesad,core,SUPERSEDES,observation,claim,0
wesad,core,SUPERSEDES,observation,explanation,0
wesad,core,SUPERSEDES,observation,review,0
wesad,core,SUPERSEDES,observation,assessment,0
wesad,core,SUPERSEDES,observation,placeholder,0
wesad,core,SUPERSEDES,feature,subject,0
wesad,core,SUPERSEDES,feature,sensor,0
wesad,core,SUPERSEDES,feature,observation,0
wesad,core,SUPERSEDES,feature,feature,0
wesad,core,SUPERSEDES,feature,claim,0
wesad,core,SUPERSEDES,feature,explanation,0
wesad,core,SUPERSEDES,feature,review,0
wesad,core,SUPERSEDES,feature,assessment,0
wesad,core,SUPERSEDES,feature,placeholder,0
wesad,core,SUPERSEDES,claim,subject,0
wesad,core,SUPERSEDES,claim,sensor,0
wesad,core,SUPERSEDES,claim,observation,0
wesad,core,SUPERSEDES,claim,feature,0
wesad,core,SUPERSEDES,claim,claim,0
wesad,core,SUPERSEDES,claim,explanation,0
wesad,core,SUPERSEDES,claim,review,0
wesad,core,SUPERSEDES,claim,assessment,0
wesad,core,SUPERSEDES,claim,placeholder,0
wesad,core,SUPERSEDES,explanation,subject,0
wesad,core,SUPERSEDES,explanation,sensor,0
wesad,core,SUPERSEDES,explanation,observation,0
wesad,core,SUPERSEDES,explanation,feature,0
wesad,core,SUPERSEDES,explanation,claim,0
wesad,core,SUPERSEDES,explanation,explanation,0
wesad,core,SUPERSEDES,explanation,review,0
wesad,core,SUPERSEDES,explanation,assessment,0
wesad,core,SUPERSEDES,explanation,placeholder,0
wesad,core,SUPERSEDES,review,subject,0
wesad,core,SUPERSEDES,review,sensor,0
wesad,core,SUPERSEDES,review,observation,0
wesad,core,SUPERSEDES,review,feature,0
wesad,core,SUPERSEDES,review,claim,0
wesad,core,SUPERSEDES,review,explanation,0
wesad,core,SUPERSEDES,review,review,0
wesad,core,SUPERSEDES,review,assessment,0
wesad,core,SUPERSEDES,review,placeholder,0
wesad,core,SUPERSEDES,assessment,subject,0
wesad,core,SUPERSEDES,assessment,sensor,0
wesad,core,SUPERSEDES,assessment,observation,0
wesad,core,SUPERSEDES,assessment,feature,0
wesad,core,SUPERSEDES,assessment,claim,0
wesad,core,SUPERSEDES,assessment,explanation,0
wesad,core,SUPERSEDES,assessment,review,0
wesad,core,SUPERSEDES,assessment,assessment,0
wesad,core,SUPERSEDES,assessment,placeholder,0
wesad,core,SUPERSEDES,placeholder,subject,0
wesad,core,SUPERSEDES,placeholder,sensor,0
wesad,core,SUPERSEDES,placeholder,observation,0
wesad,core,SUPERSEDES,placeholder,feature,0
wesad,core,SUPERSEDES,placeholder,claim,0
wesad,core,SUPERSEDES,placeholder,explanation,0
wesad,core,SUPERSEDES,placeholder,review,0
wesad,core,SUPERSEDES,placeholder,assessment,0
wesad,core,SUPERSEDES,placeholder,placeholder,0
wesad,core,CONTAINS,subject,subject,0
wesad,core,CONTAINS,subject,sensor,0
wesad,core,CONTAINS,subject,observation,0
wesad,core,CONTAINS,subject,feature,0
wesad,core,CONTAINS,subject,claim,0
wesad,core,CONTAINS,subject,explanation,0
wesad,core,CONTAINS,subject,review,0
wesad,core,CONTAINS,subject,assessment,0
wesad,core,CONTAINS,subject,placeholder,0
wesad,core,CONTAINS,sensor,subject,0
wesad,core,CONTAINS,sensor,sensor,0
wesad,core,CONTAINS,sensor,observation,0
wesad,core,CONTAINS,sensor,feature,0
wesad,core,CONTAINS,sensor,claim,0
wesad,core,CONTAINS,sensor,explanation,0
wesad,core,CONTAINS,sensor,review,0
wesad,core,CONTAINS,sensor,assessment,0
wesad,core,CONTAINS,sensor,placeholder,0
wesad,core,CONTAINS,observation,subject,0
wesad,core,CONTAINS,observation,sensor,0
wesad,core,CONTAINS,observation,observation,0
wesad,core,CONTAINS,observation,feature,0
wesad,core,CONTAINS,observation,claim,0
wesad,core,CONTAINS,observation,explanation,0
wesad,core,CONTAINS,observation,review,0
wesad,core,CONTAINS,observation,assessment,0
wesad,core,CONTAINS,observation,placeholder,0
wesad,core,CONTAINS,feature,subject,0
wesad,core,CONTAINS,feature,sensor,0
wesad,core,CONTAINS,feature,observation,0
wesad,core,CONTAINS,feature,feature,0
wesad,core,CONTAINS,feature,claim,0
wesad,core,CONTAINS,feature,explanation,0
wesad,core,CONTAINS,feature,review,0
wesad,core,CONTAINS,feature,assessment,0
wesad,core,CONTAINS,feature,placeholder,0
wesad,core,CONTAINS,claim,subject,0
wesad,core,CONTAINS,claim,sensor,0
wesad,core,CONTAINS,claim,observation,0
wesad,core,CONTAINS,claim,feature,0
wesad,core,CONTAINS,claim,claim,0
wesad,core,CONTAINS,claim,explanation,0
wesad,core,CONTAINS,claim,review,0
wesad,core,CONTAINS,claim,assessment,0
wesad,core,CONTAINS,claim,placeholder,0
wesad,core,CONTAINS,explanation,subject,0
wesad,core,CONTAINS,explanation,sensor,0
wesad,core,CONTAINS,explanation,observation,0
wesad,core,CONTAINS,explanation,feature,0
wesad,core,CONTAINS,explanation,claim,0
wesad,core,CONTAINS,explanation,explanation,0
wesad,core,CONTAINS,explanation,review,0
wesad,core,CONTAINS,explanation,assessment,0
wesad,core,CONTAINS,explanation,placeholder,0
wesad,core,CONTAINS,review,subject,0
wesad,core,CONTAINS,review,sensor,0
wesad,core,CONTAINS,review,observation,0
wesad,core,CONTAINS,review,feature,0
wesad,core,CONTAINS,review,claim,0
wesad,core,CONTAINS,review,explanation,0
wesad,core,CONTAINS,review,review,0
wesad,core,CONTAINS,review,assessment,0
wesad,core,CONTAINS,review,placeholder,0
wesad,core,CONTAINS,assessment,subject,0
wesad,core,CONTAINS,assessment,sensor,0
wesad,core,CONTAINS,assessment,observation,0
wesad,core,CONTAINS,assessment,feature,0
wesad,core,CONTAINS,assessment,claim,0
wesad,core,CONTAINS,assessment,explanation,0
wesad,core,CONTAINS,assessment,review,0
wesad,core,CONTAINS,assessment,assessment,0
wesad,core,CONTAINS,assessment,placeholder,0
wesad,core,CONTAINS,placeholder,subject,0
wesad,core,CONTAINS,placeholder,sensor,0
wesad,core,CONTAINS,placeholder,observation,0
wesad,core,CONTAINS,placeholder,feature,0
wesad,core,CONTAINS,placeholder,claim,0
wesad,core,CONTAINS,placeholder,explanation,0
wesad,core,CONTAINS,placeholder,review,0
wesad,core,CONTAINS,placeholder,assessment,0
wesad,core,CONTAINS,placeholder,placeholder,0
wesad,core,REVIEWED_BY_EVENT,subject,subject,0
wesad,core,REVIEWED_BY_EVENT,subject,sensor,0
wesad,core,REVIEWED_BY_EVENT,subject,observation,0
wesad,core,REVIEWED_BY_EVENT,subject,feature,0
wesad,core,REVIEWED_BY_EVENT,subject,claim,0
wesad,core,REVIEWED_BY_EVENT,subject,explanation,0
wesad,core,REVIEWED_BY_EVENT,subject,review,0
wesad,core,REVIEWED_BY_EVENT,subject,assessment,0
wesad,core,REVIEWED_BY_EVENT,subject,placeholder,0
wesad,core,REVIEWED_BY_EVENT,sensor,subject,0
wesad,core,REVIEWED_BY_EVENT,sensor,sensor,0
wesad,core,REVIEWED_BY_EVENT,sensor,observation,0
wesad,core,REVIEWED_BY_EVENT,sensor,feature,0
wesad,core,REVIEWED_BY_EVENT,sensor,claim,0
wesad,core,REVIEWED_BY_EVENT,sensor,explanation,0
wesad,core,REVIEWED_BY_EVENT,sensor,review,0
wesad,core,REVIEWED_BY_EVENT,sensor,assessment,0
wesad,core,REVIEWED_BY_EVENT,sensor,placeholder,0
wesad,core,REVIEWED_BY_EVENT,observation,subject,0
wesad,core,REVIEWED_BY_EVENT,observation,sensor,0
wesad,core,REVIEWED_BY_EVENT,observation,observation,0
wesad,core,REVIEWED_BY_EVENT,observation,feature,0
wesad,core,REVIEWED_BY_EVENT,observation,claim,0
wesad,core,REVIEWED_BY_EVENT,observation,explanation,0
wesad,core,REVIEWED_BY_EVENT,observation,review,0
wesad,core,REVIEWED_BY_EVENT,observation,assessment,0
wesad,core,REVIEWED_BY_EVENT,observation,placeholder,0
wesad,core,REVIEWED_BY_EVENT,feature,subject,0
wesad,core,REVIEWED_BY_EVENT,feature,sensor,0
wesad,core,REVIEWED_BY_EVENT,feature,observation,0
wesad,core,REVIEWED_BY_EVENT,feature,feature,0
wesad,core,REVIEWED_BY_EVENT,feature,claim,0
wesad,core,REVIEWED_BY_EVENT,feature,explanation,0
wesad,core,REVIEWED_BY_EVENT,feature,review,0
wesad,core,REVIEWED_BY_EVENT,feature,assessment,0
wesad,core,REVIEWED_BY_EVENT,feature,placeholder,0
wesad,core,REVIEWED_BY_EVENT,claim,subject,0
wesad,core,REVIEWED_BY_EVENT,claim,sensor,0
wesad,core,REVIEWED_BY_EVENT,claim,observation,0
wesad,core,REVIEWED_BY_EVENT,claim,feature,0
wesad,core,REVIEWED_BY_EVENT,claim,claim,0
wesad,core,REVIEWED_BY_EVENT,claim,explanation,0
wesad,core,REVIEWED_BY_EVENT,claim,review,0
wesad,core,REVIEWED_BY_EVENT,claim,assessment,0
wesad,core,REVIEWED_BY_EVENT,claim,placeholder,0
wesad,core,REVIEWED_BY_EVENT,explanation,subject,0
wesad,core,REVIEWED_BY_EVENT,explanation,sensor,0
wesad,core,REVIEWED_BY_EVENT,explanation,observation,0
wesad,core,REVIEWED_BY_EVENT,explanation,feature,0
wesad,core,REVIEWED_BY_EVENT,explanation,claim,0
wesad,core,REVIEWED_BY_EVENT,explanation,explanation,0
wesad,core,REVIEWED_BY_EVENT,explanation,review,0
wesad,core,REVIEWED_BY_EVENT,explanation,assessment,0
wesad,core,REVIEWED_BY_EVENT,explanation,placeholder,0
wesad,core,REVIEWED_BY_EVENT,review,subject,0
wesad,core,REVIEWED_BY_EVENT,review,sensor,0
wesad,core,REVIEWED_BY_EVENT,review,observation,0
wesad,core,REVIEWED_BY_EVENT,review,feature,0
wesad,core,REVIEWED_BY_EVENT,review,claim,0
wesad,core,REVIEWED_BY_EVENT,review,explanation,0
wesad,core,REVIEWED_BY_EVENT,review,review,0
wesad,core,REVIEWED_BY_EVENT,review,assessment,0
wesad,core,REVIEWED_BY_EVENT,review,placeholder,0
wesad,core,REVIEWED_BY_EVENT,assessment,subject,0
wesad,core,REVIEWED_BY_EVENT,assessment,sensor,0
wesad,core,REVIEWED_BY_EVENT,assessment,observation,0
wesad,core,REVIEWED_BY_EVENT,assessment,feature,0
wesad,core,REVIEWED_BY_EVENT,assessment,claim,0
wesad,core,REVIEWED_BY_EVENT,assessment,explanation,0
wesad,core,REVIEWED_BY_EVENT,assessment,review,0
wesad,core,REVIEWED_BY_EVENT,assessment,assessment,0
wesad,core,REVIEWED_BY_EVENT,assessment,placeholder,0
wesad,core,REVIEWED_BY_EVENT,placeholder,subject,0
wesad,core,REVIEWED_BY_EVENT,placeholder,sensor,0
wesad,core,REVIEWED_BY_EVENT,placeholder,observation,0
wesad,core,REVIEWED_BY_EVENT,placeholder,feature,0
wesad,core,REVIEWED_BY_EVENT,placeholder,claim,0
wesad,core,REVIEWED_BY_EVENT,placeholder,explanation,0
wesad,core,REVIEWED_BY_EVENT,placeholder,review,0
wesad,core,REVIEWED_BY_EVENT,placeholder,assessment,0
wesad,core,REVIEWED_BY_EVENT,placeholder,placeholder,0
wesad,core,CONTRADICTS,subject,subject,0
wesad,core,CONTRADICTS,subject,sensor,0
wesad,core,CONTRADICTS,subject,observation,0
wesad,core,CONTRADICTS,subject,feature,0
wesad,core,CONTRADICTS,subject,claim,0
wesad,core,CONTRADICTS,subject,explanation,0
wesad,core,CONTRADICTS,subject,review,0
wesad,core,CONTRADICTS,subject,assessment,0
wesad,core,CONTRADICTS,subject,placeholder,0
wesad,core,CONTRADICTS,sensor,subject,0
wesad,core,CONTRADICTS,sensor,sensor,0
wesad,core,CONTRADICTS,sensor,observation,0
wesad,core,CONTRADICTS,sensor,feature,0
wesad,core,CONTRADICTS,sensor,claim,0
wesad,core,CONTRADICTS,sensor,explanation,0
wesad,core,CONTRADICTS,sensor,review,0
wesad,core,CONTRADICTS,sensor,assessment,0
wesad,core,CONTRADICTS,sensor,placeholder,0
wesad,core,CONTRADICTS,observation,subject,0
wesad,core,CONTRADICTS,observation,sensor,0
wesad,core,CONTRADICTS,observation,observation,0
wesad,core,CONTRADICTS,observation,feature,0
wesad,core,CONTRADICTS,observation,claim,0
wesad,core,CONTRADICTS,observation,explanation,0
wesad,core,CONTRADICTS,observation,review,0
wesad,core,CONTRADICTS,observation,assessment,0
wesad,core,CONTRADICTS,observation,placeholder,0
wesad,core,CONTRADICTS,feature,subject,0
wesad,core,CONTRADICTS,feature,sensor,0
wesad,core,CONTRADICTS,feature,observation,0
wesad,core,CONTRADICTS,feature,feature,0
wesad,core,CONTRADICTS,feature,claim,0
wesad,core,CONTRADICTS,feature,explanation,0
wesad,core,CONTRADICTS,feature,review,0
wesad,core,CONTRADICTS,feature,assessment,0
wesad,core,CONTRADICTS,feature,placeholder,0
wesad,core,CONTRADICTS,claim,subject,0
wesad,core,CONTRADICTS,claim,sensor,0
wesad,core,CONTRADICTS,claim,observation,0
wesad,core,CONTRADICTS,claim,feature,0
wesad,core,CONTRADICTS,claim,claim,0
wesad,core,CONTRADICTS,claim,explanation,0
wesad,core,CONTRADICTS,claim,review,0
wesad,core,CONTRADICTS,claim,assessment,0
wesad,core,CONTRADICTS,claim,placeholder,0
wesad,core,CONTRADICTS,explanation,subject,0
wesad,core,CONTRADICTS,explanation,sensor,0
wesad,core,CONTRADICTS,explanation,observation,0
wesad,core,CONTRADICTS,explanation,feature,0
wesad,core,CONTRADICTS,explanation,claim,0
wesad,core,CONTRADICTS,explanation,explanation,0
wesad,core,CONTRADICTS,explanation,review,0
wesad,core,CONTRADICTS,explanation,assessment,0
wesad,core,CONTRADICTS,explanation,placeholder,0
wesad,core,CONTRADICTS,review,subject,0
wesad,core,CONTRADICTS,review,sensor,0
wesad,core,CONTRADICTS,review,observation,0
wesad,core,CONTRADICTS,review,feature,0
wesad,core,CONTRADICTS,review,claim,0
wesad,core,CONTRADICTS,review,explanation,0
wesad,core,CONTRADICTS,review,review,0
wesad,core,CONTRADICTS,review,assessment,0
wesad,core,CONTRADICTS,review,placeholder,0
wesad,core,CONTRADICTS,assessment,subject,0
wesad,core,CONTRADICTS,assessment,sensor,0
wesad,core,CONTRADICTS,assessment,observation,0
wesad,core,CONTRADICTS,assessment,feature,0
wesad,core,CONTRADICTS,assessment,claim,0
wesad,core,CONTRADICTS,assessment,explanation,0
wesad,core,CONTRADICTS,assessment,review,0
wesad,core,CONTRADICTS,assessment,assessment,0
wesad,core,CONTRADICTS,assessment,placeholder,0
wesad,core,CONTRADICTS,placeholder,subject,0
wesad,core,CONTRADICTS,placeholder,sensor,0
wesad,core,CONTRADICTS,placeholder,observation,0
wesad,core,CONTRADICTS,placeholder,feature,0
wesad,core,CONTRADICTS,placeholder,claim,0
wesad,core,CONTRADICTS,placeholder,explanation,0
wesad,core,CONTRADICTS,placeholder,review,0
wesad,core,CONTRADICTS,placeholder,assessment,0
wesad,core,CONTRADICTS,placeholder,placeholder,0
wesad,core,ASSESSED_AS,subject,subject,0
wesad,core,ASSESSED_AS,subject,sensor,0
wesad,core,ASSESSED_AS,subject,observation,0
wesad,core,ASSESSED_AS,subject,feature,0
wesad,core,ASSESSED_AS,subject,claim,0
wesad,core,ASSESSED_AS,subject,explanation,0
wesad,core,ASSESSED_AS,subject,review,0
wesad,core,ASSESSED_AS,subject,assessment,0
wesad,core,ASSESSED_AS,subject,placeholder,0
wesad,core,ASSESSED_AS,sensor,subject,0
wesad,core,ASSESSED_AS,sensor,sensor,0
wesad,core,ASSESSED_AS,sensor,observation,0
wesad,core,ASSESSED_AS,sensor,feature,0
wesad,core,ASSESSED_AS,sensor,claim,0
wesad,core,ASSESSED_AS,sensor,explanation,0
wesad,core,ASSESSED_AS,sensor,review,0
wesad,core,ASSESSED_AS,sensor,assessment,0
wesad,core,ASSESSED_AS,sensor,placeholder,0
wesad,core,ASSESSED_AS,observation,subject,0
wesad,core,ASSESSED_AS,observation,sensor,0
wesad,core,ASSESSED_AS,observation,observation,0
wesad,core,ASSESSED_AS,observation,feature,0
wesad,core,ASSESSED_AS,observation,claim,0
wesad,core,ASSESSED_AS,observation,explanation,0
wesad,core,ASSESSED_AS,observation,review,0
wesad,core,ASSESSED_AS,observation,assessment,0
wesad,core,ASSESSED_AS,observation,placeholder,0
wesad,core,ASSESSED_AS,feature,subject,0
wesad,core,ASSESSED_AS,feature,sensor,0
wesad,core,ASSESSED_AS,feature,observation,0
wesad,core,ASSESSED_AS,feature,feature,0
wesad,core,ASSESSED_AS,feature,claim,0
wesad,core,ASSESSED_AS,feature,explanation,0
wesad,core,ASSESSED_AS,feature,review,0
wesad,core,ASSESSED_AS,feature,assessment,0
wesad,core,ASSESSED_AS,feature,placeholder,0
wesad,core,ASSESSED_AS,claim,subject,0
wesad,core,ASSESSED_AS,claim,sensor,0
wesad,core,ASSESSED_AS,claim,observation,0
wesad,core,ASSESSED_AS,claim,feature,0
wesad,core,ASSESSED_AS,claim,claim,0
wesad,core,ASSESSED_AS,claim,explanation,0
wesad,core,ASSESSED_AS,claim,review,0
wesad,core,ASSESSED_AS,claim,assessment,0
wesad,core,ASSESSED_AS,claim,placeholder,0
wesad,core,ASSESSED_AS,explanation,subject,0
wesad,core,ASSESSED_AS,explanation,sensor,0
wesad,core,ASSESSED_AS,explanation,observation,0
wesad,core,ASSESSED_AS,explanation,feature,0
wesad,core,ASSESSED_AS,explanation,claim,0
wesad,core,ASSESSED_AS,explanation,explanation,0
wesad,core,ASSESSED_AS,explanation,review,0
wesad,core,ASSESSED_AS,explanation,assessment,0
wesad,core,ASSESSED_AS,explanation,placeholder,0
wesad,core,ASSESSED_AS,review,subject,0
wesad,core,ASSESSED_AS,review,sensor,0
wesad,core,ASSESSED_AS,review,observation,0
wesad,core,ASSESSED_AS,review,feature,0
wesad,core,ASSESSED_AS,review,claim,0
wesad,core,ASSESSED_AS,review,explanation,0
wesad,core,ASSESSED_AS,review,review,0
wesad,core,ASSESSED_AS,review,assessment,0
wesad,core,ASSESSED_AS,review,placeholder,0
wesad,core,ASSESSED_AS,assessment,subject,0
wesad,core,ASSESSED_AS,assessment,sensor,0
wesad,core,ASSESSED_AS,assessment,observation,0
wesad,core,ASSESSED_AS,assessment,feature,0
wesad,core,ASSESSED_AS,assessment,claim,0
wesad,core,ASSESSED_AS,assessment,explanation,0
wesad,core,ASSESSED_AS,assessment,review,0
wesad,core,ASSESSED_AS,assessment,assessment,0
wesad,core,ASSESSED_AS,assessment,placeholder,0
wesad,core,ASSESSED_AS,placeholder,subject,0
wesad,core,ASSESSED_AS,placeholder,sensor,0
wesad,core,ASSESSED_AS,placeholder,observation,0
wesad,core,ASSESSED_AS,placeholder,feature,0
wesad,core,ASSESSED_AS,placeholder,claim,0
wesad,core,ASSESSED_AS,placeholder,explanation,0
wesad,core,ASSESSED_AS,placeholder,review,0
wesad,core,ASSESSED_AS,placeholder,assessment,0
wesad,core,ASSESSED_AS,placeholder,placeholder,0
wesad,core,CURRENT_CITATION_PATH,subject,subject,0
wesad,core,CURRENT_CITATION_PATH,subject,sensor,0
wesad,core,CURRENT_CITATION_PATH,subject,observation,0
wesad,core,CURRENT_CITATION_PATH,subject,feature,0
wesad,core,CURRENT_CITATION_PATH,subject,claim,0
wesad,core,CURRENT_CITATION_PATH,subject,explanation,0
wesad,core,CURRENT_CITATION_PATH,subject,review,0
wesad,core,CURRENT_CITATION_PATH,subject,assessment,0
wesad,core,CURRENT_CITATION_PATH,subject,placeholder,0
wesad,core,CURRENT_CITATION_PATH,sensor,subject,0
wesad,core,CURRENT_CITATION_PATH,sensor,sensor,0
wesad,core,CURRENT_CITATION_PATH,sensor,observation,0
wesad,core,CURRENT_CITATION_PATH,sensor,feature,0
wesad,core,CURRENT_CITATION_PATH,sensor,claim,0
wesad,core,CURRENT_CITATION_PATH,sensor,explanation,0
wesad,core,CURRENT_CITATION_PATH,sensor,review,0
wesad,core,CURRENT_CITATION_PATH,sensor,assessment,0
wesad,core,CURRENT_CITATION_PATH,sensor,placeholder,0
wesad,core,CURRENT_CITATION_PATH,observation,subject,0
wesad,core,CURRENT_CITATION_PATH,observation,sensor,0
wesad,core,CURRENT_CITATION_PATH,observation,observation,0
wesad,core,CURRENT_CITATION_PATH,observation,feature,0
wesad,core,CURRENT_CITATION_PATH,observation,claim,0
wesad,core,CURRENT_CITATION_PATH,observation,explanation,0
wesad,core,CURRENT_CITATION_PATH,observation,review,0
wesad,core,CURRENT_CITATION_PATH,observation,assessment,0
wesad,core,CURRENT_CITATION_PATH,observation,placeholder,0
wesad,core,CURRENT_CITATION_PATH,feature,subject,0
wesad,core,CURRENT_CITATION_PATH,feature,sensor,0
wesad,core,CURRENT_CITATION_PATH,feature,observation,0
wesad,core,CURRENT_CITATION_PATH,feature,feature,0
wesad,core,CURRENT_CITATION_PATH,feature,claim,0
wesad,core,CURRENT_CITATION_PATH,feature,explanation,0
wesad,core,CURRENT_CITATION_PATH,feature,review,0
wesad,core,CURRENT_CITATION_PATH,feature,assessment,0
wesad,core,CURRENT_CITATION_PATH,feature,placeholder,0
wesad,core,CURRENT_CITATION_PATH,claim,subject,0
wesad,core,CURRENT_CITATION_PATH,claim,sensor,0
wesad,core,CURRENT_CITATION_PATH,claim,observation,0
wesad,core,CURRENT_CITATION_PATH,claim,feature,0
wesad,core,CURRENT_CITATION_PATH,claim,claim,0
wesad,core,CURRENT_CITATION_PATH,claim,explanation,0
wesad,core,CURRENT_CITATION_PATH,claim,review,0
wesad,core,CURRENT_CITATION_PATH,claim,assessment,0
wesad,core,CURRENT_CITATION_PATH,claim,placeholder,0
wesad,core,CURRENT_CITATION_PATH,explanation,subject,0
wesad,core,CURRENT_CITATION_PATH,explanation,sensor,0
wesad,core,CURRENT_CITATION_PATH,explanation,observation,0
wesad,core,CURRENT_CITATION_PATH,explanation,feature,0
wesad,core,CURRENT_CITATION_PATH,explanation,claim,0
wesad,core,CURRENT_CITATION_PATH,explanation,explanation,0
wesad,core,CURRENT_CITATION_PATH,explanation,review,0
wesad,core,CURRENT_CITATION_PATH,explanation,assessment,0
wesad,core,CURRENT_CITATION_PATH,explanation,placeholder,0
wesad,core,CURRENT_CITATION_PATH,review,subject,0
wesad,core,CURRENT_CITATION_PATH,review,sensor,0
wesad,core,CURRENT_CITATION_PATH,review,observation,0
wesad,core,CURRENT_CITATION_PATH,review,feature,0
wesad,core,CURRENT_CITATION_PATH,review,claim,0
wesad,core,CURRENT_CITATION_PATH,review,explanation,0
wesad,core,CURRENT_CITATION_PATH,review,review,0
wesad,core,CURRENT_CITATION_PATH,review,assessment,0
wesad,core,CURRENT_CITATION_PATH,review,placeholder,0
wesad,core,CURRENT_CITATION_PATH,assessment,subject,0
wesad,core,CURRENT_CITATION_PATH,assessment,sensor,0
wesad,core,CURRENT_CITATION_PATH,assessment,observation,0
wesad,core,CURRENT_CITATION_PATH,assessment,feature,0
wesad,core,CURRENT_CITATION_PATH,assessment,claim,0
wesad,core,CURRENT_CITATION_PATH,assessment,explanation,0
wesad,core,CURRENT_CITATION_PATH,assessment,review,0
wesad,core,CURRENT_CITATION_PATH,assessment,assessment,0
wesad,core,CURRENT_CITATION_PATH,assessment,placeholder,0
wesad,core,CURRENT_CITATION_PATH,placeholder,subject,0
wesad,core,CURRENT_CITATION_PATH,placeholder,sensor,0
wesad,core,CURRENT_CITATION_PATH,placeholder,observation,0
wesad,core,CURRENT_CITATION_PATH,placeholder,feature,0
wesad,core,CURRENT_CITATION_PATH,placeholder,claim,0
wesad,core,CURRENT_CITATION_PATH,placeholder,explanation,0
wesad,core,CURRENT_CITATION_PATH,placeholder,review,0
wesad,core,CURRENT_CITATION_PATH,placeholder,assessment,0
wesad,core,CURRENT_CITATION_PATH,placeholder,placeholder,0
ppg_dalia,stored,DEPENDS_ON,subject,subject,0
ppg_dalia,stored,DEPENDS_ON,subject,sensor,0
ppg_dalia,stored,DEPENDS_ON,subject,observation,0
ppg_dalia,stored,DEPENDS_ON,subject,feature,0
ppg_dalia,stored,DEPENDS_ON,subject,claim,0
ppg_dalia,stored,DEPENDS_ON,subject,explanation,0
ppg_dalia,stored,DEPENDS_ON,subject,review,0
ppg_dalia,stored,DEPENDS_ON,subject,assessment,0
ppg_dalia,stored,DEPENDS_ON,subject,placeholder,0
ppg_dalia,stored,DEPENDS_ON,sensor,subject,0
ppg_dalia,stored,DEPENDS_ON,sensor,sensor,0
ppg_dalia,stored,DEPENDS_ON,sensor,observation,0
ppg_dalia,stored,DEPENDS_ON,sensor,feature,0
ppg_dalia,stored,DEPENDS_ON,sensor,claim,0
ppg_dalia,stored,DEPENDS_ON,sensor,explanation,0
ppg_dalia,stored,DEPENDS_ON,sensor,review,0
ppg_dalia,stored,DEPENDS_ON,sensor,assessment,0
ppg_dalia,stored,DEPENDS_ON,sensor,placeholder,0
ppg_dalia,stored,DEPENDS_ON,observation,subject,0
ppg_dalia,stored,DEPENDS_ON,observation,sensor,0
ppg_dalia,stored,DEPENDS_ON,observation,observation,0
ppg_dalia,stored,DEPENDS_ON,observation,feature,0
ppg_dalia,stored,DEPENDS_ON,observation,claim,0
ppg_dalia,stored,DEPENDS_ON,observation,explanation,0
ppg_dalia,stored,DEPENDS_ON,observation,review,0
ppg_dalia,stored,DEPENDS_ON,observation,assessment,0
ppg_dalia,stored,DEPENDS_ON,observation,placeholder,0
ppg_dalia,stored,DEPENDS_ON,feature,subject,0
ppg_dalia,stored,DEPENDS_ON,feature,sensor,0
ppg_dalia,stored,DEPENDS_ON,feature,observation,11120
ppg_dalia,stored,DEPENDS_ON,feature,feature,0
ppg_dalia,stored,DEPENDS_ON,feature,claim,0
ppg_dalia,stored,DEPENDS_ON,feature,explanation,0
ppg_dalia,stored,DEPENDS_ON,feature,review,0
ppg_dalia,stored,DEPENDS_ON,feature,assessment,0
ppg_dalia,stored,DEPENDS_ON,feature,placeholder,0
ppg_dalia,stored,DEPENDS_ON,claim,subject,0
ppg_dalia,stored,DEPENDS_ON,claim,sensor,0
ppg_dalia,stored,DEPENDS_ON,claim,observation,0
ppg_dalia,stored,DEPENDS_ON,claim,feature,530
ppg_dalia,stored,DEPENDS_ON,claim,claim,2
ppg_dalia,stored,DEPENDS_ON,claim,explanation,0
ppg_dalia,stored,DEPENDS_ON,claim,review,0
ppg_dalia,stored,DEPENDS_ON,claim,assessment,0
ppg_dalia,stored,DEPENDS_ON,claim,placeholder,0
ppg_dalia,stored,DEPENDS_ON,explanation,subject,0
ppg_dalia,stored,DEPENDS_ON,explanation,sensor,0
ppg_dalia,stored,DEPENDS_ON,explanation,observation,0
ppg_dalia,stored,DEPENDS_ON,explanation,feature,0
ppg_dalia,stored,DEPENDS_ON,explanation,claim,570
ppg_dalia,stored,DEPENDS_ON,explanation,explanation,0
ppg_dalia,stored,DEPENDS_ON,explanation,review,0
ppg_dalia,stored,DEPENDS_ON,explanation,assessment,0
ppg_dalia,stored,DEPENDS_ON,explanation,placeholder,0
ppg_dalia,stored,DEPENDS_ON,review,subject,0
ppg_dalia,stored,DEPENDS_ON,review,sensor,0
ppg_dalia,stored,DEPENDS_ON,review,observation,0
ppg_dalia,stored,DEPENDS_ON,review,feature,0
ppg_dalia,stored,DEPENDS_ON,review,claim,0
ppg_dalia,stored,DEPENDS_ON,review,explanation,0
ppg_dalia,stored,DEPENDS_ON,review,review,0
ppg_dalia,stored,DEPENDS_ON,review,assessment,0
ppg_dalia,stored,DEPENDS_ON,review,placeholder,0
ppg_dalia,stored,DEPENDS_ON,assessment,subject,0
ppg_dalia,stored,DEPENDS_ON,assessment,sensor,0
ppg_dalia,stored,DEPENDS_ON,assessment,observation,0
ppg_dalia,stored,DEPENDS_ON,assessment,feature,0
ppg_dalia,stored,DEPENDS_ON,assessment,claim,0
ppg_dalia,stored,DEPENDS_ON,assessment,explanation,0
ppg_dalia,stored,DEPENDS_ON,assessment,review,0
ppg_dalia,stored,DEPENDS_ON,assessment,assessment,0
ppg_dalia,stored,DEPENDS_ON,assessment,placeholder,0
ppg_dalia,stored,DEPENDS_ON,placeholder,subject,0
ppg_dalia,stored,DEPENDS_ON,placeholder,sensor,0
ppg_dalia,stored,DEPENDS_ON,placeholder,observation,0
ppg_dalia,stored,DEPENDS_ON,placeholder,feature,0
ppg_dalia,stored,DEPENDS_ON,placeholder,claim,0
ppg_dalia,stored,DEPENDS_ON,placeholder,explanation,0
ppg_dalia,stored,DEPENDS_ON,placeholder,review,0
ppg_dalia,stored,DEPENDS_ON,placeholder,assessment,0
ppg_dalia,stored,DEPENDS_ON,placeholder,placeholder,0
ppg_dalia,stored,DERIVED_FROM,subject,subject,0
ppg_dalia,stored,DERIVED_FROM,subject,sensor,0
ppg_dalia,stored,DERIVED_FROM,subject,observation,0
ppg_dalia,stored,DERIVED_FROM,subject,feature,0
ppg_dalia,stored,DERIVED_FROM,subject,claim,0
ppg_dalia,stored,DERIVED_FROM,subject,explanation,0
ppg_dalia,stored,DERIVED_FROM,subject,review,0
ppg_dalia,stored,DERIVED_FROM,subject,assessment,0
ppg_dalia,stored,DERIVED_FROM,subject,placeholder,0
ppg_dalia,stored,DERIVED_FROM,sensor,subject,0
ppg_dalia,stored,DERIVED_FROM,sensor,sensor,0
ppg_dalia,stored,DERIVED_FROM,sensor,observation,0
ppg_dalia,stored,DERIVED_FROM,sensor,feature,0
ppg_dalia,stored,DERIVED_FROM,sensor,claim,0
ppg_dalia,stored,DERIVED_FROM,sensor,explanation,0
ppg_dalia,stored,DERIVED_FROM,sensor,review,0
ppg_dalia,stored,DERIVED_FROM,sensor,assessment,0
ppg_dalia,stored,DERIVED_FROM,sensor,placeholder,0
ppg_dalia,stored,DERIVED_FROM,observation,subject,0
ppg_dalia,stored,DERIVED_FROM,observation,sensor,0
ppg_dalia,stored,DERIVED_FROM,observation,observation,0
ppg_dalia,stored,DERIVED_FROM,observation,feature,0
ppg_dalia,stored,DERIVED_FROM,observation,claim,0
ppg_dalia,stored,DERIVED_FROM,observation,explanation,0
ppg_dalia,stored,DERIVED_FROM,observation,review,0
ppg_dalia,stored,DERIVED_FROM,observation,assessment,0
ppg_dalia,stored,DERIVED_FROM,observation,placeholder,0
ppg_dalia,stored,DERIVED_FROM,feature,subject,0
ppg_dalia,stored,DERIVED_FROM,feature,sensor,0
ppg_dalia,stored,DERIVED_FROM,feature,observation,11120
ppg_dalia,stored,DERIVED_FROM,feature,feature,0
ppg_dalia,stored,DERIVED_FROM,feature,claim,0
ppg_dalia,stored,DERIVED_FROM,feature,explanation,0
ppg_dalia,stored,DERIVED_FROM,feature,review,0
ppg_dalia,stored,DERIVED_FROM,feature,assessment,0
ppg_dalia,stored,DERIVED_FROM,feature,placeholder,0
ppg_dalia,stored,DERIVED_FROM,claim,subject,0
ppg_dalia,stored,DERIVED_FROM,claim,sensor,0
ppg_dalia,stored,DERIVED_FROM,claim,observation,0
ppg_dalia,stored,DERIVED_FROM,claim,feature,0
ppg_dalia,stored,DERIVED_FROM,claim,claim,0
ppg_dalia,stored,DERIVED_FROM,claim,explanation,0
ppg_dalia,stored,DERIVED_FROM,claim,review,0
ppg_dalia,stored,DERIVED_FROM,claim,assessment,0
ppg_dalia,stored,DERIVED_FROM,claim,placeholder,0
ppg_dalia,stored,DERIVED_FROM,explanation,subject,0
ppg_dalia,stored,DERIVED_FROM,explanation,sensor,0
ppg_dalia,stored,DERIVED_FROM,explanation,observation,0
ppg_dalia,stored,DERIVED_FROM,explanation,feature,0
ppg_dalia,stored,DERIVED_FROM,explanation,claim,0
ppg_dalia,stored,DERIVED_FROM,explanation,explanation,0
ppg_dalia,stored,DERIVED_FROM,explanation,review,0
ppg_dalia,stored,DERIVED_FROM,explanation,assessment,0
ppg_dalia,stored,DERIVED_FROM,explanation,placeholder,0
ppg_dalia,stored,DERIVED_FROM,review,subject,0
ppg_dalia,stored,DERIVED_FROM,review,sensor,0
ppg_dalia,stored,DERIVED_FROM,review,observation,0
ppg_dalia,stored,DERIVED_FROM,review,feature,0
ppg_dalia,stored,DERIVED_FROM,review,claim,0
ppg_dalia,stored,DERIVED_FROM,review,explanation,0
ppg_dalia,stored,DERIVED_FROM,review,review,0
ppg_dalia,stored,DERIVED_FROM,review,assessment,0
ppg_dalia,stored,DERIVED_FROM,review,placeholder,0
ppg_dalia,stored,DERIVED_FROM,assessment,subject,0
ppg_dalia,stored,DERIVED_FROM,assessment,sensor,0
ppg_dalia,stored,DERIVED_FROM,assessment,observation,0
ppg_dalia,stored,DERIVED_FROM,assessment,feature,0
ppg_dalia,stored,DERIVED_FROM,assessment,claim,0
ppg_dalia,stored,DERIVED_FROM,assessment,explanation,0
ppg_dalia,stored,DERIVED_FROM,assessment,review,0
ppg_dalia,stored,DERIVED_FROM,assessment,assessment,0
ppg_dalia,stored,DERIVED_FROM,assessment,placeholder,0
ppg_dalia,stored,DERIVED_FROM,placeholder,subject,0
ppg_dalia,stored,DERIVED_FROM,placeholder,sensor,0
ppg_dalia,stored,DERIVED_FROM,placeholder,observation,0
ppg_dalia,stored,DERIVED_FROM,placeholder,feature,0
ppg_dalia,stored,DERIVED_FROM,placeholder,claim,0
ppg_dalia,stored,DERIVED_FROM,placeholder,explanation,0
ppg_dalia,stored,DERIVED_FROM,placeholder,review,0
ppg_dalia,stored,DERIVED_FROM,placeholder,assessment,0
ppg_dalia,stored,DERIVED_FROM,placeholder,placeholder,0
ppg_dalia,stored,SUPPORTS,subject,subject,0
ppg_dalia,stored,SUPPORTS,subject,sensor,0
ppg_dalia,stored,SUPPORTS,subject,observation,0
ppg_dalia,stored,SUPPORTS,subject,feature,0
ppg_dalia,stored,SUPPORTS,subject,claim,0
ppg_dalia,stored,SUPPORTS,subject,explanation,0
ppg_dalia,stored,SUPPORTS,subject,review,0
ppg_dalia,stored,SUPPORTS,subject,assessment,0
ppg_dalia,stored,SUPPORTS,subject,placeholder,0
ppg_dalia,stored,SUPPORTS,sensor,subject,0
ppg_dalia,stored,SUPPORTS,sensor,sensor,0
ppg_dalia,stored,SUPPORTS,sensor,observation,0
ppg_dalia,stored,SUPPORTS,sensor,feature,0
ppg_dalia,stored,SUPPORTS,sensor,claim,0
ppg_dalia,stored,SUPPORTS,sensor,explanation,0
ppg_dalia,stored,SUPPORTS,sensor,review,0
ppg_dalia,stored,SUPPORTS,sensor,assessment,0
ppg_dalia,stored,SUPPORTS,sensor,placeholder,0
ppg_dalia,stored,SUPPORTS,observation,subject,0
ppg_dalia,stored,SUPPORTS,observation,sensor,0
ppg_dalia,stored,SUPPORTS,observation,observation,0
ppg_dalia,stored,SUPPORTS,observation,feature,0
ppg_dalia,stored,SUPPORTS,observation,claim,0
ppg_dalia,stored,SUPPORTS,observation,explanation,0
ppg_dalia,stored,SUPPORTS,observation,review,0
ppg_dalia,stored,SUPPORTS,observation,assessment,0
ppg_dalia,stored,SUPPORTS,observation,placeholder,0
ppg_dalia,stored,SUPPORTS,feature,subject,0
ppg_dalia,stored,SUPPORTS,feature,sensor,0
ppg_dalia,stored,SUPPORTS,feature,observation,0
ppg_dalia,stored,SUPPORTS,feature,feature,0
ppg_dalia,stored,SUPPORTS,feature,claim,530
ppg_dalia,stored,SUPPORTS,feature,explanation,0
ppg_dalia,stored,SUPPORTS,feature,review,0
ppg_dalia,stored,SUPPORTS,feature,assessment,0
ppg_dalia,stored,SUPPORTS,feature,placeholder,0
ppg_dalia,stored,SUPPORTS,claim,subject,0
ppg_dalia,stored,SUPPORTS,claim,sensor,0
ppg_dalia,stored,SUPPORTS,claim,observation,0
ppg_dalia,stored,SUPPORTS,claim,feature,0
ppg_dalia,stored,SUPPORTS,claim,claim,2
ppg_dalia,stored,SUPPORTS,claim,explanation,0
ppg_dalia,stored,SUPPORTS,claim,review,0
ppg_dalia,stored,SUPPORTS,claim,assessment,0
ppg_dalia,stored,SUPPORTS,claim,placeholder,0
ppg_dalia,stored,SUPPORTS,explanation,subject,0
ppg_dalia,stored,SUPPORTS,explanation,sensor,0
ppg_dalia,stored,SUPPORTS,explanation,observation,0
ppg_dalia,stored,SUPPORTS,explanation,feature,0
ppg_dalia,stored,SUPPORTS,explanation,claim,0
ppg_dalia,stored,SUPPORTS,explanation,explanation,0
ppg_dalia,stored,SUPPORTS,explanation,review,0
ppg_dalia,stored,SUPPORTS,explanation,assessment,0
ppg_dalia,stored,SUPPORTS,explanation,placeholder,0
ppg_dalia,stored,SUPPORTS,review,subject,0
ppg_dalia,stored,SUPPORTS,review,sensor,0
ppg_dalia,stored,SUPPORTS,review,observation,0
ppg_dalia,stored,SUPPORTS,review,feature,0
ppg_dalia,stored,SUPPORTS,review,claim,0
ppg_dalia,stored,SUPPORTS,review,explanation,0
ppg_dalia,stored,SUPPORTS,review,review,0
ppg_dalia,stored,SUPPORTS,review,assessment,0
ppg_dalia,stored,SUPPORTS,review,placeholder,0
ppg_dalia,stored,SUPPORTS,assessment,subject,0
ppg_dalia,stored,SUPPORTS,assessment,sensor,0
ppg_dalia,stored,SUPPORTS,assessment,observation,0
ppg_dalia,stored,SUPPORTS,assessment,feature,0
ppg_dalia,stored,SUPPORTS,assessment,claim,0
ppg_dalia,stored,SUPPORTS,assessment,explanation,0
ppg_dalia,stored,SUPPORTS,assessment,review,0
ppg_dalia,stored,SUPPORTS,assessment,assessment,0
ppg_dalia,stored,SUPPORTS,assessment,placeholder,0
ppg_dalia,stored,SUPPORTS,placeholder,subject,0
ppg_dalia,stored,SUPPORTS,placeholder,sensor,0
ppg_dalia,stored,SUPPORTS,placeholder,observation,0
ppg_dalia,stored,SUPPORTS,placeholder,feature,0
ppg_dalia,stored,SUPPORTS,placeholder,claim,0
ppg_dalia,stored,SUPPORTS,placeholder,explanation,0
ppg_dalia,stored,SUPPORTS,placeholder,review,0
ppg_dalia,stored,SUPPORTS,placeholder,assessment,0
ppg_dalia,stored,SUPPORTS,placeholder,placeholder,0
ppg_dalia,stored,FOR_SUBJECT,subject,subject,0
ppg_dalia,stored,FOR_SUBJECT,subject,sensor,0
ppg_dalia,stored,FOR_SUBJECT,subject,observation,0
ppg_dalia,stored,FOR_SUBJECT,subject,feature,0
ppg_dalia,stored,FOR_SUBJECT,subject,claim,0
ppg_dalia,stored,FOR_SUBJECT,subject,explanation,0
ppg_dalia,stored,FOR_SUBJECT,subject,review,0
ppg_dalia,stored,FOR_SUBJECT,subject,assessment,0
ppg_dalia,stored,FOR_SUBJECT,subject,placeholder,0
ppg_dalia,stored,FOR_SUBJECT,sensor,subject,320
ppg_dalia,stored,FOR_SUBJECT,sensor,sensor,0
ppg_dalia,stored,FOR_SUBJECT,sensor,observation,0
ppg_dalia,stored,FOR_SUBJECT,sensor,feature,0
ppg_dalia,stored,FOR_SUBJECT,sensor,claim,0
ppg_dalia,stored,FOR_SUBJECT,sensor,explanation,0
ppg_dalia,stored,FOR_SUBJECT,sensor,review,0
ppg_dalia,stored,FOR_SUBJECT,sensor,assessment,0
ppg_dalia,stored,FOR_SUBJECT,sensor,placeholder,0
ppg_dalia,stored,FOR_SUBJECT,observation,subject,2600
ppg_dalia,stored,FOR_SUBJECT,observation,sensor,0
ppg_dalia,stored,FOR_SUBJECT,observation,observation,0
ppg_dalia,stored,FOR_SUBJECT,observation,feature,0
ppg_dalia,stored,FOR_SUBJECT,observation,claim,0
ppg_dalia,stored,FOR_SUBJECT,observation,explanation,0
ppg_dalia,stored,FOR_SUBJECT,observation,review,0
ppg_dalia,stored,FOR_SUBJECT,observation,assessment,0
ppg_dalia,stored,FOR_SUBJECT,observation,placeholder,0
ppg_dalia,stored,FOR_SUBJECT,feature,subject,11156
ppg_dalia,stored,FOR_SUBJECT,feature,sensor,0
ppg_dalia,stored,FOR_SUBJECT,feature,observation,0
ppg_dalia,stored,FOR_SUBJECT,feature,feature,0
ppg_dalia,stored,FOR_SUBJECT,feature,claim,0
ppg_dalia,stored,FOR_SUBJECT,feature,explanation,0
ppg_dalia,stored,FOR_SUBJECT,feature,review,0
ppg_dalia,stored,FOR_SUBJECT,feature,assessment,0
ppg_dalia,stored,FOR_SUBJECT,feature,placeholder,0
ppg_dalia,stored,FOR_SUBJECT,claim,subject,425
ppg_dalia,stored,FOR_SUBJECT,claim,sensor,0
ppg_dalia,stored,FOR_SUBJECT,claim,observation,0
ppg_dalia,stored,FOR_SUBJECT,claim,feature,0
ppg_dalia,stored,FOR_SUBJECT,claim,claim,0
ppg_dalia,stored,FOR_SUBJECT,claim,explanation,0
ppg_dalia,stored,FOR_SUBJECT,claim,review,0
ppg_dalia,stored,FOR_SUBJECT,claim,assessment,0
ppg_dalia,stored,FOR_SUBJECT,claim,placeholder,0
ppg_dalia,stored,FOR_SUBJECT,explanation,subject,354
ppg_dalia,stored,FOR_SUBJECT,explanation,sensor,0
ppg_dalia,stored,FOR_SUBJECT,explanation,observation,0
ppg_dalia,stored,FOR_SUBJECT,explanation,feature,0
ppg_dalia,stored,FOR_SUBJECT,explanation,claim,0
ppg_dalia,stored,FOR_SUBJECT,explanation,explanation,0
ppg_dalia,stored,FOR_SUBJECT,explanation,review,0
ppg_dalia,stored,FOR_SUBJECT,explanation,assessment,0
ppg_dalia,stored,FOR_SUBJECT,explanation,placeholder,0
ppg_dalia,stored,FOR_SUBJECT,review,subject,0
ppg_dalia,stored,FOR_SUBJECT,review,sensor,0
ppg_dalia,stored,FOR_SUBJECT,review,observation,0
ppg_dalia,stored,FOR_SUBJECT,review,feature,0
ppg_dalia,stored,FOR_SUBJECT,review,claim,0
ppg_dalia,stored,FOR_SUBJECT,review,explanation,0
ppg_dalia,stored,FOR_SUBJECT,review,review,0
ppg_dalia,stored,FOR_SUBJECT,review,assessment,0
ppg_dalia,stored,FOR_SUBJECT,review,placeholder,0
ppg_dalia,stored,FOR_SUBJECT,assessment,subject,0
ppg_dalia,stored,FOR_SUBJECT,assessment,sensor,0
ppg_dalia,stored,FOR_SUBJECT,assessment,observation,0
ppg_dalia,stored,FOR_SUBJECT,assessment,feature,0
ppg_dalia,stored,FOR_SUBJECT,assessment,claim,0
ppg_dalia,stored,FOR_SUBJECT,assessment,explanation,0
ppg_dalia,stored,FOR_SUBJECT,assessment,review,0
ppg_dalia,stored,FOR_SUBJECT,assessment,assessment,0
ppg_dalia,stored,FOR_SUBJECT,assessment,placeholder,0
ppg_dalia,stored,FOR_SUBJECT,placeholder,subject,0
ppg_dalia,stored,FOR_SUBJECT,placeholder,sensor,0
ppg_dalia,stored,FOR_SUBJECT,placeholder,observation,0
ppg_dalia,stored,FOR_SUBJECT,placeholder,feature,0
ppg_dalia,stored,FOR_SUBJECT,placeholder,claim,0
ppg_dalia,stored,FOR_SUBJECT,placeholder,explanation,0
ppg_dalia,stored,FOR_SUBJECT,placeholder,review,0
ppg_dalia,stored,FOR_SUBJECT,placeholder,assessment,0
ppg_dalia,stored,FOR_SUBJECT,placeholder,placeholder,0
ppg_dalia,stored,OBSERVED_BY,subject,subject,0
ppg_dalia,stored,OBSERVED_BY,subject,sensor,0
ppg_dalia,stored,OBSERVED_BY,subject,observation,0
ppg_dalia,stored,OBSERVED_BY,subject,feature,0
ppg_dalia,stored,OBSERVED_BY,subject,claim,0
ppg_dalia,stored,OBSERVED_BY,subject,explanation,0
ppg_dalia,stored,OBSERVED_BY,subject,review,0
ppg_dalia,stored,OBSERVED_BY,subject,assessment,0
ppg_dalia,stored,OBSERVED_BY,subject,placeholder,0
ppg_dalia,stored,OBSERVED_BY,sensor,subject,0
ppg_dalia,stored,OBSERVED_BY,sensor,sensor,0
ppg_dalia,stored,OBSERVED_BY,sensor,observation,0
ppg_dalia,stored,OBSERVED_BY,sensor,feature,0
ppg_dalia,stored,OBSERVED_BY,sensor,claim,0
ppg_dalia,stored,OBSERVED_BY,sensor,explanation,0
ppg_dalia,stored,OBSERVED_BY,sensor,review,0
ppg_dalia,stored,OBSERVED_BY,sensor,assessment,0
ppg_dalia,stored,OBSERVED_BY,sensor,placeholder,0
ppg_dalia,stored,OBSERVED_BY,observation,subject,0
ppg_dalia,stored,OBSERVED_BY,observation,sensor,2600
ppg_dalia,stored,OBSERVED_BY,observation,observation,0
ppg_dalia,stored,OBSERVED_BY,observation,feature,0
ppg_dalia,stored,OBSERVED_BY,observation,claim,0
ppg_dalia,stored,OBSERVED_BY,observation,explanation,0
ppg_dalia,stored,OBSERVED_BY,observation,review,0
ppg_dalia,stored,OBSERVED_BY,observation,assessment,0
ppg_dalia,stored,OBSERVED_BY,observation,placeholder,0
ppg_dalia,stored,OBSERVED_BY,feature,subject,0
ppg_dalia,stored,OBSERVED_BY,feature,sensor,0
ppg_dalia,stored,OBSERVED_BY,feature,observation,0
ppg_dalia,stored,OBSERVED_BY,feature,feature,0
ppg_dalia,stored,OBSERVED_BY,feature,claim,0
ppg_dalia,stored,OBSERVED_BY,feature,explanation,0
ppg_dalia,stored,OBSERVED_BY,feature,review,0
ppg_dalia,stored,OBSERVED_BY,feature,assessment,0
ppg_dalia,stored,OBSERVED_BY,feature,placeholder,0
ppg_dalia,stored,OBSERVED_BY,claim,subject,0
ppg_dalia,stored,OBSERVED_BY,claim,sensor,0
ppg_dalia,stored,OBSERVED_BY,claim,observation,0
ppg_dalia,stored,OBSERVED_BY,claim,feature,0
ppg_dalia,stored,OBSERVED_BY,claim,claim,0
ppg_dalia,stored,OBSERVED_BY,claim,explanation,0
ppg_dalia,stored,OBSERVED_BY,claim,review,0
ppg_dalia,stored,OBSERVED_BY,claim,assessment,0
ppg_dalia,stored,OBSERVED_BY,claim,placeholder,0
ppg_dalia,stored,OBSERVED_BY,explanation,subject,0
ppg_dalia,stored,OBSERVED_BY,explanation,sensor,0
ppg_dalia,stored,OBSERVED_BY,explanation,observation,0
ppg_dalia,stored,OBSERVED_BY,explanation,feature,0
ppg_dalia,stored,OBSERVED_BY,explanation,claim,0
ppg_dalia,stored,OBSERVED_BY,explanation,explanation,0
ppg_dalia,stored,OBSERVED_BY,explanation,review,0
ppg_dalia,stored,OBSERVED_BY,explanation,assessment,0
ppg_dalia,stored,OBSERVED_BY,explanation,placeholder,0
ppg_dalia,stored,OBSERVED_BY,review,subject,0
ppg_dalia,stored,OBSERVED_BY,review,sensor,0
ppg_dalia,stored,OBSERVED_BY,review,observation,0
ppg_dalia,stored,OBSERVED_BY,review,feature,0
ppg_dalia,stored,OBSERVED_BY,review,claim,0
ppg_dalia,stored,OBSERVED_BY,review,explanation,0
ppg_dalia,stored,OBSERVED_BY,review,review,0
ppg_dalia,stored,OBSERVED_BY,review,assessment,0
ppg_dalia,stored,OBSERVED_BY,review,placeholder,0
ppg_dalia,stored,OBSERVED_BY,assessment,subject,0
ppg_dalia,stored,OBSERVED_BY,assessment,sensor,0
ppg_dalia,stored,OBSERVED_BY,assessment,observation,0
ppg_dalia,stored,OBSERVED_BY,assessment,feature,0
ppg_dalia,stored,OBSERVED_BY,assessment,claim,0
ppg_dalia,stored,OBSERVED_BY,assessment,explanation,0
ppg_dalia,stored,OBSERVED_BY,assessment,review,0
ppg_dalia,stored,OBSERVED_BY,assessment,assessment,0
ppg_dalia,stored,OBSERVED_BY,assessment,placeholder,0
ppg_dalia,stored,OBSERVED_BY,placeholder,subject,0
ppg_dalia,stored,OBSERVED_BY,placeholder,sensor,0
ppg_dalia,stored,OBSERVED_BY,placeholder,observation,0
ppg_dalia,stored,OBSERVED_BY,placeholder,feature,0
ppg_dalia,stored,OBSERVED_BY,placeholder,claim,0
ppg_dalia,stored,OBSERVED_BY,placeholder,explanation,0
ppg_dalia,stored,OBSERVED_BY,placeholder,review,0
ppg_dalia,stored,OBSERVED_BY,placeholder,assessment,0
ppg_dalia,stored,OBSERVED_BY,placeholder,placeholder,0
ppg_dalia,stored,SUPERSEDES,subject,subject,0
ppg_dalia,stored,SUPERSEDES,subject,sensor,0
ppg_dalia,stored,SUPERSEDES,subject,observation,0
ppg_dalia,stored,SUPERSEDES,subject,feature,0
ppg_dalia,stored,SUPERSEDES,subject,claim,0
ppg_dalia,stored,SUPERSEDES,subject,explanation,0
ppg_dalia,stored,SUPERSEDES,subject,review,0
ppg_dalia,stored,SUPERSEDES,subject,assessment,0
ppg_dalia,stored,SUPERSEDES,subject,placeholder,0
ppg_dalia,stored,SUPERSEDES,sensor,subject,0
ppg_dalia,stored,SUPERSEDES,sensor,sensor,0
ppg_dalia,stored,SUPERSEDES,sensor,observation,0
ppg_dalia,stored,SUPERSEDES,sensor,feature,0
ppg_dalia,stored,SUPERSEDES,sensor,claim,0
ppg_dalia,stored,SUPERSEDES,sensor,explanation,0
ppg_dalia,stored,SUPERSEDES,sensor,review,0
ppg_dalia,stored,SUPERSEDES,sensor,assessment,0
ppg_dalia,stored,SUPERSEDES,sensor,placeholder,0
ppg_dalia,stored,SUPERSEDES,observation,subject,0
ppg_dalia,stored,SUPERSEDES,observation,sensor,0
ppg_dalia,stored,SUPERSEDES,observation,observation,40
ppg_dalia,stored,SUPERSEDES,observation,feature,0
ppg_dalia,stored,SUPERSEDES,observation,claim,0
ppg_dalia,stored,SUPERSEDES,observation,explanation,0
ppg_dalia,stored,SUPERSEDES,observation,review,0
ppg_dalia,stored,SUPERSEDES,observation,assessment,0
ppg_dalia,stored,SUPERSEDES,observation,placeholder,0
ppg_dalia,stored,SUPERSEDES,feature,subject,0
ppg_dalia,stored,SUPERSEDES,feature,sensor,0
ppg_dalia,stored,SUPERSEDES,feature,observation,0
ppg_dalia,stored,SUPERSEDES,feature,feature,240
ppg_dalia,stored,SUPERSEDES,feature,claim,0
ppg_dalia,stored,SUPERSEDES,feature,explanation,0
ppg_dalia,stored,SUPERSEDES,feature,review,0
ppg_dalia,stored,SUPERSEDES,feature,assessment,0
ppg_dalia,stored,SUPERSEDES,feature,placeholder,0
ppg_dalia,stored,SUPERSEDES,claim,subject,0
ppg_dalia,stored,SUPERSEDES,claim,sensor,0
ppg_dalia,stored,SUPERSEDES,claim,observation,0
ppg_dalia,stored,SUPERSEDES,claim,feature,0
ppg_dalia,stored,SUPERSEDES,claim,claim,0
ppg_dalia,stored,SUPERSEDES,claim,explanation,0
ppg_dalia,stored,SUPERSEDES,claim,review,0
ppg_dalia,stored,SUPERSEDES,claim,assessment,0
ppg_dalia,stored,SUPERSEDES,claim,placeholder,0
ppg_dalia,stored,SUPERSEDES,explanation,subject,0
ppg_dalia,stored,SUPERSEDES,explanation,sensor,0
ppg_dalia,stored,SUPERSEDES,explanation,observation,0
ppg_dalia,stored,SUPERSEDES,explanation,feature,0
ppg_dalia,stored,SUPERSEDES,explanation,claim,0
ppg_dalia,stored,SUPERSEDES,explanation,explanation,114
ppg_dalia,stored,SUPERSEDES,explanation,review,0
ppg_dalia,stored,SUPERSEDES,explanation,assessment,0
ppg_dalia,stored,SUPERSEDES,explanation,placeholder,0
ppg_dalia,stored,SUPERSEDES,review,subject,0
ppg_dalia,stored,SUPERSEDES,review,sensor,0
ppg_dalia,stored,SUPERSEDES,review,observation,0
ppg_dalia,stored,SUPERSEDES,review,feature,0
ppg_dalia,stored,SUPERSEDES,review,claim,0
ppg_dalia,stored,SUPERSEDES,review,explanation,0
ppg_dalia,stored,SUPERSEDES,review,review,0
ppg_dalia,stored,SUPERSEDES,review,assessment,0
ppg_dalia,stored,SUPERSEDES,review,placeholder,0
ppg_dalia,stored,SUPERSEDES,assessment,subject,0
ppg_dalia,stored,SUPERSEDES,assessment,sensor,0
ppg_dalia,stored,SUPERSEDES,assessment,observation,0
ppg_dalia,stored,SUPERSEDES,assessment,feature,0
ppg_dalia,stored,SUPERSEDES,assessment,claim,0
ppg_dalia,stored,SUPERSEDES,assessment,explanation,0
ppg_dalia,stored,SUPERSEDES,assessment,review,0
ppg_dalia,stored,SUPERSEDES,assessment,assessment,0
ppg_dalia,stored,SUPERSEDES,assessment,placeholder,0
ppg_dalia,stored,SUPERSEDES,placeholder,subject,0
ppg_dalia,stored,SUPERSEDES,placeholder,sensor,0
ppg_dalia,stored,SUPERSEDES,placeholder,observation,0
ppg_dalia,stored,SUPERSEDES,placeholder,feature,0
ppg_dalia,stored,SUPERSEDES,placeholder,claim,0
ppg_dalia,stored,SUPERSEDES,placeholder,explanation,0
ppg_dalia,stored,SUPERSEDES,placeholder,review,0
ppg_dalia,stored,SUPERSEDES,placeholder,assessment,0
ppg_dalia,stored,SUPERSEDES,placeholder,placeholder,0
ppg_dalia,stored,CONTAINS,subject,subject,0
ppg_dalia,stored,CONTAINS,subject,sensor,0
ppg_dalia,stored,CONTAINS,subject,observation,0
ppg_dalia,stored,CONTAINS,subject,feature,0
ppg_dalia,stored,CONTAINS,subject,claim,0
ppg_dalia,stored,CONTAINS,subject,explanation,0
ppg_dalia,stored,CONTAINS,subject,review,0
ppg_dalia,stored,CONTAINS,subject,assessment,0
ppg_dalia,stored,CONTAINS,subject,placeholder,0
ppg_dalia,stored,CONTAINS,sensor,subject,0
ppg_dalia,stored,CONTAINS,sensor,sensor,0
ppg_dalia,stored,CONTAINS,sensor,observation,0
ppg_dalia,stored,CONTAINS,sensor,feature,0
ppg_dalia,stored,CONTAINS,sensor,claim,0
ppg_dalia,stored,CONTAINS,sensor,explanation,0
ppg_dalia,stored,CONTAINS,sensor,review,0
ppg_dalia,stored,CONTAINS,sensor,assessment,0
ppg_dalia,stored,CONTAINS,sensor,placeholder,0
ppg_dalia,stored,CONTAINS,observation,subject,0
ppg_dalia,stored,CONTAINS,observation,sensor,0
ppg_dalia,stored,CONTAINS,observation,observation,0
ppg_dalia,stored,CONTAINS,observation,feature,0
ppg_dalia,stored,CONTAINS,observation,claim,0
ppg_dalia,stored,CONTAINS,observation,explanation,0
ppg_dalia,stored,CONTAINS,observation,review,0
ppg_dalia,stored,CONTAINS,observation,assessment,0
ppg_dalia,stored,CONTAINS,observation,placeholder,0
ppg_dalia,stored,CONTAINS,feature,subject,0
ppg_dalia,stored,CONTAINS,feature,sensor,0
ppg_dalia,stored,CONTAINS,feature,observation,0
ppg_dalia,stored,CONTAINS,feature,feature,0
ppg_dalia,stored,CONTAINS,feature,claim,0
ppg_dalia,stored,CONTAINS,feature,explanation,0
ppg_dalia,stored,CONTAINS,feature,review,0
ppg_dalia,stored,CONTAINS,feature,assessment,0
ppg_dalia,stored,CONTAINS,feature,placeholder,0
ppg_dalia,stored,CONTAINS,claim,subject,0
ppg_dalia,stored,CONTAINS,claim,sensor,0
ppg_dalia,stored,CONTAINS,claim,observation,0
ppg_dalia,stored,CONTAINS,claim,feature,0
ppg_dalia,stored,CONTAINS,claim,claim,0
ppg_dalia,stored,CONTAINS,claim,explanation,0
ppg_dalia,stored,CONTAINS,claim,review,0
ppg_dalia,stored,CONTAINS,claim,assessment,0
ppg_dalia,stored,CONTAINS,claim,placeholder,0
ppg_dalia,stored,CONTAINS,explanation,subject,0
ppg_dalia,stored,CONTAINS,explanation,sensor,0
ppg_dalia,stored,CONTAINS,explanation,observation,0
ppg_dalia,stored,CONTAINS,explanation,feature,0
ppg_dalia,stored,CONTAINS,explanation,claim,570
ppg_dalia,stored,CONTAINS,explanation,explanation,0
ppg_dalia,stored,CONTAINS,explanation,review,0
ppg_dalia,stored,CONTAINS,explanation,assessment,0
ppg_dalia,stored,CONTAINS,explanation,placeholder,0
ppg_dalia,stored,CONTAINS,review,subject,0
ppg_dalia,stored,CONTAINS,review,sensor,0
ppg_dalia,stored,CONTAINS,review,observation,0
ppg_dalia,stored,CONTAINS,review,feature,0
ppg_dalia,stored,CONTAINS,review,claim,0
ppg_dalia,stored,CONTAINS,review,explanation,0
ppg_dalia,stored,CONTAINS,review,review,0
ppg_dalia,stored,CONTAINS,review,assessment,0
ppg_dalia,stored,CONTAINS,review,placeholder,0
ppg_dalia,stored,CONTAINS,assessment,subject,0
ppg_dalia,stored,CONTAINS,assessment,sensor,0
ppg_dalia,stored,CONTAINS,assessment,observation,0
ppg_dalia,stored,CONTAINS,assessment,feature,0
ppg_dalia,stored,CONTAINS,assessment,claim,0
ppg_dalia,stored,CONTAINS,assessment,explanation,0
ppg_dalia,stored,CONTAINS,assessment,review,0
ppg_dalia,stored,CONTAINS,assessment,assessment,0
ppg_dalia,stored,CONTAINS,assessment,placeholder,0
ppg_dalia,stored,CONTAINS,placeholder,subject,0
ppg_dalia,stored,CONTAINS,placeholder,sensor,0
ppg_dalia,stored,CONTAINS,placeholder,observation,0
ppg_dalia,stored,CONTAINS,placeholder,feature,0
ppg_dalia,stored,CONTAINS,placeholder,claim,0
ppg_dalia,stored,CONTAINS,placeholder,explanation,0
ppg_dalia,stored,CONTAINS,placeholder,review,0
ppg_dalia,stored,CONTAINS,placeholder,assessment,0
ppg_dalia,stored,CONTAINS,placeholder,placeholder,0
ppg_dalia,stored,REVIEWED_BY_EVENT,subject,subject,0
ppg_dalia,stored,REVIEWED_BY_EVENT,subject,sensor,0
ppg_dalia,stored,REVIEWED_BY_EVENT,subject,observation,0
ppg_dalia,stored,REVIEWED_BY_EVENT,subject,feature,0
ppg_dalia,stored,REVIEWED_BY_EVENT,subject,claim,0
ppg_dalia,stored,REVIEWED_BY_EVENT,subject,explanation,0
ppg_dalia,stored,REVIEWED_BY_EVENT,subject,review,0
ppg_dalia,stored,REVIEWED_BY_EVENT,subject,assessment,0
ppg_dalia,stored,REVIEWED_BY_EVENT,subject,placeholder,0
ppg_dalia,stored,REVIEWED_BY_EVENT,sensor,subject,0
ppg_dalia,stored,REVIEWED_BY_EVENT,sensor,sensor,0
ppg_dalia,stored,REVIEWED_BY_EVENT,sensor,observation,0
ppg_dalia,stored,REVIEWED_BY_EVENT,sensor,feature,0
ppg_dalia,stored,REVIEWED_BY_EVENT,sensor,claim,0
ppg_dalia,stored,REVIEWED_BY_EVENT,sensor,explanation,0
ppg_dalia,stored,REVIEWED_BY_EVENT,sensor,review,0
ppg_dalia,stored,REVIEWED_BY_EVENT,sensor,assessment,0
ppg_dalia,stored,REVIEWED_BY_EVENT,sensor,placeholder,0
ppg_dalia,stored,REVIEWED_BY_EVENT,observation,subject,0
ppg_dalia,stored,REVIEWED_BY_EVENT,observation,sensor,0
ppg_dalia,stored,REVIEWED_BY_EVENT,observation,observation,0
ppg_dalia,stored,REVIEWED_BY_EVENT,observation,feature,0
ppg_dalia,stored,REVIEWED_BY_EVENT,observation,claim,0
ppg_dalia,stored,REVIEWED_BY_EVENT,observation,explanation,0
ppg_dalia,stored,REVIEWED_BY_EVENT,observation,review,0
ppg_dalia,stored,REVIEWED_BY_EVENT,observation,assessment,0
ppg_dalia,stored,REVIEWED_BY_EVENT,observation,placeholder,0
ppg_dalia,stored,REVIEWED_BY_EVENT,feature,subject,0
ppg_dalia,stored,REVIEWED_BY_EVENT,feature,sensor,0
ppg_dalia,stored,REVIEWED_BY_EVENT,feature,observation,0
ppg_dalia,stored,REVIEWED_BY_EVENT,feature,feature,0
ppg_dalia,stored,REVIEWED_BY_EVENT,feature,claim,0
ppg_dalia,stored,REVIEWED_BY_EVENT,feature,explanation,0
ppg_dalia,stored,REVIEWED_BY_EVENT,feature,review,0
ppg_dalia,stored,REVIEWED_BY_EVENT,feature,assessment,0
ppg_dalia,stored,REVIEWED_BY_EVENT,feature,placeholder,0
ppg_dalia,stored,REVIEWED_BY_EVENT,claim,subject,0
ppg_dalia,stored,REVIEWED_BY_EVENT,claim,sensor,0
ppg_dalia,stored,REVIEWED_BY_EVENT,claim,observation,0
ppg_dalia,stored,REVIEWED_BY_EVENT,claim,feature,0
ppg_dalia,stored,REVIEWED_BY_EVENT,claim,claim,0
ppg_dalia,stored,REVIEWED_BY_EVENT,claim,explanation,0
ppg_dalia,stored,REVIEWED_BY_EVENT,claim,review,0
ppg_dalia,stored,REVIEWED_BY_EVENT,claim,assessment,0
ppg_dalia,stored,REVIEWED_BY_EVENT,claim,placeholder,0
ppg_dalia,stored,REVIEWED_BY_EVENT,explanation,subject,0
ppg_dalia,stored,REVIEWED_BY_EVENT,explanation,sensor,0
ppg_dalia,stored,REVIEWED_BY_EVENT,explanation,observation,0
ppg_dalia,stored,REVIEWED_BY_EVENT,explanation,feature,0
ppg_dalia,stored,REVIEWED_BY_EVENT,explanation,claim,0
ppg_dalia,stored,REVIEWED_BY_EVENT,explanation,explanation,0
ppg_dalia,stored,REVIEWED_BY_EVENT,explanation,review,0
ppg_dalia,stored,REVIEWED_BY_EVENT,explanation,assessment,0
ppg_dalia,stored,REVIEWED_BY_EVENT,explanation,placeholder,0
ppg_dalia,stored,REVIEWED_BY_EVENT,review,subject,0
ppg_dalia,stored,REVIEWED_BY_EVENT,review,sensor,0
ppg_dalia,stored,REVIEWED_BY_EVENT,review,observation,0
ppg_dalia,stored,REVIEWED_BY_EVENT,review,feature,0
ppg_dalia,stored,REVIEWED_BY_EVENT,review,claim,0
ppg_dalia,stored,REVIEWED_BY_EVENT,review,explanation,0
ppg_dalia,stored,REVIEWED_BY_EVENT,review,review,0
ppg_dalia,stored,REVIEWED_BY_EVENT,review,assessment,0
ppg_dalia,stored,REVIEWED_BY_EVENT,review,placeholder,0
ppg_dalia,stored,REVIEWED_BY_EVENT,assessment,subject,0
ppg_dalia,stored,REVIEWED_BY_EVENT,assessment,sensor,0
ppg_dalia,stored,REVIEWED_BY_EVENT,assessment,observation,0
ppg_dalia,stored,REVIEWED_BY_EVENT,assessment,feature,0
ppg_dalia,stored,REVIEWED_BY_EVENT,assessment,claim,0
ppg_dalia,stored,REVIEWED_BY_EVENT,assessment,explanation,0
ppg_dalia,stored,REVIEWED_BY_EVENT,assessment,review,0
ppg_dalia,stored,REVIEWED_BY_EVENT,assessment,assessment,0
ppg_dalia,stored,REVIEWED_BY_EVENT,assessment,placeholder,0
ppg_dalia,stored,REVIEWED_BY_EVENT,placeholder,subject,0
ppg_dalia,stored,REVIEWED_BY_EVENT,placeholder,sensor,0
ppg_dalia,stored,REVIEWED_BY_EVENT,placeholder,observation,0
ppg_dalia,stored,REVIEWED_BY_EVENT,placeholder,feature,0
ppg_dalia,stored,REVIEWED_BY_EVENT,placeholder,claim,0
ppg_dalia,stored,REVIEWED_BY_EVENT,placeholder,explanation,0
ppg_dalia,stored,REVIEWED_BY_EVENT,placeholder,review,0
ppg_dalia,stored,REVIEWED_BY_EVENT,placeholder,assessment,0
ppg_dalia,stored,REVIEWED_BY_EVENT,placeholder,placeholder,0
ppg_dalia,stored,CONTRADICTS,subject,subject,0
ppg_dalia,stored,CONTRADICTS,subject,sensor,0
ppg_dalia,stored,CONTRADICTS,subject,observation,0
ppg_dalia,stored,CONTRADICTS,subject,feature,0
ppg_dalia,stored,CONTRADICTS,subject,claim,0
ppg_dalia,stored,CONTRADICTS,subject,explanation,0
ppg_dalia,stored,CONTRADICTS,subject,review,0
ppg_dalia,stored,CONTRADICTS,subject,assessment,0
ppg_dalia,stored,CONTRADICTS,subject,placeholder,0
ppg_dalia,stored,CONTRADICTS,sensor,subject,0
ppg_dalia,stored,CONTRADICTS,sensor,sensor,0
ppg_dalia,stored,CONTRADICTS,sensor,observation,0
ppg_dalia,stored,CONTRADICTS,sensor,feature,0
ppg_dalia,stored,CONTRADICTS,sensor,claim,0
ppg_dalia,stored,CONTRADICTS,sensor,explanation,0
ppg_dalia,stored,CONTRADICTS,sensor,review,0
ppg_dalia,stored,CONTRADICTS,sensor,assessment,0
ppg_dalia,stored,CONTRADICTS,sensor,placeholder,0
ppg_dalia,stored,CONTRADICTS,observation,subject,0
ppg_dalia,stored,CONTRADICTS,observation,sensor,0
ppg_dalia,stored,CONTRADICTS,observation,observation,0
ppg_dalia,stored,CONTRADICTS,observation,feature,0
ppg_dalia,stored,CONTRADICTS,observation,claim,19
ppg_dalia,stored,CONTRADICTS,observation,explanation,0
ppg_dalia,stored,CONTRADICTS,observation,review,0
ppg_dalia,stored,CONTRADICTS,observation,assessment,0
ppg_dalia,stored,CONTRADICTS,observation,placeholder,0
ppg_dalia,stored,CONTRADICTS,feature,subject,0
ppg_dalia,stored,CONTRADICTS,feature,sensor,0
ppg_dalia,stored,CONTRADICTS,feature,observation,0
ppg_dalia,stored,CONTRADICTS,feature,feature,0
ppg_dalia,stored,CONTRADICTS,feature,claim,78
ppg_dalia,stored,CONTRADICTS,feature,explanation,0
ppg_dalia,stored,CONTRADICTS,feature,review,0
ppg_dalia,stored,CONTRADICTS,feature,assessment,0
ppg_dalia,stored,CONTRADICTS,feature,placeholder,0
ppg_dalia,stored,CONTRADICTS,claim,subject,0
ppg_dalia,stored,CONTRADICTS,claim,sensor,0
ppg_dalia,stored,CONTRADICTS,claim,observation,0
ppg_dalia,stored,CONTRADICTS,claim,feature,0
ppg_dalia,stored,CONTRADICTS,claim,claim,0
ppg_dalia,stored,CONTRADICTS,claim,explanation,0
ppg_dalia,stored,CONTRADICTS,claim,review,0
ppg_dalia,stored,CONTRADICTS,claim,assessment,0
ppg_dalia,stored,CONTRADICTS,claim,placeholder,0
ppg_dalia,stored,CONTRADICTS,explanation,subject,0
ppg_dalia,stored,CONTRADICTS,explanation,sensor,0
ppg_dalia,stored,CONTRADICTS,explanation,observation,0
ppg_dalia,stored,CONTRADICTS,explanation,feature,0
ppg_dalia,stored,CONTRADICTS,explanation,claim,0
ppg_dalia,stored,CONTRADICTS,explanation,explanation,0
ppg_dalia,stored,CONTRADICTS,explanation,review,0
ppg_dalia,stored,CONTRADICTS,explanation,assessment,0
ppg_dalia,stored,CONTRADICTS,explanation,placeholder,0
ppg_dalia,stored,CONTRADICTS,review,subject,0
ppg_dalia,stored,CONTRADICTS,review,sensor,0
ppg_dalia,stored,CONTRADICTS,review,observation,0
ppg_dalia,stored,CONTRADICTS,review,feature,0
ppg_dalia,stored,CONTRADICTS,review,claim,0
ppg_dalia,stored,CONTRADICTS,review,explanation,0
ppg_dalia,stored,CONTRADICTS,review,review,0
ppg_dalia,stored,CONTRADICTS,review,assessment,0
ppg_dalia,stored,CONTRADICTS,review,placeholder,0
ppg_dalia,stored,CONTRADICTS,assessment,subject,0
ppg_dalia,stored,CONTRADICTS,assessment,sensor,0
ppg_dalia,stored,CONTRADICTS,assessment,observation,0
ppg_dalia,stored,CONTRADICTS,assessment,feature,0
ppg_dalia,stored,CONTRADICTS,assessment,claim,0
ppg_dalia,stored,CONTRADICTS,assessment,explanation,0
ppg_dalia,stored,CONTRADICTS,assessment,review,0
ppg_dalia,stored,CONTRADICTS,assessment,assessment,0
ppg_dalia,stored,CONTRADICTS,assessment,placeholder,0
ppg_dalia,stored,CONTRADICTS,placeholder,subject,0
ppg_dalia,stored,CONTRADICTS,placeholder,sensor,0
ppg_dalia,stored,CONTRADICTS,placeholder,observation,0
ppg_dalia,stored,CONTRADICTS,placeholder,feature,0
ppg_dalia,stored,CONTRADICTS,placeholder,claim,0
ppg_dalia,stored,CONTRADICTS,placeholder,explanation,0
ppg_dalia,stored,CONTRADICTS,placeholder,review,0
ppg_dalia,stored,CONTRADICTS,placeholder,assessment,0
ppg_dalia,stored,CONTRADICTS,placeholder,placeholder,0
ppg_dalia,stored,ASSESSED_AS,subject,subject,0
ppg_dalia,stored,ASSESSED_AS,subject,sensor,0
ppg_dalia,stored,ASSESSED_AS,subject,observation,0
ppg_dalia,stored,ASSESSED_AS,subject,feature,0
ppg_dalia,stored,ASSESSED_AS,subject,claim,0
ppg_dalia,stored,ASSESSED_AS,subject,explanation,0
ppg_dalia,stored,ASSESSED_AS,subject,review,0
ppg_dalia,stored,ASSESSED_AS,subject,assessment,0
ppg_dalia,stored,ASSESSED_AS,subject,placeholder,0
ppg_dalia,stored,ASSESSED_AS,sensor,subject,0
ppg_dalia,stored,ASSESSED_AS,sensor,sensor,0
ppg_dalia,stored,ASSESSED_AS,sensor,observation,0
ppg_dalia,stored,ASSESSED_AS,sensor,feature,0
ppg_dalia,stored,ASSESSED_AS,sensor,claim,0
ppg_dalia,stored,ASSESSED_AS,sensor,explanation,0
ppg_dalia,stored,ASSESSED_AS,sensor,review,0
ppg_dalia,stored,ASSESSED_AS,sensor,assessment,0
ppg_dalia,stored,ASSESSED_AS,sensor,placeholder,0
ppg_dalia,stored,ASSESSED_AS,observation,subject,0
ppg_dalia,stored,ASSESSED_AS,observation,sensor,0
ppg_dalia,stored,ASSESSED_AS,observation,observation,0
ppg_dalia,stored,ASSESSED_AS,observation,feature,0
ppg_dalia,stored,ASSESSED_AS,observation,claim,0
ppg_dalia,stored,ASSESSED_AS,observation,explanation,0
ppg_dalia,stored,ASSESSED_AS,observation,review,0
ppg_dalia,stored,ASSESSED_AS,observation,assessment,0
ppg_dalia,stored,ASSESSED_AS,observation,placeholder,0
ppg_dalia,stored,ASSESSED_AS,feature,subject,0
ppg_dalia,stored,ASSESSED_AS,feature,sensor,0
ppg_dalia,stored,ASSESSED_AS,feature,observation,0
ppg_dalia,stored,ASSESSED_AS,feature,feature,0
ppg_dalia,stored,ASSESSED_AS,feature,claim,0
ppg_dalia,stored,ASSESSED_AS,feature,explanation,0
ppg_dalia,stored,ASSESSED_AS,feature,review,0
ppg_dalia,stored,ASSESSED_AS,feature,assessment,240
ppg_dalia,stored,ASSESSED_AS,feature,placeholder,0
ppg_dalia,stored,ASSESSED_AS,claim,subject,0
ppg_dalia,stored,ASSESSED_AS,claim,sensor,0
ppg_dalia,stored,ASSESSED_AS,claim,observation,0
ppg_dalia,stored,ASSESSED_AS,claim,feature,0
ppg_dalia,stored,ASSESSED_AS,claim,claim,0
ppg_dalia,stored,ASSESSED_AS,claim,explanation,0
ppg_dalia,stored,ASSESSED_AS,claim,review,0
ppg_dalia,stored,ASSESSED_AS,claim,assessment,276
ppg_dalia,stored,ASSESSED_AS,claim,placeholder,0
ppg_dalia,stored,ASSESSED_AS,explanation,subject,0
ppg_dalia,stored,ASSESSED_AS,explanation,sensor,0
ppg_dalia,stored,ASSESSED_AS,explanation,observation,0
ppg_dalia,stored,ASSESSED_AS,explanation,feature,0
ppg_dalia,stored,ASSESSED_AS,explanation,claim,0
ppg_dalia,stored,ASSESSED_AS,explanation,explanation,0
ppg_dalia,stored,ASSESSED_AS,explanation,review,0
ppg_dalia,stored,ASSESSED_AS,explanation,assessment,263
ppg_dalia,stored,ASSESSED_AS,explanation,placeholder,0
ppg_dalia,stored,ASSESSED_AS,review,subject,0
ppg_dalia,stored,ASSESSED_AS,review,sensor,0
ppg_dalia,stored,ASSESSED_AS,review,observation,0
ppg_dalia,stored,ASSESSED_AS,review,feature,0
ppg_dalia,stored,ASSESSED_AS,review,claim,0
ppg_dalia,stored,ASSESSED_AS,review,explanation,0
ppg_dalia,stored,ASSESSED_AS,review,review,0
ppg_dalia,stored,ASSESSED_AS,review,assessment,0
ppg_dalia,stored,ASSESSED_AS,review,placeholder,0
ppg_dalia,stored,ASSESSED_AS,assessment,subject,0
ppg_dalia,stored,ASSESSED_AS,assessment,sensor,0
ppg_dalia,stored,ASSESSED_AS,assessment,observation,0
ppg_dalia,stored,ASSESSED_AS,assessment,feature,0
ppg_dalia,stored,ASSESSED_AS,assessment,claim,0
ppg_dalia,stored,ASSESSED_AS,assessment,explanation,0
ppg_dalia,stored,ASSESSED_AS,assessment,review,0
ppg_dalia,stored,ASSESSED_AS,assessment,assessment,0
ppg_dalia,stored,ASSESSED_AS,assessment,placeholder,0
ppg_dalia,stored,ASSESSED_AS,placeholder,subject,0
ppg_dalia,stored,ASSESSED_AS,placeholder,sensor,0
ppg_dalia,stored,ASSESSED_AS,placeholder,observation,0
ppg_dalia,stored,ASSESSED_AS,placeholder,feature,0
ppg_dalia,stored,ASSESSED_AS,placeholder,claim,0
ppg_dalia,stored,ASSESSED_AS,placeholder,explanation,0
ppg_dalia,stored,ASSESSED_AS,placeholder,review,0
ppg_dalia,stored,ASSESSED_AS,placeholder,assessment,0
ppg_dalia,stored,ASSESSED_AS,placeholder,placeholder,0
ppg_dalia,stored,CURRENT_CITATION_PATH,subject,subject,0
ppg_dalia,stored,CURRENT_CITATION_PATH,subject,sensor,0
ppg_dalia,stored,CURRENT_CITATION_PATH,subject,observation,0
ppg_dalia,stored,CURRENT_CITATION_PATH,subject,feature,0
ppg_dalia,stored,CURRENT_CITATION_PATH,subject,claim,0
ppg_dalia,stored,CURRENT_CITATION_PATH,subject,explanation,0
ppg_dalia,stored,CURRENT_CITATION_PATH,subject,review,0
ppg_dalia,stored,CURRENT_CITATION_PATH,subject,assessment,0
ppg_dalia,stored,CURRENT_CITATION_PATH,subject,placeholder,0
ppg_dalia,stored,CURRENT_CITATION_PATH,sensor,subject,0
ppg_dalia,stored,CURRENT_CITATION_PATH,sensor,sensor,0
ppg_dalia,stored,CURRENT_CITATION_PATH,sensor,observation,0
ppg_dalia,stored,CURRENT_CITATION_PATH,sensor,feature,0
ppg_dalia,stored,CURRENT_CITATION_PATH,sensor,claim,0
ppg_dalia,stored,CURRENT_CITATION_PATH,sensor,explanation,0
ppg_dalia,stored,CURRENT_CITATION_PATH,sensor,review,0
ppg_dalia,stored,CURRENT_CITATION_PATH,sensor,assessment,0
ppg_dalia,stored,CURRENT_CITATION_PATH,sensor,placeholder,0
ppg_dalia,stored,CURRENT_CITATION_PATH,observation,subject,0
ppg_dalia,stored,CURRENT_CITATION_PATH,observation,sensor,0
ppg_dalia,stored,CURRENT_CITATION_PATH,observation,observation,0
ppg_dalia,stored,CURRENT_CITATION_PATH,observation,feature,0
ppg_dalia,stored,CURRENT_CITATION_PATH,observation,claim,0
ppg_dalia,stored,CURRENT_CITATION_PATH,observation,explanation,0
ppg_dalia,stored,CURRENT_CITATION_PATH,observation,review,0
ppg_dalia,stored,CURRENT_CITATION_PATH,observation,assessment,0
ppg_dalia,stored,CURRENT_CITATION_PATH,observation,placeholder,0
ppg_dalia,stored,CURRENT_CITATION_PATH,feature,subject,0
ppg_dalia,stored,CURRENT_CITATION_PATH,feature,sensor,0
ppg_dalia,stored,CURRENT_CITATION_PATH,feature,observation,0
ppg_dalia,stored,CURRENT_CITATION_PATH,feature,feature,0
ppg_dalia,stored,CURRENT_CITATION_PATH,feature,claim,0
ppg_dalia,stored,CURRENT_CITATION_PATH,feature,explanation,0
ppg_dalia,stored,CURRENT_CITATION_PATH,feature,review,0
ppg_dalia,stored,CURRENT_CITATION_PATH,feature,assessment,0
ppg_dalia,stored,CURRENT_CITATION_PATH,feature,placeholder,0
ppg_dalia,stored,CURRENT_CITATION_PATH,claim,subject,0
ppg_dalia,stored,CURRENT_CITATION_PATH,claim,sensor,0
ppg_dalia,stored,CURRENT_CITATION_PATH,claim,observation,0
ppg_dalia,stored,CURRENT_CITATION_PATH,claim,feature,0
ppg_dalia,stored,CURRENT_CITATION_PATH,claim,claim,0
ppg_dalia,stored,CURRENT_CITATION_PATH,claim,explanation,0
ppg_dalia,stored,CURRENT_CITATION_PATH,claim,review,0
ppg_dalia,stored,CURRENT_CITATION_PATH,claim,assessment,0
ppg_dalia,stored,CURRENT_CITATION_PATH,claim,placeholder,0
ppg_dalia,stored,CURRENT_CITATION_PATH,explanation,subject,0
ppg_dalia,stored,CURRENT_CITATION_PATH,explanation,sensor,0
ppg_dalia,stored,CURRENT_CITATION_PATH,explanation,observation,0
ppg_dalia,stored,CURRENT_CITATION_PATH,explanation,feature,0
ppg_dalia,stored,CURRENT_CITATION_PATH,explanation,claim,0
ppg_dalia,stored,CURRENT_CITATION_PATH,explanation,explanation,0
ppg_dalia,stored,CURRENT_CITATION_PATH,explanation,review,0
ppg_dalia,stored,CURRENT_CITATION_PATH,explanation,assessment,0
ppg_dalia,stored,CURRENT_CITATION_PATH,explanation,placeholder,0
ppg_dalia,stored,CURRENT_CITATION_PATH,review,subject,0
ppg_dalia,stored,CURRENT_CITATION_PATH,review,sensor,0
ppg_dalia,stored,CURRENT_CITATION_PATH,review,observation,0
ppg_dalia,stored,CURRENT_CITATION_PATH,review,feature,0
ppg_dalia,stored,CURRENT_CITATION_PATH,review,claim,0
ppg_dalia,stored,CURRENT_CITATION_PATH,review,explanation,0
ppg_dalia,stored,CURRENT_CITATION_PATH,review,review,0
ppg_dalia,stored,CURRENT_CITATION_PATH,review,assessment,0
ppg_dalia,stored,CURRENT_CITATION_PATH,review,placeholder,0
ppg_dalia,stored,CURRENT_CITATION_PATH,assessment,subject,0
ppg_dalia,stored,CURRENT_CITATION_PATH,assessment,sensor,0
ppg_dalia,stored,CURRENT_CITATION_PATH,assessment,observation,0
ppg_dalia,stored,CURRENT_CITATION_PATH,assessment,feature,0
ppg_dalia,stored,CURRENT_CITATION_PATH,assessment,claim,0
ppg_dalia,stored,CURRENT_CITATION_PATH,assessment,explanation,0
ppg_dalia,stored,CURRENT_CITATION_PATH,assessment,review,0
ppg_dalia,stored,CURRENT_CITATION_PATH,assessment,assessment,0
ppg_dalia,stored,CURRENT_CITATION_PATH,assessment,placeholder,0
ppg_dalia,stored,CURRENT_CITATION_PATH,placeholder,subject,0
ppg_dalia,stored,CURRENT_CITATION_PATH,placeholder,sensor,0
ppg_dalia,stored,CURRENT_CITATION_PATH,placeholder,observation,0
ppg_dalia,stored,CURRENT_CITATION_PATH,placeholder,feature,0
ppg_dalia,stored,CURRENT_CITATION_PATH,placeholder,claim,0
ppg_dalia,stored,CURRENT_CITATION_PATH,placeholder,explanation,0
ppg_dalia,stored,CURRENT_CITATION_PATH,placeholder,review,0
ppg_dalia,stored,CURRENT_CITATION_PATH,placeholder,assessment,0
ppg_dalia,stored,CURRENT_CITATION_PATH,placeholder,placeholder,0
ppg_dalia,core,DEPENDS_ON,subject,subject,0
ppg_dalia,core,DEPENDS_ON,subject,sensor,0
ppg_dalia,core,DEPENDS_ON,subject,observation,0
ppg_dalia,core,DEPENDS_ON,subject,feature,0
ppg_dalia,core,DEPENDS_ON,subject,claim,0
ppg_dalia,core,DEPENDS_ON,subject,explanation,0
ppg_dalia,core,DEPENDS_ON,subject,review,0
ppg_dalia,core,DEPENDS_ON,subject,assessment,0
ppg_dalia,core,DEPENDS_ON,subject,placeholder,0
ppg_dalia,core,DEPENDS_ON,sensor,subject,0
ppg_dalia,core,DEPENDS_ON,sensor,sensor,0
ppg_dalia,core,DEPENDS_ON,sensor,observation,0
ppg_dalia,core,DEPENDS_ON,sensor,feature,0
ppg_dalia,core,DEPENDS_ON,sensor,claim,0
ppg_dalia,core,DEPENDS_ON,sensor,explanation,0
ppg_dalia,core,DEPENDS_ON,sensor,review,0
ppg_dalia,core,DEPENDS_ON,sensor,assessment,0
ppg_dalia,core,DEPENDS_ON,sensor,placeholder,0
ppg_dalia,core,DEPENDS_ON,observation,subject,0
ppg_dalia,core,DEPENDS_ON,observation,sensor,0
ppg_dalia,core,DEPENDS_ON,observation,observation,0
ppg_dalia,core,DEPENDS_ON,observation,feature,0
ppg_dalia,core,DEPENDS_ON,observation,claim,0
ppg_dalia,core,DEPENDS_ON,observation,explanation,0
ppg_dalia,core,DEPENDS_ON,observation,review,0
ppg_dalia,core,DEPENDS_ON,observation,assessment,0
ppg_dalia,core,DEPENDS_ON,observation,placeholder,0
ppg_dalia,core,DEPENDS_ON,feature,subject,0
ppg_dalia,core,DEPENDS_ON,feature,sensor,0
ppg_dalia,core,DEPENDS_ON,feature,observation,0
ppg_dalia,core,DEPENDS_ON,feature,feature,0
ppg_dalia,core,DEPENDS_ON,feature,claim,0
ppg_dalia,core,DEPENDS_ON,feature,explanation,0
ppg_dalia,core,DEPENDS_ON,feature,review,0
ppg_dalia,core,DEPENDS_ON,feature,assessment,0
ppg_dalia,core,DEPENDS_ON,feature,placeholder,0
ppg_dalia,core,DEPENDS_ON,claim,subject,0
ppg_dalia,core,DEPENDS_ON,claim,sensor,0
ppg_dalia,core,DEPENDS_ON,claim,observation,0
ppg_dalia,core,DEPENDS_ON,claim,feature,530
ppg_dalia,core,DEPENDS_ON,claim,claim,2
ppg_dalia,core,DEPENDS_ON,claim,explanation,0
ppg_dalia,core,DEPENDS_ON,claim,review,0
ppg_dalia,core,DEPENDS_ON,claim,assessment,0
ppg_dalia,core,DEPENDS_ON,claim,placeholder,0
ppg_dalia,core,DEPENDS_ON,explanation,subject,0
ppg_dalia,core,DEPENDS_ON,explanation,sensor,0
ppg_dalia,core,DEPENDS_ON,explanation,observation,0
ppg_dalia,core,DEPENDS_ON,explanation,feature,0
ppg_dalia,core,DEPENDS_ON,explanation,claim,0
ppg_dalia,core,DEPENDS_ON,explanation,explanation,0
ppg_dalia,core,DEPENDS_ON,explanation,review,0
ppg_dalia,core,DEPENDS_ON,explanation,assessment,0
ppg_dalia,core,DEPENDS_ON,explanation,placeholder,0
ppg_dalia,core,DEPENDS_ON,review,subject,0
ppg_dalia,core,DEPENDS_ON,review,sensor,0
ppg_dalia,core,DEPENDS_ON,review,observation,0
ppg_dalia,core,DEPENDS_ON,review,feature,0
ppg_dalia,core,DEPENDS_ON,review,claim,0
ppg_dalia,core,DEPENDS_ON,review,explanation,0
ppg_dalia,core,DEPENDS_ON,review,review,0
ppg_dalia,core,DEPENDS_ON,review,assessment,0
ppg_dalia,core,DEPENDS_ON,review,placeholder,0
ppg_dalia,core,DEPENDS_ON,assessment,subject,0
ppg_dalia,core,DEPENDS_ON,assessment,sensor,0
ppg_dalia,core,DEPENDS_ON,assessment,observation,0
ppg_dalia,core,DEPENDS_ON,assessment,feature,0
ppg_dalia,core,DEPENDS_ON,assessment,claim,0
ppg_dalia,core,DEPENDS_ON,assessment,explanation,0
ppg_dalia,core,DEPENDS_ON,assessment,review,0
ppg_dalia,core,DEPENDS_ON,assessment,assessment,0
ppg_dalia,core,DEPENDS_ON,assessment,placeholder,0
ppg_dalia,core,DEPENDS_ON,placeholder,subject,0
ppg_dalia,core,DEPENDS_ON,placeholder,sensor,0
ppg_dalia,core,DEPENDS_ON,placeholder,observation,0
ppg_dalia,core,DEPENDS_ON,placeholder,feature,0
ppg_dalia,core,DEPENDS_ON,placeholder,claim,0
ppg_dalia,core,DEPENDS_ON,placeholder,explanation,0
ppg_dalia,core,DEPENDS_ON,placeholder,review,0
ppg_dalia,core,DEPENDS_ON,placeholder,assessment,0
ppg_dalia,core,DEPENDS_ON,placeholder,placeholder,0
ppg_dalia,core,DERIVED_FROM,subject,subject,0
ppg_dalia,core,DERIVED_FROM,subject,sensor,0
ppg_dalia,core,DERIVED_FROM,subject,observation,0
ppg_dalia,core,DERIVED_FROM,subject,feature,0
ppg_dalia,core,DERIVED_FROM,subject,claim,0
ppg_dalia,core,DERIVED_FROM,subject,explanation,0
ppg_dalia,core,DERIVED_FROM,subject,review,0
ppg_dalia,core,DERIVED_FROM,subject,assessment,0
ppg_dalia,core,DERIVED_FROM,subject,placeholder,0
ppg_dalia,core,DERIVED_FROM,sensor,subject,0
ppg_dalia,core,DERIVED_FROM,sensor,sensor,0
ppg_dalia,core,DERIVED_FROM,sensor,observation,0
ppg_dalia,core,DERIVED_FROM,sensor,feature,0
ppg_dalia,core,DERIVED_FROM,sensor,claim,0
ppg_dalia,core,DERIVED_FROM,sensor,explanation,0
ppg_dalia,core,DERIVED_FROM,sensor,review,0
ppg_dalia,core,DERIVED_FROM,sensor,assessment,0
ppg_dalia,core,DERIVED_FROM,sensor,placeholder,0
ppg_dalia,core,DERIVED_FROM,observation,subject,0
ppg_dalia,core,DERIVED_FROM,observation,sensor,0
ppg_dalia,core,DERIVED_FROM,observation,observation,0
ppg_dalia,core,DERIVED_FROM,observation,feature,0
ppg_dalia,core,DERIVED_FROM,observation,claim,0
ppg_dalia,core,DERIVED_FROM,observation,explanation,0
ppg_dalia,core,DERIVED_FROM,observation,review,0
ppg_dalia,core,DERIVED_FROM,observation,assessment,0
ppg_dalia,core,DERIVED_FROM,observation,placeholder,0
ppg_dalia,core,DERIVED_FROM,feature,subject,0
ppg_dalia,core,DERIVED_FROM,feature,sensor,0
ppg_dalia,core,DERIVED_FROM,feature,observation,0
ppg_dalia,core,DERIVED_FROM,feature,feature,0
ppg_dalia,core,DERIVED_FROM,feature,claim,0
ppg_dalia,core,DERIVED_FROM,feature,explanation,0
ppg_dalia,core,DERIVED_FROM,feature,review,0
ppg_dalia,core,DERIVED_FROM,feature,assessment,0
ppg_dalia,core,DERIVED_FROM,feature,placeholder,0
ppg_dalia,core,DERIVED_FROM,claim,subject,0
ppg_dalia,core,DERIVED_FROM,claim,sensor,0
ppg_dalia,core,DERIVED_FROM,claim,observation,0
ppg_dalia,core,DERIVED_FROM,claim,feature,0
ppg_dalia,core,DERIVED_FROM,claim,claim,0
ppg_dalia,core,DERIVED_FROM,claim,explanation,0
ppg_dalia,core,DERIVED_FROM,claim,review,0
ppg_dalia,core,DERIVED_FROM,claim,assessment,0
ppg_dalia,core,DERIVED_FROM,claim,placeholder,0
ppg_dalia,core,DERIVED_FROM,explanation,subject,0
ppg_dalia,core,DERIVED_FROM,explanation,sensor,0
ppg_dalia,core,DERIVED_FROM,explanation,observation,0
ppg_dalia,core,DERIVED_FROM,explanation,feature,0
ppg_dalia,core,DERIVED_FROM,explanation,claim,0
ppg_dalia,core,DERIVED_FROM,explanation,explanation,0
ppg_dalia,core,DERIVED_FROM,explanation,review,0
ppg_dalia,core,DERIVED_FROM,explanation,assessment,0
ppg_dalia,core,DERIVED_FROM,explanation,placeholder,0
ppg_dalia,core,DERIVED_FROM,review,subject,0
ppg_dalia,core,DERIVED_FROM,review,sensor,0
ppg_dalia,core,DERIVED_FROM,review,observation,0
ppg_dalia,core,DERIVED_FROM,review,feature,0
ppg_dalia,core,DERIVED_FROM,review,claim,0
ppg_dalia,core,DERIVED_FROM,review,explanation,0
ppg_dalia,core,DERIVED_FROM,review,review,0
ppg_dalia,core,DERIVED_FROM,review,assessment,0
ppg_dalia,core,DERIVED_FROM,review,placeholder,0
ppg_dalia,core,DERIVED_FROM,assessment,subject,0
ppg_dalia,core,DERIVED_FROM,assessment,sensor,0
ppg_dalia,core,DERIVED_FROM,assessment,observation,0
ppg_dalia,core,DERIVED_FROM,assessment,feature,0
ppg_dalia,core,DERIVED_FROM,assessment,claim,0
ppg_dalia,core,DERIVED_FROM,assessment,explanation,0
ppg_dalia,core,DERIVED_FROM,assessment,review,0
ppg_dalia,core,DERIVED_FROM,assessment,assessment,0
ppg_dalia,core,DERIVED_FROM,assessment,placeholder,0
ppg_dalia,core,DERIVED_FROM,placeholder,subject,0
ppg_dalia,core,DERIVED_FROM,placeholder,sensor,0
ppg_dalia,core,DERIVED_FROM,placeholder,observation,0
ppg_dalia,core,DERIVED_FROM,placeholder,feature,0
ppg_dalia,core,DERIVED_FROM,placeholder,claim,0
ppg_dalia,core,DERIVED_FROM,placeholder,explanation,0
ppg_dalia,core,DERIVED_FROM,placeholder,review,0
ppg_dalia,core,DERIVED_FROM,placeholder,assessment,0
ppg_dalia,core,DERIVED_FROM,placeholder,placeholder,0
ppg_dalia,core,SUPPORTS,subject,subject,0
ppg_dalia,core,SUPPORTS,subject,sensor,0
ppg_dalia,core,SUPPORTS,subject,observation,0
ppg_dalia,core,SUPPORTS,subject,feature,0
ppg_dalia,core,SUPPORTS,subject,claim,0
ppg_dalia,core,SUPPORTS,subject,explanation,0
ppg_dalia,core,SUPPORTS,subject,review,0
ppg_dalia,core,SUPPORTS,subject,assessment,0
ppg_dalia,core,SUPPORTS,subject,placeholder,0
ppg_dalia,core,SUPPORTS,sensor,subject,0
ppg_dalia,core,SUPPORTS,sensor,sensor,0
ppg_dalia,core,SUPPORTS,sensor,observation,0
ppg_dalia,core,SUPPORTS,sensor,feature,0
ppg_dalia,core,SUPPORTS,sensor,claim,0
ppg_dalia,core,SUPPORTS,sensor,explanation,0
ppg_dalia,core,SUPPORTS,sensor,review,0
ppg_dalia,core,SUPPORTS,sensor,assessment,0
ppg_dalia,core,SUPPORTS,sensor,placeholder,0
ppg_dalia,core,SUPPORTS,observation,subject,0
ppg_dalia,core,SUPPORTS,observation,sensor,0
ppg_dalia,core,SUPPORTS,observation,observation,0
ppg_dalia,core,SUPPORTS,observation,feature,0
ppg_dalia,core,SUPPORTS,observation,claim,0
ppg_dalia,core,SUPPORTS,observation,explanation,0
ppg_dalia,core,SUPPORTS,observation,review,0
ppg_dalia,core,SUPPORTS,observation,assessment,0
ppg_dalia,core,SUPPORTS,observation,placeholder,0
ppg_dalia,core,SUPPORTS,feature,subject,0
ppg_dalia,core,SUPPORTS,feature,sensor,0
ppg_dalia,core,SUPPORTS,feature,observation,0
ppg_dalia,core,SUPPORTS,feature,feature,0
ppg_dalia,core,SUPPORTS,feature,claim,0
ppg_dalia,core,SUPPORTS,feature,explanation,0
ppg_dalia,core,SUPPORTS,feature,review,0
ppg_dalia,core,SUPPORTS,feature,assessment,0
ppg_dalia,core,SUPPORTS,feature,placeholder,0
ppg_dalia,core,SUPPORTS,claim,subject,0
ppg_dalia,core,SUPPORTS,claim,sensor,0
ppg_dalia,core,SUPPORTS,claim,observation,0
ppg_dalia,core,SUPPORTS,claim,feature,0
ppg_dalia,core,SUPPORTS,claim,claim,0
ppg_dalia,core,SUPPORTS,claim,explanation,0
ppg_dalia,core,SUPPORTS,claim,review,0
ppg_dalia,core,SUPPORTS,claim,assessment,0
ppg_dalia,core,SUPPORTS,claim,placeholder,0
ppg_dalia,core,SUPPORTS,explanation,subject,0
ppg_dalia,core,SUPPORTS,explanation,sensor,0
ppg_dalia,core,SUPPORTS,explanation,observation,0
ppg_dalia,core,SUPPORTS,explanation,feature,0
ppg_dalia,core,SUPPORTS,explanation,claim,0
ppg_dalia,core,SUPPORTS,explanation,explanation,0
ppg_dalia,core,SUPPORTS,explanation,review,0
ppg_dalia,core,SUPPORTS,explanation,assessment,0
ppg_dalia,core,SUPPORTS,explanation,placeholder,0
ppg_dalia,core,SUPPORTS,review,subject,0
ppg_dalia,core,SUPPORTS,review,sensor,0
ppg_dalia,core,SUPPORTS,review,observation,0
ppg_dalia,core,SUPPORTS,review,feature,0
ppg_dalia,core,SUPPORTS,review,claim,0
ppg_dalia,core,SUPPORTS,review,explanation,0
ppg_dalia,core,SUPPORTS,review,review,0
ppg_dalia,core,SUPPORTS,review,assessment,0
ppg_dalia,core,SUPPORTS,review,placeholder,0
ppg_dalia,core,SUPPORTS,assessment,subject,0
ppg_dalia,core,SUPPORTS,assessment,sensor,0
ppg_dalia,core,SUPPORTS,assessment,observation,0
ppg_dalia,core,SUPPORTS,assessment,feature,0
ppg_dalia,core,SUPPORTS,assessment,claim,0
ppg_dalia,core,SUPPORTS,assessment,explanation,0
ppg_dalia,core,SUPPORTS,assessment,review,0
ppg_dalia,core,SUPPORTS,assessment,assessment,0
ppg_dalia,core,SUPPORTS,assessment,placeholder,0
ppg_dalia,core,SUPPORTS,placeholder,subject,0
ppg_dalia,core,SUPPORTS,placeholder,sensor,0
ppg_dalia,core,SUPPORTS,placeholder,observation,0
ppg_dalia,core,SUPPORTS,placeholder,feature,0
ppg_dalia,core,SUPPORTS,placeholder,claim,0
ppg_dalia,core,SUPPORTS,placeholder,explanation,0
ppg_dalia,core,SUPPORTS,placeholder,review,0
ppg_dalia,core,SUPPORTS,placeholder,assessment,0
ppg_dalia,core,SUPPORTS,placeholder,placeholder,0
ppg_dalia,core,FOR_SUBJECT,subject,subject,0
ppg_dalia,core,FOR_SUBJECT,subject,sensor,0
ppg_dalia,core,FOR_SUBJECT,subject,observation,0
ppg_dalia,core,FOR_SUBJECT,subject,feature,0
ppg_dalia,core,FOR_SUBJECT,subject,claim,0
ppg_dalia,core,FOR_SUBJECT,subject,explanation,0
ppg_dalia,core,FOR_SUBJECT,subject,review,0
ppg_dalia,core,FOR_SUBJECT,subject,assessment,0
ppg_dalia,core,FOR_SUBJECT,subject,placeholder,0
ppg_dalia,core,FOR_SUBJECT,sensor,subject,0
ppg_dalia,core,FOR_SUBJECT,sensor,sensor,0
ppg_dalia,core,FOR_SUBJECT,sensor,observation,0
ppg_dalia,core,FOR_SUBJECT,sensor,feature,0
ppg_dalia,core,FOR_SUBJECT,sensor,claim,0
ppg_dalia,core,FOR_SUBJECT,sensor,explanation,0
ppg_dalia,core,FOR_SUBJECT,sensor,review,0
ppg_dalia,core,FOR_SUBJECT,sensor,assessment,0
ppg_dalia,core,FOR_SUBJECT,sensor,placeholder,0
ppg_dalia,core,FOR_SUBJECT,observation,subject,0
ppg_dalia,core,FOR_SUBJECT,observation,sensor,0
ppg_dalia,core,FOR_SUBJECT,observation,observation,0
ppg_dalia,core,FOR_SUBJECT,observation,feature,0
ppg_dalia,core,FOR_SUBJECT,observation,claim,0
ppg_dalia,core,FOR_SUBJECT,observation,explanation,0
ppg_dalia,core,FOR_SUBJECT,observation,review,0
ppg_dalia,core,FOR_SUBJECT,observation,assessment,0
ppg_dalia,core,FOR_SUBJECT,observation,placeholder,0
ppg_dalia,core,FOR_SUBJECT,feature,subject,0
ppg_dalia,core,FOR_SUBJECT,feature,sensor,0
ppg_dalia,core,FOR_SUBJECT,feature,observation,0
ppg_dalia,core,FOR_SUBJECT,feature,feature,0
ppg_dalia,core,FOR_SUBJECT,feature,claim,0
ppg_dalia,core,FOR_SUBJECT,feature,explanation,0
ppg_dalia,core,FOR_SUBJECT,feature,review,0
ppg_dalia,core,FOR_SUBJECT,feature,assessment,0
ppg_dalia,core,FOR_SUBJECT,feature,placeholder,0
ppg_dalia,core,FOR_SUBJECT,claim,subject,0
ppg_dalia,core,FOR_SUBJECT,claim,sensor,0
ppg_dalia,core,FOR_SUBJECT,claim,observation,0
ppg_dalia,core,FOR_SUBJECT,claim,feature,0
ppg_dalia,core,FOR_SUBJECT,claim,claim,0
ppg_dalia,core,FOR_SUBJECT,claim,explanation,0
ppg_dalia,core,FOR_SUBJECT,claim,review,0
ppg_dalia,core,FOR_SUBJECT,claim,assessment,0
ppg_dalia,core,FOR_SUBJECT,claim,placeholder,0
ppg_dalia,core,FOR_SUBJECT,explanation,subject,0
ppg_dalia,core,FOR_SUBJECT,explanation,sensor,0
ppg_dalia,core,FOR_SUBJECT,explanation,observation,0
ppg_dalia,core,FOR_SUBJECT,explanation,feature,0
ppg_dalia,core,FOR_SUBJECT,explanation,claim,0
ppg_dalia,core,FOR_SUBJECT,explanation,explanation,0
ppg_dalia,core,FOR_SUBJECT,explanation,review,0
ppg_dalia,core,FOR_SUBJECT,explanation,assessment,0
ppg_dalia,core,FOR_SUBJECT,explanation,placeholder,0
ppg_dalia,core,FOR_SUBJECT,review,subject,0
ppg_dalia,core,FOR_SUBJECT,review,sensor,0
ppg_dalia,core,FOR_SUBJECT,review,observation,0
ppg_dalia,core,FOR_SUBJECT,review,feature,0
ppg_dalia,core,FOR_SUBJECT,review,claim,0
ppg_dalia,core,FOR_SUBJECT,review,explanation,0
ppg_dalia,core,FOR_SUBJECT,review,review,0
ppg_dalia,core,FOR_SUBJECT,review,assessment,0
ppg_dalia,core,FOR_SUBJECT,review,placeholder,0
ppg_dalia,core,FOR_SUBJECT,assessment,subject,0
ppg_dalia,core,FOR_SUBJECT,assessment,sensor,0
ppg_dalia,core,FOR_SUBJECT,assessment,observation,0
ppg_dalia,core,FOR_SUBJECT,assessment,feature,0
ppg_dalia,core,FOR_SUBJECT,assessment,claim,0
ppg_dalia,core,FOR_SUBJECT,assessment,explanation,0
ppg_dalia,core,FOR_SUBJECT,assessment,review,0
ppg_dalia,core,FOR_SUBJECT,assessment,assessment,0
ppg_dalia,core,FOR_SUBJECT,assessment,placeholder,0
ppg_dalia,core,FOR_SUBJECT,placeholder,subject,0
ppg_dalia,core,FOR_SUBJECT,placeholder,sensor,0
ppg_dalia,core,FOR_SUBJECT,placeholder,observation,0
ppg_dalia,core,FOR_SUBJECT,placeholder,feature,0
ppg_dalia,core,FOR_SUBJECT,placeholder,claim,0
ppg_dalia,core,FOR_SUBJECT,placeholder,explanation,0
ppg_dalia,core,FOR_SUBJECT,placeholder,review,0
ppg_dalia,core,FOR_SUBJECT,placeholder,assessment,0
ppg_dalia,core,FOR_SUBJECT,placeholder,placeholder,0
ppg_dalia,core,OBSERVED_BY,subject,subject,0
ppg_dalia,core,OBSERVED_BY,subject,sensor,0
ppg_dalia,core,OBSERVED_BY,subject,observation,0
ppg_dalia,core,OBSERVED_BY,subject,feature,0
ppg_dalia,core,OBSERVED_BY,subject,claim,0
ppg_dalia,core,OBSERVED_BY,subject,explanation,0
ppg_dalia,core,OBSERVED_BY,subject,review,0
ppg_dalia,core,OBSERVED_BY,subject,assessment,0
ppg_dalia,core,OBSERVED_BY,subject,placeholder,0
ppg_dalia,core,OBSERVED_BY,sensor,subject,0
ppg_dalia,core,OBSERVED_BY,sensor,sensor,0
ppg_dalia,core,OBSERVED_BY,sensor,observation,0
ppg_dalia,core,OBSERVED_BY,sensor,feature,0
ppg_dalia,core,OBSERVED_BY,sensor,claim,0
ppg_dalia,core,OBSERVED_BY,sensor,explanation,0
ppg_dalia,core,OBSERVED_BY,sensor,review,0
ppg_dalia,core,OBSERVED_BY,sensor,assessment,0
ppg_dalia,core,OBSERVED_BY,sensor,placeholder,0
ppg_dalia,core,OBSERVED_BY,observation,subject,0
ppg_dalia,core,OBSERVED_BY,observation,sensor,0
ppg_dalia,core,OBSERVED_BY,observation,observation,0
ppg_dalia,core,OBSERVED_BY,observation,feature,0
ppg_dalia,core,OBSERVED_BY,observation,claim,0
ppg_dalia,core,OBSERVED_BY,observation,explanation,0
ppg_dalia,core,OBSERVED_BY,observation,review,0
ppg_dalia,core,OBSERVED_BY,observation,assessment,0
ppg_dalia,core,OBSERVED_BY,observation,placeholder,0
ppg_dalia,core,OBSERVED_BY,feature,subject,0
ppg_dalia,core,OBSERVED_BY,feature,sensor,0
ppg_dalia,core,OBSERVED_BY,feature,observation,0
ppg_dalia,core,OBSERVED_BY,feature,feature,0
ppg_dalia,core,OBSERVED_BY,feature,claim,0
ppg_dalia,core,OBSERVED_BY,feature,explanation,0
ppg_dalia,core,OBSERVED_BY,feature,review,0
ppg_dalia,core,OBSERVED_BY,feature,assessment,0
ppg_dalia,core,OBSERVED_BY,feature,placeholder,0
ppg_dalia,core,OBSERVED_BY,claim,subject,0
ppg_dalia,core,OBSERVED_BY,claim,sensor,0
ppg_dalia,core,OBSERVED_BY,claim,observation,0
ppg_dalia,core,OBSERVED_BY,claim,feature,0
ppg_dalia,core,OBSERVED_BY,claim,claim,0
ppg_dalia,core,OBSERVED_BY,claim,explanation,0
ppg_dalia,core,OBSERVED_BY,claim,review,0
ppg_dalia,core,OBSERVED_BY,claim,assessment,0
ppg_dalia,core,OBSERVED_BY,claim,placeholder,0
ppg_dalia,core,OBSERVED_BY,explanation,subject,0
ppg_dalia,core,OBSERVED_BY,explanation,sensor,0
ppg_dalia,core,OBSERVED_BY,explanation,observation,0
ppg_dalia,core,OBSERVED_BY,explanation,feature,0
ppg_dalia,core,OBSERVED_BY,explanation,claim,0
ppg_dalia,core,OBSERVED_BY,explanation,explanation,0
ppg_dalia,core,OBSERVED_BY,explanation,review,0
ppg_dalia,core,OBSERVED_BY,explanation,assessment,0
ppg_dalia,core,OBSERVED_BY,explanation,placeholder,0
ppg_dalia,core,OBSERVED_BY,review,subject,0
ppg_dalia,core,OBSERVED_BY,review,sensor,0
ppg_dalia,core,OBSERVED_BY,review,observation,0
ppg_dalia,core,OBSERVED_BY,review,feature,0
ppg_dalia,core,OBSERVED_BY,review,claim,0
ppg_dalia,core,OBSERVED_BY,review,explanation,0
ppg_dalia,core,OBSERVED_BY,review,review,0
ppg_dalia,core,OBSERVED_BY,review,assessment,0
ppg_dalia,core,OBSERVED_BY,review,placeholder,0
ppg_dalia,core,OBSERVED_BY,assessment,subject,0
ppg_dalia,core,OBSERVED_BY,assessment,sensor,0
ppg_dalia,core,OBSERVED_BY,assessment,observation,0
ppg_dalia,core,OBSERVED_BY,assessment,feature,0
ppg_dalia,core,OBSERVED_BY,assessment,claim,0
ppg_dalia,core,OBSERVED_BY,assessment,explanation,0
ppg_dalia,core,OBSERVED_BY,assessment,review,0
ppg_dalia,core,OBSERVED_BY,assessment,assessment,0
ppg_dalia,core,OBSERVED_BY,assessment,placeholder,0
ppg_dalia,core,OBSERVED_BY,placeholder,subject,0
ppg_dalia,core,OBSERVED_BY,placeholder,sensor,0
ppg_dalia,core,OBSERVED_BY,placeholder,observation,0
ppg_dalia,core,OBSERVED_BY,placeholder,feature,0
ppg_dalia,core,OBSERVED_BY,placeholder,claim,0
ppg_dalia,core,OBSERVED_BY,placeholder,explanation,0
ppg_dalia,core,OBSERVED_BY,placeholder,review,0
ppg_dalia,core,OBSERVED_BY,placeholder,assessment,0
ppg_dalia,core,OBSERVED_BY,placeholder,placeholder,0
ppg_dalia,core,SUPERSEDES,subject,subject,0
ppg_dalia,core,SUPERSEDES,subject,sensor,0
ppg_dalia,core,SUPERSEDES,subject,observation,0
ppg_dalia,core,SUPERSEDES,subject,feature,0
ppg_dalia,core,SUPERSEDES,subject,claim,0
ppg_dalia,core,SUPERSEDES,subject,explanation,0
ppg_dalia,core,SUPERSEDES,subject,review,0
ppg_dalia,core,SUPERSEDES,subject,assessment,0
ppg_dalia,core,SUPERSEDES,subject,placeholder,0
ppg_dalia,core,SUPERSEDES,sensor,subject,0
ppg_dalia,core,SUPERSEDES,sensor,sensor,0
ppg_dalia,core,SUPERSEDES,sensor,observation,0
ppg_dalia,core,SUPERSEDES,sensor,feature,0
ppg_dalia,core,SUPERSEDES,sensor,claim,0
ppg_dalia,core,SUPERSEDES,sensor,explanation,0
ppg_dalia,core,SUPERSEDES,sensor,review,0
ppg_dalia,core,SUPERSEDES,sensor,assessment,0
ppg_dalia,core,SUPERSEDES,sensor,placeholder,0
ppg_dalia,core,SUPERSEDES,observation,subject,0
ppg_dalia,core,SUPERSEDES,observation,sensor,0
ppg_dalia,core,SUPERSEDES,observation,observation,0
ppg_dalia,core,SUPERSEDES,observation,feature,0
ppg_dalia,core,SUPERSEDES,observation,claim,0
ppg_dalia,core,SUPERSEDES,observation,explanation,0
ppg_dalia,core,SUPERSEDES,observation,review,0
ppg_dalia,core,SUPERSEDES,observation,assessment,0
ppg_dalia,core,SUPERSEDES,observation,placeholder,0
ppg_dalia,core,SUPERSEDES,feature,subject,0
ppg_dalia,core,SUPERSEDES,feature,sensor,0
ppg_dalia,core,SUPERSEDES,feature,observation,0
ppg_dalia,core,SUPERSEDES,feature,feature,0
ppg_dalia,core,SUPERSEDES,feature,claim,0
ppg_dalia,core,SUPERSEDES,feature,explanation,0
ppg_dalia,core,SUPERSEDES,feature,review,0
ppg_dalia,core,SUPERSEDES,feature,assessment,0
ppg_dalia,core,SUPERSEDES,feature,placeholder,0
ppg_dalia,core,SUPERSEDES,claim,subject,0
ppg_dalia,core,SUPERSEDES,claim,sensor,0
ppg_dalia,core,SUPERSEDES,claim,observation,0
ppg_dalia,core,SUPERSEDES,claim,feature,0
ppg_dalia,core,SUPERSEDES,claim,claim,0
ppg_dalia,core,SUPERSEDES,claim,explanation,0
ppg_dalia,core,SUPERSEDES,claim,review,0
ppg_dalia,core,SUPERSEDES,claim,assessment,0
ppg_dalia,core,SUPERSEDES,claim,placeholder,0
ppg_dalia,core,SUPERSEDES,explanation,subject,0
ppg_dalia,core,SUPERSEDES,explanation,sensor,0
ppg_dalia,core,SUPERSEDES,explanation,observation,0
ppg_dalia,core,SUPERSEDES,explanation,feature,0
ppg_dalia,core,SUPERSEDES,explanation,claim,0
ppg_dalia,core,SUPERSEDES,explanation,explanation,0
ppg_dalia,core,SUPERSEDES,explanation,review,0
ppg_dalia,core,SUPERSEDES,explanation,assessment,0
ppg_dalia,core,SUPERSEDES,explanation,placeholder,0
ppg_dalia,core,SUPERSEDES,review,subject,0
ppg_dalia,core,SUPERSEDES,review,sensor,0
ppg_dalia,core,SUPERSEDES,review,observation,0
ppg_dalia,core,SUPERSEDES,review,feature,0
ppg_dalia,core,SUPERSEDES,review,claim,0
ppg_dalia,core,SUPERSEDES,review,explanation,0
ppg_dalia,core,SUPERSEDES,review,review,0
ppg_dalia,core,SUPERSEDES,review,assessment,0
ppg_dalia,core,SUPERSEDES,review,placeholder,0
ppg_dalia,core,SUPERSEDES,assessment,subject,0
ppg_dalia,core,SUPERSEDES,assessment,sensor,0
ppg_dalia,core,SUPERSEDES,assessment,observation,0
ppg_dalia,core,SUPERSEDES,assessment,feature,0
ppg_dalia,core,SUPERSEDES,assessment,claim,0
ppg_dalia,core,SUPERSEDES,assessment,explanation,0
ppg_dalia,core,SUPERSEDES,assessment,review,0
ppg_dalia,core,SUPERSEDES,assessment,assessment,0
ppg_dalia,core,SUPERSEDES,assessment,placeholder,0
ppg_dalia,core,SUPERSEDES,placeholder,subject,0
ppg_dalia,core,SUPERSEDES,placeholder,sensor,0
ppg_dalia,core,SUPERSEDES,placeholder,observation,0
ppg_dalia,core,SUPERSEDES,placeholder,feature,0
ppg_dalia,core,SUPERSEDES,placeholder,claim,0
ppg_dalia,core,SUPERSEDES,placeholder,explanation,0
ppg_dalia,core,SUPERSEDES,placeholder,review,0
ppg_dalia,core,SUPERSEDES,placeholder,assessment,0
ppg_dalia,core,SUPERSEDES,placeholder,placeholder,0
ppg_dalia,core,CONTAINS,subject,subject,0
ppg_dalia,core,CONTAINS,subject,sensor,0
ppg_dalia,core,CONTAINS,subject,observation,0
ppg_dalia,core,CONTAINS,subject,feature,0
ppg_dalia,core,CONTAINS,subject,claim,0
ppg_dalia,core,CONTAINS,subject,explanation,0
ppg_dalia,core,CONTAINS,subject,review,0
ppg_dalia,core,CONTAINS,subject,assessment,0
ppg_dalia,core,CONTAINS,subject,placeholder,0
ppg_dalia,core,CONTAINS,sensor,subject,0
ppg_dalia,core,CONTAINS,sensor,sensor,0
ppg_dalia,core,CONTAINS,sensor,observation,0
ppg_dalia,core,CONTAINS,sensor,feature,0
ppg_dalia,core,CONTAINS,sensor,claim,0
ppg_dalia,core,CONTAINS,sensor,explanation,0
ppg_dalia,core,CONTAINS,sensor,review,0
ppg_dalia,core,CONTAINS,sensor,assessment,0
ppg_dalia,core,CONTAINS,sensor,placeholder,0
ppg_dalia,core,CONTAINS,observation,subject,0
ppg_dalia,core,CONTAINS,observation,sensor,0
ppg_dalia,core,CONTAINS,observation,observation,0
ppg_dalia,core,CONTAINS,observation,feature,0
ppg_dalia,core,CONTAINS,observation,claim,0
ppg_dalia,core,CONTAINS,observation,explanation,0
ppg_dalia,core,CONTAINS,observation,review,0
ppg_dalia,core,CONTAINS,observation,assessment,0
ppg_dalia,core,CONTAINS,observation,placeholder,0
ppg_dalia,core,CONTAINS,feature,subject,0
ppg_dalia,core,CONTAINS,feature,sensor,0
ppg_dalia,core,CONTAINS,feature,observation,0
ppg_dalia,core,CONTAINS,feature,feature,0
ppg_dalia,core,CONTAINS,feature,claim,0
ppg_dalia,core,CONTAINS,feature,explanation,0
ppg_dalia,core,CONTAINS,feature,review,0
ppg_dalia,core,CONTAINS,feature,assessment,0
ppg_dalia,core,CONTAINS,feature,placeholder,0
ppg_dalia,core,CONTAINS,claim,subject,0
ppg_dalia,core,CONTAINS,claim,sensor,0
ppg_dalia,core,CONTAINS,claim,observation,0
ppg_dalia,core,CONTAINS,claim,feature,0
ppg_dalia,core,CONTAINS,claim,claim,0
ppg_dalia,core,CONTAINS,claim,explanation,0
ppg_dalia,core,CONTAINS,claim,review,0
ppg_dalia,core,CONTAINS,claim,assessment,0
ppg_dalia,core,CONTAINS,claim,placeholder,0
ppg_dalia,core,CONTAINS,explanation,subject,0
ppg_dalia,core,CONTAINS,explanation,sensor,0
ppg_dalia,core,CONTAINS,explanation,observation,0
ppg_dalia,core,CONTAINS,explanation,feature,0
ppg_dalia,core,CONTAINS,explanation,claim,0
ppg_dalia,core,CONTAINS,explanation,explanation,0
ppg_dalia,core,CONTAINS,explanation,review,0
ppg_dalia,core,CONTAINS,explanation,assessment,0
ppg_dalia,core,CONTAINS,explanation,placeholder,0
ppg_dalia,core,CONTAINS,review,subject,0
ppg_dalia,core,CONTAINS,review,sensor,0
ppg_dalia,core,CONTAINS,review,observation,0
ppg_dalia,core,CONTAINS,review,feature,0
ppg_dalia,core,CONTAINS,review,claim,0
ppg_dalia,core,CONTAINS,review,explanation,0
ppg_dalia,core,CONTAINS,review,review,0
ppg_dalia,core,CONTAINS,review,assessment,0
ppg_dalia,core,CONTAINS,review,placeholder,0
ppg_dalia,core,CONTAINS,assessment,subject,0
ppg_dalia,core,CONTAINS,assessment,sensor,0
ppg_dalia,core,CONTAINS,assessment,observation,0
ppg_dalia,core,CONTAINS,assessment,feature,0
ppg_dalia,core,CONTAINS,assessment,claim,0
ppg_dalia,core,CONTAINS,assessment,explanation,0
ppg_dalia,core,CONTAINS,assessment,review,0
ppg_dalia,core,CONTAINS,assessment,assessment,0
ppg_dalia,core,CONTAINS,assessment,placeholder,0
ppg_dalia,core,CONTAINS,placeholder,subject,0
ppg_dalia,core,CONTAINS,placeholder,sensor,0
ppg_dalia,core,CONTAINS,placeholder,observation,0
ppg_dalia,core,CONTAINS,placeholder,feature,0
ppg_dalia,core,CONTAINS,placeholder,claim,0
ppg_dalia,core,CONTAINS,placeholder,explanation,0
ppg_dalia,core,CONTAINS,placeholder,review,0
ppg_dalia,core,CONTAINS,placeholder,assessment,0
ppg_dalia,core,CONTAINS,placeholder,placeholder,0
ppg_dalia,core,REVIEWED_BY_EVENT,subject,subject,0
ppg_dalia,core,REVIEWED_BY_EVENT,subject,sensor,0
ppg_dalia,core,REVIEWED_BY_EVENT,subject,observation,0
ppg_dalia,core,REVIEWED_BY_EVENT,subject,feature,0
ppg_dalia,core,REVIEWED_BY_EVENT,subject,claim,0
ppg_dalia,core,REVIEWED_BY_EVENT,subject,explanation,0
ppg_dalia,core,REVIEWED_BY_EVENT,subject,review,0
ppg_dalia,core,REVIEWED_BY_EVENT,subject,assessment,0
ppg_dalia,core,REVIEWED_BY_EVENT,subject,placeholder,0
ppg_dalia,core,REVIEWED_BY_EVENT,sensor,subject,0
ppg_dalia,core,REVIEWED_BY_EVENT,sensor,sensor,0
ppg_dalia,core,REVIEWED_BY_EVENT,sensor,observation,0
ppg_dalia,core,REVIEWED_BY_EVENT,sensor,feature,0
ppg_dalia,core,REVIEWED_BY_EVENT,sensor,claim,0
ppg_dalia,core,REVIEWED_BY_EVENT,sensor,explanation,0
ppg_dalia,core,REVIEWED_BY_EVENT,sensor,review,0
ppg_dalia,core,REVIEWED_BY_EVENT,sensor,assessment,0
ppg_dalia,core,REVIEWED_BY_EVENT,sensor,placeholder,0
ppg_dalia,core,REVIEWED_BY_EVENT,observation,subject,0
ppg_dalia,core,REVIEWED_BY_EVENT,observation,sensor,0
ppg_dalia,core,REVIEWED_BY_EVENT,observation,observation,0
ppg_dalia,core,REVIEWED_BY_EVENT,observation,feature,0
ppg_dalia,core,REVIEWED_BY_EVENT,observation,claim,0
ppg_dalia,core,REVIEWED_BY_EVENT,observation,explanation,0
ppg_dalia,core,REVIEWED_BY_EVENT,observation,review,0
ppg_dalia,core,REVIEWED_BY_EVENT,observation,assessment,0
ppg_dalia,core,REVIEWED_BY_EVENT,observation,placeholder,0
ppg_dalia,core,REVIEWED_BY_EVENT,feature,subject,0
ppg_dalia,core,REVIEWED_BY_EVENT,feature,sensor,0
ppg_dalia,core,REVIEWED_BY_EVENT,feature,observation,0
ppg_dalia,core,REVIEWED_BY_EVENT,feature,feature,0
ppg_dalia,core,REVIEWED_BY_EVENT,feature,claim,0
ppg_dalia,core,REVIEWED_BY_EVENT,feature,explanation,0
ppg_dalia,core,REVIEWED_BY_EVENT,feature,review,0
ppg_dalia,core,REVIEWED_BY_EVENT,feature,assessment,0
ppg_dalia,core,REVIEWED_BY_EVENT,feature,placeholder,0
ppg_dalia,core,REVIEWED_BY_EVENT,claim,subject,0
ppg_dalia,core,REVIEWED_BY_EVENT,claim,sensor,0
ppg_dalia,core,REVIEWED_BY_EVENT,claim,observation,0
ppg_dalia,core,REVIEWED_BY_EVENT,claim,feature,0
ppg_dalia,core,REVIEWED_BY_EVENT,claim,claim,0
ppg_dalia,core,REVIEWED_BY_EVENT,claim,explanation,0
ppg_dalia,core,REVIEWED_BY_EVENT,claim,review,0
ppg_dalia,core,REVIEWED_BY_EVENT,claim,assessment,0
ppg_dalia,core,REVIEWED_BY_EVENT,claim,placeholder,0
ppg_dalia,core,REVIEWED_BY_EVENT,explanation,subject,0
ppg_dalia,core,REVIEWED_BY_EVENT,explanation,sensor,0
ppg_dalia,core,REVIEWED_BY_EVENT,explanation,observation,0
ppg_dalia,core,REVIEWED_BY_EVENT,explanation,feature,0
ppg_dalia,core,REVIEWED_BY_EVENT,explanation,claim,0
ppg_dalia,core,REVIEWED_BY_EVENT,explanation,explanation,0
ppg_dalia,core,REVIEWED_BY_EVENT,explanation,review,0
ppg_dalia,core,REVIEWED_BY_EVENT,explanation,assessment,0
ppg_dalia,core,REVIEWED_BY_EVENT,explanation,placeholder,0
ppg_dalia,core,REVIEWED_BY_EVENT,review,subject,0
ppg_dalia,core,REVIEWED_BY_EVENT,review,sensor,0
ppg_dalia,core,REVIEWED_BY_EVENT,review,observation,0
ppg_dalia,core,REVIEWED_BY_EVENT,review,feature,0
ppg_dalia,core,REVIEWED_BY_EVENT,review,claim,0
ppg_dalia,core,REVIEWED_BY_EVENT,review,explanation,0
ppg_dalia,core,REVIEWED_BY_EVENT,review,review,0
ppg_dalia,core,REVIEWED_BY_EVENT,review,assessment,0
ppg_dalia,core,REVIEWED_BY_EVENT,review,placeholder,0
ppg_dalia,core,REVIEWED_BY_EVENT,assessment,subject,0
ppg_dalia,core,REVIEWED_BY_EVENT,assessment,sensor,0
ppg_dalia,core,REVIEWED_BY_EVENT,assessment,observation,0
ppg_dalia,core,REVIEWED_BY_EVENT,assessment,feature,0
ppg_dalia,core,REVIEWED_BY_EVENT,assessment,claim,0
ppg_dalia,core,REVIEWED_BY_EVENT,assessment,explanation,0
ppg_dalia,core,REVIEWED_BY_EVENT,assessment,review,0
ppg_dalia,core,REVIEWED_BY_EVENT,assessment,assessment,0
ppg_dalia,core,REVIEWED_BY_EVENT,assessment,placeholder,0
ppg_dalia,core,REVIEWED_BY_EVENT,placeholder,subject,0
ppg_dalia,core,REVIEWED_BY_EVENT,placeholder,sensor,0
ppg_dalia,core,REVIEWED_BY_EVENT,placeholder,observation,0
ppg_dalia,core,REVIEWED_BY_EVENT,placeholder,feature,0
ppg_dalia,core,REVIEWED_BY_EVENT,placeholder,claim,0
ppg_dalia,core,REVIEWED_BY_EVENT,placeholder,explanation,0
ppg_dalia,core,REVIEWED_BY_EVENT,placeholder,review,0
ppg_dalia,core,REVIEWED_BY_EVENT,placeholder,assessment,0
ppg_dalia,core,REVIEWED_BY_EVENT,placeholder,placeholder,0
ppg_dalia,core,CONTRADICTS,subject,subject,0
ppg_dalia,core,CONTRADICTS,subject,sensor,0
ppg_dalia,core,CONTRADICTS,subject,observation,0
ppg_dalia,core,CONTRADICTS,subject,feature,0
ppg_dalia,core,CONTRADICTS,subject,claim,0
ppg_dalia,core,CONTRADICTS,subject,explanation,0
ppg_dalia,core,CONTRADICTS,subject,review,0
ppg_dalia,core,CONTRADICTS,subject,assessment,0
ppg_dalia,core,CONTRADICTS,subject,placeholder,0
ppg_dalia,core,CONTRADICTS,sensor,subject,0
ppg_dalia,core,CONTRADICTS,sensor,sensor,0
ppg_dalia,core,CONTRADICTS,sensor,observation,0
ppg_dalia,core,CONTRADICTS,sensor,feature,0
ppg_dalia,core,CONTRADICTS,sensor,claim,0
ppg_dalia,core,CONTRADICTS,sensor,explanation,0
ppg_dalia,core,CONTRADICTS,sensor,review,0
ppg_dalia,core,CONTRADICTS,sensor,assessment,0
ppg_dalia,core,CONTRADICTS,sensor,placeholder,0
ppg_dalia,core,CONTRADICTS,observation,subject,0
ppg_dalia,core,CONTRADICTS,observation,sensor,0
ppg_dalia,core,CONTRADICTS,observation,observation,0
ppg_dalia,core,CONTRADICTS,observation,feature,0
ppg_dalia,core,CONTRADICTS,observation,claim,0
ppg_dalia,core,CONTRADICTS,observation,explanation,0
ppg_dalia,core,CONTRADICTS,observation,review,0
ppg_dalia,core,CONTRADICTS,observation,assessment,0
ppg_dalia,core,CONTRADICTS,observation,placeholder,0
ppg_dalia,core,CONTRADICTS,feature,subject,0
ppg_dalia,core,CONTRADICTS,feature,sensor,0
ppg_dalia,core,CONTRADICTS,feature,observation,0
ppg_dalia,core,CONTRADICTS,feature,feature,0
ppg_dalia,core,CONTRADICTS,feature,claim,0
ppg_dalia,core,CONTRADICTS,feature,explanation,0
ppg_dalia,core,CONTRADICTS,feature,review,0
ppg_dalia,core,CONTRADICTS,feature,assessment,0
ppg_dalia,core,CONTRADICTS,feature,placeholder,0
ppg_dalia,core,CONTRADICTS,claim,subject,0
ppg_dalia,core,CONTRADICTS,claim,sensor,0
ppg_dalia,core,CONTRADICTS,claim,observation,0
ppg_dalia,core,CONTRADICTS,claim,feature,0
ppg_dalia,core,CONTRADICTS,claim,claim,0
ppg_dalia,core,CONTRADICTS,claim,explanation,0
ppg_dalia,core,CONTRADICTS,claim,review,0
ppg_dalia,core,CONTRADICTS,claim,assessment,0
ppg_dalia,core,CONTRADICTS,claim,placeholder,0
ppg_dalia,core,CONTRADICTS,explanation,subject,0
ppg_dalia,core,CONTRADICTS,explanation,sensor,0
ppg_dalia,core,CONTRADICTS,explanation,observation,0
ppg_dalia,core,CONTRADICTS,explanation,feature,0
ppg_dalia,core,CONTRADICTS,explanation,claim,0
ppg_dalia,core,CONTRADICTS,explanation,explanation,0
ppg_dalia,core,CONTRADICTS,explanation,review,0
ppg_dalia,core,CONTRADICTS,explanation,assessment,0
ppg_dalia,core,CONTRADICTS,explanation,placeholder,0
ppg_dalia,core,CONTRADICTS,review,subject,0
ppg_dalia,core,CONTRADICTS,review,sensor,0
ppg_dalia,core,CONTRADICTS,review,observation,0
ppg_dalia,core,CONTRADICTS,review,feature,0
ppg_dalia,core,CONTRADICTS,review,claim,0
ppg_dalia,core,CONTRADICTS,review,explanation,0
ppg_dalia,core,CONTRADICTS,review,review,0
ppg_dalia,core,CONTRADICTS,review,assessment,0
ppg_dalia,core,CONTRADICTS,review,placeholder,0
ppg_dalia,core,CONTRADICTS,assessment,subject,0
ppg_dalia,core,CONTRADICTS,assessment,sensor,0
ppg_dalia,core,CONTRADICTS,assessment,observation,0
ppg_dalia,core,CONTRADICTS,assessment,feature,0
ppg_dalia,core,CONTRADICTS,assessment,claim,0
ppg_dalia,core,CONTRADICTS,assessment,explanation,0
ppg_dalia,core,CONTRADICTS,assessment,review,0
ppg_dalia,core,CONTRADICTS,assessment,assessment,0
ppg_dalia,core,CONTRADICTS,assessment,placeholder,0
ppg_dalia,core,CONTRADICTS,placeholder,subject,0
ppg_dalia,core,CONTRADICTS,placeholder,sensor,0
ppg_dalia,core,CONTRADICTS,placeholder,observation,0
ppg_dalia,core,CONTRADICTS,placeholder,feature,0
ppg_dalia,core,CONTRADICTS,placeholder,claim,0
ppg_dalia,core,CONTRADICTS,placeholder,explanation,0
ppg_dalia,core,CONTRADICTS,placeholder,review,0
ppg_dalia,core,CONTRADICTS,placeholder,assessment,0
ppg_dalia,core,CONTRADICTS,placeholder,placeholder,0
ppg_dalia,core,ASSESSED_AS,subject,subject,0
ppg_dalia,core,ASSESSED_AS,subject,sensor,0
ppg_dalia,core,ASSESSED_AS,subject,observation,0
ppg_dalia,core,ASSESSED_AS,subject,feature,0
ppg_dalia,core,ASSESSED_AS,subject,claim,0
ppg_dalia,core,ASSESSED_AS,subject,explanation,0
ppg_dalia,core,ASSESSED_AS,subject,review,0
ppg_dalia,core,ASSESSED_AS,subject,assessment,0
ppg_dalia,core,ASSESSED_AS,subject,placeholder,0
ppg_dalia,core,ASSESSED_AS,sensor,subject,0
ppg_dalia,core,ASSESSED_AS,sensor,sensor,0
ppg_dalia,core,ASSESSED_AS,sensor,observation,0
ppg_dalia,core,ASSESSED_AS,sensor,feature,0
ppg_dalia,core,ASSESSED_AS,sensor,claim,0
ppg_dalia,core,ASSESSED_AS,sensor,explanation,0
ppg_dalia,core,ASSESSED_AS,sensor,review,0
ppg_dalia,core,ASSESSED_AS,sensor,assessment,0
ppg_dalia,core,ASSESSED_AS,sensor,placeholder,0
ppg_dalia,core,ASSESSED_AS,observation,subject,0
ppg_dalia,core,ASSESSED_AS,observation,sensor,0
ppg_dalia,core,ASSESSED_AS,observation,observation,0
ppg_dalia,core,ASSESSED_AS,observation,feature,0
ppg_dalia,core,ASSESSED_AS,observation,claim,0
ppg_dalia,core,ASSESSED_AS,observation,explanation,0
ppg_dalia,core,ASSESSED_AS,observation,review,0
ppg_dalia,core,ASSESSED_AS,observation,assessment,0
ppg_dalia,core,ASSESSED_AS,observation,placeholder,0
ppg_dalia,core,ASSESSED_AS,feature,subject,0
ppg_dalia,core,ASSESSED_AS,feature,sensor,0
ppg_dalia,core,ASSESSED_AS,feature,observation,0
ppg_dalia,core,ASSESSED_AS,feature,feature,0
ppg_dalia,core,ASSESSED_AS,feature,claim,0
ppg_dalia,core,ASSESSED_AS,feature,explanation,0
ppg_dalia,core,ASSESSED_AS,feature,review,0
ppg_dalia,core,ASSESSED_AS,feature,assessment,0
ppg_dalia,core,ASSESSED_AS,feature,placeholder,0
ppg_dalia,core,ASSESSED_AS,claim,subject,0
ppg_dalia,core,ASSESSED_AS,claim,sensor,0
ppg_dalia,core,ASSESSED_AS,claim,observation,0
ppg_dalia,core,ASSESSED_AS,claim,feature,0
ppg_dalia,core,ASSESSED_AS,claim,claim,0
ppg_dalia,core,ASSESSED_AS,claim,explanation,0
ppg_dalia,core,ASSESSED_AS,claim,review,0
ppg_dalia,core,ASSESSED_AS,claim,assessment,0
ppg_dalia,core,ASSESSED_AS,claim,placeholder,0
ppg_dalia,core,ASSESSED_AS,explanation,subject,0
ppg_dalia,core,ASSESSED_AS,explanation,sensor,0
ppg_dalia,core,ASSESSED_AS,explanation,observation,0
ppg_dalia,core,ASSESSED_AS,explanation,feature,0
ppg_dalia,core,ASSESSED_AS,explanation,claim,0
ppg_dalia,core,ASSESSED_AS,explanation,explanation,0
ppg_dalia,core,ASSESSED_AS,explanation,review,0
ppg_dalia,core,ASSESSED_AS,explanation,assessment,0
ppg_dalia,core,ASSESSED_AS,explanation,placeholder,0
ppg_dalia,core,ASSESSED_AS,review,subject,0
ppg_dalia,core,ASSESSED_AS,review,sensor,0
ppg_dalia,core,ASSESSED_AS,review,observation,0
ppg_dalia,core,ASSESSED_AS,review,feature,0
ppg_dalia,core,ASSESSED_AS,review,claim,0
ppg_dalia,core,ASSESSED_AS,review,explanation,0
ppg_dalia,core,ASSESSED_AS,review,review,0
ppg_dalia,core,ASSESSED_AS,review,assessment,0
ppg_dalia,core,ASSESSED_AS,review,placeholder,0
ppg_dalia,core,ASSESSED_AS,assessment,subject,0
ppg_dalia,core,ASSESSED_AS,assessment,sensor,0
ppg_dalia,core,ASSESSED_AS,assessment,observation,0
ppg_dalia,core,ASSESSED_AS,assessment,feature,0
ppg_dalia,core,ASSESSED_AS,assessment,claim,0
ppg_dalia,core,ASSESSED_AS,assessment,explanation,0
ppg_dalia,core,ASSESSED_AS,assessment,review,0
ppg_dalia,core,ASSESSED_AS,assessment,assessment,0
ppg_dalia,core,ASSESSED_AS,assessment,placeholder,0
ppg_dalia,core,ASSESSED_AS,placeholder,subject,0
ppg_dalia,core,ASSESSED_AS,placeholder,sensor,0
ppg_dalia,core,ASSESSED_AS,placeholder,observation,0
ppg_dalia,core,ASSESSED_AS,placeholder,feature,0
ppg_dalia,core,ASSESSED_AS,placeholder,claim,0
ppg_dalia,core,ASSESSED_AS,placeholder,explanation,0
ppg_dalia,core,ASSESSED_AS,placeholder,review,0
ppg_dalia,core,ASSESSED_AS,placeholder,assessment,0
ppg_dalia,core,ASSESSED_AS,placeholder,placeholder,0
ppg_dalia,core,CURRENT_CITATION_PATH,subject,subject,0
ppg_dalia,core,CURRENT_CITATION_PATH,subject,sensor,0
ppg_dalia,core,CURRENT_CITATION_PATH,subject,observation,0
ppg_dalia,core,CURRENT_CITATION_PATH,subject,feature,0
ppg_dalia,core,CURRENT_CITATION_PATH,subject,claim,0
ppg_dalia,core,CURRENT_CITATION_PATH,subject,explanation,0
ppg_dalia,core,CURRENT_CITATION_PATH,subject,review,0
ppg_dalia,core,CURRENT_CITATION_PATH,subject,assessment,0
ppg_dalia,core,CURRENT_CITATION_PATH,subject,placeholder,0
ppg_dalia,core,CURRENT_CITATION_PATH,sensor,subject,0
ppg_dalia,core,CURRENT_CITATION_PATH,sensor,sensor,0
ppg_dalia,core,CURRENT_CITATION_PATH,sensor,observation,0
ppg_dalia,core,CURRENT_CITATION_PATH,sensor,feature,0
ppg_dalia,core,CURRENT_CITATION_PATH,sensor,claim,0
ppg_dalia,core,CURRENT_CITATION_PATH,sensor,explanation,0
ppg_dalia,core,CURRENT_CITATION_PATH,sensor,review,0
ppg_dalia,core,CURRENT_CITATION_PATH,sensor,assessment,0
ppg_dalia,core,CURRENT_CITATION_PATH,sensor,placeholder,0
ppg_dalia,core,CURRENT_CITATION_PATH,observation,subject,0
ppg_dalia,core,CURRENT_CITATION_PATH,observation,sensor,0
ppg_dalia,core,CURRENT_CITATION_PATH,observation,observation,0
ppg_dalia,core,CURRENT_CITATION_PATH,observation,feature,0
ppg_dalia,core,CURRENT_CITATION_PATH,observation,claim,0
ppg_dalia,core,CURRENT_CITATION_PATH,observation,explanation,0
ppg_dalia,core,CURRENT_CITATION_PATH,observation,review,0
ppg_dalia,core,CURRENT_CITATION_PATH,observation,assessment,0
ppg_dalia,core,CURRENT_CITATION_PATH,observation,placeholder,0
ppg_dalia,core,CURRENT_CITATION_PATH,feature,subject,0
ppg_dalia,core,CURRENT_CITATION_PATH,feature,sensor,0
ppg_dalia,core,CURRENT_CITATION_PATH,feature,observation,0
ppg_dalia,core,CURRENT_CITATION_PATH,feature,feature,0
ppg_dalia,core,CURRENT_CITATION_PATH,feature,claim,0
ppg_dalia,core,CURRENT_CITATION_PATH,feature,explanation,0
ppg_dalia,core,CURRENT_CITATION_PATH,feature,review,0
ppg_dalia,core,CURRENT_CITATION_PATH,feature,assessment,0
ppg_dalia,core,CURRENT_CITATION_PATH,feature,placeholder,0
ppg_dalia,core,CURRENT_CITATION_PATH,claim,subject,0
ppg_dalia,core,CURRENT_CITATION_PATH,claim,sensor,0
ppg_dalia,core,CURRENT_CITATION_PATH,claim,observation,0
ppg_dalia,core,CURRENT_CITATION_PATH,claim,feature,0
ppg_dalia,core,CURRENT_CITATION_PATH,claim,claim,0
ppg_dalia,core,CURRENT_CITATION_PATH,claim,explanation,0
ppg_dalia,core,CURRENT_CITATION_PATH,claim,review,0
ppg_dalia,core,CURRENT_CITATION_PATH,claim,assessment,0
ppg_dalia,core,CURRENT_CITATION_PATH,claim,placeholder,0
ppg_dalia,core,CURRENT_CITATION_PATH,explanation,subject,0
ppg_dalia,core,CURRENT_CITATION_PATH,explanation,sensor,0
ppg_dalia,core,CURRENT_CITATION_PATH,explanation,observation,0
ppg_dalia,core,CURRENT_CITATION_PATH,explanation,feature,0
ppg_dalia,core,CURRENT_CITATION_PATH,explanation,claim,0
ppg_dalia,core,CURRENT_CITATION_PATH,explanation,explanation,0
ppg_dalia,core,CURRENT_CITATION_PATH,explanation,review,0
ppg_dalia,core,CURRENT_CITATION_PATH,explanation,assessment,0
ppg_dalia,core,CURRENT_CITATION_PATH,explanation,placeholder,0
ppg_dalia,core,CURRENT_CITATION_PATH,review,subject,0
ppg_dalia,core,CURRENT_CITATION_PATH,review,sensor,0
ppg_dalia,core,CURRENT_CITATION_PATH,review,observation,0
ppg_dalia,core,CURRENT_CITATION_PATH,review,feature,0
ppg_dalia,core,CURRENT_CITATION_PATH,review,claim,0
ppg_dalia,core,CURRENT_CITATION_PATH,review,explanation,0
ppg_dalia,core,CURRENT_CITATION_PATH,review,review,0
ppg_dalia,core,CURRENT_CITATION_PATH,review,assessment,0
ppg_dalia,core,CURRENT_CITATION_PATH,review,placeholder,0
ppg_dalia,core,CURRENT_CITATION_PATH,assessment,subject,0
ppg_dalia,core,CURRENT_CITATION_PATH,assessment,sensor,0
ppg_dalia,core,CURRENT_CITATION_PATH,assessment,observation,0
ppg_dalia,core,CURRENT_CITATION_PATH,assessment,feature,0
ppg_dalia,core,CURRENT_CITATION_PATH,assessment,claim,0
ppg_dalia,core,CURRENT_CITATION_PATH,assessment,explanation,0
ppg_dalia,core,CURRENT_CITATION_PATH,assessment,review,0
ppg_dalia,core,CURRENT_CITATION_PATH,assessment,assessment,0
ppg_dalia,core,CURRENT_CITATION_PATH,assessment,placeholder,0
ppg_dalia,core,CURRENT_CITATION_PATH,placeholder,subject,0
ppg_dalia,core,CURRENT_CITATION_PATH,placeholder,sensor,0
ppg_dalia,core,CURRENT_CITATION_PATH,placeholder,observation,0
ppg_dalia,core,CURRENT_CITATION_PATH,placeholder,feature,0
ppg_dalia,core,CURRENT_CITATION_PATH,placeholder,claim,0
ppg_dalia,core,CURRENT_CITATION_PATH,placeholder,explanation,0
ppg_dalia,core,CURRENT_CITATION_PATH,placeholder,review,0
ppg_dalia,core,CURRENT_CITATION_PATH,placeholder,assessment,0
ppg_dalia,core,CURRENT_CITATION_PATH,placeholder,placeholder,0
