origin,retention,N,method,device,conditioning_setup_seconds,sampling_seconds,residual_gather_seconds,fine_seconds,device_seconds,transfer_seconds,event_seconds,total_seconds,enclosure_seconds,compaction_seconds
31409,0.0,256,fine_mc,cuda,0.006243713200092316,0.048369139432907104,0.001418350264430046,0.0019373223185539246,0.0018990399837493896,0.004576241597533226,0.00042683444917201996,0.06373907439410686,,
31409,0.0,256,empirical_selective,cuda,0.006243713200092316,0.048369139432907104,0.001418350264430046,0.0012653917074203491,,0.0056461915373802185,,0.07282317616045475,0.00573590025305748,0.0029636435210704803
31409,0.0,256,certified_fallback,cuda,0.006243713200092316,0.048369139432907104,0.001418350264430046,0.0011273063719272614,,0.005101148039102554,,0.06896026991307735,0.00573590025305748,0.0
31409,0.0,256,fine_mc,cpu,0.004203639924526215,0.04387090913951397,0.0024284571409225464,0.01913747377693653,0.0,0.0,0.0004901345819234848,0.07054117508232594,,
31409,0.0,1024,fine_mc,cuda,0.004172807559370995,0.19219775311648846,0.003651905804872513,0.00231078639626503,0.002277152061462402,0.01008349098265171,0.0014517176896333694,0.21450158208608627,,
31409,0.0,1024,empirical_selective,cuda,0.004172807559370995,0.19219775311648846,0.003651905804872513,0.002324337139725685,,0.012289740145206451,,0.24509362503886223,0.022382106631994247,0.005857592448592186
31409,0.0,1024,certified_fallback,cuda,0.004172807559370995,0.19219775311648846,0.003651905804872513,0.002296987920999527,,0.005563447251915932,,0.2323729768395424,0.022382106631994247,0.0
31409,0.0,1024,fine_mc,cpu,0.004343949258327484,0.1819414123892784,0.002912161871790886,0.044862763956189156,0.0,0.0,0.0013424884527921677,0.2358441799879074,,
31409,0.15,256,fine_mc,cuda,0.005632340908050537,0.026207633316516876,0.0013131126761436462,0.0010165665298700333,0.0009784640073776244,0.001752309501171112,0.00045081228017807007,0.036942729726433754,,
31409,0.15,256,empirical_selective,cuda,0.005632340908050537,0.026207633316516876,0.0013131126761436462,0.0010511688888072968,,0.001607641577720642,,0.04329136945307255,0.005681026726961136,0.0007818657904863358
31409,0.15,256,certified_fallback,cuda,0.005632340908050537,0.026207633316516876,0.0013131126761436462,0.0009800363332033157,,0.0018796548247337341,,0.04254737310111523,0.005681026726961136,0.0
31409,0.15,256,fine_mc,cpu,0.005240956321358681,0.03630393370985985,0.0016021225601434708,0.01422823779284954,0.0,0.0,0.0003928039222955704,0.05811381712555885,,
31409,0.15,1024,fine_mc,cuda,0.004684442654252052,0.19643283262848854,0.0037012454122304916,0.0022882651537656784,0.0022536959648132323,0.00945291668176651,0.0014991629868745804,0.21866069920361042,,
31409,0.15,1024,empirical_selective,cuda,0.004684442654252052,0.19643283262848854,0.0037012454122304916,0.0023526065051555634,,0.009590504691004753,,0.24697887897491455,0.024396702647209167,0.0034583453088998795
31409,0.15,1024,certified_fallback,cuda,0.004684442654252052,0.19643283262848854,0.0037012454122304916,0.00228896364569664,,0.0056637730449438095,,0.2393177580088377,0.024396702647209167,0.0
31409,0.15,1024,fine_mc,cpu,0.005060933530330658,0.19542725756764412,0.0028004609048366547,0.04209984466433525,0.0,0.0,0.001442350447177887,0.2472509928047657,,
31409,1.0,256,fine_mc,cuda,0.006528323516249657,0.03795885480940342,0.0008525550365447998,0.0012355688959360123,0.001195296049118042,0.0018615033477544785,0.0004774145781993866,0.04950267635285854,,
31409,1.0,256,empirical_selective,cuda,0.006528323516249657,0.03795885480940342,0.0008525550365447998,0.0012204479426145554,,0.005253572016954422,,0.0592108853161335,0.005274299532175064,0.001178208738565445
31409,1.0,256,certified_fallback,cuda,0.006528323516249657,0.03795885480940342,0.0008525550365447998,0.0010439865291118622,,0.00508977472782135,,0.05757644400000572,0.005274299532175064,0.0
31409,1.0,256,fine_mc,cpu,0.005764611065387726,0.06025107204914093,0.0006296057254076004,0.007438411936163902,0.0,0.0,0.00031807273626327515,0.07473613508045673,,
31409,1.0,1024,fine_mc,cuda,0.005851302295923233,0.2781992871314287,0.0027903690934181213,0.002296857535839081,0.002262176036834717,0.005647197365760803,0.001492111012339592,0.29683216474950314,,
31409,1.0,1024,empirical_selective,cuda,0.005851302295923233,0.2781992871314287,0.0027903690934181213,0.002295408397912979,,0.005588758736848831,,0.32061486318707466,0.020720094442367554,0.0031116120517253876
31409,1.0,1024,certified_fallback,cuda,0.005851302295923233,0.2781992871314287,0.0027903690934181213,0.002305915579199791,,0.010052889585494995,,0.32222153432667255,0.020720094442367554,0.0
31409,1.0,1024,fine_mc,cpu,0.005978461354970932,0.24932314455509186,0.0025708992034196854,0.028229888528585434,0.0,0.0,0.0013477802276611328,0.28789956867694855,,
31490,0.0,256,fine_mc,cuda,0.004650061950087547,0.024282049387693405,0.0014411695301532745,0.0012615285813808441,0.001210271954536438,0.0018398817628622055,0.0004934519529342651,0.034625085070729256,,
31490,0.0,256,empirical_selective,cuda,0.004650061950087547,0.024282049387693405,0.0014411695301532745,0.0009692665189504623,,0.0015723500400781631,,0.04014962166547775,0.005536478012800217,0.0007769856601953506
31490,0.0,256,certified_fallback,cuda,0.004650061950087547,0.024282049387693405,0.0014411695301532745,0.0009154882282018661,,0.005237806588411331,,0.042906900867819786,0.005536478012800217,0.0
31490,0.0,256,fine_mc,cpu,0.004249280318617821,0.02899218164384365,0.0009119845926761627,0.01127578690648079,0.0,0.0,0.00038273073732852936,0.04948241263628006,,
31490,0.0,1024,fine_mc,cuda,0.005418797954916954,0.10310782119631767,0.0027767401188611984,0.0022825952619314194,0.0022519679069519043,0.009488794952630997,0.0015119388699531555,0.12519480474293232,,
31490,0.0,1024,empirical_selective,cuda,0.005418797954916954,0.10310782119631767,0.0027767401188611984,0.002293156459927559,,0.00989467091858387,,0.14943036809563637,0.02036241441965103,0.0034334342926740646
31490,0.0,1024,certified_fallback,cuda,0.005418797954916954,0.10310782119631767,0.0027767401188611984,0.0022863559424877167,,0.005677441135048866,,0.1417991053313017,0.02036241441965103,0.0
31490,0.0,1024,fine_mc,cpu,0.0043670907616615295,0.11311811208724976,0.002742478623986244,0.03659888543188572,0.0,0.0,0.001961043104529381,0.1592719443142414,,
31490,0.15,256,fine_mc,cuda,0.00568930059671402,0.04615192301571369,0.0011485777795314789,0.001027904450893402,0.0009919040203094482,0.0013932697474956512,0.0004575829952955246,0.05646461620926857,,
31490,0.15,256,empirical_selective,cuda,0.00568930059671402,0.04615192301571369,0.0011485777795314789,0.0009795986115932465,,0.0012277178466320038,,0.06796362064778805,0.005265388637781143,0.0007988270372152328
31490,0.15,256,certified_fallback,cuda,0.00568930059671402,0.04615192301571369,0.0011485777795314789,0.0009049475193023682,,0.0013539493083953857,,0.06139150448143482,0.005265388637781143,0.0
31490,0.15,256,fine_mc,cpu,0.004855204373598099,0.024743234738707542,0.0008057169616222382,0.006892098113894463,0.0,0.0,0.00031464360654354095,0.03792503848671913,,
31490,0.15,1024,fine_mc,cuda,0.0062973517924547195,0.12491269409656525,0.0025564897805452347,0.002275243401527405,0.002245824098587036,0.004124600440263748,0.0015268586575984955,0.14237342588603497,,
31490,0.15,1024,empirical_selective,cuda,0.0062973517924547195,0.12491269409656525,0.0025564897805452347,0.00230402871966362,,0.005674688145518303,,0.17275366559624672,0.02572038769721985,0.0031074807047843933
31490,0.15,1024,certified_fallback,cuda,0.0062973517924547195,0.12491269409656525,0.0025564897805452347,0.0023028869181871414,,0.005628768354654312,,0.16950887441635132,0.02572038769721985,0.0
31490,0.15,1024,fine_mc,cpu,0.004941703751683235,0.18003842048346996,0.002816108986735344,0.03202015534043312,0.0,0.0,0.0013892799615859985,0.22168389335274696,,
31490,1.0,256,fine_mc,cuda,0.007139978930354118,0.0012238994240760803,0.0006856638938188553,0.000933205708861351,0.000900991976261139,0.0024414677172899246,0.0004792138934135437,0.013517854735255241,,
31490,1.0,256,empirical_selective,cuda,0.007139978930354118,0.0012238994240760803,0.0006856638938188553,0.0009840857237577438,,0.0015801414847373962,,0.01840537041425705,0.005002817139029503,0.0007644630968570709
31490,1.0,256,certified_fallback,cuda,0.007139978930354118,0.0012238994240760803,0.0006856638938188553,0.0009212959557771683,,0.001530589535832405,,0.017455875873565674,0.005002817139029503,0.0
31490,1.0,256,fine_mc,cpu,0.0059470199048519135,0.00045502185821533203,0.0006005335599184036,0.006929898634552956,0.0,0.0,0.00033470429480075836,0.014683501794934273,,
31490,1.0,1024,fine_mc,cuda,0.0059651825577020645,0.0018182918429374695,0.002503536641597748,0.0023184362798929214,0.002284127950668335,0.008159376680850983,0.002096584066748619,0.023604825139045715,,
31490,1.0,1024,empirical_selective,cuda,0.0059651825577020645,0.0018182918429374695,0.002503536641597748,0.0023491960018873215,,0.005616659298539162,,0.047381842508912086,0.02394852787256241,0.0027661696076393127
31490,1.0,1024,certified_fallback,cuda,0.0059651825577020645,0.0018182918429374695,0.002503536641597748,0.0023200828582048416,,0.005708029493689537,,0.044917384162545204,0.02394852787256241,0.0
31490,1.0,1024,fine_mc,cpu,0.006320351734757423,0.0016870852559804916,0.0028572995215654373,0.030600184574723244,0.0,0.0,0.0013856906443834305,0.043474363163113594,,
31571,0.0,256,fine_mc,cuda,0.005622578784823418,0.023045701906085014,0.0013561807572841644,0.0010377466678619385,0.0009926720261573792,0.0017034318298101425,0.00045281462371349335,0.03387933783233166,,
31571,0.0,256,empirical_selective,cuda,0.005622578784823418,0.023045701906085014,0.0013561807572841644,0.0009742286056280136,,0.001596260815858841,,0.03967789560556412,0.005295904353260994,0.0007351171225309372
31571,0.0,256,certified_fallback,cuda,0.005622578784823418,0.023045701906085014,0.0013561807572841644,0.0009031482040882111,,0.001749243587255478,,0.03889731131494045,0.005295904353260994,0.0
31571,0.0,256,fine_mc,cpu,0.004444541409611702,0.027704894542694092,0.0007084459066390991,0.012466497719287872,0.0,0.0,0.000331362709403038,0.0460931658744812,,
31571,0.0,1024,fine_mc,cuda,0.004269380122423172,0.1151815876364708,0.0026764702051877975,0.002300696447491646,0.0022664639949798583,0.009838828817009926,0.001510830596089363,0.13664397597312927,,
31571,0.0,1024,empirical_selective,cuda,0.004269380122423172,0.1151815876364708,0.0026764702051877975,0.0023085754364728928,,0.010226963087916374,,0.16218031384050846,0.022253435105085373,0.003041403368115425
31571,0.0,1024,certified_fallback,cuda,0.004269380122423172,0.1151815876364708,0.0026764702051877975,0.00229499489068985,,0.005585290491580963,,0.15446999855339527,0.022253435105085373,0.0
31571,0.0,1024,fine_mc,cpu,0.004398340359330177,0.17555165849626064,0.0031683631241321564,0.0426433477550745,0.0,0.0,0.0015807319432497025,0.22800160385668278,,
31571,0.15,256,fine_mc,cuda,0.006518436595797539,0.02800060622394085,0.0020234640687704086,0.0011903587728738785,0.001139423966407776,0.0019022263586521149,0.0004651043564081192,0.04094220884144306,,
31571,0.15,256,empirical_selective,cuda,0.006518436595797539,0.02800060622394085,0.0020234640687704086,0.0011042580008506775,,0.0016680844128131866,,0.04706590063869953,0.0056857094168663025,0.0009417757391929626
31571,0.15,256,certified_fallback,cuda,0.006518436595797539,0.02800060622394085,0.0020234640687704086,0.0009707659482955933,,0.0017963405698537827,,0.046000197529792786,0.0056857094168663025,0.0
31571,0.15,256,fine_mc,cpu,0.005277495831251144,0.03060397319495678,0.0009552482515573502,0.007161209359765053,0.0,0.0,0.0003357119858264923,0.044767044484615326,,
31571,0.15,1024,fine_mc,cuda,0.004874616861343384,0.19657556526362896,0.002524787560105324,0.002291327342391014,0.0022602560520172117,0.009690027683973312,0.00147257000207901,0.21815357729792595,,
31571,0.15,1024,empirical_selective,cuda,0.004874616861343384,0.19657556526362896,0.002524787560105324,0.0022929850965738297,,0.010266521945595741,,0.2437886968255043,0.02130739763379097,0.003677835687994957
31571,0.15,1024,certified_fallback,cuda,0.004874616861343384,0.19657556526362896,0.002524787560105324,0.0022910479456186295,,0.0055464692413806915,,0.23549745604395866,0.02130739763379097,0.0
31571,0.15,1024,fine_mc,cpu,0.0052872877568006516,0.18624442256987095,0.0027605313807725906,0.04098817706108093,0.0,0.0,0.0018260814249515533,0.23768135160207748,,
31571,1.0,256,fine_mc,cuda,0.007068458944559097,0.0006841644644737244,0.0009051840752363205,0.0009006056934595108,0.0008676159977912903,0.004504172131419182,0.00040030479431152344,0.015024993568658829,,
31571,1.0,256,empirical_selective,cuda,0.007068458944559097,0.0006841644644737244,0.0009051840752363205,0.0010545048862695694,,0.004779456183314323,,0.024133849889039993,0.006422344595193863,0.002172384411096573
31571,1.0,256,certified_fallback,cuda,0.007068458944559097,0.0006841644644737244,0.0009051840752363205,0.000967876985669136,,0.004503192380070686,,0.021481817588210106,0.006422344595193863,0.0
31571,1.0,256,fine_mc,cpu,0.00604243203997612,0.000379905104637146,0.0005840826779603958,0.011375246569514275,0.0,0.0,0.00036407262086868286,0.0192105732858181,,
31571,1.0,1024,fine_mc,cuda,0.006064923480153084,0.0019388552755117416,0.002803811803460121,0.002296188846230507,0.0022582080364227297,0.009764697402715683,0.0014438871294260025,0.025058256462216377,,
31571,1.0,1024,empirical_selective,cuda,0.006064923480153084,0.0019388552755117416,0.002803811803460121,0.0022930242121219635,,0.005579181015491486,,0.045334549620747566,0.021473050117492676,0.0030073709785938263
31571,1.0,1024,certified_fallback,cuda,0.006064923480153084,0.0019388552755117416,0.002803811803460121,0.0023047365248203278,,0.008571619167923927,,0.04533647932112217,0.021473050117492676,0.0
31571,1.0,1024,fine_mc,cpu,0.006057640537619591,0.001459432765841484,0.0033358167856931686,0.03328899294137955,0.0,0.0,0.0017125513404607773,0.04638826288282871,,
31652,0.0,256,fine_mc,cuda,0.004560759291052818,0.02652902714908123,0.001851014792919159,0.0010836068540811539,0.0010427520275115966,0.004607252776622772,0.0004454050213098526,0.039682457223534584,,
31652,0.0,256,empirical_selective,cuda,0.004560759291052818,0.02652902714908123,0.001851014792919159,0.000982595607638359,,0.004460902884602547,,0.045555587857961655,0.005426177754998207,0.0007840972393751144
31652,0.0,256,certified_fallback,cuda,0.004560759291052818,0.02652902714908123,0.001851014792919159,0.0009513963013887405,,0.005069868639111519,,0.045275039970874786,0.005426177754998207,0.0
31652,0.0,256,fine_mc,cpu,0.00505947507917881,0.027326902374625206,0.0007629562169313431,0.013136452063918114,0.0,0.0,0.00036315061151981354,0.04699565842747688,,
31652,0.0,1024,fine_mc,cuda,0.004472790285944939,0.11222402565181255,0.0025454051792621613,0.0022917669266462326,0.0022589759826660157,0.010157821699976921,0.0015186909586191177,0.1338121648877859,,
31652,0.0,1024,empirical_selective,cuda,0.004472790285944939,0.11222402565181255,0.0025454051792621613,0.0022921469062566757,,0.00970814935863018,,0.15702804550528526,0.020764052867889404,0.0029406696557998657
31652,0.0,1024,certified_fallback,cuda,0.004472790285944939,0.11222402565181255,0.0025454051792621613,0.002296755090355873,,0.005553239956498146,,0.14988364838063717,0.020764052867889404,0.0
31652,0.0,1024,fine_mc,cpu,0.004426531493663788,0.12493910454213619,0.004019727930426598,0.03532521426677704,0.0,0.0,0.0014328714460134506,0.17054131999611855,,
31652,0.15,256,fine_mc,cuda,0.005087526515126228,0.031220247969031334,0.001354580745100975,0.0010980069637298584,0.001059551954269409,0.001722540706396103,0.0004334133118391037,0.04194898530840874,,
31652,0.15,256,empirical_selective,cuda,0.005087526515126228,0.031220247969031334,0.001354580745100975,0.0010561775416135788,,0.0015856418758630753,,0.04742381349205971,0.005375875160098076,0.0007853154093027115
31652,0.15,256,certified_fallback,cuda,0.005087526515126228,0.031220247969031334,0.001354580745100975,0.0009206961840391159,,0.0018263347446918488,,0.046619364991784096,0.005375875160098076,0.0
31652,0.15,256,fine_mc,cpu,0.004917144775390625,0.03144268877804279,0.0007245969027280807,0.011805661022663116,0.0,0.0,0.0003525931388139725,0.04959327355027199,,
31652,0.15,1024,fine_mc,cuda,0.004884595051407814,0.12464653141796589,0.0033391229808330536,0.0022917967289686203,0.0022594239711761473,0.005606768652796745,0.0014893077313899994,0.14288721978664398,,
31652,0.15,1024,empirical_selective,cuda,0.004884595051407814,0.12464653141796589,0.0033391229808330536,0.002301236614584923,,0.011118195950984955,,0.17641087248921394,0.022368377074599266,0.005667610093951225
31652,0.15,1024,certified_fallback,cuda,0.004884595051407814,0.12464653141796589,0.0033391229808330536,0.002276955172419548,,0.005662610754370689,,0.16520553641021252,0.022368377074599266,0.0
31652,0.15,1024,fine_mc,cpu,0.005244169384241104,0.1907454151660204,0.002618689090013504,0.038670869544148445,0.0,0.0,0.001383669674396515,0.23909366130828857,,
31652,1.0,256,fine_mc,cuda,0.006186544895172119,0.0006329342722892761,0.0014763809740543365,0.0009870156645774841,0.0009555519819259644,0.0016330797225236893,0.0004269033670425415,0.011792212724685669,,
31652,1.0,256,empirical_selective,cuda,0.006186544895172119,0.0006329342722892761,0.0014763809740543365,0.0011535286903381348,,0.0016003511846065521,,0.01795823685824871,0.005259647965431213,0.0007355660200119019
31652,1.0,256,certified_fallback,cuda,0.006186544895172119,0.0006329342722892761,0.0014763809740543365,0.0009550359100103378,,0.0016703847795724869,,0.017009520903229713,0.005259647965431213,0.0
31652,1.0,256,fine_mc,cpu,0.007463840767741203,0.000508476048707962,0.000665564090013504,0.00705740787088871,0.0,0.0,0.0003215596079826355,0.016322733834385872,,
31652,1.0,1024,fine_mc,cuda,0.006560485810041428,0.001827610656619072,0.0025917552411556244,0.0022829845547676086,0.002251840114593506,0.005614250898361206,0.0015975907444953918,0.0210624597966671,,
31652,1.0,1024,empirical_selective,cuda,0.006560485810041428,0.001827610656619072,0.0025917552411556244,0.0022911354899406433,,0.010262899100780487,,0.051906876266002655,0.02322470396757126,0.003092002123594284
31652,1.0,1024,certified_fallback,cuda,0.006560485810041428,0.001827610656619072,0.0025917552411556244,0.0022871550172567368,,0.005626998841762543,,0.044142743572592735,0.02322470396757126,0.0
31652,1.0,1024,fine_mc,cpu,0.006157200783491135,0.0012690983712673187,0.003153342753648758,0.035892512649297714,0.0,0.0,0.001415027305483818,0.048261797055602074,,
31733,0.0,256,fine_mc,cuda,0.004245489835739136,0.027068709954619408,0.00077003613114357,0.0010197851806879044,0.0009835839867591858,0.0016572624444961548,0.0004450734704732895,0.035746749490499496,,
31733,0.0,256,empirical_selective,cuda,0.004245489835739136,0.027068709954619408,0.00077003613114357,0.000982208177447319,,0.001591140404343605,,0.04134055972099304,0.004950225353240967,0.00077083520591259
31733,0.0,256,certified_fallback,cuda,0.004245489835739136,0.027068709954619408,0.00077003613114357,0.0008931681513786316,,0.0016819052398204803,,0.040408551692962646,0.004950225353240967,0.0
31733,0.0,256,fine_mc,cpu,0.004507901147007942,0.027501381933689117,0.000707944855093956,0.01175021193921566,0.0,0.0,0.0003272742033004761,0.04514675587415695,,
31733,0.0,1024,fine_mc,cuda,0.004383493214845657,0.1131269596517086,0.0030513815581798553,0.002306876704096794,0.0022752320766448973,0.005554907023906708,0.0014557112008333206,0.13047888316214085,,
31733,0.0,1024,empirical_selective,cuda,0.004383493214845657,0.1131269596517086,0.0030513815581798553,0.002286706119775772,,0.009702660143375397,,0.15907346084713936,0.021572573110461235,0.002833900973200798
31733,0.0,1024,certified_fallback,cuda,0.004383493214845657,0.1131269596517086,0.0030513815581798553,0.002280808985233307,,0.0055579692125320435,,0.15198750235140324,0.021572573110461235,0.0
31733,0.0,1024,fine_mc,cpu,0.004179459065198898,0.17677193693816662,0.003144923597574234,0.03285124897956848,0.0,0.0,0.0013599712401628494,0.2187015786767006,,
31733,0.15,256,fine_mc,cuda,0.00503123551607132,0.026313595473766327,0.0013012327253818512,0.0010080058127641678,0.0009720960259437561,0.0017015524208545685,0.00046405382454395294,0.0363907627761364,,
31733,0.15,256,empirical_selective,cuda,0.00503123551607132,0.026313595473766327,0.0013012327253818512,0.0009466074407100677,,0.0015600528568029404,,0.04202783666551113,0.005233569070696831,0.0007100161164999008
31733,0.15,256,certified_fallback,cuda,0.00503123551607132,0.026313595473766327,0.0013012327253818512,0.0009397957473993301,,0.0018557403236627579,,0.04150880314409733,0.005233569070696831,0.0
31733,0.15,256,fine_mc,cpu,0.004906585440039635,0.031075507402420044,0.0007009971886873245,0.011893903836607933,0.0,0.0,0.00033342093229293823,0.04925726540386677,,
31733,0.15,1024,fine_mc,cuda,0.004694024100899696,0.12671742774546146,0.0034526120871305466,0.002283915877342224,0.0022523839473724367,0.004486009478569031,0.0014877710491418839,0.1437005065381527,,
31733,0.15,1024,empirical_selective,cuda,0.004694024100899696,0.12671742774546146,0.0034526120871305466,0.0022873561829328537,,0.009513802826404572,,0.17240880616009235,0.02092592418193817,0.002799171954393387
31733,0.15,1024,certified_fallback,cuda,0.004694024100899696,0.12671742774546146,0.0034526120871305466,0.0022772829979658127,,0.005523679777979851,,0.16560688614845276,0.02092592418193817,0.0
31733,0.15,1024,fine_mc,cpu,0.005254974588751793,0.18568271026015282,0.0027211587876081467,0.036940181627869606,0.0,0.0,0.0013969521969556808,0.23240117356181145,,
31733,1.0,256,fine_mc,cuda,0.007118627429008484,0.0016980934888124466,0.0010516885668039322,0.0009459443390369415,0.0009135680198669434,0.001844191923737526,0.0004877503961324692,0.013699034228920937,,
31733,1.0,256,empirical_selective,cuda,0.007118627429008484,0.0016980934888124466,0.0010516885668039322,0.001019008457660675,,0.0016567502170801163,,0.019603915512561798,0.00522981584072113,0.0007806960493326187
31733,1.0,256,certified_fallback,cuda,0.007118627429008484,0.0016980934888124466,0.0010516885668039322,0.0009481031447649002,,0.0016961339861154556,,0.018599139526486397,0.00522981584072113,0.0
31733,1.0,256,fine_mc,cpu,0.005985751748085022,0.0003844015300273895,0.0006390232592821121,0.008296018466353416,0.0,0.0,0.00032588280737400055,0.015944262966513634,,
31733,1.0,1024,fine_mc,cuda,0.0060430001467466354,0.0018188245594501495,0.0025186557322740555,0.0022785868495702744,0.0022479679584503174,0.009229674935340881,0.0014540888369083405,0.023954207077622414,,
31733,1.0,1024,empirical_selective,cuda,0.0060430001467466354,0.0018188245594501495,0.0025186557322740555,0.002285236492753029,,0.004014680162072182,,0.0482205655425787,0.026425305753946304,0.0030031297355890274
31733,1.0,1024,certified_fallback,cuda,0.0060430001467466354,0.0018188245594501495,0.0025186557322740555,0.0022873077541589737,,0.0039749592542648315,,0.04568695276975632,0.026425305753946304,0.0
31733,1.0,1024,fine_mc,cpu,0.007729431614279747,0.001495232805609703,0.004104170948266983,0.047049619257450104,0.0,0.0,0.0013554077595472336,0.062124134972691536,,
31815,0.0,256,fine_mc,cuda,0.004336167126893997,0.024408722296357155,0.0012863706797361374,0.0011548493057489395,0.001113055944442749,0.0018269307911396027,0.00044114328920841217,0.034037938341498375,,
31815,0.0,256,empirical_selective,cuda,0.004336167126893997,0.024408722296357155,0.0012863706797361374,0.0009667966514825821,,0.0015934500843286514,,0.039711667224764824,0.005442127585411072,0.0007254350930452347
31815,0.0,256,certified_fallback,cuda,0.004336167126893997,0.024408722296357155,0.0012863706797361374,0.0009120851755142212,,0.001742122694849968,,0.038974352180957794,0.005442127585411072,0.0
31815,0.0,256,fine_mc,cpu,0.004473531618714333,0.02768583409488201,0.0007245242595672607,0.011020207777619362,0.0,0.0,0.0004017110913991928,0.046076470986008644,,
31815,0.0,1024,fine_mc,cuda,0.0048728641122579575,0.16518721543252468,0.002507127821445465,0.0022867172956466675,0.0022529919147491455,0.010272420942783356,0.0014670789241790771,0.18722294084727764,,
31815,0.0,1024,empirical_selective,cuda,0.0048728641122579575,0.16518721543252468,0.002507127821445465,0.0022845566272735596,,0.009649507701396942,,0.21066748350858688,0.02078559435904026,0.0032555125653743744
31815,0.0,1024,certified_fallback,cuda,0.0048728641122579575,0.16518721543252468,0.002507127821445465,0.00228276289999485,,0.0055999066680669785,,0.2032484319061041,0.02078559435904026,0.0
31815,0.0,1024,fine_mc,cpu,0.004700623452663422,0.17136717773973942,0.002637408673763275,0.03892343305051327,0.0,0.0,0.001511741429567337,0.21956169791519642,,
31815,0.15,256,fine_mc,cuda,0.005009785294532776,0.02879817970097065,0.0013049189001321793,0.0010097566992044449,0.0009733759760856629,0.0016717016696929932,0.00043463334441185,0.03880765102803707,,
31815,0.15,256,empirical_selective,cuda,0.005009785294532776,0.02879817970097065,0.0013049189001321793,0.0009387359023094177,,0.0015759821981191635,,0.04443618096411228,0.005161875858902931,0.0006531514227390289
31815,0.15,256,certified_fallback,cuda,0.005009785294532776,0.02879817970097065,0.0013049189001321793,0.0009275171905755997,,0.001765381544828415,,0.04380938597023487,0.005161875858902931,0.0
31815,0.15,256,fine_mc,cpu,0.005068397149443626,0.034559063613414764,0.0013904925435781479,0.01214185543358326,0.0,0.0,0.000436931848526001,0.053926726803183556,,
31815,0.15,1024,fine_mc,cuda,0.004788463935256004,0.17572814039885998,0.002513488754630089,0.0023021958768367767,0.0022611520290374758,0.006125511601567268,0.001457858830690384,0.19351374357938766,,
31815,0.15,1024,empirical_selective,cuda,0.004788463935256004,0.17572814039885998,0.002513488754630089,0.0023169759660959244,,0.010217608883976936,,0.22376160696148872,0.022487737238407135,0.0035182852298021317
31815,0.15,1024,certified_fallback,cuda,0.004788463935256004,0.17572814039885998,0.002513488754630089,0.0022896360605955124,,0.005608288571238518,,0.21545211039483547,0.022487737238407135,0.0
31815,0.15,1024,fine_mc,cpu,0.0050762370228767395,0.19187777303159237,0.0026771780103445053,0.040775006636977196,0.0,0.0,0.0014116708189249039,0.24223079904913902,,
31815,1.0,256,fine_mc,cuda,0.005975872278213501,0.001445019617676735,0.0007506757974624634,0.0010845977813005447,0.001051743984222412,0.001420881599187851,0.0004543345421552658,0.01161804236471653,,
31815,1.0,256,empirical_selective,cuda,0.005975872278213501,0.001445019617676735,0.0007506757974624634,0.0009411163628101349,,0.001161007210612297,,0.018099475651979446,0.0062496233731508255,0.0007009562104940414
31815,1.0,256,certified_fallback,cuda,0.005975872278213501,0.001445019617676735,0.0007506757974624634,0.0010155662894248962,,0.0013797394931316376,,0.018122369423508644,0.0062496233731508255,0.0
31815,1.0,256,fine_mc,cpu,0.005958952009677887,0.0003712829202413559,0.0006505176424980164,0.006488272920250893,0.0,0.0,0.0003313440829515457,0.015054496005177498,,
31815,1.0,1024,fine_mc,cuda,0.0060147494077682495,0.0018182620406150818,0.002420704811811447,0.002300448715686798,0.0022645440101623534,0.011943137273192406,0.001484239473938942,0.026562167331576347,,
31815,1.0,1024,empirical_selective,cuda,0.0060147494077682495,0.0018182620406150818,0.002420704811811447,0.002312207594513893,,0.004008699208498001,,0.04528062604367733,0.023211902007460594,0.003232492133975029
31815,1.0,1024,certified_fallback,cuda,0.0060147494077682495,0.0018182620406150818,0.002420704811811447,0.0022797957062721252,,0.0045537203550338745,,0.04237733408808708,0.023211902007460594,0.0
31815,1.0,1024,fine_mc,cpu,0.007868414744734764,0.0014346186071634293,0.0067846886813640594,0.044681863859295845,0.0,0.0,0.0013474393635988235,0.06252953223884106,,
31896,0.0,256,fine_mc,cuda,0.004218738526105881,0.023948168382048607,0.0013286806643009186,0.0010236594825983047,0.000986624002456665,0.0017372705042362213,0.00044855475425720215,0.03324975073337555,,
31896,0.0,256,empirical_selective,cuda,0.004218738526105881,0.023948168382048607,0.0013286806643009186,0.0011287163943052292,,0.001589663326740265,,0.039271414279937744,0.00538993626832962,0.0007192157208919525
31896,0.0,256,certified_fallback,cuda,0.004218738526105881,0.023948168382048607,0.0013286806643009186,0.0009070355445146561,,0.0017920415848493576,,0.03840978629887104,0.00538993626832962,0.0
31896,0.0,256,fine_mc,cpu,0.004297520965337753,0.02670634724199772,0.0007756948471069336,0.011521322652697563,0.0,0.0,0.00033739209175109863,0.045695142820477486,,
31896,0.0,1024,fine_mc,cuda,0.005634991452097893,0.17292402870953083,0.0029238201677799225,0.002295905724167824,0.0022620480060577394,0.009334875270724297,0.0016924329102039337,0.19554744847118855,,
31896,0.0,1024,empirical_selective,cuda,0.005634991452097893,0.17292402870953083,0.0029238201677799225,0.0022882353514432907,,0.010373244062066078,,0.22507228702306747,0.02567528933286667,0.0031320638954639435
31896,0.0,1024,certified_fallback,cuda,0.005634991452097893,0.17292402870953083,0.0029238201677799225,0.002342667430639267,,0.0057681407779455185,,0.2175209540873766,0.02567528933286667,0.0
31896,0.0,1024,fine_mc,cpu,0.004460839554667473,0.18368168734014034,0.003404393792152405,0.04133662022650242,0.0,0.0,0.0014657415449619293,0.2347362656146288,,
31896,0.15,256,fine_mc,cuda,0.005513889715075493,0.027567094191908836,0.001319771632552147,0.001071099191904068,0.0010327999591827394,0.001724138855934143,0.00047069601714611053,0.03826374001801014,,
31896,0.15,256,empirical_selective,cuda,0.005513889715075493,0.027567094191908836,0.001319771632552147,0.0010061468929052353,,0.0015986189246177673,,0.045212775468826294,0.00645335391163826,0.0007654950022697449
31896,0.15,256,certified_fallback,cuda,0.005513889715075493,0.027567094191908836,0.001319771632552147,0.0011021681129932404,,0.001897493377327919,,0.044855622574687004,0.00645335391163826,0.0
31896,0.15,256,fine_mc,cpu,0.005679387599229813,0.03316447138786316,0.0007885638624429703,0.012572428211569786,0.0,0.0,0.0003495141863822937,0.05419265292584896,,
31896,0.15,1024,fine_mc,cuda,0.005511287599802017,0.1269401591271162,0.0035193730145692825,0.002286422997713089,0.00225382399559021,0.005656011402606964,0.001602841541171074,0.14613244496285915,,
31896,0.15,1024,empirical_selective,cuda,0.005511287599802017,0.1269401591271162,0.0035193730145692825,0.0022916756570339203,,0.0055699422955513,,0.17057268507778645,0.02160153165459633,0.002870909869670868
31896,0.15,1024,certified_fallback,cuda,0.005511287599802017,0.1269401591271162,0.0035193730145692825,0.00228782556951046,,0.009899560362100601,,0.17174267210066319,0.02160153165459633,0.0
31896,0.15,1024,fine_mc,cpu,0.005158636718988419,0.19743072241544724,0.002722138538956642,0.04595964029431343,0.0,0.0,0.001450778916478157,0.25317067094147205,,
31896,1.0,256,fine_mc,cuda,0.006200224161148071,0.0006786640733480453,0.0010173972696065903,0.0009338650852441788,0.0009044479727745057,0.004495661705732346,0.00041966140270233154,0.014214638620615005,,
31896,1.0,256,empirical_selective,cuda,0.006200224161148071,0.0006786640733480453,0.0010173972696065903,0.00100603885948658,,0.005062762647867203,,0.02060118317604065,0.004931865260004997,0.000777754932641983
31896,1.0,256,certified_fallback,cuda,0.006200224161148071,0.0006786640733480453,0.0010173972696065903,0.0009328238666057587,,0.004487313330173492,,0.019053682684898376,0.004931865260004997,0.0
31896,1.0,256,fine_mc,cpu,0.006043104454874992,0.0003744717687368393,0.0006378833204507828,0.009971290826797485,0.0,0.0,0.0003265608102083206,0.022451937198638916,,
31896,1.0,1024,fine_mc,cuda,0.006101304665207863,0.0018969420343637466,0.0025526192039251328,0.0022838152945041656,0.0022526400089263915,0.005658978596329689,0.0014515593647956848,0.02053467370569706,,
31896,1.0,1024,empirical_selective,cuda,0.006101304665207863,0.0018969420343637466,0.0025526192039251328,0.0022869762033224106,,0.005562691017985344,,0.044336359947919846,0.020590612664818764,0.0032157916575670242
31896,1.0,1024,certified_fallback,cuda,0.006101304665207863,0.0018969420343637466,0.0025526192039251328,0.0022903364151716232,,0.009751468896865845,,0.04521646723151207,0.020590612664818764,0.0
31896,1.0,1024,fine_mc,cpu,0.006164593622088432,0.0013313982635736465,0.006195293739438057,0.04568823054432869,0.0,0.0,0.0013470277190208435,0.06112265586853027,,
31977,0.0,256,fine_mc,cuda,0.0042196474969387054,0.02834433875977993,0.0020412560552358627,0.0010540075600147247,0.0010150079727172853,0.004719961434602737,0.0004430823028087616,0.04141802899539471,,
31977,0.0,256,empirical_selective,cuda,0.0042196474969387054,0.02834433875977993,0.0020412560552358627,0.0010236985981464386,,0.004959644749760628,,0.048489127308130264,0.005700800567865372,0.0011093486100435257
31977,0.0,256,certified_fallback,cuda,0.0042196474969387054,0.02834433875977993,0.0020412560552358627,0.0009697973728179932,,0.0056027621030807495,,0.047715093940496445,0.005700800567865372,0.0
31977,0.0,256,fine_mc,cpu,0.004308959469199181,0.027911556884646416,0.0007316470146179199,0.012172115966677666,0.0,0.0,0.00037668459117412567,0.0458400659263134,,
31977,0.0,1024,fine_mc,cuda,0.0043033212423324585,0.1286776103079319,0.0025150272995233536,0.002291455864906311,0.0022607998847961426,0.005642587319016457,0.0014690104871988297,0.14553841948509216,,
31977,0.0,1024,empirical_selective,cuda,0.0043033212423324585,0.1286776103079319,0.0025150272995233536,0.002285776659846306,,0.008541638031601906,,0.1737072467803955,0.022020556032657623,0.003227442502975464
31977,0.0,1024,certified_fallback,cuda,0.0043033212423324585,0.1286776103079319,0.0025150272995233536,0.0022912155836820602,,0.005575012415647507,,0.16737934201955795,0.022020556032657623,0.0
31977,0.0,1024,fine_mc,cpu,0.0044240802526474,0.13833325915038586,0.0028767678886651993,0.031703412532806396,0.0,0.0,0.0014534629881381989,0.1791895180940628,,
31977,0.15,256,fine_mc,cuda,0.00517396442592144,0.03225036524236202,0.001337459310889244,0.0010414961725473404,0.0010046399831771852,0.004812972620129585,0.0004345308989286423,0.04564297012984753,,
31977,0.15,256,empirical_selective,cuda,0.00517396442592144,0.03225036524236202,0.001337459310889244,0.0009616762399673462,,0.004863211885094643,,0.05490279383957386,0.005163855850696564,0.0008440949022769928
31977,0.15,256,certified_fallback,cuda,0.00517396442592144,0.03225036524236202,0.001337459310889244,0.0009694471955299377,,0.004718253389000893,,0.05048109404742718,0.005163855850696564,0.0
31977,0.15,256,fine_mc,cpu,0.005304617807269096,0.03059774450957775,0.0008293278515338898,0.011968504637479782,0.0,0.0,0.00032769329845905304,0.04937686584889889,,
31977,0.15,1024,fine_mc,cuda,0.004892893135547638,0.1436319835484028,0.0027138181030750275,0.002301746979355812,0.002269695997238159,0.00554082915186882,0.001461552456021309,0.1611132249236107,,
31977,0.15,1024,empirical_selective,cuda,0.004892893135547638,0.1436319835484028,0.0027138181030750275,0.0022947564721107483,,0.005569130182266235,,0.185868788510561,0.021793359890580177,0.0029207710176706314
31977,0.15,1024,certified_fallback,cuda,0.004892893135547638,0.1436319835484028,0.0027138181030750275,0.002305729314684868,,0.00549667701125145,,0.18282313272356987,0.021793359890580177,0.0
31977,0.15,1024,fine_mc,cpu,0.005048634484410286,0.1908515952527523,0.0032398421317338943,0.03976064920425415,0.0,0.0,0.0014023873955011368,0.2406766191124916,,
31977,1.0,256,fine_mc,cuda,0.006021304056048393,0.0006753429770469666,0.0019570142030715942,0.0009118244051933289,0.000883072018623352,0.0046081338077783585,0.00040673278272151947,0.01502031646668911,,
31977,1.0,256,empirical_selective,cuda,0.006021304056048393,0.0006753429770469666,0.0019570142030715942,0.0009456481784582138,,0.004679912701249123,,0.020884456112980843,0.00508437305688858,0.0006084665656089783
31977,1.0,256,certified_fallback,cuda,0.006021304056048393,0.0006753429770469666,0.0019570142030715942,0.000954117625951767,,0.004990154877305031,,0.020525405183434486,0.00508437305688858,0.0
31977,1.0,256,fine_mc,cpu,0.005975952371954918,0.0003802906721830368,0.0006375052034854889,0.011584680527448654,0.0,0.0,0.0003380626440048218,0.02027895301580429,,
31977,1.0,1024,fine_mc,cuda,0.006108421832323074,0.0019243620336055756,0.0023144762963056564,0.0022814832627773285,0.0022502079010009767,0.0099774319678545,0.0015143901109695435,0.024764062836766243,,
31977,1.0,1024,empirical_selective,cuda,0.006108421832323074,0.0019243620336055756,0.0023144762963056564,0.0022876467555761337,,0.005540098994970322,,0.04284313879907131,0.019825277850031853,0.0027844496071338654
31977,1.0,1024,certified_fallback,cuda,0.006108421832323074,0.0019243620336055756,0.0023144762963056564,0.002286648377776146,,0.0057165902107954025,,0.040233081206679344,0.019825277850031853,0.0
31977,1.0,1024,fine_mc,cpu,0.006246434524655342,0.003096282482147217,0.004941945895552635,0.04349035397171974,0.0,0.0,0.0012381374835968018,0.05943393521010876,,
32058,0.0,256,fine_mc,cuda,0.0042182207107543945,0.022125815972685814,0.0011936873197555542,0.001026427373290062,0.0009895039796829223,0.0017386041581630707,0.00043446384370326996,0.031273726373910904,,
32058,0.0,256,empirical_selective,cuda,0.0042182207107543945,0.022125815972685814,0.0011936873197555542,0.000963965430855751,,0.0015779193490743637,,0.03687797673046589,0.005177866667509079,0.0006809961050748825
32058,0.0,256,certified_fallback,cuda,0.0042182207107543945,0.022125815972685814,0.0011936873197555542,0.0009365752339363098,,0.0018522925674915314,,0.03634714335203171,0.005177866667509079,0.0
32058,0.0,256,fine_mc,cpu,0.005417298525571823,0.02677350677549839,0.0007260572165250778,0.01231679692864418,0.0,0.0,0.00035348162055015564,0.04592789150774479,,
32058,0.0,1024,fine_mc,cuda,0.004337180405855179,0.1161134596914053,0.0025619566440582275,0.0022816359996795654,0.002249664068222046,0.010168328881263733,0.0015591401606798172,0.13762936182320118,,
32058,0.0,1024,empirical_selective,cuda,0.004337180405855179,0.1161134596914053,0.0025619566440582275,0.0023000258952379227,,0.009519293904304504,,0.16265572980046272,0.022969121113419533,0.002762259915471077
32058,0.0,1024,certified_fallback,cuda,0.004337180405855179,0.1161134596914053,0.0025619566440582275,0.002291034907102585,,0.005599267780780792,,0.1561504639685154,0.022969121113419533,0.0
32058,0.0,1024,fine_mc,cpu,0.004474012181162834,0.1750393845140934,0.003122251480817795,0.04067574255168438,0.0,0.0,0.001196710392832756,0.22491374425590038,,
32058,0.15,256,fine_mc,cuda,0.00501624308526516,0.024901555851101875,0.0013224873691797256,0.0012152474373579025,0.0011743040084838867,0.001751180738210678,0.000431133434176445,0.03523948788642883,,
32058,0.15,256,empirical_selective,cuda,0.00501624308526516,0.024901555851101875,0.0013224873691797256,0.0009467247873544693,,0.0016393233090639114,,0.041961733251810074,0.005990443751215935,0.0007229149341583252
32058,0.15,256,certified_fallback,cuda,0.00501624308526516,0.024901555851101875,0.0013224873691797256,0.001089518889784813,,0.0019530951976776123,,0.04111633077263832,0.005990443751215935,0.0
32058,0.15,256,fine_mc,cpu,0.005089376121759415,0.03207532502710819,0.0007653739303350449,0.010772045701742172,0.0,0.0,0.0003931652754545212,0.04942069947719574,,
32058,0.15,1024,fine_mc,cuda,0.004692312330007553,0.13434280082583427,0.002440487965941429,0.002291155979037285,0.0022599680423736573,0.005580009892582893,0.0014670602977275848,0.151383887976408,,
32058,0.15,1024,empirical_selective,cuda,0.004692312330007553,0.13434280082583427,0.002440487965941429,0.0022981148213148117,,0.010113144293427467,,0.1804672498255968,0.021630750969052315,0.002914048731327057
32058,0.15,1024,certified_fallback,cuda,0.004692312330007553,0.13434280082583427,0.002440487965941429,0.0023315977305173874,,0.0055340006947517395,,0.17297369800508022,0.021630750969052315,0.0
32058,0.15,1024,fine_mc,cpu,0.005158016458153725,0.1960759423673153,0.002730177715420723,0.03951756842434406,0.0,0.0,0.0013622604310512543,0.24522288888692856,,
32058,1.0,256,fine_mc,cuda,0.006029011681675911,0.0010785777121782303,0.0016893036663532257,0.000950125977396965,0.0009205440282821655,0.004592735320329666,0.00042334385216236115,0.01523052528500557,,
32058,1.0,256,empirical_selective,cuda,0.006029011681675911,0.0010785777121782303,0.0016893036663532257,0.001005668193101883,,0.00482170470058918,,0.021282268688082695,0.004979386925697327,0.0007463470101356506
32058,1.0,256,certified_fallback,cuda,0.006029011681675911,0.0010785777121782303,0.0016893036663532257,0.0009639468044042587,,0.004749564453959465,,0.020283982157707214,0.004979386925697327,0.0
32058,1.0,256,fine_mc,cpu,0.00601174496114254,0.0005012154579162598,0.0005916748195886612,0.011799313127994537,0.0,0.0,0.00036255456507205963,0.02129059098660946,,
32058,1.0,1024,fine_mc,cuda,0.007164159789681435,0.0018163733184337616,0.0027788393199443817,0.0022781454026699066,0.0022472960948944094,0.00993114709854126,0.0015112794935703278,0.026123642921447754,,
32058,1.0,1024,empirical_selective,cuda,0.007164159789681435,0.0018163733184337616,0.0027788393199443817,0.002288335934281349,,0.006036244332790375,,0.048078035935759544,0.022149963304400444,0.0036989226937294006
32058,1.0,1024,certified_fallback,cuda,0.007164159789681435,0.0018163733184337616,0.0027788393199443817,0.002291349694132805,,0.012034906074404716,,0.050297390669584274,0.022149963304400444,0.0
32058,1.0,1024,fine_mc,cpu,0.006271185353398323,0.001354500651359558,0.005871772766113281,0.044360268861055374,0.0,0.0,0.0013293474912643433,0.05958203226327896,,
32139,0.0,256,fine_mc,cuda,0.004194401204586029,0.022378798574209213,0.000719195231795311,0.0009939149022102356,0.0009595839977264404,0.0017591789364814758,0.00043727457523345947,0.03102833591401577,,
32139,0.0,256,empirical_selective,cuda,0.004194401204586029,0.022378798574209213,0.000719195231795311,0.000941665843129158,,0.001588011160492897,,0.036886924877762794,0.005357425659894943,0.0007685460150241852
32139,0.0,256,certified_fallback,cuda,0.004194401204586029,0.022378798574209213,0.000719195231795311,0.0009121652692556381,,0.0017996802926063538,,0.03620642237365246,0.005357425659894943,0.0
32139,0.0,256,fine_mc,cpu,0.004322381690144539,0.025266509503126144,0.0007519349455833435,0.012968501076102257,0.0,0.0,0.0003451220691204071,0.04597615450620651,,
32139,0.0,1024,fine_mc,cuda,0.004360603168606758,0.17066044360399246,0.0032552722841501236,0.0022822674363851547,0.0022503359317779543,0.010342834517359734,0.0014437083154916763,0.1961368601769209,,
32139,0.0,1024,empirical_selective,cuda,0.004360603168606758,0.17066044360399246,0.0032552722841501236,0.0022881291806697845,,0.010736426338553429,,0.22017963975667953,0.020091591402888298,0.00353209488093853
32139,0.0,1024,certified_fallback,cuda,0.004360603168606758,0.17066044360399246,0.0032552722841501236,0.002280326560139656,,0.0061233919113874435,,0.21197203360497952,0.020091591402888298,0.0
32139,0.0,1024,fine_mc,cpu,0.004420151934027672,0.17168870382010937,0.0030115991830825806,0.03968152776360512,0.0,0.0,0.001438979059457779,0.22074557282030582,,
32139,0.15,256,fine_mc,cuda,0.004990605637431145,0.024909764528274536,0.0013325400650501251,0.0010329559445381165,0.0009972800016403197,0.0017776917666196823,0.0004169140011072159,0.035494476556777954,,
32139,0.15,256,empirical_selective,cuda,0.004990605637431145,0.024909764528274536,0.0013325400650501251,0.000909535214304924,,0.001556089147925377,,0.040391990914940834,0.005080023780465126,0.0006731841713190079
32139,0.15,256,certified_fallback,cuda,0.004990605637431145,0.024909764528274536,0.0013325400650501251,0.0008573941886425018,,0.0018577054142951965,,0.039922334253787994,0.005080023780465126,0.0
32139,0.15,256,fine_mc,cpu,0.004924684762954712,0.03292283974587917,0.0007511544972658157,0.012791629880666733,0.0,0.0,0.0003248322755098343,0.053812116384506226,,
32139,0.15,1024,fine_mc,cuda,0.004683872684836388,0.17968935519456863,0.002385774627327919,0.0022808238863945007,0.002248960018157959,0.010816864669322968,0.0014793910086154938,0.2020099014043808,,
32139,0.15,1024,empirical_selective,cuda,0.004683872684836388,0.17968935519456863,0.002385774627327919,0.0023880954831838608,,0.013236191123723984,,0.23074230179190636,0.02254553511738777,0.0032863132655620575
32139,0.15,1024,certified_fallback,cuda,0.004683872684836388,0.17968935519456863,0.002385774627327919,0.0022811666131019592,,0.005896331742405891,,0.21969046257436275,0.02254553511738777,0.0
32139,0.15,1024,fine_mc,cpu,0.004950972273945808,0.18620475381612778,0.002466205507516861,0.04131591133773327,0.0,0.0,0.0016659218817949295,0.2371517214924097,,
32139,1.0,256,fine_mc,cuda,0.005992738530039787,0.0007406976073980331,0.0007511544972658157,0.0008850675076246262,0.0008568639755249023,0.001547040417790413,0.0004177819937467575,0.010798035189509392,,
32139,1.0,256,empirical_selective,cuda,0.005992738530039787,0.0007406976073980331,0.0007511544972658157,0.0009895190596580505,,0.004654323682188988,,0.021025486290454865,0.00627194344997406,0.0006490442901849747
32139,1.0,256,certified_fallback,cuda,0.005992738530039787,0.0007406976073980331,0.0007511544972658157,0.0011204574257135391,,0.004647931084036827,,0.020412782207131386,0.00627194344997406,0.0
32139,1.0,256,fine_mc,cpu,0.006844518706202507,0.00037845224142074585,0.0006536450237035751,0.012242123484611511,0.0,0.0,0.00033446401357650757,0.020773151889443398,,
32139,1.0,1024,fine_mc,cuda,0.0060553718358278275,0.0017774831503629684,0.0038451962172985077,0.0022840481251478195,0.002252351999282837,0.005574729293584824,0.0015025027096271515,0.021721012890338898,,
32139,1.0,1024,empirical_selective,cuda,0.0060553718358278275,0.0017774831503629684,0.0038451962172985077,0.002288004383444786,,0.005562826991081238,,0.04657209292054176,0.021639129146933556,0.003242744132876396
32139,1.0,1024,certified_fallback,cuda,0.0060553718358278275,0.0017774831503629684,0.0038451962172985077,0.002281326800584793,,0.009644299745559692,,0.047355737537145615,0.021639129146933556,0.0
32139,1.0,1024,fine_mc,cpu,0.006202472373843193,0.00128881074488163,0.002566041424870491,0.042590076103806496,0.0,0.0,0.0013278517872095108,0.05442577227950096,,
32221,0.0,256,fine_mc,cuda,0.004209119826555252,0.027428992092609406,0.00167873315513134,0.0010702461004257202,0.0010325119495391845,0.004866443574428558,0.00042960233986377716,0.04028020054101944,,
32221,0.0,256,empirical_selective,cuda,0.004209119826555252,0.027428992092609406,0.00167873315513134,0.0009542647749185562,,0.004716452211141586,,0.046181751415133476,0.0053652189671993256,0.0008372161537408829
32221,0.0,256,certified_fallback,cuda,0.004209119826555252,0.027428992092609406,0.00167873315513134,0.0009169280529022217,,0.005241960287094116,,0.045675646513700485,0.0053652189671993256,0.0
32221,0.0,256,fine_mc,cpu,0.004272149875760078,0.027140289545059204,0.000800013542175293,0.013564685359597206,0.0,0.0,0.0003378652036190033,0.046457018703222275,,
32221,0.0,1024,fine_mc,cuda,0.00455770269036293,0.11121314764022827,0.0025531183928251266,0.0022760946303606033,0.002246880054473877,0.010221440345048904,0.0014328006654977798,0.13287110067903996,,
32221,0.0,1024,empirical_selective,cuda,0.00455770269036293,0.11121314764022827,0.0025531183928251266,0.00228220596909523,,0.010226184502243996,,0.15602628886699677,0.02033282071352005,0.002799447625875473
32221,0.0,1024,certified_fallback,cuda,0.00455770269036293,0.11121314764022827,0.0025531183928251266,0.0023236237466335297,,0.005607428029179573,,0.1493327710777521,0.02033282071352005,0.0
32221,0.0,1024,fine_mc,cpu,0.004676442593336105,0.17964275740087032,0.003087179735302925,0.04320644028484821,0.0,0.0,0.001393638551235199,0.23241102881729603,,
32221,0.15,256,fine_mc,cuda,0.005676208063960075,0.024929556995630264,0.0011101868003606796,0.0009985659271478653,0.0009627199769020081,0.0018010810017585754,0.00044367462396621704,0.035576578229665756,,
32221,0.15,256,empirical_selective,cuda,0.005676208063960075,0.024929556995630264,0.0011101868003606796,0.0009653251618146896,,0.0015954840928316116,,0.04164263978600502,0.005630007013678551,0.0007501952350139618
32221,0.15,256,certified_fallback,cuda,0.005676208063960075,0.024929556995630264,0.0011101868003606796,0.0009090453386306763,,0.0017140712589025497,,0.040843863040208817,0.005630007013678551,0.0
32221,0.15,256,fine_mc,cpu,0.005414988845586777,0.035036634653806686,0.0007261969149112701,0.01354016363620758,0.0,0.0,0.0003519337624311447,0.05540977977216244,,
32221,0.15,1024,fine_mc,cuda,0.00524863600730896,0.12723783031105995,0.003894628956913948,0.0022745151072740555,0.002245248079299927,0.005595400929450989,0.0015183333307504654,0.1463720854371786,,
32221,0.15,1024,empirical_selective,cuda,0.00524863600730896,0.12723783031105995,0.003894628956913948,0.002286776900291443,,0.00964786671102047,,0.173444002866745,0.020014790818095207,0.0030567124485969543
32221,0.15,1024,certified_fallback,cuda,0.00524863600730896,0.12723783031105995,0.003894628956913948,0.0022818967700004578,,0.005520589649677277,,0.16618246398866177,0.020014790818095207,0.0
32221,0.15,1024,fine_mc,cpu,0.005098355934023857,0.18550737760961056,0.002608940005302429,0.040967509150505066,0.0,0.0,0.001408219337463379,0.2359794620424509,,
32221,1.0,256,fine_mc,cuda,0.006007721647620201,0.0007077846676111221,0.001741599291563034,0.0011101290583610535,0.0010773439407348632,0.003328423947095871,0.0004366636276245117,0.013808917254209518,,
32221,1.0,256,empirical_selective,cuda,0.006007721647620201,0.0007077846676111221,0.001741599291563034,0.0009871777147054672,,0.0016163717955350876,,0.017712796106934547,0.00506090372800827,0.0006445031613111496
32221,1.0,256,certified_fallback,cuda,0.006007721647620201,0.0007077846676111221,0.001741599291563034,0.0009275861084461212,,0.001568702980875969,,0.01685730740427971,0.00506090372800827,0.0
32221,1.0,256,fine_mc,cpu,0.006512604653835297,0.0004986431449651718,0.0006784964352846146,0.00806819461286068,0.0,0.0,0.00045630335807800293,0.01912534236907959,,
32221,1.0,1024,fine_mc,cuda,0.010588962584733963,0.0017955023795366287,0.002908719703555107,0.002282116562128067,0.0022510080337524415,0.005842730402946472,0.0016399621963500977,0.025722531601786613,,
32221,1.0,1024,empirical_selective,cuda,0.010588962584733963,0.0017955023795366287,0.002908719703555107,0.0022850241512060165,,0.010121490806341171,,0.05471126548945904,0.021840013563632965,0.0030418727546930313
32221,1.0,1024,certified_fallback,cuda,0.010588962584733963,0.0017955023795366287,0.002908719703555107,0.002292955294251442,,0.0055408775806427,,0.04708549194037914,0.021840013563632965,0.0
32221,1.0,1024,fine_mc,cpu,0.006219854578375816,0.0015348196029663086,0.005508996546268463,0.047799643129110336,0.0,0.0,0.0014844704419374466,0.06295817717909813,,
32302,0.0,256,fine_mc,cuda,0.0042167287319898605,0.02253369800746441,0.0014435704797506332,0.0009981971234083176,0.0009588159918785096,0.0018328744918107986,0.00043189339339733124,0.03208455629646778,,
32302,0.0,256,empirical_selective,cuda,0.0042167287319898605,0.02253369800746441,0.0014435704797506332,0.0009773261845111847,,0.0016100015491247177,,0.03834466636180878,0.005783289670944214,0.0007998757064342499
32302,0.0,256,certified_fallback,cuda,0.0042167287319898605,0.02253369800746441,0.0014435704797506332,0.0008974950760602951,,0.0017956122756004333,,0.037520769983530045,0.005783289670944214,0.0
32302,0.0,256,fine_mc,cpu,0.004573622718453407,0.027333371341228485,0.0007296726107597351,0.01113881729543209,0.0,0.0,0.0003567710518836975,0.04447378031909466,,
32302,0.0,1024,fine_mc,cuda,0.004263639450073242,0.17174413241446018,0.0024730470031499863,0.002283405512571335,0.002248192071914673,0.005577767267823219,0.0014551691710948944,0.1883861068636179,,
32302,0.0,1024,empirical_selective,cuda,0.004263639450073242,0.17174413241446018,0.0024730470031499863,0.0022850167006254196,,0.016759570688009262,,0.22545414604246616,0.022279566153883934,0.002997240051627159
32302,0.0,1024,certified_fallback,cuda,0.004263639450073242,0.17174413241446018,0.0024730470031499863,0.0022850744426250458,,0.005610238760709763,,0.2106971349567175,0.022279566153883934,0.0
32302,0.0,1024,fine_mc,cpu,0.004583021625876427,0.17478629387915134,0.0026220958679914474,0.04142792709171772,0.0,0.0,0.0015353411436080933,0.22538667172193527,,
32302,0.15,256,fine_mc,cuda,0.005539977923035622,0.025701628997921944,0.0010242164134979248,0.0009960755705833435,0.0009607359766960144,0.0017162319272756577,0.00044754333794116974,0.03599257208406925,,
32302,0.15,256,empirical_selective,cuda,0.005539977923035622,0.025701628997921944,0.0010242164134979248,0.0009692162275314331,,0.001660570502281189,,0.04271382838487625,0.0060159508138895035,0.0008286572992801666
32302,0.15,256,certified_fallback,cuda,0.005539977923035622,0.025701628997921944,0.0010242164134979248,0.0009228978306055069,,0.0017586015164852142,,0.041866740211844444,0.0060159508138895035,0.0
32302,0.15,256,fine_mc,cpu,0.0053964778780937195,0.03154939226806164,0.0009887777268886566,0.007791243493556976,0.0,0.0,0.000426221638917923,0.046514181420207024,,
32302,0.15,1024,fine_mc,cuda,0.004731053486466408,0.13228287547826767,0.002743920311331749,0.0022906549274921417,0.002257472038269043,0.005632800981402397,0.0014611110091209412,0.14972403645515442,,
32302,0.15,1024,empirical_selective,cuda,0.004731053486466408,0.13228287547826767,0.002743920311331749,0.002285744994878769,,0.010050032287836075,,0.17791088484227657,0.020893804728984833,0.002870330587029457
32302,0.15,1024,certified_fallback,cuda,0.004731053486466408,0.13228287547826767,0.002743920311331749,0.0022850893437862396,,0.005526971071958542,,0.17046043276786804,0.020893804728984833,0.0
32302,0.15,1024,fine_mc,cpu,0.0051991380751132965,0.18654891476035118,0.002662237733602524,0.04115999862551689,0.0,0.0,0.0014938097447156906,0.23743936233222485,,
32302,1.0,256,fine_mc,cuda,0.006053322926163673,0.0006916653364896774,0.0008131265640258789,0.0009365864098072052,0.0009069439768791199,0.004680925980210304,0.0004136841744184494,0.01404951885342598,,
32302,1.0,256,empirical_selective,cuda,0.006053322926163673,0.0006916653364896774,0.0008131265640258789,0.0010713394731283188,,0.0017514917999505997,,0.01804383285343647,0.005886310711503029,0.000829676166176796
32302,1.0,256,certified_fallback,cuda,0.006053322926163673,0.0006916653364896774,0.0008131265640258789,0.0011361278593540192,,0.0016453005373477936,,0.01713571883738041,0.005886310711503029,0.0
32302,1.0,256,fine_mc,cpu,0.006111312657594681,0.00044638291001319885,0.0006577931344509125,0.006868248805403709,0.0,0.0,0.0003223307430744171,0.015690729022026062,,
32302,1.0,1024,fine_mc,cuda,0.006386714056134224,0.00189274363219738,0.0025457385927438736,0.0022851359099149704,0.0022544319629669188,0.005712347105145454,0.001468900591135025,0.020907936617732048,,
32302,1.0,1024,empirical_selective,cuda,0.006386714056134224,0.00189274363219738,0.0025457385927438736,0.0022978559136390686,,0.009284205734729767,,0.04799940995872021,0.02065051719546318,0.002896631136536598
32302,1.0,1024,certified_fallback,cuda,0.006386714056134224,0.00189274363219738,0.0025457385927438736,0.002296246588230133,,0.00557326152920723,,0.04138277284801006,0.02065051719546318,0.0
32302,1.0,1024,fine_mc,cpu,0.006932737305760384,0.0016703791916370392,0.006395956501364708,0.04549904726445675,0.0,0.0,0.0014522280544042587,0.06236588396131992,,
32383,0.0,256,fine_mc,cuda,0.004254529252648354,0.035204315558075905,0.0007276833057403564,0.0010703187435865402,0.0010295360088348388,0.0018651839345693588,0.00042636506259441376,0.044190580025315285,,
32383,0.0,256,empirical_selective,cuda,0.004254529252648354,0.035204315558075905,0.0007276833057403564,0.0009461771696805954,,0.0015977825969457626,,0.05018499307334423,0.00555058941245079,0.0008232258260250092
32383,0.0,256,certified_fallback,cuda,0.004254529252648354,0.035204315558075905,0.0007276833057403564,0.0008701551705598831,,0.00462307408452034,,0.05260276980698109,0.00555058941245079,0.0
32383,0.0,256,fine_mc,cpu,0.004344752058386803,0.026944007724523544,0.0007206853479146957,0.012678269296884537,0.0,0.0,0.00035565346479415894,0.04546449892222881,,
32383,0.0,1024,fine_mc,cuda,0.0046650320291519165,0.11392631754279137,0.002513827756047249,0.0022830460220575333,0.002250175952911377,0.00563746877014637,0.0015663933008909225,0.13135304860770702,,
32383,0.0,1024,empirical_selective,cuda,0.0046650320291519165,0.11392631754279137,0.002513827756047249,0.002287108451128006,,0.009583495557308197,,0.15850843116641045,0.020342012867331505,0.003028271719813347
32383,0.0,1024,certified_fallback,cuda,0.0046650320291519165,0.11392631754279137,0.002513827756047249,0.002288375049829483,,0.005478277802467346,,0.15135041996836662,0.020342012867331505,0.0
32383,0.0,1024,fine_mc,cpu,0.0044756922870874405,0.17030723206698895,0.0030422117561101913,0.040947075933218,0.0,0.0,0.001445271074771881,0.2206945437937975,,
32383,0.15,256,fine_mc,cuda,0.005147656425833702,0.03655553609132767,0.0009932052344083786,0.0011037960648536682,0.0010616639852523803,0.0017943084239959717,0.00045132264494895935,0.04675744101405144,,
32383,0.15,256,empirical_selective,cuda,0.005147656425833702,0.03655553609132767,0.0009932052344083786,0.0009728763252496719,,0.001614963635802269,,0.053001103922724724,0.005922451615333557,0.0007494762539863586
32383,0.15,256,certified_fallback,cuda,0.005147656425833702,0.03655553609132767,0.0009932052344083786,0.0008991844952106476,,0.0016930680721998215,,0.05213959515094757,0.005922451615333557,0.0
32383,0.15,256,fine_mc,cpu,0.00490422360599041,0.031067345291376114,0.0008018668740987778,0.007713295519351959,0.0,0.0,0.0003224983811378479,0.04761175997555256,,
32383,0.15,1024,fine_mc,cuda,0.00490291602909565,0.13054838217794895,0.0025383085012435913,0.0022890865802764893,0.002256191968917847,0.005533019080758095,0.0014455877244472504,0.1479236762970686,,
32383,0.15,1024,empirical_selective,cuda,0.00490291602909565,0.13054838217794895,0.0025383085012435913,0.0022945161908864975,,0.009576190263032913,,0.17513651587069035,0.019786158576607704,0.003305841237306595
32383,0.15,1024,certified_fallback,cuda,0.00490291602909565,0.13054838217794895,0.0025383085012435913,0.002285117283463478,,0.005514569580554962,,0.16774197854101658,0.019786158576607704,0.0
32383,0.15,1024,fine_mc,cpu,0.005307326093316078,0.19151146709918976,0.002586469054222107,0.04254061542451382,0.0,0.0,0.0013231467455625534,0.24387061037123203,,
32383,1.0,256,fine_mc,cuda,0.006281184032559395,0.0006934646517038345,0.0022456757724285126,0.000970255583524704,0.000938431978225708,0.004612971097230911,0.0004261638969182968,0.015785763040184975,,
32383,1.0,256,empirical_selective,cuda,0.006281184032559395,0.0006934646517038345,0.0022456757724285126,0.0012092478573322296,,0.004911975935101509,,0.02293476089835167,0.005769249051809311,0.0007252376526594162
32383,1.0,256,certified_fallback,cuda,0.006281184032559395,0.0006934646517038345,0.0022456757724285126,0.0009831581264734268,,0.004879780113697052,,0.021830184385180473,0.005769249051809311,0.0
32383,1.0,256,fine_mc,cpu,0.006941931322216988,0.000590253621339798,0.0005755536258220673,0.010805115103721619,0.0,0.0,0.00033203326165676117,0.02077825739979744,,
32383,1.0,1024,fine_mc,cuda,0.006369175389409065,0.0018218420445919037,0.002610348165035248,0.0022928547114133835,0.0022576959133148193,0.005591876804828644,0.0014793984591960907,0.020849306136369705,,
32383,1.0,1024,empirical_selective,cuda,0.006369175389409065,0.0018218420445919037,0.002610348165035248,0.0023001357913017273,,0.00562552735209465,,0.04610327258706093,0.022229624912142754,0.002903781831264496
32383,1.0,1024,certified_fallback,cuda,0.006369175389409065,0.0018218420445919037,0.002610348165035248,0.0022870954126119614,,0.009956061840057373,,0.04741709306836128,0.022229624912142754,0.0
32383,1.0,1024,fine_mc,cpu,0.0063917748630046844,0.0022008754312992096,0.005077315494418144,0.038537319749593735,0.0,0.0,0.0014552194625139236,0.05419092997908592,,
32464,0.0,256,fine_mc,cuda,0.0042448267340660095,0.02704368159174919,0.0009005162864923477,0.0010668467730283737,0.001023743987083435,0.004950104281306267,0.00045019201934337616,0.03924924321472645,,
32464,0.0,256,empirical_selective,cuda,0.0042448267340660095,0.02704368159174919,0.0009005162864923477,0.0010485071688890457,,0.004915395751595497,,0.047635000199079514,0.006947968155145645,0.0010356083512306213
32464,0.0,256,certified_fallback,cuda,0.0042448267340660095,0.02704368159174919,0.0009005162864923477,0.0009743385016918182,,0.004696870222687721,,0.04565647803246975,0.006947968155145645,0.0
32464,0.0,256,fine_mc,cpu,0.004703281447291374,0.026291202753782272,0.0007367134094238281,0.012069165706634521,0.0,0.0,0.0003275331109762192,0.046159183606505394,,
32464,0.0,1024,fine_mc,cuda,0.0044713933020830154,0.16581418178975582,0.0024700984358787537,0.002291586250066757,0.002254591941833496,0.009837890043854713,0.0015075206756591797,0.1870596781373024,,
32464,0.0,1024,empirical_selective,cuda,0.0044713933020830154,0.16581418178975582,0.0024700984358787537,0.0023193955421447754,,0.005526367574930191,,0.20460177958011627,0.019191492348909378,0.002763979136943817
32464,0.0,1024,certified_fallback,cuda,0.0044713933020830154,0.16581418178975582,0.0024700984358787537,0.0023095831274986267,,0.008792323991656303,,0.20523694530129433,0.019191492348909378,0.0
32464,0.0,1024,fine_mc,cpu,0.0044112298637628555,0.16648237593472004,0.002923380583524704,0.04232092574238777,0.0,0.0,0.0012022294104099274,0.2177504375576973,,
32464,0.15,256,fine_mc,cuda,0.005049087107181549,0.025302646681666374,0.0007628072053194046,0.0012132879346609116,0.0011624000072479248,0.0017199255526065826,0.0004516616463661194,0.0350915752351284,,
32464,0.15,256,empirical_selective,cuda,0.005049087107181549,0.025302646681666374,0.0007628072053194046,0.0009862761944532394,,0.0016286130994558334,,0.04176522046327591,0.006249275058507919,0.0007761642336845398
32464,0.15,256,certified_fallback,cuda,0.005049087107181549,0.025302646681666374,0.0007628072053194046,0.0009339861571788788,,0.0016560815274715424,,0.04083912633359432,0.006249275058507919,0.0
32464,0.15,256,fine_mc,cpu,0.00502464734017849,0.030675506219267845,0.0007616560906171799,0.011795593425631523,0.0,0.0,0.0003694724291563034,0.04895763099193573,,
32464,0.15,1024,fine_mc,cuda,0.004676192998886108,0.17959274537861347,0.002514757215976715,0.0022946875542402267,0.0022602880001068113,0.009443096816539764,0.001490820199251175,0.20059505477547646,,
32464,0.15,1024,empirical_selective,cuda,0.004676192998886108,0.17959274537861347,0.002514757215976715,0.002292916178703308,,0.010339895263314247,,0.22404871135950089,0.019574148580431938,0.002973059192299843
32464,0.15,1024,certified_fallback,cuda,0.004676192998886108,0.17959274537861347,0.002514757215976715,0.0022914838045835495,,0.0055007971823215485,,0.21612193435430527,0.019574148580431938,0.0
32464,0.15,1024,fine_mc,cpu,0.005102826282382011,0.18833145685493946,0.0030550193041563034,0.04005074128508568,0.0,0.0,0.001315409317612648,0.23824692703783512,,
32464,1.0,256,fine_mc,cuda,0.005976513028144836,0.0007832422852516174,0.0006933752447366714,0.0009020362049341202,0.0008715199828147888,0.001612391322851181,0.0003983937203884125,0.010813465341925621,,
32464,1.0,256,empirical_selective,cuda,0.005976513028144836,0.0007832422852516174,0.0006933752447366714,0.000940278172492981,,0.001557881012558937,,0.016371695324778557,0.004848964512348175,0.000663071870803833
32464,1.0,256,certified_fallback,cuda,0.005976513028144836,0.0007832422852516174,0.0006933752447366714,0.0009215548634529114,,0.0015743803232908249,,0.01564702019095421,0.004848964512348175,0.0
32464,1.0,256,fine_mc,cpu,0.005952442064881325,0.00038088299334049225,0.0005899518728256226,0.0068970005959272385,0.0,0.0,0.00030012428760528564,0.014422943815588951,,
32464,1.0,1024,fine_mc,cuda,0.006008772179484367,0.001756712794303894,0.002529127523303032,0.002289986237883568,0.0022532479763031008,0.005593800917267799,0.0015953797847032547,0.020380672067403793,,
32464,1.0,1024,empirical_selective,cuda,0.006008772179484367,0.001756712794303894,0.002529127523303032,0.002299996092915535,,0.00933697447180748,,0.04843773879110813,0.021651500836014748,0.0028038322925567627
32464,1.0,1024,certified_fallback,cuda,0.006008772179484367,0.001756712794303894,0.002529127523303032,0.002296408638358116,,0.0056185051798820496,,0.04185306094586849,0.021651500836014748,0.0
32464,1.0,1024,fine_mc,cpu,0.006115954369306564,0.001389211043715477,0.0026547275483608246,0.034456439316272736,0.0,0.0,0.0013445597141981125,0.046312764286994934,,
32545,0.0,256,fine_mc,cuda,0.00417880155146122,0.02357899583876133,0.001391218975186348,0.0009959470480680466,0.0009580159783363342,0.001705702394247055,0.0004360657185316086,0.03283784165978432,,
32545,0.0,256,empirical_selective,cuda,0.00417880155146122,0.02357899583876133,0.001391218975186348,0.0009572878479957581,,0.0016012564301490784,,0.03860476054251194,0.005175303667783737,0.000779246911406517
32545,0.0,256,certified_fallback,cuda,0.00417880155146122,0.02357899583876133,0.001391218975186348,0.0008940678089857101,,0.001750800758600235,,0.03779403306543827,0.005175303667783737,0.0
32545,0.0,256,fine_mc,cpu,0.0043043699115514755,0.025504499673843384,0.0007350854575634003,0.011934874579310417,0.0,0.0,0.0003226418048143387,0.04316713288426399,,
32545,0.0,1024,fine_mc,cuda,0.004303367808461189,0.12720412015914917,0.003427645191550255,0.0022906865924596786,0.002255743980407715,0.0056685879826545715,0.0014687087386846542,0.14494281448423862,,
32545,0.0,1024,empirical_selective,cuda,0.004303367808461189,0.12720412015914917,0.003427645191550255,0.0022920873016119003,,0.009960399940609932,,0.17145060934126377,0.019015824422240257,0.003218119964003563
32545,0.0,1024,certified_fallback,cuda,0.004303367808461189,0.12720412015914917,0.003427645191550255,0.002293083816766739,,0.005664011463522911,,0.1638918910175562,0.019015824422240257,0.0
32545,0.0,1024,fine_mc,cpu,0.004432369023561478,0.17427239939570427,0.002993982285261154,0.038238588720560074,0.0,0.0,0.0014142300933599472,0.2217223308980465,,
32545,0.15,256,fine_mc,cuda,0.005028607323765755,0.024815576151013374,0.0016432702541351318,0.001232728362083435,0.001192255973815918,0.0018397029489278793,0.0004808548837900162,0.03569488786160946,,
32545,0.15,256,empirical_selective,cuda,0.005028607323765755,0.024815576151013374,0.0016432702541351318,0.0009796787053346634,,0.0016055498272180557,,0.04248427413403988,0.006577376276254654,0.0008374955505132675
32545,0.15,256,certified_fallback,cuda,0.005028607323765755,0.024815576151013374,0.0016432702541351318,0.000925818458199501,,0.0018299836665391922,,0.041676921769976616,0.006577376276254654,0.0
32545,0.15,256,fine_mc,cpu,0.005452858284115791,0.030461933463811874,0.0013756118714809418,0.012068631127476692,0.0,0.0,0.000334104523062706,0.05001751706004143,,
32545,0.15,1024,fine_mc,cuda,0.0047285426408052444,0.13604229129850864,0.0025090202689170837,0.00229586660861969,0.0022606079578399657,0.005620995536446571,0.0014783497899770737,0.15323821268975735,,
32545,0.15,1024,empirical_selective,cuda,0.0047285426408052444,0.13604229129850864,0.0025090202689170837,0.002285115420818329,,0.010286150500178337,,0.18223214335739613,0.021514559164643288,0.002856981009244919
32545,0.15,1024,certified_fallback,cuda,0.0047285426408052444,0.13604229129850864,0.0025090202689170837,0.0022945869714021683,,0.005496930330991745,,0.17469284310936928,0.021514559164643288,0.0
32545,0.15,1024,fine_mc,cpu,0.005160877481102943,0.20102198794484138,0.0026440080255270004,0.03860758803784847,0.0,0.0,0.0013664104044437408,0.2492611650377512,,
32545,1.0,256,fine_mc,cuda,0.006181234493851662,0.0007109958678483963,0.0012494474649429321,0.0009585954248905182,0.0009293439984321594,0.004519252106547356,0.00043765269219875336,0.014520751312375069,,
32545,1.0,256,empirical_selective,cuda,0.006181234493851662,0.0007109958678483963,0.0012494474649429321,0.0009757485240697861,,0.004632631316781044,,0.020648324862122536,0.0053099375218153,0.0006085839122533798
32545,1.0,256,certified_fallback,cuda,0.006181234493851662,0.0007109958678483963,0.0012494474649429321,0.000982949510216713,,0.004774097353219986,,0.020061181858181953,0.0053099375218153,0.0
32545,1.0,256,fine_mc,cpu,0.006040221080183983,0.0003863908350467682,0.0006912928074598312,0.01294214092195034,0.0,0.0,0.0003318414092063904,0.02072981372475624,,
32545,1.0,1024,fine_mc,cuda,0.006066212430596352,0.0017703510820865631,0.0025895293802022934,0.0022867266088724136,0.002256288051605225,0.009937148541212082,0.001441480591893196,0.024703385308384895,,
32545,1.0,1024,empirical_selective,cuda,0.006066212430596352,0.0017703510820865631,0.0025895293802022934,0.0022938065230846405,,0.0054828207939863205,,0.04403102025389671,0.020130610093474388,0.0031399130821228027
32545,1.0,1024,certified_fallback,cuda,0.006066212430596352,0.0017703510820865631,0.0025895293802022934,0.002284284681081772,,0.007937563583254814,,0.042793942615389824,0.020130610093474388,0.0
32545,1.0,1024,fine_mc,cpu,0.006318902596831322,0.001323489472270012,0.0026578977704048157,0.03031352162361145,0.0,0.0,0.001318199560046196,0.04230388626456261,,
32627,0.0,256,fine_mc,cuda,0.004469731822609901,0.02704111859202385,0.0007904339581727982,0.0010443776845932007,0.0010070079565048218,0.004690906032919884,0.00043945200741291046,0.039141695946455,,
32627,0.0,256,empirical_selective,cuda,0.004469731822609901,0.02704111859202385,0.0007904339581727982,0.0009754262864589691,,0.004482058808207512,,0.045055216178297997,0.0052658263593912125,0.0009521264582872391
32627,0.0,256,certified_fallback,cuda,0.004469731822609901,0.02704111859202385,0.0007904339581727982,0.0009439028799533844,,0.004927581176161766,,0.044332586228847504,0.0052658263593912125,0.0
32627,0.0,256,fine_mc,cpu,0.0042946431785821915,0.02598159946501255,0.0008013974875211716,0.011997733265161514,0.0,0.0,0.0003494005650281906,0.04385952465236187,,
32627,0.0,1024,fine_mc,cuda,0.004406532272696495,0.12648460641503334,0.0026829279959201813,0.002288835123181343,0.002256095886230469,0.005547955632209778,0.0014272723346948624,0.14351405389606953,,
32627,0.0,1024,empirical_selective,cuda,0.004406532272696495,0.12648460641503334,0.0026829279959201813,0.002298504114151001,,0.009855639189481735,,0.17009428888559341,0.01924593187868595,0.002974141389131546
32627,0.0,1024,certified_fallback,cuda,0.004406532272696495,0.12648460641503334,0.0026829279959201813,0.002283424139022827,,0.0055454690009355545,,0.1628376543521881,0.01924593187868595,0.0
32627,0.0,1024,fine_mc,cpu,0.004438862204551697,0.17151925154030323,0.003086639568209648,0.041367219761013985,0.0,0.0,0.0014571808278560638,0.22238684818148613,,
32627,0.15,256,fine_mc,cuda,0.00499616377055645,0.023953089490532875,0.0012930072844028473,0.0009874068200588226,0.0009521279931068421,0.001687401905655861,0.00044678524136543274,0.03401653841137886,,
32627,0.15,256,empirical_selective,cuda,0.00499616377055645,0.023953089490532875,0.0012930072844028473,0.0009229276329278946,,0.0015483386814594269,,0.03956436738371849,0.005140766501426697,0.000696355476975441
32627,0.15,256,certified_fallback,cuda,0.00499616377055645,0.023953089490532875,0.0012930072844028473,0.0008988678455352783,,0.001776261255145073,,0.03897504508495331,0.005140766501426697,0.0
32627,0.15,256,fine_mc,cpu,0.004906924441456795,0.03247588872909546,0.0021229442209005356,0.012166796252131462,0.0,0.0,0.00034844130277633667,0.0524393692612648,,
32627,0.15,1024,fine_mc,cuda,0.004816330969333649,0.13104255683720112,0.0023270882666110992,0.002302035689353943,0.002268320083618164,0.005607739090919495,0.0015314500778913498,0.14829526841640472,,
32627,0.15,1024,empirical_selective,cuda,0.004816330969333649,0.13104255683720112,0.0023270882666110992,0.0022923480719327927,,0.010466532781720161,,0.17720266990363598,0.020226841792464256,0.0038458071649074554
32627,0.15,1024,certified_fallback,cuda,0.004816330969333649,0.13104255683720112,0.0023270882666110992,0.0022912174463272095,,0.0055569130927324295,,0.16843273863196373,0.020226841792464256,0.0
32627,0.15,1024,fine_mc,cpu,0.00502338632941246,0.20033985003829002,0.0030025597661733627,0.03716439940035343,0.0,0.0,0.0013121683150529861,0.2473288793116808,,
32627,1.0,256,fine_mc,cuda,0.006033200770616531,0.00113677978515625,0.0011405684053897858,0.0009131487458944321,0.0008854399919509888,0.0016398709267377853,0.00038488395512104034,0.011786991730332375,,
32627,1.0,256,empirical_selective,cuda,0.006033200770616531,0.00113677978515625,0.0011405684053897858,0.0009241048246622086,,0.0015613343566656113,,0.017362995073199272,0.00494949147105217,0.0006404351443052292
32627,1.0,256,certified_fallback,cuda,0.006033200770616531,0.00113677978515625,0.0011405684053897858,0.0009026769548654556,,0.0017536729574203491,,0.016793889924883842,0.00494949147105217,0.0
32627,1.0,256,fine_mc,cpu,0.006095303222537041,0.00042011216282844543,0.0006602853536605835,0.012088593095541,0.0,0.0,0.00032278336584568024,0.019966959953308105,,
32627,1.0,1024,fine_mc,cuda,0.006031544879078865,0.0017742235213518143,0.003118092194199562,0.002297656610608101,0.0022531840801239015,0.005563266575336456,0.0014311987906694412,0.02139951102435589,,
32627,1.0,1024,empirical_selective,cuda,0.006031544879078865,0.0017742235213518143,0.003118092194199562,0.002287043258547783,,0.0055406782776117325,,0.04289424233138561,0.019314445555210114,0.002697758376598358
32627,1.0,1024,certified_fallback,cuda,0.006031544879078865,0.0017742235213518143,0.003118092194199562,0.002287456765770912,,0.010643446817994118,,0.04530409723520279,0.019314445555210114,0.0
32627,1.0,1024,fine_mc,cpu,0.006242573261260986,0.0021019838750362396,0.002709049731492996,0.0284135602414608,0.0,0.0,0.0013359468430280685,0.041270019486546516,,
32708,0.0,256,fine_mc,cuda,0.004242779687047005,0.0472891628742218,0.0008068233728408813,0.0010626353323459625,0.0010224000215530396,0.004716683179140091,0.00044638291001319885,0.05912783369421959,,
32708,0.0,256,empirical_selective,cuda,0.004242779687047005,0.0472891628742218,0.0008068233728408813,0.001004137098789215,,0.004578480497002602,,0.0648533646017313,0.005087375640869141,0.0008605066686868668
32708,0.0,256,certified_fallback,cuda,0.004242779687047005,0.0472891628742218,0.0008068233728408813,0.0009566172957420349,,0.005067054182291031,,0.06427892111241817,0.005087375640869141,0.0
32708,0.0,256,fine_mc,cpu,0.004316771402955055,0.0257642213255167,0.0007421467453241348,0.010686224326491356,0.0,0.0,0.00033345259726047516,0.042161162942647934,,
32708,0.0,1024,fine_mc,cuda,0.004372809082269669,0.10898415371775627,0.0022584665566682816,0.0022925492376089096,0.002247936010360718,0.009746890515089035,0.001429229974746704,0.1297275759279728,,
32708,0.0,1024,empirical_selective,cuda,0.004372809082269669,0.10898415371775627,0.0022584665566682816,0.0022895056754350662,,0.010148981586098671,,0.15314723178744316,0.019804660230875015,0.0032406020909547806
32708,0.0,1024,certified_fallback,cuda,0.004372809082269669,0.10898415371775627,0.0022584665566682816,0.002286003902554512,,0.005506645888090134,,0.14524065516889095,0.019804660230875015,0.0
32708,0.0,1024,fine_mc,cpu,0.004798471927642822,0.11812602914869785,0.002428976818919182,0.03015001118183136,0.0,0.0,0.0016577430069446564,0.15755467489361763,,
32708,0.15,256,fine_mc,cuda,0.005020396783947945,0.04916611686348915,0.0007921066135168076,0.0010330770164728165,0.00099619197845459,0.004677301272749901,0.0004611629992723465,0.06174829229712486,,
32708,0.15,256,empirical_selective,cuda,0.005020396783947945,0.04916611686348915,0.0007921066135168076,0.0009917467832565308,,0.004525819793343544,,0.06768331304192543,0.00523073785007,0.0009702984243631363
32708,0.15,256,certified_fallback,cuda,0.005020396783947945,0.04916611686348915,0.0007921066135168076,0.0009001251310110092,,0.004871182143688202,,0.06683865003287792,0.00523073785007,0.0
32708,0.15,256,fine_mc,cpu,0.004953533411026001,0.03128793090581894,0.0006944146007299423,0.012164555490016937,0.0,0.0,0.0003674030303955078,0.04979324899613857,,
32708,0.15,1024,fine_mc,cuda,0.004958506673574448,0.14577536098659039,0.0025174282491207123,0.0022834446281194687,0.0022525439262390135,0.005546297878026962,0.0014443788677453995,0.16308480128645897,,
32708,0.15,1024,empirical_selective,cuda,0.004958506673574448,0.14577536098659039,0.0025174282491207123,0.002292117103934288,,0.009942712262272835,,0.191339410841465,0.020521214231848717,0.0031959041953086853
32708,0.15,1024,certified_fallback,cuda,0.004958506673574448,0.14577536098659039,0.0025174282491207123,0.0022863950580358505,,0.005475999787449837,,0.18354479409754276,0.020521214231848717,0.0
32708,0.15,1024,fine_mc,cpu,0.005049556493759155,0.18644381314516068,0.0025169290602207184,0.03266475908458233,0.0,0.0,0.0013924278318881989,0.22847197577357292,,
32708,1.0,256,fine_mc,cuda,0.005968673154711723,0.0016860123723745346,0.0006539933383464813,0.0008795764297246933,0.0008517760038375855,0.001792900264263153,0.0003935340791940689,0.011801052838563919,,
32708,1.0,256,empirical_selective,cuda,0.005968673154711723,0.0016860123723745346,0.0006539933383464813,0.0009752064943313599,,0.0016174409538507462,,0.017674075439572334,0.004999425262212753,0.0008105840533971786
32708,1.0,256,certified_fallback,cuda,0.005968673154711723,0.0016860123723745346,0.0006539933383464813,0.0009355954825878143,,0.0017614010721445084,,0.017348160967230797,0.004999425262212753,0.0
32708,1.0,256,fine_mc,cpu,0.006019772961735725,0.0004905108362436295,0.0005716364830732346,0.007181299850344658,0.0,0.0,0.0003444533795118332,0.014894679188728333,,
32708,1.0,1024,fine_mc,cuda,0.0060659125447273254,0.0022756345570087433,0.002442914992570877,0.0022844355553388596,0.0022533121109008787,0.005653141066431999,0.001448480412364006,0.02077159471809864,,
32708,1.0,1024,empirical_selective,cuda,0.0060659125447273254,0.0022756345570087433,0.002442914992570877,0.0023059360682964325,,0.009941978380084038,,0.04955923557281494,0.021537572145462036,0.002951381728053093
32708,1.0,1024,certified_fallback,cuda,0.0060659125447273254,0.0022756345570087433,0.002442914992570877,0.0023001469671726227,,0.005641378462314606,,0.0423178356140852,0.021537572145462036,0.0
32708,1.0,1024,fine_mc,cpu,0.006223304197192192,0.0020223651081323624,0.002498287707567215,0.03141943924129009,0.0,0.0,0.0013596508651971817,0.04388103820383549,,
32789,0.0,256,fine_mc,cuda,0.004253847524523735,0.02310849167406559,0.0011629369109869003,0.0010016467422246933,0.0009668480157852173,0.0017009936273097992,0.00041209161281585693,0.03217698633670807,,
32789,0.0,256,empirical_selective,cuda,0.004253847524523735,0.02310849167406559,0.0011629369109869003,0.0009407773613929749,,0.0015567783266305923,,0.037922585383057594,0.005296438932418823,0.0006699748337268829
32789,0.0,256,certified_fallback,cuda,0.004253847524523735,0.02310849167406559,0.0011629369109869003,0.0009057838469743729,,0.0018153507262468338,,0.03737636283040047,0.005296438932418823,0.0
32789,0.0,256,fine_mc,cpu,0.004290619865059853,0.026822417974472046,0.0013976078480482101,0.013001009821891785,0.0,0.0,0.0003292206674814224,0.046175720170140266,,
32789,0.0,1024,fine_mc,cuda,0.004415331408381462,0.1146772913634777,0.002986699342727661,0.0022854432463645935,0.0022525439262390135,0.005642106756567955,0.001455020159482956,0.13207540474832058,,
32789,0.0,1024,empirical_selective,cuda,0.004415331408381462,0.1146772913634777,0.002986699342727661,0.0022878851741552353,,0.010114220902323723,,0.16013438999652863,0.020383473485708237,0.0032691042870283127
32789,0.0,1024,certified_fallback,cuda,0.004415331408381462,0.1146772913634777,0.002986699342727661,0.0022862348705530167,,0.005543220788240433,,0.1522047221660614,0.020383473485708237,0.0
32789,0.0,1024,fine_mc,cpu,0.004425050690770149,0.17165345326066017,0.003081372007727623,0.03922371566295624,0.0,0.0,0.0013448502868413925,0.22010546550154686,,
32789,0.15,256,fine_mc,cuda,0.005039334297180176,0.02385282702744007,0.0010111648589372635,0.0010020565241575241,0.000967199981212616,0.0016272533684968948,0.00042191334068775177,0.0335139948874712,,
32789,0.15,256,empirical_selective,cuda,0.005039334297180176,0.02385282702744007,0.0010111648589372635,0.0009097065776586533,,0.0015524402260780334,,0.039007993414998055,0.005034506320953369,0.000649893656373024
32789,0.15,256,certified_fallback,cuda,0.005039334297180176,0.02385282702744007,0.0010111648589372635,0.000925116240978241,,0.0017362162470817566,,0.03844855912029743,0.005034506320953369,0.0
32789,0.15,256,fine_mc,cpu,0.004942014813423157,0.030635256320238113,0.0010063853114843369,0.007341880351305008,0.0,0.0,0.0003164522349834442,0.044556381180882454,,
32789,0.15,1024,fine_mc,cuda,0.004692334681749344,0.12370951473712921,0.003006400540471077,0.002285996451973915,0.002254080057144165,0.004472913220524788,0.0014354903250932693,0.1401483118534088,,
32789,0.15,1024,empirical_selective,cuda,0.004692334681749344,0.12370951473712921,0.003006400540471077,0.0023002848029136658,,0.0055833179503679276,,0.16598448343575,0.021510979160666466,0.0032027624547481537
32789,0.15,1024,certified_fallback,cuda,0.004692334681749344,0.12370951473712921,0.003006400540471077,0.0023017246276140213,,0.005561158061027527,,0.1627365294843912,0.021510979160666466,0.0
32789,0.15,1024,fine_mc,cpu,0.005096295848488808,0.1864084042608738,0.002544175833463669,0.02857953868806362,0.0,0.0,0.0015034396201372147,0.2244882807135582,,
32789,1.0,256,fine_mc,cuda,0.00605989433825016,0.0005698110908269882,0.0006699059158563614,0.0009165685623884201,0.0008873280286788941,0.0015845708549022675,0.0004123318940401077,0.010668963193893433,,
32789,1.0,256,empirical_selective,cuda,0.00605989433825016,0.0005698110908269882,0.0006699059158563614,0.0009357165545225143,,0.0015794262290000916,,0.016753334552049637,0.004927352070808411,0.0005871355533599854
32789,1.0,256,certified_fallback,cuda,0.00605989433825016,0.0005698110908269882,0.0006699059158563614,0.0009532850235700607,,0.001554138958454132,,0.01554686389863491,0.004927352070808411,0.0
32789,1.0,256,fine_mc,cpu,0.006023932248353958,0.00037804245948791504,0.000626932829618454,0.00681767612695694,0.0,0.0,0.0003188829869031906,0.01447519101202488,,
32789,1.0,1024,fine_mc,cuda,0.006155591458082199,0.0022856276482343674,0.002347255125641823,0.0022844430059194565,0.0022532799243927004,0.005711475387215614,0.0015409104526042938,0.020912734791636467,,
32789,1.0,1024,empirical_selective,cuda,0.006155591458082199,0.0022856276482343674,0.002347255125641823,0.002287706360220909,,0.010290538892149925,,0.05067196302115917,0.021688710898160934,0.0035436972975730896
32789,1.0,1024,certified_fallback,cuda,0.006155591458082199,0.0022856276482343674,0.002347255125641823,0.002288147807121277,,0.005538946017622948,,0.042371584102511406,0.021688710898160934,0.0
32789,1.0,1024,fine_mc,cpu,0.006244532763957977,0.002029944211244583,0.0026346687227487564,0.03249973803758621,0.0,0.0,0.001188088208436966,0.04494756646454334,,
32870,0.0,256,fine_mc,cuda,0.004236888140439987,0.022863689810037613,0.0007760375738143921,0.001000119373202324,0.0009648320078849792,0.0017366744577884674,0.0004245433956384659,0.03159545175731182,,
32870,0.0,256,empirical_selective,cuda,0.004236888140439987,0.022863689810037613,0.0007760375738143921,0.0009991880506277084,,0.0016142595559358597,,0.03726925142109394,0.005170566961169243,0.0006951149553060532
32870,0.0,256,certified_fallback,cuda,0.004236888140439987,0.022863689810037613,0.0007760375738143921,0.0009027756750583649,,0.0017370842397212982,,0.036695536226034164,0.005170566961169243,0.0
32870,0.0,256,fine_mc,cpu,0.004330961033701897,0.026038743555545807,0.0006859060376882553,0.012227227911353111,0.0,0.0,0.0003327038139104843,0.04395835101604462,,
32870,0.0,1024,fine_mc,cuda,0.004477070644497871,0.1293418351560831,0.002611558884382248,0.002280956134200096,0.0022505600452423094,0.0055672284215688705,0.0014357604086399078,0.1462991125881672,,
32870,0.0,1024,empirical_selective,cuda,0.004477070644497871,0.1293418351560831,0.002611558884382248,0.002290286123752594,,0.009989170357584953,,0.1739588137716055,0.01999317854642868,0.0032365843653678894
32870,0.0,1024,certified_fallback,cuda,0.004477070644497871,0.1293418351560831,0.002611558884382248,0.0022750291973352432,,0.005507489666342735,,0.16622010059654713,0.01999317854642868,0.0
32870,0.0,1024,fine_mc,cpu,0.004494773223996162,0.17110221832990646,0.0026872102171182632,0.02868777886033058,0.0,0.0,0.001329740509390831,0.20867309160530567,,
32870,0.15,256,fine_mc,cuda,0.0050886571407318115,0.024980453774333,0.000678427517414093,0.0010034646838903427,0.000969376027584076,0.0016642026603221893,0.0004242025315761566,0.03439863212406635,,
32870,0.15,256,empirical_selective,cuda,0.0050886571407318115,0.024980453774333,0.000678427517414093,0.0009243953973054886,,0.0015531014651060104,,0.03988758288323879,0.005033286288380623,0.000692363828420639
32870,0.15,256,certified_fallback,cuda,0.0050886571407318115,0.024980453774333,0.000678427517414093,0.0009453576058149338,,0.004762934520840645,,0.04236853867769241,0.005033286288380623,0.0
32870,0.15,256,fine_mc,cpu,0.004959356039762497,0.0289919413626194,0.0009830091148614883,0.006891569122672081,0.0,0.0,0.0003222823143005371,0.04245971888303757,,
32870,0.15,1024,fine_mc,cuda,0.004693232476711273,0.1246102824807167,0.0025244783610105515,0.002307916060090065,0.0022752320766448973,0.00564996711909771,0.0015423111617565155,0.1418920736759901,,
32870,0.15,1024,empirical_selective,cuda,0.004693232476711273,0.1246102824807167,0.0025244783610105515,0.002286026254296303,,0.0055510178208351135,,0.1652790866792202,0.02080092392861843,0.002680595964193344
32870,0.15,1024,certified_fallback,cuda,0.004693232476711273,0.1246102824807167,0.0025244783610105515,0.002277025952935219,,0.005549026653170586,,0.16243351623415947,0.02080092392861843,0.0
32870,0.15,1024,fine_mc,cpu,0.005145266652107239,0.1335560642182827,0.002645038068294525,0.034249069169163704,0.0,0.0,0.0011854767799377441,0.1771883089095354,,
32870,1.0,256,fine_mc,cuda,0.006008632481098175,0.0006067138165235519,0.0008134264498949051,0.0009546056389808655,0.0009195839762687683,0.004517961293458939,0.00040326453745365143,0.013746475800871849,,
32870,1.0,256,empirical_selective,cuda,0.006008632481098175,0.0006067138165235519,0.0008134264498949051,0.000974755734205246,,0.004546230658888817,,0.01948859728872776,0.004953976720571518,0.0006426107138395309
32870,1.0,256,certified_fallback,cuda,0.006008632481098175,0.0006067138165235519,0.0008134264498949051,0.0009501185268163681,,0.004564670845866203,,0.01874031312763691,0.004953976720571518,0.0
32870,1.0,256,fine_mc,cpu,0.006088512018322945,0.000372372567653656,0.0006097853183746338,0.01075388491153717,0.0,0.0,0.00031833164393901825,0.018453778699040413,,
32870,1.0,1024,fine_mc,cuda,0.006082192063331604,0.0017963945865631104,0.0025667566806077957,0.0022875573486089706,0.0022553598880767824,0.0056523773819208145,0.0014356505125761032,0.020414983853697777,,
32870,1.0,1024,empirical_selective,cuda,0.006082192063331604,0.0017963945865631104,0.0025667566806077957,0.002285705879330635,,0.005578327924013138,,0.044144004583358765,0.02075362578034401,0.0029999222606420517
32870,1.0,1024,certified_fallback,cuda,0.006082192063331604,0.0017963945865631104,0.0025667566806077957,0.002289464697241783,,0.011142875999212265,,0.04667161963880062,0.02075362578034401,0.0
32870,1.0,1024,fine_mc,cpu,0.0062432847917079926,0.0018136724829673767,0.002611447125673294,0.032246436923742294,0.0,0.0,0.001327039673924446,0.04466838389635086,,
32952,0.0,256,fine_mc,cuda,0.004323268309235573,0.030751433223485947,0.0014389492571353912,0.0010463949292898178,0.001008288025856018,0.004997188225388527,0.0004617944359779358,0.0436245147138834,,
32952,0.0,256,empirical_selective,cuda,0.004323268309235573,0.030751433223485947,0.0014389492571353912,0.000973505899310112,,0.0038497354835271835,,0.04901283606886864,0.005586270242929459,0.001117737963795662
32952,0.0,256,certified_fallback,cuda,0.004323268309235573,0.030751433223485947,0.0014389492571353912,0.0008800849318504333,,0.0017424020916223526,,0.04556633159518242,0.005586270242929459,0.0
32952,0.0,256,fine_mc,cpu,0.004304710775613785,0.02299596183001995,0.0007970444858074188,0.007094820961356163,0.0,0.0,0.0003144107758998871,0.035848343744874,,
32952,0.0,1024,fine_mc,cuda,0.005797389894723892,0.11186139285564423,0.00251905620098114,0.002287924289703369,0.0022559680938720704,0.005550248548388481,0.001450592651963234,0.13005940057337284,,
32952,0.0,1024,empirical_selective,cuda,0.005797389894723892,0.11186139285564423,0.00251905620098114,0.0022921431809663773,,0.009943308308720589,,0.1587818618863821,0.02114694006741047,0.0030490588396787643
32952,0.0,1024,certified_fallback,cuda,0.005797389894723892,0.11186139285564423,0.00251905620098114,0.0023069437593221664,,0.005656339228153229,,0.15140026062726974,0.02114694006741047,0.0
32952,0.0,1024,fine_mc,cpu,0.004326162859797478,0.1815742813050747,0.0027433987706899643,0.03535790741443634,0.0,0.0,0.0013982336968183517,0.22576443292200565,,
32952,0.15,256,fine_mc,cuda,0.005138605833053589,0.027646943926811218,0.0013459213078022003,0.0010096151381731033,0.0009732159972190857,0.0018247906118631363,0.00044014304876327515,0.03799631632864475,,
32952,0.15,256,empirical_selective,cuda,0.005138605833053589,0.027646943926811218,0.0013459213078022003,0.0010180976241827011,,0.0015998724848031998,,0.04454178176820278,0.005972731858491898,0.0008415225893259048
32952,0.15,256,certified_fallback,cuda,0.005138605833053589,0.027646943926811218,0.0013459213078022003,0.0009112469851970673,,0.0018699746578931808,,0.043748604133725166,0.005972731858491898,0.0
32952,0.15,256,fine_mc,cpu,0.00520249642431736,0.03253582864999771,0.0007029641419649124,0.012792836874723434,0.0,0.0,0.00039524398744106293,0.052003003656864166,,
32952,0.15,1024,fine_mc,cuda,0.004729432985186577,0.1232376117259264,0.0026905573904514313,0.0022798459976911545,0.0022495040893554686,0.004255039617419243,0.0016100406646728516,0.13939364440739155,,
32952,0.15,1024,empirical_selective,cuda,0.004729432985186577,0.1232376117259264,0.0026905573904514313,0.0023366883397102356,,0.010309424251317978,,0.1711895875632763,0.02237950637936592,0.003319833427667618
32952,0.15,1024,certified_fallback,cuda,0.004729432985186577,0.1232376117259264,0.0026905573904514313,0.0022903569042682648,,0.005504678934812546,,0.1627975758165121,0.02237950637936592,0.0
32952,0.15,1024,fine_mc,cpu,0.004992283880710602,0.18951491452753544,0.0029666703194379807,0.03276432119309902,0.0,0.0,0.0014124196022748947,0.23202173225581646,,
32952,1.0,256,fine_mc,cuda,0.007824966683983803,0.0007302965968847275,0.0006835348904132843,0.0009153448045253754,0.0008867200016975402,0.004520779475569725,0.0004748031497001648,0.015660138800740242,,
32952,1.0,256,empirical_selective,cuda,0.007824966683983803,0.0007302965968847275,0.0006835348904132843,0.0012125801295042038,,0.00472244992852211,,0.022405274212360382,0.0055229682475328445,0.0006750933825969696
32952,1.0,256,certified_fallback,cuda,0.007824966683983803,0.0007302965968847275,0.0006835348904132843,0.0009343661367893219,,0.004462020471692085,,0.021002117544412613,0.0055229682475328445,0.0
32952,1.0,256,fine_mc,cpu,0.006105704233050346,0.0004937741905450821,0.0008006449788808823,0.012104053050279617,0.0,0.0,0.00037432461977005005,0.020182911306619644,,
32952,1.0,1024,fine_mc,cuda,0.006218394264578819,0.0017992835491895676,0.00264124758541584,0.0022965483367443085,0.002265343904495239,0.009788550436496735,0.0015399511903524399,0.0249143335968256,,
32952,1.0,1024,empirical_selective,cuda,0.006218394264578819,0.0017992835491895676,0.00264124758541584,0.002295706421136856,,0.0056491512805223465,,0.04895925335586071,0.024748094379901886,0.0034843124449253082
32952,1.0,1024,certified_fallback,cuda,0.006218394264578819,0.0017992835491895676,0.00264124758541584,0.0023207757622003555,,0.01055719330906868,,0.05035318434238434,0.024748094379901886,0.0
32952,1.0,1024,fine_mc,cpu,0.006217854097485542,0.001635981723666191,0.002274872735142708,0.027685724198818207,0.0,0.0,0.0013821888715028763,0.03955519571900368,,
33033,0.0,256,fine_mc,cuda,0.005400087684392929,0.026872167363762856,0.0012355893850326538,0.0010434556752443314,0.0010068479776382446,0.004750790074467659,0.0004773717373609543,0.04045257158577442,,
33033,0.0,256,empirical_selective,cuda,0.005400087684392929,0.026872167363762856,0.0012355893850326538,0.0009688977152109146,,0.004628801718354225,,0.04651709087193012,0.00537421740591526,0.000997547060251236
33033,0.0,256,certified_fallback,cuda,0.005400087684392929,0.026872167363762856,0.0012355893850326538,0.0009015575051307678,,0.00465153343975544,,0.045344403013587,0.00537421740591526,0.0
33033,0.0,256,fine_mc,cpu,0.0043072085827589035,0.028966471552848816,0.001030227169394493,0.010541463270783424,0.0,0.0,0.0003855135291814804,0.04571716859936714,,
33033,0.0,1024,fine_mc,cuda,0.004681391641497612,0.10954293794929981,0.002723781391978264,0.002286916598677635,0.002256511926651001,0.009608805179595947,0.0014505404978990555,0.13100557774305344,,
33033,0.0,1024,empirical_selective,cuda,0.004681391641497612,0.10954293794929981,0.002723781391978264,0.002291496843099594,,0.010819405317306519,,0.1580553874373436,0.022449128329753876,0.003171619027853012
33033,0.0,1024,certified_fallback,cuda,0.004681391641497612,0.10954293794929981,0.002723781391978264,0.0022818762809038162,,0.005550390109419823,,0.1493473555892706,0.022449128329753876,0.0
33033,0.0,1024,fine_mc,cpu,0.0044108796864748,0.17249948531389236,0.0026589371263980865,0.03822532668709755,0.0,0.0,0.001408349722623825,0.21969426423311234,,
33033,0.15,256,fine_mc,cuda,0.005513448268175125,0.02590230293571949,0.0008162260055541992,0.0012092366814613342,0.0011640640497207642,0.0017683207988739014,0.0006017517298460007,0.03678777813911438,,
33033,0.15,256,empirical_selective,cuda,0.005513448268175125,0.02590230293571949,0.0008162260055541992,0.0010061990469694138,,0.0015874337404966354,,0.0423368439078331,0.0056632403284311295,0.0007245056331157684
33033,0.15,256,certified_fallback,cuda,0.005513448268175125,0.02590230293571949,0.0008162260055541992,0.0009086858481168747,,0.001732662320137024,,0.04150012880563736,0.0056632403284311295,0.0
33033,0.15,256,fine_mc,cpu,0.005045795813202858,0.03353848494589329,0.000719897449016571,0.01317228190600872,0.0,0.0,0.00032902322709560394,0.05327241122722626,,
33033,0.15,1024,fine_mc,cuda,0.005606239661574364,0.13644765503704548,0.002766331657767296,0.002309955656528473,0.002278016090393066,0.006225762888789177,0.0015646405518054962,0.15563328005373478,,
33033,0.15,1024,empirical_selective,cuda,0.005606239661574364,0.13644765503704548,0.002766331657767296,0.0023084431886672974,,0.005772419273853302,,0.18693086877465248,0.028572849929332733,0.003252573311328888
33033,0.15,1024,certified_fallback,cuda,0.005606239661574364,0.13644765503704548,0.002766331657767296,0.002293746918439865,,0.005864333361387253,,0.18434282019734383,0.028572849929332733,0.0
33033,0.15,1024,fine_mc,cpu,0.0063555240631103516,0.1892757136374712,0.0024811886250972748,0.03666150942444801,0.0,0.0,0.0014877598732709885,0.23684086836874485,,
33033,1.0,256,fine_mc,cuda,0.008096065372228622,0.0006640646606683731,0.0015229210257530212,0.0009661167860031128,0.0009363200068473816,0.0016640331596136093,0.00040883198380470276,0.013903945684432983,,
33033,1.0,256,empirical_selective,cuda,0.008096065372228622,0.0006640646606683731,0.0015229210257530212,0.0010803062468767166,,0.0015889015048742294,,0.01998942159116268,0.005383128300309181,0.0005781520158052444
33033,1.0,256,certified_fallback,cuda,0.008096065372228622,0.0006640646606683731,0.0015229210257530212,0.0010152272880077362,,0.0053014568984508514,,0.022885940968990326,0.005383128300309181,0.0
33033,1.0,256,fine_mc,cpu,0.006669105961918831,0.0004625953733921051,0.0007461328059434891,0.012705450877547264,0.0,0.0,0.00033253245055675507,0.023841507732868195,,
33033,1.0,1024,fine_mc,cuda,0.007107527926564217,0.0016883425414562225,0.0025739390403032303,0.00231102854013443,0.0022739200592041017,0.010197879746556282,0.0014618299901485443,0.02609996125102043,,
33033,1.0,1024,empirical_selective,cuda,0.007107527926564217,0.0016883425414562225,0.0025739390403032303,0.002309165894985199,,0.005910910665988922,,0.04634223319590092,0.021153058856725693,0.0033616535365581512
33033,1.0,1024,certified_fallback,cuda,0.007107527926564217,0.0016883425414562225,0.0025739390403032303,0.0022994261234998703,,0.006462644785642624,,0.04379751719534397,0.021153058856725693,0.0
33033,1.0,1024,fine_mc,cpu,0.0066416095942258835,0.0015119705349206924,0.004116268828511238,0.03372642397880554,0.0,0.0,0.0013584792613983154,0.04788477160036564,,
33114,0.0,256,fine_mc,cuda,0.0049216728657484055,0.022624308243393898,0.0011799093335866928,0.0013515707105398178,0.0013098560571670533,0.0017581824213266373,0.00042791105806827545,0.03289330005645752,,
33114,0.0,256,empirical_selective,cuda,0.0049216728657484055,0.022624308243393898,0.0011799093335866928,0.001234397292137146,,0.0015721414238214493,,0.03941825591027737,0.005930401384830475,0.0010040570050477982
33114,0.0,256,certified_fallback,cuda,0.0049216728657484055,0.022624308243393898,0.0011799093335866928,0.0012669283896684647,,0.00535062700510025,,0.042142245918512344,0.005930401384830475,0.0
33114,0.0,256,fine_mc,cpu,0.004454512149095535,0.030401652678847313,0.0010895486921072006,0.011812033131718636,0.0,0.0,0.00032474473118782043,0.0484330840408802,,
33114,0.0,1024,fine_mc,cuda,0.005926661193370819,0.10890665091574192,0.0025331471115350723,0.002294875681400299,0.0022602560520172117,0.010511035099625587,0.0014531798660755157,0.13229072280228138,,
33114,0.0,1024,empirical_selective,cuda,0.005926661193370819,0.10890665091574192,0.0025331471115350723,0.002291126176714897,,0.01083693653345108,,0.15584621950984,0.01987260952591896,0.0033911243081092834
33114,0.0,1024,certified_fallback,cuda,0.005926661193370819,0.10890665091574192,0.0025331471115350723,0.0022899750620126724,,0.005991609767079353,,0.1475647334009409,0.01987260952591896,0.0
33114,0.0,1024,fine_mc,cpu,0.004383819177746773,0.17515329644083977,0.0033672433346509933,0.03892406448721886,0.0,0.0,0.0013103075325489044,0.22352588549256325,,
33114,0.15,256,fine_mc,cuda,0.005011308938264847,0.02426164038479328,0.0010729283094406128,0.0010226871818304062,0.0009867519736289979,0.001707838848233223,0.00045656412839889526,0.03412354923784733,,
33114,0.15,256,empirical_selective,cuda,0.005011308938264847,0.02426164038479328,0.0010729283094406128,0.0009690858423709869,,0.0018698740750551224,,0.04002109915018082,0.005179114639759064,0.0006787516176700592
33114,0.15,256,certified_fallback,cuda,0.005011308938264847,0.02426164038479328,0.0010729283094406128,0.0008877143263816833,,0.0017971955239772797,,0.0390829611569643,0.005179114639759064,0.0
33114,0.15,256,fine_mc,cpu,0.005063675343990326,0.03133055008947849,0.0011387988924980164,0.012139813974499702,0.0,0.0,0.00032721273601055145,0.050336871296167374,,
33114,0.15,1024,fine_mc,cuda,0.0046421829611063,0.13728464022278786,0.0030496902763843536,0.0022958163172006607,0.002262784004211426,0.008517920970916748,0.0014539603143930435,0.15781044401228428,,
33114,0.15,1024,empirical_selective,cuda,0.0046421829611063,0.13728464022278786,0.0030496902763843536,0.0022922642529010773,,0.01020672358572483,,0.18394087813794613,0.02073044329881668,0.0029045213013887405
33114,0.15,1024,certified_fallback,cuda,0.0046421829611063,0.13728464022278786,0.0030496902763843536,0.0022959262132644653,,0.006270252168178558,,0.1762780137360096,0.02073044329881668,0.0
33114,0.15,1024,fine_mc,cpu,0.006011191755533218,0.12736050225794315,0.0023644287139177322,0.031606681644916534,0.0,0.0,0.0013486389070749283,0.16908184252679348,,
33114,1.0,256,fine_mc,cuda,0.006080532446503639,0.0006360448896884918,0.0006723031401634216,0.0010204482823610306,0.0009879999756813049,0.00166340172290802,0.0004333537071943283,0.010982707142829895,,
33114,1.0,256,empirical_selective,cuda,0.006080532446503639,0.0006360448896884918,0.0006723031401634216,0.001111367717385292,,0.0016230251640081406,,0.016817837953567505,0.005109068006277084,0.0006299111992120743
33114,1.0,256,certified_fallback,cuda,0.006080532446503639,0.0006360448896884918,0.0006723031401634216,0.0010181888937950134,,0.0017699748277664185,,0.016204116865992546,0.005109068006277084,0.0
33114,1.0,256,fine_mc,cpu,0.006128832697868347,0.0005358029156923294,0.000608416274189949,0.007181379944086075,0.0,0.0,0.0003372225910425186,0.015101397410035133,,
33114,1.0,1024,fine_mc,cuda,0.006154211238026619,0.002316206693649292,0.0028054695576429367,0.0023115240037441254,0.0022775039672851562,0.009033683687448502,0.0014980286359786987,0.024710601195693016,,
33114,1.0,1024,empirical_selective,cuda,0.006154211238026619,0.002316206693649292,0.0028054695576429367,0.0023202039301395416,,0.005976935848593712,,0.046850698068737984,0.022185515612363815,0.002995019778609276
33114,1.0,1024,certified_fallback,cuda,0.006154211238026619,0.002316206693649292,0.0028054695576429367,0.0022931452840566635,,0.005918119102716446,,0.04365893825888634,0.022185515612363815,0.0
33114,1.0,1024,fine_mc,cpu,0.006775606423616409,0.0016161315143108368,0.002480939030647278,0.03640095330774784,0.0,0.0,0.0014670994132757187,0.049169670790433884,,
33195,0.0,256,fine_mc,cuda,0.004143580794334412,0.022701578214764595,0.001146288588643074,0.0009916648268699646,0.0009557440280914307,0.0017702318727970123,0.0004375334829092026,0.031839361414313316,,
33195,0.0,256,empirical_selective,cuda,0.004143580794334412,0.022701578214764595,0.001146288588643074,0.0010872557759284973,,0.0015904717147350311,,0.03786684200167656,0.0054070185869932175,0.000687524676322937
33195,0.0,256,certified_fallback,cuda,0.004143580794334412,0.022701578214764595,0.001146288588643074,0.0009403247386217117,,0.005166327580809593,,0.04040909186005592,0.0054070185869932175,0.0
33195,0.0,256,fine_mc,cpu,0.004273757338523865,0.028229298070073128,0.0006819870322942734,0.01063227653503418,0.0,0.0,0.0003313422203063965,0.04456745274364948,,
33195,0.0,1024,fine_mc,cuda,0.005904302000999451,0.11180156283080578,0.002817690372467041,0.0022782254964113235,0.002247999906539917,0.010570574551820755,0.0017350520938634872,0.13590668886899948,,
33195,0.0,1024,empirical_selective,cuda,0.005904302000999451,0.11180156283080578,0.002817690372467041,0.002288196235895157,,0.010516345500946045,,0.15719127096235752,0.018990831449627876,0.002749316394329071
33195,0.0,1024,certified_fallback,cuda,0.005904302000999451,0.11180156283080578,0.002817690372467041,0.0022827759385108948,,0.005980450659990311,,0.1499644573777914,0.018990831449627876,0.0
33195,0.0,1024,fine_mc,cpu,0.004336029291152954,0.1689148209989071,0.002767067402601242,0.037766844034194946,0.0,0.0,0.001344950869679451,0.21558219008147717,,
33195,0.15,256,fine_mc,cuda,0.005126615986227989,0.025241605937480927,0.0011558681726455688,0.0009934362024068832,0.0009581440091133117,0.0017664413899183273,0.00044331327080726624,0.035384347662329674,,
33195,0.15,256,empirical_selective,cuda,0.005126615986227989,0.025241605937480927,0.0011558681726455688,0.000959666445851326,,0.001565670594573021,,0.04078024812042713,0.005076086148619652,0.0006190557032823563
33195,0.15,256,certified_fallback,cuda,0.005126615986227989,0.025241605937480927,0.0011558681726455688,0.0009083561599254608,,0.0018601417541503906,,0.04030229523777962,0.005076086148619652,0.0
33195,0.15,256,fine_mc,cpu,0.004956543445587158,0.030446480959653854,0.0007140357047319412,0.012237075716257095,0.0,0.0,0.0003546513617038727,0.049124523997306824,,
33195,0.15,1024,fine_mc,cuda,0.004871433600783348,0.12549620866775513,0.0024503767490386963,0.002294827252626419,0.002257920026779175,0.006065351888537407,0.0014384984970092773,0.14327949285507202,,
33195,0.15,1024,empirical_selective,cuda,0.004871433600783348,0.12549620866775513,0.0024503767490386963,0.002292746677994728,,0.011252839118242264,,0.17198351211845875,0.02042551338672638,0.0029819700866937637
33195,0.15,1024,certified_fallback,cuda,0.004871433600783348,0.12549620866775513,0.0024503767490386963,0.0022958870977163315,,0.00611320324242115,,0.1637321151793003,0.02042551338672638,0.0
33195,0.15,1024,fine_mc,cpu,0.005134986713528633,0.191277377307415,0.0028476398438215256,0.03550381027162075,0.0,0.0,0.0013940725475549698,0.23668422736227512,,
33195,1.0,256,fine_mc,cuda,0.0061110928654670715,0.0009713247418403625,0.0006371363997459412,0.0009018182754516602,0.0008722879886627197,0.0016451217234134674,0.0004072412848472595,0.011192148551344872,,
33195,1.0,256,empirical_selective,cuda,0.0061110928654670715,0.0009713247418403625,0.0006371363997459412,0.0011341087520122528,,0.00160142220556736,,0.017481472343206406,0.00525965541601181,0.0005969442427158356
33195,1.0,256,certified_fallback,cuda,0.0061110928654670715,0.0009713247418403625,0.0006371363997459412,0.0011376366019248962,,0.001780882477760315,,0.016945526003837585,0.00525965541601181,0.0
33195,1.0,256,fine_mc,cpu,0.006486393511295319,0.0003860741853713989,0.0007679276168346405,0.01169937290251255,0.0,0.0,0.0003265347331762314,0.020063744857907295,,
33195,1.0,1024,fine_mc,cuda,0.006066422909498215,0.0017709527164697647,0.0022979360073804855,0.0023040566593408585,0.002267967939376831,0.006290275603532791,0.0015409700572490692,0.020994368940591812,,
33195,1.0,1024,empirical_selective,cuda,0.006066422909498215,0.0017709527164697647,0.0022979360073804855,0.0023113638162612915,,0.00586332194507122,,0.04506303556263447,0.021433550864458084,0.0031817425042390823
33195,1.0,1024,certified_fallback,cuda,0.006066422909498215,0.0017709527164697647,0.0022979360073804855,0.0023081544786691666,,0.01188226230442524,,0.047851769253611565,0.021433550864458084,0.0
33195,1.0,1024,fine_mc,cpu,0.006235750392079353,0.001608680933713913,0.002535417675971985,0.027220729738473892,0.0,0.0,0.001374250277876854,0.03942887485027313,,
33276,0.0,256,fine_mc,cuda,0.004349907860159874,0.028810979798436165,0.00191563181579113,0.0010503660887479782,0.0010099200010299683,0.00481974333524704,0.0004082433879375458,0.04194079525768757,,
33276,0.0,256,empirical_selective,cuda,0.004349907860159874,0.028810979798436165,0.00191563181579113,0.0009644050151109695,,0.004458190873265266,,0.047762198373675346,0.005462147295475006,0.000824514776468277
33276,0.0,256,certified_fallback,cuda,0.004349907860159874,0.028810979798436165,0.00191563181579113,0.0009120069444179535,,0.0049598440527915955,,0.047248704358935356,0.005462147295475006,0.0
33276,0.0,256,fine_mc,cpu,0.0042787715792655945,0.025828491896390915,0.0007336270064115524,0.01326032169163227,0.0,0.0,0.0003853440284729004,0.04487494379281998,,
33276,0.0,1024,fine_mc,cuda,0.004973866045475006,0.12474818155169487,0.002712659537792206,0.0022676177322864532,0.002238591909408569,0.00576530396938324,0.0014223400503396988,0.14245522767305374,,
33276,0.0,1024,empirical_selective,cuda,0.004973866045475006,0.12474818155169487,0.002712659537792206,0.0022983159869909286,,0.010672394186258316,,0.17084190621972084,0.020243173465132713,0.003140682354569435
33276,0.0,1024,certified_fallback,cuda,0.004973866045475006,0.12474818155169487,0.002712659537792206,0.0023021474480628967,,0.005789048969745636,,0.16277441009879112,0.020243173465132713,0.0
33276,0.0,1024,fine_mc,cpu,0.004802636802196503,0.132334116846323,0.0027200691401958466,0.03348400443792343,0.0,0.0,0.0014447998255491257,0.17519216239452362,,
33276,0.15,256,fine_mc,cuda,0.005286147817969322,0.025933770462870598,0.0010759979486465454,0.0010139364749193192,0.000976639986038208,0.001732243224978447,0.00042738206684589386,0.03604262322187424,,
33276,0.15,256,empirical_selective,cuda,0.005286147817969322,0.025933770462870598,0.0010759979486465454,0.0009685363620519638,,0.0016021691262722015,,0.04157753102481365,0.005062935873866081,0.0006720051169395447
33276,0.15,256,certified_fallback,cuda,0.005286147817969322,0.025933770462870598,0.0010759979486465454,0.0009569451212882996,,0.001786012202501297,,0.04097010754048824,0.005062935873866081,0.0
33276,0.15,256,fine_mc,cpu,0.005078155547380447,0.03483946435153484,0.0007387828081846237,0.013497184962034225,0.0,0.0,0.0003419630229473114,0.054837292060256004,,
33276,0.15,1024,fine_mc,cuda,0.0064928047358989716,0.13234182447195053,0.0024787094444036484,0.0022992175072431564,0.0022647039890289307,0.006166880950331688,0.0014544203877449036,0.15181448310613632,,
33276,0.15,1024,empirical_selective,cuda,0.0064928047358989716,0.13234182447195053,0.0024787094444036484,0.0022891759872436523,,0.006079809740185738,,0.1759506817907095,0.020376581698656082,0.0038299281150102615
33276,0.15,1024,certified_fallback,cuda,0.0064928047358989716,0.13234182447195053,0.0024787094444036484,0.0022845864295959473,,0.010949347168207169,,0.1774901319295168,0.020376581698656082,0.0
33276,0.15,1024,fine_mc,cpu,0.005383865907788277,0.19657053612172604,0.0029364414513111115,0.034599363803863525,0.0,0.0,0.0013768281787633896,0.2413330115377903,,
33276,1.0,256,fine_mc,cuda,0.007378030568361282,0.0006498135626316071,0.0010046381503343582,0.0009124372154474258,0.000882207989692688,0.0016728416085243225,0.0004181712865829468,0.012525917962193489,,
33276,1.0,256,empirical_selective,cuda,0.007378030568361282,0.0006498135626316071,0.0010046381503343582,0.0009543374180793762,,0.00159488245844841,,0.018202053382992744,0.005019564181566238,0.0006602257490158081
33276,1.0,256,certified_fallback,cuda,0.007378030568361282,0.0006498135626316071,0.0010046381503343582,0.0008851848542690277,,0.0016334988176822662,,0.01741286739706993,0.005019564181566238,0.0
33276,1.0,256,fine_mc,cpu,0.0060080792754888535,0.0003796946257352829,0.0005740132182836533,0.007306322455406189,0.0,0.0,0.00033123232424259186,0.01490914635360241,,
33276,1.0,1024,fine_mc,cuda,0.006090663373470306,0.0022215545177459717,0.0025301873683929443,0.0022813472896814346,0.0022507200241088867,0.00730627216398716,0.0014552697539329529,0.02247045747935772,,
33276,1.0,1024,empirical_selective,cuda,0.006090663373470306,0.0022215545177459717,0.0025301873683929443,0.00228811614215374,,0.005962781608104706,,0.04877370037138462,0.024689843878149986,0.0028573814779520035
33276,1.0,1024,certified_fallback,cuda,0.006090663373470306,0.0022215545177459717,0.0025301873683929443,0.0022830646485090256,,0.004207227379083633,,0.04409997910261154,0.024689843878149986,0.0
33276,1.0,1024,fine_mc,cpu,0.0068846195936203,0.0020064637064933777,0.002524428069591522,0.028909413143992424,0.0,0.0,0.0014417190104722977,0.04214237630367279,,
33358,0.0,256,fine_mc,cuda,0.005369698628783226,0.029336975887417793,0.0007658861577510834,0.0012159477919340134,0.0011738239526748657,0.004986166954040527,0.0004704240709543228,0.0427656602114439,,
33358,0.0,256,empirical_selective,cuda,0.005369698628783226,0.029336975887417793,0.0007658861577510834,0.0011868607252836227,,0.004641931504011154,,0.04956110753118992,0.006221752613782883,0.0009977370500564575
33358,0.0,256,certified_fallback,cuda,0.005369698628783226,0.029336975887417793,0.0007658861577510834,0.0009473767131567001,,0.0051019564270973206,,0.048592960461974144,0.006221752613782883,0.0
33358,0.0,256,fine_mc,cpu,0.00447314977645874,0.029139352962374687,0.0006968248635530472,0.012676320970058441,0.0,0.0,0.00035809166729450226,0.04768659174442291,,
33358,0.0,1024,fine_mc,cuda,0.005718240514397621,0.10973178781569004,0.002622067928314209,0.002281446009874344,0.002249311923980713,0.010412752628326416,0.0016046520322561264,0.1329884398728609,,
33358,0.0,1024,empirical_selective,cuda,0.005718240514397621,0.10973178781569004,0.002622067928314209,0.0022931769490242004,,0.010466881096363068,,0.1585673075169325,0.022370776161551476,0.0029659830033779144
33358,0.0,1024,certified_fallback,cuda,0.005718240514397621,0.10973178781569004,0.002622067928314209,0.0022766850888729095,,0.006109913811087608,,0.15085872262716293,0.022370776161551476,0.0
33358,0.0,1024,fine_mc,cpu,0.0059587229043245316,0.17038395255804062,0.002695968374609947,0.0347250048071146,0.0,0.0,0.0013807304203510284,0.21552417054772377,,
33358,0.15,256,fine_mc,cuda,0.005014745518565178,0.024746133014559746,0.001558082178235054,0.0009938981384038925,0.0009593600034713745,0.0017519425600767136,0.0004525724798440933,0.03509346768260002,,
33358,0.15,256,empirical_selective,cuda,0.005014745518565178,0.024746133014559746,0.001558082178235054,0.0009711459279060364,,0.0016477368772029877,,0.04076491482555866,0.005120882764458656,0.0007635653018951416
33358,0.15,256,certified_fallback,cuda,0.005014745518565178,0.024746133014559746,0.001558082178235054,0.0008655954152345657,,0.001796981319785118,,0.040490470826625824,0.005120882764458656,0.0
33358,0.15,256,fine_mc,cpu,0.005200795829296112,0.030531803146004677,0.0007358063012361526,0.012690568342804909,0.0,0.0,0.000321144238114357,0.04979413002729416,,
33358,0.15,1024,fine_mc,cuda,0.004710771143436432,0.1307484768331051,0.002328265458345413,0.0022827759385108948,0.0022523200511932375,0.006139963865280151,0.001425132155418396,0.1482214778661728,,
33358,0.15,1024,empirical_selective,cuda,0.004710771143436432,0.1307484768331051,0.002328265458345413,0.0023195259273052216,,0.009292114526033401,,0.17431334778666496,0.019732678309082985,0.0030475612729787827
33358,0.15,1024,certified_fallback,cuda,0.004710771143436432,0.1307484768331051,0.002328265458345413,0.0023108571767807007,,0.005492169409990311,,0.16728843189775944,0.019732678309082985,0.0
33358,0.15,1024,fine_mc,cpu,0.00540078803896904,0.19574949145317078,0.0025286059826612473,0.0343378409743309,0.0,0.0,0.001576462760567665,0.24003063142299652,,
33358,1.0,256,fine_mc,cuda,0.006465176120400429,0.0007017850875854492,0.0008997470140457153,0.000892937183380127,0.0008631359934806824,0.001577349379658699,0.0004199109971523285,0.011395938694477081,,
33358,1.0,256,empirical_selective,cuda,0.006465176120400429,0.0007017850875854492,0.0008997470140457153,0.0009513683617115021,,0.0015934798866510391,,0.017176639288663864,0.005044683814048767,0.0006400551646947861
33358,1.0,256,certified_fallback,cuda,0.006465176120400429,0.0007017850875854492,0.0008997470140457153,0.0009074565023183823,,0.001545839011669159,,0.01636611483991146,0.005044683814048767,0.0
33358,1.0,256,fine_mc,cpu,0.006007462739944458,0.0004457719624042511,0.0005670972168445587,0.006575636565685272,0.0,0.0,0.0003070123493671417,0.014194559305906296,,
33358,1.0,1024,fine_mc,cuda,0.006105983629822731,0.0017746742814779282,0.0025579892098903656,0.002287415787577629,0.002252288103103638,0.005676960572600365,0.0016131512820720673,0.020659256726503372,,
33358,1.0,1024,empirical_selective,cuda,0.006105983629822731,0.0017746742814779282,0.0025579892098903656,0.0022894665598869324,,0.009756408631801605,,0.05049266293644905,0.023138979449868202,0.002827940508723259
33358,1.0,1024,certified_fallback,cuda,0.006105983629822731,0.0017746742814779282,0.0025579892098903656,0.00228300504386425,,0.005612613633275032,,0.04352841153740883,0.023138979449868202,0.0
33358,1.0,1024,fine_mc,cpu,0.006358111277222633,0.0016467850655317307,0.0027600470930337906,0.033405404537916183,0.0,0.0,0.0012658778578042984,0.045841362327337265,,
33439,0.0,256,fine_mc,cuda,0.004218680784106255,0.02465430460870266,0.0007662530988454819,0.0012183208018541336,0.0011764479875564576,0.0017408840358257294,0.00047557614743709564,0.03370892256498337,,
33439,0.0,256,empirical_selective,cuda,0.004218680784106255,0.02465430460870266,0.0007662530988454819,0.0009865183383226395,,0.001628480851650238,,0.03925885073840618,0.0053308457136154175,0.0007343757897615433
33439,0.0,256,certified_fallback,cuda,0.004218680784106255,0.02465430460870266,0.0007662530988454819,0.0009453948587179184,,0.001706993207335472,,0.03846108354628086,0.0053308457136154175,0.0
33439,0.0,256,fine_mc,cpu,0.004298469051718712,0.02678837813436985,0.0007316935807466507,0.009960280731320381,0.0,0.0,0.0003243107348680496,0.04242764785885811,,
33439,0.0,1024,fine_mc,cuda,0.004353540018200874,0.11173300072550774,0.002835698425769806,0.0023183152079582214,0.0022754559516906738,0.008724741637706757,0.0014968477189540863,0.1321459524333477,,
33439,0.0,1024,empirical_selective,cuda,0.004353540018200874,0.11173300072550774,0.002835698425769806,0.00229545496404171,,0.009926939383149147,,0.15951930545270443,0.02297588251531124,0.0033215638250112534
33439,0.0,1024,certified_fallback,cuda,0.004353540018200874,0.11173300072550774,0.002835698425769806,0.002312134951353073,,0.005640711635351181,,0.15239482559263706,0.02297588251531124,0.0
33439,0.0,1024,fine_mc,cpu,0.0043970998376607895,0.17160424776375294,0.003161780536174774,0.037518542259931564,0.0,0.0,0.0012545697391033173,0.21832395903766155,,
33439,0.15,256,fine_mc,cuda,0.005038274452090263,0.030405914410948753,0.0009117759764194489,0.0015372000634670258,0.001487615942955017,0.0018967557698488235,0.0005437321960926056,0.041125666350126266,,
33439,0.15,256,empirical_selective,cuda,0.005038274452090263,0.030405914410948753,0.0009117759764194489,0.0010028798133134842,,0.0016592387109994888,,0.04835423640906811,0.006839007139205933,0.0008013974875211716
33439,0.15,256,certified_fallback,cuda,0.005038274452090263,0.030405914410948753,0.0009117759764194489,0.0009894594550132751,,0.0016193799674510956,,0.04671068675816059,0.006839007139205933,0.0
33439,0.15,256,fine_mc,cpu,0.005051994696259499,0.0301969014108181,0.0007255561649799347,0.0067724548280239105,0.0,0.0,0.0003183037042617798,0.04339801147580147,,
33439,0.15,1024,fine_mc,cuda,0.00488627515733242,0.12216378375887871,0.0032549314200878143,0.0022849570959806442,0.0022486400604248046,0.005627728998661041,0.0014504995197057724,0.1402585506439209,,
33439,0.15,1024,empirical_selective,cuda,0.00488627515733242,0.12216378375887871,0.0032549314200878143,0.002292003482580185,,0.0094995629042387,,0.16731132939457893,0.020055610686540604,0.0030565019696950912
33439,0.15,1024,certified_fallback,cuda,0.00488627515733242,0.12216378375887871,0.0032549314200878143,0.002282196655869484,,0.006206361576914787,,0.16084951348602772,0.020055610686540604,0.0
33439,0.15,1024,fine_mc,cpu,0.00505414791405201,0.1879652738571167,0.0029635224491357803,0.031921133399009705,0.0,0.0,0.0014194399118423462,0.22973107919096947,,
33439,1.0,256,fine_mc,cuda,0.006070023402571678,0.0006582736968994141,0.0016922913491725922,0.0009205080568790436,0.0008892160058021545,0.004854027181863785,0.0004292018711566925,0.015072528272867203,,
33439,1.0,256,empirical_selective,cuda,0.006070023402571678,0.0006582736968994141,0.0016922913491725922,0.0009915754199028015,,0.004731040447950363,,0.020943686366081238,0.005062643438577652,0.0008018426597118378
33439,1.0,256,certified_fallback,cuda,0.006070023402571678,0.0006582736968994141,0.0016922913491725922,0.0009637065231800079,,0.004826545715332031,,0.02009553089737892,0.005062643438577652,0.0
33439,1.0,256,fine_mc,cpu,0.005992120131850243,0.000368364155292511,0.0006248150020837784,0.011442340910434723,0.0,0.0,0.0003306213766336441,0.019069654867053032,,
33439,1.0,1024,fine_mc,cuda,0.0061264727264642715,0.0020600557327270508,0.0026028864085674286,0.002283124253153801,0.002246783971786499,0.01103505864739418,0.0015142392367124557,0.02621990069746971,,
33439,1.0,1024,empirical_selective,cuda,0.0061264727264642715,0.0020600557327270508,0.0026028864085674286,0.0022835060954093933,,0.005773240700364113,,0.04460906237363815,0.020933179184794426,0.002809528261423111
33439,1.0,1024,certified_fallback,cuda,0.0061264727264642715,0.0020600557327270508,0.0026028864085674286,0.0024867765605449677,,0.009279144927859306,,0.04551837034523487,0.020933179184794426,0.0
33439,1.0,1024,fine_mc,cpu,0.0061693135648965836,0.002021903172135353,0.0022621359676122665,0.026304123923182487,0.0,0.0,0.0013336390256881714,0.03846358694136143,,
33520,0.0,256,fine_mc,cuda,0.0042474400252103806,0.0331037025898695,0.0015605613589286804,0.0010198969393968582,0.000984063982963562,0.004571873694658279,0.00046963244676589966,0.04569463990628719,,
33520,0.0,256,empirical_selective,cuda,0.0042474400252103806,0.0331037025898695,0.0015605613589286804,0.000998806208372116,,0.004489729180932045,,0.051708173006772995,0.005334958434104919,0.000851806253194809
33520,0.0,256,certified_fallback,cuda,0.0042474400252103806,0.0331037025898695,0.0015605613589286804,0.0010801982134580612,,0.00525270588696003,,0.05148420296609402,0.005334958434104919,0.0
33520,0.0,256,fine_mc,cpu,0.004324119538068771,0.025942601263523102,0.0006881542503833771,0.010133931413292885,0.0,0.0,0.0003258921205997467,0.04183224216103554,,
33520,0.0,1024,fine_mc,cuda,0.004343871027231216,0.10920838639140129,0.0030376724898815155,0.0022826772183179855,0.0022511041164398195,0.010526793077588081,0.0014360584318637848,0.13153909891843796,,
33520,0.0,1024,empirical_selective,cuda,0.004343871027231216,0.10920838639140129,0.0030376724898815155,0.002385856583714485,,0.007096158340573311,,0.16547433659434319,0.027458712458610535,0.00907488539814949
33520,0.0,1024,certified_fallback,cuda,0.004343871027231216,0.10920838639140129,0.0030376724898815155,0.002369064837694168,,0.007262304425239563,,0.15676362439990044,0.027458712458610535,0.0
33520,0.0,1024,fine_mc,cpu,0.006585907191038132,0.17752351984381676,0.003969496116042137,0.03549923747777939,0.0,0.0,0.0015438105911016464,0.225753927603364,,
33520,0.15,256,fine_mc,cuda,0.005750468000769615,0.024197367951273918,0.0010295268148183823,0.0010678675025701523,0.0010282880067825318,0.001833304762840271,0.00043851137161254883,0.03500035218894482,,
33520,0.15,256,empirical_selective,cuda,0.005750468000769615,0.024197367951273918,0.0010295268148183823,0.0010156389325857162,,0.001634771004319191,,0.04063396900892258,0.00521787628531456,0.0007090847939252853
33520,0.15,256,certified_fallback,cuda,0.005750468000769615,0.024197367951273918,0.0010295268148183823,0.0010784678161144257,,0.0019059423357248306,,0.040201880037784576,0.00521787628531456,0.0
33520,0.15,256,fine_mc,cpu,0.0053972769528627396,0.03532307595014572,0.0012524072080850601,0.012228546664118767,0.0,0.0,0.00034283287823200226,0.05498526804149151,,
33520,0.15,1024,fine_mc,cuda,0.004758993163704872,0.13299246318638325,0.002585597336292267,0.0022789258509874344,0.002249824047088623,0.005836322903633118,0.0015160199254751205,0.15054075233638287,,
33520,0.15,1024,empirical_selective,cuda,0.004758993163704872,0.13299246318638325,0.002585597336292267,0.0022881869226694107,,0.00882517360150814,,0.17612594179809093,0.019877228885889053,0.002781178802251816
33520,0.15,1024,certified_fallback,cuda,0.004758993163704872,0.13299246318638325,0.002585597336292267,0.0022872760891914368,,0.006125921383500099,,0.17064592242240906,0.019877228885889053,0.0
33520,0.15,1024,fine_mc,cpu,0.00528009794652462,0.19849798828363419,0.0025198571383953094,0.03175447881221771,0.0,0.0,0.0015205107629299164,0.23999281413853168,,
33520,1.0,256,fine_mc,cuda,0.006085801869630814,0.000667346641421318,0.001441311091184616,0.0009583495557308197,0.0009247360229492187,0.0047062598168849945,0.0004405844956636429,0.01476697064936161,,
33520,1.0,256,empirical_selective,cuda,0.006085801869630814,0.000667346641421318,0.001441311091184616,0.0010136086493730545,,0.004892462864518166,,0.02243003249168396,0.006640175357460976,0.0007379148155450821
33520,1.0,256,certified_fallback,cuda,0.006085801869630814,0.000667346641421318,0.001441311091184616,0.0009230244904756546,,0.005146089941263199,,0.02172970026731491,0.006640175357460976,0.0
33520,1.0,256,fine_mc,cpu,0.00610540434718132,0.000376163050532341,0.0006760749965906143,0.011910201981663704,0.0,0.0,0.0003306623548269272,0.019712598994374275,,
33520,1.0,1024,fine_mc,cuda,0.006245143711566925,0.0017634909600019455,0.002695690840482712,0.0022857878357172012,0.002254496097564697,0.01007404550909996,0.0014869309961795807,0.025162726640701294,,
33520,1.0,1024,empirical_selective,cuda,0.006245143711566925,0.0017634909600019455,0.002695690840482712,0.002291155979037285,,0.0059417616575956345,,0.044121379032731056,0.02020278200507164,0.002903200685977936
33520,1.0,1024,certified_fallback,cuda,0.006245143711566925,0.0017634909600019455,0.002695690840482712,0.0022783763706684113,,0.006170913577079773,,0.041689883917570114,0.02020278200507164,0.0
33520,1.0,1024,fine_mc,cpu,0.009370176121592522,0.001477828249335289,0.0026138778775930405,0.0292913056910038,0.0,0.0,0.001392969861626625,0.044533342123031616,,
33601,0.0,256,fine_mc,cuda,0.004156840965151787,0.022256135940551758,0.0007118061184883118,0.001016765832901001,0.0009814400076866149,0.0017524119466543198,0.00043099187314510345,0.030957868322730064,,
33601,0.0,256,empirical_selective,cuda,0.004156840965151787,0.022256135940551758,0.0007118061184883118,0.0010044556111097336,,0.004788994789123535,,0.040562622249126434,0.005334226414561272,0.0010739993304014206
33601,0.0,256,certified_fallback,cuda,0.004156840965151787,0.022256135940551758,0.0007118061184883118,0.0008889157325029373,,0.005047103390097618,,0.039420995861291885,0.005334226414561272,0.0
33601,0.0,256,fine_mc,cpu,0.004362629726529121,0.02612011320888996,0.0006592255085706711,0.01143622025847435,0.0,0.0,0.00033529289066791534,0.043333955109119415,,
33601,0.0,1024,fine_mc,cuda,0.004399258643388748,0.13457778096199036,0.0025489479303359985,0.002273786813020706,0.002243551969528198,0.010429421439766884,0.0014788098633289337,0.15639018267393112,,
33601,0.0,1024,empirical_selective,cuda,0.004399258643388748,0.13457778096199036,0.0025489479303359985,0.002290697768330574,,0.010170692577958107,,0.18191168643534184,0.022004395723342896,0.0031703393906354904
33601,0.0,1024,certified_fallback,cuda,0.004399258643388748,0.13457778096199036,0.0025489479303359985,0.0023040156811475754,,0.006208131089806557,,0.17415950074791908,0.022004395723342896,0.0
33601,0.0,1024,fine_mc,cpu,0.004374932497739792,0.17849277146160603,0.0026691071689128876,0.030499422922730446,0.0,0.0,0.0013479776680469513,0.21788030490279198,,
33601,0.15,256,fine_mc,cuda,0.006873687729239464,0.02533847838640213,0.000717606395483017,0.0009805746376514435,0.0009460160136222839,0.001762310042977333,0.0004352424293756485,0.036773137748241425,,
33601,0.15,256,empirical_selective,cuda,0.006873687729239464,0.02533847838640213,0.000717606395483017,0.0009230095893144608,,0.0015694592148065567,,0.04211451672017574,0.005012184381484985,0.000658232718706131
33601,0.15,256,certified_fallback,cuda,0.006873687729239464,0.02533847838640213,0.000717606395483017,0.0009102784097194672,,0.0017600040882825851,,0.04154259152710438,0.005012184381484985,0.0
33601,0.15,256,fine_mc,cpu,0.005225546658039093,0.03462742269039154,0.0007896162569522858,0.013854177668690681,0.0,0.0,0.00039063021540641785,0.05538201704621315,,
33601,0.15,1024,fine_mc,cuda,0.004730602726340294,0.12188872322440147,0.0024271775037050247,0.002294795587658882,0.0022607359886169433,0.005603739991784096,0.0015253517776727676,0.13915981352329254,,
33601,0.15,1024,empirical_selective,cuda,0.004730602726340294,0.12188872322440147,0.0024271775037050247,0.0022931285202503204,,0.009753115475177765,,0.1671725194901228,0.02091328613460064,0.0030172597616910934
33601,0.15,1024,certified_fallback,cuda,0.004730602726340294,0.12188872322440147,0.0024271775037050247,0.0023031774908304214,,0.005511866882443428,,0.15987563878297806,0.02091328613460064,0.0
33601,0.15,1024,fine_mc,cpu,0.005191586911678314,0.18988867104053497,0.0024609360843896866,0.03192173317074776,0.0,0.0,0.0014908798038959503,0.23145725764334202,,
33601,1.0,256,fine_mc,cuda,0.006073111668229103,0.0019266251474618912,0.0010510459542274475,0.0011411495506763458,0.001106592059135437,0.0048066843301057816,0.0004701409488916397,0.016103623434901237,,
33601,1.0,256,empirical_selective,cuda,0.006073111668229103,0.0019266251474618912,0.0010510459542274475,0.0012001972645521164,,0.004623614251613617,,0.021992014721035957,0.004982486367225647,0.0010034255683422089
33601,1.0,256,certified_fallback,cuda,0.006073111668229103,0.0019266251474618912,0.0010510459542274475,0.0009404867887496948,,0.004770753905177116,,0.02065654657781124,0.004982486367225647,0.0
33601,1.0,256,fine_mc,cpu,0.006127994507551193,0.0003822334110736847,0.0005863625556230545,0.010862085968255997,0.0,0.0,0.00031831301748752594,0.021027209237217903,,
33601,1.0,1024,fine_mc,cuda,0.006170084699988365,0.0023526474833488464,0.0023277979344129562,0.0022837352007627487,0.002252863883972168,0.005566369742155075,0.001424390822649002,0.020817307755351067,,
33601,1.0,1024,empirical_selective,cuda,0.006170084699988365,0.0023526474833488464,0.0023277979344129562,0.0022874679416418076,,0.005577947944402695,,0.0474954042583704,0.023577675223350525,0.0028914399445056915
33601,1.0,1024,certified_fallback,cuda,0.006170084699988365,0.0023526474833488464,0.0023277979344129562,0.002351216971874237,,0.010753683745861053,,0.049648141488432884,0.023577675223350525,0.0
33601,1.0,1024,fine_mc,cpu,0.006188234314322472,0.0020324457436800003,0.002514168620109558,0.033304231241345406,0.0,0.0,0.0011836700141429901,0.04566654749214649,,
33682,0.0,256,fine_mc,cuda,0.0041993893682956696,0.022663600742816925,0.0017710588872432709,0.0011790990829467773,0.0009702079892158508,0.0038347356021404266,0.0004469621926546097,0.03467289358377457,,
33682,0.0,256,empirical_selective,cuda,0.0041993893682956696,0.022663600742816925,0.0017710588872432709,0.000925946980714798,,0.0015925895422697067,,0.03791970573365688,0.005185598507523537,0.0006470922380685806
33682,0.0,256,certified_fallback,cuda,0.0041993893682956696,0.022663600742816925,0.0017710588872432709,0.0009060874581336975,,0.0017738938331604004,,0.03734772093594074,0.005185598507523537,0.0
33682,0.0,256,fine_mc,cpu,0.004342846572399139,0.021618030965328217,0.0006849952042102814,0.007223760709166527,0.0,0.0,0.00031476281583309174,0.03450520150363445,,
33682,0.0,1024,fine_mc,cuda,0.0043462421745061874,0.1262546256184578,0.002610407769680023,0.00228065624833107,0.002251039981842041,0.005583500489592552,0.0014497525990009308,0.14370445534586906,,
33682,0.0,1024,empirical_selective,cuda,0.0043462421745061874,0.1262546256184578,0.002610407769680023,0.0022878460586071014,,0.010844094678759575,,0.17337806336581707,0.02123994752764702,0.0037493854761123657
33682,0.0,1024,certified_fallback,cuda,0.0043462421745061874,0.1262546256184578,0.002610407769680023,0.0023061055690050125,,0.005698841065168381,,0.1645299829542637,0.02123994752764702,0.0
33682,0.0,1024,fine_mc,cpu,0.004435909911990166,0.18386157602071762,0.004742763936519623,0.03317289426922798,0.0,0.0,0.0013858787715435028,0.2279681544750929,,
33682,0.15,256,fine_mc,cuda,0.005088035017251968,0.025676140561699867,0.0012827571481466293,0.0009959563612937927,0.000960640013217926,0.0017075464129447937,0.0004363451153039932,0.03575393185019493,,
33682,0.15,256,empirical_selective,cuda,0.005088035017251968,0.025676140561699867,0.0012827571481466293,0.0009239166975021362,,0.0015704315155744553,,0.042548831552267075,0.00636676512658596,0.0006781760603189468
33682,0.15,256,certified_fallback,cuda,0.005088035017251968,0.025676140561699867,0.0012827571481466293,0.0009042173624038696,,0.0017856750637292862,,0.041950056329369545,0.00636676512658596,0.0
33682,0.15,256,fine_mc,cpu,0.005008775740861893,0.03189348429441452,0.0007290337234735489,0.011675892397761345,0.0,0.0,0.00037351250648498535,0.0500464104115963,,
33682,0.15,1024,fine_mc,cuda,0.004718732088804245,0.12785570695996284,0.0034238435328006744,0.002286875620484352,0.002257535934448242,0.005557399243116379,0.0014347229152917862,0.14584190025925636,,
33682,0.15,1024,empirical_selective,cuda,0.004718732088804245,0.12785570695996284,0.0034238435328006744,0.0022881850600242615,,0.00557233951985836,,0.16899427212774754,0.019975680857896805,0.0030214693397283554
33682,0.15,1024,certified_fallback,cuda,0.004718732088804245,0.12785570695996284,0.0034238435328006744,0.0022906046360731125,,0.009549131616950035,,0.1698150597512722,0.019975680857896805,0.0
33682,0.15,1024,fine_mc,cpu,0.005167286843061447,0.13233230635523796,0.0025034062564373016,0.029950469732284546,0.0,0.0,0.001437479630112648,0.17182241193950176,,
33682,1.0,256,fine_mc,cuda,0.006002882495522499,0.0007596351206302643,0.0012478884309530258,0.0009286291897296906,0.0008978559970855713,0.0016029812395572662,0.0004338528960943222,0.01148478128015995,,
33682,1.0,256,empirical_selective,cuda,0.006002882495522499,0.0007596351206302643,0.0012478884309530258,0.0011664386838674545,,0.001616068184375763,,0.018000798299908638,0.005503010004758835,0.0007626339793205261
33682,1.0,256,certified_fallback,cuda,0.006002882495522499,0.0007596351206302643,0.0012478884309530258,0.0009505469352006912,,0.0015637800097465515,,0.016849080100655556,0.005503010004758835,0.0
33682,1.0,256,fine_mc,cpu,0.006171535700559616,0.00038420408964157104,0.0005959141999483109,0.009940700605511665,0.0,0.0,0.00034641288220882416,0.017758304253220558,,
33682,1.0,1024,fine_mc,cuda,0.006415097042918205,0.00233643501996994,0.0025958679616451263,0.002288803458213806,0.0022528960704803467,0.009596846997737885,0.0014622323215007782,0.025276387110352516,,
33682,1.0,1024,empirical_selective,cuda,0.006415097042918205,0.00233643501996994,0.0025958679616451263,0.002285197377204895,,0.005569629371166229,,0.045324526727199554,0.02080552466213703,0.003200192004442215
33682,1.0,1024,certified_fallback,cuda,0.006415097042918205,0.00233643501996994,0.0025958679616451263,0.0022863876074552536,,0.008936760947108269,,0.04537235572934151,0.02080552466213703,0.0
33682,1.0,1024,fine_mc,cpu,0.0062174126505851746,0.0013259593397378922,0.002578798681497574,0.02767496183514595,0.0,0.0,0.0013414695858955383,0.039509376510977745,,
33764,0.0,256,fine_mc,cuda,0.004205048084259033,0.026941118761897087,0.0018299520015716553,0.0010618548840284348,0.0010162559747695923,0.004669699817895889,0.0004281233996152878,0.039806557819247246,,
33764,0.0,256,empirical_selective,cuda,0.004205048084259033,0.026941118761897087,0.0018299520015716553,0.0010316893458366394,,0.004698954522609711,,0.04589232988655567,0.005218915641307831,0.000897236168384552
33764,0.0,256,certified_fallback,cuda,0.004205048084259033,0.026941118761897087,0.0018299520015716553,0.0009625889360904694,,0.004827143624424934,,0.045456549152731895,0.005218915641307831,0.0
33764,0.0,256,fine_mc,cpu,0.0043390896171331406,0.026469416916370392,0.0008159950375556946,0.010015200823545456,0.0,0.0,0.0003298018127679825,0.04239032603800297,,
33764,0.0,1024,fine_mc,cuda,0.004471132531762123,0.11589857004582882,0.002702537924051285,0.0022965744137763977,0.002264159917831421,0.010113952681422234,0.001652941107749939,0.13797571696341038,,
33764,0.0,1024,empirical_selective,cuda,0.004471132531762123,0.11589857004582882,0.002702537924051285,0.00228828564286232,,0.00927448458969593,,0.16609499230980873,0.025602180510759354,0.003678286448121071
33764,0.0,1024,certified_fallback,cuda,0.004471132531762123,0.11589857004582882,0.002702537924051285,0.002284375950694084,,0.005521697923541069,,0.15883546322584152,0.025602180510759354,0.0
33764,0.0,1024,fine_mc,cpu,0.004457302391529083,0.17054561339318752,0.0025813784450292587,0.03366572596132755,0.0,0.0,0.0014176387339830399,0.21313146874308586,,
33764,0.15,256,fine_mc,cuda,0.005187835544347763,0.024428101256489754,0.0016952790319919586,0.001221194863319397,0.0011813759803771973,0.0014028828591108322,0.0004852358251810074,0.035182856023311615,,
33764,0.15,256,empirical_selective,cuda,0.005187835544347763,0.024428101256489754,0.0016952790319919586,0.0009730085730552673,,0.0011363904923200607,,0.040505820885300636,0.0051994845271110535,0.0006956569850444794
33764,0.15,256,certified_fallback,cuda,0.005187835544347763,0.024428101256489754,0.0016952790319919586,0.0009272471070289612,,0.001375976949930191,,0.039745476096868515,0.0051994845271110535,0.0
33764,0.15,256,fine_mc,cpu,0.006269564852118492,0.030269332230091095,0.0006895046681165695,0.006832128390669823,0.0,0.0,0.0003190431743860245,0.04480249248445034,,
33764,0.15,1024,fine_mc,cuda,0.004916485399007797,0.13642389327287674,0.00363212451338768,0.0022919364273548126,0.002260224103927612,0.005573898553848267,0.0014357324689626694,0.15495929308235645,,
33764,0.15,1024,empirical_selective,cuda,0.004916485399007797,0.13642389327287674,0.00363212451338768,0.002393728122115135,,0.009977752342820168,,0.18547526374459267,0.02150459960103035,0.003595992922782898
33764,0.15,1024,certified_fallback,cuda,0.004916485399007797,0.13642389327287674,0.00363212451338768,0.0022848956286907196,,0.005759982392191887,,0.17661889642477036,0.02150459960103035,0.0
33764,0.15,1024,fine_mc,cpu,0.00556749664247036,0.1867880281060934,0.0028790906071662903,0.03316226229071617,0.0,0.0,0.0014210380613803864,0.2304412294179201,,
33764,1.0,256,fine_mc,cuda,0.006136652082204819,0.0006095524877309799,0.000714525580406189,0.0008870754390954971,0.0008574079871177673,0.0015748310834169388,0.0003840196877717972,0.010893967002630234,,
33764,1.0,256,empirical_selective,cuda,0.006136652082204819,0.0006095524877309799,0.000714525580406189,0.0009733960032463074,,0.0017996802926063538,,0.017976567149162292,0.005232676863670349,0.0014528203755617142
33764,1.0,256,certified_fallback,cuda,0.006136652082204819,0.0006095524877309799,0.000714525580406189,0.000905163586139679,,0.002864958718419075,,0.01740982197225094,0.005232676863670349,0.0
33764,1.0,256,fine_mc,cpu,0.005996061488986015,0.0003731921315193176,0.0012957584112882614,0.012762269005179405,0.0,0.0,0.00032419152557849884,0.021157968789339066,,
33764,1.0,1024,fine_mc,cuda,0.006005303934216499,0.0017704740166664124,0.002564437687397003,0.0022967271506786346,0.0022603518962860105,0.01206488348543644,0.0014214497059583664,0.026827417314052582,,
33764,1.0,1024,empirical_selective,cuda,0.006005303934216499,0.0017704740166664124,0.002564437687397003,0.0022870469838380814,,0.005710268393158913,,0.041850559413433075,0.01840267702937126,0.0029393695294857025
33764,1.0,1024,certified_fallback,cuda,0.006005303934216499,0.0017704740166664124,0.002564437687397003,0.003437591716647148,,0.009787224233150482,,0.044297415763139725,0.01840267702937126,0.0
33764,1.0,1024,fine_mc,cpu,0.0062749553471803665,0.004457190632820129,0.0026087984442710876,0.028326408937573433,0.0,0.0,0.001417890191078186,0.04355980455875397,,
33845,0.0,256,fine_mc,cuda,0.004574041813611984,0.027374479919672012,0.0011984799057245255,0.0010164175182580948,0.0009725120067596435,0.0017649009823799133,0.0004369337111711502,0.0369099285453558,,
33845,0.0,256,empirical_selective,cuda,0.004574041813611984,0.027374479919672012,0.0011984799057245255,0.0009612366557121277,,0.0016766022890806198,,0.043604107573628426,0.0053157079964876175,0.0008220039308071136
33845,0.0,256,certified_fallback,cuda,0.004574041813611984,0.027374479919672012,0.0011984799057245255,0.0008934978395700455,,0.0018670223653316498,,0.0420453455299139,0.0053157079964876175,0.0
33845,0.0,256,fine_mc,cpu,0.004750872030854225,0.02297438122332096,0.0006945673376321793,0.007094740867614746,0.0,0.0,0.0003104526549577713,0.036154305562376976,,
33845,0.0,1024,fine_mc,cuda,0.004439409822225571,0.11899218522012234,0.003120770677924156,0.0022854749113321304,0.0022534079551696775,0.005731198936700821,0.001441480591893196,0.1366627849638462,,
33845,0.0,1024,empirical_selective,cuda,0.004439409822225571,0.11899218522012234,0.003120770677924156,0.002298826351761818,,0.009933851659297943,,0.16779579408466816,0.023765094578266144,0.0032060742378234863
33845,0.0,1024,certified_fallback,cuda,0.004439409822225571,0.11899218522012234,0.003120770677924156,0.002302883192896843,,0.005959592759609222,,0.16056503169238567,0.023765094578266144,0.0
33845,0.0,1024,fine_mc,cpu,0.0045565105974674225,0.17819368839263916,0.002823648974299431,0.036787329241633415,0.0,0.0,0.0014411397278308868,0.22429809346795082,,
33845,0.15,256,fine_mc,cuda,0.0051899440586566925,0.028986141085624695,0.0013179685920476913,0.0009885746985673904,0.0009523199796676636,0.0013220980763435364,0.00043504498898983,0.038837771862745285,,
33845,0.15,256,empirical_selective,cuda,0.0051899440586566925,0.028986141085624695,0.0013179685920476913,0.0009492579847574234,,0.0011745002120733261,,0.04438035935163498,0.005074566230177879,0.000690016895532608
33845,0.15,256,certified_fallback,cuda,0.0051899440586566925,0.028986141085624695,0.0013179685920476913,0.0010174550116062164,,0.0013233888894319534,,0.04381056688725948,0.005074566230177879,0.0
33845,0.15,256,fine_mc,cpu,0.005030086264014244,0.023786775767803192,0.0006664134562015533,0.00993712991476059,0.0,0.0,0.0003527514636516571,0.040091199800372124,,
33845,0.15,1024,fine_mc,cuda,0.004951095208525658,0.12030196003615856,0.0034813638776540756,0.002300415188074112,0.0022584640979766844,0.0058053769171237946,0.001440310850739479,0.13887324184179306,,
33845,0.15,1024,empirical_selective,cuda,0.004951095208525658,0.12030196003615856,0.0034813638776540756,0.0023811161518096924,,0.010443713515996933,,0.16831432841718197,0.019474634900689125,0.005071084946393967
33845,0.15,1024,certified_fallback,cuda,0.004951095208525658,0.12030196003615856,0.0034813638776540756,0.0022862758487462997,,0.006104249507188797,,0.15862670727074146,0.019474634900689125,0.0
33845,0.15,1024,fine_mc,cpu,0.005232028663158417,0.20349923707544804,0.002456117421388626,0.03201977722346783,0.0,0.0,0.0014770720154047012,0.24521895870566368,,
33845,1.0,256,fine_mc,cuda,0.0060258228331804276,0.0006854664534330368,0.001483190804719925,0.0009458847343921661,0.0009126719832420349,0.004580670967698097,0.0004381835460662842,0.014642052352428436,,
33845,1.0,256,empirical_selective,cuda,0.0060258228331804276,0.0006854664534330368,0.001483190804719925,0.0009825751185417175,,0.0045300014317035675,,0.020242901518940926,0.004924412816762924,0.0006724335253238678
33845,1.0,256,certified_fallback,cuda,0.0060258228331804276,0.0006854664534330368,0.001483190804719925,0.0009547565132379532,,0.004682054743170738,,0.01959642767906189,0.004924412816762924,0.0
33845,1.0,256,fine_mc,cpu,0.0060112737119197845,0.000418882817029953,0.0007227044552564621,0.01162022165954113,0.0,0.0,0.0003512836992740631,0.01945193111896515,,
33845,1.0,1024,fine_mc,cuda,0.006118122488260269,0.0035298243165016174,0.002667248249053955,0.0022862963378429413,0.0022489919662475586,0.011542730033397675,0.0014483071863651276,0.028197526931762695,,
33845,1.0,1024,empirical_selective,cuda,0.006118122488260269,0.0035298243165016174,0.002667248249053955,0.0022108834236860275,,0.005763839930295944,,0.04516119323670864,0.01965951733291149,0.00316673144698143
33845,1.0,1024,certified_fallback,cuda,0.006118122488260269,0.0035298243165016174,0.002667248249053955,0.0022857356816530228,,0.009173693135380745,,0.04603470116853714,0.01965951733291149,0.0
33845,1.0,1024,fine_mc,cpu,0.0062394533306360245,0.0014572497457265854,0.002496989443898201,0.02313942275941372,0.0,0.0,0.0013797767460346222,0.03516659513115883,,
33926,0.0,256,fine_mc,cuda,0.0043237097561359406,0.02808932587504387,0.0009555984288454056,0.0012129899114370346,0.001170464038848877,0.0047373343259096146,0.0004515908658504486,0.04048692435026169,,
33926,0.0,256,empirical_selective,cuda,0.0043237097561359406,0.02808932587504387,0.0009555984288454056,0.001013878732919693,,0.004554441198706627,,0.04605625569820404,0.005034357309341431,0.0010434184223413467
33926,0.0,256,certified_fallback,cuda,0.0043237097561359406,0.02808932587504387,0.0009555984288454056,0.0009121056646108627,,0.005114346742630005,,0.045306190848350525,0.005034357309341431,0.0
33926,0.0,256,fine_mc,cpu,0.00438314862549305,0.02819058857858181,0.0013252999633550644,0.010635051876306534,0.0,0.0,0.00033303163945674896,0.04521522484719753,,
33926,0.0,1024,fine_mc,cuda,0.004500651732087135,0.11923672445118427,0.0030557531863451004,0.002279456704854965,0.0022506558895111083,0.009399836882948875,0.0014321506023406982,0.14053718373179436,,
33926,0.0,1024,empirical_selective,cuda,0.004500651732087135,0.11923672445118427,0.0030557531863451004,0.002296125516295433,,0.009676514193415642,,0.1647448018193245,0.02095728926360607,0.0028498470783233643
33926,0.0,1024,certified_fallback,cuda,0.004500651732087135,0.11923672445118427,0.0030557531863451004,0.0023058559745550156,,0.005664490163326263,,0.15803976729512215,0.02095728926360607,0.0
33926,0.0,1024,fine_mc,cpu,0.00464780256152153,0.1733119022101164,0.0036989152431488037,0.03555868752300739,0.0,0.0,0.001355459913611412,0.21901790983974934,,
33926,0.15,256,fine_mc,cuda,0.005211329087615013,0.030638864263892174,0.0013306979089975357,0.001009458675980568,0.000972703993320465,0.001690983772277832,0.0004394110292196274,0.04093114659190178,,
33926,0.15,256,empirical_selective,cuda,0.005211329087615013,0.030638864263892174,0.0013306979089975357,0.0009520351886749268,,0.0015613418072462082,,0.04641386680305004,0.0050931163132190704,0.0006402637809514999
33926,0.15,256,certified_fallback,cuda,0.005211329087615013,0.030638864263892174,0.0013306979089975357,0.0008915681391954422,,0.0017830617725849152,,0.04586022347211838,0.0050931163132190704,0.0
33926,0.15,256,fine_mc,cpu,0.005056444555521011,0.03190412372350693,0.0007387064397335052,0.010961554944515228,0.0,0.0,0.00032605230808258057,0.04931466281414032,,
33926,0.15,1024,fine_mc,cuda,0.004793053492903709,0.12842446751892567,0.002325085923075676,0.0022822655737400055,0.002250591993331909,0.005540627986192703,0.0016174223273992538,0.1456527393311262,,
33926,0.15,1024,empirical_selective,cuda,0.004793053492903709,0.12842446751892567,0.002325085923075676,0.002384595572948456,,0.0110655277967453,,0.17502202466130257,0.02086096629500389,0.00291609950363636
33926,0.15,1024,certified_fallback,cuda,0.004793053492903709,0.12842446751892567,0.002325085923075676,0.0022720061242580414,,0.006204273551702499,,0.16693990863859653,0.02086096629500389,0.0
33926,0.15,1024,fine_mc,cpu,0.006204763427376747,0.19640126451849937,0.0032512210309505463,0.03856642730534077,0.0,0.0,0.0016194209456443787,0.24649455212056637,,
33926,1.0,256,fine_mc,cuda,0.006283223628997803,0.0005895141512155533,0.0010128580033779144,0.0008861962705850601,0.0008572160005569458,0.0011915117502212524,0.00041985511779785156,0.010836714878678322,,
33926,1.0,256,empirical_selective,cuda,0.006283223628997803,0.0005895141512155533,0.0010128580033779144,0.000939343124628067,,0.0011182744055986404,,0.016555944457650185,0.005132896825671196,0.0005663968622684479
33926,1.0,256,certified_fallback,cuda,0.006283223628997803,0.0005895141512155533,0.0010128580033779144,0.0009182281792163849,,0.0012188199907541275,,0.016003744676709175,0.005132896825671196,0.0
33926,1.0,256,fine_mc,cpu,0.007123349234461784,0.0004992838948965073,0.0006461143493652344,0.007180960848927498,0.0,0.0,0.000334152951836586,0.016079412773251534,,
33926,1.0,1024,fine_mc,cuda,0.006053401157259941,0.0020805448293685913,0.0026561785489320755,0.0023116152733564377,0.0022786879539489747,0.004582634195685387,0.0014638006687164307,0.0197320394217968,,
33926,1.0,1024,empirical_selective,cuda,0.006053401157259941,0.0020805448293685913,0.0026561785489320755,0.0023052357137203217,,0.010127071291208267,,0.05893523432314396,0.02307768166065216,0.009613268077373505
33926,1.0,1024,certified_fallback,cuda,0.006053401157259941,0.0020805448293685913,0.0026561785489320755,0.0022908765822649,,0.005724551156163216,,0.04387233965098858,0.02307768166065216,0.0
33926,1.0,1024,fine_mc,cpu,0.006356405094265938,0.001232849434018135,0.0032601114362478256,0.03545072861015797,0.0,0.0,0.0013476181775331497,0.048073943704366684,,
34007,0.0,256,fine_mc,cuda,0.00424724817276001,0.023699622601270676,0.0011887196451425552,0.001010298728942871,0.0009746879935264587,0.0017102230340242386,0.0004332941025495529,0.03284667246043682,,
34007,0.0,256,empirical_selective,cuda,0.00424724817276001,0.023699622601270676,0.0011887196451425552,0.0011902879923582077,,0.0051970649510622025,,0.042398955672979355,0.005226923152804375,0.0006229951977729797
34007,0.0,256,certified_fallback,cuda,0.00424724817276001,0.023699622601270676,0.0011887196451425552,0.000933326780796051,,0.004696721211075783,,0.040830135345458984,0.005226923152804375,0.0
34007,0.0,256,fine_mc,cpu,0.005993660539388657,0.02783920429646969,0.0006698537617921829,0.01210218295454979,0.0,0.0,0.0003332328051328659,0.04729763977229595,,
34007,0.0,1024,fine_mc,cuda,0.004477791488170624,0.11436155997216702,0.0024032462388277054,0.0022904053330421448,0.0022582080364227297,0.005577158182859421,0.0015931818634271622,0.13135194033384323,,
34007,0.0,1024,empirical_selective,cuda,0.004477791488170624,0.11436155997216702,0.0024032462388277054,0.002289045602083206,,0.009798720479011536,,0.16267857886850834,0.02402331866323948,0.0031614024192094803
34007,0.0,1024,certified_fallback,cuda,0.004477791488170624,0.11436155997216702,0.0024032462388277054,0.0022840164601802826,,0.005612069740891457,,0.1553226001560688,0.02402331866323948,0.0
34007,0.0,1024,fine_mc,cpu,0.0056517887860536575,0.17557935044169426,0.003001520410180092,0.04265841096639633,0.0,0.0,0.0013439394533634186,0.22865856252610683,,
34007,0.15,256,fine_mc,cuda,0.00528348796069622,0.02596498280763626,0.0010690465569496155,0.0011765975505113602,0.0011351360082626342,0.0017181113362312317,0.0005749836564064026,0.03655661642551422,,
34007,0.15,256,empirical_selective,cuda,0.00528348796069622,0.02596498280763626,0.0010690465569496155,0.0010436289012432098,,0.0015947483479976654,,0.042611315846443176,0.005927003920078278,0.0006722640246152878
34007,0.15,256,certified_fallback,cuda,0.00528348796069622,0.02596498280763626,0.0010690465569496155,0.0009728260338306427,,0.0017314422875642776,,0.04182625375688076,0.005927003920078278,0.0
34007,0.15,256,fine_mc,cpu,0.007010079920291901,0.03330207243561745,0.0006636753678321838,0.010607825592160225,0.0,0.0,0.0003191716969013214,0.0522730927914381,,
34007,0.15,1024,fine_mc,cuda,0.004799613729119301,0.1356149185448885,0.0034897848963737488,0.0022885147482156754,0.002254879951477051,0.005557630211114883,0.0014404114335775375,0.1537737362086773,,
34007,0.15,1024,empirical_selective,cuda,0.004799613729119301,0.1356149185448885,0.0034897848963737488,0.0022884663194417953,,0.01033853366971016,,0.1816089916974306,0.019798340275883675,0.003218691796064377
34007,0.15,1024,certified_fallback,cuda,0.004799613729119301,0.1356149185448885,0.0034897848963737488,0.0022828634828329086,,0.00554732047021389,,0.17349853739142418,0.019798340275883675,0.0
34007,0.15,1024,fine_mc,cpu,0.0051132552325725555,0.22153420001268387,0.002967512235045433,0.03256922774016857,0.0,0.0,0.0014141891151666641,0.2640570364892483,,
34007,1.0,256,fine_mc,cuda,0.006165351718664169,0.0007375627756118774,0.0010649990290403366,0.00112253800034523,0.0010724799633026123,0.0052527766674757,0.0004845038056373596,0.015325916931033134,,
34007,1.0,256,empirical_selective,cuda,0.006165351718664169,0.0007375627756118774,0.0010649990290403366,0.0010864399373531342,,0.0046096015721559525,,0.020296741276979446,0.004816131666302681,0.0007462445646524429
34007,1.0,256,certified_fallback,cuda,0.006165351718664169,0.0007375627756118774,0.0010649990290403366,0.0009179357439279556,,0.0044578444212675095,,0.018988972529768944,0.004816131666302681,0.0
34007,1.0,256,fine_mc,cpu,0.0063841138035058975,0.00036382488906383514,0.0005823038518428802,0.011237598955631256,0.0,0.0,0.0003353729844093323,0.019238434731960297,,
34007,1.0,1024,fine_mc,cuda,0.006151052191853523,0.001836821436882019,0.0026801377534866333,0.0022807028144598007,0.0022507519721984863,0.009753229096531868,0.00143413245677948,0.025661710649728775,,
34007,1.0,1024,empirical_selective,cuda,0.006151052191853523,0.001836821436882019,0.0026801377534866333,0.0022810660302639008,,0.005809042602777481,,0.044897185638546944,0.021055499091744423,0.0030612610280513763
34007,1.0,1024,certified_fallback,cuda,0.006151052191853523,0.001836821436882019,0.0026801377534866333,0.0022833161056041718,,0.00554816797375679,,0.04161619395017624,0.021055499091744423,0.0
34007,1.0,1024,fine_mc,cpu,0.006259992718696594,0.0018898043781518936,0.0021606534719467163,0.03247358836233616,0.0,0.0,0.0014216676354408264,0.04455374926328659,,
34089,0.0,256,fine_mc,cuda,0.004212658852338791,0.029259126633405685,0.0010443665087223053,0.0011760760098695755,0.0011402560472488403,0.0016736742109060287,0.0004907529801130295,0.038557661697268486,,
34089,0.0,256,empirical_selective,cuda,0.004212658852338791,0.029259126633405685,0.0010443665087223053,0.0009656883776187897,,0.005291257053613663,,0.04794900491833687,0.005243577063083649,0.0007960442453622818
34089,0.0,256,certified_fallback,cuda,0.004212658852338791,0.029259126633405685,0.0010443665087223053,0.000905277207493782,,0.004708100110292435,,0.04626983590424061,0.005243577063083649,0.0
34089,0.0,256,fine_mc,cpu,0.004403458908200264,0.02765491232275963,0.0006737634539604187,0.012478245422244072,0.0,0.0,0.00039346516132354736,0.04611494392156601,,
34089,0.0,1024,fine_mc,cuda,0.004454081878066063,0.11023999191820621,0.002643648535013199,0.0022904761135578156,0.0022578880786895753,0.005600227043032646,0.0015184804797172546,0.12745983339846134,,
34089,0.0,1024,empirical_selective,cuda,0.004454081878066063,0.11023999191820621,0.002643648535013199,0.0022875461727380753,,0.010142439976334572,,0.15513084828853607,0.02017817087471485,0.002975042909383774
34089,0.0,1024,certified_fallback,cuda,0.004454081878066063,0.11023999191820621,0.002643648535013199,0.0022279731929302216,,0.005715899169445038,,0.14791381731629372,0.02017817087471485,0.0
34089,0.0,1024,fine_mc,cpu,0.004483159631490707,0.17481369152665138,0.0030255187302827835,0.04259446822106838,0.0,0.0,0.0014046002179384232,0.22692794166505337,,
34089,0.15,256,fine_mc,cuda,0.005192708224058151,0.030091390013694763,0.0009562280029058456,0.001186547800898552,0.0011332160234451293,0.0017364509403705597,0.00044530443847179413,0.04037193022668362,,
34089,0.15,256,empirical_selective,cuda,0.005192708224058151,0.030091390013694763,0.0009562280029058456,0.0009667165577411652,,0.001635899767279625,,0.04593777842819691,0.005214506760239601,0.0007676761597394943
34089,0.15,256,certified_fallback,cuda,0.005192708224058151,0.030091390013694763,0.0009562280029058456,0.0008880570530891418,,0.001713138073682785,,0.04504304192960262,0.005214506760239601,0.0
34089,0.15,256,fine_mc,cpu,0.005267277359962463,0.03173567168414593,0.0007100570946931839,0.011696962639689445,0.0,0.0,0.0003263317048549652,0.05016857013106346,,
34089,0.15,1024,fine_mc,cuda,0.004803383722901344,0.1228614579886198,0.0023858752101659775,0.002291414886713028,0.002260512113571167,0.005670139566063881,0.001649940386414528,0.14040745049715042,,
34089,0.15,1024,empirical_selective,cuda,0.004803383722901344,0.1228614579886198,0.0023858752101659775,0.0022916439920663834,,0.00999462977051735,,0.16990701109170914,0.022669829428195953,0.002770468592643738
34089,0.15,1024,certified_fallback,cuda,0.004803383722901344,0.1228614579886198,0.0023858752101659775,0.0022852662950754166,,0.005610818043351173,,0.1628025323152542,0.022669829428195953,0.0
34089,0.15,1024,fine_mc,cpu,0.006111042574048042,0.18922933377325535,0.002820901572704315,0.03295748867094517,0.0,0.0,0.001359710469841957,0.2331078927963972,,
34089,1.0,256,fine_mc,cuda,0.0060553643852472305,0.0024827364832162857,0.0015188809484243393,0.0011096075177192688,0.001075775980949402,0.00457393191754818,0.00045580416917800903,0.01680745929479599,,
34089,1.0,256,empirical_selective,cuda,0.0060553643852472305,0.0024827364832162857,0.0015188809484243393,0.0009598061442375183,,0.004478899762034416,,0.02212262712419033,0.00491868332028389,0.0006621237844228745
34089,1.0,256,certified_fallback,cuda,0.0060553643852472305,0.0024827364832162857,0.0015188809484243393,0.0009484682232141495,,0.004701610654592514,,0.10907619446516037,0.00491868332028389,0.0
34089,1.0,256,fine_mc,cpu,0.006164003163576126,0.0003624428063631058,0.0006575975567102432,0.011211039498448372,0.0,0.0,0.0003285519778728485,0.019114911556243896,,
34089,1.0,1024,fine_mc,cuda,0.006154753267765045,0.0017704032361507416,0.002514377236366272,0.0022736452519893646,0.0022440319061279297,0.0056030601263046265,0.0014357883483171463,0.020421551540493965,,
34089,1.0,1024,empirical_selective,cuda,0.006154753267765045,0.0017704032361507416,0.002514377236366272,0.002306126058101654,,0.00563167966902256,,0.04362068697810173,0.020325371995568275,0.0027091577649116516
34089,1.0,1024,certified_fallback,cuda,0.006154753267765045,0.0017704032361507416,0.002514377236366272,0.0023384466767311096,,0.009153146296739578,,0.04441580921411514,0.020325371995568275,0.0
34089,1.0,1024,fine_mc,cpu,0.006225261837244034,0.0013271477073431015,0.0027969777584075928,0.02940208464860916,0.0,0.0,0.0013960693031549454,0.041598523035645485,,
34170,0.0,256,fine_mc,cuda,0.004319371655583382,0.047241199761629105,0.0007440745830535889,0.0011144690215587616,0.0010758399963378905,0.004784394055604935,0.00043460167944431305,0.05920754373073578,,
34170,0.0,256,empirical_selective,cuda,0.004319371655583382,0.047241199761629105,0.0007440745830535889,0.0009623076766729355,,0.005037741735577583,,0.06576226837933064,0.005656048655509949,0.0008624866604804993
34170,0.0,256,certified_fallback,cuda,0.004319371655583382,0.047241199761629105,0.0007440745830535889,0.0009387955069541931,,0.004761366173624992,,0.06446930766105652,0.005656048655509949,0.0
34170,0.0,256,fine_mc,cpu,0.004438469186425209,0.024044614285230637,0.0006934963166713715,0.007318800315260887,0.0,0.0,0.00041359104216098785,0.03726576641201973,,
34170,0.0,1024,fine_mc,cuda,0.006008822470903397,0.11473776400089264,0.002818189561367035,0.0023128148168325424,0.0022730560302734377,0.009534196928143501,0.001485949382185936,0.13778188452124596,,
34170,0.0,1024,empirical_selective,cuda,0.006008822470903397,0.11473776400089264,0.002818189561367035,0.0023132655769586563,,0.010637685656547546,,0.16718997992575169,0.025450337678194046,0.003056872636079788
34170,0.0,1024,certified_fallback,cuda,0.006008822470903397,0.11473776400089264,0.002818189561367035,0.0022760555148124695,,0.005599580705165863,,0.15909698233008385,0.025450337678194046,0.0
34170,0.0,1024,fine_mc,cpu,0.004586672410368919,0.17146348766982555,0.0026236269623041153,0.03263520821928978,0.0,0.0,0.00132020004093647,0.21299912966787815,,
34170,0.15,256,fine_mc,cuda,0.005993960425257683,0.030332211405038834,0.0011056400835514069,0.0009990483522415161,0.0009549440145492554,0.0016643088310956955,0.00044183433055877686,0.04110271483659744,,
34170,0.15,256,empirical_selective,cuda,0.005993960425257683,0.030332211405038834,0.0011056400835514069,0.0009541157633066177,,0.0015728399157524109,,0.047526417300105095,0.005916239693760872,0.0006741844117641449
34170,0.15,256,certified_fallback,cuda,0.005993960425257683,0.030332211405038834,0.0011056400835514069,0.0009061750024557114,,0.0017439331859350204,,0.0470928568392992,0.005916239693760872,0.0
34170,0.15,256,fine_mc,cpu,0.005315745249390602,0.0313425287604332,0.0007981527596712112,0.011884104460477829,0.0,0.0,0.00038816407322883606,0.050098832696676254,,
34170,0.15,1024,fine_mc,cuda,0.004799043759703636,0.13483298383653164,0.002416767179965973,0.002286706119775772,0.0022549118995666504,0.006014171987771988,0.0017791632562875748,0.15282106958329678,,
34170,0.15,1024,empirical_selective,cuda,0.004799043759703636,0.13483298383653164,0.002416767179965973,0.0022997744381427765,,0.005820112302899361,,0.17564551904797554,0.019970299676060677,0.0032826829701662064
34170,0.15,1024,certified_fallback,cuda,0.004799043759703636,0.13483298383653164,0.002416767179965973,0.002291915938258171,,0.00963594764471054,,0.17618702352046967,0.019970299676060677,0.0
34170,0.15,1024,fine_mc,cpu,0.0054102372378110886,0.1924830563366413,0.0049802158027887344,0.043976835906505585,0.0,0.0,0.0014631319791078568,0.24872651137411594,,
34170,1.0,256,fine_mc,cuda,0.00608261302113533,0.0007050037384033203,0.0008859448134899139,0.0009279493242502213,0.0008982399702072144,0.0015574917197227478,0.0003867819905281067,0.010983336716890335,,
34170,1.0,256,empirical_selective,cuda,0.00608261302113533,0.0007050037384033203,0.0008859448134899139,0.000918995589017868,,0.0015386827290058136,,0.016328314319252968,0.004835175350308418,0.00048689357936382294
34170,1.0,256,certified_fallback,cuda,0.00608261302113533,0.0007050037384033203,0.0008859448134899139,0.0009147059172391891,,0.0015431586652994156,,0.01577376388013363,0.004835175350308418,0.0
34170,1.0,256,fine_mc,cpu,0.007963975891470909,0.00038250163197517395,0.0005756840109825134,0.007352540269494057,0.0,0.0,0.0003608632832765579,0.016978207975625992,,
34170,1.0,1024,fine_mc,cuda,0.00847461074590683,0.00170978344976902,0.0026945099234580994,0.0022822674363851547,0.0022511041164398195,0.005578609183430672,0.0016107913106679916,0.022998372092843056,,
34170,1.0,1024,empirical_selective,cuda,0.00847461074590683,0.00170978344976902,0.0026945099234580994,0.002277536317706108,,0.010146744549274445,,0.05138348042964935,0.020708993077278137,0.0033537354320287704
34170,1.0,1024,certified_fallback,cuda,0.00847461074590683,0.00170978344976902,0.0026945099234580994,0.0022719968110322952,,0.005525978282094002,,0.043633654713630676,0.020708993077278137,0.0
34170,1.0,1024,fine_mc,cpu,0.006199952214956284,0.0021645035594701767,0.0021975859999656677,0.0311566274613142,0.0,0.0,0.0013182684779167175,0.04339681379497051,,
34251,0.0,256,fine_mc,cuda,0.004313100129365921,0.022237246856093407,0.000716155394911766,0.0010044276714324951,0.000965503990650177,0.001696484163403511,0.0004177019000053406,0.03096228465437889,,
34251,0.0,256,empirical_selective,cuda,0.004313100129365921,0.022237246856093407,0.000716155394911766,0.0009066853672266006,,0.0015420597046613693,,0.03612947277724743,0.004875153303146362,0.0006138160824775696
34251,0.0,256,certified_fallback,cuda,0.004313100129365921,0.022237246856093407,0.000716155394911766,0.0011243876069784164,,0.005305865779519081,,0.039505235850811005,0.004875153303146362,0.0
34251,0.0,256,fine_mc,cpu,0.004373820498585701,0.027976928278803825,0.000698944553732872,0.012746008113026619,0.0,0.0,0.00038804300129413605,0.046555934473872185,,
34251,0.0,1024,fine_mc,cuda,0.005552690476179123,0.11204469576478004,0.0025833379477262497,0.002293836325407028,0.00226313591003418,0.005588360130786896,0.001431059092283249,0.1300876196473837,,
34251,0.0,1024,empirical_selective,cuda,0.005552690476179123,0.11204469576478004,0.0025833379477262497,0.002280997112393379,,0.005487056449055672,,0.1548327449709177,0.02179906517267227,0.0030449219048023224
34251,0.0,1024,certified_fallback,cuda,0.005552690476179123,0.11204469576478004,0.0025833379477262497,0.0022769682109355927,,0.005512317642569542,,0.15194935724139214,0.02179906517267227,0.0
34251,0.0,1024,fine_mc,cpu,0.005719948559999466,0.1704768519848585,0.0027511082589626312,0.047230709344148636,0.0,0.0,0.0015125423669815063,0.22810682654380798,,
34251,0.15,256,fine_mc,cuda,0.005224127322435379,0.02742811106145382,0.001203717663884163,0.0009980760514736176,0.0009633920192718506,0.001761607825756073,0.00041747093200683594,0.03761379234492779,,
34251,0.15,256,empirical_selective,cuda,0.005224127322435379,0.02742811106145382,0.001203717663884163,0.0009018555283546448,,0.0015427283942699432,,0.04300112463533878,0.00501483678817749,0.0007163174450397491
34251,0.15,256,certified_fallback,cuda,0.005224127322435379,0.02742811106145382,0.001203717663884163,0.0008974969387054443,,0.0018496345728635788,,0.0424740482121706,0.00501483678817749,0.0
34251,0.15,256,fine_mc,cpu,0.006337594240903854,0.03748489357531071,0.000718357041478157,0.008251797407865524,0.0,0.0,0.00036271102726459503,0.053464921191334724,,
34251,0.15,1024,fine_mc,cuda,0.005797471851110458,0.12902738340198994,0.002340763807296753,0.002280827611684799,0.0022507519721984863,0.005468728020787239,0.0014169719070196152,0.14688492752611637,,
34251,0.15,1024,empirical_selective,cuda,0.005797471851110458,0.12902738340198994,0.002340763807296753,0.002287086099386215,,0.010711776092648506,,0.17651654034852982,0.021462880074977875,0.0027930382639169693
34251,0.15,1024,certified_fallback,cuda,0.005797471851110458,0.12902738340198994,0.002340763807296753,0.0022808965295553207,,0.005574211478233337,,0.16846633702516556,0.021462880074977875,0.0
34251,0.15,1024,fine_mc,cpu,0.005399288609623909,0.18783721700310707,0.0024936553090810776,0.03793901577591896,0.0,0.0,0.0015061590820550919,0.23562419414520264,,
34251,1.0,256,fine_mc,cuda,0.006267884746193886,0.0006628949195146561,0.0010025985538959503,0.0010005570948123932,0.0009703360199928284,0.0015752613544464111,0.00042199157178401947,0.011395588517189026,,
34251,1.0,256,empirical_selective,cuda,0.006267884746193886,0.0006628949195146561,0.0010025985538959503,0.001045268028974533,,0.0015934910625219345,,0.017339859157800674,0.005239805206656456,0.0006348025053739548
34251,1.0,256,certified_fallback,cuda,0.006267884746193886,0.0006628949195146561,0.0010025985538959503,0.00109160877764225,,0.0015680398792028427,,0.016759024932980537,0.005239805206656456,0.0
34251,1.0,256,fine_mc,cpu,0.006083233281970024,0.00038622133433818817,0.0005808044224977493,0.007319711148738861,0.0,0.0,0.00036234408617019653,0.015075817704200745,,
34251,1.0,1024,fine_mc,cuda,0.007005728781223297,0.0018055122345685959,0.0026783403009176254,0.0022793076932430267,0.0022489919662475586,0.005581039935350418,0.001615721732378006,0.021558603271842003,,
34251,1.0,1024,empirical_selective,cuda,0.007005728781223297,0.0018055122345685959,0.0026783403009176254,0.00230579636991024,,0.008999411016702652,,0.0493523683398962,0.021384011954069138,0.0028734132647514343
34251,1.0,1024,certified_fallback,cuda,0.007005728781223297,0.0018055122345685959,0.0026783403009176254,0.0022796057164669037,,0.004464590921998024,,0.0417124480009079,0.021384011954069138,0.0
34251,1.0,1024,fine_mc,cpu,0.006180953234434128,0.00157150998711586,0.002527257427573204,0.03265579789876938,0.0,0.0,0.0013557206839323044,0.04466547444462776,,
34332,0.0,256,fine_mc,cuda,0.004223039373755455,0.021401628851890564,0.0007195360958576202,0.0010029077529907227,0.0009677119851112366,0.0016742236912250519,0.00042976438999176025,0.0299995094537735,,
34332,0.0,256,empirical_selective,cuda,0.004223039373755455,0.021401628851890564,0.0007195360958576202,0.0011824574321508408,,0.0016274712979793549,,0.03589926287531853,0.004992606118321419,0.000703863799571991
34332,0.0,256,certified_fallback,cuda,0.004223039373755455,0.021401628851890564,0.0007195360958576202,0.0008828360587358475,,0.0016618426889181137,,0.03473314084112644,0.004992606118321419,0.0
34332,0.0,256,fine_mc,cpu,0.005898492410778999,0.027181031182408333,0.0008597970008850098,0.009157383814454079,0.0,0.0,0.0003252122551202774,0.0437447614967823,,
34332,0.0,1024,fine_mc,cuda,0.004408540204167366,0.11230310797691345,0.002489708364009857,0.002290705218911171,0.0022597439289093017,0.009480467066168785,0.0014985892921686172,0.13307114876806736,,
34332,0.0,1024,empirical_selective,cuda,0.004408540204167366,0.11230310797691345,0.002489708364009857,0.002293415367603302,,0.008766744285821915,,0.15881595946848392,0.023557623848319054,0.0029747411608695984
34332,0.0,1024,certified_fallback,cuda,0.004408540204167366,0.11230310797691345,0.002489708364009857,0.0022949762642383575,,0.005571251735091209,,0.15279696509242058,0.023557623848319054,0.0
34332,0.0,1024,fine_mc,cpu,0.004441520199179649,0.1730653401464224,0.0025296974927186966,0.030398674309253693,0.0,0.0,0.0014431383460760117,0.2123160921037197,,
34332,0.15,256,fine_mc,cuda,0.005102256312966347,0.024685950949788094,0.0009626373648643494,0.0010146554559469223,0.0009800000190734862,0.0017096921801567078,0.00043414346873760223,0.034483520314097404,,
34332,0.15,256,empirical_selective,cuda,0.005102256312966347,0.024685950949788094,0.0009626373648643494,0.0009482279419898987,,0.0016037393361330032,,0.040021318942308426,0.005143344402313232,0.0006529930979013443
34332,0.15,256,certified_fallback,cuda,0.005102256312966347,0.024685950949788094,0.0009626373648643494,0.0008844155818223953,,0.0016636326909065247,,0.03928620368242264,0.005143344402313232,0.0
34332,0.15,256,fine_mc,cpu,0.00501653365790844,0.032362887635827065,0.0012977197766304016,0.012439217418432236,0.0,0.0,0.00034032389521598816,0.05177703686058521,,
34332,0.15,1024,fine_mc,cuda,0.005293145775794983,0.12729046866297722,0.0027900896966457367,0.002291034907102585,0.002260096073150635,0.005646226927638054,0.0015082601457834244,0.14538712613284588,,
34332,0.15,1024,empirical_selective,cuda,0.005293145775794983,0.12729046866297722,0.0027900896966457367,0.002305787056684494,,0.010422052815556526,,0.17566807568073273,0.02268841490149498,0.002853820100426674
34332,0.15,1024,certified_fallback,cuda,0.005293145775794983,0.12729046866297722,0.0027900896966457367,0.0022761281579732895,,0.005742674693465233,,0.16853690333664417,0.02268841490149498,0.0
34332,0.15,1024,fine_mc,cpu,0.0050920844078063965,0.18836145848035812,0.0025375280529260635,0.04259137995541096,0.0,0.0,0.0013992078602313995,0.24034083262085915,,
34332,1.0,256,fine_mc,cuda,0.006036585196852684,0.0006326362490653992,0.0012109596282243729,0.0009283442050218582,0.0008974720239639282,0.0015551485121250153,0.0004232432693243027,0.011235369369387627,,
34332,1.0,256,empirical_selective,cuda,0.006036585196852684,0.0006326362490653992,0.0012109596282243729,0.0009530056267976761,,0.0015634596347808838,,0.016805406659841537,0.004943385720252991,0.0005867350846529007
34332,1.0,256,certified_fallback,cuda,0.006036585196852684,0.0006326362490653992,0.0012109596282243729,0.001100286841392517,,0.001581542193889618,,0.016392746940255165,0.004943385720252991,0.0
34332,1.0,256,fine_mc,cpu,0.007366981357336044,0.0004137549549341202,0.0007138252258300781,0.007320590317249298,0.0,0.0,0.0003482997417449951,0.01647935062646866,,
34332,1.0,1024,fine_mc,cuda,0.0065633561462163925,0.0017448030412197113,0.002643715590238571,0.002279575914144516,0.0022492799758911134,0.005631329491734505,0.001448359340429306,0.020872266963124275,,
34332,1.0,1024,empirical_selective,cuda,0.0065633561462163925,0.0017448030412197113,0.002643715590238571,0.0022883154451847076,,0.010346893221139908,,0.050093090161681175,0.021009517833590508,0.003208111971616745
34332,1.0,1024,certified_fallback,cuda,0.0065633561462163925,0.0017448030412197113,0.002643715590238571,0.0022853855043649673,,0.005681360140442848,,0.042072560638189316,0.021009517833590508,0.0
34332,1.0,1024,fine_mc,cpu,0.006221214309334755,0.002015942707657814,0.002284577116370201,0.03260335698723793,0.0,0.0,0.001329449936747551,0.04481455311179161,,
34413,0.0,256,fine_mc,cuda,0.0042200591415166855,0.022697139531373978,0.0007301755249500275,0.001005418598651886,0.0009694719910621643,0.0016430411487817764,0.0004254039376974106,0.031346770003437996,,
34413,0.0,256,empirical_selective,cuda,0.0042200591415166855,0.022697139531373978,0.0007301755249500275,0.0010166559368371964,,0.005143137648701668,,0.04176227189600468,0.005750987678766251,0.0011590290814638138
34413,0.0,256,certified_fallback,cuda,0.0042200591415166855,0.022697139531373978,0.0007301755249500275,0.0010898858308792114,,0.004967592656612396,,0.04043522849678993,0.005750987678766251,0.0
34413,0.0,256,fine_mc,cpu,0.005321085453033447,0.026280777528882027,0.0008147042244672775,0.012263216078281403,0.0,0.0,0.0003889910876750946,0.04547794908285141,,
34413,0.0,1024,fine_mc,cuda,0.004363922402262688,0.11515925452113152,0.0024112462997436523,0.0023065749555826187,0.00227126407623291,0.0056327953934669495,0.0015165917575359344,0.1320655643939972,,
34413,0.0,1024,empirical_selective,cuda,0.004363922402262688,0.11515925452113152,0.0024112462997436523,0.002373356372117996,,0.009298747405409813,,0.16226589679718018,0.02323388122022152,0.003145771101117134
34413,0.0,1024,certified_fallback,cuda,0.004363922402262688,0.11515925452113152,0.0024112462997436523,0.002293447032570839,,0.005661359056830406,,0.15549442917108536,0.02323388122022152,0.0
34413,0.0,1024,fine_mc,cpu,0.004502281546592712,0.17543461732566357,0.003222743049263954,0.041230708360672,0.0,0.0,0.0014227814972400665,0.22633213736116886,,
34413,0.15,256,fine_mc,cuda,0.005182856693863869,0.03779488429427147,0.0009387973695993423,0.0010206960141658783,0.000985376000404358,0.001668812707066536,0.0005124825984239578,0.047873783856630325,,
34413,0.15,256,empirical_selective,cuda,0.005182856693863869,0.03779488429427147,0.0009387973695993423,0.0009820759296417236,,0.0015814192593097687,,0.05349278077483177,0.005106404423713684,0.0007410924881696701
34413,0.15,256,certified_fallback,cuda,0.005182856693863869,0.03779488429427147,0.0009387973695993423,0.0008760876953601837,,0.002101834863424301,,0.05293836258351803,0.005106404423713684,0.0
34413,0.15,256,fine_mc,cpu,0.005013076588511467,0.030291860923171043,0.0007086563855409622,0.007502663880586624,0.0,0.0,0.0003546718508005142,0.04427258111536503,,
34413,0.15,1024,fine_mc,cuda,0.0052839163690805435,0.14044339209794998,0.0038154777139425278,0.002301327884197235,0.002267168045043945,0.0058095213025808334,0.0014417413622140884,0.1598055362701416,,
34413,0.15,1024,empirical_selective,cuda,0.0052839163690805435,0.14044339209794998,0.0038154777139425278,0.0022978950291872025,,0.006835099309682846,,0.1843781489878893,0.019494997337460518,0.003388151526451111
34413,0.15,1024,certified_fallback,cuda,0.0052839163690805435,0.14044339209794998,0.0038154777139425278,0.0023233965039253235,,0.005681188777089119,,0.17954410426318645,0.019494997337460518,0.0
34413,0.15,1024,fine_mc,cpu,0.005624029785394669,0.18910384364426136,0.0036542750895023346,0.03804705664515495,0.0,0.0,0.0015462525188922882,0.23852717317640781,,
34413,1.0,256,fine_mc,cuda,0.006342915818095207,0.0006667952984571457,0.0007382743060588837,0.0009493865072727203,0.0009183999896049499,0.004858121275901794,0.0004301033914089203,0.01456880196928978,,
34413,1.0,256,empirical_selective,cuda,0.006342915818095207,0.0006667952984571457,0.0007382743060588837,0.0009815562516450882,,0.004727045074105263,,0.020294658839702606,0.005180124193429947,0.0006237439811229706
34413,1.0,256,certified_fallback,cuda,0.006342915818095207,0.0006667952984571457,0.0007382743060588837,0.0011264588683843613,,0.005078274756669998,,0.02007172629237175,0.005180124193429947,0.0
34413,1.0,256,fine_mc,cpu,0.008297834545373917,0.00041674450039863586,0.0006346628069877625,0.01063816249370575,0.0,0.0,0.0003220401704311371,0.02072622999548912,,
34413,1.0,1024,fine_mc,cuda,0.0061598848551511765,0.002046152949333191,0.0026574507355690002,0.0022793151438236237,0.0022487359046936034,0.005664888769388199,0.001428721472620964,0.020924463868141174,,
34413,1.0,1024,empirical_selective,cuda,0.0061598848551511765,0.002046152949333191,0.0026574507355690002,0.002279486507177353,,0.008059646934270859,,0.04573136009275913,0.01913636364042759,0.002927979454398155
34413,1.0,1024,certified_fallback,cuda,0.0061598848551511765,0.002046152949333191,0.0026574507355690002,0.0022822562605142593,,0.010554425418376923,,0.045045074075460434,0.01913636364042759,0.0
34413,1.0,1024,fine_mc,cpu,0.006214752793312073,0.001950705423951149,0.0025860797613859177,0.031129129230976105,0.0,0.0,0.0013394802808761597,0.04366152733564377,,
34495,0.0,256,fine_mc,cuda,0.004236521199345589,0.04055044427514076,0.0009970776736736298,0.001284569501876831,0.0012333760261535646,0.004879912361502647,0.0004905518144369125,0.05309823155403137,,
34495,0.0,256,empirical_selective,cuda,0.004236521199345589,0.04055044427514076,0.0009970776736736298,0.001184338703751564,,0.005125347524881363,,0.05906756408512592,0.00510418601334095,0.0007945951074361801
34495,0.0,256,certified_fallback,cuda,0.004236521199345589,0.04055044427514076,0.0009970776736736298,0.0010943058878183365,,0.005143888294696808,,0.05805211886763573,0.00510418601334095,0.0
34495,0.0,256,fine_mc,cpu,0.005721781402826309,0.026578735560178757,0.0007589049637317657,0.0114166010171175,0.0,0.0,0.0003447122871875763,0.045146556571125984,,
34495,0.0,1024,fine_mc,cuda,0.00440831296145916,0.11662113480269909,0.0026743076741695404,0.0022808555513620377,0.0022495999336242674,0.005559319630265236,0.0014687906950712204,0.13360040448606014,,
34495,0.0,1024,empirical_selective,cuda,0.00440831296145916,0.11662113480269909,0.0026743076741695404,0.002331215888261795,,0.007335411384701729,,0.16487604193389416,0.025790030136704445,0.0035059936344623566
34495,0.0,1024,certified_fallback,cuda,0.00440831296145916,0.11662113480269909,0.0026743076741695404,0.002282768487930298,,0.00444365106523037,,0.158278938382864,0.025790030136704445,0.0
34495,0.0,1024,fine_mc,cpu,0.004518691450357437,0.18709300830960274,0.003779008984565735,0.04166713170707226,0.0,0.0,0.001341419294476509,0.23881139233708382,,
34495,0.15,256,fine_mc,cuda,0.005095388740301132,0.02427142858505249,0.0011177267879247665,0.0010129176080226898,0.000976863980293274,0.0016799401491880417,0.00044139474630355835,0.03420812077820301,,
34495,0.15,256,empirical_selective,cuda,0.005095388740301132,0.02427142858505249,0.0011177267879247665,0.0009366385638713837,,0.0016068518161773682,,0.03990226984024048,0.0052516162395477295,0.0006848536431789398
34495,0.15,256,certified_fallback,cuda,0.005095388740301132,0.02427142858505249,0.0011177267879247665,0.0009004436433315277,,0.001815812662243843,,0.039300963282585144,0.0052516162395477295,0.0
34495,0.15,256,fine_mc,cpu,0.005190666764974594,0.030692243948578835,0.0007092859596014023,0.012310754507780075,0.0,0.0,0.0003290921449661255,0.049551986157894135,,
34495,0.15,1024,fine_mc,cuda,0.006774628534913063,0.13782620429992676,0.0024184267967939377,0.0023207981139421463,0.0022860479354858397,0.005589226260781288,0.0014537088572978973,0.15699630975723267,,
34495,0.15,1024,empirical_selective,cuda,0.006774628534913063,0.13782620429992676,0.0024184267967939377,0.0022857356816530228,,0.011393208056688309,,0.18862455151975155,0.023136330768465996,0.0027390196919441223
34495,0.15,1024,certified_fallback,cuda,0.006774628534913063,0.13782620429992676,0.0024184267967939377,0.0023106150329113007,,0.005711939185857773,,0.1803991850465536,0.023136330768465996,0.0
34495,0.15,1024,fine_mc,cpu,0.006523195654153824,0.1852010264992714,0.002682868391275406,0.040833935141563416,0.0,0.0,0.001363920047879219,0.2369721494615078,,
34495,1.0,256,fine_mc,cuda,0.00632883608341217,0.0007027052342891693,0.000652974471449852,0.0008898768573999405,0.0008610879778861999,0.0015447009354829788,0.0004031620919704437,0.01096443459391594,,
34495,1.0,256,empirical_selective,cuda,0.00632883608341217,0.0007027052342891693,0.000652974471449852,0.0009619370102882385,,0.001585179939866066,,0.01653040573000908,0.004752002656459808,0.0006314031779766083
34495,1.0,256,certified_fallback,cuda,0.00632883608341217,0.0007027052342891693,0.000652974471449852,0.0009035151451826096,,0.0015817712992429733,,0.015727877616882324,0.004752002656459808,0.0
34495,1.0,256,fine_mc,cpu,0.006073104217648506,0.00037031061947345734,0.0006034951657056808,0.006798846647143364,0.0,0.0,0.00033019110560417175,0.01449420303106308,,
34495,1.0,1024,fine_mc,cuda,0.006299003958702087,0.0017601195722818375,0.0024667978286743164,0.0022772755473852158,0.0022476160526275634,0.005614718422293663,0.0016287732869386673,0.020691506564617157,,
34495,1.0,1024,empirical_selective,cuda,0.006299003958702087,0.0017601195722818375,0.0024667978286743164,0.002285037189722061,,0.009283365681767464,,0.050408050417900085,0.023512952029705048,0.002776389941573143
34495,1.0,1024,certified_fallback,cuda,0.006299003958702087,0.0017601195722818375,0.0024667978286743164,0.002277454361319542,,0.005510479211807251,,0.043866224586963654,0.023512952029705048,0.0
34495,1.0,1024,fine_mc,cpu,0.0077612437307834625,0.0016361922025680542,0.0024465546011924744,0.03186977468430996,0.0,0.0,0.0014292895793914795,0.04549819976091385,,
34576,0.0,256,fine_mc,cuda,0.004629412665963173,0.023683736100792885,0.0011868588626384735,0.0009906552731990814,0.0009559360146522522,0.0017716102302074432,0.0004416145384311676,0.03328416123986244,,
34576,0.0,256,empirical_selective,cuda,0.004629412665963173,0.023683736100792885,0.0011868588626384735,0.0009598173201084137,,0.0016479119658470154,,0.0396895557641983,0.00586613267660141,0.0007240045815706253
34576,0.0,256,certified_fallback,cuda,0.004629412665963173,0.023683736100792885,0.0011868588626384735,0.0008736569434404373,,0.001777132973074913,,0.03890599310398102,0.00586613267660141,0.0
34576,0.0,256,fine_mc,cpu,0.004438633099198341,0.0260633397847414,0.000747906044125557,0.01146613247692585,0.0,0.0,0.0004119221121072769,0.0435060765594244,,
34576,0.0,1024,fine_mc,cuda,0.005457447841763496,0.1215034518390894,0.0025820396840572357,0.0022796690464019775,0.0022504000663757322,0.010534670203924179,0.0015221815556287766,0.14456815086305141,,
34576,0.0,1024,empirical_selective,cuda,0.005457447841763496,0.1215034518390894,0.0025820396840572357,0.0022927839308977127,,0.011693708598613739,,0.17089385353028774,0.021915411576628685,0.00325947068631649
34576,0.0,1024,certified_fallback,cuda,0.005457447841763496,0.1215034518390894,0.0025820396840572357,0.002297995612025261,,0.006013153120875359,,0.16189344972372055,0.021915411576628685,0.0
34576,0.0,1024,fine_mc,cpu,0.004488412290811539,0.16922575421631336,0.0029440894722938538,0.03311597928404808,0.0,0.0,0.001460012048482895,0.21168170124292374,,
34576,0.15,256,fine_mc,cuda,0.005230918526649475,0.02322996035218239,0.0007070451974868774,0.0012276601046323776,0.0011805119514465333,0.0049459803849458694,0.0005646739155054092,0.036654045805335045,,
34576,0.15,256,empirical_selective,cuda,0.005230918526649475,0.02322996035218239,0.0007070451974868774,0.0009940378367900848,,0.004677874967455864,,0.04167350381612778,0.0049665458500385284,0.0006848964840173721
34576,0.15,256,certified_fallback,cuda,0.005230918526649475,0.02322996035218239,0.0007070451974868774,0.0009069368243217468,,0.004811054095625877,,0.04076784662902355,0.0049665458500385284,0.0
34576,0.15,256,fine_mc,cpu,0.0060720015317201614,0.025037964805960655,0.0006700456142425537,0.006733397021889687,0.0,0.0,0.00032890215516090393,0.039176762104034424,,
34576,0.15,1024,fine_mc,cuda,0.004864390939474106,0.11455398425459862,0.002709539607167244,0.002285825088620186,0.0022545280456542968,0.010401573032140732,0.0014250129461288452,0.13686963729560375,,
34576,0.15,1024,empirical_selective,cuda,0.004864390939474106,0.11455398425459862,0.002709539607167244,0.0022923164069652557,,0.01018151082098484,,0.16149820014834404,0.02199123427271843,0.0028406213968992233
34576,0.15,1024,certified_fallback,cuda,0.004864390939474106,0.11455398425459862,0.002709539607167244,0.0023293551057577133,,0.005968503654003143,,0.15440106019377708,0.02199123427271843,0.0
34576,0.15,1024,fine_mc,cpu,0.006266063079237938,0.17835244722664356,0.002977689728140831,0.02987881749868393,0.0,0.0,0.0014088694006204605,0.2192767933011055,,
34576,1.0,256,fine_mc,cuda,0.006025271490216255,0.0006176028400659561,0.0006422549486160278,0.000950908288359642,0.0009191359877586365,0.0016265790909528732,0.0003954637795686722,0.010717414319515228,,
34576,1.0,256,empirical_selective,cuda,0.006025271490216255,0.0006176028400659561,0.0006422549486160278,0.0009736474603414536,,0.0015869196504354477,,0.016753049567341805,0.005331927910447121,0.0006353948265314102
34576,1.0,256,certified_fallback,cuda,0.006025271490216255,0.0006176028400659561,0.0006422549486160278,0.0008896850049495697,,0.0016705319285392761,,0.016012780368328094,0.005331927910447121,0.0
34576,1.0,256,fine_mc,cpu,0.00611693412065506,0.0004412829875946045,0.0005820561200380325,0.005915021523833275,0.0,0.0,0.00031265243887901306,0.013703407719731331,,
34576,1.0,1024,fine_mc,cuda,0.00801672600209713,0.0017077010124921799,0.002888258546590805,0.0023018382489681244,0.002266655921936035,0.006407596170902252,0.0015044603496789932,0.023468175902962685,,
34576,1.0,1024,empirical_selective,cuda,0.00801672600209713,0.0017077010124921799,0.002888258546590805,0.002284776419401169,,0.011142918840050697,,0.051533931866288185,0.02038898505270481,0.0029973629862070084
34576,1.0,1024,certified_fallback,cuda,0.00801672600209713,0.0017077010124921799,0.002888258546590805,0.00231916643679142,,0.006099401041865349,,0.043479904532432556,0.02038898505270481,0.0
34576,1.0,1024,fine_mc,cpu,0.006283344700932503,0.0016241706907749176,0.00232524611055851,0.026287272572517395,0.0,0.0,0.0011598486453294754,0.03807198442518711,,
34657,0.0,256,fine_mc,cuda,0.004254879429936409,0.020501013845205307,0.000965924933552742,0.0010281968861818314,0.0009918400049209594,0.004611333832144737,0.0004255920648574829,0.03244718722999096,,
34657,0.0,256,empirical_selective,cuda,0.004254879429936409,0.020501013845205307,0.000965924933552742,0.0009779967367649078,,0.004804475232958794,,0.038394976407289505,0.005076536908745766,0.0007448252290487289
34657,0.0,256,certified_fallback,cuda,0.004254879429936409,0.020501013845205307,0.000965924933552742,0.0008992757648229599,,0.004788083955645561,,0.037410300225019455,0.005076536908745766,0.0
34657,0.0,256,fine_mc,cpu,0.005965791642665863,0.0222450140863657,0.0008142776787281036,0.006377575919032097,0.0,0.0,0.00033721141517162323,0.03617154434323311,,
34657,0.0,1024,fine_mc,cuda,0.0044171009212732315,0.10244448482990265,0.0026657767593860626,0.002276657149195671,0.0022472960948944094,0.009450307115912437,0.0014394987374544144,0.12339860387146473,,
34657,0.0,1024,empirical_selective,cuda,0.0044171009212732315,0.10244448482990265,0.0026657767593860626,0.002307916060090065,,0.00875815749168396,,0.14685789681971073,0.020960455760359764,0.003174562007188797
34657,0.0,1024,certified_fallback,cuda,0.0044171009212732315,0.10244448482990265,0.0026657767593860626,0.0023031551390886307,,0.006353367120027542,,0.14126432687044144,0.020960455760359764,0.0
34657,0.0,1024,fine_mc,cpu,0.004457930102944374,0.16492589376866817,0.0027979202568531036,0.03414388746023178,0.0,0.0,0.001460481435060501,0.20832287706434727,,
34657,0.15,256,fine_mc,cuda,0.0052004363387823105,0.023471755906939507,0.0007218662649393082,0.0010437481105327606,0.0010060479640960694,0.004768781363964081,0.0004377644509077072,0.03634589537978172,,
34657,0.15,256,empirical_selective,cuda,0.0052004363387823105,0.023471755906939507,0.0007218662649393082,0.0009980257600545883,,0.004690386354923248,,0.04185278154909611,0.005007922649383545,0.0006486233323812485
34657,0.15,256,certified_fallback,cuda,0.0052004363387823105,0.023471755906939507,0.0007218662649393082,0.0009476281702518463,,0.0047888606786727905,,0.04159157909452915,0.005007922649383545,0.0
34657,0.15,256,fine_mc,cpu,0.005032947286963463,0.02285807952284813,0.0007834360003471375,0.00823533721268177,0.0,0.0,0.00032301247119903564,0.03768128156661987,,
34657,0.15,1024,fine_mc,cuda,0.0049588643014431,0.11562958918511868,0.007037770003080368,0.002273155376315117,0.002244447946548462,0.010605111718177795,0.0014583300799131393,0.14267032779753208,,
34657,0.15,1024,empirical_selective,cuda,0.0049588643014431,0.11562958918511868,0.007037770003080368,0.0022902842611074448,,0.010428143665194511,,0.16643355414271355,0.020590344443917274,0.003285761922597885
34657,0.15,1024,certified_fallback,cuda,0.0049588643014431,0.11562958918511868,0.007037770003080368,0.0022870171815156937,,0.006042035296559334,,0.15863783098757267,0.020590344443917274,0.0
34657,0.15,1024,fine_mc,cpu,0.005112236365675926,0.17375384457409382,0.002919953316450119,0.02464963309466839,0.0,0.0,0.0014002993702888489,0.20830632001161575,,
34657,1.0,256,fine_mc,cuda,0.008102236315608025,0.000996047630906105,0.000763334333896637,0.0008768364787101746,0.0008447679877281189,0.001625601202249527,0.0003966335207223892,0.013304485008120537,,
34657,1.0,256,empirical_selective,cuda,0.008102236315608025,0.000996047630906105,0.000763334333896637,0.0009101070463657379,,0.0015834774821996689,,0.01980588026344776,0.0058419108390808105,0.0006010439246892929
34657,1.0,256,certified_fallback,cuda,0.008102236315608025,0.000996047630906105,0.000763334333896637,0.0009158775210380554,,0.0017401613295078278,,0.01926123909652233,0.0058419108390808105,0.0
34657,1.0,256,fine_mc,cpu,0.005976840853691101,0.0004484541714191437,0.0005906149744987488,0.006067980080842972,0.0,0.0,0.0003116130828857422,0.01726342737674713,,
34657,1.0,1024,fine_mc,cuda,0.006088173016905785,0.0018353350460529327,0.0025749169290065765,0.002283625304698944,0.002252608060836792,0.006222903728485107,0.001456569880247116,0.021118460223078728,,
34657,1.0,1024,empirical_selective,cuda,0.006088173016905785,0.0018353350460529327,0.0025749169290065765,0.00229610875248909,,0.010033497586846352,,0.05404286831617355,0.025866001844406128,0.003161463886499405
34657,1.0,1024,certified_fallback,cuda,0.006088173016905785,0.0018353350460529327,0.0025749169290065765,0.002284945920109749,,0.006033634766936302,,0.046848440542817116,0.025866001844406128,0.0
34657,1.0,1024,fine_mc,cpu,0.008227840065956116,0.001471860334277153,0.004436058923602104,0.02941758558154106,0.0,0.0,0.0011582281440496445,0.04517733305692673,,
34738,0.0,256,fine_mc,cuda,0.004272652789950371,0.02196389064192772,0.0012568384408950806,0.0012806188315153122,0.0012360320091247558,0.005167504772543907,0.0004406943917274475,0.03498661704361439,,
34738,0.0,256,empirical_selective,cuda,0.004272652789950371,0.02196389064192772,0.0012568384408950806,0.0012496374547481537,,0.005572961643338203,,0.04125341773033142,0.004957571625709534,0.0008054878562688828
34738,0.0,256,certified_fallback,cuda,0.004272652789950371,0.02196389064192772,0.0012568384408950806,0.0008909478783607483,,0.001606583595275879,,0.03578558936715126,0.004957571625709534,0.0
34738,0.0,256,fine_mc,cpu,0.0043592508882284164,0.02034914121031761,0.0007830262184143066,0.006045455113053322,0.0,0.0,0.0003218837082386017,0.032181842252612114,,
34738,0.0,1024,fine_mc,cuda,0.004459839314222336,0.10506770573556423,0.002482447773218155,0.002290656790137291,0.002259999990463257,0.010168112814426422,0.0016220994293689728,0.1267767082899809,,
34738,0.0,1024,empirical_selective,cuda,0.004459839314222336,0.10506770573556423,0.002482447773218155,0.002286607399582863,,0.010539503768086433,,0.15133948624134064,0.02156442031264305,0.0027826111763715744
34738,0.0,1024,certified_fallback,cuda,0.004459839314222336,0.10506770573556423,0.002482447773218155,0.002291835844516754,,0.006456758826971054,,0.1446532290428877,0.02156442031264305,0.0
34738,0.0,1024,fine_mc,cpu,0.0049264151602983475,0.1609522681683302,0.0029696710407733917,0.03356412425637245,0.0,0.0,0.0012945979833602905,0.20412715710699558,,
34738,0.15,256,fine_mc,cuda,0.0051567163318395615,0.023247601464390755,0.000986376777291298,0.0011275578290224075,0.0010908160209655762,0.004907611757516861,0.00043479353189468384,0.03658904694020748,,
34738,0.15,256,empirical_selective,cuda,0.0051567163318395615,0.023247601464390755,0.000986376777291298,0.0012028291821479797,,0.005103535950183868,,0.04305850341916084,0.005063176155090332,0.0006477739661931992
34738,0.15,256,certified_fallback,cuda,0.0051567163318395615,0.023247601464390755,0.000986376777291298,0.0009651873260736465,,0.004804762080311775,,0.04114815965294838,0.005063176155090332,0.0
34738,0.15,256,fine_mc,cpu,0.005011703819036484,0.02326679229736328,0.0007086172699928284,0.006013592705130577,0.0,0.0,0.0003241114318370819,0.035744091495871544,,
34738,0.15,1024,fine_mc,cuda,0.005798710510134697,0.1124498751014471,0.003300722688436508,0.0022873058915138245,0.0022548160552978516,0.008527278900146484,0.0014706999063491821,0.13451605290174484,,
34738,0.15,1024,empirical_selective,cuda,0.005798710510134697,0.1124498751014471,0.003300722688436508,0.0022819358855485916,,0.0057649798691272736,,0.15581178106367588,0.02053160034120083,0.0032201819121837616
34738,0.15,1024,certified_fallback,cuda,0.005798710510134697,0.1124498751014471,0.003300722688436508,0.0022858846932649612,,0.011402970179915428,,0.157889561727643,0.02053160034120083,0.0
34738,0.15,1024,fine_mc,cpu,0.005106914788484573,0.11735959351062775,0.0024897754192352295,0.025415567681193352,0.0,0.0,0.0013503897935152054,0.15223048441112041,,
34738,1.0,256,fine_mc,cuda,0.006482373923063278,0.0007481463253498077,0.0008419658988714218,0.001026315614581108,0.0009947519898414613,0.0017148330807685852,0.00041647255420684814,0.011811912059783936,,
34738,1.0,256,empirical_selective,cuda,0.006482373923063278,0.0007481463253498077,0.0008419658988714218,0.0010033883154392242,,0.0016330517828464508,,0.017688971012830734,0.005249476060271263,0.0007105562835931778
34738,1.0,256,certified_fallback,cuda,0.006482373923063278,0.0007481463253498077,0.0008419658988714218,0.0009255483746528625,,0.0016504805535078049,,0.016805797815322876,0.005249476060271263,0.0
34738,1.0,256,fine_mc,cpu,0.0060056112706661224,0.0003603324294090271,0.0006134044378995895,0.005745939910411835,0.0,0.0,0.00032895244657993317,0.01345411129295826,,
34738,1.0,1024,fine_mc,cuda,0.006454626098275185,0.002096254378557205,0.0026480481028556824,0.00227966345846653,0.00224947190284729,0.006122095510363579,0.001468520611524582,0.021741900593042374,,
34738,1.0,1024,empirical_selective,cuda,0.006454626098275185,0.002096254378557205,0.0026480481028556824,0.002288956195116043,,0.010222634300589561,,0.05021168850362301,0.021479738876223564,0.002858879044651985
34738,1.0,1024,certified_fallback,cuda,0.006454626098275185,0.002096254378557205,0.0026480481028556824,0.0022869575768709183,,0.006086479872465134,,0.043140958994627,0.021479738876223564,0.0
34738,1.0,1024,fine_mc,cpu,0.006591316312551498,0.001599939540028572,0.0029142890125513077,0.025998100638389587,0.0,0.0,0.0012677796185016632,0.0388764813542366,,
34819,0.0,256,fine_mc,cuda,0.004202529788017273,0.0211289394646883,0.0007828958332538605,0.0012746192514896393,0.001232640027999878,0.004655372351408005,0.0004526246339082718,0.03305483236908913,,
34819,0.0,256,empirical_selective,cuda,0.004202529788017273,0.0211289394646883,0.0007828958332538605,0.0009944252669811249,,0.004497220739722252,,0.038619911298155785,0.005347907543182373,0.0006938539445400238
34819,0.0,256,certified_fallback,cuda,0.004202529788017273,0.0211289394646883,0.0007828958332538605,0.0009155627340078354,,0.004698196426033974,,0.037949154153466225,0.005347907543182373,0.0
34819,0.0,256,fine_mc,cpu,0.004582341760396957,0.0209194365888834,0.0007200054824352264,0.0060683321207761765,0.0,0.0,0.0003222506493330002,0.032945144921541214,,
34819,0.0,1024,fine_mc,cuda,0.004497911781072617,0.10258559882640839,0.0024467576295137405,0.002288609743118286,0.002251904010772705,0.009884549304842949,0.0014454890042543411,0.12375531531870365,,
34819,0.0,1024,empirical_selective,cuda,0.004497911781072617,0.10258559882640839,0.0024467576295137405,0.002309085801243782,,0.01017460972070694,,0.14981294982135296,0.02258114144206047,0.003083711490035057
34819,0.0,1024,certified_fallback,cuda,0.004497911781072617,0.10258559882640839,0.0024467576295137405,0.0022915247827768326,,0.006103813648223877,,0.1425210814923048,0.02258114144206047,0.0
34819,0.0,1024,fine_mc,cpu,0.004411080852150917,0.1586173214018345,0.0028292592614889145,0.02869202196598053,0.0,0.0,0.0012907404452562332,0.1962493173778057,,
34819,0.15,256,fine_mc,cuda,0.0057998597621917725,0.025329414755105972,0.0007864348590373993,0.0010528750717639923,0.0010159039497375489,0.004961162805557251,0.00043759308755397797,0.03897947259247303,,
34819,0.15,256,empirical_selective,cuda,0.0057998597621917725,0.025329414755105972,0.0007864348590373993,0.0009904559701681137,,0.004559645429253578,,0.04413997940719128,0.004972005262970924,0.0007201656699180603
34819,0.15,256,certified_fallback,cuda,0.0057998597621917725,0.025329414755105972,0.0007864348590373993,0.0008775368332862854,,0.004547718912363052,,0.04319756291806698,0.004972005262970924,0.0
34819,0.15,256,fine_mc,cpu,0.005025405436754227,0.023030690848827362,0.0007598064839839935,0.006016571074724197,0.0,0.0,0.00031602196395397186,0.03547694534063339,,
34819,0.15,1024,fine_mc,cuda,0.004832044243812561,0.11231502518057823,0.0025279149413108826,0.0023055952042341232,0.0022682559490203856,0.010341351851820946,0.0015306994318962097,0.13444397039711475,,
34819,0.15,1024,empirical_selective,cuda,0.004832044243812561,0.11231502518057823,0.0025279149413108826,0.002311408519744873,,0.010749386623501778,,0.1590535119175911,0.0205698125064373,0.0035850871354341507
34819,0.15,1024,certified_fallback,cuda,0.004832044243812561,0.11231502518057823,0.0025279149413108826,0.002286463975906372,,0.006100824102759361,,0.15073458291590214,0.0205698125064373,0.0
34819,0.15,1024,fine_mc,cpu,0.0055861882865428925,0.17362229526042938,0.002421906217932701,0.024476811289787292,0.0,0.0,0.0013264380395412445,0.20788551308214664,,
34819,1.0,256,fine_mc,cuda,0.006105832755565643,0.0006693638861179352,0.0009038280695676804,0.0009214840829372406,0.000890399992465973,0.00460154190659523,0.0004090201109647751,0.014076696708798409,,
34819,1.0,256,empirical_selective,cuda,0.006105832755565643,0.0006693638861179352,0.0009038280695676804,0.000966336578130722,,0.005134716629981995,,0.020171718671917915,0.004960743710398674,0.0005205553025007248
34819,1.0,256,certified_fallback,cuda,0.006105832755565643,0.0006693638861179352,0.0009038280695676804,0.0009485147893428802,,0.005463879555463791,,0.019895518198609352,0.004960743710398674,0.0
34819,1.0,256,fine_mc,cpu,0.0061220936477184296,0.0004038643091917038,0.0006759762763977051,0.0060061924159526825,0.0,0.0,0.00033075176179409027,0.01386219635605812,,
34819,1.0,1024,fine_mc,cuda,0.006182083860039711,0.001843111589550972,0.00234333798289299,0.002285415306687355,0.002253920078277588,0.009703326970338821,0.0018007513135671616,0.024872364476323128,,
34819,1.0,1024,empirical_selective,cuda,0.006182083860039711,0.001843111589550972,0.00234333798289299,0.002297874540090561,,0.003979397937655449,,0.04249793849885464,0.020426010712981224,0.0033717937767505646
34819,1.0,1024,certified_fallback,cuda,0.006182083860039711,0.001843111589550972,0.00234333798289299,0.0022857263684272766,,0.004226967692375183,,0.03932439349591732,0.020426010712981224,0.0
34819,1.0,1024,fine_mc,cpu,0.006298372521996498,0.0017048213630914688,0.002590347081422806,0.026023661717772484,0.0,0.0,0.0013974402099847794,0.03839358687400818,,
34901,0.0,256,fine_mc,cuda,0.004289299249649048,0.02697513811290264,0.0010330472141504288,0.001058720052242279,0.0010220160484313964,0.004940751940011978,0.0004515722393989563,0.039345163851976395,,
34901,0.0,256,empirical_selective,cuda,0.004289299249649048,0.02697513811290264,0.0010330472141504288,0.0010237284004688263,,0.004851384088397026,,0.04478620924055576,0.0050481632351875305,0.0005836337804794312
34901,0.0,256,certified_fallback,cuda,0.004289299249649048,0.02697513811290264,0.0010330472141504288,0.000924769788980484,,0.004768384620547295,,0.04388984479010105,0.0050481632351875305,0.0
34901,0.0,256,fine_mc,cpu,0.00439373217523098,0.020457802340388298,0.0006890762597322464,0.005994832143187523,0.0,0.0,0.0003277212381362915,0.03219257481396198,,
34901,0.0,1024,fine_mc,cuda,0.004510762169957161,0.10091612860560417,0.0027964897453784943,0.0022968966513872147,0.0022659199237823487,0.010252701118588448,0.0015051700174808502,0.12290721200406551,,
34901,0.0,1024,empirical_selective,cuda,0.004510762169957161,0.10091612860560417,0.0027964897453784943,0.002287626266479492,,0.010813593864440918,,0.14900579117238522,0.021895384415984154,0.002913646399974823
34901,0.0,1024,certified_fallback,cuda,0.004510762169957161,0.10091612860560417,0.0027964897453784943,0.0022816751152276993,,0.005967594683170319,,0.14049134217202663,0.021895384415984154,0.0
34901,0.0,1024,fine_mc,cpu,0.00500030443072319,0.1357007995247841,0.002887129783630371,0.028502408415079117,0.0,0.0,0.001325029879808426,0.17382499761879444,,
34901,0.15,256,fine_mc,cuda,0.005323639139533043,0.028483832255005836,0.0007549859583377838,0.0010666586458683014,0.001028704047203064,0.005133314058184624,0.0004690643399953842,0.04184909537434578,,
34901,0.15,256,empirical_selective,cuda,0.005323639139533043,0.028483832255005836,0.0007549859583377838,0.0009996164590120316,,0.004694243893027306,,0.047058168798685074,0.005245635285973549,0.0005585029721260071
34901,0.15,256,certified_fallback,cuda,0.005323639139533043,0.028483832255005836,0.0007549859583377838,0.0009615365415811539,,0.005452120676636696,,0.04715689830482006,0.005245635285973549,0.0
34901,0.15,256,fine_mc,cpu,0.005188347771763802,0.023720474913716316,0.0006866250187158585,0.00618218258023262,0.0,0.0,0.00032472051680088043,0.036428652703762054,,
34901,0.15,1024,fine_mc,cuda,0.005967011675238609,0.1149081327021122,0.0026092994958162308,0.0022857971489429474,0.0022543039321899416,0.006309472024440765,0.0015285070985555649,0.13423693925142288,,
34901,0.15,1024,empirical_selective,cuda,0.005967011675238609,0.1149081327021122,0.0026092994958162308,0.002299817278981209,,0.005859119817614555,,0.16542158834636211,0.02788531593978405,0.003741186112165451
34901,0.15,1024,certified_fallback,cuda,0.005967011675238609,0.1149081327021122,0.0026092994958162308,0.0023039262741804123,,0.005919404327869415,,0.16167300194501877,0.02788531593978405,0.0
34901,0.15,1024,fine_mc,cpu,0.005452997982501984,0.17625276371836662,0.0027335472404956818,0.02366170659661293,0.0,0.0,0.001294868066906929,0.20981881953775883,,
34901,1.0,256,fine_mc,cuda,0.006209155544638634,0.0006627850234508514,0.0009554661810398102,0.0009264182299375534,0.000896511971950531,0.00466117262840271,0.00040488317608833313,0.014282241463661194,,
34901,1.0,256,empirical_selective,cuda,0.006209155544638634,0.0006627850234508514,0.0009554661810398102,0.0009580552577972412,,0.004495827481150627,,0.01963527873158455,0.004931645467877388,0.0005200318992137909
34901,1.0,256,certified_fallback,cuda,0.006209155544638634,0.0006627850234508514,0.0009554661810398102,0.0009113345295190811,,0.004546074196696281,,0.019030842930078506,0.004931645467877388,0.0
34901,1.0,256,fine_mc,cpu,0.006111202761530876,0.0003824140876531601,0.000571615993976593,0.006134243682026863,0.0,0.0,0.00032775290310382843,0.01383299008011818,,
34901,1.0,1024,fine_mc,cuda,0.0061890240758657455,0.0019043348729610443,0.0028130896389484406,0.002288905903697014,0.0022511680126190187,0.009537547826766968,0.001456351950764656,0.024820664897561073,,
34901,1.0,1024,empirical_selective,cuda,0.0061890240758657455,0.0019043348729610443,0.0028130896389484406,0.002286795526742935,,0.005667589604854584,,0.045629000291228294,0.021047508344054222,0.0036405958235263824
34901,1.0,1024,certified_fallback,cuda,0.0061890240758657455,0.0019043348729610443,0.0028130896389484406,0.0022871829569339752,,0.010364994406700134,,0.04669618606567383,0.021047508344054222,0.0
34901,1.0,1024,fine_mc,cpu,0.006203733384609222,0.0014398600906133652,0.002485167235136032,0.022734956815838814,0.0,0.0,0.0013033989816904068,0.03454841673374176,,
34982,0.0,256,fine_mc,cuda,0.004415471106767654,0.02019893191754818,0.0010213889181613922,0.001041017472743988,0.0010047039985656737,0.004883201792836189,0.0004443824291229248,0.03259225934743881,,
34982,0.0,256,empirical_selective,cuda,0.004415471106767654,0.02019893191754818,0.0010213889181613922,0.0010964591056108475,,0.004687011241912842,,0.037781624123454094,0.004911763593554497,0.0004913248121738434
34982,0.0,256,certified_fallback,cuda,0.004415471106767654,0.02019893191754818,0.0010213889181613922,0.0009149070829153061,,0.004690792411565781,,0.037004970014095306,0.004911763593554497,0.0
34982,0.0,256,fine_mc,cpu,0.004389941692352295,0.020348751917481422,0.0006813965737819672,0.006175355985760689,0.0,0.0,0.0003545992076396942,0.0322736632078886,,
34982,0.0,1024,fine_mc,cuda,0.004812141880393028,0.10211513563990593,0.0025992561131715775,0.0022851359099149704,0.0022556800842285156,0.010265292599797249,0.001515660434961319,0.12473408319056034,,
34982,0.0,1024,empirical_selective,cuda,0.004812141880393028,0.10211513563990593,0.0025992561131715775,0.002289123833179474,,0.011087547987699509,,0.1494669932872057,0.021410740911960602,0.003069322556257248
34982,0.0,1024,certified_fallback,cuda,0.004812141880393028,0.10211513563990593,0.0025992561131715775,0.002283768728375435,,0.006227843463420868,,0.14151150174438953,0.021410740911960602,0.0
34982,0.0,1024,fine_mc,cpu,0.004623984917998314,0.16365288570523262,0.0026807785034179688,0.023483313620090485,0.0,0.0,0.0013325698673725128,0.19616537541151047,,
34982,0.15,256,fine_mc,cuda,0.005396626889705658,0.027768464758992195,0.0010458678007125854,0.0011710189282894135,0.001124959945678711,0.004972571507096291,0.00043993256986141205,0.041451919823884964,,
34982,0.15,256,empirical_selective,cuda,0.005396626889705658,0.027768464758992195,0.0010458678007125854,0.0009921453893184662,,0.0045936014503240585,,0.04664992541074753,0.005224475637078285,0.0006292834877967834
34982,0.15,256,certified_fallback,cuda,0.005396626889705658,0.027768464758992195,0.0010458678007125854,0.0009198542684316635,,0.0017230436205863953,,0.04297789931297302,0.005224475637078285,0.0
34982,0.15,256,fine_mc,cpu,0.005078567191958427,0.02266600914299488,0.0007305573672056198,0.00603068433701992,0.0,0.0,0.00032259151339530945,0.035255519673228264,,
34982,0.15,1024,fine_mc,cuda,0.004813896492123604,0.11612553149461746,0.0026797689497470856,0.0023057255893945694,0.002272480010986328,0.010954687371850014,0.0015506800264120102,0.13906367495656013,,
34982,0.15,1024,empirical_selective,cuda,0.004813896492123604,0.11612553149461746,0.0026797689497470856,0.002291964367032051,,0.009906873106956482,,0.1631590947508812,0.02232459746301174,0.0029730629175901413
34982,0.15,1024,certified_fallback,cuda,0.004813896492123604,0.11612553149461746,0.0026797689497470856,0.002277607098221779,,0.005731197074055672,,0.15602302365005016,0.02232459746301174,0.0
34982,0.15,1024,fine_mc,cpu,0.005076706409454346,0.1741940975189209,0.0027670878916978836,0.028241029009222984,0.0,0.0,0.0014097709208726883,0.21212933771312237,,
34982,1.0,256,fine_mc,cuda,0.006015820428729057,0.0009605549275875092,0.0008470155298709869,0.0009107664227485657,0.0008818560242652893,0.004834285005927086,0.0004357118159532547,0.014452893286943436,,
34982,1.0,256,empirical_selective,cuda,0.006015820428729057,0.0009605549275875092,0.0008470155298709869,0.0009933467954397202,,0.005103945732116699,,0.0205196775496006,0.004823517054319382,0.0006980858743190765
34982,1.0,256,certified_fallback,cuda,0.006015820428729057,0.0009605549275875092,0.0008470155298709869,0.0008916482329368591,,0.0016178376972675323,,0.01599942147731781,0.004823517054319382,0.0
34982,1.0,256,fine_mc,cpu,0.006020881235599518,0.0003891121596097946,0.0006291531026363373,0.005663961172103882,0.0,0.0,0.00031833164393901825,0.013323858380317688,,
34982,1.0,1024,fine_mc,cuda,0.0061119552701711655,0.0019364040344953537,0.002675337716937065,0.002288244664669037,0.0022578880786895753,0.006241053342819214,0.0015159063041210175,0.02135968953371048,,
34982,1.0,1024,empirical_selective,cuda,0.0061119552701711655,0.0019364040344953537,0.002675337716937065,0.0022884029895067215,,0.005849923938512802,,0.04627120681107044,0.021787293255329132,0.0035466253757476807
34982,1.0,1024,certified_fallback,cuda,0.0061119552701711655,0.0019364040344953537,0.002675337716937065,0.0022916048765182495,,0.010332724079489708,,0.04713786020874977,0.021787293255329132,0.0
34982,1.0,1024,fine_mc,cpu,0.006257636472582817,0.0012801289558410645,0.002651408314704895,0.026515813544392586,0.0,0.0,0.0011571180075407028,0.038228847086429596,,
35063,0.0,256,fine_mc,cuda,0.004301300272345543,0.020844105631113052,0.0009748656302690506,0.0010495074093341827,0.0010123519897460938,0.004874423146247864,0.00044284388422966003,0.033164530992507935,,
35063,0.0,256,empirical_selective,cuda,0.004301300272345543,0.020844105631113052,0.0009748656302690506,0.0009650774300098419,,0.004633979871869087,,0.03838835097849369,0.005012454465031624,0.0006114654242992401
35063,0.0,256,certified_fallback,cuda,0.004301300272345543,0.020844105631113052,0.0009748656302690506,0.0009212754666805267,,0.004629822447896004,,0.03816172666847706,0.005012454465031624,0.0
35063,0.0,256,fine_mc,cpu,0.0043631792068481445,0.020122529938817024,0.0007544774562120438,0.006116151809692383,0.0,0.0,0.00031748227775096893,0.03209935314953327,,
35063,0.0,1024,fine_mc,cuda,0.004458041861653328,0.1048794835805893,0.0026864204555749893,0.002283463254570961,0.0022517120838165283,0.009462902322411537,0.0014656912535429,0.12595481984317303,,
35063,0.0,1024,empirical_selective,cuda,0.004458041861653328,0.1048794835805893,0.0026864204555749893,0.0022881440818309784,,0.009823029860854149,,0.15004339069128036,0.02066861465573311,0.003020159900188446
35063,0.0,1024,certified_fallback,cuda,0.004458041861653328,0.1048794835805893,0.0026864204555749893,0.0022818371653556824,,0.006057342514395714,,0.14321107044816017,0.02066861465573311,0.0
35063,0.0,1024,fine_mc,cpu,0.004455000162124634,0.15970911644399166,0.00292133167386055,0.03267029672861099,0.0,0.0,0.001283569261431694,0.2015017829835415,,
35063,0.15,256,fine_mc,cuda,0.005170928314328194,0.02341032400727272,0.0007356554269790649,0.00107610784471035,0.001039039969444275,0.004732852801680565,0.0004341527819633484,0.03624667413532734,,
35063,0.15,256,empirical_selective,cuda,0.005170928314328194,0.02341032400727272,0.0007356554269790649,0.0009920783340930939,,0.004760751500725746,,0.04183467477560043,0.004927065223455429,0.0007285270839929581
35063,0.15,256,certified_fallback,cuda,0.005170928314328194,0.02341032400727272,0.0007356554269790649,0.0010250862687826157,,0.004815941676497459,,0.041028786450624466,0.004927065223455429,0.0
35063,0.15,256,fine_mc,cpu,0.005080206319689751,0.024194292724132538,0.0007809232920408249,0.006135780364274979,0.0,0.0,0.0003256518393754959,0.036946434527635574,,
35063,0.15,1024,fine_mc,cuda,0.005017247051000595,0.11390273831784725,0.0025511663407087326,0.0022928770631551743,0.0022618560791015626,0.010471506044268608,0.001458359882235527,0.13639602437615395,,
35063,0.15,1024,empirical_selective,cuda,0.005017247051000595,0.11390273831784725,0.0025511663407087326,0.002283666282892227,,0.005737002938985825,,0.15895313397049904,0.024039268493652344,0.0032247640192508698
35063,0.15,1024,certified_fallback,cuda,0.005017247051000595,0.11390273831784725,0.0025511663407087326,0.002284964546561241,,0.006110193207859993,,0.15607913583517075,0.024039268493652344,0.0
35063,0.15,1024,fine_mc,cpu,0.0053789373487234116,0.1707176063209772,0.00247400626540184,0.02621239237487316,0.0,0.0,0.001408059149980545,0.20667698234319687,,
35063,1.0,256,fine_mc,cuda,0.00601758249104023,0.0006051063537597656,0.0006170757114887238,0.0009059980511665344,0.0008776320219039917,0.0015858020633459091,0.0004089735448360443,0.010672012344002724,,
35063,1.0,256,empirical_selective,cuda,0.00601758249104023,0.0006051063537597656,0.0006170757114887238,0.0009156595915555954,,0.0015594903379678726,,0.01630200259387493,0.004865484312176704,0.00069468654692173
35063,1.0,256,certified_fallback,cuda,0.00601758249104023,0.0006051063537597656,0.0006170757114887238,0.0009208153933286667,,0.0016607549041509628,,0.01561630517244339,0.004865484312176704,0.0
35063,1.0,256,fine_mc,cpu,0.00610383041203022,0.0005134548991918564,0.0005920920521020889,0.005870772525668144,0.0,0.0,0.0003156326711177826,0.013778971508145332,,
35063,1.0,1024,fine_mc,cuda,0.006270473822951317,0.0020940545946359634,0.002687709406018257,0.0022858064621686935,0.0022544639110565184,0.006122272461652756,0.001466851681470871,0.021625390276312828,,
35063,1.0,1024,empirical_selective,cuda,0.006270473822951317,0.0020940545946359634,0.002687709406018257,0.0022889673709869385,,0.010263742879033089,,0.052157048135995865,0.023389235138893127,0.0030284523963928223
35063,1.0,1024,certified_fallback,cuda,0.006270473822951317,0.0020940545946359634,0.002687709406018257,0.002283075824379921,,0.006080532446503639,,0.04494641721248627,0.023389235138893127,0.0
35063,1.0,1024,fine_mc,cpu,0.006390834227204323,0.001606971025466919,0.003026200458407402,0.023932287469506264,0.0,0.0,0.0014026481658220291,0.03692973591387272,,
35144,0.0,256,fine_mc,cuda,0.004275809973478317,0.020422164350748062,0.0009654257446527481,0.0010407287627458572,0.0010029120445251465,0.004763603210449219,0.0004390813410282135,0.032479576766490936,,
35144,0.0,256,empirical_selective,cuda,0.004275809973478317,0.020422164350748062,0.0009654257446527481,0.000973135232925415,,0.005063513293862343,,0.038739291951060295,0.0049375370144844055,0.0006053950637578964
35144,0.0,256,certified_fallback,cuda,0.004275809973478317,0.020422164350748062,0.0009654257446527481,0.0009216461330652237,,0.004675714299082756,,0.03701397962868214,0.0049375370144844055,0.0
35144,0.0,256,fine_mc,cpu,0.004413692280650139,0.02125917747616768,0.0007180366665124893,0.00631740503013134,0.0,0.0,0.0003190319985151291,0.03338738530874252,,
35144,0.0,1024,fine_mc,cuda,0.004556251689791679,0.10356405377388,0.002780059352517128,0.002283567562699318,0.0022500159740448,0.01040615327656269,0.0015124902129173279,0.1257244311273098,,
35144,0.0,1024,empirical_selective,cuda,0.004556251689791679,0.10356405377388,0.002780059352517128,0.002300577238202095,,0.009953130036592484,,0.14861181750893593,0.02049352414906025,0.002870740368962288
35144,0.0,1024,certified_fallback,cuda,0.004556251689791679,0.10356405377388,0.002780059352517128,0.002284616231918335,,0.005815679207444191,,0.14151219837367535,0.02049352414906025,0.0
35144,0.0,1024,fine_mc,cpu,0.0045246705412864685,0.16155429184436798,0.002912009134888649,0.024410990998148918,0.0,0.0,0.0014284811913967133,0.19523556344211102,,
35144,0.15,256,fine_mc,cuda,0.005170276388525963,0.022612567991018295,0.000906035304069519,0.0010892003774642944,0.0010506240129470824,0.0046897027641534805,0.0004612822085618973,0.035531120374798775,,
35144,0.15,256,empirical_selective,cuda,0.005170276388525963,0.022612567991018295,0.000906035304069519,0.000998547300696373,,0.004534661769866943,,0.04081817530095577,0.004969386383891106,0.0006614867597818375
35144,0.15,256,certified_fallback,cuda,0.005170276388525963,0.022612567991018295,0.000906035304069519,0.0012052301317453384,,0.00510297529399395,,0.040860679000616074,0.004969386383891106,0.0
35144,0.15,256,fine_mc,cpu,0.005188215523958206,0.023104732856154442,0.0007298365235328674,0.0065119341015815735,0.0,0.0,0.0003276616334915161,0.03619741275906563,,
35144,0.15,1024,fine_mc,cuda,0.0047788117080926895,0.11519401706755161,0.003153938800096512,0.002316135913133621,0.00227622389793396,0.010484851896762848,0.0016709789633750916,0.1382494866847992,,
35144,0.15,1024,empirical_selective,cuda,0.0047788117080926895,0.11519401706755161,0.003153938800096512,0.002287736162543297,,0.010210657492280006,,0.16191556490957737,0.02105174958705902,0.0029576700180768967
35144,0.15,1024,certified_fallback,cuda,0.0047788117080926895,0.11519401706755161,0.003153938800096512,0.002281375229358673,,0.006039783358573914,,0.15455053374171257,0.02105174958705902,0.0
35144,0.15,1024,fine_mc,cpu,0.005788819864392281,0.11730419099330902,0.002561960369348526,0.023094400763511658,0.0,0.0,0.0013082902878522873,0.15042645297944546,,
35144,1.0,256,fine_mc,cuda,0.006011122837662697,0.0005836524069309235,0.0007437244057655334,0.000883888453245163,0.0008475840091705322,0.0016162022948265076,0.0004300437867641449,0.010706823319196701,,
35144,1.0,256,empirical_selective,cuda,0.006011122837662697,0.0005836524069309235,0.0007437244057655334,0.0009804554283618927,,0.001695500686764717,,0.01665380597114563,0.0048632435500621796,0.000860355794429779
35144,1.0,256,certified_fallback,cuda,0.006011122837662697,0.0005836524069309235,0.0007437244057655334,0.0008987355977296829,,0.0015976987779140472,,0.015522938221693039,0.0048632435500621796,0.0
35144,1.0,256,fine_mc,cpu,0.0059938132762908936,0.00036426447331905365,0.0006051342934370041,0.005846740677952766,0.0,0.0,0.00032719969749450684,0.01344786025583744,,
35144,1.0,1024,fine_mc,cuda,0.006420174613595009,0.0022412147372961044,0.0029559191316366196,0.0022913292050361633,0.0022564480304718016,0.010338373482227325,0.0014455094933509827,0.026312673464417458,,
35144,1.0,1024,empirical_selective,cuda,0.006420174613595009,0.0022412147372961044,0.0029559191316366196,0.0022864695638418198,,0.005803268402814865,,0.04850017838180065,0.023824304342269897,0.0028643514961004257
35144,1.0,1024,certified_fallback,cuda,0.006420174613595009,0.0022412147372961044,0.0029559191316366196,0.0022927969694137573,,0.011051647365093231,,0.05133965611457825,0.023824304342269897,0.0
35144,1.0,1024,fine_mc,cpu,0.006356984376907349,0.001271568238735199,0.0027097798883914948,0.023028962314128876,0.0,0.0,0.0012908000499010086,0.03501923382282257,,
35225,0.0,256,fine_mc,cuda,0.004239970818161964,0.021448848769068718,0.0007463246583938599,0.0010371450334787369,0.0009977279901504518,0.0049750227481126785,0.000444093719124794,0.03354795277118683,,
35225,0.0,256,empirical_selective,cuda,0.004239970818161964,0.021448848769068718,0.0007463246583938599,0.001008806750178337,,0.004726992920041084,,0.03875805251300335,0.0049111731350421906,0.0006307344883680344
35225,0.0,256,certified_fallback,cuda,0.004239970818161964,0.021448848769068718,0.0007463246583938599,0.0008914973586797714,,0.004992736503481865,,0.03820975683629513,0.0049111731350421906,0.0
35225,0.0,256,fine_mc,cpu,0.004512552171945572,0.02041878178715706,0.0006852559745311737,0.006163332611322403,0.0,0.0,0.00032435543835163116,0.032537247985601425,,
35225,0.0,1024,fine_mc,cuda,0.004656683653593063,0.10255252756178379,0.0025999490171670914,0.0022789444774389267,0.002246432065963745,0.010920686647295952,0.0014806706458330154,0.12527496553957462,,
35225,0.0,1024,empirical_selective,cuda,0.004656683653593063,0.10255252756178379,0.0025999490171670914,0.0023779552429914474,,0.009104453027248383,,0.1494949758052826,0.02246992662549019,0.003183772787451744
35225,0.0,1024,certified_fallback,cuda,0.004656683653593063,0.10255252756178379,0.0025999490171670914,0.0022915471345186234,,0.006185293197631836,,0.14287110045552254,0.02246992662549019,0.0
35225,0.0,1024,fine_mc,cpu,0.004890613257884979,0.16133576817810535,0.0026743952184915543,0.023744095116853714,0.0,0.0,0.0013438090682029724,0.1945477109402418,,
35225,0.15,256,fine_mc,cuda,0.005213664844632149,0.023463593795895576,0.0009129252284765244,0.0010596159845590591,0.0010207680463790894,0.004778947681188583,0.00044374167919158936,0.03660118766129017,,
35225,0.15,256,empirical_selective,cuda,0.005213664844632149,0.023463593795895576,0.0009129252284765244,0.0009771175682544708,,0.004811584949493408,,0.04194667749106884,0.004931483417749405,0.0005381647497415543
35225,0.15,256,certified_fallback,cuda,0.005213664844632149,0.023463593795895576,0.0009129252284765244,0.0009263288229703903,,0.00498659722507,,0.04140107147395611,0.004931483417749405,0.0
35225,0.15,256,fine_mc,cpu,0.005101656541228294,0.022618349641561508,0.0007334761321544647,0.006617056205868721,0.0,0.0,0.00032560527324676514,0.03580922447144985,,
35225,0.15,1024,fine_mc,cuda,0.00507657416164875,0.1146717220544815,0.002410527318716049,0.002291666343808174,0.002250112056732178,0.010116558521986008,0.0014451481401920319,0.13673210330307484,,
35225,0.15,1024,empirical_selective,cuda,0.00507657416164875,0.1146717220544815,0.002410527318716049,0.0023006368428468704,,0.0058682505041360855,,0.1586119495332241,0.022634608671069145,0.0032704249024391174
35225,0.15,1024,certified_fallback,cuda,0.00507657416164875,0.1146717220544815,0.002410527318716049,0.0022834762930870056,,0.005806261673569679,,0.15497739240527153,0.022634608671069145,0.0
35225,0.15,1024,fine_mc,cpu,0.005276525393128395,0.17430281080305576,0.002537498250603676,0.03102002665400505,0.0,0.0,0.0015078093856573105,0.21519132144749165,,
35225,1.0,256,fine_mc,cuda,0.00601736456155777,0.0005898848176002502,0.0007150564342737198,0.0008972659707069397,0.0008675839900970459,0.0016073435544967651,0.00040830112993717194,0.010771136730909348,,
35225,1.0,256,empirical_selective,cuda,0.00601736456155777,0.0005898848176002502,0.0007150564342737198,0.0009568668901920319,,0.001604890450835228,,0.01632227562367916,0.00478910468518734,0.0006595142185688019
35225,1.0,256,certified_fallback,cuda,0.00601736456155777,0.0005898848176002502,0.0007150564342737198,0.0008897855877876282,,0.0016452744603157043,,0.015528520569205284,0.00478910468518734,0.0
35225,1.0,256,fine_mc,cpu,0.006026051938533783,0.0003825537860393524,0.0006092041730880737,0.006168851628899574,0.0,0.0,0.00032730214297771454,0.0162870641797781,,
35225,1.0,1024,fine_mc,cuda,0.0060785021632909775,0.0021179430186748505,0.002589719370007515,0.0023078564554452896,0.0022688961029052736,0.008017035201191902,0.001474561169743538,0.023287804797291756,,
35225,1.0,1024,empirical_selective,cuda,0.0060785021632909775,0.0021179430186748505,0.002589719370007515,0.0022879932075738907,,0.00580218993127346,,0.04767921380698681,0.023001642897725105,0.0030938386917114258
35225,1.0,1024,certified_fallback,cuda,0.0060785021632909775,0.0021179430186748505,0.002589719370007515,0.002316415309906006,,0.009371794760227203,,0.04781798832118511,0.023001642897725105,0.0
35225,1.0,1024,fine_mc,cpu,0.006311366334557533,0.0016907714307308197,0.0038424283266067505,0.02790137566626072,0.0,0.0,0.0011513996869325638,0.041353411972522736,,
35307,0.0,256,fine_mc,cuda,0.0045336391776800156,0.02036983333528042,0.0009923670440912247,0.0010404177010059357,0.0010005120038986206,0.004714902490377426,0.0004502721130847931,0.03279146924614906,,
35307,0.0,256,empirical_selective,cuda,0.0045336391776800156,0.02036983333528042,0.0009923670440912247,0.0010023973882198334,,0.005084177479147911,,0.03850617632269859,0.004829023033380508,0.0006476640701293945
35307,0.0,256,certified_fallback,cuda,0.0045336391776800156,0.02036983333528042,0.0009923670440912247,0.0009220857173204422,,0.005194995552301407,,0.03779030218720436,0.004829023033380508,0.0
35307,0.0,256,fine_mc,cpu,0.005312487483024597,0.022011712193489075,0.0007150936871767044,0.006585314869880676,0.0,0.0,0.0003202129155397415,0.03537038713693619,,
35307,0.0,1024,fine_mc,cuda,0.004477540031075478,0.10125315934419632,0.002909492701292038,0.0022867657244205475,0.0022532479763031008,0.011248467490077019,0.0014538820832967758,0.12432335317134857,,
35307,0.0,1024,empirical_selective,cuda,0.004477540031075478,0.10125315934419632,0.002909492701292038,0.002289166674017906,,0.010213108733296394,,0.14936059899628162,0.023211471736431122,0.002868352457880974
35307,0.0,1024,certified_fallback,cuda,0.004477540031075478,0.10125315934419632,0.002909492701292038,0.002293376252055168,,0.005959680303931236,,0.14222962968051434,0.023211471736431122,0.0
35307,0.0,1024,fine_mc,cpu,0.004709972068667412,0.16224963404238224,0.002680361270904541,0.03152468986809254,0.0,0.0,0.0012871604412794113,0.20295126736164093,,
35307,0.15,256,fine_mc,cuda,0.005138056352734566,0.024796852841973305,0.0008944645524024963,0.0010398086160421371,0.0010012160539627074,0.005227355286478996,0.0004374943673610687,0.03829051926732063,,
35307,0.15,256,empirical_selective,cuda,0.005138056352734566,0.024796852841973305,0.0008944645524024963,0.0010425373911857605,,0.00521707721054554,,0.0437603946775198,0.005044287070631981,0.0005199704319238663
35307,0.15,256,certified_fallback,cuda,0.005138056352734566,0.024796852841973305,0.0008944645524024963,0.0009290371090173721,,0.004930347204208374,,0.04281450994312763,0.005044287070631981,0.0
35307,0.15,256,fine_mc,cpu,0.005130315199494362,0.022973300889134407,0.0007338263094425201,0.006637595593929291,0.0,0.0,0.00034756213426589966,0.036247264593839645,,
35307,0.15,1024,fine_mc,cuda,0.005045406520366669,0.11508438549935818,0.0026826485991477966,0.002293108031153679,0.0022603518962860105,0.010827697813510895,0.0014795903116464615,0.13810781575739384,,
35307,0.15,1024,empirical_selective,cuda,0.005045406520366669,0.11508438549935818,0.0026826485991477966,0.0022932961583137512,,0.009966960176825523,,0.1614184956997633,0.02068314328789711,0.003398943692445755
35307,0.15,1024,certified_fallback,cuda,0.005045406520366669,0.11508438549935818,0.0026826485991477966,0.0022983066737651825,,0.005810065194964409,,0.15379377454519272,0.02068314328789711,0.0
35307,0.15,1024,fine_mc,cpu,0.005365747958421707,0.17021664045751095,0.0030257105827331543,0.023811006918549538,0.0,0.0,0.001302320510149002,0.2041897177696228,,
35307,1.0,256,fine_mc,cuda,0.006006699055433273,0.0005878638476133347,0.0009804964065551758,0.0009786970913410187,0.000946720004081726,0.0017102379351854324,0.00039479322731494904,0.011215239763259888,,
35307,1.0,256,empirical_selective,cuda,0.006006699055433273,0.0005878638476133347,0.0009804964065551758,0.0009635761380195618,,0.0016026105731725693,,0.01828433759510517,0.006311703473329544,0.0007917061448097229
35307,1.0,256,certified_fallback,cuda,0.006006699055433273,0.0005878638476133347,0.0009804964065551758,0.0011087972670793533,,0.001751704141497612,,0.017789334058761597,0.006311703473329544,0.0
35307,1.0,256,fine_mc,cpu,0.00735241174697876,0.00046568363904953003,0.0005763228982686996,0.006160274147987366,0.0,0.0,0.00032036006450653076,0.017908312380313873,,
35307,1.0,1024,fine_mc,cuda,0.006100403144955635,0.002106856554746628,0.0023864582180976868,0.0022903960198163986,0.0022535040378570555,0.00619974359869957,0.0016362909227609634,0.02195403352379799,,
35307,1.0,1024,empirical_selective,cuda,0.006100403144955635,0.002106856554746628,0.0023864582180976868,0.002286067232489586,,0.00929514691233635,,0.05097232945263386,0.023762106895446777,0.002873361110687256
35307,1.0,1024,certified_fallback,cuda,0.006100403144955635,0.002106856554746628,0.0023864582180976868,0.002311455085873604,,0.006368214264512062,,0.04515118710696697,0.023762106895446777,0.0
35307,1.0,1024,fine_mc,cpu,0.00632835365831852,0.0016730111092329025,0.004431979730725288,0.028540978208184242,0.0,0.0,0.0012774784117937088,0.04275463707745075,,
35388,0.0,256,fine_mc,cuda,0.004251047968864441,0.021340109407901764,0.0011336077004671097,0.0010311882942914963,0.000994047999382019,0.0017636548727750778,0.00043149106204509735,0.030526932328939438,,
35388,0.0,256,empirical_selective,cuda,0.004251047968864441,0.021340109407901764,0.0011336077004671097,0.0009734760969877243,,0.001582268625497818,,0.03577214106917381,0.00494704395532608,0.0005884729325771332
35388,0.0,256,certified_fallback,cuda,0.004251047968864441,0.021340109407901764,0.0011336077004671097,0.0009016748517751694,,0.0016565732657909393,,0.03509552776813507,0.00494704395532608,0.0
35388,0.0,256,fine_mc,cpu,0.00449921190738678,0.02141071856021881,0.0007251054048538208,0.005932459607720375,0.0,0.0,0.0003186725080013275,0.033215537667274475,,
35388,0.0,1024,fine_mc,cuda,0.004517732188105583,0.10379845649003983,0.0023344960063695908,0.0022973045706748962,0.0022607359886169433,0.005976242944598198,0.001487039029598236,0.12099137715995312,,
35388,0.0,1024,empirical_selective,cuda,0.004517732188105583,0.10379845649003983,0.0023344960063695908,0.002300204709172249,,0.010444136336445808,,0.15199595503509045,0.02319195121526718,0.0031605716794729233
35388,0.0,1024,certified_fallback,cuda,0.004517732188105583,0.10379845649003983,0.0023344960063695908,0.0023081060498952866,,0.004708833992481232,,0.142907140776515,0.02319195121526718,0.0
35388,0.0,1024,fine_mc,cpu,0.004523929208517075,0.16234683617949486,0.004495803266763687,0.03175909258425236,0.0,0.0,0.0016926322132349014,0.20522706024348736,,
35388,0.15,256,fine_mc,cuda,0.0054288990795612335,0.022867368534207344,0.001096237450838089,0.001069147139787674,0.001031167984008789,0.005429649725556374,0.0004654638469219208,0.037174900993704796,,
35388,0.15,256,empirical_selective,cuda,0.0054288990795612335,0.022867368534207344,0.001096237450838089,0.0010457783937454224,,0.004880273714661598,,0.042137905955314636,0.005191868171095848,0.0005865041166543961
35388,0.15,256,certified_fallback,cuda,0.0054288990795612335,0.022867368534207344,0.001096237450838089,0.000944068655371666,,0.004656581208109856,,0.041157349944114685,0.005191868171095848,0.0
35388,0.15,256,fine_mc,cpu,0.005548439919948578,0.023454437032341957,0.0007221568375825882,0.006104622036218643,0.0,0.0,0.0003232024610042572,0.03648166358470917,,
35388,0.15,1024,fine_mc,cuda,0.006032479926943779,0.11199810355901718,0.0035610944032669067,0.0022941268980503082,0.00225929594039917,0.007491467520594597,0.0016628317534923553,0.13369701616466045,,
35388,0.15,1024,empirical_selective,cuda,0.006032479926943779,0.11199810355901718,0.0035610944032669067,0.002290075644850731,,0.010373253375291824,,0.1636988054960966,0.02402227744460106,0.0030908584594726562
35388,0.15,1024,certified_fallback,cuda,0.006032479926943779,0.11199810355901718,0.0035610944032669067,0.002282954752445221,,0.00619199313223362,,0.15610778331756592,0.02402227744460106,0.0
35388,0.15,1024,fine_mc,cpu,0.006345244124531746,0.17170730233192444,0.0027006790041923523,0.03047623485326767,0.0,0.0,0.0013135205954313278,0.2129882611334324,,
35388,1.0,256,fine_mc,cuda,0.005983682349324226,0.0006822943687438965,0.0008988957852125168,0.0009313356131315231,0.0009009280204772949,0.0016478002071380615,0.0003963243216276169,0.010964255779981613,,
35388,1.0,256,empirical_selective,cuda,0.005983682349324226,0.0006822943687438965,0.0008988957852125168,0.0009064283221960068,,0.0015444513410329819,,0.0162508524954319,0.004826502874493599,0.000502314418554306
35388,1.0,256,certified_fallback,cuda,0.005983682349324226,0.0006822943687438965,0.0008988957852125168,0.0009142160415649414,,0.001674233004450798,,0.016368001699447632,0.004826502874493599,0.0
35388,1.0,256,fine_mc,cpu,0.005966100841760635,0.00043700262904167175,0.0005698762834072113,0.006318684667348862,0.0,0.0,0.000356331467628479,0.013989819213747978,,
35388,1.0,1024,fine_mc,cuda,0.007189590483903885,0.0019243024289608002,0.0026037879288196564,0.002304675057530403,0.0022654719352722167,0.008058475330471992,0.0014427900314331055,0.02410818822681904,,
35388,1.0,1024,empirical_selective,cuda,0.007189590483903885,0.0019243024289608002,0.0026037879288196564,0.0022943150252103806,,0.005750799551606178,,0.04891246370971203,0.023575516417622566,0.0035031232982873917
35388,1.0,1024,certified_fallback,cuda,0.007189590483903885,0.0019243024289608002,0.0026037879288196564,0.002376006916165352,,0.00916171632707119,,0.04912502504885197,0.023575516417622566,0.0
35388,1.0,1024,fine_mc,cpu,0.006200801581144333,0.0013995002955198288,0.0025881491601467133,0.025646347552537918,0.0,0.0,0.0012963078916072845,0.03752158023416996,,
35469,0.0,256,fine_mc,cuda,0.0043458398431539536,0.02098335698246956,0.001000756397843361,0.0010366085916757584,0.0009976959824562074,0.004569169133901596,0.0004401523619890213,0.032958198338747025,,
35469,0.0,256,empirical_selective,cuda,0.0043458398431539536,0.02098335698246956,0.001000756397843361,0.0012249574065208435,,0.00483894906938076,,0.03933563642203808,0.005135226994752884,0.0006860829889774323
35469,0.0,256,certified_fallback,cuda,0.0043458398431539536,0.02098335698246956,0.001000756397843361,0.0012920685112476349,,0.00411796011030674,,0.03776765428483486,0.005135226994752884,0.0
35469,0.0,256,fine_mc,cpu,0.00604301318526268,0.021202778443694115,0.000720703974366188,0.0065329354256391525,0.0,0.0,0.00032587163150310516,0.035175178200006485,,
35469,0.0,1024,fine_mc,cuda,0.00459621287882328,0.1044892705976963,0.00231003575026989,0.002288335934281349,0.002253472089767456,0.011040907353162766,0.0014269482344388962,0.12676013819873333,,
35469,0.0,1024,empirical_selective,cuda,0.00459621287882328,0.1044892705976963,0.00231003575026989,0.002287585288286209,,0.01059049554169178,,0.1504820641130209,0.020745186135172844,0.0033972933888435364
35469,0.0,1024,certified_fallback,cuda,0.00459621287882328,0.1044892705976963,0.00231003575026989,0.0022839251905679703,,0.006006982177495956,,0.14245117083191872,0.020745186135172844,0.0
35469,0.0,1024,fine_mc,cpu,0.004827924072742462,0.16784804314374924,0.0025156885385513306,0.025430308654904366,0.0,0.0,0.001429431140422821,0.20248031988739967,,
35469,0.15,256,fine_mc,cuda,0.005156375467777252,0.022631119936704636,0.000974707305431366,0.0010367892682552338,0.0010009280443191528,0.004567962139844894,0.0004435218870639801,0.035438068211078644,,
35469,0.15,256,empirical_selective,cuda,0.005156375467777252,0.022631119936704636,0.000974707305431366,0.0009439848363399506,,0.004534192383289337,,0.040714504197239876,0.004908744245767593,0.0005709845572710037
35469,0.15,256,certified_fallback,cuda,0.005156375467777252,0.022631119936704636,0.000974707305431366,0.0009120162576436996,,0.004511293023824692,,0.039951758459210396,0.004908744245767593,0.0
35469,0.15,256,fine_mc,cpu,0.005030695348978043,0.024233119562268257,0.0007132962346076965,0.006832798942923546,0.0,0.0,0.00031549297273159027,0.03745705075562,,
35469,0.15,1024,fine_mc,cuda,0.004802694544196129,0.11354384385049343,0.00303095206618309,0.0022987648844718933,0.0022648320198059083,0.010678665712475777,0.0014739986509084702,0.13644547387957573,,
35469,0.15,1024,empirical_selective,cuda,0.004802694544196129,0.11354384385049343,0.00303095206618309,0.0023233164101839066,,0.010760676115751266,,0.16044512018561363,0.020557884126901627,0.0032316837459802628
35469,0.15,1024,certified_fallback,cuda,0.004802694544196129,0.11354384385049343,0.00303095206618309,0.0022852886468172073,,0.006005214527249336,,0.15232311747968197,0.020557884126901627,0.0
35469,0.15,1024,fine_mc,cpu,0.005184086039662361,0.17377340607345104,0.0025792382657527924,0.02697012759745121,0.0,0.0,0.0013181082904338837,0.21021508611738682,,
35469,1.0,256,fine_mc,cuda,0.006082892417907715,0.000637587159872055,0.0006793048232793808,0.0011521093547344208,0.0011163519620895385,0.004784923046827316,0.00043461471796035767,0.01428857073187828,,
35469,1.0,256,empirical_selective,cuda,0.006082892417907715,0.000637587159872055,0.0006793048232793808,0.0011381469666957855,,0.004633203148841858,,0.020218024030327797,0.004964975640177727,0.0005887970328330994
35469,1.0,256,certified_fallback,cuda,0.006082892417907715,0.000637587159872055,0.0006793048232793808,0.0009730365127325058,,0.004710964858531952,,0.018851175904273987,0.004964975640177727,0.0
35469,1.0,256,fine_mc,cpu,0.006067991256713867,0.00036694109439849854,0.0006456151604652405,0.0060341134667396545,0.0,0.0,0.00043567270040512085,0.013973688706755638,,
35469,1.0,1024,fine_mc,cuda,0.006133273243904114,0.0018104631453752518,0.0025603994727134705,0.002283424139022827,0.0022520639896392823,0.010651573538780212,0.001479949802160263,0.02555558830499649,,
35469,1.0,1024,empirical_selective,cuda,0.006133273243904114,0.0018104631453752518,0.0025603994727134705,0.0023180078715085983,,0.006012434139847755,,0.04733707942068577,0.023496463894844055,0.002847740426659584
35469,1.0,1024,certified_fallback,cuda,0.006133273243904114,0.0018104631453752518,0.0025603994727134705,0.0022957753390073776,,0.006161954253911972,,0.04463547095656395,0.023496463894844055,0.0
35469,1.0,1024,fine_mc,cpu,0.006271403282880783,0.0015876330435276031,0.0027728676795959473,0.02733117900788784,0.0,0.0,0.0013323090970516205,0.039766576141119,,
35550,0.0,256,fine_mc,cuda,0.004251547157764435,0.02666238322854042,0.0009393375366926193,0.001069527119398117,0.0010278400182724,0.005547124892473221,0.00046876445412635803,0.039546435698866844,,
35550,0.0,256,empirical_selective,cuda,0.004251547157764435,0.02666238322854042,0.0009393375366926193,0.0009617190808057785,,0.0015922393649816513,,0.04117834009230137,0.005213199183344841,0.0005799774080514908
35550,0.0,256,certified_fallback,cuda,0.004251547157764435,0.02666238322854042,0.0009393375366926193,0.0009114053100347519,,0.0016414336860179901,,0.04047292657196522,0.005213199183344841,0.0
35550,0.0,256,fine_mc,cpu,0.00440458208322525,0.020803065970540047,0.0007100049406290054,0.006093502044677734,0.0,0.0,0.0003391113132238388,0.03267248347401619,,
35550,0.0,1024,fine_mc,cuda,0.004586990922689438,0.10427946038544178,0.0026711374521255493,0.0022950489073991776,0.002255232095718384,0.011326251551508904,0.0014742296189069748,0.12728312984108925,,
35550,0.0,1024,empirical_selective,cuda,0.004586990922689438,0.10427946038544178,0.0026711374521255493,0.0022813845425844193,,0.009121263399720192,,0.15210324339568615,0.023661956191062927,0.003385474905371666
35550,0.0,1024,certified_fallback,cuda,0.004586990922689438,0.10427946038544178,0.0026711374521255493,0.002303214743733406,,0.006123023107647896,,0.14601624198257923,0.023661956191062927,0.0
35550,0.0,1024,fine_mc,cpu,0.004687793552875519,0.16561968997120857,0.0026364270597696304,0.03260877728462219,0.0,0.0,0.0013296306133270264,0.20733043365180492,,
35550,0.15,256,fine_mc,cuda,0.0052111148834228516,0.02296137996017933,0.0009083747863769531,0.0010347981005907059,0.0009971200227737427,0.004677176475524902,0.0004544835537672043,0.03589119017124176,,
35550,0.15,256,empirical_selective,cuda,0.0052111148834228516,0.02296137996017933,0.0009083747863769531,0.0011795386672019958,,0.0048075951635837555,,0.0418063011020422,0.005007635802030563,0.0005841143429279327
35550,0.15,256,certified_fallback,cuda,0.0052111148834228516,0.02296137996017933,0.0009083747863769531,0.0009141862392425537,,0.004824170842766762,,0.040804315358400345,0.005007635802030563,0.0
35550,0.15,256,fine_mc,cpu,0.005055706948041916,0.023929117247462273,0.0006941165775060654,0.006180260330438614,0.0,0.0,0.00031387247145175934,0.03652401454746723,,
35550,0.15,1024,fine_mc,cuda,0.005230715498328209,0.11278712004423141,0.0026132389903068542,0.002286246046423912,0.0022527360916137695,0.009336244314908981,0.0014681201428174973,0.1343281902372837,,
35550,0.15,1024,empirical_selective,cuda,0.005230715498328209,0.11278712004423141,0.0026132389903068542,0.0023033171892166138,,0.01029561273753643,,0.1610814593732357,0.022961290553212166,0.002840230241417885
35550,0.15,1024,certified_fallback,cuda,0.005230715498328209,0.11278712004423141,0.0026132389903068542,0.002292737364768982,,0.006036652252078056,,0.15401730872690678,0.022961290553212166,0.0
35550,0.15,1024,fine_mc,cpu,0.0059728845953941345,0.1121529322117567,0.002847040072083473,0.027055809274315834,0.0,0.0,0.001278826966881752,0.14968294650316238,,
35550,1.0,256,fine_mc,cuda,0.0060156527906656265,0.0006133131682872772,0.0006832629442214966,0.0009365677833557129,0.0009046720266342163,0.004614131525158882,0.0003913119435310364,0.013701774179935455,,
35550,1.0,256,empirical_selective,cuda,0.0060156527906656265,0.0006133131682872772,0.0006832629442214966,0.0009385552257299423,,0.004499010741710663,,0.01902056485414505,0.004780713468790054,0.0005345437675714493
35550,1.0,256,certified_fallback,cuda,0.0060156527906656265,0.0006133131682872772,0.0006832629442214966,0.0011148881167173386,,0.0048218946903944016,,0.018881414085626602,0.004780713468790054,0.0
35550,1.0,256,fine_mc,cpu,0.00816119834780693,0.0005008038133382797,0.0005970243364572525,0.00625506229698658,0.0,0.0,0.0003149528056383133,0.016142860054969788,,
35550,1.0,1024,fine_mc,cuda,0.006213471293449402,0.002116495743393898,0.0024521294981241226,0.0022855158895254135,0.002251231908798218,0.01077340543270111,0.0014820415526628494,0.025917071849107742,,
35550,1.0,1024,empirical_selective,cuda,0.006213471293449402,0.002116495743393898,0.0024521294981241226,0.0023031067103147507,,0.005738219246268272,,0.04535871930420399,0.02120176889002323,0.003018401563167572
35550,1.0,1024,certified_fallback,cuda,0.006213471293449402,0.002116495743393898,0.0024521294981241226,0.002283034846186638,,0.00690256804227829,,0.043227214366197586,0.02120176889002323,0.0
35550,1.0,1024,fine_mc,cpu,0.006181433796882629,0.0016667619347572327,0.002796599641442299,0.024910984560847282,0.0,0.0,0.0012821666896343231,0.03727409057319164,,
35632,0.0,256,fine_mc,cuda,0.004254549741744995,0.02049083448946476,0.0007692426443099976,0.0010522063821554184,0.0010138239860534668,0.004945820197463036,0.0004393942654132843,0.032598137855529785,,
35632,0.0,256,empirical_selective,cuda,0.004254549741744995,0.02049083448946476,0.0007692426443099976,0.0010052863508462906,,0.0046256911009550095,,0.03783172369003296,0.004856284707784653,0.0007612667977809906
35632,0.0,256,certified_fallback,cuda,0.004254549741744995,0.02049083448946476,0.0007692426443099976,0.0008881967514753342,,0.004571832716464996,,0.036709656938910484,0.004856284707784653,0.0
35632,0.0,256,fine_mc,cpu,0.004442039877176285,0.02041570097208023,0.0010235756635665894,0.006270263344049454,0.0,0.0,0.0003259815275669098,0.03297766111791134,,
35632,0.0,1024,fine_mc,cuda,0.004455262795090675,0.10171721130609512,0.002672789618372917,0.0022849272936582565,0.0022527360916137695,0.010093525052070618,0.0014802701771259308,0.12338787317276001,,
35632,0.0,1024,empirical_selective,cuda,0.004455262795090675,0.10171721130609512,0.002672789618372917,0.002316245809197426,,0.009565584361553192,,0.15104318037629128,0.02511574886739254,0.0030098408460617065
35632,0.0,1024,certified_fallback,cuda,0.004455262795090675,0.10171721130609512,0.002672789618372917,0.0022827349603176117,,0.006023813039064407,,0.14439183473587036,0.02511574886739254,0.0
35632,0.0,1024,fine_mc,cpu,0.0061364006251096725,0.16647216491401196,0.0028102733194828033,0.026193173602223396,0.0,0.0,0.0012104976922273636,0.20330093428492546,,
35632,0.15,256,fine_mc,cuda,0.005104823037981987,0.02382073551416397,0.0008212849497795105,0.001040058210492134,0.0010000319480895996,0.0045846011489629745,0.0004416219890117645,0.03651988506317139,,
35632,0.15,256,empirical_selective,cuda,0.005104823037981987,0.02382073551416397,0.0008212849497795105,0.0010309666395187378,,0.004517009481787682,,0.04194054193794727,0.004894334822893143,0.0006975829601287842
35632,0.15,256,certified_fallback,cuda,0.005104823037981987,0.02382073551416397,0.0008212849497795105,0.0008977260440587997,,0.004711642861366272,,0.041189657524228096,0.004894334822893143,0.0
35632,0.15,256,fine_mc,cpu,0.005031285807490349,0.023375293239951134,0.0006923042237758636,0.006118724122643471,0.0,0.0,0.00033282116055488586,0.03598162159323692,,
35632,0.15,1024,fine_mc,cuda,0.005011714994907379,0.11111772805452347,0.002558380365371704,0.002291446551680565,0.0022542400360107424,0.006043361499905586,0.0014459192752838135,0.1291377730667591,,
35632,0.15,1024,empirical_selective,cuda,0.005011714994907379,0.11111772805452347,0.002558380365371704,0.0022890176624059677,,0.010572481900453568,,0.158733943477273,0.02211221680045128,0.0028913598507642746
35632,0.15,1024,certified_fallback,cuda,0.005011714994907379,0.11111772805452347,0.002558380365371704,0.002312997356057167,,0.006146909669041634,,0.1516527310013771,0.02211221680045128,0.0
35632,0.15,1024,fine_mc,cpu,0.005456177517771721,0.17556369677186012,0.0026113688945770264,0.028550168499350548,0.0,0.0,0.0012747403234243393,0.21395840868353844,,
35632,1.0,256,fine_mc,cuda,0.007288482040166855,0.0008553750813007355,0.0013949684798717499,0.0009039565920829773,0.0008733440041542054,0.0016602110117673874,0.00045037269592285156,0.013152442872524261,,
35632,1.0,256,empirical_selective,cuda,0.007288482040166855,0.0008553750813007355,0.0013949684798717499,0.0011208690702915192,,0.0016320813447237015,,0.018875092267990112,0.0049750227481126785,0.0006151329725980759
35632,1.0,256,certified_fallback,cuda,0.007288482040166855,0.0008553750813007355,0.0013949684798717499,0.0009232554584741592,,0.0016930177807807922,,0.01803809404373169,0.0049750227481126785,0.0
35632,1.0,256,fine_mc,cpu,0.0060267020016908646,0.0003775525838136673,0.0005906708538532257,0.007713994011282921,0.0,0.0,0.0003437809646129608,0.017772473394870758,,
35632,1.0,1024,fine_mc,cuda,0.0061124954372644424,0.0020919963717460632,0.00272417813539505,0.0022851359099149704,0.002250432014465332,0.006067713722586632,0.0014271922409534454,0.021380549296736717,,
35632,1.0,1024,empirical_selective,cuda,0.0061124954372644424,0.0020919963717460632,0.00272417813539505,0.0022839773446321487,,0.009992977604269981,,0.05322576314210892,0.024678513407707214,0.003179142251610756
35632,1.0,1024,certified_fallback,cuda,0.0061124954372644424,0.0020919963717460632,0.00272417813539505,0.002284737303853035,,0.006118034943938255,,0.046111784875392914,0.024678513407707214,0.0
35632,1.0,1024,fine_mc,cpu,0.006453095003962517,0.003093542531132698,0.004131229594349861,0.040145790204405785,0.0,0.0,0.0013591386377811432,0.05566623620688915,,
35713,0.0,256,fine_mc,cuda,0.004236409440636635,0.022975822910666466,0.0013091694563627243,0.0010442882776260376,0.0010056320428848266,0.004640502855181694,0.0004371628165245056,0.0352234672755003,,
35713,0.0,256,empirical_selective,cuda,0.004236409440636635,0.022975822910666466,0.0013091694563627243,0.0009467042982578278,,0.004554294049739838,,0.040724532678723335,0.0050240252166986465,0.0007256641983985901
35713,0.0,256,certified_fallback,cuda,0.004236409440636635,0.022975822910666466,0.0013091694563627243,0.0010110251605510712,,0.004989292472600937,,0.04037899151444435,0.0050240252166986465,0.0
35713,0.0,256,fine_mc,cpu,0.004532672464847565,0.027627620846033096,0.0006842240691184998,0.01076982356607914,0.0,0.0,0.0003396831452846527,0.04557254910469055,,
35713,0.0,1024,fine_mc,cuda,0.0044450536370277405,0.16444808803498745,0.00297560915350914,0.0022880658507347107,0.0022527360916137695,0.010420244187116623,0.0014927331358194351,0.18667047657072544,,
35713,0.0,1024,empirical_selective,cuda,0.0044450536370277405,0.16444808803498745,0.00297560915350914,0.0022865477949380875,,0.009979601949453354,,0.21267211809754372,0.023586643859744072,0.00292963907122612
35713,0.0,1024,certified_fallback,cuda,0.0044450536370277405,0.16444808803498745,0.00297560915350914,0.0022844169288873672,,0.006154263392090797,,0.20614602975547314,0.023586643859744072,0.0
35713,0.0,1024,fine_mc,cpu,0.00484718382358551,0.18050124309957027,0.0029312986880540848,0.042300786823034286,0.0,0.0,0.0013671796768903732,0.23236334696412086,,
35713,0.15,256,fine_mc,cuda,0.006864577531814575,0.02428676001727581,0.0008759461343288422,0.0010937992483377457,0.001053760051727295,0.0016674622893333435,0.00044621340930461884,0.03582033887505531,,
35713,0.15,256,empirical_selective,cuda,0.006864577531814575,0.02428676001727581,0.0008759461343288422,0.0009545460343360901,,0.0016472693532705307,,0.04113745875656605,0.004907725378870964,0.000649062916636467
35713,0.15,256,certified_fallback,cuda,0.006864577531814575,0.02428676001727581,0.0008759461343288422,0.0008993260562419891,,0.001673731952905655,,0.040395595133304596,0.004907725378870964,0.0
35713,0.15,256,fine_mc,cpu,0.004978913813829422,0.03237405605614185,0.0014909878373146057,0.012817330658435822,0.0,0.0,0.0003815311938524246,0.05239492654800415,,
35713,0.15,1024,fine_mc,cuda,0.004698794335126877,0.12401707842946053,0.0027600564062595367,0.0023081060498952866,0.002273535966873169,0.006040491163730621,0.0015552807599306107,0.1419838946312666,,
35713,0.15,1024,empirical_selective,cuda,0.004698794335126877,0.12401707842946053,0.0027600564062595367,0.0023060571402311325,,0.004015402868390083,,0.1635561976581812,0.020259391516447067,0.0034758951514959335
35713,0.15,1024,certified_fallback,cuda,0.004698794335126877,0.12401707842946053,0.0027600564062595367,0.00228944793343544,,0.0040648505091667175,,0.16083135642111301,0.020259391516447067,0.0
35713,0.15,1024,fine_mc,cpu,0.005334015935659409,0.1399611197412014,0.0031900405883789062,0.03364812768995762,0.0,0.0,0.0015272703021764755,0.18415483832359314,,
35713,1.0,256,fine_mc,cuda,0.00606643408536911,0.0006478652358055115,0.0006743445992469788,0.0009056162089109421,0.0008745279908180237,0.0016586445271968842,0.0004123430699110031,0.010828327387571335,,
35713,1.0,256,empirical_selective,cuda,0.00606643408536911,0.0006478652358055115,0.0006743445992469788,0.0009207464754581451,,0.001577582210302353,,0.016313793137669563,0.004920182749629021,0.0005944035947322845
35713,1.0,256,certified_fallback,cuda,0.00606643408536911,0.0006478652358055115,0.0006743445992469788,0.0009102486073970795,,0.001688661053776741,,0.015726927667856216,0.004920182749629021,0.0
35713,1.0,256,fine_mc,cpu,0.006377195939421654,0.00037117302417755127,0.0006882753223180771,0.011587338522076607,0.0,0.0,0.00034479424357414246,0.019669685512781143,,
35713,1.0,1024,fine_mc,cuda,0.006127834320068359,0.002085704356431961,0.00259612500667572,0.002287086099386215,0.0022525761127471923,0.00617455318570137,0.0014410000294446945,0.02131446823477745,,
35713,1.0,1024,empirical_selective,cuda,0.006127834320068359,0.002085704356431961,0.00259612500667572,0.0022812560200691223,,0.005784790962934494,,0.04507937654852867,0.02111934684216976,0.0030414704233407974
35713,1.0,1024,certified_fallback,cuda,0.006127834320068359,0.002085704356431961,0.00259612500667572,0.0022837352007627487,,0.010042799636721611,,0.046290552243590355,0.02111934684216976,0.0
35713,1.0,1024,fine_mc,cpu,0.00633634440600872,0.0014609470963478088,0.0050374045968055725,0.02973216027021408,0.0,0.0,0.0013220906257629395,0.04428866505622864,,
35794,0.0,256,fine_mc,cuda,0.004305059090256691,0.0517794918268919,0.001137400045990944,0.0010772477835416794,0.0010323519706726073,0.0050728339701890945,0.00045151449739933014,0.06449845992028713,,
35794,0.0,256,empirical_selective,cuda,0.004305059090256691,0.0517794918268919,0.001137400045990944,0.0009569264948368073,,0.004624724388122559,,0.07015473954379559,0.005204595625400543,0.0010700691491365433
35794,0.0,256,certified_fallback,cuda,0.004305059090256691,0.0517794918268919,0.001137400045990944,0.0009220968931913376,,0.005139539018273354,,0.0694144107401371,0.005204595625400543,0.0
35794,0.0,256,fine_mc,cpu,0.004555141553282738,0.028908591717481613,0.0007132664322853088,0.011074395850300789,0.0,0.0,0.00032816082239151,0.046015990898013115,,
35794,0.0,1024,fine_mc,cuda,0.004432691261172295,0.1121981032192707,0.002983890473842621,0.0022793449461460114,0.0022479679584503174,0.006013721227645874,0.001432560384273529,0.1300264671444893,,
35794,0.0,1024,empirical_selective,cuda,0.004432691261172295,0.1121981032192707,0.002983890473842621,0.002304164692759514,,0.010981015861034393,,0.15849225781857967,0.020149309188127518,0.002995150163769722
35794,0.0,1024,certified_fallback,cuda,0.004432691261172295,0.1121981032192707,0.002983890473842621,0.0022831764072179794,,0.006106574088335037,,0.15030155144631863,0.020149309188127518,0.0
35794,0.0,1024,fine_mc,cpu,0.004452692344784737,0.1716831587255001,0.0029149409383535385,0.03803992457687855,0.0,0.0,0.0013771187514066696,0.21890750899910927,,
35794,0.15,256,fine_mc,cuda,0.006420837715268135,0.024915464222431183,0.0017615407705307007,0.0009909477084875107,0.0009549760222434998,0.0017204005271196365,0.00045656412839889526,0.03693968802690506,,
35794,0.15,256,empirical_selective,cuda,0.006420837715268135,0.024915464222431183,0.0017615407705307007,0.0009623970836400986,,0.0016043372452259064,,0.04226084426045418,0.004905102774500847,0.0006356462836265564
35794,0.15,256,certified_fallback,cuda,0.006420837715268135,0.024915464222431183,0.0017615407705307007,0.0008800048381090164,,0.001757163554430008,,0.04156871885061264,0.004905102774500847,0.0
35794,0.15,256,fine_mc,cpu,0.004961816594004631,0.032202573493123055,0.000758463516831398,0.010112421587109566,0.0,0.0,0.0003439728170633316,0.048788707703351974,,
35794,0.15,1024,fine_mc,cuda,0.004807382822036743,0.13016220182180405,0.0024719182401895523,0.00228322297334671,0.002248192071914673,0.006087392568588257,0.0014568604528903961,0.14796947687864304,,
35794,0.15,1024,empirical_selective,cuda,0.004807382822036743,0.13016220182180405,0.0024719182401895523,0.0022895075380802155,,0.010726401582360268,,0.18079415895044804,0.024179117754101753,0.0029779821634292603
35794,0.15,1024,certified_fallback,cuda,0.004807382822036743,0.13016220182180405,0.0024719182401895523,0.0022880472242832184,,0.005739012733101845,,0.17175609059631824,0.024179117754101753,0.0
35794,0.15,1024,fine_mc,cpu,0.005166275426745415,0.18354165367782116,0.002582218497991562,0.03675149753689766,0.0,0.0,0.0013824887573719025,0.2298968881368637,,
35794,1.0,256,fine_mc,cuda,0.0061850640922784805,0.001322239637374878,0.0006351545453071594,0.0009086355566978455,0.0008785600066184997,0.0017140582203865051,0.0004095025360584259,0.011722799390554428,,
35794,1.0,256,empirical_selective,cuda,0.0061850640922784805,0.001322239637374878,0.0006351545453071594,0.0009336173534393311,,0.00156429223716259,,0.01725039817392826,0.0049225930124521255,0.000698484480381012
35794,1.0,256,certified_fallback,cuda,0.0061850640922784805,0.001322239637374878,0.0006351545453071594,0.0009041372686624527,,0.0017563719302415848,,0.016651712357997894,0.0049225930124521255,0.0
35794,1.0,256,fine_mc,cpu,0.008034346625208855,0.0003894120454788208,0.0006819851696491241,0.011983653530478477,0.0,0.0,0.00039524398744106293,0.024789150804281235,,
35794,1.0,1024,fine_mc,cuda,0.008746020495891571,0.0017927028238773346,0.002709217369556427,0.002305956557393074,0.0022668159008026123,0.006192823871970177,0.0014702901244163513,0.023953597992658615,,
35794,1.0,1024,empirical_selective,cuda,0.008746020495891571,0.0017927028238773346,0.002709217369556427,0.002279188483953476,,0.005814731121063232,,0.046269895508885384,0.019812028855085373,0.0029896702617406845
35794,1.0,1024,certified_fallback,cuda,0.008746020495891571,0.0017927028238773346,0.002709217369556427,0.0022827554494142532,,0.01079835370182991,,0.048296909779310226,0.019812028855085373,0.0
35794,1.0,1024,fine_mc,cpu,0.00623159296810627,0.0017069000750780106,0.0037488024681806564,0.03324980288743973,0.0,0.0,0.001355629414319992,0.046731527894735336,,
35875,0.0,256,fine_mc,cuda,0.0042579807341098785,0.029195144772529602,0.002994909882545471,0.0010770894587039948,0.0010355520248413086,0.005200343206524849,0.0005047712475061417,0.04381847754120827,,
35875,0.0,256,empirical_selective,cuda,0.0042579807341098785,0.029195144772529602,0.002994909882545471,0.0010005366057157516,,0.004736842587590218,,0.05098370648920536,0.006873134523630142,0.0009840186685323715
35875,0.0,256,certified_fallback,cuda,0.0042579807341098785,0.029195144772529602,0.002994909882545471,0.0009022075682878494,,0.005360467359423637,,0.050405317917466164,0.006873134523630142,0.0
35875,0.0,256,fine_mc,cpu,0.004519719630479813,0.026768838986754417,0.0006703343242406845,0.01185506023466587,0.0,0.0,0.00034754350781440735,0.0445265918970108,,
35875,0.0,1024,fine_mc,cuda,0.00573183037340641,0.11097067780792713,0.002749251201748848,0.0023232270032167435,0.0022884480953216553,0.006273262202739716,0.0015765335410833359,0.13022851198911667,,
35875,0.0,1024,empirical_selective,cuda,0.00573183037340641,0.11097067780792713,0.002749251201748848,0.0023172758519649506,,0.009090472012758255,,0.15875916928052902,0.023030979558825493,0.002872038632631302
35875,0.0,1024,certified_fallback,cuda,0.00573183037340641,0.11097067780792713,0.002749251201748848,0.002292497083544731,,0.0061059631407260895,,0.15307323075830936,0.023030979558825493,0.0
35875,0.0,1024,fine_mc,cpu,0.004524020478129387,0.1670679673552513,0.002879820764064789,0.03231731615960598,0.0,0.0,0.0012730900198221207,0.20845645479857922,,
35875,0.15,256,fine_mc,cuda,0.005178837105631828,0.0257163904607296,0.0010570473968982697,0.001248018816113472,0.0012101759910583495,0.004749443382024765,0.00048612430691719055,0.03909793496131897,,
35875,0.15,256,empirical_selective,cuda,0.005178837105631828,0.0257163904607296,0.0010570473968982697,0.0010741762816905975,,0.004780162125825882,,0.04511558450758457,0.005376867949962616,0.0008438285440206528
35875,0.15,256,certified_fallback,cuda,0.005178837105631828,0.0257163904607296,0.0010570473968982697,0.0009201373904943466,,0.005018046125769615,,0.04424208961427212,0.005376867949962616,0.0
35875,0.15,256,fine_mc,cpu,0.005027314648032188,0.02387627772986889,0.0007642544806003571,0.006007244810461998,0.0,0.0,0.0003244522958993912,0.036335600540041924,,
35875,0.15,1024,fine_mc,cuda,0.006558068096637726,0.11127080768346786,0.003130972385406494,0.0022863149642944336,0.0022534079551696775,0.011329369619488716,0.0014364607632160187,0.13660034351050854,,
35875,0.15,1024,empirical_selective,cuda,0.006558068096637726,0.11127080768346786,0.003130972385406494,0.0022906437516212463,,0.010589057579636574,,0.1596023477613926,0.02076227404177189,0.002913299947977066
35875,0.15,1024,certified_fallback,cuda,0.006558068096637726,0.11127080768346786,0.003130972385406494,0.0023080557584762573,,0.006449196487665176,,0.15248913690447807,0.02076227404177189,0.0
35875,0.15,1024,fine_mc,cpu,0.005263907834887505,0.11495627462863922,0.0025135446339845657,0.023563195019960403,0.0,0.0,0.0013027191162109375,0.1480068787932396,,
35875,1.0,256,fine_mc,cuda,0.0060651544481515884,0.0005402415990829468,0.0006551966071128845,0.0009155962616205215,0.0008872640132904053,0.004450350999832153,0.000397631898522377,0.013458725064992905,,
35875,1.0,256,empirical_selective,cuda,0.0060651544481515884,0.0005402415990829468,0.0006551966071128845,0.0009385570883750916,,0.004465444013476372,,0.018959475681185722,0.004829714074730873,0.0005521737039089203
35875,1.0,256,certified_fallback,cuda,0.0060651544481515884,0.0005402415990829468,0.0006551966071128845,0.0009091868996620178,,0.004637984558939934,,0.018437981605529785,0.004829714074730873,0.0
35875,1.0,256,fine_mc,cpu,0.006131833419203758,0.0005924142897129059,0.0005852542817592621,0.005942082032561302,0.0,0.0,0.0003306027501821518,0.013885550200939178,,
35875,1.0,1024,fine_mc,cuda,0.006442543119192123,0.0020188838243484497,0.002636536955833435,0.002277536317706108,0.0022469120025634766,0.010806094855070114,0.0014697089791297913,0.026255322620272636,,
35875,1.0,1024,empirical_selective,cuda,0.006442543119192123,0.0020188838243484497,0.002636536955833435,0.0022936444729566574,,0.005690319463610649,,0.04389173723757267,0.019884729757905006,0.0028870999813079834
35875,1.0,1024,certified_fallback,cuda,0.006442543119192123,0.0020188838243484497,0.002636536955833435,0.0022800881415605545,,0.005855919793248177,,0.04112363047897816,0.019884729757905006,0.0
35875,1.0,1024,fine_mc,cpu,0.00632336363196373,0.0020367447286844254,0.0023046452552080154,0.026805458590388298,0.0,0.0,0.001405719667673111,0.03924326039850712,,
35956,0.0,256,fine_mc,cuda,0.0042258501052856445,0.020767515525221825,0.0008732080459594727,0.0010001156479120255,0.0009651200175285339,0.0016451887786388397,0.0004191342741250992,0.02947765588760376,,
35956,0.0,256,empirical_selective,cuda,0.0042258501052856445,0.020767515525221825,0.0008732080459594727,0.0009248945862054825,,0.001573219895362854,,0.034658221527934074,0.004791492596268654,0.0005634445697069168
35956,0.0,256,certified_fallback,cuda,0.0042258501052856445,0.020767515525221825,0.0008732080459594727,0.000896478071808815,,0.0016748812049627304,,0.03407066687941551,0.004791492596268654,0.0
35956,0.0,256,fine_mc,cpu,0.004396673291921616,0.020391952246427536,0.0006661955267190933,0.006162622943520546,0.0,0.0,0.00032887235283851624,0.03227686695754528,,
35956,0.0,1024,fine_mc,cuda,0.004465598613023758,0.10336730442941189,0.0025841090828180313,0.0022734757512807846,0.0022440319061279297,0.010104041546583176,0.0015206318348646164,0.12490124441683292,,
35956,0.0,1024,empirical_selective,cuda,0.004465598613023758,0.10336730442941189,0.0025841090828180313,0.0022856872528791428,,0.009892657399177551,,0.14766312204301357,0.020035680383443832,0.0029738619923591614
35956,0.0,1024,certified_fallback,cuda,0.004465598613023758,0.10336730442941189,0.0025841090828180313,0.0022847559303045273,,0.006065724417567253,,0.14083831384778023,0.020035680383443832,0.0
35956,0.0,1024,fine_mc,cpu,0.004453951492905617,0.16593245044350624,0.002793300896883011,0.0329621322453022,0.0,0.0,0.001440592110157013,0.20805243030190468,,
35956,0.15,256,fine_mc,cuda,0.00535372830927372,0.02436188794672489,0.0008537359535694122,0.0010470394045114517,0.0010104960203170777,0.004545468837022781,0.00042173266410827637,0.03719172812998295,,
35956,0.15,256,empirical_selective,cuda,0.00535372830927372,0.02436188794672489,0.0008537359535694122,0.0009416565299034119,,0.004498442634940147,,0.042487144470214844,0.004907893016934395,0.0006054919213056564
35956,0.15,256,certified_fallback,cuda,0.00535372830927372,0.02436188794672489,0.0008537359535694122,0.0009061861783266068,,0.004527648910880089,,0.04192704148590565,0.004907893016934395,0.0
35956,0.15,256,fine_mc,cpu,0.005270577967166901,0.02382616698741913,0.0007105767726898193,0.006376786157488823,0.0,0.0,0.0003260113298892975,0.036840278655290604,,
35956,0.15,1024,fine_mc,cuda,0.004802914336323738,0.1120496429502964,0.0024770069867372513,0.002276424318552017,0.002246016025543213,0.005677787587046623,0.0014185793697834015,0.1292621660977602,,
35956,0.15,1024,empirical_selective,cuda,0.004802914336323738,0.1120496429502964,0.0024770069867372513,0.0022076163440942764,,0.009649837389588356,,0.1567415464669466,0.020125610753893852,0.003383493050932884
35956,0.15,1024,certified_fallback,cuda,0.004802914336323738,0.1120496429502964,0.0024770069867372513,0.0022803768515586853,,0.005937263369560242,,0.14967218972742558,0.020125610753893852,0.0
35956,0.15,1024,fine_mc,cpu,0.005219796672463417,0.1164450142532587,0.0025480370968580246,0.02736656181514263,0.0,0.0,0.001313667744398117,0.1532918494194746,,
35956,1.0,256,fine_mc,cuda,0.006056992337107658,0.0009356066584587097,0.0006495751440525055,0.0009188447147607803,0.0008874559998512268,0.00474812276661396,0.0004157405346632004,0.014191778376698494,,
35956,1.0,256,empirical_selective,cuda,0.006056992337107658,0.0009356066584587097,0.0006495751440525055,0.000977756455540657,,0.004516711458563805,,0.019722813740372658,0.004853714257478714,0.0007967855781316757
35956,1.0,256,certified_fallback,cuda,0.006056992337107658,0.0009356066584587097,0.0006495751440525055,0.0008655060082674026,,0.004460837692022324,,0.018625304102897644,0.004853714257478714,0.0
35956,1.0,256,fine_mc,cpu,0.0060599129647016525,0.0004927143454551697,0.000605463981628418,0.005744600668549538,0.0,0.0,0.00032242387533187866,0.013519037514925003,,
35956,1.0,1024,fine_mc,cuda,0.006155403330922127,0.0028617270290851593,0.0024863947182893753,0.0022782254964113235,0.0022478721141815186,0.011935392394661903,0.0014553610235452652,0.0277730543166399,,
35956,1.0,1024,empirical_selective,cuda,0.006155403330922127,0.0028617270290851593,0.0024863947182893753,0.0022892244160175323,,0.005700858309864998,,0.04431246221065521,0.019582368433475494,0.0031276512891054153
35956,1.0,1024,certified_fallback,cuda,0.006155403330922127,0.0028617270290851593,0.0024863947182893753,0.00227932445704937,,0.006149772554636002,,0.04170440696179867,0.019582368433475494,0.0
35956,1.0,1024,fine_mc,cpu,0.006281634792685509,0.0016005504876375198,0.002380847930908203,0.026018772274255753,0.0,0.0,0.0012717712670564651,0.037957508116960526,,
36038,0.0,256,fine_mc,cuda,0.004231570288538933,0.021377839148044586,0.0010023489594459534,0.0010432880371809006,0.001007040023803711,0.004768313840031624,0.00044914335012435913,0.03344796411693096,,
36038,0.0,256,empirical_selective,cuda,0.004231570288538933,0.021377839148044586,0.0010023489594459534,0.000979376956820488,,0.005127733573317528,,0.03926229663193226,0.005018295720219612,0.0005705524235963821
36038,0.0,256,certified_fallback,cuda,0.004231570288538933,0.021377839148044586,0.0010023489594459534,0.0009342636913061142,,0.004967624321579933,,0.038394078612327576,0.005018295720219612,0.0
36038,0.0,256,fine_mc,cpu,0.00439789891242981,0.020254801958799362,0.0007051248103380203,0.006145680323243141,0.0,0.0,0.00032064132392406464,0.03217311389744282,,
36038,0.0,1024,fine_mc,cuda,0.004464169964194298,0.10305738262832165,0.0028084106743335724,0.002286085858941078,0.0022567999362945556,0.01065855287015438,0.0014664120972156525,0.12536074593663216,,
36038,0.0,1024,empirical_selective,cuda,0.004464169964194298,0.10305738262832165,0.0028084106743335724,0.0022805090993642807,,0.00575723871588707,,0.14404296688735485,0.020155472680926323,0.0033895429223775864
36038,0.0,1024,certified_fallback,cuda,0.004464169964194298,0.10305738262832165,0.0028084106743335724,0.0022834651172161102,,0.01064605638384819,,0.14544803835451603,0.020155472680926323,0.0
36038,0.0,1024,fine_mc,cpu,0.00447947159409523,0.1643966007977724,0.0029358696192502975,0.025457140058279037,0.0,0.0,0.001489328220486641,0.19915743358433247,,
36038,0.15,256,fine_mc,cuda,0.005040615797042847,0.028840811923146248,0.0007448047399520874,0.0012063384056091309,0.0011695679426193238,0.0046006906777620316,0.00041775405406951904,0.04145427234470844,,
36038,0.15,256,empirical_selective,cuda,0.005040615797042847,0.028840811923146248,0.0007448047399520874,0.001094156876206398,,0.004788214340806007,,0.0470452718436718,0.004834204912185669,0.0007180161774158478
36038,0.15,256,certified_fallback,cuda,0.005040615797042847,0.028840811923146248,0.0007448047399520874,0.0009080749005079269,,0.0049222856760025024,,0.046690694987773895,0.004834204912185669,0.0
36038,0.15,256,fine_mc,cpu,0.004972383379936218,0.023386724293231964,0.0007949359714984894,0.005954744294285774,0.0,0.0,0.0003205910325050354,0.035757673904299736,,
36038,0.15,1024,fine_mc,cuda,0.004830513149499893,0.11315137147903442,0.002448536455631256,0.002281405031681061,0.0022503359317779543,0.010785987600684166,0.0014586001634597778,0.13556192070245743,,
36038,0.15,1024,empirical_selective,cuda,0.004830513149499893,0.11315137147903442,0.002448536455631256,0.0022883042693138123,,0.010172521695494652,,0.15822776965796947,0.01960204541683197,0.0036603156477212906
36038,0.15,1024,certified_fallback,cuda,0.004830513149499893,0.11315137147903442,0.002448536455631256,0.0022931769490242004,,0.005954122170805931,,0.1503390334546566,0.01960204541683197,0.0
36038,0.15,1024,fine_mc,cpu,0.005150362849235535,0.11883365176618099,0.003023819997906685,0.024097999557852745,0.0,0.0,0.0013020504266023636,0.15279588103294373,,
36038,1.0,256,fine_mc,cuda,0.008257746696472168,0.0006165541708469391,0.0006599631160497665,0.0008978955447673798,0.0008679360151290893,0.0016379710286855698,0.00039677321910858154,0.012905590236186981,,
36038,1.0,256,empirical_selective,cuda,0.008257746696472168,0.0006165541708469391,0.0006599631160497665,0.0009145382791757584,,0.0015801731497049332,,0.01862604171037674,0.005181076005101204,0.0005181431770324707
36038,1.0,256,certified_fallback,cuda,0.008257746696472168,0.0006165541708469391,0.0006599631160497665,0.0010285191237926483,,0.0016877725720405579,,0.018401550129055977,0.005181076005101204,0.0
36038,1.0,256,fine_mc,cpu,0.006014248356223106,0.00038084201514720917,0.00064830482006073,0.005957063287496567,0.0,0.0,0.00032035261392593384,0.013628266751766205,,
36038,1.0,1024,fine_mc,cuda,0.008379681035876274,0.0018475335091352463,0.0028205905109643936,0.00231773778796196,0.0022818241119384767,0.0063536930829286575,0.0019214767962694168,0.02435070089995861,,
36038,1.0,1024,empirical_selective,cuda,0.008379681035876274,0.0018475335091352463,0.0028205905109643936,0.002293957397341728,,0.010403420776128769,,0.057105280458927155,0.025883013382554054,0.003277590498328209
36038,1.0,1024,certified_fallback,cuda,0.008379681035876274,0.0018475335091352463,0.0028205905109643936,0.002318955957889557,,0.005990220233798027,,0.049280207604169846,0.025883013382554054,0.0
36038,1.0,1024,fine_mc,cpu,0.006137961521744728,0.001682370901107788,0.0024672485888004303,0.025394996628165245,0.0,0.0,0.0014422796666622162,0.037574199959635735,,
36119,0.0,256,fine_mc,cuda,0.004244551062583923,0.02048374153673649,0.0015495885163545609,0.001042477786540985,0.0009982399940490722,0.0047559719532728195,0.0004147849977016449,0.033080240711569786,,
36119,0.0,256,empirical_selective,cuda,0.004244551062583923,0.02048374153673649,0.0015495885163545609,0.001166127622127533,,0.004780994728207588,,0.03871458023786545,0.00485641323029995,0.0005406327545642853
36119,0.0,256,certified_fallback,cuda,0.004244551062583923,0.02048374153673649,0.0015495885163545609,0.000901486724615097,,0.004555294290184975,,0.03742002323269844,0.00485641323029995,0.0
36119,0.0,256,fine_mc,cpu,0.005433220416307449,0.021048257127404213,0.0006691347807645798,0.006135011091828346,0.0,0.0,0.00031653232872486115,0.03395083546638489,,
36119,0.0,1024,fine_mc,cuda,0.004431420937180519,0.11216087080538273,0.003030233085155487,0.002275455743074417,0.0022462079524993898,0.00962979905307293,0.0014795083552598953,0.13370766304433346,,
36119,0.0,1024,empirical_selective,cuda,0.004431420937180519,0.11216087080538273,0.003030233085155487,0.0022874362766742706,,0.010433472692966461,,0.15908057056367397,0.02177221141755581,0.0027909893542528152
36119,0.0,1024,certified_fallback,cuda,0.004431420937180519,0.11216087080538273,0.003030233085155487,0.0022666770964860916,,0.0057643502950668335,,0.1515617687255144,0.02177221141755581,0.0
36119,0.0,1024,fine_mc,cpu,0.0044585932046175,0.16302098892629147,0.002529086545109749,0.029577964916825294,0.0,0.0,0.0014440398663282394,0.2015919592231512,,
36119,0.15,256,fine_mc,cuda,0.005378177389502525,0.023222021758556366,0.0009782779961824417,0.0010303575545549393,0.0009944959878921509,0.0048806630074977875,0.0004174914211034775,0.036488885059952736,,
36119,0.15,256,empirical_selective,cuda,0.005378177389502525,0.023222021758556366,0.0009782779961824417,0.0009445156902074814,,0.004611343145370483,,0.042211685329675674,0.00495571456849575,0.0005770344287157059
36119,0.15,256,certified_fallback,cuda,0.005378177389502525,0.023222021758556366,0.0009782779961824417,0.0009284857660531998,,0.004723815247416496,,0.04104952700436115,0.00495571456849575,0.0
36119,0.15,256,fine_mc,cpu,0.005467090755701065,0.024622950702905655,0.0007690358906984329,0.00671868771314621,0.0,0.0,0.0003490615636110306,0.03826436586678028,,
36119,0.15,1024,fine_mc,cuda,0.005005834624171257,0.11588058993220329,0.0023389682173728943,0.0022757891565561295,0.002245248079299927,0.006134873256087303,0.001576470211148262,0.13387644663453102,,
36119,0.15,1024,empirical_selective,cuda,0.005005834624171257,0.11588058993220329,0.0023389682173728943,0.002285495400428772,,0.010173363611102104,,0.16148977912962437,0.020797405391931534,0.002895679324865341
36119,0.15,1024,certified_fallback,cuda,0.005005834624171257,0.11588058993220329,0.0023389682173728943,0.002283956855535507,,0.005993058905005455,,0.15440155938267708,0.020797405391931534,0.0
36119,0.15,1024,fine_mc,cpu,0.005099916830658913,0.17293150164186954,0.0024720877408981323,0.031116047874093056,0.0,0.0,0.0012695882469415665,0.21333469077944756,,
36119,1.0,256,fine_mc,cuda,0.006028110161423683,0.0007290132343769073,0.0006789267063140869,0.0009279884397983551,0.0008978880047798157,0.004625601693987846,0.00042970292270183563,0.013866296038031578,,
36119,1.0,256,empirical_selective,cuda,0.006028110161423683,0.0007290132343769073,0.0006789267063140869,0.0011476688086986542,,0.004769425839185715,,0.020457899197936058,0.005676547065377235,0.000536356121301651
36119,1.0,256,certified_fallback,cuda,0.006028110161423683,0.0007290132343769073,0.0006789267063140869,0.0009297467768192291,,0.004909474402666092,,0.01976558193564415,0.005676547065377235,0.0
36119,1.0,256,fine_mc,cpu,0.007426640018820763,0.0003930218517780304,0.0005735829472541809,0.006426583975553513,0.0,0.0,0.00032571330666542053,0.015456877648830414,,
36119,1.0,1024,fine_mc,cuda,0.006165793165564537,0.002063864842057228,0.0025782082229852676,0.002276025712490082,0.0022468481063842773,0.010866943746805191,0.0014179591089487076,0.02603975124657154,,
36119,1.0,1024,empirical_selective,cuda,0.006165793165564537,0.002063864842057228,0.0025782082229852676,0.0022852756083011627,,0.0059063620865345,,0.04508618451654911,0.021316858008503914,0.0026654675602912903
36119,1.0,1024,certified_fallback,cuda,0.006165793165564537,0.002063864842057228,0.0025782082229852676,0.0022792350500822067,,0.006095072254538536,,0.042650649324059486,0.021316858008503914,0.0
36119,1.0,1024,fine_mc,cpu,0.006203742697834969,0.001456448808312416,0.0024490151554346085,0.02633134461939335,0.0,0.0,0.0012683272361755371,0.03816322423517704,,
36200,0.0,256,fine_mc,cuda,0.004540910944342613,0.02120942994952202,0.0011588167399168015,0.0010533668100833893,0.0010164159536361695,0.00519813597202301,0.000500362366437912,0.03430621884763241,,
36200,0.0,256,empirical_selective,cuda,0.004540910944342613,0.02120942994952202,0.0011588167399168015,0.000990208238363266,,0.0046159010380506516,,0.04020465910434723,0.006127631291747093,0.0006031747907400131
36200,0.0,256,certified_fallback,cuda,0.004540910944342613,0.02120942994952202,0.0011588167399168015,0.0010871011763811111,,0.004796624183654785,,0.03987579792737961,0.006127631291747093,0.0
36200,0.0,256,fine_mc,cpu,0.004369059577584267,0.02105649746954441,0.0006756335496902466,0.006198214367032051,0.0,0.0,0.00031316280364990234,0.03295021317899227,,
36200,0.0,1024,fine_mc,cuda,0.004413619637489319,0.10651356540620327,0.002576468512415886,0.00227394700050354,0.0022456638813018797,0.011506101116538048,0.0015847310423851013,0.12952791713178158,,
36200,0.0,1024,empirical_selective,cuda,0.004413619637489319,0.10651356540620327,0.002576468512415886,0.0022990163415670395,,0.011626793071627617,,0.1567065268754959,0.024337006732821465,0.00290696881711483
36200,0.0,1024,certified_fallback,cuda,0.004413619637489319,0.10651356540620327,0.002576468512415886,0.002277286723256111,,0.005874380469322205,,0.148044403642416,0.024337006732821465,0.0
36200,0.0,1024,fine_mc,cpu,0.0060079507529735565,0.17241209745407104,0.002763969823718071,0.03241175599396229,0.0,0.0,0.0012748073786497116,0.21524701453745365,,
36200,0.15,256,fine_mc,cuda,0.005970893427729607,0.023469483479857445,0.0008765365928411484,0.001047767698764801,0.0010116159915924071,0.0048017241060733795,0.0004343930631875992,0.0371867511421442,,
36200,0.15,256,empirical_selective,cuda,0.005970893427729607,0.023469483479857445,0.0008765365928411484,0.0010003168135881424,,0.004571082070469856,,0.04229951836168766,0.004801414906978607,0.0006159041076898575
36200,0.15,256,certified_fallback,cuda,0.005970893427729607,0.023469483479857445,0.0008765365928411484,0.0008807945996522903,,0.004737149924039841,,0.04159439727663994,0.004801414906978607,0.0
36200,0.15,256,fine_mc,cpu,0.005027303472161293,0.023878315463662148,0.0007168557494878769,0.0064768437296152115,0.0,0.0,0.00035775452852249146,0.03684116527438164,,
36200,0.15,1024,fine_mc,cuda,0.004704592749476433,0.11262470856308937,0.002393105998635292,0.0024672560393810272,0.0024353280067443846,0.009574515745043755,0.0016301516443490982,0.13405128754675388,,
36200,0.15,1024,empirical_selective,cuda,0.004704592749476433,0.11262470856308937,0.002393105998635292,0.0022831056267023087,,0.011933954432606697,,0.15928767248988152,0.020599743351340294,0.0027650371193885803
36200,0.15,1024,certified_fallback,cuda,0.004704592749476433,0.11262470856308937,0.002393105998635292,0.002281107008457184,,0.006068021059036255,,0.15067980997264385,0.020599743351340294,0.0
36200,0.15,1024,fine_mc,cpu,0.005055096000432968,0.12314160354435444,0.0029086098074913025,0.026479355990886688,0.0,0.0,0.0011750180274248123,0.15918035432696342,,
36200,1.0,256,fine_mc,cuda,0.006140051409602165,0.0007789544761180878,0.0008321255445480347,0.0009604059159755707,0.0009314560294151306,0.0016117356717586517,0.0004406049847602844,0.011215118691325188,,
36200,1.0,256,empirical_selective,cuda,0.006140051409602165,0.0007789544761180878,0.0008321255445480347,0.001012885943055153,,0.0016178693622350693,,0.017099088057875633,0.0051301755011081696,0.0006359834223985672
36200,1.0,256,certified_fallback,cuda,0.006140051409602165,0.0007789544761180878,0.0008321255445480347,0.0015507098287343979,,0.001788269728422165,,0.017133209854364395,0.0051301755011081696,0.0
36200,1.0,256,fine_mc,cpu,0.0063806455582380295,0.000380638986825943,0.0006044954061508179,0.005889309570193291,0.0,0.0,0.00031827203929424286,0.013894792646169662,,
36200,1.0,1024,fine_mc,cuda,0.007039429619908333,0.0017475318163633347,0.0026366785168647766,0.0022980663925409317,0.002264672040939331,0.00818636640906334,0.0016523394733667374,0.024245649576187134,,
36200,1.0,1024,empirical_selective,cuda,0.007039429619908333,0.0017475318163633347,0.0026366785168647766,0.0022846776992082596,,0.005847979336977005,,0.046038759872317314,0.021532749757170677,0.002923309803009033
36200,1.0,1024,certified_fallback,cuda,0.007039429619908333,0.0017475318163633347,0.0026366785168647766,0.0023063160479068756,,0.005943469703197479,,0.04317505098879337,0.021532749757170677,0.0
36200,1.0,1024,fine_mc,cpu,0.008072884753346443,0.001712961122393608,0.002545507624745369,0.025164976716041565,0.0,0.0,0.001278076320886612,0.03915946185588837,,
36281,0.0,256,fine_mc,cuda,0.004249149933457375,0.021703772246837616,0.0009711571037769318,0.0010520890355110168,0.0010140160322189332,0.00561726838350296,0.0006341338157653809,0.03478263318538666,,
36281,0.0,256,empirical_selective,cuda,0.004249149933457375,0.021703772246837616,0.0009711571037769318,0.0009333472698926926,,0.0015800725668668747,,0.03594144247472286,0.005035115405917168,0.0005349721759557724
36281,0.0,256,certified_fallback,cuda,0.004249149933457375,0.021703772246837616,0.0009711571037769318,0.0009087081998586655,,0.0016846228390932083,,0.0354272797703743,0.005035115405917168,0.0
36281,0.0,256,fine_mc,cpu,0.004318399354815483,0.020482013002038002,0.0007208473980426788,0.005622297525405884,0.0,0.0,0.0003169812262058258,0.03177108243107796,,
36281,0.0,1024,fine_mc,cuda,0.004396200180053711,0.10351005382835865,0.002489326521754265,0.002276543527841568,0.0022453439235687257,0.010716265067458153,0.0014582406729459763,0.12546980008482933,,
36281,0.0,1024,empirical_selective,cuda,0.004396200180053711,0.10351005382835865,0.002489326521754265,0.0022833682596683502,,0.009971141815185547,,0.14835905097424984,0.020072462037205696,0.0029139891266822815
36281,0.0,1024,certified_fallback,cuda,0.004396200180053711,0.10351005382835865,0.002489326521754265,0.002288537099957466,,0.006378196179866791,,0.14117161184549332,0.020072462037205696,0.0
36281,0.0,1024,fine_mc,cpu,0.004513470456004143,0.1646350808441639,0.002846270799636841,0.03245547600090504,0.0,0.0,0.0013509877026081085,0.20619892701506615,,
36281,0.15,256,fine_mc,cuda,0.00527963787317276,0.025305258110165596,0.0011230483651161194,0.0012602880597114563,0.0012172800302505493,0.004277996718883514,0.0005159042775630951,0.03849058039486408,,
36281,0.15,256,empirical_selective,cuda,0.00527963787317276,0.025305258110165596,0.0011230483651161194,0.000937262549996376,,0.0015759821981191635,,0.04067346639931202,0.004918323829770088,0.0005721841007471085
36281,0.15,256,certified_fallback,cuda,0.00527963787317276,0.025305258110165596,0.0011230483651161194,0.0008971169590950012,,0.001668320968747139,,0.040058331564068794,0.004918323829770088,0.0
36281,0.15,256,fine_mc,cpu,0.005022022873163223,0.02266228012740612,0.0007218644022941589,0.005888460204005241,0.0,0.0,0.00032927095890045166,0.034949323162436485,,
36281,0.15,1024,fine_mc,cuda,0.006072200834751129,0.11250470019876957,0.0033609308302402496,0.0022801272571086884,0.0022475841045379637,0.010531233623623848,0.0014455094933509827,0.1367601566016674,,
36281,0.15,1024,empirical_selective,cuda,0.006072200834751129,0.11250470019876957,0.0033609308302402496,0.0022828951478004456,,0.009937068447470665,,0.15908453427255154,0.01968167908489704,0.0032195840030908585
36281,0.15,1024,certified_fallback,cuda,0.006072200834751129,0.11250470019876957,0.0033609308302402496,0.0022773146629333496,,0.006184263154864311,,0.15206485614180565,0.01968167908489704,0.0
36281,0.15,1024,fine_mc,cpu,0.005528591573238373,0.11727526783943176,0.0026641488075256348,0.026614656671881676,0.0,0.0,0.0012771375477313995,0.1537819355726242,,
36281,1.0,256,fine_mc,cuda,0.005954461172223091,0.0006080865859985352,0.0006321128457784653,0.0008860081434249878,0.0008574399948120117,0.001663079485297203,0.00041739270091056824,0.010590914636850357,,
36281,1.0,256,empirical_selective,cuda,0.005954461172223091,0.0006080865859985352,0.0006321128457784653,0.000913204625248909,,0.001561831682920456,,0.015891000628471375,0.004835383966565132,0.0004786346107721329
36281,1.0,256,certified_fallback,cuda,0.005954461172223091,0.0006080865859985352,0.0006321128457784653,0.0009989477694034576,,0.001676490530371666,,0.015532206743955612,0.004835383966565132,0.0
36281,1.0,256,fine_mc,cpu,0.006025562062859535,0.0003654416650533676,0.0006196033209562302,0.005621647462248802,0.0,0.0,0.0003313720226287842,0.013265689834952354,,
36281,1.0,1024,fine_mc,cuda,0.006241234019398689,0.0020771734416484833,0.0026908908039331436,0.0022869762033224106,0.002256416082382202,0.006023861467838287,0.0014795605093240738,0.021351777017116547,,
36281,1.0,1024,empirical_selective,cuda,0.006241234019398689,0.0020771734416484833,0.0026908908039331436,0.002291107550263405,,0.010504454374313354,,0.04851887747645378,0.01982644759118557,0.00279989093542099
36281,1.0,1024,certified_fallback,cuda,0.006241234019398689,0.0020771734416484833,0.0026908908039331436,0.0022761449217796326,,0.006046988070011139,,0.0412124153226614,0.01982644759118557,0.0
36281,1.0,1024,fine_mc,cpu,0.00615658238530159,0.0017095617949962616,0.00244140625,0.03192789666354656,0.0,0.0,0.0012849289923906326,0.04387194849550724,,
36362,0.0,256,fine_mc,cuda,0.004232827574014664,0.020616643130779266,0.0012246277183294296,0.0010497085750102997,0.0010087360143661499,0.00506119430065155,0.0004268623888492584,0.033219631761312485,,
36362,0.0,256,empirical_selective,cuda,0.004232827574014664,0.020616643130779266,0.0012246277183294296,0.000979723408818245,,0.005152296274900436,,0.03857646882534027,0.004910072311758995,0.0005150642246007919
36362,0.0,256,certified_fallback,cuda,0.004232827574014664,0.020616643130779266,0.0012246277183294296,0.0009003356099128723,,0.0052806660532951355,,0.037993861362338066,0.004910072311758995,0.0
36362,0.0,256,fine_mc,cpu,0.004453979432582855,0.020379340276122093,0.0007583871483802795,0.0058374907821416855,0.0,0.0,0.0003300122916698456,0.032090744003653526,,
36362,0.0,1024,fine_mc,cuda,0.0043757613748312,0.10415798984467983,0.0026622992008924484,0.002278566360473633,0.0022485439777374266,0.010505950078368187,0.0014605075120925903,0.12662773579359055,,
36362,0.0,1024,empirical_selective,cuda,0.0043757613748312,0.10415798984467983,0.0026622992008924484,0.00229775533080101,,0.010845648124814034,,0.15071381255984306,0.021059338003396988,0.0032441038638353348
36362,0.0,1024,certified_fallback,cuda,0.0043757613748312,0.10415798984467983,0.0026622992008924484,0.002278856933116913,,0.006308415904641151,,0.1428517997264862,0.021059338003396988,0.0
36362,0.0,1024,fine_mc,cpu,0.004515744745731354,0.16189933195710182,0.0026804469525814056,0.031101888045668602,0.0,0.0,0.0012842193245887756,0.2018536813557148,,
36362,0.15,256,fine_mc,cuda,0.005205236375331879,0.0222433153539896,0.0007080063223838806,0.0010624881833791733,0.0010265920162200928,0.0046256594359874725,0.00044446438550949097,0.03488997370004654,,
36362,0.15,256,empirical_selective,cuda,0.005205236375331879,0.0222433153539896,0.0007080063223838806,0.0009404588490724564,,0.004525169730186462,,0.04000082053244114,0.004907965660095215,0.0005149543285369873
36362,0.15,256,certified_fallback,cuda,0.005205236375331879,0.0222433153539896,0.0007080063223838806,0.000911325216293335,,0.0050385333597660065,,0.03988671116530895,0.004907965660095215,0.0
36362,0.15,256,fine_mc,cpu,0.005054544657468796,0.02359379641711712,0.000745825469493866,0.006059853360056877,0.0,0.0,0.00031821057200431824,0.03610999882221222,,
36362,0.15,1024,fine_mc,cuda,0.004776015877723694,0.11289813928306103,0.0022636372596025467,0.0022748764604330063,0.002244287967681885,0.010579362511634827,0.0014584623277187347,0.13481347262859344,,
36362,0.15,1024,empirical_selective,cuda,0.004776015877723694,0.11289813928306103,0.0022636372596025467,0.0022877641022205353,,0.005845341831445694,,0.1522531360387802,0.01888466440141201,0.0033040307462215424
36362,0.15,1024,certified_fallback,cuda,0.004776015877723694,0.11289813928306103,0.0022636372596025467,0.0022913645952939987,,0.01110275648534298,,0.1543142907321453,0.01888466440141201,0.0
36362,0.15,1024,fine_mc,cpu,0.005120385438203812,0.16885893046855927,0.0025863200426101685,0.025867220014333725,0.0,0.0,0.0012461990118026733,0.20408621430397034,,
36362,1.0,256,fine_mc,cuda,0.006121143698692322,0.0008101947605609894,0.0008671358227729797,0.0009452048689126968,0.0009128000140190125,0.004642162472009659,0.00041128136217594147,0.01425115019083023,,
36362,1.0,256,empirical_selective,cuda,0.006121143698692322,0.0008101947605609894,0.0008671358227729797,0.0009835176169872284,,0.0048105139285326,,0.020319320261478424,0.004985762760043144,0.0006016045808792114
36362,1.0,256,certified_fallback,cuda,0.006121143698692322,0.0008101947605609894,0.0008671358227729797,0.0009192079305648804,,0.0016690045595169067,,0.01619734801352024,0.004985762760043144,0.0
36362,1.0,256,fine_mc,cpu,0.006089601665735245,0.000433875247836113,0.0005584955215454102,0.0056794676929712296,0.0,0.0,0.00031657516956329346,0.013380372896790504,,
36362,1.0,1024,fine_mc,cuda,0.006171992048621178,0.002345304936170578,0.002751648426055908,0.0022757966071367264,0.0022449920177459717,0.006063912063837051,0.001429358497262001,0.021598631516098976,,
36362,1.0,1024,empirical_selective,cuda,0.006171992048621178,0.002345304936170578,0.002751648426055908,0.00228128582239151,,0.005697131156921387,,0.04524903558194637,0.02051110379397869,0.0034485235810279846
36362,1.0,1024,certified_fallback,cuda,0.006171992048621178,0.002345304936170578,0.002751648426055908,0.0022865161299705505,,0.011298337951302528,,0.0473330020904541,0.02051110379397869,0.0
36362,1.0,1024,fine_mc,cpu,0.006224604323506355,0.0012998804450035095,0.0025606676936149597,0.024027416482567787,0.0,0.0,0.0012763869017362595,0.035749148577451706,,
36444,0.0,256,fine_mc,cuda,0.004284147173166275,0.02127075009047985,0.0007665548473596573,0.001032928004860878,0.0009957119822502137,0.00488627515733242,0.00043116509914398193,0.03323419205844402,,
36444,0.0,256,empirical_selective,cuda,0.004284147173166275,0.02127075009047985,0.0007665548473596573,0.0009644161909818649,,0.0045289210975170135,,0.03815782815217972,0.004814185202121735,0.0005536042153835297
36444,0.0,256,certified_fallback,cuda,0.004284147173166275,0.02127075009047985,0.0007665548473596573,0.0009347759187221527,,0.004698023200035095,,0.03820124827325344,0.004814185202121735,0.0
36444,0.0,256,fine_mc,cpu,0.005907513201236725,0.0217862818390131,0.0008288882672786713,0.006521735340356827,0.0,0.0,0.00032174400985240936,0.035699011757969856,,
36444,0.0,1024,fine_mc,cuda,0.004634451121091843,0.10377672873437405,0.0029685012996196747,0.0022885967046022415,0.002256511926651001,0.011090008541941643,0.0015045516192913055,0.12695769779384136,,
36444,0.0,1024,empirical_selective,cuda,0.004634451121091843,0.10377672873437405,0.0029685012996196747,0.00228191539645195,,0.010624906048178673,,0.15178558975458145,0.022525876760482788,0.0028590597212314606
36444,0.0,1024,certified_fallback,cuda,0.004634451121091843,0.10377672873437405,0.0029685012996196747,0.0022814441472291946,,0.0062615834176540375,,0.1445822212845087,0.022525876760482788,0.0
36444,0.0,1024,fine_mc,cpu,0.0047386642545461655,0.16241570375859737,0.0027467384934425354,0.03398778848350048,0.0,0.0,0.001236436888575554,0.20562836900353432,,
36444,0.15,256,fine_mc,cuda,0.00512869656085968,0.026239560917019844,0.0007959678769111633,0.0010486450046300888,0.0010009599924087524,0.005293799564242363,0.00043790414929389954,0.0395643375813961,,
36444,0.15,256,empirical_selective,cuda,0.00512869656085968,0.026239560917019844,0.0007959678769111633,0.0009968243539333344,,0.004553582519292831,,0.045441536232829094,0.006059031933546066,0.0006452538073062897
36444,0.15,256,certified_fallback,cuda,0.00512869656085968,0.026239560917019844,0.0007959678769111633,0.0009343549609184265,,0.004628453403711319,,0.04465675167739391,0.006059031933546066,0.0
36444,0.15,256,fine_mc,cpu,0.0050561632961034775,0.022672446444630623,0.0006631650030612946,0.006674505770206451,0.0,0.0,0.0003547836095094681,0.035751331597566605,,
36444,0.15,1024,fine_mc,cuda,0.004994416609406471,0.11236529611051083,0.002248236909508705,0.002274736762046814,0.0022443199157714845,0.010855747386813164,0.0015457198023796082,0.13496213406324387,,
36444,0.15,1024,empirical_selective,cuda,0.004994416609406471,0.11236529611051083,0.002248236909508705,0.0022861063480377197,,0.010727033019065857,,0.1571272686123848,0.01932230405509472,0.0029577892273664474
36444,0.15,1024,certified_fallback,cuda,0.004994416609406471,0.11236529611051083,0.002248236909508705,0.002288335934281349,,0.00444914773106575,,0.14777051098644733,0.01932230405509472,0.0
36444,0.15,1024,fine_mc,cpu,0.005124196410179138,0.18178716115653515,0.0031236205250024796,0.02507755532860756,0.0,0.0,0.0014280006289482117,0.21700779721140862,,
36444,1.0,256,fine_mc,cuda,0.006040593609213829,0.000632893294095993,0.0007816459983587265,0.0010661371052265167,0.0010266239643096924,0.004507811740040779,0.0003923717886209488,0.013870097696781158,,
36444,1.0,256,empirical_selective,cuda,0.006040593609213829,0.000632893294095993,0.0007816459983587265,0.0010311491787433624,,0.004667792469263077,,0.019847922027111053,0.005154158920049667,0.0006100833415985107
36444,1.0,256,certified_fallback,cuda,0.006040593609213829,0.000632893294095993,0.0007816459983587265,0.0010024458169937134,,0.004585623741149902,,0.01905837655067444,0.005154158920049667,0.0
36444,1.0,256,fine_mc,cpu,0.007622500881552696,0.000375114381313324,0.000614553689956665,0.006297484040260315,0.0,0.0,0.0003438536077737808,0.015557609498500824,,
36444,1.0,1024,fine_mc,cuda,0.0075314342975616455,0.0017772037535905838,0.002562321722507477,0.002278408035635948,0.0022444798946380617,0.011130070313811302,0.0014892201870679855,0.02747035212814808,,
36444,1.0,1024,empirical_selective,cuda,0.0075314342975616455,0.0017772037535905838,0.002562321722507477,0.002284666523337364,,0.005726899951696396,,0.04550709016621113,0.020301703363656998,0.0030932724475860596
36444,1.0,1024,certified_fallback,cuda,0.0075314342975616455,0.0017772037535905838,0.002562321722507477,0.0022851265966892242,,0.005697278305888176,,0.04252266883850098,0.020301703363656998,0.0
36444,1.0,1024,fine_mc,cpu,0.0062244366854429245,0.0014755893498659134,0.0027961991727352142,0.02807784266769886,0.0,0.0,0.0014135204255580902,0.04048021696507931,,
36525,0.0,256,fine_mc,cuda,0.004302052780985832,0.020847707986831665,0.0007340330630540848,0.0010797083377838135,0.0010407359600067138,0.004610603675246239,0.0004485808312892914,0.032585348933935165,,
36525,0.0,256,empirical_selective,cuda,0.004302052780985832,0.020847707986831665,0.0007340330630540848,0.0012276694178581238,,0.004698131233453751,,0.03914300538599491,0.005176747217774391,0.0005636923015117645
36525,0.0,256,certified_fallback,cuda,0.004302052780985832,0.020847707986831665,0.0007340330630540848,0.0011398885399103165,,0.004844063892960548,,0.037967296317219734,0.005176747217774391,0.0
36525,0.0,256,fine_mc,cpu,0.005121195688843727,0.021874813362956047,0.0007750224322080612,0.0065093450248241425,0.0,0.0,0.00031672045588493347,0.03494570963084698,,
36525,0.0,1024,fine_mc,cuda,0.004688851535320282,0.10565681010484695,0.003042241558432579,0.0022753458470106125,0.002243232011795044,0.00988965854048729,0.0016745198518037796,0.12790118344128132,,
36525,0.0,1024,empirical_selective,cuda,0.004688851535320282,0.10565681010484695,0.003042241558432579,0.002305496484041214,,0.010660625994205475,,0.15203965455293655,0.020492324605584145,0.0031314436346292496
36525,0.0,1024,certified_fallback,cuda,0.004688851535320282,0.10565681010484695,0.003042241558432579,0.0022909175604581833,,0.005826238542795181,,0.14418170787394047,0.020492324605584145,0.0
36525,0.0,1024,fine_mc,cpu,0.004454631358385086,0.16759155318140984,0.0029040388762950897,0.024323051795363426,0.0,0.0,0.0014669131487607956,0.2011421024799347,,
36525,0.15,256,fine_mc,cuda,0.005149295553565025,0.02350158616900444,0.0007041357457637787,0.0010254252701997757,0.0009845119714736938,0.004589579999446869,0.0004488043487071991,0.03601553291082382,,
36525,0.15,256,empirical_selective,cuda,0.005149295553565025,0.02350158616900444,0.0007041357457637787,0.0012320782989263535,,0.004887126386165619,,0.04223659634590149,0.005013186484575272,0.0006936956197023392
36525,0.15,256,certified_fallback,cuda,0.005149295553565025,0.02350158616900444,0.0007041357457637787,0.0010211393237113953,,0.004595641046762466,,0.04090604744851589,0.005013186484575272,0.0
36525,0.15,256,fine_mc,cpu,0.005851712077856064,0.024562561884522438,0.0009788069874048233,0.006564067676663399,0.0,0.0,0.00034876540303230286,0.038766246289014816,,
36525,0.15,1024,fine_mc,cuda,0.0051285456866025925,0.1144761499017477,0.002921411767601967,0.0022780951112508774,0.0022445440292358397,0.010482262820005417,0.00147240050137043,0.13736243918538094,,
36525,0.15,1024,empirical_selective,cuda,0.0051285456866025925,0.1144761499017477,0.002921411767601967,0.002293117344379425,,0.010925166308879852,,0.16326083429157734,0.022413458675146103,0.003098404034972191
36525,0.15,1024,certified_fallback,cuda,0.0051285456866025925,0.1144761499017477,0.002921411767601967,0.002281414344906807,,0.006152894347906113,,0.15554930828511715,0.022413458675146103,0.0
36525,0.15,1024,fine_mc,cpu,0.005531229078769684,0.17772308364510536,0.002514965832233429,0.025058688595891,0.0,0.0,0.0012848880141973495,0.21251782774925232,,
36525,1.0,256,fine_mc,cuda,0.007017247378826141,0.0007225833833217621,0.0008023567497730255,0.0008865445852279663,0.0008557119965553284,0.001626899465918541,0.0004023313522338867,0.011911384761333466,,
36525,1.0,256,empirical_selective,cuda,0.007017247378826141,0.0007225833833217621,0.0008023567497730255,0.0009252671152353287,,0.0016059912741184235,,0.01777278631925583,0.00506928563117981,0.0005994047969579697
36525,1.0,256,certified_fallback,cuda,0.007017247378826141,0.0007225833833217621,0.0008023567497730255,0.0009713266044855118,,0.0017068013548851013,,0.017105810344219208,0.00506928563117981,0.0
36525,1.0,256,fine_mc,cpu,0.006003979593515396,0.0003728847950696945,0.0005848053842782974,0.006136421114206314,0.0,0.0,0.00032754242420196533,0.01376047357916832,,
36525,1.0,1024,fine_mc,cuda,0.006182454526424408,0.001787705346941948,0.002543177455663681,0.0022778846323490143,0.0022437760829925536,0.010861996561288834,0.001439519226551056,0.02568817138671875,,
36525,1.0,1024,empirical_selective,cuda,0.006182454526424408,0.001787705346941948,0.002543177455663681,0.0023022349923849106,,0.00572836771607399,,0.047900425270199776,0.023951588198542595,0.003195490688085556
36525,1.0,1024,certified_fallback,cuda,0.006182454526424408,0.001787705346941948,0.002543177455663681,0.002282368019223213,,0.006112631410360336,,0.04559119790792465,0.023951588198542595,0.0
36525,1.0,1024,fine_mc,cpu,0.00705832801759243,0.0017551109194755554,0.00267723947763443,0.025003045797348022,0.0,0.0,0.001290988177061081,0.03817711025476456,,
36606,0.0,256,fine_mc,cuda,0.0042917728424072266,0.021889394149184227,0.0007320530712604523,0.0010970160365104675,0.0010497920513153076,0.0049423947930336,0.0004352238029241562,0.033961815759539604,,
36606,0.0,256,empirical_selective,cuda,0.0042917728424072266,0.021889394149184227,0.0007320530712604523,0.0009734872728586197,,0.004588250070810318,,0.03929116390645504,0.005182186141610146,0.000565655529499054
36606,0.0,256,certified_fallback,cuda,0.0042917728424072266,0.021889394149184227,0.0007320530712604523,0.0009329561144113541,,0.004544394090771675,,0.03845183737576008,0.005182186141610146,0.0
36606,0.0,256,fine_mc,cpu,0.004428712651133537,0.02008545957505703,0.0006958954036235809,0.006084581837058067,0.0,0.0,0.00032778456807136536,0.03194844536483288,,
36606,0.0,1024,fine_mc,cuda,0.004442270845174789,0.10495391488075256,0.0025915689766407013,0.0022970866411924362,0.0022614080905914305,0.011605091392993927,0.001433512195944786,0.12790796346962452,,
36606,0.0,1024,empirical_selective,cuda,0.004442270845174789,0.10495391488075256,0.0025915689766407013,0.002284357324242592,,0.01067744567990303,,0.1532153207808733,0.0228824894875288,0.0033186133950948715
36606,0.0,1024,certified_fallback,cuda,0.004442270845174789,0.10495391488075256,0.0025915689766407013,0.002281107008457184,,0.005987631157040596,,0.14540110528469086,0.0228824894875288,0.0
36606,0.0,1024,fine_mc,cpu,0.004557652398943901,0.1684746891260147,0.0028304196894168854,0.028190596029162407,0.0,0.0,0.0012855883687734604,0.20570880733430386,,
36606,0.15,256,fine_mc,cuda,0.005624309182167053,0.02278696745634079,0.0009023770689964294,0.0010300558060407639,0.0009907519817352296,0.0045433323830366135,0.00043472275137901306,0.03591233119368553,,
36606,0.15,256,empirical_selective,cuda,0.005624309182167053,0.02278696745634079,0.0009023770689964294,0.0009690858423709869,,0.004500444978475571,,0.04132932983338833,0.004989504814147949,0.0005834922194480896
36606,0.15,256,certified_fallback,cuda,0.005624309182167053,0.02278696745634079,0.0009023770689964294,0.000914454460144043,,0.005046110600233078,,0.041140737012028694,0.004989504814147949,0.0
36606,0.15,256,fine_mc,cpu,0.00518561527132988,0.02236199751496315,0.0006707068532705307,0.005924049764871597,0.0,0.0,0.0003587324172258377,0.034827981144189835,,
36606,0.15,1024,fine_mc,cuda,0.004835933446884155,0.11405976675450802,0.002476487308740616,0.002290446311235428,0.002252255916595459,0.010998936370015144,0.0015428215265274048,0.1368627194315195,,
36606,0.15,1024,empirical_selective,cuda,0.004835933446884155,0.11405976675450802,0.002476487308740616,0.0022983625531196594,,0.009761106222867966,,0.1594107374548912,0.02066655643284321,0.003255121409893036
36606,0.15,1024,certified_fallback,cuda,0.004835933446884155,0.11405976675450802,0.002476487308740616,0.0022807754576206207,,0.005914721637964249,,0.15223883651196957,0.02066655643284321,0.0
36606,0.15,1024,fine_mc,cpu,0.006157282739877701,0.1813862081617117,0.002630310133099556,0.029524262994527817,0.0,0.0,0.0013482794165611267,0.22144947946071625,,
36606,1.0,256,fine_mc,cuda,0.006152363494038582,0.000908656045794487,0.000742696225643158,0.0009579658508300781,0.0009236800074577332,0.004550391808152199,0.00043592415750026703,0.01422518864274025,,
36606,1.0,256,empirical_selective,cuda,0.006152363494038582,0.000908656045794487,0.000742696225643158,0.0010308083146810532,,0.004642210900783539,,0.021350771188735962,0.006210124120116234,0.0007231160998344421
36606,1.0,256,certified_fallback,cuda,0.006152363494038582,0.000908656045794487,0.000742696225643158,0.0009459163993597031,,0.005147082731127739,,0.021127887070178986,0.006210124120116234,0.0
36606,1.0,256,fine_mc,cpu,0.0061405133455991745,0.0004121437668800354,0.0006255842745304108,0.005847029387950897,0.0,0.0,0.0003387629985809326,0.013670835644006729,,
36606,1.0,1024,fine_mc,cuda,0.006161253899335861,0.0020571835339069366,0.002305125817656517,0.0023250672966241837,0.0022813758850097655,0.012111175805330276,0.0014787204563617706,0.027058660984039307,,
36606,1.0,1024,empirical_selective,cuda,0.006161253899335861,0.0020571835339069366,0.002305125817656517,0.0022814441472291946,,0.005727361887693405,,0.04359879158437252,0.019528964534401894,0.0029388200491666794
36606,1.0,1024,certified_fallback,cuda,0.006161253899335861,0.0020571835339069366,0.002305125817656517,0.0022836457937955856,,0.006077352911233902,,0.04048838093876839,0.019528964534401894,0.0
36606,1.0,1024,fine_mc,cpu,0.0063763950020074844,0.0015159323811531067,0.002642648294568062,0.02703886851668358,0.0,0.0,0.0012333672493696213,0.03922416269779205,,
36687,0.0,256,fine_mc,cuda,0.004564693197607994,0.020844824612140656,0.0009915363043546677,0.001035606488585472,0.000997439980506897,0.0045185089111328125,0.00044886209070682526,0.03297891281545162,,
36687,0.0,256,empirical_selective,cuda,0.004564693197607994,0.020844824612140656,0.0009915363043546677,0.001017007976770401,,0.004526842385530472,,0.038511011749506,0.004850603640079498,0.0007676873356103897
36687,0.0,256,certified_fallback,cuda,0.004564693197607994,0.020844824612140656,0.0009915363043546677,0.0010905377566814423,,0.004801405593752861,,0.03812209889292717,0.004850603640079498,0.0
36687,0.0,256,fine_mc,cpu,0.004410739988088608,0.02169032208621502,0.0007226560264825821,0.006161242723464966,0.0,0.0,0.00033269263803958893,0.03363979049026966,,
36687,0.0,1024,fine_mc,cuda,0.0048807039856910706,0.10434200055897236,0.002518119290471077,0.0022808369249105453,0.0022472960948944094,0.010357623919844627,0.0014197006821632385,0.1264479160308838,,
36687,0.0,1024,empirical_selective,cuda,0.0048807039856910706,0.10434200055897236,0.002518119290471077,0.002212885767221451,,0.010867498815059662,,0.15064111351966858,0.02053084410727024,0.0030971504747867584
36687,0.0,1024,certified_fallback,cuda,0.0048807039856910706,0.10434200055897236,0.002518119290471077,0.002275995910167694,,0.00612226314842701,,0.1427865345031023,0.02053084410727024,0.0
36687,0.0,1024,fine_mc,cpu,0.004502013325691223,0.1703892108052969,0.006169954314827919,0.026332994922995567,0.0,0.0,0.001358797773718834,0.20912815257906914,,
36687,0.15,256,fine_mc,cuda,0.00522896833717823,0.028531620278954506,0.0010466184467077255,0.0010240152478218079,0.0009858880043029784,0.004540693014860153,0.00045048072934150696,0.04140055924654007,,
36687,0.15,256,empirical_selective,cuda,0.00522896833717823,0.028531620278954506,0.0010466184467077255,0.0009692143648862839,,0.004530198872089386,,0.047031909227371216,0.005208395421504974,0.0005696136504411697
36687,0.15,256,certified_fallback,cuda,0.00522896833717823,0.028531620278954506,0.0010466184467077255,0.0011277981102466583,,0.004720794036984444,,0.046719906851649284,0.005208395421504974,0.0
36687,0.15,256,fine_mc,cpu,0.005054304376244545,0.022911900654435158,0.0007064957171678543,0.0059956517070531845,0.0,0.0,0.000318821519613266,0.03531298786401749,,
36687,0.15,1024,fine_mc,cuda,0.004763402044773102,0.11276246048510075,0.0025454778224229813,0.00227474607527256,0.0022431039810180665,0.011127319186925888,0.0016235820949077606,0.13572329841554165,,
36687,0.15,1024,empirical_selective,cuda,0.004763402044773102,0.11276246048510075,0.0025454778224229813,0.0022857561707496643,,0.010537266731262207,,0.15708517841994762,0.0191991925239563,0.0029320698231458664
36687,0.15,1024,certified_fallback,cuda,0.004763402044773102,0.11276246048510075,0.0025454778224229813,0.0022845081984996796,,0.0060099046677351,,0.14964643865823746,0.0191991925239563,0.0
36687,0.15,1024,fine_mc,cpu,0.005132196471095085,0.17853881791234016,0.002620318904519081,0.030721334740519524,0.0,0.0,0.0013124402612447739,0.21870921179652214,,
36687,1.0,256,fine_mc,cuda,0.0059838443994522095,0.0006475932896137238,0.000913543626666069,0.0011058393865823746,0.0010710079669952392,0.004782130941748619,0.0004130527377128601,0.014317009598016739,,
36687,1.0,256,empirical_selective,cuda,0.0059838443994522095,0.0006475932896137238,0.000913543626666069,0.0009278040379285812,,0.004606552422046661,,0.01966007798910141,0.005078645423054695,0.0005164947360754013
36687,1.0,256,certified_fallback,cuda,0.0059838443994522095,0.0006475932896137238,0.000913543626666069,0.0009446367621421814,,0.004682185128331184,,0.0190426018089056,0.005078645423054695,0.0
36687,1.0,256,fine_mc,cpu,0.006001293659210205,0.00037662312388420105,0.0006151553243398666,0.005988823249936104,0.0,0.0,0.00036686286330223083,0.013681093230843544,,
36687,1.0,1024,fine_mc,cuda,0.006090812385082245,0.0018251743167638779,0.0026014279574155807,0.0022816751152276993,0.0022471680641174318,0.013096831738948822,0.0014867410063743591,0.02873261272907257,,
36687,1.0,1024,empirical_selective,cuda,0.006090812385082245,0.0018251743167638779,0.0026014279574155807,0.002281123772263527,,0.005823744460940361,,0.04361314699053764,0.020218001678586006,0.0027539096772670746
36687,1.0,1024,certified_fallback,cuda,0.006090812385082245,0.0018251743167638779,0.0026014279574155807,0.0022890958935022354,,0.009262634441256523,,0.04428916051983833,0.020218001678586006,0.0
36687,1.0,1024,fine_mc,cpu,0.006301473826169968,0.00212988443672657,0.002181742340326309,0.023125100880861282,0.0,0.0,0.001307029277086258,0.03540078550577164,,
36769,0.0,256,fine_mc,cuda,0.004248099401593208,0.02350027672946453,0.0008701775223016739,0.0012558996677398682,0.0012111680507659911,0.004935353994369507,0.0004663504660129547,0.03605867177248001,,
36769,0.0,256,empirical_selective,cuda,0.004248099401593208,0.02350027672946453,0.0008701775223016739,0.0011633560061454773,,0.004590822383761406,,0.04110158793628216,0.004922444000840187,0.0006307363510131836
36769,0.0,256,certified_fallback,cuda,0.004248099401593208,0.02350027672946453,0.0008701775223016739,0.0010616891086101532,,0.00458805076777935,,0.04011084325611591,0.004922444000840187,0.0
36769,0.0,256,fine_mc,cpu,0.004609201103448868,0.020963769406080246,0.0007125642150640488,0.006297055631875992,0.0,0.0,0.0003828052431344986,0.033465007320046425,,
36769,0.0,1024,fine_mc,cuda,0.005851268768310547,0.10452590882778168,0.002685878425836563,0.0022876858711242676,0.002254784107208252,0.011073686182498932,0.0014555081725120544,0.1285705268383026,,
36769,0.0,1024,empirical_selective,cuda,0.005851268768310547,0.10452590882778168,0.002685878425836563,0.0022886972874403,,0.005762411281466484,,0.1455272063612938,0.019096171483397484,0.0032023638486862183
36769,0.0,1024,certified_fallback,cuda,0.005851268768310547,0.10452590882778168,0.002685878425836563,0.0022784285247325897,,0.012094415724277496,,0.14865253865718842,0.019096171483397484,0.0
36769,0.0,1024,fine_mc,cpu,0.004568452015519142,0.15444167889654636,0.0028938408941030502,0.02746974118053913,0.0,0.0,0.001326199620962143,0.1911712884902954,,
36769,0.15,256,fine_mc,cuda,0.005157407373189926,0.028876420110464096,0.0008446667343378067,0.0010690372437238693,0.0010279359817504882,0.004894023761153221,0.0004484914243221283,0.042007312178611755,,
36769,0.15,256,empirical_selective,cuda,0.005157407373189926,0.028876420110464096,0.0008446667343378067,0.0009817760437726974,,0.004947857931256294,,0.04802137427031994,0.005522159859538078,0.0005961935967206955
36769,0.15,256,certified_fallback,cuda,0.005157407373189926,0.028876420110464096,0.0008446667343378067,0.0009307973086833954,,0.005232198163866997,,0.04748271405696869,0.005522159859538078,0.0
36769,0.15,256,fine_mc,cpu,0.00521448627114296,0.02359895221889019,0.0007278453558683395,0.005896260961890221,0.0,0.0,0.00031531229615211487,0.03615770302712917,,
36769,0.15,1024,fine_mc,cuda,0.0052685849368572235,0.11469819955527782,0.0025156792253255844,0.0022881757467985153,0.002253439903259277,0.006126599386334419,0.0015220604836940765,0.1330864131450653,,
36769,0.15,1024,empirical_selective,cuda,0.0052685849368572235,0.11469819955527782,0.0025156792253255844,0.0022856350988149643,,0.011206578463315964,,0.16322820261120796,0.0220248531550169,0.0031302906572818756
36769,0.15,1024,certified_fallback,cuda,0.0052685849368572235,0.11469819955527782,0.0025156792253255844,0.0022827554494142532,,0.006175784394145012,,0.15538695640861988,0.0220248531550169,0.0
36769,0.15,1024,fine_mc,cpu,0.005339648574590683,0.1750306636095047,0.0025146659463644028,0.024143870919942856,0.0,0.0,0.0013155080378055573,0.2088325023651123,,
36769,1.0,256,fine_mc,cuda,0.006044859066605568,0.0007377434521913528,0.0007594060152769089,0.0010051466524600983,0.0009759039878845214,0.0016322918236255646,0.0003937855362892151,0.011085258796811104,,
36769,1.0,256,empirical_selective,cuda,0.006044859066605568,0.0007377434521913528,0.0007594060152769089,0.0009655188769102097,,0.0015912018716335297,,0.017578357830643654,0.005907412618398666,0.0005952361971139908
36769,1.0,256,certified_fallback,cuda,0.006044859066605568,0.0007377434521913528,0.0007594060152769089,0.0011003166437149048,,0.0017532054334878922,,0.01778045855462551,0.005907412618398666,0.0
36769,1.0,256,fine_mc,cpu,0.006112651899456978,0.0004106517881155014,0.0006439033895730972,0.0061047133058309555,0.0,0.0,0.0003192424774169922,0.016465919092297554,,
36769,1.0,1024,fine_mc,cuda,0.00648636557161808,0.0017993450164794922,0.002617327496409416,0.0022849366068840027,0.0022511041164398195,0.006249785423278809,0.0014292187988758087,0.02151533216238022,,
36769,1.0,1024,empirical_selective,cuda,0.00648636557161808,0.0017993450164794922,0.002617327496409416,0.0022876672446727753,,0.009875370189547539,,0.05057905428111553,0.021918494254350662,0.003427395597100258
36769,1.0,1024,certified_fallback,cuda,0.00648636557161808,0.0017993450164794922,0.002617327496409416,0.002276316285133362,,0.004371499642729759,,0.041516389697790146,0.021918494254350662,0.0
36769,1.0,1024,fine_mc,cpu,0.006443612277507782,0.0014373008161783218,0.004270240664482117,0.029540209099650383,0.0,0.0,0.001186976209282875,0.043350523337721825,,
36850,0.0,256,fine_mc,cuda,0.004363592714071274,0.022070512175559998,0.0011785179376602173,0.0014484301209449768,0.0014008959531784057,0.005173319950699806,0.00044698454439640045,0.035268595442175865,,
36850,0.0,256,empirical_selective,cuda,0.004363592714071274,0.022070512175559998,0.0011785179376602173,0.0009925682097673416,,0.004737421870231628,,0.040096379816532135,0.0050879549235105515,0.0006847642362117767
36850,0.0,256,certified_fallback,cuda,0.004363592714071274,0.022070512175559998,0.0011785179376602173,0.0009035561233758926,,0.0046440307050943375,,0.03909260407090187,0.0050879549235105515,0.0
36850,0.0,256,fine_mc,cpu,0.004437679424881935,0.02057461440563202,0.0006874538958072662,0.0062713827937841415,0.0,0.0,0.0003781002014875412,0.03273537755012512,,
36850,0.0,1024,fine_mc,cuda,0.0061019714921712875,0.1029239110648632,0.002579299733042717,0.0022887475788593292,0.0022530241012573243,0.011019837111234665,0.0016346201300621033,0.12722360901534557,,
36850,0.0,1024,empirical_selective,cuda,0.0061019714921712875,0.1029239110648632,0.002579299733042717,0.002287795767188072,,0.010633666068315506,,0.1518070548772812,0.02172079309821129,0.0034952331334352493
36850,0.0,1024,certified_fallback,cuda,0.0061019714921712875,0.1029239110648632,0.002579299733042717,0.0022827070206403732,,0.006109202280640602,,0.14374026842415333,0.02172079309821129,0.0
36850,0.0,1024,fine_mc,cpu,0.004493311047554016,0.16031726263463497,0.0027366988360881805,0.03252001479268074,0.0,0.0,0.0012880302965641022,0.20172889158129692,,
36850,0.15,256,fine_mc,cuda,0.005128176882863045,0.022488467395305634,0.0007067248225212097,0.0010292958468198776,0.0009922239780426026,0.004660824313759804,0.00043342262506484985,0.035035185515880585,,
36850,0.15,256,empirical_selective,cuda,0.005128176882863045,0.022488467395305634,0.0007067248225212097,0.0014529917389154434,,0.005089432001113892,,0.04150494933128357,0.004986686632037163,0.000681653618812561
36850,0.15,256,certified_fallback,cuda,0.005128176882863045,0.022488467395305634,0.0007067248225212097,0.0010961275547742844,,0.004769684746861458,,0.040126292034983635,0.004986686632037163,0.0
36850,0.15,256,fine_mc,cpu,0.005609029904007912,0.024356020614504814,0.001013975590467453,0.0062234122306108475,0.0,0.0,0.0003155730664730072,0.037861116230487823,,
36850,0.15,1024,fine_mc,cuda,0.00478421151638031,0.11376395635306835,0.002385808154940605,0.002291077747941017,0.0022578558921813965,0.010544141754508018,0.0016249194741249084,0.1360349114984274,,
36850,0.15,1024,empirical_selective,cuda,0.00478421151638031,0.11376395635306835,0.002385808154940605,0.002287447452545166,,0.01063680648803711,,0.1597447246313095,0.02063518390059471,0.003203362226486206
36850,0.15,1024,certified_fallback,cuda,0.00478421151638031,0.11376395635306835,0.002385808154940605,0.002275284379720688,,0.006158662959933281,,0.15195529162883759,0.02063518390059471,0.0
36850,0.15,1024,fine_mc,cpu,0.006214285269379616,0.17097453586757183,0.003143142908811569,0.029347077012062073,0.0,0.0,0.0012954473495483398,0.2113994788378477,,
36850,1.0,256,fine_mc,cuda,0.006011400371789932,0.0006215628236532211,0.0006501041352748871,0.0009180065244436264,0.0008856639862060547,0.004616012796759605,0.0003981608897447586,0.013650955632328987,,
36850,1.0,256,empirical_selective,cuda,0.006011400371789932,0.0006215628236532211,0.0006501041352748871,0.0009401850402355194,,0.004518413916230202,,0.019747160375118256,0.004924695938825607,0.0006039030849933624
36850,1.0,256,certified_fallback,cuda,0.006011400371789932,0.0006215628236532211,0.0006501041352748871,0.0009427778422832489,,0.00455603189766407,,0.018515029922127724,0.004924695938825607,0.0
36850,1.0,256,fine_mc,cpu,0.0060304924845695496,0.000375380739569664,0.00062592513859272,0.005782943218946457,0.0,0.0,0.00031914375722408295,0.01344236172735691,,
36850,1.0,1024,fine_mc,cuda,0.006204200908541679,0.0020561274141073227,0.0023275259882211685,0.0022960156202316284,0.0022599680423736573,0.011884210631251335,0.0014367494732141495,0.026803988963365555,,
36850,1.0,1024,empirical_selective,cuda,0.006204200908541679,0.0020561274141073227,0.0023275259882211685,0.0022866949439048767,,0.0056648291647434235,,0.04575059935450554,0.02210504747927189,0.003073830157518387
36850,1.0,1024,certified_fallback,cuda,0.006204200908541679,0.0020561274141073227,0.0023275259882211685,0.0023111067712306976,,0.006100114434957504,,0.04333268292248249,0.02210504747927189,0.0
36850,1.0,1024,fine_mc,cpu,0.006752569228410721,0.0016469620168209076,0.0025745388120412827,0.024093586951494217,0.0,0.0,0.0012714900076389313,0.03672933764755726,,
36931,0.0,256,fine_mc,cuda,0.004605632275342941,0.021140197291970253,0.0007412247359752655,0.0010363757610321045,0.0009974719882011414,0.004560092464089394,0.0004332643002271652,0.03317777253687382,,
36931,0.0,256,empirical_selective,cuda,0.004605632275342941,0.021140197291970253,0.0007412247359752655,0.0009768269956111908,,0.004477720707654953,,0.03835075907409191,0.004847235977649689,0.0005557835102081299
36931,0.0,256,certified_fallback,cuda,0.004605632275342941,0.021140197291970253,0.0007412247359752655,0.000910438597202301,,0.0045015402138233185,,0.03762775473296642,0.004847235977649689,0.0
36931,0.0,256,fine_mc,cpu,0.005788927897810936,0.02214941382408142,0.0007315259426832199,0.006682746112346649,0.0,0.0,0.00038086436688899994,0.036226216703653336,,
36931,0.0,1024,fine_mc,cuda,0.005113234743475914,0.102181825786829,0.0026235077530145645,0.0022708550095558167,0.002241343975067139,0.010532844811677933,0.00144943967461586,0.1248669009655714,,
36931,0.0,1024,empirical_selective,cuda,0.005113234743475914,0.102181825786829,0.0026235077530145645,0.002281744033098221,,0.010547563433647156,,0.14792503602802753,0.01934719644486904,0.003454122692346573
36931,0.0,1024,certified_fallback,cuda,0.005113234743475914,0.102181825786829,0.0026235077530145645,0.002278236672282219,,0.006053861230611801,,0.13971550948917866,0.01934719644486904,0.0
36931,0.0,1024,fine_mc,cpu,0.004521859809756279,0.16291112080216408,0.0040277354419231415,0.027068227529525757,0.0,0.0,0.0011636875569820404,0.20016106590628624,,
36931,0.15,256,fine_mc,cuda,0.005141625180840492,0.02362949587404728,0.0007618144154548645,0.00123647041618824,0.0011934080123901366,0.004774793982505798,0.00048757530748844147,0.036808665841817856,,
36931,0.15,256,empirical_selective,cuda,0.005141625180840492,0.02362949587404728,0.0007618144154548645,0.0011962689459323883,,0.004655241966247559,,0.04243084602057934,0.005307706072926521,0.0006063636392354965
36931,0.15,256,certified_fallback,cuda,0.005141625180840492,0.02362949587404728,0.0007618144154548645,0.0009567961096763611,,0.0046694111078977585,,0.04139391891658306,0.005307706072926521,0.0
36931,0.15,256,fine_mc,cpu,0.005044884979724884,0.023013241589069366,0.0006995461881160736,0.005917763337492943,0.0,0.0,0.0003314334899187088,0.035429440438747406,,
36931,0.15,1024,fine_mc,cuda,0.004990126937627792,0.11516610719263554,0.002534039318561554,0.0022741351276636124,0.0022427198886871337,0.010633883997797966,0.0014436598867177963,0.13771963492035866,,
36931,0.15,1024,empirical_selective,cuda,0.004990126937627792,0.11516610719263554,0.002534039318561554,0.0023103561252355576,,0.01080077700316906,,0.16102688759565353,0.020065199583768845,0.0030164197087287903
36931,0.15,1024,certified_fallback,cuda,0.004990126937627792,0.11516610719263554,0.002534039318561554,0.0022826846688985825,,0.006153805181384087,,0.15325678326189518,0.020065199583768845,0.0
36931,0.15,1024,fine_mc,cpu,0.006378626450896263,0.17336098104715347,0.0027847904711961746,0.029732778668403625,0.0,0.0,0.0012842491269111633,0.21403188817203045,,
36931,1.0,256,fine_mc,cuda,0.006131282076239586,0.000591004267334938,0.0007305648177862167,0.0009158365428447723,0.0008850560188293457,0.0016039125621318817,0.0004493705928325653,0.01098712719976902,,
36931,1.0,256,empirical_selective,cuda,0.006131282076239586,0.000591004267334938,0.0007305648177862167,0.0009552575647830963,,0.0016224440187215805,,0.018089717254042625,0.006364045664668083,0.0005789436399936676
36931,1.0,256,certified_fallback,cuda,0.006131282076239586,0.000591004267334938,0.0007305648177862167,0.0010054372251033783,,0.001749211922287941,,0.01749277487397194,0.006364045664668083,0.0
36931,1.0,256,fine_mc,cpu,0.006077472120523453,0.0004355255514383316,0.0006003640592098236,0.006268233060836792,0.0,0.0,0.00031703151762485504,0.01645277440547943,,
36931,1.0,1024,fine_mc,cuda,0.006142081692814827,0.0017575714737176895,0.002613438293337822,0.0022883471101522446,0.0022529919147491455,0.006170634180307388,0.0014510005712509155,0.021090907976031303,,
36931,1.0,1024,empirical_selective,cuda,0.006142081692814827,0.0017575714737176895,0.002613438293337822,0.0023044664412736893,,0.010479655116796494,,0.05183844082057476,0.02332572266459465,0.0030501019209623337
36931,1.0,1024,certified_fallback,cuda,0.006142081692814827,0.0017575714737176895,0.002613438293337822,0.002283236011862755,,0.006192183122038841,,0.04442539066076279,0.02332572266459465,0.0
36931,1.0,1024,fine_mc,cpu,0.006249643862247467,0.00165461003780365,0.002691717818379402,0.027327872812747955,0.0,0.0,0.0012712180614471436,0.03971592150628567,,
37012,0.0,256,fine_mc,cuda,0.005632597953081131,0.02181277424097061,0.0008622556924819946,0.0010785367339849472,0.0010374399423599243,0.0048520248383283615,0.00042666494846343994,0.03525857627391815,,
37012,0.0,256,empirical_selective,cuda,0.005632597953081131,0.02181277424097061,0.0008622556924819946,0.0009690262377262115,,0.004530753940343857,,0.04032408073544502,0.004901012405753136,0.0006746556609869003
37012,0.0,256,certified_fallback,cuda,0.005632597953081131,0.02181277424097061,0.0008622556924819946,0.0008800961077213287,,0.004610804840922356,,0.039555881172418594,0.004901012405753136,0.0
37012,0.0,256,fine_mc,cpu,0.0044010598212480545,0.02173234149813652,0.0007224157452583313,0.006257310509681702,0.0,0.0,0.000390712171792984,0.03388104401528835,,
37012,0.0,1024,fine_mc,cuda,0.005191795527935028,0.10043499432504177,0.0025344956666231155,0.002281585708260536,0.002248512029647827,0.01053142361342907,0.0014203302562236786,0.12298830226063728,,
37012,0.0,1024,empirical_selective,cuda,0.005191795527935028,0.10043499432504177,0.0025344956666231155,0.002289503812789917,,0.011318940669298172,,0.14616745337843895,0.0191522054374218,0.0031368713825941086
37012,0.0,1024,certified_fallback,cuda,0.005191795527935028,0.10043499432504177,0.0025344956666231155,0.0023191887885332108,,0.006238875910639763,,0.1379514280706644,0.0191522054374218,0.0
37012,0.0,1024,fine_mc,cpu,0.0044631920754909515,0.16212853603065014,0.0028563104569911957,0.03642747364938259,0.0,0.0,0.0013288501650094986,0.2076164335012436,,
37012,0.15,256,fine_mc,cuda,0.005140896886587143,0.022592388093471527,0.0008403751999139786,0.0010018553584814072,0.0009650880098342895,0.001729622483253479,0.0004353132098913193,0.03230709582567215,,
37012,0.15,256,empirical_selective,cuda,0.005140896886587143,0.022592388093471527,0.0008403751999139786,0.0009482689201831818,,0.0016183443367481232,,0.037671782076358795,0.004896283149719238,0.0006858836859464645
37012,0.15,256,certified_fallback,cuda,0.005140896886587143,0.022592388093471527,0.0008403751999139786,0.0008742157369852066,,0.0016531404107809067,,0.03690720908343792,0.004896283149719238,0.0
37012,0.15,256,fine_mc,cpu,0.006347956135869026,0.024526191875338554,0.0007186941802501678,0.006465565413236618,0.0,0.0,0.00046519190073013306,0.038850901648402214,,
37012,0.15,1024,fine_mc,cuda,0.005588388070464134,0.11267810873687267,0.0031094495207071304,0.002296457067131996,0.0022586240768432617,0.011005718261003494,0.0014328602701425552,0.13666672632098198,,
37012,0.15,1024,empirical_selective,cuda,0.005588388070464134,0.11267810873687267,0.0031094495207071304,0.00228249654173851,,0.010709032416343689,,0.15995045937597752,0.02070479467511177,0.0028014201670885086
37012,0.15,1024,certified_fallback,cuda,0.005588388070464134,0.11267810873687267,0.0031094495207071304,0.002277463674545288,,0.006189340725541115,,0.15256483852863312,0.02070479467511177,0.0
37012,0.15,1024,fine_mc,cpu,0.005114344879984856,0.17411153763532639,0.002636851742863655,0.026756595820188522,0.0,0.0,0.0012937802821397781,0.2102759052067995,,
37012,1.0,256,fine_mc,cuda,0.0060842931270599365,0.0006400160491466522,0.0005975645035505295,0.0009019970893859863,0.0008707519769668579,0.004484439268708229,0.0003896113485097885,0.013550546020269394,,
37012,1.0,256,empirical_selective,cuda,0.0060842931270599365,0.0006400160491466522,0.0005975645035505295,0.0009298678487539291,,0.004496971145272255,,0.019257046282291412,0.004904905334115028,0.0007089842110872269
37012,1.0,256,certified_fallback,cuda,0.0060842931270599365,0.0006400160491466522,0.0005975645035505295,0.0009988881647586823,,0.004781633615493774,,0.018819302320480347,0.004904905334115028,0.0
37012,1.0,256,fine_mc,cpu,0.006176093593239784,0.0004989746958017349,0.0005921944975852966,0.006185092031955719,0.0,0.0,0.0003316327929496765,0.014097830280661583,,
37012,1.0,1024,fine_mc,cuda,0.006217634305357933,0.0018409937620162964,0.002878790721297264,0.0022870171815156937,0.0022515840530395507,0.012202339246869087,0.0014497917145490646,0.02747204527258873,,
37012,1.0,1024,empirical_selective,cuda,0.006217634305357933,0.0018409937620162964,0.002878790721297264,0.0023605357855558395,,0.00587526336312294,,0.04661756008863449,0.022234557196497917,0.002823909744620323
37012,1.0,1024,certified_fallback,cuda,0.006217634305357933,0.0018409937620162964,0.002878790721297264,0.002278665080666542,,0.005772387608885765,,0.043210336938500404,0.022234557196497917,0.0
37012,1.0,1024,fine_mc,cpu,0.00805288553237915,0.0015270113945007324,0.0025957804173231125,0.03170466236770153,0.0,0.0,0.0011600181460380554,0.04548952542245388,,
37093,0.0,256,fine_mc,cuda,0.005425240844488144,0.021924152970314026,0.0007576253265142441,0.0010180585086345673,0.000979744017124176,0.001721791923046112,0.0004269629716873169,0.03182429075241089,,
37093,0.0,256,empirical_selective,cuda,0.005425240844488144,0.021924152970314026,0.0007576253265142441,0.0009438078850507736,,0.001641901209950447,,0.03736406937241554,0.004919903352856636,0.0007770862430334091
37093,0.0,256,certified_fallback,cuda,0.005425240844488144,0.021924152970314026,0.0007576253265142441,0.0008951667696237564,,0.0016412828117609024,,0.03640071116387844,0.004919903352856636,0.0
37093,0.0,256,fine_mc,cpu,0.004729090258479118,0.020717374980449677,0.0009814165532588959,0.006446942687034607,0.0,0.0,0.00032056495547294617,0.033517634496092796,,
37093,0.0,1024,fine_mc,cuda,0.004457680508494377,0.10285256989300251,0.003058331087231636,0.002283915877342224,0.002251456022262573,0.009363586083054543,0.001448100432753563,0.12409918755292892,,
37093,0.0,1024,empirical_selective,cuda,0.004457680508494377,0.10285256989300251,0.003058331087231636,0.0022867564111948013,,0.011218717321753502,,0.15363089554011822,0.024696582928299904,0.0030517224222421646
37093,0.0,1024,certified_fallback,cuda,0.004457680508494377,0.10285256989300251,0.003058331087231636,0.002307996153831482,,0.006043670699000359,,0.1454151440411806,0.024696582928299904,0.0
37093,0.0,1024,fine_mc,cpu,0.0044699013233184814,0.1602482907474041,0.002789609134197235,0.032759301364421844,0.0,0.0,0.0012704096734523773,0.20191977731883526,,
37093,0.15,256,fine_mc,cuda,0.005167016759514809,0.023181963711977005,0.0009904690086841583,0.0010407473891973495,0.0009998720288276672,0.004597732797265053,0.00041059404611587524,0.03598238341510296,,
37093,0.15,256,empirical_selective,cuda,0.005167016759514809,0.023181963711977005,0.0009904690086841583,0.0009344052523374557,,0.0045936014503240585,,0.04142982140183449,0.00492098368704319,0.0005702245980501175
37093,0.15,256,certified_fallback,cuda,0.005167016759514809,0.023181963711977005,0.0009904690086841583,0.0009292792528867722,,0.004511522129178047,,0.040552714839577675,0.00492098368704319,0.0
37093,0.15,256,fine_mc,cpu,0.005121983587741852,0.02317924238741398,0.0007061045616865158,0.006146404892206192,0.0,0.0,0.00032801926136016846,0.03581167012453079,,
37093,0.15,1024,fine_mc,cuda,0.005997719243168831,0.11198906414210796,0.003206610679626465,0.002282615751028061,0.0022500479221343995,0.011075478047132492,0.0014416500926017761,0.13656826689839363,,
37093,0.15,1024,empirical_selective,cuda,0.005997719243168831,0.11198906414210796,0.003206610679626465,0.002286987379193306,,0.010965116322040558,,0.1653324980288744,0.0260661318898201,0.0028306301683187485
37093,0.15,1024,certified_fallback,cuda,0.005997719243168831,0.11198906414210796,0.003206610679626465,0.002284388989210129,,0.006147822365164757,,0.1582252811640501,0.0260661318898201,0.0
37093,0.15,1024,fine_mc,cpu,0.005648648366332054,0.1707512866705656,0.0024557355791330338,0.029373103752732277,0.0,0.0,0.0012720189988613129,0.2098895777016878,,
37093,1.0,256,fine_mc,cuda,0.006351586431264877,0.0007405951619148254,0.0006522461771965027,0.0009431149810552597,0.0009080320000648498,0.004621339961886406,0.000398050993680954,0.014164367690682411,,
37093,1.0,256,empirical_selective,cuda,0.006351586431264877,0.0007405951619148254,0.0006522461771965027,0.0009385962039232254,,0.004572933539748192,,0.020201999694108963,0.005379728972911835,0.0006296839565038681
37093,1.0,256,certified_fallback,cuda,0.006351586431264877,0.0007405951619148254,0.0006522461771965027,0.0009390544146299362,,0.004636295139789581,,0.019514797255396843,0.005379728972911835,0.0
37093,1.0,256,fine_mc,cpu,0.006079651415348053,0.0004507247358560562,0.0005846824496984482,0.006404105573892593,0.0,0.0,0.00030707381665706635,0.014129210263490677,,
37093,1.0,1024,fine_mc,cuda,0.008323946967720985,0.0017627831548452377,0.0024539660662412643,0.0023044757544994354,0.0022646079063415527,0.010807396844029427,0.0014875493943691254,0.027758153155446053,,
37093,1.0,1024,empirical_selective,cuda,0.008323946967720985,0.0017627831548452377,0.0024539660662412643,0.002285407856106758,,0.005747387185692787,,0.0452406145632267,0.01996126025915146,0.002677489072084427
37093,1.0,1024,certified_fallback,cuda,0.008323946967720985,0.0017627831548452377,0.0024539660662412643,0.0022853966802358627,,0.006141494959592819,,0.043253082782030106,0.01996126025915146,0.0
37093,1.0,1024,fine_mc,cpu,0.0064212363213300705,0.0014705993235111237,0.0026328396052122116,0.025286896154284477,0.0,0.0,0.0012587383389472961,0.037441106513142586,,
37175,0.0,256,fine_mc,cuda,0.004253989085555077,0.02059684321284294,0.0010731462389230728,0.0014447476714849472,0.0013770560026168824,0.004603322595357895,0.0005151648074388504,0.03319600410759449,,
37175,0.0,256,empirical_selective,cuda,0.004253989085555077,0.02059684321284294,0.0010731462389230728,0.0009263865649700165,,0.0015701819211244583,,0.03494271636009216,0.004992583766579628,0.0005979724228382111
37175,0.0,256,certified_fallback,cuda,0.004253989085555077,0.02059684321284294,0.0010731462389230728,0.0009114034473896027,,0.0016886480152606964,,0.03436747193336487,0.004992583766579628,0.0
37175,0.0,256,fine_mc,cpu,0.004367262125015259,0.02119920775294304,0.0006974563002586365,0.006286444142460823,0.0,0.0,0.0003236532211303711,0.033209044486284256,,
37175,0.0,1024,fine_mc,cuda,0.004470421001315117,0.10340312495827675,0.0026436280459165573,0.0022922679781913757,0.002252511978149414,0.010618906468153,0.0014852210879325867,0.12556123919785023,,
37175,0.0,1024,empirical_selective,cuda,0.004470421001315117,0.10340312495827675,0.0026436280459165573,0.0022902358323335648,,0.011292161419987679,,0.15055602602660656,0.021623531356453896,0.00269978865981102
37175,0.0,1024,certified_fallback,cuda,0.004470421001315117,0.10340312495827675,0.0026436280459165573,0.0023010950535535812,,0.0061509329825639725,,0.14263086766004562,0.021623531356453896,0.0
37175,0.0,1024,fine_mc,cpu,0.004500871524214745,0.1651607360690832,0.0029912088066339493,0.03233000449836254,0.0,0.0,0.0013853609561920166,0.20676795579493046,,
37175,0.15,256,fine_mc,cuda,0.005121216177940369,0.022395487874746323,0.0009595490992069244,0.001038387417793274,0.0009974079728126525,0.0049719251692295074,0.00044505298137664795,0.035565098747611046,,
37175,0.15,256,empirical_selective,cuda,0.005121216177940369,0.022395487874746323,0.0009595490992069244,0.0013575199991464615,,0.0050030723214149475,,0.043843576684594154,0.006867868825793266,0.0007885247468948364
37175,0.15,256,certified_fallback,cuda,0.005121216177940369,0.022395487874746323,0.0009595490992069244,0.001292940229177475,,0.005074925720691681,,0.04284068010747433,0.006867868825793266,0.0
37175,0.15,256,fine_mc,cpu,0.005087167024612427,0.027689343318343163,0.0006905030459165573,0.007085898891091347,0.0,0.0,0.0003425329923629761,0.041222138330340385,,
37175,0.15,1024,fine_mc,cuda,0.005154736340045929,0.12760281190276146,0.0025983788073062897,0.002299424260854721,0.002262752056121826,0.005692310631275177,0.0014825519174337387,0.1453908383846283,,
37175,0.15,1024,empirical_selective,cuda,0.005154736340045929,0.12760281190276146,0.0025983788073062897,0.0022827833890914917,,0.010779686272144318,,0.18081404455006123,0.02649206481873989,0.0032646842300891876
37175,0.15,1024,certified_fallback,cuda,0.005154736340045929,0.12760281190276146,0.0025983788073062897,0.0022945161908864975,,0.006169594824314117,,0.17259633541107178,0.02649206481873989,0.0
37175,0.15,1024,fine_mc,cpu,0.005199728533625603,0.17892379127442837,0.0024751368910074234,0.03247794881463051,0.0,0.0,0.0014172103255987167,0.2208750583231449,,
37175,1.0,256,fine_mc,cuda,0.007473219186067581,0.0007402431219816208,0.001614810898900032,0.0011441875249147415,0.001105023980140686,0.005241129547357559,0.0006595347076654434,0.01741420291364193,,
37175,1.0,256,empirical_selective,cuda,0.007473219186067581,0.0007402431219816208,0.001614810898900032,0.0009633395820856094,,0.0016031917184591293,,0.01947294920682907,0.0055114272981882095,0.0006296448409557343
37175,1.0,256,certified_fallback,cuda,0.007473219186067581,0.0007402431219816208,0.001614810898900032,0.0009464267641305923,,0.0018459167331457138,,0.01899140141904354,0.0055114272981882095,0.0
37175,1.0,256,fine_mc,cpu,0.006089001893997192,0.0004973951727151871,0.0006040260195732117,0.006973939016461372,0.0,0.0,0.00034377165138721466,0.014808105304837227,,
37175,1.0,1024,fine_mc,cuda,0.006121033802628517,0.0019452814012765884,0.0025265999138355255,0.0022900961339473724,0.0022532799243927004,0.006096452474594116,0.001444729045033455,0.02100938744843006,,
37175,1.0,1024,empirical_selective,cuda,0.006121033802628517,0.0019452814012765884,0.0025265999138355255,0.002289785072207451,,0.010030629113316536,,0.0526232086122036,0.024540504440665245,0.003085380420088768
37175,1.0,1024,certified_fallback,cuda,0.006121033802628517,0.0019452814012765884,0.0025265999138355255,0.0022785551846027374,,0.005854692310094833,,0.04528830759227276,0.024540504440665245,0.0
37175,1.0,1024,fine_mc,cpu,0.007309412583708763,0.0018120519816875458,0.0028776712715625763,0.0315345898270607,0.0,0.0,0.0013951808214187622,0.04529592767357826,,
37256,0.0,256,fine_mc,cuda,0.004234330728650093,0.02803143672645092,0.0008186958730220795,0.0010455586016178131,0.0010061119794845582,0.004623543471097946,0.0004237927496433258,0.03985002823174,,
37256,0.0,256,empirical_selective,cuda,0.004234330728650093,0.02803143672645092,0.0008186958730220795,0.0009946860373020172,,0.004708573222160339,,0.04579286836087704,0.005040455609560013,0.0009095091372728348
37256,0.0,256,certified_fallback,cuda,0.004234330728650093,0.02803143672645092,0.0008186958730220795,0.0009420644491910934,,0.005215086042881012,,0.04528888501226902,0.005040455609560013,0.0
37256,0.0,256,fine_mc,cpu,0.0043211691081523895,0.028124786913394928,0.0007937755435705185,0.007968675345182419,0.0,0.0,0.0004105251282453537,0.042091308161616325,,
37256,0.0,1024,fine_mc,cuda,0.004679853096604347,0.11508740670979023,0.0028022807091474533,0.0022776350378990173,0.00224617600440979,0.01088406890630722,0.001427220180630684,0.1378562543541193,,
37256,0.0,1024,empirical_selective,cuda,0.004679853096604347,0.11508740670979023,0.0028022807091474533,0.002355208620429039,,0.01064794510602951,,0.1640100870281458,0.023333661258220673,0.0027148891240358353
37256,0.0,1024,certified_fallback,cuda,0.004679853096604347,0.11508740670979023,0.0028022807091474533,0.002288736402988434,,0.005889981985092163,,0.15623246319592,0.023333661258220673,0.0
37256,0.0,1024,fine_mc,cpu,0.004616491496562958,0.18885317258536816,0.0027638599276542664,0.040185242891311646,0.0,0.0,0.001330079510807991,0.23821858130395412,,
37256,0.15,256,fine_mc,cuda,0.006379384547472,0.03155685216188431,0.0007896255701780319,0.0009930375963449478,0.0009558079838752747,0.0016886182129383087,0.00045212358236312866,0.042533157393336296,,
37256,0.15,256,empirical_selective,cuda,0.006379384547472,0.03155685216188431,0.0007896255701780319,0.0009263753890991211,,0.0015801303088665009,,0.047895049676299095,0.004929795861244202,0.0006985627114772797
37256,0.15,256,certified_fallback,cuda,0.006379384547472,0.03155685216188431,0.0007896255701780319,0.0008987560868263245,,0.0017290562391281128,,0.04719872400164604,0.004929795861244202,0.0
37256,0.15,256,fine_mc,cpu,0.006925661116838455,0.024905892089009285,0.0006820540875196457,0.006415415555238724,0.0,0.0,0.0003175511956214905,0.03968672640621662,,
37256,0.15,1024,fine_mc,cuda,0.0056145079433918,0.11768365278840065,0.0028038285672664642,0.0023006871342658997,0.002261120080947876,0.010119177401065826,0.0014643706381320953,0.14074910432100296,,
37256,0.15,1024,empirical_selective,cuda,0.0056145079433918,0.11768365278840065,0.0028038285672664642,0.002284407615661621,,0.006038520485162735,,0.1621465254575014,0.022033262997865677,0.003017392009496689
37256,0.15,1024,certified_fallback,cuda,0.0056145079433918,0.11768365278840065,0.0028038285672664642,0.0022948365658521652,,0.00699835829436779,,0.15996593981981277,0.022033262997865677,0.0
37256,0.15,1024,fine_mc,cpu,0.005142895504832268,0.16785862296819687,0.0028928816318511963,0.03113928809762001,0.0,0.0,0.0012819096446037292,0.20884856395423412,,
37256,1.0,256,fine_mc,cuda,0.006039531901478767,0.0006387550383806229,0.0006620548665523529,0.0008869487792253494,0.0008572160005569458,0.0016508903354406357,0.0004002116620540619,0.010816695168614388,,
37256,1.0,256,empirical_selective,cuda,0.006039531901478767,0.0006387550383806229,0.0006620548665523529,0.0018485747277736664,,0.001732170581817627,,0.020383983850479126,0.007624294608831406,0.000680532306432724
37256,1.0,256,certified_fallback,cuda,0.006039531901478767,0.0006387550383806229,0.0006620548665523529,0.0016355440020561218,,0.0017997100949287415,,0.019725657999515533,0.007624294608831406,0.0
37256,1.0,256,fine_mc,cpu,0.006411943584680557,0.0005357172340154648,0.0006338357925415039,0.005923090502619743,0.0,0.0,0.00031547248363494873,0.014238988980650902,,
37256,1.0,1024,fine_mc,cuda,0.006121154874563217,0.0017442330718040466,0.0028847698122262955,0.0022856760770082474,0.0022487359046936034,0.011567169800400734,0.0014314483851194382,0.026725968345999718,,
37256,1.0,1024,empirical_selective,cuda,0.006121154874563217,0.0017442330718040466,0.0028847698122262955,0.0022903457283973694,,0.005612766370177269,,0.0463547445833683,0.021914733573794365,0.0035926345735788345
37256,1.0,1024,certified_fallback,cuda,0.006121154874563217,0.0017442330718040466,0.0028847698122262955,0.0022857561707496643,,0.005548901855945587,,0.04269632138311863,0.021914733573794365,0.0
37256,1.0,1024,fine_mc,cpu,0.006306493654847145,0.0012903697788715363,0.002640301361680031,0.025235414505004883,0.0,0.0,0.001303328201174736,0.037236979231238365,,
37337,0.0,256,fine_mc,cuda,0.004257190972566605,0.021176787093281746,0.0010374486446380615,0.001267068088054657,0.0012243200540542603,0.005222778767347336,0.0006984826177358627,0.03445256128907204,,
37337,0.0,256,empirical_selective,cuda,0.004257190972566605,0.021176787093281746,0.0010374486446380615,0.0011141598224639893,,0.0015804488211870193,,0.03581702895462513,0.004915483295917511,0.0005894247442483902
37337,0.0,256,certified_fallback,cuda,0.004257190972566605,0.021176787093281746,0.0010374486446380615,0.000913647934794426,,0.001569058746099472,,0.034786103293299675,0.004915483295917511,0.0
37337,0.0,256,fine_mc,cpu,0.004967965185642242,0.021497301757335663,0.0007164962589740753,0.00599292479455471,0.0,0.0,0.0003364402800798416,0.033926691859960556,,
37337,0.0,1024,fine_mc,cuda,0.004338718950748444,0.10528232716023922,0.0028071291744709015,0.0022899080067873,0.00225382399559021,0.010039819404482841,0.0014305301010608673,0.12691119499504566,,
37337,0.0,1024,empirical_selective,cuda,0.004338718950748444,0.10528232716023922,0.0028071291744709015,0.002326926216483116,,0.009773751720786095,,0.15658127143979073,0.026250503957271576,0.00358673557639122
37337,0.0,1024,certified_fallback,cuda,0.004338718950748444,0.10528232716023922,0.0028071291744709015,0.002283303067088127,,0.005659263581037521,,0.14903557859361172,0.026250503957271576,0.0
37337,0.0,1024,fine_mc,cpu,0.004605181515216827,0.16593487933278084,0.0028554312884807587,0.032685618847608566,0.0,0.0,0.0012834575027227402,0.20786267332732677,,
37337,0.15,256,fine_mc,cuda,0.005114175379276276,0.028245428577065468,0.0009251032024621964,0.0010012760758399963,0.0009638720154762268,0.0017032120376825333,0.00045692361891269684,0.038108356297016144,,
37337,0.15,256,empirical_selective,cuda,0.005114175379276276,0.028245428577065468,0.0009251032024621964,0.0010042991489171982,,0.0017032511532306671,,0.04458402283489704,0.0054016076028347015,0.0011225752532482147
37337,0.15,256,certified_fallback,cuda,0.005114175379276276,0.028245428577065468,0.0009251032024621964,0.0010739285498857498,,0.0016069021075963974,,0.04345746710896492,0.0054016076028347015,0.0
37337,0.15,256,fine_mc,cpu,0.00558369979262352,0.022927667945623398,0.0008506942540407181,0.006287435069680214,0.0,0.0,0.00033594295382499695,0.03643224574625492,,
37337,0.15,1024,fine_mc,cuda,0.005178716033697128,0.11428651958703995,0.0027875006198883057,0.002295583486557007,0.0022568318843841553,0.009891606867313385,0.0015084519982337952,0.13669275678694248,,
37337,0.15,1024,empirical_selective,cuda,0.005178716033697128,0.11428651958703995,0.0027875006198883057,0.002294376492500305,,0.005494497716426849,,0.15719760954380035,0.02159924991428852,0.0034064743667840958
37337,0.15,1024,certified_fallback,cuda,0.005178716033697128,0.11428651958703995,0.0027875006198883057,0.0022850558161735535,,0.005529347807168961,,0.1538370568305254,0.02159924991428852,0.0
37337,0.15,1024,fine_mc,cpu,0.00524042546749115,0.11748648434877396,0.003087172284722328,0.027322370558977127,0.0,0.0,0.0013126395642757416,0.15492228977382183,,
37337,1.0,256,fine_mc,cuda,0.0076598115265369415,0.000743357464671135,0.0008855760097503662,0.0009110663086175919,0.0008791679739952087,0.0015505608171224594,0.0003867410123348236,0.012672508135437965,,
37337,1.0,256,empirical_selective,cuda,0.0076598115265369415,0.000743357464671135,0.0008855760097503662,0.0009388960897922516,,0.0015548616647720337,,0.01878049038350582,0.005447136238217354,0.0005790125578641891
37337,1.0,256,certified_fallback,cuda,0.0076598115265369415,0.000743357464671135,0.0008855760097503662,0.0009087845683097839,,0.001560647040605545,,0.018100135028362274,0.005447136238217354,0.0
37337,1.0,256,fine_mc,cpu,0.0061241015791893005,0.00036822445690631866,0.0006073359400033951,0.006280634552240372,0.0,0.0,0.0003094226121902466,0.0140736885368824,,
37337,1.0,1024,fine_mc,cuda,0.006121944636106491,0.0017916634678840637,0.0026009175926446915,0.0022932663559913635,0.002262752056121826,0.005629289895296097,0.001429099589586258,0.02052832394838333,,
37337,1.0,1024,empirical_selective,cuda,0.006121944636106491,0.0017916634678840637,0.0026009175926446915,0.0022887252271175385,,0.009706968441605568,,0.05156068131327629,0.023751555010676384,0.0031247809529304504
37337,1.0,1024,certified_fallback,cuda,0.006121944636106491,0.0017916634678840637,0.0026009175926446915,0.0022798050194978714,,0.0055900998413562775,,0.04421916790306568,0.023751555010676384,0.0
37337,1.0,1024,fine_mc,cpu,0.0065303947776556015,0.002444067969918251,0.002774307504296303,0.024707624688744545,0.0,0.0,0.0013358872383832932,0.038271764293313026,,
37418,0.0,256,fine_mc,cuda,0.004220271483063698,0.02135464921593666,0.0009337365627288818,0.001034347340464592,0.000995967984199524,0.004560381174087524,0.00041049346327781677,0.03309236094355583,,
37418,0.0,256,empirical_selective,cuda,0.004220271483063698,0.02135464921593666,0.0009337365627288818,0.0009886287152767181,,0.004976212978363037,,0.03896413557231426,0.004872433841228485,0.0005217138677835464
37418,0.0,256,certified_fallback,cuda,0.004220271483063698,0.02135464921593666,0.0009337365627288818,0.0009373556822538376,,0.0049456823617219925,,0.038124360144138336,0.004872433841228485,0.0
37418,0.0,256,fine_mc,cpu,0.004317380487918854,0.020103612914681435,0.0007582772523164749,0.005945682525634766,0.0,0.0,0.0003208424896001816,0.0317730326205492,,
37418,0.0,1024,fine_mc,cuda,0.004394222050905228,0.10253321565687656,0.0026045795530080795,0.002291165292263031,0.0022625279426574706,0.009674577042460442,0.0014481395483016968,0.12354705482721329,,
37418,0.0,1024,empirical_selective,cuda,0.004394222050905228,0.10253321565687656,0.0026045795530080795,0.002287035807967186,,0.009214825928211212,,0.14708678238093853,0.020302802324295044,0.003653205931186676
37418,0.0,1024,certified_fallback,cuda,0.004394222050905228,0.10253321565687656,0.0026045795530080795,0.0022829044610261917,,0.005577651783823967,,0.1396858673542738,0.020302802324295044,0.0
37418,0.0,1024,fine_mc,cpu,0.004491021856665611,0.16587601974606514,0.0027237702161073685,0.03184690326452255,0.0,0.0,0.0012530982494354248,0.2065880447626114,,
37418,0.15,256,fine_mc,cuda,0.005295649170875549,0.023491162806749344,0.0009589772671461105,0.0011097192764282227,0.0010720000267028808,0.0016414690762758255,0.00042540207505226135,0.033522794023156166,,
37418,0.15,256,empirical_selective,cuda,0.005295649170875549,0.023491162806749344,0.0009589772671461105,0.0009459853172302246,,0.0015786681324243546,,0.03884781897068024,0.005015967413783073,0.000600883737206459
37418,0.15,256,certified_fallback,cuda,0.005295649170875549,0.023491162806749344,0.0009589772671461105,0.0009412448853254318,,0.001572960987687111,,0.038719091564416885,0.005015967413783073,0.0
37418,0.15,256,fine_mc,cpu,0.005044184625148773,0.02218671329319477,0.0008422769606113434,0.005631629377603531,0.0,0.0,0.00031928159296512604,0.034348707646131516,,
37418,0.15,1024,fine_mc,cuda,0.004974303767085075,0.11219609342515469,0.0025188177824020386,0.0023250747472047806,0.002272671937942505,0.009655503556132317,0.0014449302107095718,0.13381576538085938,,
37418,0.15,1024,empirical_selective,cuda,0.004974303767085075,0.11219609342515469,0.0025188177824020386,0.0023283474147319794,,0.009864021092653275,,0.158870542421937,0.021535510197281837,0.0031003206968307495
37418,0.15,1024,certified_fallback,cuda,0.004974303767085075,0.11219609342515469,0.0025188177824020386,0.0022859442979097366,,0.005543336272239685,,0.15109852515161037,0.021535510197281837,0.0
37418,0.15,1024,fine_mc,cpu,0.00518522784113884,0.18233811669051647,0.0032047145068645477,0.02907470427453518,0.0,0.0,0.001287488266825676,0.2215148415416479,,
37418,1.0,256,fine_mc,cuda,0.006055891513824463,0.000609174370765686,0.0006402339786291122,0.0008895657956600189,0.0008597120046615601,0.0015458408743143082,0.0004116818308830261,0.010606011375784874,,
37418,1.0,256,empirical_selective,cuda,0.006055891513824463,0.000609174370765686,0.0006402339786291122,0.0011345688253641129,,0.0016199201345443726,,0.017939625307917595,0.006184564903378487,0.0006323941051959991
37418,1.0,256,certified_fallback,cuda,0.006055891513824463,0.000609174370765686,0.0006402339786291122,0.0009037032723426819,,0.001575808972120285,,0.016809586435556412,0.006184564903378487,0.0
37418,1.0,256,fine_mc,cpu,0.006218211725354195,0.00036166422069072723,0.0006226729601621628,0.005979612469673157,0.0,0.0,0.0003171544522047043,0.01379583403468132,,
37418,1.0,1024,fine_mc,cuda,0.006140552461147308,0.0020749159157276154,0.0023254361003637314,0.0022893156856298447,0.0022546238899230956,0.00566236674785614,0.0014341101050376892,0.02052362449467182,,
37418,1.0,1024,empirical_selective,cuda,0.006140552461147308,0.0020749159157276154,0.0023254361003637314,0.0023009758442640305,,0.009784728288650513,,0.049043215811252594,0.021451760083436966,0.0028547532856464386
37418,1.0,1024,certified_fallback,cuda,0.006140552461147308,0.0020749159157276154,0.0023254361003637314,0.0022865161299705505,,0.005592262372374535,,0.04189141467213631,0.021451760083436966,0.0
37418,1.0,1024,fine_mc,cpu,0.006352003663778305,0.001950455829501152,0.0024706684052944183,0.025548970326781273,0.0,0.0,0.00148116797208786,0.03824196942150593,,
37499,0.0,256,fine_mc,cuda,0.004210520535707474,0.02106281742453575,0.000840846449136734,0.001477319747209549,0.001430176019668579,0.004859933629631996,0.0005832146853208542,0.0337308868765831,,
37499,0.0,256,empirical_selective,cuda,0.004210520535707474,0.02106281742453575,0.000840846449136734,0.0009908955544233322,,0.004548650234937668,,0.038836630061268806,0.005611317232251167,0.0006171427667140961
37499,0.0,256,certified_fallback,cuda,0.004210520535707474,0.02106281742453575,0.000840846449136734,0.0009914860129356384,,0.0045753419399261475,,0.03813418559730053,0.005611317232251167,0.0
37499,0.0,256,fine_mc,cpu,0.004315519705414772,0.020551256835460663,0.0007300842553377151,0.005953911691904068,0.0,0.0,0.00031671300530433655,0.032196588814258575,,
37499,0.0,1024,fine_mc,cuda,0.004376901313662529,0.10485643520951271,0.0026382971554994583,0.0023297350853681564,0.0022938239574432375,0.009764937683939934,0.0016226135194301605,0.12629207223653793,,
37499,0.0,1024,empirical_selective,cuda,0.004376901313662529,0.10485643520951271,0.0026382971554994583,0.0022899359464645386,,0.009276853874325752,,0.151650320738554,0.022803448140621185,0.003330981358885765
37499,0.0,1024,certified_fallback,cuda,0.004376901313662529,0.10485643520951271,0.0026382971554994583,0.002290116623044014,,0.005631512030959129,,0.1448393017053604,0.022803448140621185,0.0
37499,0.0,1024,fine_mc,cpu,0.004646003246307373,0.15931638330221176,0.002747839316725731,0.024138368666172028,0.0,0.0,0.001298747956752777,0.19254315830767155,,
37499,0.15,256,fine_mc,cuda,0.0051468368619680405,0.023889977484941483,0.0007127337157726288,0.0010591764003038406,0.0010189759731292726,0.0046953074634075165,0.00045421160757541656,0.036530107259750366,,
37499,0.15,256,empirical_selective,cuda,0.0051468368619680405,0.023889977484941483,0.0007127337157726288,0.0011956579983234406,,0.004877664148807526,,0.043278660625219345,0.004968924447894096,0.0007239151746034622
37499,0.15,256,certified_fallback,cuda,0.0051468368619680405,0.023889977484941483,0.0007127337157726288,0.0009295046329498291,,0.004600388929247856,,0.041202228516340256,0.004968924447894096,0.0
37499,0.15,256,fine_mc,cpu,0.005976321175694466,0.022854570299386978,0.0006775129586458206,0.006085572764277458,0.0,0.0,0.0003270357847213745,0.03625154867768288,,
37499,0.15,1024,fine_mc,cuda,0.005295265465974808,0.11337844468653202,0.002925761044025421,0.002288529649376869,0.0022527360916137695,0.009148703888058662,0.0014608725905418396,0.13508439622819424,,
37499,0.15,1024,empirical_selective,cuda,0.005295265465974808,0.11337844468653202,0.002925761044025421,0.002306196838617325,,0.009414376690983772,,0.16362754628062248,0.024581491947174072,0.003589525818824768
37499,0.15,1024,certified_fallback,cuda,0.005295265465974808,0.11337844468653202,0.002925761044025421,0.002285916358232498,,0.005633627995848656,,0.15608342178165913,0.024581491947174072,0.0
37499,0.15,1024,fine_mc,cpu,0.005417266860604286,0.17687204666435719,0.002760099247097969,0.02606073021888733,0.0,0.0,0.0013253483921289444,0.2128442171961069,,
37499,1.0,256,fine_mc,cuda,0.006087601184844971,0.0007501468062400818,0.0010006781667470932,0.000912616029381752,0.0008837119936943055,0.0016052983701229095,0.0004030447453260422,0.011216877028346062,,
37499,1.0,256,empirical_selective,cuda,0.006087601184844971,0.0007501468062400818,0.0010006781667470932,0.0009568780660629272,,0.0016282014548778534,,0.017471030354499817,0.00548555888235569,0.0006606653332710266
37499,1.0,256,certified_fallback,cuda,0.006087601184844971,0.0007501468062400818,0.0010006781667470932,0.0008831359446048737,,0.0016187522560358047,,0.0166451558470726,0.00548555888235569,0.0
37499,1.0,256,fine_mc,cpu,0.006341256201267242,0.0004864167422056198,0.000555695965886116,0.005991412326693535,0.0,0.0,0.0003217533230781555,0.01398644782602787,,
37499,1.0,1024,fine_mc,cuda,0.00608956441283226,0.0021152570843696594,0.0024572480469942093,0.00230400450527668,0.0022695679664611816,0.005774660035967827,0.0014470536261796951,0.02083423361182213,,
37499,1.0,1024,empirical_selective,cuda,0.00608956441283226,0.0021152570843696594,0.0024572480469942093,0.0022979751229286194,,0.010090397670865059,,0.049412183463573456,0.020846916362643242,0.0033436641097068787
37499,1.0,1024,certified_fallback,cuda,0.00608956441283226,0.0021152570843696594,0.0024572480469942093,0.0023051761090755463,,0.005686400458216667,,0.04159889928996563,0.020846916362643242,0.0
37499,1.0,1024,fine_mc,cpu,0.006215853616595268,0.0016778521239757538,0.0023004766553640366,0.02371787466108799,0.0,0.0,0.001262277364730835,0.035533607006073,,
37581,0.0,256,fine_mc,cuda,0.0042628999799489975,0.020468592643737793,0.0007355138659477234,0.0010308753699064255,0.0009907519817352296,0.004570074379444122,0.0004302617162466049,0.032085245475172997,,
37581,0.0,256,empirical_selective,cuda,0.0042628999799489975,0.020468592643737793,0.0007355138659477234,0.001008717343211174,,0.004868095740675926,,0.037753742188215256,0.004839364439249039,0.0006340928375720978
37581,0.0,256,certified_fallback,cuda,0.0042628999799489975,0.020468592643737793,0.0007355138659477234,0.0010807979851961136,,0.004623834043741226,,0.036901867017149925,0.004839364439249039,0.0
37581,0.0,256,fine_mc,cpu,0.005732007324695587,0.02242147922515869,0.0007522162050008774,0.0064933449029922485,0.0,0.0,0.000392841175198555,0.036211730912327766,,
37581,0.0,1024,fine_mc,cuda,0.00531831756234169,0.10327382385730743,0.0026715602725744247,0.0022855661809444427,0.002251904010772705,0.009521586820483208,0.0014590192586183548,0.1251465156674385,,
37581,0.0,1024,empirical_selective,cuda,0.00531831756234169,0.10327382385730743,0.0026715602725744247,0.0023005660623311996,,0.01003822311758995,,0.14961366541683674,0.02052454464137554,0.0034119244664907455
37581,0.0,1024,certified_fallback,cuda,0.00531831756234169,0.10327382385730743,0.0026715602725744247,0.002288535237312317,,0.005650479346513748,,0.1419406533241272,0.02052454464137554,0.0
37581,0.0,1024,fine_mc,cpu,0.00450771301984787,0.166816808283329,0.0028328802436590195,0.030831515789031982,0.0,0.0,0.0012949798256158829,0.20668177492916584,,
37581,0.15,256,fine_mc,cuda,0.00594044104218483,0.02420007809996605,0.0010585281997919083,0.0012844167649745941,0.0012376320362091065,0.005244184285402298,0.00042126327753067017,0.03898507356643677,,
37581,0.15,256,empirical_selective,cuda,0.00594044104218483,0.02420007809996605,0.0010585281997919083,0.0009739752858877182,,0.005169328302145004,,0.044975774362683296,0.006026912480592728,0.0005554631352424622
37581,0.15,256,certified_fallback,cuda,0.00594044104218483,0.02420007809996605,0.0010585281997919083,0.0010216068476438522,,0.004796354100108147,,0.04395817965269089,0.006026912480592728,0.0
37581,0.15,256,fine_mc,cpu,0.0050238873809576035,0.023494534194469452,0.0008482951670885086,0.0062459539622068405,0.0,0.0,0.0003109518438577652,0.036255042999982834,,
37581,0.15,1024,fine_mc,cuda,0.004729213193058968,0.1156415082514286,0.00251113623380661,0.002277243882417679,0.0022450881004333497,0.009918587282299995,0.00142705999314785,0.13713988848030567,,
37581,0.15,1024,empirical_selective,cuda,0.004729213193058968,0.1156415082514286,0.00251113623380661,0.0022960547357797623,,0.010113570839166641,,0.1623647566884756,0.02161201275885105,0.003412822261452675
37581,0.15,1024,certified_fallback,cuda,0.004729213193058968,0.1156415082514286,0.00251113623380661,0.0022831670939922333,,0.005667189136147499,,0.15471531450748444,0.02161201275885105,0.0
37581,0.15,1024,fine_mc,cpu,0.005110016092658043,0.11877260357141495,0.002489997074007988,0.029176853597164154,0.0,0.0,0.001585761085152626,0.15756330080330372,,
37581,1.0,256,fine_mc,cuda,0.006552314385771751,0.0006131138652563095,0.0006353240460157394,0.0008864663541316986,0.0008568639755249023,0.0015620216727256775,0.000407293438911438,0.011120738461613655,,
37581,1.0,256,empirical_selective,cuda,0.006552314385771751,0.0006131138652563095,0.0006353240460157394,0.0009439866989850998,,0.00157850980758667,,0.016927378252148628,0.004751691594719887,0.0009217280894517899
37581,1.0,256,certified_fallback,cuda,0.006552314385771751,0.0006131138652563095,0.0006353240460157394,0.0009008981287479401,,0.001538233831524849,,0.015822989866137505,0.004751691594719887,0.0
37581,1.0,256,fine_mc,cpu,0.006029771640896797,0.00036975182592868805,0.0005706828087568283,0.005913121625781059,0.0,0.0,0.00032534264028072357,0.01351875439286232,,
37581,1.0,1024,fine_mc,cuda,0.006214803084731102,0.0018960721790790558,0.0025399494916200638,0.0022861771285533905,0.002252671957015991,0.005549626424908638,0.0016217026859521866,0.020735085010528564,,
37581,1.0,1024,empirical_selective,cuda,0.006214803084731102,0.0018960721790790558,0.0025399494916200638,0.0022976845502853394,,0.010060442611575127,,0.051306650042533875,0.02321276254951954,0.0029750894755125046
37581,1.0,1024,certified_fallback,cuda,0.006214803084731102,0.0018960721790790558,0.0025399494916200638,0.0022787172347307205,,0.005552250891923904,,0.04372614622116089,0.02321276254951954,0.0
37581,1.0,1024,fine_mc,cpu,0.007875245064496994,0.001385977491736412,0.0025945566594600677,0.024883855134248734,0.0,0.0,0.001262938603758812,0.03838426060974598,,
37662,0.0,256,fine_mc,cuda,0.0054678767919540405,0.02346191368997097,0.0007120165973901749,0.0010376162827014923,0.0010008000135421752,0.004652181640267372,0.0004469044506549835,0.03656845726072788,,
37662,0.0,256,empirical_selective,cuda,0.0054678767919540405,0.02346191368997097,0.0007120165973901749,0.0009886771440505981,,0.004602640867233276,,0.04161829315125942,0.004795944318175316,0.0006418433040380478
37662,0.0,256,certified_fallback,cuda,0.0054678767919540405,0.02346191368997097,0.0007120165973901749,0.0008970964699983597,,0.004547169432044029,,0.04072000831365585,0.004795944318175316,0.0
37662,0.0,256,fine_mc,cpu,0.004334758967161179,0.02098170667886734,0.0006952360272407532,0.006320124492049217,0.0,0.0,0.0003304220736026764,0.032991182059049606,,
37662,0.0,1024,fine_mc,cuda,0.0044586509466171265,0.10185421258211136,0.0025718379765748978,0.002289867028594017,0.0022545599937438964,0.009708993136882782,0.0014242809265851974,0.12293602898716927,,
37662,0.0,1024,empirical_selective,cuda,0.0044586509466171265,0.10185421258211136,0.0025718379765748978,0.0022827163338661194,,0.009638676419854164,,0.15171206183731556,0.024662183597683907,0.0033365804702043533
37662,0.0,1024,certified_fallback,cuda,0.0044586509466171265,0.10185421258211136,0.0025718379765748978,0.0023190882056951523,,0.0060644205659627914,,0.14405788853764534,0.024662183597683907,0.0
37662,0.0,1024,fine_mc,cpu,0.004531212151050568,0.1732794214040041,0.006003051996231079,0.02516612596809864,0.0,0.0,0.0012206677347421646,0.21057149395346642,,
37662,0.15,256,fine_mc,cuda,0.005111295729875565,0.031315259635448456,0.0008241143077611923,0.0010586082935333252,0.0010208959579467774,0.004757232964038849,0.0004912447184324265,0.044235710054636,,
37662,0.15,256,empirical_selective,cuda,0.005111295729875565,0.031315259635448456,0.0008241143077611923,0.000995604321360588,,0.00458163395524025,,0.049392133951187134,0.005001617595553398,0.0005760546773672104
37662,0.15,256,certified_fallback,cuda,0.005111295729875565,0.031315259635448456,0.0008241143077611923,0.000978626310825348,,0.004444919526576996,,0.04855342023074627,0.005001617595553398,0.0
37662,0.15,256,fine_mc,cpu,0.005037423223257065,0.02378130331635475,0.0007245037704706192,0.006279351189732552,0.0,0.0,0.0003112535923719406,0.03647030517458916,,
37662,0.15,1024,fine_mc,cuda,0.004827843979001045,0.11196593381464481,0.0024987198412418365,0.002287736162543297,0.0022567999362945556,0.010180382058024406,0.0014411788433790207,0.13382185623049736,,
37662,0.15,1024,empirical_selective,cuda,0.004827843979001045,0.11196593381464481,0.0024987198412418365,0.0022870562970638275,,0.010180491954088211,,0.15901810303330421,0.022184496745467186,0.0029920898377895355
37662,0.15,1024,certified_fallback,cuda,0.004827843979001045,0.11196593381464481,0.0024987198412418365,0.0022841952741146088,,0.005745779722929001,,0.15173964016139507,0.022184496745467186,0.0
37662,0.15,1024,fine_mc,cpu,0.0050536952912807465,0.11492697522044182,0.0023959167301654816,0.023676425218582153,0.0,0.0,0.0016582012176513672,0.14821082912385464,,
37662,1.0,256,fine_mc,cuda,0.006381772458553314,0.0006813760846853256,0.0006882753223180771,0.0010950975120067596,0.001061184048652649,0.004857243970036507,0.0004023537039756775,0.014612995088100433,,
37662,1.0,256,empirical_selective,cuda,0.006381772458553314,0.0006813760846853256,0.0006882753223180771,0.0010281279683113098,,0.004776192829012871,,0.020954679697752,0.0057110898196697235,0.0006367936730384827
37662,1.0,256,certified_fallback,cuda,0.006381772458553314,0.0006813760846853256,0.0006882753223180771,0.0010066758841276169,,0.004548709839582443,,0.019897211343050003,0.0057110898196697235,0.0
37662,1.0,256,fine_mc,cpu,0.0063669756054878235,0.0004893317818641663,0.0005790237337350845,0.006158525124192238,0.0,0.0,0.00034309178590774536,0.014257682487368584,,
37662,1.0,1024,fine_mc,cuda,0.006294405087828636,0.0020705144852399826,0.002585478127002716,0.002281367778778076,0.002244287967681885,0.009824421256780624,0.0015048589557409286,0.02522413805127144,,
37662,1.0,1024,empirical_selective,cuda,0.006294405087828636,0.0020705144852399826,0.002585478127002716,0.0022861268371343613,,0.00577378086745739,,0.05066720210015774,0.02629353106021881,0.0033273939043283463
37662,1.0,1024,certified_fallback,cuda,0.006294405087828636,0.0020705144852399826,0.002585478127002716,0.0022932756692171097,,0.012545146048069,,0.05414261668920517,0.02629353106021881,0.0
37662,1.0,1024,fine_mc,cpu,0.0063535962253808975,0.001727283000946045,0.002312956377863884,0.022161034867167473,0.0,0.0,0.0014011915773153305,0.03431144170463085,,
37743,0.0,256,fine_mc,cuda,0.004222201183438301,0.021330658346414566,0.0007130764424800873,0.001316038891673088,0.0012612799406051636,0.0048654451966285706,0.00043477490544319153,0.03345130383968353,,
37743,0.0,256,empirical_selective,cuda,0.004222201183438301,0.021330658346414566,0.0007130764424800873,0.000965585932135582,,0.004557078704237938,,0.03812308795750141,0.00487518310546875,0.0005172044038772583
37743,0.0,256,certified_fallback,cuda,0.004222201183438301,0.021330658346414566,0.0007130764424800873,0.0009643062949180603,,0.004601830616593361,,0.0375296026468277,0.00487518310546875,0.0
37743,0.0,256,fine_mc,cpu,0.00540657714009285,0.024628333747386932,0.0008320361375808716,0.00676104798913002,0.0,0.0,0.00035456568002700806,0.03831544145941734,,
37743,0.0,1024,fine_mc,cuda,0.0045293718576431274,0.10126627050340176,0.0025705676525831223,0.0022943634539842606,0.0022603840827941893,0.010313699021935463,0.0014438200742006302,0.12362740375101566,,
37743,0.0,1024,empirical_selective,cuda,0.0045293718576431274,0.10126627050340176,0.0025705676525831223,0.0022950656712055206,,0.011392099782824516,,0.14788096584379673,0.02040814235806465,0.0032227709889411926
37743,0.0,1024,certified_fallback,cuda,0.0045293718576431274,0.10126627050340176,0.0025705676525831223,0.002282276749610901,,0.00606946274638176,,0.13917914405465126,0.02040814235806465,0.0
37743,0.0,1024,fine_mc,cpu,0.004520999267697334,0.16569091752171516,0.0025990866124629974,0.023629937320947647,0.0,0.0,0.0012728087604045868,0.1980892512947321,,
37743,0.15,256,fine_mc,cuda,0.0051446352154016495,0.024690594524145126,0.0007261764258146286,0.001043638214468956,0.0010003520250320434,0.0048675257712602615,0.0004842430353164673,0.037640513852238655,,
37743,0.15,256,empirical_selective,cuda,0.0051446352154016495,0.024690594524145126,0.0007261764258146286,0.0012022275477647781,,0.004659084603190422,,0.043431542813777924,0.005237225443124771,0.0006509255617856979
37743,0.15,256,certified_fallback,cuda,0.0051446352154016495,0.024690594524145126,0.0007261764258146286,0.000925576314330101,,0.004517752677202225,,0.04210108146071434,0.005237225443124771,0.0
37743,0.15,256,fine_mc,cpu,0.00502825528383255,0.02223125658929348,0.0007659755647182465,0.006207283586263657,0.0,0.0,0.00032094307243824005,0.03488137945532799,,
37743,0.15,1024,fine_mc,cuda,0.005697691813111305,0.11447235010564327,0.0025589074939489365,0.0022810976952314377,0.002247904062271118,0.010704465210437775,0.001432310789823532,0.13775472529232502,,
37743,0.15,1024,empirical_selective,cuda,0.005697691813111305,0.11447235010564327,0.0025589074939489365,0.00229024700820446,,0.010577432811260223,,0.1660973522812128,0.024518461897969246,0.003887135535478592
37743,0.15,1024,certified_fallback,cuda,0.005697691813111305,0.11447235010564327,0.0025589074939489365,0.002307616174221039,,0.00621408224105835,,0.15780296362936497,0.024518461897969246,0.0
37743,0.15,1024,fine_mc,cpu,0.0053938888013362885,0.1724530253559351,0.002721000462770462,0.02897065132856369,0.0,0.0,0.001524200662970543,0.21150843799114227,,
37743,1.0,256,fine_mc,cuda,0.0060614924877882,0.0006250441074371338,0.0006219353526830673,0.0009077973663806915,0.0008763520121574401,0.0016290917992591858,0.0004219226539134979,0.010720474645495415,,
37743,1.0,256,empirical_selective,cuda,0.0060614924877882,0.0006250441074371338,0.0006219353526830673,0.0009594559669494629,,0.0016321036964654922,,0.016310224309563637,0.004918454214930534,0.0005550850182771683
37743,1.0,256,certified_fallback,cuda,0.0060614924877882,0.0006250441074371338,0.0006219353526830673,0.0009582675993442535,,0.004821751266717911,,0.01893286220729351,0.004918454214930534,0.0
37743,1.0,256,fine_mc,cpu,0.007607202976942062,0.00048236362636089325,0.0006589945405721664,0.006334556266665459,0.0,0.0,0.00032017938792705536,0.015736142173409462,,
37743,1.0,1024,fine_mc,cuda,0.006221683695912361,0.0019534341990947723,0.0026358067989349365,0.0022859349846839905,0.0022546238899230956,0.009794216603040695,0.0014282800257205963,0.024931464344263077,,
37743,1.0,1024,empirical_selective,cuda,0.006221683695912361,0.0019534341990947723,0.0026358067989349365,0.0023162569850683212,,0.005986718460917473,,0.044150250032544136,0.02012612111866474,0.0028856899589300156
37743,1.0,1024,certified_fallback,cuda,0.006221683695912361,0.0019534341990947723,0.0026358067989349365,0.002283826470375061,,0.006146883592009544,,0.041325630620121956,0.02012612111866474,0.0
37743,1.0,1024,fine_mc,cpu,0.0062230732291936874,0.0016723833978176117,0.00264698825776577,0.02447548136115074,0.0,0.0,0.0013549886643886566,0.03686216659843922,,
37824,0.0,256,fine_mc,cuda,0.004548579454421997,0.02906528301537037,0.000684766098856926,0.0010596252977848053,0.0010105600357055663,0.004926424473524094,0.0004923921078443527,0.04144456796348095,,
37824,0.0,256,empirical_selective,cuda,0.004548579454421997,0.02906528301537037,0.000684766098856926,0.0012369193136692047,,0.004649180918931961,,0.04739408940076828,0.0056071896106004715,0.0006360039114952087
37824,0.0,256,certified_fallback,cuda,0.004548579454421997,0.02906528301537037,0.000684766098856926,0.0009221546351909637,,0.004578351974487305,,0.04679938219487667,0.0056071896106004715,0.0
37824,0.0,256,fine_mc,cpu,0.0043319109827280045,0.020965157076716423,0.0006547030061483383,0.006088823080062866,0.0,0.0,0.00042685307562351227,0.032902490347623825,,
37824,0.0,1024,fine_mc,cuda,0.004846123978495598,0.10630858317017555,0.0027263928204774857,0.0022839829325675964,0.002252288103103638,0.010206084698438644,0.0015926025807857513,0.12863223999738693,,
37824,0.0,1024,empirical_selective,cuda,0.004846123978495598,0.10630858317017555,0.0027263928204774857,0.0022869370877742767,,0.00995166040956974,,0.15497236140072346,0.02345152385532856,0.003104589879512787
37824,0.0,1024,certified_fallback,cuda,0.004846123978495598,0.10630858317017555,0.0027263928204774857,0.0022891759872436523,,0.004384301602840424,,0.1460632998496294,0.02345152385532856,0.0
37824,0.0,1024,fine_mc,cpu,0.0050012338906526566,0.16316069290041924,0.005952080711722374,0.028737271204590797,0.0,0.0,0.0015171393752098083,0.20481831207871437,,
37824,0.15,256,fine_mc,cuda,0.0065584685653448105,0.029175182804465294,0.0007868167012929916,0.00102151557803154,0.0009845759868621826,0.004535302519798279,0.00043969228863716125,0.04315675236284733,,
37824,0.15,256,empirical_selective,cuda,0.0065584685653448105,0.029175182804465294,0.0007868167012929916,0.0011057276278734207,,0.005454806610941887,,0.049959609284996986,0.004862554371356964,0.000876476988196373
37824,0.15,256,certified_fallback,cuda,0.0065584685653448105,0.029175182804465294,0.0007868167012929916,0.0008582640439271927,,0.001599302515387535,,0.04473714530467987,0.004862554371356964,0.0
37824,0.15,256,fine_mc,cpu,0.006504015997052193,0.023995207622647285,0.0008023269474506378,0.005950670689344406,0.0,0.0,0.0003175027668476105,0.037897923961281776,,
37824,0.15,1024,fine_mc,cuda,0.005062464624643326,0.1159406304359436,0.0023158155381679535,0.0022865235805511475,0.002252095937728882,0.011151781305670738,0.0014193598181009293,0.13876840099692345,,
37824,0.15,1024,empirical_selective,cuda,0.005062464624643326,0.1159406304359436,0.0023158155381679535,0.00231795571744442,,0.010233458131551743,,0.16262715682387352,0.021592499688267708,0.0031396914273500443
37824,0.15,1024,certified_fallback,cuda,0.005062464624643326,0.1159406304359436,0.0023158155381679535,0.0022862963378429413,,0.005611373111605644,,0.15479151159524918,0.021592499688267708,0.0
37824,0.15,1024,fine_mc,cpu,0.00635596364736557,0.1675934549421072,0.0023723673075437546,0.025318259373307228,0.0,0.0,0.0011715292930603027,0.2032034769654274,,
37824,1.0,256,fine_mc,cuda,0.0068752579391002655,0.0006356146186590195,0.0006568450480699539,0.0009371433407068253,0.0009046080112457275,0.004781784489750862,0.0004217643290758133,0.014748744666576385,,
37824,1.0,256,empirical_selective,cuda,0.0068752579391002655,0.0006356146186590195,0.0006568450480699539,0.000957246869802475,,0.0041361358016729355,,0.019458269700407982,0.004793534055352211,0.0005255639553070068
37824,1.0,256,certified_fallback,cuda,0.0068752579391002655,0.0006356146186590195,0.0006568450480699539,0.0009012557566165924,,0.0015817787498235703,,0.01625368557870388,0.004793534055352211,0.0
37824,1.0,256,fine_mc,cpu,0.006063321605324745,0.0003662034869194031,0.0005903337150812149,0.005561677739024162,0.0,0.0,0.00031678564846515656,0.013207454234361649,,
37824,1.0,1024,fine_mc,cuda,0.006113754585385323,0.002047203481197357,0.0024614762514829636,0.0022848285734653473,0.0022537600994110107,0.005601506680250168,0.0016250405460596085,0.02076476439833641,,
37824,1.0,1024,empirical_selective,cuda,0.006113754585385323,0.002047203481197357,0.0024614762514829636,0.0022885259240865707,,0.008762853220105171,,0.05117114819586277,0.02405809797346592,0.003415064886212349
37824,1.0,1024,certified_fallback,cuda,0.006113754585385323,0.002047203481197357,0.0024614762514829636,0.0023064054548740387,,0.005702894181013107,,0.04468451999127865,0.02405809797346592,0.0
37824,1.0,1024,fine_mc,cpu,0.006195051595568657,0.0012349877506494522,0.002604568377137184,0.02502521313726902,0.0,0.0,0.0012586284428834915,0.0366758331656456,,
37906,0.0,256,fine_mc,cuda,0.004395348951220512,0.02115907520055771,0.0007616635411977768,0.0010205470025539398,0.0009821439981460571,0.005031296983361244,0.0004393234848976135,0.03348015621304512,,
37906,0.0,256,empirical_selective,cuda,0.004395348951220512,0.02115907520055771,0.0007616635411977768,0.000993756577372551,,0.004652105271816254,,0.03914553485810757,0.004809102043509483,0.0007164962589740753
37906,0.0,256,certified_fallback,cuda,0.004395348951220512,0.02115907520055771,0.0007616635411977768,0.0010824371129274368,,0.004795776680111885,,0.03798372857272625,0.004809102043509483,0.0
37906,0.0,256,fine_mc,cpu,0.005509808659553528,0.02111142687499523,0.000671636313199997,0.00603039376437664,0.0,0.0,0.00032816082239151,0.034071603789925575,,
37906,0.0,1024,fine_mc,cuda,0.004527419805526733,0.09799062460660934,0.002945229411125183,0.002291165292263031,0.0022554879188537596,0.009828589856624603,0.0014809202402830124,0.11980416812002659,,
37906,0.0,1024,empirical_selective,cuda,0.004527419805526733,0.09799062460660934,0.002945229411125183,0.002303825691342354,,0.009846420958638191,,0.14497457817196846,0.022092366591095924,0.0030641090124845505
37906,0.0,1024,certified_fallback,cuda,0.004527419805526733,0.09799062460660934,0.002945229411125183,0.002284787595272064,,0.005501877516508102,,0.13746939413249493,0.022092366591095924,0.0
37906,0.0,1024,fine_mc,cpu,0.00499398447573185,0.1618763841688633,0.005524737760424614,0.023610666394233704,0.0,0.0,0.0012782588601112366,0.19777783378958702,,
37906,0.15,256,fine_mc,cuda,0.00536852702498436,0.02344026416540146,0.0007376633584499359,0.00103655643761158,0.0009967039823532105,0.0046127233654260635,0.00043423473834991455,0.03632437624037266,,
37906,0.15,256,empirical_selective,cuda,0.00536852702498436,0.02344026416540146,0.0007376633584499359,0.0009946264326572418,,0.004549352452158928,,0.04189715534448624,0.004968415945768356,0.0007385332137346268
37906,0.15,256,certified_fallback,cuda,0.00536852702498436,0.02344026416540146,0.0007376633584499359,0.0009153671562671661,,0.004949275404214859,,0.04132612235844135,0.004968415945768356,0.0
37906,0.15,256,fine_mc,cpu,0.005165882408618927,0.023294765502214432,0.0007076971232891083,0.006375564262270927,0.0,0.0,0.00034653209149837494,0.03631295636296272,,
37906,0.15,1024,fine_mc,cuda,0.004945086315274239,0.1131887324154377,0.00232863612473011,0.002286328002810478,0.002254944086074829,0.009665768593549728,0.0014431718736886978,0.13458672165870667,,
37906,0.15,1024,empirical_selective,cuda,0.004945086315274239,0.1131887324154377,0.00232863612473011,0.0023067090660333633,,0.005530249327421188,,0.15433280915021896,0.020686153322458267,0.003235934302210808
37906,0.15,1024,certified_fallback,cuda,0.004945086315274239,0.1131887324154377,0.00232863612473011,0.002277867868542671,,0.005527867004275322,,0.15108185820281506,0.020686153322458267,0.0
37906,0.15,1024,fine_mc,cpu,0.005167355760931969,0.1757030375301838,0.0030014794319868088,0.029940178617835045,0.0,0.0,0.0013364478945732117,0.2156333588063717,,
37906,1.0,256,fine_mc,cuda,0.0060680340975522995,0.0007234066724777222,0.0006406940519809723,0.0009020566940307617,0.0008718400001525879,0.0015486087650060654,0.0004145633429288864,0.010820737108588219,,
37906,1.0,256,empirical_selective,cuda,0.0060680340975522995,0.0007234066724777222,0.0006406940519809723,0.0009383484721183777,,0.0015806835144758224,,0.016536777839064598,0.00496157631278038,0.0006093140691518784
37906,1.0,256,certified_fallback,cuda,0.0060680340975522995,0.0007234066724777222,0.0006406940519809723,0.0008968953043222427,,0.0015277285128831863,,0.01569473184645176,0.00496157631278038,0.0
37906,1.0,256,fine_mc,cpu,0.006098803132772446,0.00038911402225494385,0.0006431117653846741,0.00607704184949398,0.0,0.0,0.00032851286232471466,0.01655455492436886,,
37906,1.0,1024,fine_mc,cuda,0.006158431991934776,0.0020542554557323456,0.0025881342589855194,0.002283325418829918,0.002247328042984009,0.005591752007603645,0.001422559842467308,0.020779304206371307,,
37906,1.0,1024,empirical_selective,cuda,0.006158431991934776,0.0020542554557323456,0.0025881342589855194,0.002295035868883133,,0.009374834597110748,,0.050397902727127075,0.02261456847190857,0.0031598415225744247
37906,1.0,1024,certified_fallback,cuda,0.006158431991934776,0.0020542554557323456,0.0025881342589855194,0.0022939369082450867,,0.005591647699475288,,0.04396354593336582,0.02261456847190857,0.0
37906,1.0,1024,fine_mc,cpu,0.007839936763048172,0.0014207493513822556,0.006650127470493317,0.027283241972327232,0.0,0.0,0.001243550330400467,0.04494880698621273,,
37987,0.0,256,fine_mc,cuda,0.005620088428258896,0.02498328685760498,0.0006946735084056854,0.0010400190949440002,0.0010027519464492797,0.005574781447649002,0.0004417337477207184,0.03895724192261696,,
37987,0.0,256,empirical_selective,cuda,0.005620088428258896,0.02498328685760498,0.0006946735084056854,0.0010292474180459976,,0.004716593772172928,,0.043846044689416885,0.005124056711792946,0.0006495341658592224
37987,0.0,256,certified_fallback,cuda,0.005620088428258896,0.02498328685760498,0.0006946735084056854,0.0009946655482053757,,0.00480533204972744,,0.0430973581969738,0.005124056711792946,0.0
37987,0.0,256,fine_mc,cpu,0.00544009730219841,0.02297401987016201,0.000781916081905365,0.0065602269023656845,0.0,0.0,0.0003181714564561844,0.036415545269846916,,
37987,0.0,1024,fine_mc,cuda,0.00440475158393383,0.10031847096979618,0.0023442450910806656,0.0022921059280633926,0.002255295991897583,0.010047933086752892,0.0014497600495815277,0.12147892080247402,,
37987,0.0,1024,empirical_selective,cuda,0.00440475158393383,0.10031847096979618,0.0023442450910806656,0.002285294234752655,,0.009250763803720474,,0.1444987803697586,0.020588215440511703,0.003217983990907669
37987,0.0,1024,certified_fallback,cuda,0.00440475158393383,0.10031847096979618,0.0023442450910806656,0.002287866547703743,,0.005658596754074097,,0.13762384466826916,0.020588215440511703,0.0
37987,0.0,1024,fine_mc,cpu,0.006190923973917961,0.16629588417708874,0.002600518986582756,0.032924968749284744,0.0,0.0,0.0012281499803066254,0.20967278629541397,,
37987,0.15,256,fine_mc,cuda,0.006383474916219711,0.0261481124907732,0.0009825248271226883,0.0010050050914287567,0.0009699839949607849,0.0016844216734170914,0.0004402734339237213,0.03722754120826721,,
37987,0.15,256,empirical_selective,cuda,0.006383474916219711,0.0261481124907732,0.0009825248271226883,0.0009824484586715698,,0.0015887711197137833,,0.042989032343029976,0.005148205906152725,0.0007822755724191666
37987,0.15,256,certified_fallback,cuda,0.006383474916219711,0.0261481124907732,0.0009825248271226883,0.0009180549532175064,,0.0016960911452770233,,0.04216937534511089,0.005148205906152725,0.0
37987,0.15,256,fine_mc,cpu,0.005339536815881729,0.03225548751652241,0.0007771160453557968,0.011093877255916595,0.0,0.0,0.00037768296897411346,0.050238948315382004,,
37987,0.15,1024,fine_mc,cuda,0.004946064203977585,0.13251322507858276,0.0027949120849370956,0.002303715795278549,0.0022628159523010254,0.005663987249135971,0.0017148405313491821,0.15059217251837254,,
37987,0.15,1024,empirical_selective,cuda,0.004946064203977585,0.13251322507858276,0.0027949120849370956,0.0023193154484033585,,0.009697047993540764,,0.1828575562685728,0.025364046916365623,0.0029511507600545883
37987,0.15,1024,certified_fallback,cuda,0.004946064203977585,0.13251322507858276,0.0027949120849370956,0.002281695604324341,,0.0055042896419763565,,0.1754358746111393,0.025364046916365623,0.0
37987,0.15,1024,fine_mc,cpu,0.0070772673934698105,0.18268095888197422,0.0027696583420038223,0.025773700326681137,0.0,0.0,0.0013399012386798859,0.2201521024107933,,
37987,1.0,256,fine_mc,cuda,0.006143420934677124,0.0006156452000141144,0.0006519146263599396,0.0009494777768850327,0.0009182400107383728,0.0044979918748140335,0.000414503738284111,0.01373787596821785,,
37987,1.0,256,empirical_selective,cuda,0.006143420934677124,0.0006156452000141144,0.0006519146263599396,0.0011216402053833008,,0.004517219960689545,,0.01948733814060688,0.004957284778356552,0.0005206707864999771
37987,1.0,256,certified_fallback,cuda,0.006143420934677124,0.0006156452000141144,0.0006519146263599396,0.0009526349604129791,,0.004476252943277359,,0.018657254055142403,0.004957284778356552,0.0
37987,1.0,256,fine_mc,cpu,0.007881436496973038,0.0004660841077566147,0.0007299631834030151,0.006025850772857666,0.0,0.0,0.00037923455238342285,0.015863610431551933,,
37987,1.0,1024,fine_mc,cuda,0.007397472858428955,0.0017353594303131104,0.0028300397098064423,0.0022868961095809937,0.002251744031906128,0.010077659040689468,0.0015300922095775604,0.026466004550457,,
37987,1.0,1024,empirical_selective,cuda,0.007397472858428955,0.0017353594303131104,0.0028300397098064423,0.0022973772138357162,,0.005586268380284309,,0.04624089226126671,0.020856857299804688,0.0028450414538383484
37987,1.0,1024,certified_fallback,cuda,0.007397472858428955,0.0017353594303131104,0.0028300397098064423,0.0023105964064598083,,0.005817176774144173,,0.04323388263583183,0.020856857299804688,0.0
37987,1.0,1024,fine_mc,cpu,0.006455043330788612,0.001270858570933342,0.0027547795325517654,0.025394676253199577,0.0,0.0,0.0016163326799869537,0.03793751820921898,,
38068,0.0,256,fine_mc,cuda,0.005768340080976486,0.022921200841665268,0.000795416533946991,0.0010818969458341599,0.0010410239696502686,0.0047730617225170135,0.0004457850009202957,0.036378104239702225,,
38068,0.0,256,empirical_selective,cuda,0.005768340080976486,0.022921200841665268,0.000795416533946991,0.0010140761733055115,,0.0048919059336185455,,0.0419599823653698,0.004951195791363716,0.0006451364606618881
38068,0.0,256,certified_fallback,cuda,0.005768340080976486,0.022921200841665268,0.000795416533946991,0.0009272955358028412,,0.004742516204714775,,0.040957046672701836,0.004951195791363716,0.0
38068,0.0,256,fine_mc,cpu,0.00440082885324955,0.020487703382968903,0.000771835446357727,0.006068842485547066,0.0,0.0,0.0003459416329860687,0.03244955465197563,,
38068,0.0,1024,fine_mc,cuda,0.004481762647628784,0.10514845699071884,0.002802988514304161,0.002284415066242218,0.0022511999607086183,0.010109521448612213,0.0015512201935052872,0.12699931673705578,,
38068,0.0,1024,empirical_selective,cuda,0.004481762647628784,0.10514845699071884,0.002802988514304161,0.0022901147603988647,,0.010230323299765587,,0.1528165191411972,0.02239643782377243,0.003380812704563141
38068,0.0,1024,certified_fallback,cuda,0.004481762647628784,0.10514845699071884,0.002802988514304161,0.0022792965173721313,,0.005583509802818298,,0.14471229538321495,0.02239643782377243,0.0
38068,0.0,1024,fine_mc,cpu,0.004468932747840881,0.16644019447267056,0.0026768185198307037,0.03078538551926613,0.0,0.0,0.0012868978083133698,0.2060638628900051,,
38068,0.15,256,fine_mc,cuda,0.005187556147575378,0.023275934159755707,0.0008643846958875656,0.0010446682572364807,0.0010050560235977174,0.004603229463100433,0.0004494357854127884,0.0360389519482851,,
38068,0.15,256,empirical_selective,cuda,0.005187556147575378,0.023275934159755707,0.0008643846958875656,0.0010070856660604477,,0.004610070958733559,,0.04152713902294636,0.004976475611329079,0.0006117634475231171
38068,0.15,256,certified_fallback,cuda,0.005187556147575378,0.023275934159755707,0.0008643846958875656,0.0009331069886684418,,0.0046943239867687225,,0.040824826806783676,0.004976475611329079,0.0
38068,0.15,256,fine_mc,cpu,0.005094185471534729,0.022323356941342354,0.000775456428527832,0.005723418667912483,0.0,0.0,0.00032186321914196014,0.0345667339861393,,
38068,0.15,1024,fine_mc,cuda,0.0048349350690841675,0.11267216689884663,0.0024951454252004623,0.002285616472363472,0.0022500159740448,0.009759938344359398,0.0015464220196008682,0.1341701876372099,,
38068,0.15,1024,empirical_selective,cuda,0.0048349350690841675,0.11267216689884663,0.0024951454252004623,0.0022885892540216446,,0.005590273067355156,,0.15439378656446934,0.0214255191385746,0.0028220918029546738
38068,0.15,1024,certified_fallback,cuda,0.0048349350690841675,0.11267216689884663,0.0024951454252004623,0.002289246767759323,,0.005493614822626114,,0.15117750316858292,0.0214255191385746,0.0
38068,0.15,1024,fine_mc,cpu,0.006614334881305695,0.17664236389100552,0.0024172551929950714,0.030660564079880714,0.0,0.0,0.0013166889548301697,0.21805673465132713,,
38068,1.0,256,fine_mc,cuda,0.006414763629436493,0.0006294138729572296,0.0006186254322528839,0.001119118183851242,0.0010847359895706176,0.004711790010333061,0.0004619508981704712,0.014443151652812958,,
38068,1.0,256,empirical_selective,cuda,0.006414763629436493,0.0006294138729572296,0.0006186254322528839,0.0009449049830436707,,0.004760993644595146,,0.01973399706184864,0.004846682772040367,0.0005912035703659058
38068,1.0,256,certified_fallback,cuda,0.006414763629436493,0.0006294138729572296,0.0006186254322528839,0.0009462069720029831,,0.0045875441282987595,,0.01886151172220707,0.004846682772040367,0.0
38068,1.0,256,fine_mc,cpu,0.006053213030099869,0.00037290342152118683,0.0006320029497146606,0.005627010017633438,0.0,0.0,0.00032057985663414,0.013311397284269333,,
38068,1.0,1024,fine_mc,cuda,0.006186254322528839,0.0020882152020931244,0.002542806789278984,0.00231037475168705,0.002271807909011841,0.009933257475495338,0.0014471597969532013,0.02574322000145912,,
38068,1.0,1024,empirical_selective,cuda,0.006186254322528839,0.0020882152020931244,0.002542806789278984,0.0022850967943668365,,0.005489097908139229,,0.045740881934762,0.022085465490818024,0.003008319064974785
38068,1.0,1024,certified_fallback,cuda,0.006186254322528839,0.0020882152020931244,0.002542806789278984,0.0022858884185552597,,0.008894642814993858,,0.04625043459236622,0.022085465490818024,0.0
38068,1.0,1024,fine_mc,cpu,0.006371373310685158,0.0013529080897569656,0.00261547788977623,0.02399022877216339,0.0,0.0,0.0013777390122413635,0.036074841395020485,,
38149,0.0,256,fine_mc,cuda,0.004225332289934158,0.020504271611571312,0.000768076628446579,0.0010392852127552032,0.0010008319616317748,0.004750290885567665,0.0004315432161092758,0.03241465613245964,,
38149,0.0,256,empirical_selective,cuda,0.004225332289934158,0.020504271611571312,0.000768076628446579,0.0009687785059213638,,0.004627879709005356,,0.037671301513910294,0.004893573001027107,0.000581204891204834
38149,0.0,256,certified_fallback,cuda,0.004225332289934158,0.020504271611571312,0.000768076628446579,0.0011499077081680298,,0.005037542432546616,,0.03765060007572174,0.004893573001027107,0.0
38149,0.0,256,fine_mc,cpu,0.004365831613540649,0.02130802907049656,0.0006656646728515625,0.005790630355477333,0.0,0.0,0.0003195814788341522,0.032872868701815605,,
38149,0.0,1024,fine_mc,cuda,0.004380250349640846,0.10081867501139641,0.0025817062705755234,0.0022907964885234833,0.0022567360401153564,0.01024695299565792,0.0014228876680135727,0.12242999859154224,,
38149,0.0,1024,empirical_selective,cuda,0.004380250349640846,0.10081867501139641,0.0025817062705755234,0.002299567684531212,,0.01019464060664177,,0.1465373057872057,0.0203725416213274,0.0036867372691631317
38149,0.0,1024,certified_fallback,cuda,0.004380250349640846,0.10081867501139641,0.0025817062705755234,0.002281665802001953,,0.005452407523989677,,0.1380254440009594,0.0203725416213274,0.0
38149,0.0,1024,fine_mc,cpu,0.004688674584031105,0.16683066450059414,0.002673868089914322,0.026326343417167664,0.0,0.0,0.001291150227189064,0.20229568891227245,,
38149,0.15,256,fine_mc,cuda,0.005604898557066917,0.025246847420930862,0.0006992556154727936,0.0010621566325426102,0.0010063680410385132,0.0047227684408426285,0.00043056532740592957,0.03850192949175835,,
38149,0.15,256,empirical_selective,cuda,0.005604898557066917,0.025246847420930862,0.0006992556154727936,0.0010093264281749725,,0.004840744659304619,,0.044246479868888855,0.005056336522102356,0.0005563162267208099
38149,0.15,256,certified_fallback,cuda,0.005604898557066917,0.025246847420930862,0.0006992556154727936,0.0010318271815776825,,0.004656815901398659,,0.04326985403895378,0.005056336522102356,0.0
38149,0.15,256,fine_mc,cpu,0.005090134218335152,0.0226445272564888,0.000957714393734932,0.00600598007440567,0.0,0.0,0.0003297906368970871,0.03546587564051151,,
38149,0.15,1024,fine_mc,cuda,0.004767732694745064,0.11236952617764473,0.0023398175835609436,0.0023008454591035843,0.002264096021652222,0.010291000828146935,0.001532822847366333,0.1343352198600769,,
38149,0.15,1024,empirical_selective,cuda,0.004767732694745064,0.11236952617764473,0.0023398175835609436,0.0023018959909677505,,0.010393533855676651,,0.15782664343714714,0.020609205588698387,0.002888541668653488
38149,0.15,1024,certified_fallback,cuda,0.004767732694745064,0.11236952617764473,0.0023398175835609436,0.002278316766023636,,0.005696238949894905,,0.1501526404172182,0.020609205588698387,0.0
38149,0.15,1024,fine_mc,cpu,0.005100049078464508,0.1717232931405306,0.0024002287536859512,0.028686081990599632,0.0,0.0,0.0013218000531196594,0.20970040932297707,,
38149,1.0,256,fine_mc,cuda,0.00605442188680172,0.0006579030305147171,0.0007077567279338837,0.0010158978402614594,0.0009824320077896117,0.0045262109488248825,0.0004182439297437668,0.01393250934779644,,
38149,1.0,256,empirical_selective,cuda,0.00605442188680172,0.0006579030305147171,0.0007077567279338837,0.0009973179548978806,,0.0048972927033901215,,0.01985376887023449,0.00490979477763176,0.000600254163146019
38149,1.0,256,certified_fallback,cuda,0.00605442188680172,0.0006579030305147171,0.0007077567279338837,0.0009607262909412384,,0.0046785809099674225,,0.01946631819009781,0.00490979477763176,0.0
38149,1.0,256,fine_mc,cpu,0.006201613694429398,0.0003780834376811981,0.0006472859531641006,0.005755409598350525,0.0,0.0,0.000332491472363472,0.013734584674239159,,
38149,1.0,1024,fine_mc,cuda,0.0064479634165763855,0.001798182725906372,0.0025619380176067352,0.002291496843099594,0.0022524800300598143,0.010033760219812393,0.0015176013112068176,0.02536482736468315,,
38149,1.0,1024,empirical_selective,cuda,0.0064479634165763855,0.001798182725906372,0.0025619380176067352,0.002300076186656952,,0.005563288927078247,,0.045116765424609184,0.02098485641181469,0.003218693658709526
38149,1.0,1024,certified_fallback,cuda,0.0064479634165763855,0.001798182725906372,0.0025619380176067352,0.0022869668900966644,,0.005550764501094818,,0.04182080179452896,0.02098485641181469,0.0
38149,1.0,1024,fine_mc,cpu,0.006371613591909409,0.0012913178652524948,0.0025497786700725555,0.02477208524942398,0.0,0.0,0.0012751799076795578,0.03671402856707573,,
38230,0.0,256,fine_mc,cuda,0.004269979894161224,0.020570214837789536,0.001500619575381279,0.001029936596751213,0.0009912319779396058,0.004541449248790741,0.00041204318404197693,0.03290557116270065,,
38230,0.0,256,empirical_selective,cuda,0.004269979894161224,0.020570214837789536,0.001500619575381279,0.001026798039674759,,0.004800114780664444,,0.038851263001561165,0.005009474232792854,0.0007086973637342453
38230,0.0,256,certified_fallback,cuda,0.004269979894161224,0.020570214837789536,0.001500619575381279,0.0009300652891397476,,0.004598451778292656,,0.037743695080280304,0.005009474232792854,0.0
38230,0.0,256,fine_mc,cpu,0.004440922290086746,0.021058887243270874,0.0007751453667879105,0.006125742569565773,0.0,0.0,0.0003329906612634659,0.03306738846004009,,
38230,0.0,1024,fine_mc,cuda,0.004449319094419479,0.10215519741177559,0.002522828057408333,0.0022949669510126114,0.0022602880001068113,0.010332372039556503,0.0014914292842149734,0.12387490458786488,,
38230,0.0,1024,empirical_selective,cuda,0.004449319094419479,0.10215519741177559,0.002522828057408333,0.0023103859275579453,,0.010516222566366196,,0.14743085019290447,0.02037004381418228,0.0029983222484588623
38230,0.0,1024,certified_fallback,cuda,0.004449319094419479,0.10215519741177559,0.002522828057408333,0.0022844765335321426,,0.005520224571228027,,0.13929127529263496,0.02037004381418228,0.0
38230,0.0,1024,fine_mc,cpu,0.004545919597148895,0.16245070844888687,0.0026734303683042526,0.031237777322530746,0.0,0.0,0.0012796800583600998,0.20260674692690372,,
38230,0.15,256,fine_mc,cuda,0.005260694772005081,0.023350991308689117,0.0007448364049196243,0.0010582376271486282,0.0010207040309906006,0.004672244191169739,0.00041879527270793915,0.03610298037528992,,
38230,0.15,256,empirical_selective,cuda,0.005260694772005081,0.023350991308689117,0.0007448364049196243,0.0009862054139375687,,0.004796942695975304,,0.04169774800539017,0.0049338918179273605,0.0006404537707567215
38230,0.15,256,certified_fallback,cuda,0.005260694772005081,0.023350991308689117,0.0007448364049196243,0.0009533856064081192,,0.004692951217293739,,0.0408023614436388,0.0049338918179273605,0.0
38230,0.15,256,fine_mc,cpu,0.005089305341243744,0.023126501590013504,0.000973094254732132,0.006354926154017448,0.0,0.0,0.0003318712115287781,0.03621181659400463,,
38230,0.15,1024,fine_mc,cuda,0.004804691299796104,0.11178405210375786,0.002637060359120369,0.002294205129146576,0.002261888027191162,0.010297901928424835,0.0014743823558092117,0.13389399833977222,,
38230,0.15,1024,empirical_selective,cuda,0.004804691299796104,0.11178405210375786,0.002637060359120369,0.0022906549274921417,,0.010468974709510803,,0.15703660994768143,0.020153982564806938,0.002799641340970993
38230,0.15,1024,certified_fallback,cuda,0.004804691299796104,0.11178405210375786,0.002637060359120369,0.002284655347466469,,0.005560409277677536,,0.14921141788363457,0.020153982564806938,0.0
38230,0.15,1024,fine_mc,cpu,0.0053305476903915405,0.17312925308942795,0.0028522703796625137,0.03052634373307228,0.0,0.0,0.0014204103499650955,0.21367710269987583,,
38230,1.0,256,fine_mc,cuda,0.006045084446668625,0.0007476434111595154,0.0006685052067041397,0.0009217578917741776,0.0008902720212936401,0.004507312551140785,0.00041068345308303833,0.013736335560679436,,
38230,1.0,256,empirical_selective,cuda,0.006045084446668625,0.0007476434111595154,0.0006685052067041397,0.0010368674993515015,,0.004850663244724274,,0.020377593114972115,0.005002183839678764,0.0005346313118934631
38230,1.0,256,certified_fallback,cuda,0.006045084446668625,0.0007476434111595154,0.0006685052067041397,0.0009335838258266449,,0.0045002419501543045,,0.01870023086667061,0.005002183839678764,0.0
38230,1.0,256,fine_mc,cpu,0.0061510540544986725,0.00045041367411613464,0.0005533639341592789,0.00591554120182991,0.0,0.0,0.0003213323652744293,0.013690585270524025,,
38230,1.0,1024,fine_mc,cuda,0.00629403255879879,0.001913873478770256,0.0026189591735601425,0.0022815968841314316,0.00224563193321228,0.010493779554963112,0.0017001833766698837,0.026042573153972626,,
38230,1.0,1024,empirical_selective,cuda,0.00629403255879879,0.001913873478770256,0.0026189591735601425,0.0022866949439048767,,0.004000820219516754,,0.04357095807790756,0.021431339904665947,0.0030130017548799515
38230,1.0,1024,certified_fallback,cuda,0.00629403255879879,0.001913873478770256,0.0026189591735601425,0.002287415787577629,,0.004456592723727226,,0.04102456197142601,0.021431339904665947,0.0
38230,1.0,1024,fine_mc,cpu,0.006255744025111198,0.0017849821597337723,0.002565428614616394,0.022849349305033684,0.0,0.0,0.0013066492974758148,0.03513871878385544,,
38312,0.0,256,fine_mc,cuda,0.004248261451721191,0.027784286066889763,0.0007309764623641968,0.0010927487164735794,0.0010523200035095215,0.004704644903540611,0.00042626261711120605,0.03958451747894287,,
38312,0.0,256,empirical_selective,cuda,0.004248261451721191,0.027784286066889763,0.0007309764623641968,0.0009688772261142731,,0.0044784750789403915,,0.045379430055618286,0.005381600931286812,0.0008123442530632019
38312,0.0,256,certified_fallback,cuda,0.004248261451721191,0.027784286066889763,0.0007309764623641968,0.0009356159716844559,,0.0046472735702991486,,0.04462469555437565,0.005381600931286812,0.0
38312,0.0,256,fine_mc,cpu,0.004396073520183563,0.02800331637263298,0.0007432866841554642,0.010927356779575348,0.0,0.0,0.0003488510847091675,0.04473918862640858,,
38312,0.0,1024,fine_mc,cuda,0.004477759823203087,0.11215191520750523,0.002573968842625618,0.0022943951189517975,0.0022576639652252197,0.010012656450271606,0.001535031944513321,0.13366013765335083,,
38312,0.0,1024,empirical_selective,cuda,0.004477759823203087,0.11215191520750523,0.002573968842625618,0.0022921860218048096,,0.010019682347774506,,0.15903085470199585,0.022233515977859497,0.0031879711896181107
38312,0.0,1024,certified_fallback,cuda,0.004477759823203087,0.11215191520750523,0.002573968842625618,0.002287454903125763,,0.005655258893966675,,0.15143553167581558,0.022233515977859497,0.0
38312,0.0,1024,fine_mc,cpu,0.004407241940498352,0.1679768469184637,0.002651529386639595,0.03920919634401798,0.0,0.0,0.001394299790263176,0.21604099869728088,,
38312,0.15,256,fine_mc,cuda,0.005296675488352776,0.026061031967401505,0.0009976588189601898,0.000999337062239647,0.0009630399942398071,0.0017429813742637634,0.00044372305274009705,0.036113353446125984,,
38312,0.15,256,empirical_selective,cuda,0.005296675488352776,0.026061031967401505,0.0009976588189601898,0.000992426648736,,0.0015877187252044678,,0.0418709572404623,0.005189288407564163,0.000761132687330246
38312,0.15,256,certified_fallback,cuda,0.005296675488352776,0.026061031967401505,0.0009976588189601898,0.0008863061666488647,,0.0016926713287830353,,0.04098404012620449,0.005189288407564163,0.0
38312,0.15,256,fine_mc,cpu,0.005933599546551704,0.032290248200297356,0.0012305378913879395,0.01023891195654869,0.0,0.0,0.00034345313906669617,0.050376562401652336,,
38312,0.15,1024,fine_mc,cuda,0.004929937422275543,0.12971862591803074,0.0024464577436447144,0.002290504053235054,0.002253056049346924,0.005505500361323357,0.0014782920479774475,0.14692656695842743,,
38312,0.15,1024,empirical_selective,cuda,0.004929937422275543,0.12971862591803074,0.0024464577436447144,0.002298448234796524,,0.010375503450632095,,0.17733190767467022,0.021801801398396492,0.003707597032189369
38312,0.15,1024,certified_fallback,cuda,0.004929937422275543,0.12971862591803074,0.0024464577436447144,0.002293836325407028,,0.005516689270734787,,0.16868355683982372,0.021801801398396492,0.0
38312,0.15,1024,fine_mc,cpu,0.006631435826420784,0.1827018689364195,0.00259418785572052,0.037154670804739,0.0,0.0,0.0014095064252614975,0.23091091960668564,,
38312,1.0,256,fine_mc,cuda,0.006946517154574394,0.0006351042538881302,0.0007227025926113129,0.0010932572185993195,0.001059167981147766,0.001622689887881279,0.00043378397822380066,0.01194361224770546,,
38312,1.0,256,empirical_selective,cuda,0.006946517154574394,0.0006351042538881302,0.0007227025926113129,0.0011335276067256927,,0.0015799999237060547,,0.017900826409459114,0.005281757563352585,0.0005545541644096375
38312,1.0,256,certified_fallback,cuda,0.006946517154574394,0.0006351042538881302,0.0007227025926113129,0.0011217184364795685,,0.0016097594052553177,,0.017249610275030136,0.005281757563352585,0.0
38312,1.0,256,fine_mc,cpu,0.00608539953827858,0.0003741420805454254,0.0006324052810668945,0.007101189345121384,0.0,0.0,0.0003429129719734192,0.014832103624939919,,
38312,1.0,1024,fine_mc,cuda,0.006183415651321411,0.0017968639731407166,0.002623317763209343,0.0022920556366443634,0.0022567999362945556,0.0055527761578559875,0.0014435481280088425,0.020480316132307053,,
38312,1.0,1024,empirical_selective,cuda,0.006183415651321411,0.0017968639731407166,0.002623317763209343,0.002288583666086197,,0.009643292054533958,,0.050197651609778404,0.022719169035553932,0.0027097612619400024
38312,1.0,1024,certified_fallback,cuda,0.006183415651321411,0.0017968639731407166,0.002623317763209343,0.002295287325978279,,0.005537673830986023,,0.043228233233094215,0.022719169035553932,0.0
38312,1.0,1024,fine_mc,cpu,0.00782056339085102,0.0019396431744098663,0.0026546958833932877,0.031146259978413582,0.0,0.0,0.0013730209320783615,0.04528296925127506,,
38393,0.0,256,fine_mc,cuda,0.005779389292001724,0.026998097077012062,0.0007653627544641495,0.0010613072663545609,0.0010198400020599366,0.004669124260544777,0.00041554495692253113,0.04030608385801315,,
38393,0.0,256,empirical_selective,cuda,0.005779389292001724,0.026998097077012062,0.0007653627544641495,0.0009702481329441071,,0.004567528143525124,,0.04600054398179054,0.004983654245734215,0.0009626373648643494
38393,0.0,256,certified_fallback,cuda,0.005779389292001724,0.026998097077012062,0.0007653627544641495,0.0009772572666406631,,0.004677793011069298,,0.04502083361148834,0.004983654245734215,0.0
38393,0.0,256,fine_mc,cpu,0.004320038482546806,0.02962871827185154,0.0015646014362573624,0.010900355875492096,0.0,0.0,0.0003576837480068207,0.04709472693502903,,
38393,0.0,1024,fine_mc,cuda,0.005892502143979073,0.10045580193400383,0.002830859273672104,0.0022794045507907867,0.002247391939163208,0.009724842384457588,0.0014564916491508484,0.12323683127760887,,
38393,0.0,1024,empirical_selective,cuda,0.005892502143979073,0.10045580193400383,0.002830859273672104,0.0022967439144849777,,0.010687146335840225,,0.14784208312630653,0.020849555730819702,0.00277780182659626
38393,0.0,1024,certified_fallback,cuda,0.005892502143979073,0.10045580193400383,0.002830859273672104,0.0022953450679779053,,0.005633069202303886,,0.14020238257944584,0.020849555730819702,0.0
38393,0.0,1024,fine_mc,cpu,0.00441381148993969,0.16421844065189362,0.003031160682439804,0.03125368803739548,0.0,0.0,0.0013953913003206253,0.20467754267156124,,
38393,0.15,256,fine_mc,cuda,0.005127226933836937,0.02736802212893963,0.0006900634616613388,0.00103684701025486,0.000997600018978119,0.004538580775260925,0.0004350319504737854,0.03982333652675152,,
38393,0.15,256,empirical_selective,cuda,0.005127226933836937,0.02736802212893963,0.0006900634616613388,0.0011653285473585129,,0.004541609436273575,,0.04636193439364433,0.005785500630736351,0.0005835145711898804
38393,0.15,256,certified_fallback,cuda,0.005127226933836937,0.02736802212893963,0.0006900634616613388,0.0011185072362422943,,0.004536459222435951,,0.04560568742454052,0.005785500630736351,0.0
38393,0.15,256,fine_mc,cpu,0.005156174302101135,0.021930981427431107,0.0006803646683692932,0.0059799812734127045,0.0,0.0,0.00032467208802700043,0.03442477993667126,,
38393,0.15,1024,fine_mc,cuda,0.005267618224024773,0.11045410484075546,0.0027036089450120926,0.002290494740009308,0.002254400014877319,0.009654238820075989,0.0014342106878757477,0.13241404481232166,,
38393,0.15,1024,empirical_selective,cuda,0.005267618224024773,0.11045410484075546,0.0027036089450120926,0.0022920146584510803,,0.011263096705079079,,0.16182048059999943,0.02497992292046547,0.0028220266103744507
38393,0.15,1024,certified_fallback,cuda,0.005267618224024773,0.11045410484075546,0.0027036089450120926,0.002287287265062332,,0.005541326478123665,,0.153208551928401,0.02497992292046547,0.0
38393,0.15,1024,fine_mc,cpu,0.005930669605731964,0.17286935076117516,0.0029341205954551697,0.02817835472524166,0.0,0.0,0.001286488026380539,0.21159550547599792,,
38393,1.0,256,fine_mc,cuda,0.006103752180933952,0.0006062351167201996,0.0008277837187051773,0.0009327474981546402,0.0009034879803657532,0.004529921337962151,0.00041695497930049896,0.01386498473584652,,
38393,1.0,256,empirical_selective,cuda,0.006103752180933952,0.0006062351167201996,0.0008277837187051773,0.0009642168879508972,,0.004495618864893913,,0.019390694797039032,0.004887083545327187,0.0005668718367815018
38393,1.0,256,certified_fallback,cuda,0.006103752180933952,0.0006062351167201996,0.0008277837187051773,0.0009537357836961746,,0.0044780876487493515,,0.018695637583732605,0.004887083545327187,0.0
38393,1.0,256,fine_mc,cpu,0.006095573306083679,0.0003786403685808182,0.0006249360740184784,0.00558646023273468,0.0,0.0,0.0003124196082353592,0.013315118849277496,,
38393,1.0,1024,fine_mc,cuda,0.008402356877923012,0.0021082647144794464,0.0027023274451494217,0.00228191539645195,0.0022474880218505858,0.00941910594701767,0.0016485638916492462,0.02725193090736866,,
38393,1.0,1024,empirical_selective,cuda,0.008402356877923012,0.0021082647144794464,0.0027023274451494217,0.00228186696767807,,0.005519285798072815,,0.04622367396950722,0.0203128419816494,0.0028127264231443405
38393,1.0,1024,certified_fallback,cuda,0.008402356877923012,0.0021082647144794464,0.0027023274451494217,0.002288874238729477,,0.005811041221022606,,0.0438696276396513,0.0203128419816494,0.0
38393,1.0,1024,fine_mc,cpu,0.006250603124499321,0.0017456617206335068,0.002149423584342003,0.02312452159821987,0.0,0.0,0.0012602992355823517,0.03490600176155567,,
38474,0.0,256,fine_mc,cuda,0.004206227138638496,0.020997686311602592,0.0009223166853189468,0.001010805368423462,0.0009743679761886597,0.0016595199704170227,0.00042727403342723846,0.02978299744427204,,
38474,0.0,256,empirical_selective,cuda,0.004206227138638496,0.020997686311602592,0.0009223166853189468,0.0009231753647327423,,0.0016176719218492508,,0.03499307483434677,0.004827424883842468,0.000523444265127182
38474,0.0,256,certified_fallback,cuda,0.004206227138638496,0.020997686311602592,0.0009223166853189468,0.0009575765579938889,,0.00159359909594059,,0.03436063230037689,0.004827424883842468,0.0
38474,0.0,256,fine_mc,cpu,0.004365080967545509,0.022012583911418915,0.000743204727768898,0.006485456600785255,0.0,0.0,0.0003414023667573929,0.03427513130009174,,
38474,0.0,1024,fine_mc,cuda,0.004604522138834,0.10603638179600239,0.002677781507372856,0.0022889263927936554,0.0022558720111846924,0.009800897911190987,0.0014370698481798172,0.1275945119559765,,
38474,0.0,1024,empirical_selective,cuda,0.004604522138834,0.10603638179600239,0.002677781507372856,0.002291545271873474,,0.009891146793961525,,0.1542181707918644,0.023729566484689713,0.0027519091963768005
38474,0.0,1024,certified_fallback,cuda,0.004604522138834,0.10603638179600239,0.002677781507372856,0.0022870954126119614,,0.005535159260034561,,0.14697609841823578,0.023729566484689713,0.0
38474,0.0,1024,fine_mc,cpu,0.004769373685121536,0.16034266166388988,0.002559887245297432,0.025534426793456078,0.0,0.0,0.001173580065369606,0.1948891133069992,,
38474,0.15,256,fine_mc,cuda,0.005059847608208656,0.02245691604912281,0.0009086355566978455,0.0010304879397153854,0.0009942079782485963,0.001249881461262703,0.00044308416545391083,0.031730892136693,,
38474,0.15,256,empirical_selective,cuda,0.005059847608208656,0.02245691604912281,0.0009086355566978455,0.0009636357426643372,,0.0011926256120204926,,0.03724404238164425,0.00493958592414856,0.0007530767470598221
38474,0.15,256,certified_fallback,cuda,0.005059847608208656,0.02245691604912281,0.0009086355566978455,0.0009148865938186646,,0.0012576282024383545,,0.03641304560005665,0.00493958592414856,0.0
38474,0.15,256,fine_mc,cpu,0.004975374788045883,0.023633204400539398,0.000705445185303688,0.006677735596895218,0.0,0.0,0.0003315526992082596,0.036665577441453934,,
38474,0.15,1024,fine_mc,cuda,0.004766702651977539,0.11405602656304836,0.0024945754557847977,0.0022948477417230606,0.002261215925216675,0.009873345494270325,0.0014958903193473816,0.13566431775689125,,
38474,0.15,1024,empirical_selective,cuda,0.004766702651977539,0.11405602656304836,0.0024945754557847977,0.0022866446524858475,,0.01017255149781704,,0.16010791063308716,0.021219588816165924,0.002990320324897766
38474,0.15,1024,certified_fallback,cuda,0.004766702651977539,0.11405602656304836,0.0024945754557847977,0.002284076064825058,,0.005612000823020935,,0.1531274914741516,0.021219588816165924,0.0
38474,0.15,1024,fine_mc,cpu,0.005118783563375473,0.16411247663199902,0.0024530552327632904,0.026395143941044807,0.0,0.0,0.00142621248960495,0.19997915998101234,,
38474,1.0,256,fine_mc,cuda,0.007589733228087425,0.0007691364735364914,0.0008928179740905762,0.0009233951568603516,0.0008925120234489441,0.004502562806010246,0.0004066135734319687,0.015526259317994118,,
38474,1.0,256,empirical_selective,cuda,0.007589733228087425,0.0007691364735364914,0.0008928179740905762,0.0009305663406848907,,0.004518695175647736,,0.0210492592304945,0.004860486835241318,0.0005860961973667145
38474,1.0,256,certified_fallback,cuda,0.007589733228087425,0.0007691364735364914,0.0008928179740905762,0.0009359568357467651,,0.004937553778290749,,0.020808659493923187,0.004860486835241318,0.0
38474,1.0,256,fine_mc,cpu,0.006124991923570633,0.00041204318404197693,0.0006740149110555649,0.006179014220833778,0.0,0.0,0.0003284718841314316,0.014021089300513268,,
38474,1.0,1024,fine_mc,cuda,0.006700506433844566,0.0019898638129234314,0.002652958035469055,0.002282276749610901,0.002248095989227295,0.009877189993858337,0.001521741971373558,0.025699211284518242,,
38474,1.0,1024,empirical_selective,cuda,0.006700506433844566,0.0019898638129234314,0.002652958035469055,0.0023058857768774033,,0.0055335164070129395,,0.04961128905415535,0.024893535301089287,0.0031237322837114334
38474,1.0,1024,certified_fallback,cuda,0.006700506433844566,0.0019898638129234314,0.002652958035469055,0.0022887159138917923,,0.0057587698101997375,,0.0463736392557621,0.024893535301089287,0.0
38474,1.0,1024,fine_mc,cpu,0.006269123405218124,0.001473730430006981,0.0026761088520288467,0.02422196976840496,0.0,0.0,0.0014678724110126495,0.03667636588215828,,
38555,0.0,256,fine_mc,cuda,0.004227939993143082,0.02124764956533909,0.0007209144532680511,0.0010425150394439697,0.0010031039714813233,0.004541870206594467,0.0004416331648826599,0.03281703032553196,,
38555,0.0,256,empirical_selective,cuda,0.004227939993143082,0.02124764956533909,0.0007209144532680511,0.0010252352803945541,,0.0045141782611608505,,0.03881390206515789,0.005417538806796074,0.0006908737123012543
38555,0.0,256,certified_fallback,cuda,0.004227939993143082,0.02124764956533909,0.0007209144532680511,0.0009358543902635574,,0.004687659442424774,,0.03813049755990505,0.005417538806796074,0.0
38555,0.0,256,fine_mc,cpu,0.004430990666151047,0.021964533254504204,0.0007268432527780533,0.0062036532908678055,0.0,0.0,0.0003387629985809326,0.033997949212789536,,
38555,0.0,1024,fine_mc,cuda,0.004500461742281914,0.10421521030366421,0.0028801485896110535,0.002302126958966255,0.0022662720680236815,0.008218379691243172,0.0014476273208856583,0.12418628856539726,,
38555,0.0,1024,empirical_selective,cuda,0.004500461742281914,0.10421521030366421,0.0028801485896110535,0.0022890865802764893,,0.01120506040751934,,0.15325419418513775,0.022935640066862106,0.003100411966443062
38555,0.0,1024,certified_fallback,cuda,0.004500461742281914,0.10421521030366421,0.0028801485896110535,0.002288663759827614,,0.005581103265285492,,0.1444379910826683,0.022935640066862106,0.0
38555,0.0,1024,fine_mc,cpu,0.004437070339918137,0.16283919848501682,0.0026804283261299133,0.031198710203170776,0.0,0.0,0.0014118999242782593,0.20294107496738434,,
38555,0.15,256,fine_mc,cuda,0.005120657384395599,0.022768808528780937,0.0012236181646585464,0.001033274456858635,0.0009963840246200561,0.004718070849776268,0.000437811017036438,0.03591318055987358,,
38555,0.15,256,empirical_selective,cuda,0.005120657384395599,0.022768808528780937,0.0012236181646585464,0.0010167360305786133,,0.005023254081606865,,0.042304735630750656,0.005175428465008736,0.0009883083403110504
38555,0.15,256,certified_fallback,cuda,0.005120657384395599,0.022768808528780937,0.0012236181646585464,0.0009387284517288208,,0.004649203270673752,,0.04076542891561985,0.005175428465008736,0.0
38555,0.15,256,fine_mc,cpu,0.005020683631300926,0.02310805208981037,0.0008441470563411713,0.0059470608830451965,0.0,0.0,0.0003553815186023712,0.035667961463332176,,
38555,0.15,1024,fine_mc,cuda,0.004771150648593903,0.11663430370390415,0.0022762250155210495,0.002288663759827614,0.002250112056732178,0.009811075404286385,0.0014573410153388977,0.1378382444381714,,
38555,0.15,1024,empirical_selective,cuda,0.004771150648593903,0.11663430370390415,0.0022762250155210495,0.0023013148456811905,,0.009575307369232178,,0.16418403014540672,0.022442884743213654,0.0031731128692626953
38555,0.15,1024,certified_fallback,cuda,0.004771150648593903,0.11663430370390415,0.0022762250155210495,0.002290746197104454,,0.005597908049821854,,0.15601766854524612,0.022442884743213654,0.0
38555,0.15,1024,fine_mc,cpu,0.006791997700929642,0.18042542226612568,0.002544919028878212,0.03025738149881363,0.0,0.0,0.001316877081990242,0.2217242307960987,,
38555,1.0,256,fine_mc,cuda,0.006464734673500061,0.0007385443896055222,0.0009036250412464142,0.0009723659604787827,0.000940288007259369,0.004966394975781441,0.0004237033426761627,0.014927312731742859,,
38555,1.0,256,empirical_selective,cuda,0.006464734673500061,0.0007385443896055222,0.0009036250412464142,0.0010384470224380493,,0.004806380718946457,,0.020772665739059448,0.005204256623983383,0.0006623044610023499
38555,1.0,256,certified_fallback,cuda,0.006464734673500061,0.0007385443896055222,0.0009036250412464142,0.0009724386036396027,,0.004649685695767403,,0.019790876656770706,0.005204256623983383,0.0
38555,1.0,256,fine_mc,cpu,0.008154729381203651,0.000400003045797348,0.0006098449230194092,0.006911186501383781,0.0,0.0,0.0003865230828523636,0.01683545671403408,,
38555,1.0,1024,fine_mc,cuda,0.010916536673903465,0.0020181741565465927,0.0028240811079740524,0.002294955775141716,0.002260224103927612,0.008568471297621727,0.0015220306813716888,0.02875511161983013,,
38555,1.0,1024,empirical_selective,cuda,0.010916536673903465,0.0020181741565465927,0.0028240811079740524,0.002293795347213745,,0.0055304598063230515,,0.050963856279850006,0.022124692797660828,0.002949172630906105
38555,1.0,1024,certified_fallback,cuda,0.010916536673903465,0.0020181741565465927,0.0028240811079740524,0.002316063269972801,,0.005663858726620674,,0.0481489859521389,0.022124692797660828,0.0
38555,1.0,1024,fine_mc,cpu,0.00669623538851738,0.0015872512012720108,0.002567349001765251,0.02249605767428875,0.0,0.0,0.0012998692691326141,0.035049401223659515,,
38636,0.0,256,fine_mc,cuda,0.004440261051058769,0.02101369947195053,0.0008545592427253723,0.001751091331243515,0.001695296049118042,0.004927912726998329,0.0005366317927837372,0.034241341054439545,,
38636,0.0,256,empirical_selective,cuda,0.004440261051058769,0.02101369947195053,0.0008545592427253723,0.001233268529176712,,0.0046934206038713455,,0.03933466412127018,0.005377698689699173,0.0006195642054080963
38636,0.0,256,certified_fallback,cuda,0.004440261051058769,0.02101369947195053,0.0008545592427253723,0.0011771954596042633,,0.0047148000448942184,,0.038583891466259956,0.005377698689699173,0.0
38636,0.0,256,fine_mc,cpu,0.004359431564807892,0.020678073167800903,0.0008130166679620743,0.005852639675140381,0.0,0.0,0.000317232683300972,0.032358208671212196,,
38636,0.0,1024,fine_mc,cuda,0.004657972604036331,0.10639269463717937,0.002542344853281975,0.0022939443588256836,0.0022602880001068113,0.005630746483802795,0.0014384686946868896,0.12358582392334938,,
38636,0.0,1024,empirical_selective,cuda,0.004657972604036331,0.10639269463717937,0.002542344853281975,0.002304883673787117,,0.005624907091259956,,0.15129831992089748,0.02360517717897892,0.0038485582917928696
38636,0.0,1024,certified_fallback,cuda,0.004657972604036331,0.10639269463717937,0.002542344853281975,0.002297326922416687,,0.01013023778796196,,0.15165522322058678,0.02360517717897892,0.0
38636,0.0,1024,fine_mc,cpu,0.004439562559127808,0.1664662454277277,0.002787400037050247,0.031776344403624535,0.0,0.0,0.0013256780803203583,0.2072538025677204,,
38636,0.15,256,fine_mc,cuda,0.005556309595704079,0.02277093008160591,0.0007614530622959137,0.001047218218445778,0.0010050560235977174,0.004692530259490013,0.00043846480548381805,0.03591259382665157,,
38636,0.15,256,empirical_selective,cuda,0.005556309595704079,0.02277093008160591,0.0007614530622959137,0.0010278280824422836,,0.004490382969379425,,0.041299980133771896,0.005017485469579697,0.0006425045430660248
38636,0.15,256,certified_fallback,cuda,0.005556309595704079,0.02277093008160591,0.0007614530622959137,0.0009159762412309647,,0.004479020833969116,,0.04040053300559521,0.005017485469579697,0.0
38636,0.15,256,fine_mc,cpu,0.006185472011566162,0.023516817018389702,0.0009189359843730927,0.005978502333164215,0.0,0.0,0.0003265906125307083,0.037293802946805954,,
38636,0.15,1024,fine_mc,cuda,0.005417387932538986,0.11545740813016891,0.0024431180208921432,0.0023077037185430527,0.0022684159278869628,0.008639533072710037,0.001618649810552597,0.13653542660176754,,
38636,0.15,1024,empirical_selective,cuda,0.005417387932538986,0.11545740813016891,0.0024431180208921432,0.0023276861757040024,,0.009298937395215034,,0.16027534194290638,0.0203139316290617,0.0029346924275159836
38636,0.15,1024,certified_fallback,cuda,0.005417387932538986,0.11545740813016891,0.0024431180208921432,0.0022872574627399445,,0.005495879799127579,,0.1534696612507105,0.0203139316290617,0.0
38636,0.15,1024,fine_mc,cpu,0.005109075456857681,0.1747395433485508,0.002537958323955536,0.03021175228059292,0.0,0.0,0.0015213899314403534,0.21457280777394772,,
38636,1.0,256,fine_mc,cuda,0.00754370354115963,0.000646684318780899,0.0006901267915964127,0.0009230636060237885,0.0008923839926719665,0.004596143960952759,0.000456465408205986,0.015388039872050285,,
38636,1.0,256,empirical_selective,cuda,0.00754370354115963,0.000646684318780899,0.0006901267915964127,0.0011713076382875443,,0.004813503473997116,,0.021634701639413834,0.005325445905327797,0.0005074124783277512
38636,1.0,256,certified_fallback,cuda,0.00754370354115963,0.000646684318780899,0.0006901267915964127,0.0009607356041669846,,0.0051712654531002045,,0.02122114785015583,0.005325445905327797,0.0
38636,1.0,256,fine_mc,cpu,0.006268134340643883,0.00037830136716365814,0.000577632337808609,0.005924159660935402,0.0,0.0,0.0003353320062160492,0.01381416991353035,,
38636,1.0,1024,fine_mc,cuda,0.006238184869289398,0.00206928513944149,0.0026527196168899536,0.0022847261279821396,0.002247423887252808,0.010300133377313614,0.0014706123620271683,0.025619160383939743,,
38636,1.0,1024,empirical_selective,cuda,0.006238184869289398,0.00206928513944149,0.0026527196168899536,0.002289004623889923,,0.005722012370824814,,0.04772885516285896,0.023905886337161064,0.002816729247570038
38636,1.0,1024,certified_fallback,cuda,0.006238184869289398,0.00206928513944149,0.0026527196168899536,0.0022920072078704834,,0.008605049923062325,,0.047868555411696434,0.023905886337161064,0.0
38636,1.0,1024,fine_mc,cpu,0.006632467731833458,0.0018788911402225494,0.002373136579990387,0.023638784885406494,0.0,0.0,0.001290827989578247,0.03616085276007652,,
38718,0.0,256,fine_mc,cuda,0.004274019971489906,0.020608285441994667,0.0007236730307340622,0.0010553672909736633,0.001014623999595642,0.005453187972307205,0.0004272926598787308,0.03314356319606304,,
38718,0.0,256,empirical_selective,cuda,0.004274019971489906,0.020608285441994667,0.0007236730307340622,0.0009760074317455292,,0.0049567557871341705,,0.03781658411026001,0.004759984090924263,0.0005544330924749374
38718,0.0,256,certified_fallback,cuda,0.004274019971489906,0.020608285441994667,0.0007236730307340622,0.000959247350692749,,0.004829924553632736,,0.037007346749305725,0.004759984090924263,0.0
38718,0.0,256,fine_mc,cpu,0.005101315677165985,0.021662931889295578,0.0007548928260803223,0.006194941699504852,0.0,0.0,0.0003445018082857132,0.03439164534211159,,
38718,0.0,1024,fine_mc,cuda,0.00443895161151886,0.10283786989748478,0.0024896077811717987,0.0022878646850585938,0.0022532799243927004,0.010267512872815132,0.0016521122306585312,0.1246516015380621,,
38718,0.0,1024,empirical_selective,cuda,0.00443895161151886,0.10283786989748478,0.0024896077811717987,0.0022967159748077393,,0.005664387717843056,,0.14531102776527405,0.02202664501965046,0.0032057221978902817
38718,0.0,1024,certified_fallback,cuda,0.00443895161151886,0.10283786989748478,0.0024896077811717987,0.002296028658747673,,0.0055410489439964294,,0.1416451260447502,0.02202664501965046,0.0
38718,0.0,1024,fine_mc,cpu,0.00472981296479702,0.16239803656935692,0.002663407474756241,0.02841643989086151,0.0,0.0,0.0011973679065704346,0.19984309934079647,,
38718,0.15,256,fine_mc,cuda,0.005235655233263969,0.022903842851519585,0.0007504653185606003,0.0010412558913230896,0.0010011520385742189,0.004832413047552109,0.0004580635577440262,0.035828543826937675,,
38718,0.15,256,empirical_selective,cuda,0.005235655233263969,0.022903842851519585,0.0007504653185606003,0.0009643752127885818,,0.0046077631413936615,,0.040836725383996964,0.004851143807172775,0.0005505029112100601
38718,0.15,256,certified_fallback,cuda,0.005235655233263969,0.022903842851519585,0.0007504653185606003,0.0009227562695741653,,0.004597621038556099,,0.04013694077730179,0.004851143807172775,0.0
38718,0.15,256,fine_mc,cpu,0.005021093413233757,0.022610627114772797,0.0007007159292697906,0.005758540704846382,0.0,0.0,0.0003228709101676941,0.03475376032292843,,
38718,0.15,1024,fine_mc,cuda,0.004780663177371025,0.11151792109012604,0.002539128065109253,0.0022878162562847137,0.002253439903259277,0.009980252012610435,0.0014372020959854126,0.13313392363488674,,
38718,0.15,1024,empirical_selective,cuda,0.004780663177371025,0.11151792109012604,0.002539128065109253,0.0022924691438674927,,0.010282672941684723,,0.15587561950087547,0.019656848162412643,0.0027423687279224396
38718,0.15,1024,certified_fallback,cuda,0.004780663177371025,0.11151792109012604,0.002539128065109253,0.0022818967700004578,,0.0055260565131902695,,0.14828309789299965,0.019656848162412643,0.0
38718,0.15,1024,fine_mc,cpu,0.005458749830722809,0.17099610902369022,0.0024124570190906525,0.02780749648809433,0.0,0.0,0.0013105589896440506,0.20839865878224373,,
38718,1.0,256,fine_mc,cuda,0.006141621619462967,0.0007154736667871475,0.0006437860429286957,0.0009177979081869125,0.0008874559998512268,0.004551680758595467,0.0004000738263130188,0.01384158618748188,,
38718,1.0,256,empirical_selective,cuda,0.006141621619462967,0.0007154736667871475,0.0006437860429286957,0.0011808797717094421,,0.004504712298512459,,0.020017627626657486,0.005390368402004242,0.0005395039916038513
38718,1.0,256,certified_fallback,cuda,0.006141621619462967,0.0007154736667871475,0.0006437860429286957,0.0011431965976953506,,0.00506952777504921,,0.019936740398406982,0.005390368402004242,0.0
38718,1.0,256,fine_mc,cpu,0.00641869381070137,0.0004350636154413223,0.0006503351032733917,0.006710456684231758,0.0,0.0,0.0003174729645252228,0.014844505116343498,,
38718,1.0,1024,fine_mc,cuda,0.006187943741679192,0.0017943233251571655,0.0026354677975177765,0.0022828448563814163,0.00224835205078125,0.0060750562697649,0.001538589596748352,0.021095987409353256,,
38718,1.0,1024,empirical_selective,cuda,0.006187943741679192,0.0017943233251571655,0.0026354677975177765,0.002288706600666046,,0.005668507888913155,,0.04608525335788727,0.02221585623919964,0.0031244829297065735
38718,1.0,1024,certified_fallback,cuda,0.006187943741679192,0.0017943233251571655,0.0026354677975177765,0.0022888854146003723,,0.00932646356523037,,0.04650164768099785,0.02221585623919964,0.0
38718,1.0,1024,fine_mc,cpu,0.006289884448051453,0.0018067918717861176,0.0022737346589565277,0.02239362709224224,0.0,0.0,0.001278027892112732,0.03440643288195133,,
38799,0.0,256,fine_mc,cuda,0.0041851866990327835,0.020390624180436134,0.0008953548967838287,0.00105956569314003,0.001018336057662964,0.0047964174300432205,0.00044688209891319275,0.032429855316877365,,
38799,0.0,256,empirical_selective,cuda,0.0041851866990327835,0.020390624180436134,0.0008953548967838287,0.0009993966668844223,,0.004663214087486267,,0.037601759657263756,0.004841713234782219,0.0005332548171281815
38799,0.0,256,certified_fallback,cuda,0.0041851866990327835,0.020390624180436134,0.0008953548967838287,0.0009491369128227234,,0.004571026191115379,,0.03674071095883846,0.004841713234782219,0.0
38799,0.0,256,fine_mc,cpu,0.004471279680728912,0.02060375176370144,0.0007658544927835464,0.006156193092465401,0.0,0.0,0.0003265310078859329,0.0327417254447937,,
38799,0.0,1024,fine_mc,cuda,0.004415679723024368,0.102699538692832,0.0026650000363588333,0.0022905170917510986,0.0022556800842285156,0.005645908415317535,0.0014955811202526093,0.1198892593383789,,
38799,0.0,1024,empirical_selective,cuda,0.004415679723024368,0.102699538692832,0.0026650000363588333,0.002312997356057167,,0.010448873043060303,,0.1484072394669056,0.020740294829010963,0.0029389504343271255
38799,0.0,1024,certified_fallback,cuda,0.004415679723024368,0.102699538692832,0.0026650000363588333,0.0022788364440202713,,0.005457006394863129,,0.14034169167280197,0.020740294829010963,0.0
38799,0.0,1024,fine_mc,cpu,0.006142802536487579,0.1652678567916155,0.0030121412128210068,0.028864892199635506,0.0,0.0,0.0015739109367132187,0.20545296743512154,,
38799,0.15,256,fine_mc,cuda,0.00519784539937973,0.023558923974633217,0.0009549781680107117,0.0010420475155115128,0.0010020159482955933,0.004537789151072502,0.0004331916570663452,0.03641721419990063,,
38799,0.15,256,empirical_selective,cuda,0.00519784539937973,0.023558923974633217,0.0009549781680107117,0.0009538158774375916,,0.0045592300593853,,0.0420093834400177,0.005070226266980171,0.0006634742021560669
38799,0.15,256,certified_fallback,cuda,0.00519784539937973,0.023558923974633217,0.0009549781680107117,0.0009774882346391678,,0.004881935194134712,,0.04217921383678913,0.005070226266980171,0.0
38799,0.15,256,fine_mc,cpu,0.004996245726943016,0.02349865436553955,0.000751076266169548,0.006156884133815765,0.0,0.0,0.0003341119736433029,0.0361696220934391,,
38799,0.15,1024,fine_mc,cuda,0.005264138802886009,0.11518643610179424,0.003090411424636841,0.00230349600315094,0.0022621440887451174,0.005633069202303886,0.00145794078707695,0.13361065462231636,,
38799,0.15,1024,empirical_selective,cuda,0.005264138802886009,0.11518643610179424,0.003090411424636841,0.002292897552251816,,0.011084198951721191,,0.16577407345175743,0.023230664432048798,0.0034537147730588913
38799,0.15,1024,certified_fallback,cuda,0.005264138802886009,0.11518643610179424,0.003090411424636841,0.0022864043712615967,,0.0056274086236953735,,0.15686801075935364,0.023230664432048798,0.0
38799,0.15,1024,fine_mc,cpu,0.005346188321709633,0.16828705556690693,0.0025677476078271866,0.02897048369050026,0.0,0.0,0.001583671197295189,0.2073483020067215,,
38799,1.0,256,fine_mc,cuda,0.008497608825564384,0.0006757453083992004,0.0008216835558414459,0.0009279884397983551,0.0008891519904136658,0.004629209637641907,0.00043997354805469513,0.016677146777510643,,
38799,1.0,256,empirical_selective,cuda,0.008497608825564384,0.0006757453083992004,0.0008216835558414459,0.0010662879794836044,,0.004774654284119606,,0.0232276301831007,0.005386605858802795,0.0008397866040468216
38799,1.0,256,certified_fallback,cuda,0.008497608825564384,0.0006757453083992004,0.0008216835558414459,0.0010443180799484253,,0.00473383255302906,,0.022082122042775154,0.005386605858802795,0.0
38799,1.0,256,fine_mc,cpu,0.006394997239112854,0.0004739835858345032,0.000859629362821579,0.00620083324611187,0.0,0.0,0.0003448519855737686,0.014670532196760178,,
38799,1.0,1024,fine_mc,cuda,0.006414134055376053,0.0018453840166330338,0.0027335379272699356,0.0022960640490055084,0.0022528319358825683,0.01018534041941166,0.0015261918306350708,0.025747127830982208,,
38799,1.0,1024,empirical_selective,cuda,0.006414134055376053,0.0018453840166330338,0.0027335379272699356,0.002293616533279419,,0.005940932780504227,,0.05003641918301582,0.02539355680346489,0.0031009726226329803
38799,1.0,1024,certified_fallback,cuda,0.006414134055376053,0.0018453840166330338,0.0027335379272699356,0.0022946856915950775,,0.012078111991286278,,0.052997155115008354,0.02539355680346489,0.0
38799,1.0,1024,fine_mc,cpu,0.006679806858301163,0.0017849728465080261,0.002314576879143715,0.022630618885159492,0.0,0.0,0.0014039501547813416,0.03526347130537033,,
38880,0.0,256,fine_mc,cuda,0.004337398335337639,0.02120598778128624,0.0009027235209941864,0.0010915789753198624,0.0010500799417495728,0.0046735722571611404,0.00042936205863952637,0.033277131617069244,,
38880,0.0,256,empirical_selective,cuda,0.004337398335337639,0.02120598778128624,0.0009027235209941864,0.0011357571929693222,,0.004760414361953735,,0.03967183828353882,0.005667310208082199,0.0006873942911624908
38880,0.0,256,certified_fallback,cuda,0.004337398335337639,0.02120598778128624,0.0009027235209941864,0.0011123176664113998,,0.005049373954534531,,0.039345305413007736,0.005667310208082199,0.0
38880,0.0,256,fine_mc,cpu,0.004738504067063332,0.021811533719301224,0.0008935946971178055,0.0070312414318323135,0.0,0.0,0.0003404039889574051,0.0351879820227623,,
38880,0.0,1024,fine_mc,cuda,0.0045671723783016205,0.1041504479944706,0.002873821184039116,0.002283763140439987,0.0022506558895111083,0.010809691622853279,0.0015198122709989548,0.1268463470041752,,
38880,0.0,1024,empirical_selective,cuda,0.0045671723783016205,0.1041504479944706,0.002873821184039116,0.002311296761035919,,0.0105143953114748,,0.15429426729679108,0.024692611768841743,0.0030007995665073395
38880,0.0,1024,certified_fallback,cuda,0.0045671723783016205,0.1041504479944706,0.002873821184039116,0.0022828765213489532,,0.006119679659605026,,0.14675773307681084,0.024692611768841743,0.0
38880,0.0,1024,fine_mc,cpu,0.00611286424100399,0.17207958362996578,0.0030506793409585953,0.033210571855306625,0.0,0.0,0.0014616120606660843,0.21637456491589546,,
38880,0.15,256,fine_mc,cuda,0.005231896415352821,0.02419239841401577,0.0011081881821155548,0.0010507088154554367,0.0010102399587631225,0.004594381898641586,0.00041709281504154205,0.03719186969101429,,
38880,0.15,256,empirical_selective,cuda,0.005231896415352821,0.02419239841401577,0.0011081881821155548,0.0010393373668193817,,0.004569863900542259,,0.04327247105538845,0.00497923418879509,0.0005594529211521149
38880,0.15,256,certified_fallback,cuda,0.005231896415352821,0.02419239841401577,0.0011081881821155548,0.0009292047470808029,,0.005218077450990677,,0.042640628293156624,0.00497923418879509,0.0
38880,0.15,256,fine_mc,cpu,0.006040733307600021,0.024523792788386345,0.0007223449647426605,0.006915047764778137,0.0,0.0,0.00036890432238578796,0.03892018459737301,,
38880,0.15,1024,fine_mc,cuda,0.004912747070193291,0.11441144905984402,0.003437153995037079,0.002324305474758148,0.002282815933227539,0.010268619284033775,0.0015323925763368607,0.137541051954031,,
38880,0.15,1024,empirical_selective,cuda,0.004912747070193291,0.11441144905984402,0.003437153995037079,0.002306956797838211,,0.010293541476130486,,0.1642894484102726,0.02336813323199749,0.0031004901975393295
38880,0.15,1024,certified_fallback,cuda,0.004912747070193291,0.11441144905984402,0.003437153995037079,0.0022947359830141068,,0.004572851583361626,,0.15509039536118507,0.02336813323199749,0.0
38880,0.15,1024,fine_mc,cpu,0.005257388576865196,0.18108235485851765,0.00292867049574852,0.042511098086833954,0.0,0.0,0.0013468489050865173,0.2335489336401224,,
38880,1.0,256,fine_mc,cuda,0.006112741306424141,0.0006467141211032867,0.000899147242307663,0.000881735235452652,0.0008527359962463379,0.0012206174433231354,0.00040467269718647003,0.010596804320812225,,
38880,1.0,256,empirical_selective,cuda,0.006112741306424141,0.0006467141211032867,0.000899147242307663,0.000895477831363678,,0.0011016465723514557,,0.015901822596788406,0.004822174087166786,0.0005270037800073624
38880,1.0,256,certified_fallback,cuda,0.006112741306424141,0.0006467141211032867,0.000899147242307663,0.0010978970676660538,,0.0013664495199918747,,0.01587488129734993,0.004822174087166786,0.0
38880,1.0,256,fine_mc,cpu,0.006850408390164375,0.0004717838019132614,0.0006506647914648056,0.007602391764521599,0.0,0.0,0.0003571920096874237,0.016263321042060852,,
38880,1.0,1024,fine_mc,cuda,0.006395542994141579,0.0019292347133159637,0.0026425905525684357,0.0022881757467985153,0.0022516160011291503,0.00466589629650116,0.0014624390751123428,0.019974689930677414,,
38880,1.0,1024,empirical_selective,cuda,0.006395542994141579,0.0019292347133159637,0.0026425905525684357,0.002297656610608101,,0.010680677369236946,,0.0529035609215498,0.023602455854415894,0.002994012087583542
38880,1.0,1024,certified_fallback,cuda,0.006395542994141579,0.0019292347133159637,0.0026425905525684357,0.002307215705513954,,0.006242642179131508,,0.04527648724615574,0.023602455854415894,0.0
38880,1.0,1024,fine_mc,cpu,0.00616978295147419,0.00141129270195961,0.002577219158411026,0.036828787997365,0.0,0.0,0.001317199319601059,0.048699403181672096,,
38961,0.0,256,fine_mc,cuda,0.004197351634502411,0.02842515893280506,0.0012397486716508865,0.0011377576738595963,0.0010973119735717774,0.0018162112683057785,0.00048175081610679626,0.03818538784980774,,
38961,0.0,256,empirical_selective,cuda,0.004197351634502411,0.02842515893280506,0.0012397486716508865,0.0011803880333900452,,0.0017259996384382248,,0.04397314973175526,0.005162207409739494,0.0008469857275485992
38961,0.0,256,certified_fallback,cuda,0.004197351634502411,0.02842515893280506,0.0012397486716508865,0.0009567160159349442,,0.0018850266933441162,,0.042805884033441544,0.005162207409739494,0.0
38961,0.0,256,fine_mc,cpu,0.004339350387454033,0.02286534011363983,0.0007175151258707047,0.007807232439517975,0.0,0.0,0.00037990137934684753,0.036543700844049454,,
38961,0.0,1024,fine_mc,cuda,0.004503412172198296,0.11687509715557098,0.0030285101383924484,0.002318304032087326,0.002276927947998047,0.006388215348124504,0.0017280522733926773,0.13570829667150974,,
38961,0.0,1024,empirical_selective,cuda,0.004503412172198296,0.11687509715557098,0.0030285101383924484,0.0022883564233779907,,0.010742375627160072,,0.16750084422528744,0.02426174096763134,0.003507876768708229
38961,0.0,1024,certified_fallback,cuda,0.004503412172198296,0.11687509715557098,0.0030285101383924484,0.0022857356816530228,,0.006403287872672081,,0.15975858829915524,0.02426174096763134,0.0
38961,0.0,1024,fine_mc,cpu,0.004432812333106995,0.17097395472228527,0.007300050929188728,0.028193488717079163,0.0,0.0,0.0012380685657262802,0.21263917535543442,,
38961,0.15,256,fine_mc,cuda,0.005674559623003006,0.03131215646862984,0.0011963564902544022,0.0014545992016792297,0.0014005440473556518,0.005412746220827103,0.00045434199273586273,0.046255843713879585,,
38961,0.15,256,empirical_selective,cuda,0.005674559623003006,0.03131215646862984,0.0011963564902544022,0.0009522680193185806,,0.0015750490128993988,,0.04815264791250229,0.0058217402547597885,0.0005571842193603516
38961,0.15,256,certified_fallback,cuda,0.005674559623003006,0.03131215646862984,0.0011963564902544022,0.0009067226201295853,,0.0015546530485153198,,0.04741286300122738,0.0058217402547597885,0.0
38961,0.15,256,fine_mc,cpu,0.004943646490573883,0.02194732427597046,0.0007112659513950348,0.005976112559437752,0.0,0.0,0.0003227628767490387,0.034303223714232445,,
38961,0.15,1024,fine_mc,cuda,0.0059118736535310745,0.11384821683168411,0.0030228886753320694,0.0022830255329608917,0.0022466559410095214,0.009814538061618805,0.001435648649930954,0.13704340904951096,,
38961,0.15,1024,empirical_selective,cuda,0.0059118736535310745,0.11384821683168411,0.0030228886753320694,0.002288075163960457,,0.009677797555923462,,0.16060354374349117,0.02035932056605816,0.003297824412584305
38961,0.15,1024,certified_fallback,cuda,0.0059118736535310745,0.11384821683168411,0.0030228886753320694,0.002281375229358673,,0.005551537498831749,,0.1530939508229494,0.02035932056605816,0.0
38961,0.15,1024,fine_mc,cpu,0.005081797018647194,0.16981181874871254,0.002422155812382698,0.02880186401307583,0.0,0.0,0.0013022366911172867,0.20790371857583523,,
38961,1.0,256,fine_mc,cuda,0.006579626351594925,0.0005826838314533234,0.0007201973348855972,0.0010771770030260086,0.0010449919700622559,0.0015570912510156631,0.0004067234694957733,0.011460170149803162,,
38961,1.0,256,empirical_selective,cuda,0.006579626351594925,0.0005826838314533234,0.0007201973348855972,0.0009426083415746689,,0.001565413549542427,,0.017140498384833336,0.005246615037322044,0.0005151741206645966
38961,1.0,256,certified_fallback,cuda,0.006579626351594925,0.0005826838314533234,0.0007201973348855972,0.0009145457297563553,,0.0015493296086788177,,0.016463210806250572,0.005246615037322044,0.0
38961,1.0,256,fine_mc,cpu,0.006152724847197533,0.00036639347672462463,0.000586334615945816,0.006047014147043228,0.0,0.0,0.00033023208379745483,0.0168025903403759,,
38961,1.0,1024,fine_mc,cuda,0.006172005087137222,0.0017788223922252655,0.002520797774195671,0.0022885967046022415,0.00224835205078125,0.005541248247027397,0.001417873427271843,0.020399853587150574,,
38961,1.0,1024,empirical_selective,cuda,0.006172005087137222,0.0017788223922252655,0.002520797774195671,0.0022874847054481506,,0.009944120422005653,,0.05305812321603298,0.02538982778787613,0.0027575884014368057
38961,1.0,1024,certified_fallback,cuda,0.006172005087137222,0.0017788223922252655,0.002520797774195671,0.0022816359996795654,,0.0055149998515844345,,0.04574757255613804,0.02538982778787613,0.0
38961,1.0,1024,fine_mc,cpu,0.007392821833491325,0.0013672001659870148,0.006241835653781891,0.025939222425222397,0.0,0.0,0.0012844502925872803,0.042684340849518776,,
39042,0.0,256,fine_mc,cuda,0.00491730310022831,0.020594604313373566,0.000721147283911705,0.0010331757366657257,0.0009955520033836365,0.005032375454902649,0.00044780410826206207,0.03333284333348274,,
39042,0.0,256,empirical_selective,cuda,0.00491730310022831,0.020594604313373566,0.000721147283911705,0.0009871255606412888,,0.005054924637079239,,0.03856128826737404,0.004800092428922653,0.0005198568105697632
39042,0.0,256,certified_fallback,cuda,0.00491730310022831,0.020594604313373566,0.000721147283911705,0.0009436048567295074,,0.004672054201364517,,0.03758516348898411,0.004800092428922653,0.0
39042,0.0,256,fine_mc,cpu,0.004848584532737732,0.021028107032179832,0.0007079150527715683,0.006024923175573349,0.0,0.0,0.0003284439444541931,0.03328127600252628,,
39042,0.0,1024,fine_mc,cuda,0.00436490960419178,0.10017739050090313,0.0026229284703731537,0.0022785570472478867,0.00224838399887085,0.009776270017027855,0.0014108885079622269,0.12123993784189224,,
39042,0.0,1024,empirical_selective,cuda,0.00436490960419178,0.10017739050090313,0.0026229284703731537,0.002340056002140045,,0.008542666211724281,,0.14276810735464096,0.01907857321202755,0.00303032249212265
39042,0.0,1024,certified_fallback,cuda,0.00436490960419178,0.10017739050090313,0.0026229284703731537,0.002276195213198662,,0.005585119128227234,,0.13616151362657547,0.01907857321202755,0.0
39042,0.0,1024,fine_mc,cpu,0.004471352323889732,0.16148455999791622,0.004166027531027794,0.028725361451506615,0.0,0.0,0.0012041181325912476,0.20044833049178123,,
39042,0.15,256,fine_mc,cuda,0.005132237449288368,0.02255689539015293,0.0008039362728595734,0.0010276474058628082,0.000991424024105072,0.004730653017759323,0.0004319939762353897,0.0352871660143137,,
39042,0.15,256,empirical_selective,cuda,0.005132237449288368,0.02255689539015293,0.0008039362728595734,0.0009554158896207809,,0.004609271883964539,,0.04050560109317303,0.004909923300147057,0.0005472712218761444
39042,0.15,256,certified_fallback,cuda,0.005132237449288368,0.02255689539015293,0.0008039362728595734,0.0009476561099290848,,0.0046694036573171616,,0.03990412689745426,0.004909923300147057,0.0
39042,0.15,256,fine_mc,cpu,0.0050498247146606445,0.023435743525624275,0.0007040537893772125,0.005946420133113861,0.0,0.0,0.0003226231783628464,0.035791030153632164,,
39042,0.15,1024,fine_mc,cuda,0.00478697381913662,0.11144683137536049,0.002410067245364189,0.0022835657000541687,0.0022525761127471923,0.010211732238531113,0.001416800543665886,0.13314334116876125,,
39042,0.15,1024,empirical_selective,cuda,0.00478697381913662,0.11144683137536049,0.002410067245364189,0.0023032240569591522,,0.009912068024277687,,0.15695912949740887,0.020892847329378128,0.0031449217349290848
39042,0.15,1024,certified_fallback,cuda,0.00478697381913662,0.11144683137536049,0.002410067245364189,0.0022953879088163376,,0.005613671615719795,,0.1494396273046732,0.020892847329378128,0.0
39042,0.15,1024,fine_mc,cpu,0.005112785845994949,0.1688256524503231,0.002511005848646164,0.03168456256389618,0.0,0.0,0.0012863986194133759,0.20979422144591808,,
39042,1.0,256,fine_mc,cuda,0.006167221814393997,0.0006285049021244049,0.0010038651525974274,0.0009393971413373947,0.0009070720076560974,0.00446726381778717,0.0004123244434595108,0.014069607481360435,,
39042,1.0,256,empirical_selective,cuda,0.006167221814393997,0.0006285049021244049,0.0010038651525974274,0.0009606759995222092,,0.0045085810124874115,,0.019651347771286964,0.004936425015330315,0.0005439426749944687
39042,1.0,256,certified_fallback,cuda,0.006167221814393997,0.0006285049021244049,0.0010038651525974274,0.0010223202407360077,,0.005283767357468605,,0.019885169342160225,0.004936425015330315,0.0
39042,1.0,256,fine_mc,cpu,0.00624026358127594,0.0003742240369319916,0.0006172768771648407,0.005584727972745895,0.0,0.0,0.00031649135053157806,0.013446083292365074,,
39042,1.0,1024,fine_mc,cuda,0.006213223561644554,0.001773713156580925,0.0025427676737308502,0.0022875256836414337,0.0022497920989990234,0.005576238036155701,0.0014332495629787445,0.02042151242494583,,
39042,1.0,1024,empirical_selective,cuda,0.006213223561644554,0.001773713156580925,0.0025427676737308502,0.0022860951721668243,,0.00552435964345932,,0.04224199429154396,0.019181611016392708,0.0027077868580818176
39042,1.0,1024,certified_fallback,cuda,0.006213223561644554,0.001773713156580925,0.0025427676737308502,0.0022869762033224106,,0.010275905951857567,,0.04427778907120228,0.019181611016392708,0.0
39042,1.0,1024,fine_mc,cpu,0.006222004070878029,0.0016201827675104141,0.002654988318681717,0.022377105429768562,0.0,0.0,0.001348910853266716,0.03458409942686558,,
39124,0.0,256,fine_mc,cuda,0.004227610304951668,0.030768103897571564,0.0007315762341022491,0.0010354183614253998,0.0009978240132331848,0.005089288577437401,0.00046664290130138397,0.042892709374427795,,
39124,0.0,256,empirical_selective,cuda,0.004227610304951668,0.030768103897571564,0.0007315762341022491,0.000964408740401268,,0.004497911781072617,,0.047568025067448616,0.0048554763197898865,0.0005525629967451096
39124,0.0,256,certified_fallback,cuda,0.004227610304951668,0.030768103897571564,0.0007315762341022491,0.0009248070418834686,,0.004647944122552872,,0.04698803275823593,0.0048554763197898865,0.0
39124,0.0,256,fine_mc,cpu,0.004327369853854179,0.020355891436338425,0.0008083973079919815,0.005904441699385643,0.0,0.0,0.0003209412097930908,0.0320754311978817,,
39124,0.0,1024,fine_mc,cuda,0.004391172900795937,0.10282666049897671,0.0025745145976543427,0.0022859349846839905,0.0022546560764312744,0.009822765365242958,0.0014368798583745956,0.12455901131033897,,
39124,0.0,1024,empirical_selective,cuda,0.004391172900795937,0.10282666049897671,0.0025745145976543427,0.0022843871265649796,,0.010546538978815079,,0.148404436185956,0.020408140495419502,0.003326423466205597
39124,0.0,1024,certified_fallback,cuda,0.004391172900795937,0.10282666049897671,0.0025745145976543427,0.0022916551679372787,,0.005640251561999321,,0.14015047624707222,0.020408140495419502,0.0
39124,0.0,1024,fine_mc,cpu,0.004440229386091232,0.15827029943466187,0.002894386649131775,0.024661671370267868,0.0,0.0,0.0013841111212968826,0.19204087741672993,,
39124,0.15,256,fine_mc,cuda,0.005190068855881691,0.02297820895910263,0.0007175840437412262,0.0009933076798915863,0.0009470080137252807,0.0016643330454826355,0.0004583839327096939,0.032575108110904694,,
39124,0.15,256,empirical_selective,cuda,0.005190068855881691,0.02297820895910263,0.0007175840437412262,0.0009423065930604935,,0.0015619508922100067,,0.037873923778533936,0.004968835040926933,0.0005529429763555527
39124,0.15,256,certified_fallback,cuda,0.005190068855881691,0.02297820895910263,0.0007175840437412262,0.0008858554065227509,,0.0015694331377744675,,0.03716518171131611,0.004968835040926933,0.0
39124,0.15,256,fine_mc,cpu,0.004986364394426346,0.023111563175916672,0.0006996653974056244,0.005967192351818085,0.0,0.0,0.0003227796405553818,0.03541496954858303,,
39124,0.15,1024,fine_mc,cuda,0.004730412736535072,0.11248328723013401,0.0024598371237516403,0.0022810231894254684,0.0022494399547576902,0.009899228811264038,0.0014611706137657166,0.1339956484735012,,
39124,0.15,1024,empirical_selective,cuda,0.004730412736535072,0.11248328723013401,0.0024598371237516403,0.0022981837391853333,,0.009843708947300911,,0.15660636685788631,0.019212834537029266,0.0034971125423908234
39124,0.15,1024,certified_fallback,cuda,0.004730412736535072,0.11248328723013401,0.0024598371237516403,0.002278236672282219,,0.005570460110902786,,0.14873003959655762,0.019212834537029266,0.0
39124,0.15,1024,fine_mc,cpu,0.005144648253917694,0.17082658410072327,0.00238683819770813,0.02450496330857277,0.0,0.0,0.0012852270156145096,0.20457051135599613,,
39124,1.0,256,fine_mc,cuda,0.0061570629477500916,0.0006569866091012955,0.0006738957017660141,0.0009252559393644333,0.0008956800103187561,0.004606893286108971,0.00040994398295879364,0.013901397585868835,,
39124,1.0,256,empirical_selective,cuda,0.0061570629477500916,0.0006569866091012955,0.0006738957017660141,0.0009827353060245514,,0.004480674862861633,,0.019467119127511978,0.004872564226388931,0.0007082037627696991
39124,1.0,256,certified_fallback,cuda,0.0061570629477500916,0.0006569866091012955,0.0006738957017660141,0.0009364653378725052,,0.0045152697712183,,0.01863999292254448,0.004872564226388931,0.0
39124,1.0,256,fine_mc,cpu,0.006181392818689346,0.0003671310842037201,0.0006028041243553162,0.005915120244026184,0.0,0.0,0.0003208722919225693,0.013701407238841057,,
39124,1.0,1024,fine_mc,cuda,0.006215343251824379,0.0018157009035348892,0.0025333352386951447,0.002280447632074356,0.002246272087097168,0.009589085355401039,0.0014526695013046265,0.024481602013111115,,
39124,1.0,1024,empirical_selective,cuda,0.006215343251824379,0.0018157009035348892,0.0025333352386951447,0.0022862162441015244,,0.005544550716876984,,0.04283816181123257,0.019185824319720268,0.003179611638188362
39124,1.0,1024,certified_fallback,cuda,0.006215343251824379,0.0018157009035348892,0.0025333352386951447,0.0022807884961366653,,0.006966855376958847,,0.04098258540034294,0.019185824319720268,0.0
39124,1.0,1024,fine_mc,cpu,0.006438195705413818,0.001797972247004509,0.002462068572640419,0.02300242893397808,0.0,0.0,0.0012616068124771118,0.03537411242723465,,
39205,0.0,256,fine_mc,cuda,0.004351712763309479,0.027371078729629517,0.0007223747670650482,0.0010283775627613068,0.0009925439953804016,0.004674721509218216,0.0004395321011543274,0.03915869630873203,,
39205,0.0,256,empirical_selective,cuda,0.004351712763309479,0.027371078729629517,0.0007223747670650482,0.0009741168469190598,,0.004817984998226166,,0.044626424089074135,0.004897013306617737,0.0005677938461303711
39205,0.0,256,certified_fallback,cuda,0.004351712763309479,0.027371078729629517,0.0007223747670650482,0.000927535817027092,,0.004628172144293785,,0.04449006915092468,0.004897013306617737,0.0
39205,0.0,256,fine_mc,cpu,0.004361901432275772,0.021722344681620598,0.0006729047745466232,0.0059273820370435715,0.0,0.0,0.0003553517162799835,0.033447062596678734,,
39205,0.0,1024,fine_mc,cuda,0.005477366968989372,0.1048731654882431,0.0026025548577308655,0.0022784769535064697,0.0022474880218505858,0.010493701323866844,0.001439221203327179,0.12778161466121674,,
39205,0.0,1024,empirical_selective,cuda,0.005477366968989372,0.1048731654882431,0.0026025548577308655,0.0022875964641571045,,0.009179336950182915,,0.14941984228789806,0.019532686099410057,0.0034128352999687195
39205,0.0,1024,certified_fallback,cuda,0.005477366968989372,0.1048731654882431,0.0026025548577308655,0.0022817663848400116,,0.0055971089750528336,,0.14237705431878567,0.019532686099410057,0.0
39205,0.0,1024,fine_mc,cpu,0.004354963079094887,0.16095885634422302,0.004234449937939644,0.025857659056782722,0.0,0.0,0.001165296882390976,0.19696970470249653,,
39205,0.15,256,fine_mc,cuda,0.00521707721054554,0.031545091420412064,0.0007041748613119125,0.001042008399963379,0.001005728006362915,0.004692830145359039,0.0004344545304775238,0.04424677789211273,,
39205,0.15,256,empirical_selective,cuda,0.00521707721054554,0.031545091420412064,0.0007041748613119125,0.0009672679007053375,,0.004945574328303337,,0.05001864209771156,0.0048764050006866455,0.0005955453962087631
39205,0.15,256,certified_fallback,cuda,0.00521707721054554,0.031545091420412064,0.0007041748613119125,0.0011791791766881943,,0.0017802044749259949,,0.04619475267827511,0.0048764050006866455,0.0
39205,0.15,256,fine_mc,cpu,0.005028624087572098,0.022422676905989647,0.000697525218129158,0.0064828060567379,0.0,0.0,0.0003193933516740799,0.035287629812955856,,
39205,0.15,1024,fine_mc,cuda,0.00526069663465023,0.11316307261586189,0.002974690869450569,0.002280155196785927,0.002249824047088623,0.008882943540811539,0.0014238487929105759,0.13459396176040173,,
39205,0.15,1024,empirical_selective,cuda,0.00526069663465023,0.11316307261586189,0.002974690869450569,0.002307455986738205,,0.00967434048652649,,0.15989761799573898,0.02142263948917389,0.0029865019023418427
39205,0.15,1024,certified_fallback,cuda,0.00526069663465023,0.11316307261586189,0.002974690869450569,0.0022877026349306107,,0.00553433783352375,,0.15265066549181938,0.02142263948917389,0.0
39205,0.15,1024,fine_mc,cpu,0.005748219788074493,0.17230163514614105,0.002676401287317276,0.023399604484438896,0.0,0.0,0.0014170501381158829,0.2059332188218832,,
39205,1.0,256,fine_mc,cuda,0.006030283868312836,0.0008608158677816391,0.0011186003684997559,0.0009000282734632492,0.0008702080249786377,0.004393476992845535,0.00039706192910671234,0.01414274051785469,,
39205,1.0,256,empirical_selective,cuda,0.006030283868312836,0.0008608158677816391,0.0011186003684997559,0.0010016057640314102,,0.004515569657087326,,0.020115358754992485,0.005020124837756157,0.0006266143172979355
39205,1.0,256,certified_fallback,cuda,0.006030283868312836,0.0008608158677816391,0.0011186003684997559,0.0009224545210599899,,0.00441988930106163,,0.019193153828382492,0.005020124837756157,0.0
39205,1.0,256,fine_mc,cpu,0.0061064790934324265,0.00036869198083877563,0.0006441548466682434,0.0065519362688064575,0.0,0.0,0.0004142746329307556,0.014642419293522835,,
39205,1.0,1024,fine_mc,cuda,0.0064659565687179565,0.0018896833062171936,0.002734420821070671,0.0022827964276075363,0.0022476799488067626,0.010201090946793556,0.0015513598918914795,0.025793500244617462,,
39205,1.0,1024,empirical_selective,cuda,0.0064659565687179565,0.0018896833062171936,0.002734420821070671,0.002282954752445221,,0.0055047255009412766,,0.04426875710487366,0.020329980179667473,0.002947179600596428
39205,1.0,1024,certified_fallback,cuda,0.0064659565687179565,0.0018896833062171936,0.002734420821070671,0.0023064687848091125,,0.005526367574930191,,0.04124988429248333,0.020329980179667473,0.0
39205,1.0,1024,fine_mc,cpu,0.006294654682278633,0.0017574243247509003,0.0022718142718076706,0.023234611377120018,0.0,0.0,0.0012511368840932846,0.03518071398139,,
39286,0.0,256,fine_mc,cuda,0.004186190664768219,0.020788295194506645,0.0010752752423286438,0.001223510131239891,0.001183519959449768,0.00466892309486866,0.00047461502254009247,0.03304594196379185,,
39286,0.0,256,empirical_selective,cuda,0.004186190664768219,0.020788295194506645,0.0010752752423286438,0.0011641550809144974,,0.004533927887678146,,0.03922647796571255,0.005280548706650734,0.0006504841148853302
39286,0.0,256,certified_fallback,cuda,0.004186190664768219,0.020788295194506645,0.0010752752423286438,0.0010402575135231018,,0.004704771563410759,,0.03789292648434639,0.005280548706650734,0.0
39286,0.0,256,fine_mc,cpu,0.004751872271299362,0.020808089524507523,0.0008176751434803009,0.005882101133465767,0.0,0.0,0.0003239717334508896,0.032910967245697975,,
39286,0.0,1024,fine_mc,cuda,0.004467720165848732,0.10364212654531002,0.002855749800801277,0.0023507680743932724,0.0023100159168243407,0.010490123182535172,0.001624472439289093,0.12655816599726677,,
39286,0.0,1024,empirical_selective,cuda,0.004467720165848732,0.10364212654531002,0.002855749800801277,0.002287607640028,,0.009841009974479675,,0.14964001812040806,0.02131912112236023,0.003055403009057045
39286,0.0,1024,certified_fallback,cuda,0.004467720165848732,0.10364212654531002,0.002855749800801277,0.002281075343489647,,0.005502939224243164,,0.14213274791836739,0.02131912112236023,0.0
39286,0.0,1024,fine_mc,cpu,0.005056565627455711,0.1647339016199112,0.002841660752892494,0.03214915469288826,0.0,0.0,0.0013152193278074265,0.20653320476412773,,
39286,0.15,256,fine_mc,cuda,0.0056469012051820755,0.024053916335105896,0.0007371939718723297,0.0011486485600471497,0.0011018879413604737,0.005141044035553932,0.0005483310669660568,0.03811955824494362,,
39286,0.15,256,empirical_selective,cuda,0.0056469012051820755,0.024053916335105896,0.0007371939718723297,0.001018185168504715,,0.00207420252263546,,0.04046275280416012,0.005182219669222832,0.000666474923491478
39286,0.15,256,certified_fallback,cuda,0.0056469012051820755,0.024053916335105896,0.0007371939718723297,0.0009041056036949158,,0.001355620101094246,,0.03888951241970062,0.005182219669222832,0.0
39286,0.15,256,fine_mc,cpu,0.005164666101336479,0.02304523065686226,0.0008254647254943848,0.006446832790970802,0.0,0.0,0.00032209232449531555,0.03613276220858097,,
39286,0.15,1024,fine_mc,cuda,0.0051333047449588776,0.115544768050313,0.0032118409872055054,0.0022804271429777145,0.002247711896896362,0.010019749402999878,0.0015938915312290192,0.13846885971724987,,
39286,0.15,1024,empirical_selective,cuda,0.0051333047449588776,0.115544768050313,0.0032118409872055054,0.00229523703455925,,0.010883085429668427,,0.16728942096233368,0.024660373106598854,0.0032780617475509644
39286,0.15,1024,certified_fallback,cuda,0.0051333047449588776,0.115544768050313,0.0032118409872055054,0.0022917557507753372,,0.00583253800868988,,0.15870455093681812,0.024660373106598854,0.0
39286,0.15,1024,fine_mc,cpu,0.0053541772067546844,0.1693791151046753,0.0028309915214776993,0.03015732951462269,0.0,0.0,0.001215968281030655,0.20941521599888802,,
39286,1.0,256,fine_mc,cuda,0.007694825530052185,0.0005970709025859833,0.000752527266740799,0.0009174365550279617,0.000886784017086029,0.004770003259181976,0.000440891832113266,0.015689318999648094,,
39286,1.0,256,empirical_selective,cuda,0.007694825530052185,0.0005970709025859833,0.000752527266740799,0.0009640771895647049,,0.004597201943397522,,0.021057000383734703,0.004984775558114052,0.0005316846072673798
39286,1.0,256,certified_fallback,cuda,0.007694825530052185,0.0005970709025859833,0.000752527266740799,0.0009636152535676956,,0.004632145166397095,,0.02044682390987873,0.004984775558114052,0.0
39286,1.0,256,fine_mc,cpu,0.006125170737504959,0.00039463117718696594,0.000703735277056694,0.005858659744262695,0.0,0.0,0.0003306400030851364,0.013733446598052979,,
39286,1.0,1024,fine_mc,cuda,0.006540404632687569,0.002553677186369896,0.004440242424607277,0.0023244954645633698,0.002283776044845581,0.010125737637281418,0.0015963707119226456,0.02826271951198578,,
39286,1.0,1024,empirical_selective,cuda,0.006540404632687569,0.002553677186369896,0.004440242424607277,0.002290455624461174,,0.005563117563724518,,0.050366273149847984,0.02324904315173626,0.0036439448595046997
39286,1.0,1024,certified_fallback,cuda,0.006540404632687569,0.002553677186369896,0.004440242424607277,0.002304956316947937,,0.005550092086195946,,0.047497162595391273,0.02324904315173626,0.0
39286,1.0,1024,fine_mc,cpu,0.007388031110167503,0.0015822723507881165,0.0025145672261714935,0.023972798138856888,0.0,0.0,0.0013075973838567734,0.037172017619013786,,
39367,0.0,256,fine_mc,cuda,0.004242880269885063,0.021754750981926918,0.000747906044125557,0.0010442379862070084,0.0010058560371398926,0.004564499482512474,0.00042244233191013336,0.0334661528468132,,
39367,0.0,256,empirical_selective,cuda,0.004242880269885063,0.021754750981926918,0.000747906044125557,0.0009740162640810013,,0.004539866000413895,,0.0388070996850729,0.004900043830275536,0.0005981232970952988
39367,0.0,256,certified_fallback,cuda,0.004242880269885063,0.021754750981926918,0.000747906044125557,0.0011502280831336975,,0.004940943792462349,,0.038675880059599876,0.004900043830275536,0.0
39367,0.0,256,fine_mc,cpu,0.0049673765897750854,0.021789604797959328,0.0007152669131755829,0.006009010598063469,0.0,0.0,0.00032772310078144073,0.03425147756934166,,
39367,0.0,1024,fine_mc,cuda,0.004409739747643471,0.10163155011832714,0.002693319693207741,0.002290366217494011,0.0022549760341644288,0.010051952674984932,0.0014285389333963394,0.1232239194214344,,
39367,0.0,1024,empirical_selective,cuda,0.004409739747643471,0.10163155011832714,0.002693319693207741,0.002296965569257736,,0.010480253025889397,,0.14710837416350842,0.020382998511195183,0.0031275395303964615
39367,0.0,1024,certified_fallback,cuda,0.004409739747643471,0.10163155011832714,0.002693319693207741,0.002296626567840576,,0.005636701360344887,,0.13921259716153145,0.020382998511195183,0.0
39367,0.0,1024,fine_mc,cpu,0.004255970939993858,0.16728904284536839,0.00286819227039814,0.03089158423244953,0.0,0.0,0.0011601690202951431,0.20695149526000023,,
39367,0.15,256,fine_mc,cuda,0.005127675831317902,0.02515372820198536,0.0009799785912036896,0.0010441076010465622,0.001003775954246521,0.004649562761187553,0.000446053221821785,0.0380864292383194,,
39367,0.15,256,empirical_selective,cuda,0.005127675831317902,0.02515372820198536,0.0009799785912036896,0.000964239239692688,,0.0049453917890787125,,0.043686047196388245,0.004867255687713623,0.0005524326115846634
39367,0.15,256,certified_fallback,cuda,0.005127675831317902,0.02515372820198536,0.0009799785912036896,0.0009340178221464157,,0.0016602333635091782,,0.039652980864048004,0.004867255687713623,0.0
39367,0.15,256,fine_mc,cpu,0.005018655210733414,0.02207997441291809,0.0007904954254627228,0.0056366510689258575,0.0,0.0,0.00032923370599746704,0.03427557274699211,,
39367,0.15,1024,fine_mc,cuda,0.00497499480843544,0.11258212849497795,0.003006111830472946,0.0023045632988214493,0.002260096073150635,0.009988278150558472,0.001433221623301506,0.13500652462244034,,
39367,0.15,1024,empirical_selective,cuda,0.00497499480843544,0.11258212849497795,0.003006111830472946,0.0022870562970638275,,0.01024424098432064,,0.16082941368222237,0.021332258358597755,0.004186868667602539
39367,0.15,1024,certified_fallback,cuda,0.00497499480843544,0.11258212849497795,0.003006111830472946,0.00230487622320652,,0.005559941753745079,,0.1518515907227993,0.021332258358597755,0.0
39367,0.15,1024,fine_mc,cpu,0.005066625773906708,0.16745057329535484,0.0027535520493984222,0.03165546990931034,0.0,0.0,0.0011869482696056366,0.20856114849448204,,
39367,1.0,256,fine_mc,cuda,0.00733594037592411,0.0005785655230283737,0.0007448345422744751,0.0010764971375465393,0.0010440000295639038,0.0015472490340471268,0.0004360415041446686,0.012271836400032043,,
39367,1.0,256,empirical_selective,cuda,0.00733594037592411,0.0005785655230283737,0.0007448345422744751,0.0011133868247270584,,0.001564260572195053,,0.01814330741763115,0.0052882470190525055,0.0005206428468227386
39367,1.0,256,certified_fallback,cuda,0.00733594037592411,0.0005785655230283737,0.0007448345422744751,0.0010962579399347305,,0.0015691034495830536,,0.017647311091423035,0.0052882470190525055,0.0
39367,1.0,256,fine_mc,cpu,0.006074480712413788,0.0003886222839355469,0.000748293474316597,0.005856502801179886,0.0,0.0,0.00037366338074207306,0.013823632150888443,,
39367,1.0,1024,fine_mc,cuda,0.006114950403571129,0.0017605610191822052,0.0026822593063116074,0.0023221559822559357,0.0022765119075775146,0.005953693762421608,0.001466570422053337,0.02098555862903595,,
39367,1.0,1024,empirical_selective,cuda,0.006114950403571129,0.0017605610191822052,0.0026822593063116074,0.0023022890090942383,,0.009640496224164963,,0.05251245014369488,0.023276101797819138,0.0035700835287570953
39367,1.0,1024,certified_fallback,cuda,0.006114950403571129,0.0017605610191822052,0.0026822593063116074,0.0022939350455999374,,0.008001301437616348,,0.04630556330084801,0.023276101797819138,0.0
39367,1.0,1024,fine_mc,cpu,0.008056588470935822,0.0014100801199674606,0.006192496046423912,0.025700340047478676,0.0,0.0,0.001292077824473381,0.04312865994870663,,
39449,0.0,256,fine_mc,cuda,0.004468878731131554,0.02135040983557701,0.0009978096932172775,0.0010320153087377548,0.0009921600222587586,0.005366077646613121,0.0006084535270929337,0.034428199753165245,,
39449,0.0,256,empirical_selective,cuda,0.004468878731131554,0.02135040983557701,0.0009978096932172775,0.0009697061032056808,,0.0016060303896665573,,0.0357540063560009,0.004789713770151138,0.0006233267486095428
39449,0.0,256,certified_fallback,cuda,0.004468878731131554,0.02135040983557701,0.0009978096932172775,0.0008909553289413452,,0.0015437062829732895,,0.034905070438981056,0.004789713770151138,0.0
39449,0.0,256,fine_mc,cpu,0.004399560391902924,0.020970774814486504,0.0009676981717348099,0.006266724318265915,0.0,0.0,0.0003280322998762131,0.033255115151405334,,
39449,0.0,1024,fine_mc,cuda,0.005983751267194748,0.10224318318068981,0.002747228369116783,0.002306487411260605,0.0022704639434814452,0.009775899350643158,0.0015398524701595306,0.12520733661949635,,
39449,0.0,1024,empirical_selective,cuda,0.005983751267194748,0.10224318318068981,0.002747228369116783,0.002299075946211815,,0.010148851200938225,,0.1488516964018345,0.020314423367381096,0.003083040937781334
39449,0.0,1024,certified_fallback,cuda,0.005983751267194748,0.10224318318068981,0.002747228369116783,0.002285616472363472,,0.006208602339029312,,0.14203958585858345,0.020314423367381096,0.0
39449,0.0,1024,fine_mc,cpu,0.00441473163664341,0.16204575076699257,0.0027819089591503143,0.031163927167654037,0.0,0.0,0.0013541411608457565,0.20216056518256664,,
39449,0.15,256,fine_mc,cuda,0.005094405263662338,0.021832412108778954,0.0008446648716926575,0.0010309554636478424,0.0009933440089225768,0.005630899220705032,0.0004348345100879669,0.035481275990605354,,
39449,0.15,256,empirical_selective,cuda,0.005094405263662338,0.021832412108778954,0.0008446648716926575,0.0009784679859876633,,0.0017136000096797943,,0.03836710564792156,0.00623607262969017,0.0006862357258796692
39449,0.15,256,certified_fallback,cuda,0.005094405263662338,0.021832412108778954,0.0008446648716926575,0.0009000953286886215,,0.001653069630265236,,0.03744429163634777,0.00623607262969017,0.0
39449,0.15,256,fine_mc,cpu,0.004990866407752037,0.02227017469704151,0.0007263664156198502,0.0062607936561107635,0.0,0.0,0.0003714822232723236,0.03499549441039562,,
39449,0.15,1024,fine_mc,cuda,0.004840323701500893,0.11023957096040249,0.002979440614581108,0.002285316586494446,0.0022532479763031008,0.010440690442919731,0.001437978819012642,0.13282068073749542,,
39449,0.15,1024,empirical_selective,cuda,0.004840323701500893,0.11023957096040249,0.002979440614581108,0.002278827130794525,,0.004024118185043335,,0.14882642403244972,0.01901301182806492,0.003426371142268181
39449,0.15,1024,certified_fallback,cuda,0.004840323701500893,0.11023957096040249,0.002979440614581108,0.002281568944454193,,0.004030479118227959,,0.14543705992400646,0.01901301182806492,0.0
39449,0.15,1024,fine_mc,cpu,0.005051854997873306,0.11391572840511799,0.0028420500457286835,0.023704426363110542,0.0,0.0,0.0011859890073537827,0.14708582125604153,,
39449,1.0,256,fine_mc,cuda,0.0061228834092617035,0.0005888435989618301,0.0007917061448097229,0.0009202156215906143,0.00088755202293396,0.004636721685528755,0.00038954056799411774,0.013896388933062553,,
39449,1.0,256,empirical_selective,cuda,0.0061228834092617035,0.0005888435989618301,0.0007917061448097229,0.001010756939649582,,0.004661591723561287,,0.020185643807053566,0.0051186177879571915,0.0009524188935756683
39449,1.0,256,certified_fallback,cuda,0.0061228834092617035,0.0005888435989618301,0.0007917061448097229,0.0009104069322347641,,0.0045451819896698,,0.018914734944701195,0.0051186177879571915,0.0
39449,1.0,256,fine_mc,cpu,0.006177891045808792,0.00038600340485572815,0.0006349533796310425,0.005413860082626343,0.0,0.0,0.0003040917217731476,0.013224948197603226,,
39449,1.0,1024,fine_mc,cuda,0.006242513656616211,0.0017971806228160858,0.002593390643596649,0.0022904444485902786,0.002248960018157959,0.011012168601155281,0.0017787124961614609,0.027828974649310112,,
39449,1.0,1024,empirical_selective,cuda,0.006242513656616211,0.0017971806228160858,0.002593390643596649,0.002291535958647728,,0.00555063784122467,,0.0431267898529768,0.01895155943930149,0.003624947741627693
39449,1.0,1024,certified_fallback,cuda,0.006242513656616211,0.0017971806228160858,0.002593390643596649,0.002296188846230507,,0.011157538741827011,,0.045081932097673416,0.01895155943930149,0.0
39449,1.0,1024,fine_mc,cpu,0.00638202391564846,0.0018759425729513168,0.0025739502161741257,0.025742700323462486,0.0,0.0,0.0012916475534439087,0.038246577605605125,,
39530,0.0,256,fine_mc,cuda,0.004229459911584854,0.021984143182635307,0.0008349064737558365,0.0011006388813257217,0.001059648036956787,0.004704693332314491,0.0004276242107152939,0.03395956754684448,,
39530,0.0,256,empirical_selective,cuda,0.004229459911584854,0.021984143182635307,0.0008349064737558365,0.001010427251458168,,0.004797803238034248,,0.039747778326272964,0.004884393885731697,0.0006932131946086884
39530,0.0,256,certified_fallback,cuda,0.004229459911584854,0.021984143182635307,0.0008349064737558365,0.0009341854602098465,,0.004644133150577545,,0.03840219788253307,0.004884393885731697,0.0
39530,0.0,256,fine_mc,cpu,0.004385009407997131,0.020451504737138748,0.0007954034954309464,0.005877131596207619,0.0,0.0,0.0003308430314064026,0.03226684592664242,,
39530,0.0,1024,fine_mc,cuda,0.0045707449316978455,0.10520698502659798,0.002536546438932419,0.0022943858057260513,0.0022586560249328613,0.009733438491821289,0.0014324132353067398,0.12650535441935062,,
39530,0.0,1024,empirical_selective,cuda,0.0045707449316978455,0.10520698502659798,0.002536546438932419,0.0023133661597967148,,0.009732995182275772,,0.1491131205111742,0.019141504541039467,0.0033491719514131546
39530,0.0,1024,certified_fallback,cuda,0.0045707449316978455,0.10520698502659798,0.002536546438932419,0.0022888164967298508,,0.005564138293266296,,0.14147878997027874,0.019141504541039467,0.0
39530,0.0,1024,fine_mc,cpu,0.0044596828520298,0.16362062469124794,0.00614948570728302,0.025468839332461357,0.0,0.0,0.0012866780161857605,0.2014844100922346,,
39530,0.15,256,fine_mc,cuda,0.005111506208777428,0.02541542798280716,0.0009822770953178406,0.0010414067655801773,0.0010044480562210083,0.004663132131099701,0.00044015422463417053,0.03833681903779507,,
39530,0.15,256,empirical_selective,cuda,0.005111506208777428,0.02541542798280716,0.0009822770953178406,0.001110568642616272,,0.004858391359448433,,0.04428433068096638,0.004977725446224213,0.0007474850863218307
39530,0.15,256,certified_fallback,cuda,0.005111506208777428,0.02541542798280716,0.0009822770953178406,0.0008867662400007248,,0.0046218037605285645,,0.04291845113039017,0.004977725446224213,0.0
39530,0.15,256,fine_mc,cpu,0.005004294216632843,0.022429555654525757,0.0007422454655170441,0.0062387846410274506,0.0,0.0,0.00033358484506607056,0.035173188894987106,,
39530,0.15,1024,fine_mc,cuda,0.00495445542037487,0.11195662431418896,0.0024110879749059677,0.002305995672941208,0.0022677440643310547,0.010049352422356606,0.0014357492327690125,0.1338122058659792,,
39530,0.15,1024,empirical_selective,cuda,0.00495445542037487,0.11195662431418896,0.0024110879749059677,0.0023020561784505844,,0.009794937446713448,,0.15702310763299465,0.020552994683384895,0.0028865206986665726
39530,0.15,1024,certified_fallback,cuda,0.00495445542037487,0.11195662431418896,0.0024110879749059677,0.0022890474647283554,,0.005633411929011345,,0.1499732993543148,0.020552994683384895,0.0
39530,0.15,1024,fine_mc,cpu,0.0050349049270153046,0.16999847069382668,0.0024682283401489258,0.02904866263270378,0.0,0.0,0.0013084784150123596,0.2083290833979845,,
39530,1.0,256,fine_mc,cuda,0.00620800256729126,0.0005950257182121277,0.0006362535059452057,0.0008899364620447159,0.0008614400029182434,0.001533830538392067,0.00038769282400608063,0.010770048946142197,,
39530,1.0,256,empirical_selective,cuda,0.00620800256729126,0.0005950257182121277,0.0006362535059452057,0.0009699054062366486,,0.0016177687793970108,,0.01678267866373062,0.004908233880996704,0.0008337050676345825
39530,1.0,256,certified_fallback,cuda,0.00620800256729126,0.0005950257182121277,0.0006362535059452057,0.0008574686944484711,,0.0015139319002628326,,0.01613074541091919,0.004908233880996704,0.0
39530,1.0,256,fine_mc,cpu,0.006260912865400314,0.0003770720213651657,0.000649062916636467,0.006130823865532875,0.0,0.0,0.000320950523018837,0.016941746696829796,,
39530,1.0,1024,fine_mc,cuda,0.0063466038554906845,0.002067314460873604,0.0026148874312639236,0.0022900663316249847,0.002253632068634033,0.005627911537885666,0.0015262309461832047,0.021147388964891434,,
39530,1.0,1024,empirical_selective,cuda,0.0063466038554906845,0.002067314460873604,0.0026148874312639236,0.0022902563214302063,,0.009988360106945038,,0.0524238720536232,0.023776235058903694,0.0031805727630853653
39530,1.0,1024,certified_fallback,cuda,0.0063466038554906845,0.002067314460873604,0.0026148874312639236,0.0022877156734466553,,0.0056633055210113525,,0.04485972225666046,0.023776235058903694,0.0
39530,1.0,1024,fine_mc,cpu,0.006870828568935394,0.0015172511339187622,0.006668165326118469,0.027225401252508163,0.0,0.0,0.0012578386813402176,0.044051771983504295,,
39611,0.0,256,fine_mc,cuda,0.004287479445338249,0.02087375707924366,0.0013655386865139008,0.0011430978775024414,0.0011047999858856202,0.004912864416837692,0.0004264023154973984,0.03362969495356083,,
39611,0.0,256,empirical_selective,cuda,0.004287479445338249,0.02087375707924366,0.0013655386865139008,0.0010344069451093674,,0.004914755001664162,,0.03927183337509632,0.0049565136432647705,0.0008293744176626205
39611,0.0,256,certified_fallback,cuda,0.004287479445338249,0.02087375707924366,0.0013655386865139008,0.0008821673691272736,,0.004761561751365662,,0.03798815421760082,0.0049565136432647705,0.0
39611,0.0,256,fine_mc,cpu,0.0045474823564291,0.02182392030954361,0.0007073953747749329,0.005751630291342735,0.0,0.0,0.000316692516207695,0.03347676247358322,,
39611,0.0,1024,fine_mc,cuda,0.004462510347366333,0.11104842834174633,0.0024957656860351562,0.002295786514878273,0.0022631680965423586,0.010229291394352913,0.00144939124584198,0.1326171401888132,,
39611,0.0,1024,empirical_selective,cuda,0.004462510347366333,0.11104842834174633,0.0024957656860351562,0.0022964831441640854,,0.011110125109553337,,0.1568302195519209,0.019313005730509758,0.00399186834692955
39611,0.0,1024,certified_fallback,cuda,0.004462510347366333,0.11104842834174633,0.0024957656860351562,0.0022885967046022415,,0.006068291142582893,,0.1477441880851984,0.019313005730509758,0.0
39611,0.0,1024,fine_mc,cpu,0.0045302920043468475,0.1596311777830124,0.005819013342261314,0.025565598160028458,0.0,0.0,0.0012992210686206818,0.1972615160048008,,
39611,0.15,256,fine_mc,cuda,0.005185434594750404,0.022273216396570206,0.0009612981230020523,0.0010422281920909882,0.001000991940498352,0.005084134638309479,0.0004299227148294449,0.03560402803122997,,
39611,0.15,256,empirical_selective,cuda,0.005185434594750404,0.022273216396570206,0.0009612981230020523,0.0010049156844615936,,0.004780571907758713,,0.04093753360211849,0.004946492612361908,0.0007289666682481766
39611,0.15,256,certified_fallback,cuda,0.005185434594750404,0.022273216396570206,0.0009612981230020523,0.0008866842836141586,,0.004671821370720863,,0.039827654138207436,0.004946492612361908,0.0
39611,0.15,256,fine_mc,cpu,0.0050816964358091354,0.02201373688876629,0.0007571447640657425,0.005996910855174065,0.0,0.0,0.0003275517374277115,0.03452662564814091,,
39611,0.15,1024,fine_mc,cuda,0.004907215014100075,0.11066094599664211,0.002552274614572525,0.0022874865680933,0.0022557759284973144,0.010671116411685944,0.001432269811630249,0.13313955999910831,,
39611,0.15,1024,empirical_selective,cuda,0.004907215014100075,0.11066094599664211,0.002552274614572525,0.0023040957748889923,,0.01024533249437809,,0.15571257658302784,0.019526256248354912,0.0031721126288175583
39611,0.15,1024,certified_fallback,cuda,0.004907215014100075,0.11066094599664211,0.002552274614572525,0.0022944267839193344,,0.006203275173902512,,0.14819709584116936,0.019526256248354912,0.0
39611,0.15,1024,fine_mc,cpu,0.005109677091240883,0.16757157072424889,0.0030348803848028183,0.023012390360236168,0.0,0.0,0.0013051796704530716,0.20043454132974148,,
39611,1.0,256,fine_mc,cuda,0.0061659254133701324,0.0005912259221076965,0.001097988337278366,0.000923648476600647,0.0008945599794387818,0.004766874015331268,0.0004078429192304611,0.014409853145480156,,
39611,1.0,256,empirical_selective,cuda,0.0061659254133701324,0.0005912259221076965,0.001097988337278366,0.0009372066706418991,,0.004689011722803116,,0.020349031314253807,0.004881793633103371,0.000490853562951088
39611,1.0,256,certified_fallback,cuda,0.0061659254133701324,0.0005912259221076965,0.001097988337278366,0.0009386353194713593,,0.004638444632291794,,0.019113432615995407,0.004881793633103371,0.0
39611,1.0,256,fine_mc,cpu,0.006231101229786873,0.00038642436265945435,0.0006913747638463974,0.005729358643293381,0.0,0.0,0.00032585300505161285,0.01367347501218319,,
39611,1.0,1024,fine_mc,cuda,0.006303602829575539,0.0020692329853773117,0.0023706182837486267,0.002283206209540367,0.0022474880218505858,0.011194748803973198,0.0014327093958854675,0.026270773261785507,,
39611,1.0,1024,empirical_selective,cuda,0.006303602829575539,0.0020692329853773117,0.0023706182837486267,0.002280496060848236,,0.005807079374790192,,0.043215224519371986,0.019574297592043877,0.002795349806547165
39611,1.0,1024,certified_fallback,cuda,0.006303602829575539,0.0020692329853773117,0.0023706182837486267,0.002284696325659752,,0.005791747942566872,,0.040472107008099556,0.019574297592043877,0.0
39611,1.0,1024,fine_mc,cpu,0.006468355655670166,0.0016500391066074371,0.0025379471480846405,0.02384079620242119,0.0,0.0,0.001400880515575409,0.03631896339356899,,
39692,0.0,256,fine_mc,cuda,0.00419975072145462,0.02083878591656685,0.0010263770818710327,0.0010091867297887802,0.0009735040068626404,0.0013557691127061844,0.00041570141911506653,0.02940632589161396,,
39692,0.0,256,empirical_selective,cuda,0.00419975072145462,0.02083878591656685,0.0010263770818710327,0.0009086057543754578,,0.001142827793955803,,0.03438807651400566,0.004824403673410416,0.000519363209605217
39692,0.0,256,certified_fallback,cuda,0.00419975072145462,0.02083878591656685,0.0010263770818710327,0.0009019877761602402,,0.0012677405029535294,,0.03386900573968887,0.004824403673410416,0.0
39692,0.0,256,fine_mc,cpu,0.004358250647783279,0.02045273222029209,0.000676814466714859,0.005737548694014549,0.0,0.0,0.0003237631171941757,0.031878892332315445,,
39692,0.0,1024,fine_mc,cuda,0.0044011883437633514,0.10249214805662632,0.00244852714240551,0.00228983536362648,0.0022536640167236327,0.006240274757146835,0.0014921985566616058,0.119947899132967,,
39692,0.0,1024,empirical_selective,cuda,0.0044011883437633514,0.10249214805662632,0.00244852714240551,0.0023229066282510757,,0.010205252096056938,,0.14688082039356232,0.019626688212156296,0.003252284601330757
39692,0.0,1024,certified_fallback,cuda,0.0044011883437633514,0.10249214805662632,0.00244852714240551,0.0023375749588012695,,0.007497761398553848,,0.14085697755217552,0.019626688212156296,0.0
39692,0.0,1024,fine_mc,cpu,0.0044122301042079926,0.16331105306744576,0.002720186486840248,0.031312599778175354,0.0,0.0,0.0012567806988954544,0.20350992865860462,,
39692,0.15,256,fine_mc,cuda,0.005067294463515282,0.024876493960618973,0.0010712780058383942,0.0010129846632480621,0.000973088026046753,0.001737283542752266,0.0004183817654848099,0.034767717123031616,,
39692,0.15,256,empirical_selective,cuda,0.005067294463515282,0.024876493960618973,0.0010712780058383942,0.0010546781122684479,,0.0016263406723737717,,0.040587007999420166,0.005070626735687256,0.0007537249475717545
39692,0.15,256,certified_fallback,cuda,0.005067294463515282,0.024876493960618973,0.0010712780058383942,0.000898268073797226,,0.0016803201287984848,,0.03950074128806591,0.005070626735687256,0.0
39692,0.15,256,fine_mc,cpu,0.005037093535065651,0.023065809160470963,0.0007340759038925171,0.005629930645227432,0.0,0.0,0.0003190040588378906,0.03511066362261772,,
39692,0.15,1024,fine_mc,cuda,0.004814831539988518,0.11148516833782196,0.0025010202080011368,0.0022779926657676697,0.0022474880218505858,0.010808717459440231,0.0015122201293706894,0.13398311473429203,,
39692,0.15,1024,empirical_selective,cuda,0.004814831539988518,0.11148516833782196,0.0025010202080011368,0.0022910162806510925,,0.01055840402841568,,0.1565555352717638,0.018962925300002098,0.003905428573489189
39692,0.15,1024,certified_fallback,cuda,0.004814831539988518,0.11148516833782196,0.0025010202080011368,0.0022840946912765503,,0.006187204271554947,,0.14822283945977688,0.018962925300002098,0.0
39692,0.15,1024,fine_mc,cpu,0.0050840675830841064,0.11485932394862175,0.0024832170456647873,0.02549418993294239,0.0,0.0,0.0012867487967014313,0.14959933795034885,,
39692,1.0,256,fine_mc,cuda,0.00719577819108963,0.0006001926958560944,0.0007769670337438583,0.000922786071896553,0.00089273601770401,0.004577942192554474,0.00040443241596221924,0.014928784221410751,,
39692,1.0,256,empirical_selective,cuda,0.00719577819108963,0.0006001926958560944,0.0007769670337438583,0.0011771786957979202,,0.004574820399284363,,0.02102852798998356,0.005068443715572357,0.0006052739918231964
39692,1.0,256,certified_fallback,cuda,0.00719577819108963,0.0006001926958560944,0.0007769670337438583,0.0011194851249456406,,0.0046563781797885895,,0.0203180443495512,0.005068443715572357,0.0
39692,1.0,256,fine_mc,cpu,0.007717464119195938,0.0003759153187274933,0.000646933913230896,0.005884652957320213,0.0,0.0,0.00031716376543045044,0.01526113972067833,,
39692,1.0,1024,fine_mc,cuda,0.006249316036701202,0.002284366637468338,0.002550395205616951,0.002274688333272934,0.0022451839447021485,0.011854995042085648,0.0014224573969841003,0.02721094898879528,,
39692,1.0,1024,empirical_selective,cuda,0.006249316036701202,0.002284366637468338,0.002550395205616951,0.00228249654173851,,0.005774559453129768,,0.044436126947402954,0.020022686570882797,0.002990640699863434
39692,1.0,1024,certified_fallback,cuda,0.006249316036701202,0.002284366637468338,0.002550395205616951,0.0022811852395534515,,0.006043141707777977,,0.04149048216640949,0.020022686570882797,0.0
39692,1.0,1024,fine_mc,cpu,0.0064017437398433685,0.0013545714318752289,0.0027704667299985886,0.02538815699517727,0.0,0.0,0.0012867804616689682,0.03760500252246857,,
39773,0.0,256,fine_mc,cuda,0.004218731075525284,0.02290917932987213,0.0009574592113494873,0.0010480992496013641,0.001009567975997925,0.004983436316251755,0.0004334729164838791,0.03514264523983002,,
39773,0.0,256,empirical_selective,cuda,0.004218731075525284,0.02290917932987213,0.0009574592113494873,0.0009658057242631912,,0.004524532705545425,,0.04007965885102749,0.004943164065480232,0.0005806703120470047
39773,0.0,256,certified_fallback,cuda,0.004218731075525284,0.02290917932987213,0.0009574592113494873,0.0009301789104938507,,0.004507521167397499,,0.039334503933787346,0.004943164065480232,0.0
39773,0.0,256,fine_mc,cpu,0.004407089203596115,0.02044530212879181,0.0008286647498607635,0.006068471819162369,0.0,0.0,0.0003297049552202225,0.0324128195643425,,
39773,0.0,1024,fine_mc,cuda,0.004478910937905312,0.10499735362827778,0.003378242254257202,0.0022889170795679092,0.0022521600723266603,0.010449664667248726,0.0016475636512041092,0.1281303372234106,,
39773,0.0,1024,empirical_selective,cuda,0.004478910937905312,0.10499735362827778,0.003378242254257202,0.0022907163947820663,,0.010785862803459167,,0.15415417961776257,0.02315269224345684,0.0029466021806001663
39773,0.0,1024,certified_fallback,cuda,0.004478910937905312,0.10499735362827778,0.003378242254257202,0.0022796764969825745,,0.006054574623703957,,0.14642628654837608,0.02315269224345684,0.0
39773,0.0,1024,fine_mc,cpu,0.005868969485163689,0.16422331891953945,0.002810349687933922,0.03269531950354576,0.0,0.0,0.0014488212764263153,0.207472687587142,,
39773,0.15,256,fine_mc,cuda,0.005141615867614746,0.0223759263753891,0.000732075423002243,0.0010271687060594559,0.0009915519952774048,0.004570985212922096,0.0004283525049686432,0.03487946279346943,,
39773,0.15,256,empirical_selective,cuda,0.005141615867614746,0.0223759263753891,0.000732075423002243,0.0009733065962791443,,0.004626406356692314,,0.040376391261816025,0.00493624247610569,0.0006018541753292084
39773,0.15,256,certified_fallback,cuda,0.005141615867614746,0.0223759263753891,0.000732075423002243,0.0009225476533174515,,0.004503173753619194,,0.03946308232843876,0.00493624247610569,0.0
39773,0.15,256,fine_mc,cpu,0.005384266376495361,0.024601032957434654,0.0009323563426733017,0.0061401017010211945,0.0,0.0,0.0003178529441356659,0.0377054326236248,,
39773,0.15,1024,fine_mc,cuda,0.004782611504197121,0.11186237260699272,0.00256212055683136,0.0022935960441827774,0.0022607359886169433,0.01097896695137024,0.0014465395361185074,0.13451076112687588,,
39773,0.15,1024,empirical_selective,cuda,0.004782611504197121,0.11186237260699272,0.00256212055683136,0.0023291558027267456,,0.010637333616614342,,0.1586705483496189,0.021345656365156174,0.0030266214162111282
39773,0.15,1024,certified_fallback,cuda,0.004782611504197121,0.11186237260699272,0.00256212055683136,0.002281615510582924,,0.006174283102154732,,0.15098019130527973,0.021345656365156174,0.0
39773,0.15,1024,fine_mc,cpu,0.006280533969402313,0.11292616091668606,0.00344841368496418,0.026555616408586502,0.0,0.0,0.0012848395854234695,0.1509346440434456,,
39773,1.0,256,fine_mc,cuda,0.00618092343211174,0.0006211027503013611,0.0008541028946638107,0.0009144768118858337,0.000883903980255127,0.004619743674993515,0.00042776577174663544,0.014062279835343361,,
39773,1.0,256,empirical_selective,cuda,0.00618092343211174,0.0006211027503013611,0.0008541028946638107,0.000946754589676857,,0.004559870809316635,,0.019661331549286842,0.005023505538702011,0.0005875956267118454
39773,1.0,256,certified_fallback,cuda,0.00618092343211174,0.0006211027503013611,0.0008541028946638107,0.000935899093747139,,0.00457049161195755,,0.018990177661180496,0.005023505538702011,0.0
39773,1.0,256,fine_mc,cpu,0.006896317005157471,0.0004533939063549042,0.0005906634032726288,0.00641065277159214,0.0,0.0,0.00033579207956790924,0.015012478455901146,,
39773,1.0,1024,fine_mc,cuda,0.007006287574768066,0.0017830915749073029,0.0026798900216817856,0.002274986356496811,0.0022455039024353025,0.010108450427651405,0.0014201998710632324,0.02585131861269474,,
39773,1.0,1024,empirical_selective,cuda,0.007006287574768066,0.0017830915749073029,0.0026798900216817856,0.0022776369005441666,,0.005673540756106377,,0.044825611636042595,0.020036570727825165,0.0033531133085489273
39773,1.0,1024,certified_fallback,cuda,0.007006287574768066,0.0017830915749073029,0.0026798900216817856,0.0023115836083889008,,0.006260136142373085,,0.04210169427096844,0.020036570727825165,0.0
39773,1.0,1024,fine_mc,cpu,0.006264902651309967,0.0019317343831062317,0.00269145704805851,0.02556915022432804,0.0,0.0,0.0013059675693511963,0.03816839121282101,,
39855,0.0,256,fine_mc,cuda,0.0042434073984622955,0.021035607904195786,0.0007876362651586533,0.0012770704925060272,0.0012317440509796143,0.00516214594244957,0.000432601198554039,0.03354428522288799,,
39855,0.0,256,empirical_selective,cuda,0.0042434073984622955,0.021035607904195786,0.0007876362651586533,0.0009538587182760239,,0.00470796599984169,,0.03814741596579552,0.004862504079937935,0.0005943123251199722
39855,0.0,256,certified_fallback,cuda,0.0042434073984622955,0.021035607904195786,0.0007876362651586533,0.0009206049144268036,,0.004650590941309929,,0.03730945289134979,0.004862504079937935,0.0
39855,0.0,256,fine_mc,cpu,0.005776062607765198,0.021283235400915146,0.000805465504527092,0.006042059510946274,0.0,0.0,0.0003149639815092087,0.0345578920096159,,
39855,0.0,1024,fine_mc,cuda,0.004446582868695259,0.10346075519919395,0.002627100795507431,0.002286285161972046,0.0022517120838165283,0.011416817083954811,0.001571083441376686,0.12649779580533504,,
39855,0.0,1024,empirical_selective,cuda,0.004446582868695259,0.10346075519919395,0.002627100795507431,0.002306634560227394,,0.01056494377553463,,0.15218224748969078,0.023577986285090446,0.002969689667224884
39855,0.0,1024,certified_fallback,cuda,0.004446582868695259,0.10346075519919395,0.002627100795507431,0.002275615930557251,,0.0060150232166051865,,0.14449475333094597,0.023577986285090446,0.0
39855,0.0,1024,fine_mc,cpu,0.005133764818310738,0.16550469771027565,0.0029261503368616104,0.032264215871691704,0.0,0.0,0.0013136174529790878,0.20754015818238258,,
39855,0.15,256,fine_mc,cuda,0.005173943936824799,0.02216779626905918,0.0008837450295686722,0.0010343082249164581,0.0009984319806098938,0.004657313227653503,0.0004198942333459854,0.034941764548420906,,
39855,0.15,256,empirical_selective,cuda,0.005173943936824799,0.02216779626905918,0.0008837450295686722,0.001193000003695488,,0.004719231277704239,,0.04058079980313778,0.004867624491453171,0.0005752444267272949
39855,0.15,256,certified_fallback,cuda,0.005173943936824799,0.02216779626905918,0.0008837450295686722,0.0009215045720338821,,0.0046735238283872604,,0.03967633284628391,0.004867624491453171,0.0
39855,0.15,256,fine_mc,cpu,0.005219819024205208,0.023918937891721725,0.0006658751517534256,0.005724070593714714,0.0,0.0,0.0003263913094997406,0.0361899808049202,,
39855,0.15,1024,fine_mc,cuda,0.004720553755760193,0.11417859978973866,0.0028347689658403397,0.0023009832948446274,0.0022675518989562988,0.010920898988842964,0.0014282725751399994,0.13696655817329884,,
39855,0.15,1024,empirical_selective,cuda,0.004720553755760193,0.11417859978973866,0.0028347689658403397,0.0023230966180562973,,0.005781570449471474,,0.15996796637773514,0.024578651413321495,0.003482664003968239
39855,0.15,1024,certified_fallback,cuda,0.004720553755760193,0.11417859978973866,0.0028347689658403397,0.0022895950824022293,,0.005851859226822853,,0.1570015288889408,0.024578651413321495,0.0
39855,0.15,1024,fine_mc,cpu,0.0062929242849349976,0.17114128731191158,0.0031169503927230835,0.031735051423311234,0.0,0.0,0.0015228800475597382,0.2142933364957571,,
39855,1.0,256,fine_mc,cuda,0.008024835959076881,0.0006341561675071716,0.0008069034665822983,0.0011905692517757416,0.0011485120058059692,0.0047136954963207245,0.00044837407767772675,0.0163679551333189,,
39855,1.0,256,empirical_selective,cuda,0.008024835959076881,0.0006341561675071716,0.0008069034665822983,0.0010027885437011719,,0.004825074225664139,,0.021641120314598083,0.0048268139362335205,0.0005564950406551361
39855,1.0,256,certified_fallback,cuda,0.008024835959076881,0.0006341561675071716,0.0008069034665822983,0.0009564030915498734,,0.00463477149605751,,0.0207088440656662,0.0048268139362335205,0.0
39855,1.0,256,fine_mc,cpu,0.006154350936412811,0.0004908721894025803,0.0006038844585418701,0.005682200193405151,0.0,0.0,0.0003103017807006836,0.01353660598397255,,
39855,1.0,1024,fine_mc,cuda,0.006215553730726242,0.0022999048233032227,0.002503400668501854,0.002277567982673645,0.0022462399005889894,0.011745613068342209,0.0016399119049310684,0.0273466594517231,,
39855,1.0,1024,empirical_selective,cuda,0.006215553730726242,0.0022999048233032227,0.002503400668501854,0.002285325899720192,,0.005792921409010887,,0.04663591645658016,0.0224379263818264,0.0030958205461502075
39855,1.0,1024,certified_fallback,cuda,0.006215553730726242,0.0022999048233032227,0.002503400668501854,0.0023055672645568848,,0.009969549253582954,,0.04796620458364487,0.0224379263818264,0.0
39855,1.0,1024,fine_mc,cpu,0.006266564130783081,0.0017139427363872528,0.0022168755531311035,0.02181689441204071,0.0,0.0,0.0012533068656921387,0.033609356731176376,,
39936,0.0,256,fine_mc,cuda,0.00423705019056797,0.02320154197514057,0.0007089432328939438,0.0010279063135385513,0.000989408016204834,0.004800673574209213,0.0004420243203639984,0.03507506474852562,,
39936,0.0,256,empirical_selective,cuda,0.00423705019056797,0.02320154197514057,0.0007089432328939438,0.0011783596128225327,,0.0056287795305252075,,0.041475752368569374,0.0049066562205553055,0.0005772039294242859
39936,0.0,256,certified_fallback,cuda,0.00423705019056797,0.02320154197514057,0.0007089432328939438,0.001013968139886856,,0.004925072193145752,,0.03989091143012047,0.0049066562205553055,0.0
39936,0.0,256,fine_mc,cpu,0.004549091681838036,0.020941074937582016,0.0007728561758995056,0.005749072879552841,0.0,0.0,0.00033162161707878113,0.03276964649558067,,
39936,0.0,1024,fine_mc,cuda,0.004470890387892723,0.10238026268780231,0.0027577802538871765,0.0022938959300518036,0.0022625279426574706,0.006036181002855301,0.001472271978855133,0.12008539028465748,,
39936,0.0,1024,empirical_selective,cuda,0.004470890387892723,0.10238026268780231,0.0027577802538871765,0.0022907089442014694,,0.010258819907903671,,0.1504085510969162,0.0228138267993927,0.003291422501206398
39936,0.0,1024,certified_fallback,cuda,0.004470890387892723,0.10238026268780231,0.0027577802538871765,0.0022848155349493027,,0.00626552477478981,,0.1430439967662096,0.0228138267993927,0.0
39936,0.0,1024,fine_mc,cpu,0.004426209256052971,0.1618673224002123,0.002748938277363777,0.022860350087285042,0.0,0.0,0.0012581311166286469,0.1936268862336874,,
39936,0.15,256,fine_mc,cuda,0.005189346149563789,0.027853764593601227,0.0007245223969221115,0.0010402966290712357,0.0009991040229797364,0.004950042814016342,0.0004396233707666397,0.04094444774091244,,
39936,0.15,256,empirical_selective,cuda,0.005189346149563789,0.027853764593601227,0.0007245223969221115,0.001011975109577179,,0.004666715860366821,,0.04621809162199497,0.005048142746090889,0.0005810465663671494
39936,0.15,256,certified_fallback,cuda,0.005189346149563789,0.027853764593601227,0.0007245223969221115,0.0009004157036542892,,0.00495055690407753,,0.04559997469186783,0.005048142746090889,0.0
39936,0.15,256,fine_mc,cpu,0.005092466250061989,0.022880421951413155,0.0010393280535936356,0.005889279767870903,0.0,0.0,0.0003286544233560562,0.03564108908176422,,
39936,0.15,1024,fine_mc,cuda,0.005099356174468994,0.11162504181265831,0.0029611997306346893,0.002277148887515068,0.0022468481063842773,0.011316239833831787,0.001428680494427681,0.13539165817201138,,
39936,0.15,1024,empirical_selective,cuda,0.005099356174468994,0.11162504181265831,0.0029611997306346893,0.0022939853370189667,,0.010731235146522522,,0.15860948152840137,0.02000831998884678,0.003144914284348488
39936,0.15,1024,certified_fallback,cuda,0.005099356174468994,0.11162504181265831,0.0029611997306346893,0.0022825170308351517,,0.0061701033264398575,,0.15029333159327507,0.02000831998884678,0.0
39936,0.15,1024,fine_mc,cpu,0.005255015566945076,0.17340482212603092,0.003119843080639839,0.02407141961157322,0.0,0.0,0.0014041122049093246,0.20772533677518368,,
39936,1.0,256,fine_mc,cuda,0.006301753222942352,0.0006465446203947067,0.0009151250123977661,0.0008653867989778519,0.000835968017578125,0.0015934035181999207,0.00040439143776893616,0.011242108419537544,,
39936,1.0,256,empirical_selective,cuda,0.006301753222942352,0.0006465446203947067,0.0009151250123977661,0.0010231658816337585,,0.0016512386500835419,,0.01746165193617344,0.005140936002135277,0.0007670857012271881
39936,1.0,256,certified_fallback,cuda,0.006301753222942352,0.0006465446203947067,0.0009151250123977661,0.0009175240993499756,,0.001623682677745819,,0.016485076397657394,0.005140936002135277,0.0
39936,1.0,256,fine_mc,cpu,0.00623900443315506,0.00044271163642406464,0.000544324517250061,0.006258171051740646,0.0,0.0,0.0003284625709056854,0.016685396432876587,,
39936,1.0,1024,fine_mc,cuda,0.006272332742810249,0.0018805842846632004,0.00276808999478817,0.002298295497894287,0.0022615039348602294,0.0061515942215919495,0.001498708501458168,0.021546972915530205,,
39936,1.0,1024,empirical_selective,cuda,0.006272332742810249,0.0018805842846632004,0.00276808999478817,0.0022996049374341965,,0.011101488023996353,,0.05065351538360119,0.021147776395082474,0.003047412261366844
39936,1.0,1024,certified_fallback,cuda,0.006272332742810249,0.0018805842846632004,0.00276808999478817,0.002300206571817398,,0.00622536800801754,,0.042666956782341,0.021147776395082474,0.0
39936,1.0,1024,fine_mc,cpu,0.006720338016748428,0.0034518446773290634,0.004132218658924103,0.0344921313226223,0.0,0.0,0.0011766385287046432,0.050464292988181114,,
40017,0.0,256,fine_mc,cuda,0.004251811653375626,0.021042637526988983,0.0007364470511674881,0.0010488275438547134,0.0010090240240097047,0.004612121731042862,0.00044146180152893066,0.032703498378396034,,
40017,0.0,256,empirical_selective,cuda,0.004251811653375626,0.021042637526988983,0.0007364470511674881,0.0010231882333755493,,0.004692913964390755,,0.038534682244062424,0.005200637504458427,0.0006665624678134918
40017,0.0,256,certified_fallback,cuda,0.004251811653375626,0.021042637526988983,0.0007364470511674881,0.000929906964302063,,0.004675684496760368,,0.03767611272633076,0.005200637504458427,0.0
40017,0.0,256,fine_mc,cpu,0.00437094084918499,0.021513720974326134,0.0006419941782951355,0.005651487037539482,0.0,0.0,0.0003414526581764221,0.03284451924264431,,
40017,0.0,1024,fine_mc,cuda,0.004492521286010742,0.10861922800540924,0.0024713966995477676,0.0023060087114572525,0.002269695997238159,0.010718433186411858,0.0014502480626106262,0.13068484514951706,,
40017,0.0,1024,empirical_selective,cuda,0.004492521286010742,0.10861922800540924,0.0024713966995477676,0.0022852644324302673,,0.012026175856590271,,0.15448940359055996,0.018907632678747177,0.0035254433751106262
40017,0.0,1024,certified_fallback,cuda,0.004492521286010742,0.10861922800540924,0.0024713966995477676,0.0022877659648656845,,0.005948938429355621,,0.14468075521290302,0.018907632678747177,0.0
40017,0.0,1024,fine_mc,cpu,0.004745302721858025,0.16748962178826332,0.002835869789123535,0.031034229323267937,0.0,0.0,0.0012664888054132462,0.20774170383810997,,
40017,0.15,256,fine_mc,cuda,0.005152976140379906,0.023466533049941063,0.0009143054485321045,0.0010368376970291138,0.0009992640018463134,0.004579991102218628,0.00042566098272800446,0.036174844950437546,,
40017,0.15,256,empirical_selective,cuda,0.005152976140379906,0.023466533049941063,0.0009143054485321045,0.001012386754155159,,0.0045128315687179565,,0.04192119464278221,0.004989825189113617,0.000881783664226532
40017,0.15,256,certified_fallback,cuda,0.005152976140379906,0.023466533049941063,0.0009143054485321045,0.0008843559771776199,,0.004489889368414879,,0.04071494936943054,0.004989825189113617,0.0
40017,0.15,256,fine_mc,cpu,0.005006175488233566,0.02267620898783207,0.0006897356361150742,0.006606336683034897,0.0,0.0,0.0003006923943758011,0.03560510091483593,,
40017,0.15,1024,fine_mc,cuda,0.005410796031355858,0.11322557553648949,0.0034882444888353348,0.0022813081741333008,0.0022494399547576902,0.010944750159978867,0.0014324914664030075,0.137356111779809,,
40017,0.15,1024,empirical_selective,cuda,0.005410796031355858,0.11322557553648949,0.0034882444888353348,0.0022884551435709,,0.010671444237232208,,0.1593696866184473,0.018918652087450027,0.003318134695291519
40017,0.15,1024,certified_fallback,cuda,0.005410796031355858,0.11322557553648949,0.0034882444888353348,0.0022942833602428436,,0.0057127587497234344,,0.15101314894855022,0.018918652087450027,0.0
40017,0.15,1024,fine_mc,cpu,0.005136676132678986,0.17336157150566578,0.0024506375193595886,0.028732430189847946,0.0,0.0,0.0013190209865570068,0.21139351278543472,,
40017,1.0,256,fine_mc,cuda,0.006449982523918152,0.000752326101064682,0.001386839896440506,0.000964045524597168,0.0009341440200805664,0.004903001710772514,0.0003953315317630768,0.01532277837395668,,
40017,1.0,256,empirical_selective,cuda,0.006449982523918152,0.000752326101064682,0.001386839896440506,0.000999007374048233,,0.0045095812529325485,,0.020548854023218155,0.004881164059042931,0.0006428845226764679
40017,1.0,256,certified_fallback,cuda,0.006449982523918152,0.000752326101064682,0.001386839896440506,0.0009062252938747406,,0.004505278542637825,,0.019690830260515213,0.004881164059042931,0.0
40017,1.0,256,fine_mc,cpu,0.006209844723343849,0.0003833044320344925,0.0006484538316726685,0.005974370986223221,0.0,0.0,0.0003181733191013336,0.013844717293977737,,
40017,1.0,1024,fine_mc,cuda,0.006321422755718231,0.0018149428069591522,0.0025200843811035156,0.002290423959493637,0.0022532479763031008,0.011492280289530754,0.001511288806796074,0.026558006182312965,,
40017,1.0,1024,empirical_selective,cuda,0.006321422755718231,0.0018149428069591522,0.0025200843811035156,0.002283034846186638,,0.005754997953772545,,0.04239733703434467,0.01898295432329178,0.0027038175612688065
40017,1.0,1024,certified_fallback,cuda,0.006321422755718231,0.0018149428069591522,0.0025200843811035156,0.0022826939821243286,,0.005716321989893913,,0.03963872976601124,0.01898295432329178,0.0
40017,1.0,1024,fine_mc,cpu,0.006389135494828224,0.001944664865732193,0.0023702234029769897,0.02220727689564228,0.0,0.0,0.001285037025809288,0.03458048030734062,,
40098,0.0,256,fine_mc,cuda,0.004228489473462105,0.02354644425213337,0.0007313843816518784,0.001035856083035469,0.000997983992099762,0.004840504378080368,0.00043047405779361725,0.03541939705610275,,
40098,0.0,256,empirical_selective,cuda,0.004228489473462105,0.02354644425213337,0.0007313843816518784,0.0009619984775781631,,0.004815246909856796,,0.040686074644327164,0.004918994382023811,0.0005205255001783371
40098,0.0,256,certified_fallback,cuda,0.004228489473462105,0.02354644425213337,0.0007313843816518784,0.0009289663285017014,,0.004610011354088783,,0.039792975410819054,0.004918994382023811,0.0
40098,0.0,256,fine_mc,cpu,0.004361128434538841,0.021937675774097443,0.0009871292859315872,0.005776340141892433,0.0,0.0,0.00035105273127555847,0.033747514709830284,,
40098,0.0,1024,fine_mc,cuda,0.004426838830113411,0.10358791425824165,0.00284578837454319,0.002286825329065323,0.002255840063095093,0.010764336213469505,0.0014890525490045547,0.12600818276405334,,
40098,0.0,1024,empirical_selective,cuda,0.004426838830113411,0.10358791425824165,0.00284578837454319,0.0022940244525671005,,0.01197005994617939,,0.15291521325707436,0.022610828280448914,0.0030589792877435684
40098,0.0,1024,certified_fallback,cuda,0.004426838830113411,0.10358791425824165,0.00284578837454319,0.0022854041308164597,,0.0059067606925964355,,0.14367461949586868,0.022610828280448914,0.0
40098,0.0,1024,fine_mc,cpu,0.004407960921525955,0.16905302181839943,0.002593148499727249,0.027828296646475792,0.0,0.0,0.0012644603848457336,0.20554712042212486,,
40098,0.15,256,fine_mc,cuda,0.005316134542226791,0.023339472711086273,0.0009707380086183548,0.0010442081838846207,0.0010077760219573974,0.004663893952965736,0.0004295632243156433,0.036394914612174034,,
40098,0.15,256,empirical_selective,cuda,0.005316134542226791,0.023339472711086273,0.0009707380086183548,0.0009754672646522522,,0.004508374258875847,,0.041665032505989075,0.005036685615777969,0.0005312841385602951
40098,0.15,256,certified_fallback,cuda,0.005316134542226791,0.023339472711086273,0.0009707380086183548,0.0009468160569667816,,0.004514431580901146,,0.04097510688006878,0.005036685615777969,0.0
40098,0.15,256,fine_mc,cpu,0.005024004727602005,0.02209826558828354,0.0007977653294801712,0.00594836100935936,0.0,0.0,0.00035790540277957916,0.03456656448543072,,
40098,0.15,1024,fine_mc,cuda,0.0049131568521261215,0.11175835132598877,0.0031745340675115585,0.002281956374645233,0.002249056100845337,0.010502364486455917,0.0015826821327209473,0.13480732217431068,,
40098,0.15,1024,empirical_selective,cuda,0.0049131568521261215,0.11175835132598877,0.0031745340675115585,0.002302415668964386,,0.010923417285084724,,0.15849673748016357,0.020307252183556557,0.0030270013958215714
40098,0.15,1024,certified_fallback,cuda,0.0049131568521261215,0.11175835132598877,0.0031745340675115585,0.0022835563868284225,,0.006064543500542641,,0.15054486133158207,0.020307252183556557,0.0
40098,0.15,1024,fine_mc,cpu,0.005150539800524712,0.1763067115098238,0.003335101529955864,0.03049016371369362,0.0,0.0,0.0013214889913797379,0.21697532199323177,,
40098,1.0,256,fine_mc,cuda,0.006215263158082962,0.0007177256047725677,0.0006540548056364059,0.0009040478616952896,0.0008756160140037536,0.0044921282678842545,0.00040363334119319916,0.01382896862924099,,
40098,1.0,256,empirical_selective,cuda,0.006215263158082962,0.0007177256047725677,0.0006540548056364059,0.0009286347776651382,,0.0044727083295583725,,0.019463537260890007,0.004996906965970993,0.000550324097275734
40098,1.0,256,certified_fallback,cuda,0.006215263158082962,0.0007177256047725677,0.0006540548056364059,0.0009374283254146576,,0.00499231182038784,,0.019331635907292366,0.004996906965970993,0.0
40098,1.0,256,fine_mc,cpu,0.006204444915056229,0.0005097407847642899,0.0005830340087413788,0.005930270999670029,0.0,0.0,0.00033629313111305237,0.013856809586286545,,
40098,1.0,1024,fine_mc,cuda,0.00632140226662159,0.0017823632806539536,0.0023244470357894897,0.0022845733910799026,0.0022491199970245362,0.011986514553427696,0.00142659991979599,0.02674221619963646,,
40098,1.0,1024,empirical_selective,cuda,0.00632140226662159,0.0017823632806539536,0.0023244470357894897,0.0022856462746858597,,0.005732592195272446,,0.0427772905677557,0.019610077142715454,0.0027068182826042175
40098,1.0,1024,certified_fallback,cuda,0.00632140226662159,0.0017823632806539536,0.0023244470357894897,0.002280374988913536,,0.005983380600810051,,0.040277620777487755,0.019610077142715454,0.0
40098,1.0,1024,fine_mc,cpu,0.0064191557466983795,0.002133745700120926,0.002333417534828186,0.02287336066365242,0.0,0.0,0.0012835301458835602,0.03540103882551193,,
40179,0.0,256,fine_mc,cuda,0.004259070381522179,0.02118922770023346,0.0007658246904611588,0.0010446477681398392,0.0009941440224647523,0.005112927407026291,0.00042896345257759094,0.033408764749765396,,
40179,0.0,256,empirical_selective,cuda,0.004259070381522179,0.02118922770023346,0.0007658246904611588,0.00100000761449337,,0.004667801782488823,,0.03877456113696098,0.005353817716240883,0.0005877651274204254
40179,0.0,256,certified_fallback,cuda,0.004259070381522179,0.02118922770023346,0.0007658246904611588,0.0009149275720119476,,0.00475584901869297,,0.03806937485933304,0.005353817716240883,0.0
40179,0.0,256,fine_mc,cpu,0.0043414197862148285,0.020477011799812317,0.0008460748940706253,0.00566285103559494,0.0,0.0,0.0003224518150091171,0.0319934356957674,,
40179,0.0,1024,fine_mc,cuda,0.004476819187402725,0.10369528830051422,0.002435857430100441,0.002279076725244522,0.002245311975479126,0.011172039434313774,0.0014229603111743927,0.12617257237434387,,
40179,0.0,1024,empirical_selective,cuda,0.004476819187402725,0.10369528830051422,0.002435857430100441,0.002290155738592148,,0.011392323300242424,,0.1498802788555622,0.020189380273222923,0.003214571624994278
40179,0.0,1024,certified_fallback,cuda,0.004476819187402725,0.10369528830051422,0.002435857430100441,0.0022826846688985825,,0.0061455052345991135,,0.141361266374588,0.020189380273222923,0.0
40179,0.0,1024,fine_mc,cpu,0.004401462152600288,0.1617132294923067,0.00278593972325325,0.029434043914079666,0.0,0.0,0.0012933779507875443,0.20008553937077522,,
40179,0.15,256,fine_mc,cuda,0.00507783517241478,0.022529378533363342,0.0006866566836833954,0.0012635178864002228,0.0012141439914703368,0.00479983352124691,0.0004436708986759186,0.035498810932040215,,
40179,0.15,256,empirical_selective,cuda,0.00507783517241478,0.022529378533363342,0.0006866566836833954,0.0009657461196184158,,0.004552241414785385,,0.040300603955984116,0.004991857334971428,0.0005121640861034393
40179,0.15,256,certified_fallback,cuda,0.00507783517241478,0.022529378533363342,0.0006866566836833954,0.0009226091206073761,,0.004565248265862465,,0.04031858593225479,0.004991857334971428,0.0
40179,0.15,256,fine_mc,cpu,0.005131974816322327,0.022486157715320587,0.0008562169969081879,0.005698999390006065,0.0,0.0,0.00031069107353687286,0.03481665998697281,,
40179,0.15,1024,fine_mc,cuda,0.005023816600441933,0.11463691107928753,0.0032403208315372467,0.002282405272126198,0.0022507519721984863,0.0105868149548769,0.0014243312180042267,0.13789630308747292,,
40179,0.15,1024,empirical_selective,cuda,0.005023816600441933,0.11463691107928753,0.0032403208315372467,0.002289915457367897,,0.011602511629462242,,0.1635335125029087,0.020904066041111946,0.0035903938114643097
40179,0.15,1024,certified_fallback,cuda,0.005023816600441933,0.11463691107928753,0.0032403208315372467,0.0022929441183805466,,0.005718838423490524,,0.15391573496162891,0.020904066041111946,0.0
40179,0.15,1024,fine_mc,cpu,0.005463028326630592,0.171040128916502,0.0025107283145189285,0.028610238805413246,0.0,0.0,0.0012852810323238373,0.20940491370856762,,
40179,1.0,256,fine_mc,cuda,0.006277203559875488,0.0005944538861513138,0.0007724948227405548,0.0008524637669324875,0.0008242239952087402,0.0016032904386520386,0.0003955736756324768,0.010922595858573914,,
40179,1.0,256,empirical_selective,cuda,0.006277203559875488,0.0005944538861513138,0.0007724948227405548,0.0009506773203611374,,0.0015978030860424042,,0.016824858263134956,0.005120528861880302,0.0006033442914485931
40179,1.0,256,certified_fallback,cuda,0.006277203559875488,0.0005944538861513138,0.0007724948227405548,0.0009038858115673065,,0.0015824120491743088,,0.016090186312794685,0.005120528861880302,0.0
40179,1.0,256,fine_mc,cpu,0.006164344027638435,0.0004903431981801987,0.0005925931036472321,0.005910200998187065,0.0,0.0,0.00031668320298194885,0.01377030648291111,,
40179,1.0,1024,fine_mc,cuda,0.006188174709677696,0.0017588213086128235,0.002359814941883087,0.002293786033987999,0.0022584319114685057,0.006160000339150429,0.0014534592628479004,0.02088937535881996,,
40179,1.0,1024,empirical_selective,cuda,0.006188174709677696,0.0017588213086128235,0.002359814941883087,0.0022957567125558853,,0.010954184457659721,,0.04839792661368847,0.019113531336188316,0.003548804670572281
40179,1.0,1024,certified_fallback,cuda,0.006188174709677696,0.0017588213086128235,0.002359814941883087,0.0022851452231407166,,0.00571775995194912,,0.03949291072785854,0.019113531336188316,0.0
40179,1.0,1024,fine_mc,cpu,0.006342153996229172,0.001592470332980156,0.0032636839896440506,0.022943660616874695,0.0,0.0,0.0016635693609714508,0.036261532455682755,,
40261,0.0,256,fine_mc,cuda,0.00420336052775383,0.021412640810012817,0.001042855903506279,0.001032145693898201,0.0009961599707603455,0.004593420773744583,0.0004280637949705124,0.03326600231230259,,
40261,0.0,256,empirical_selective,cuda,0.00420336052775383,0.021412640810012817,0.001042855903506279,0.0010124165564775467,,0.004620561376214027,,0.03877118416130543,0.004902485758066177,0.0006124246865510941
40261,0.0,256,certified_fallback,cuda,0.00420336052775383,0.021412640810012817,0.001042855903506279,0.0009001884609460831,,0.004516473039984703,,0.03782346472144127,0.004902485758066177,0.0
40261,0.0,256,fine_mc,cpu,0.00435401126742363,0.021223867312073708,0.0006724055856466293,0.0057317595928907394,0.0,0.0,0.00032239221036434174,0.032644934952259064,,
40261,0.0,1024,fine_mc,cuda,0.00437081977725029,0.1038008276373148,0.00258517824113369,0.0022778883576393127,0.0022490239143371582,0.01061190478503704,0.001456931233406067,0.12569520995020866,,
40261,0.0,1024,empirical_selective,cuda,0.00437081977725029,0.1038008276373148,0.00258517824113369,0.002290148288011551,,0.011244434863328934,,0.14842116832733154,0.018919752910733223,0.0031479913741350174
40261,0.0,1024,certified_fallback,cuda,0.00437081977725029,0.1038008276373148,0.00258517824113369,0.002284916117787361,,0.006078410893678665,,0.14009238965809345,0.018919752910733223,0.0
40261,0.0,1024,fine_mc,cpu,0.00444071926176548,0.10723462887108326,0.0024278759956359863,0.02242533676326275,0.0,0.0,0.0013093575835227966,0.13822105713188648,,
40261,0.15,256,fine_mc,cuda,0.005483737215399742,0.02216685377061367,0.00112982839345932,0.0010298565030097961,0.0009908159971237182,0.00493224710226059,0.00044168345630168915,0.035786472260951996,,
40261,0.15,256,empirical_selective,cuda,0.005483737215399742,0.02216685377061367,0.00112982839345932,0.0009557865560054779,,0.004615413025021553,,0.041388869285583496,0.00493798591196537,0.0005480963736772537
40261,0.15,256,certified_fallback,cuda,0.005483737215399742,0.02216685377061367,0.00112982839345932,0.000920535996556282,,0.004624353721737862,,0.04008648358285427,0.00493798591196537,0.0
40261,0.15,256,fine_mc,cpu,0.005042253062129021,0.02200298383831978,0.0007540248334407806,0.0067159682512283325,0.0,0.0,0.00030617229640483856,0.035350555554032326,,
40261,0.15,1024,fine_mc,cuda,0.004893632605671883,0.1135210245847702,0.0023100562393665314,0.0022795647382736206,0.0022487359046936034,0.011170241981744766,0.001447407528758049,0.13619910180568695,,
40261,0.15,1024,empirical_selective,cuda,0.004893632605671883,0.1135210245847702,0.0023100562393665314,0.002295084297657013,,0.011338744312524796,,0.16030496172606945,0.019707955420017242,0.004169059917330742
40261,0.15,1024,certified_fallback,cuda,0.004893632605671883,0.1135210245847702,0.0023100562393665314,0.002282947301864624,,0.006043864414095879,,0.15077676251530647,0.019707955420017242,0.0
40261,0.15,1024,fine_mc,cpu,0.005108915269374847,0.17344162426888943,0.0025396067649126053,0.026754437014460564,0.0,0.0,0.0013197977095842361,0.2095401156693697,,
40261,1.0,256,fine_mc,cuda,0.006201382726430893,0.000588543713092804,0.0006779339164495468,0.0009181760251522064,0.0008865280151367187,0.00459757074713707,0.0005057025700807571,0.013951398432254791,,
40261,1.0,256,empirical_selective,cuda,0.006201382726430893,0.000588543713092804,0.0006779339164495468,0.0011852476745843887,,0.004706982523202896,,0.01971655711531639,0.0047936029732227325,0.0006369967013597488
40261,1.0,256,certified_fallback,cuda,0.006201382726430893,0.000588543713092804,0.0006779339164495468,0.0008946061134338379,,0.004770489409565926,,0.01878165267407894,0.0047936029732227325,0.0
40261,1.0,256,fine_mc,cpu,0.006224110722541809,0.0005125924944877625,0.0006137248128652573,0.005586870014667511,0.0,0.0,0.0003159530460834503,0.013556389138102531,,
40261,1.0,1024,fine_mc,cuda,0.006380835548043251,0.002062903717160225,0.002260815352201462,0.0023527368903160095,0.002317791938781738,0.010610483586788177,0.0015101023018360138,0.025814011693000793,,
40261,1.0,1024,empirical_selective,cuda,0.006380835548043251,0.002062903717160225,0.002260815352201462,0.002278907224535942,,0.004015117883682251,,0.04120810143649578,0.018538909032940865,0.003627317026257515
40261,1.0,1024,certified_fallback,cuda,0.006380835548043251,0.002062903717160225,0.002260815352201462,0.0022832881659269333,,0.004163004457950592,,0.037653153762221336,0.018538909032940865,0.0
40261,1.0,1024,fine_mc,cpu,0.006388736888766289,0.001730373129248619,0.0021551456302404404,0.023719368502497673,0.0,0.0,0.0012230798602104187,0.03560066409409046,,
40342,0.0,256,fine_mc,cuda,0.004306482151150703,0.020652035251259804,0.0010107867419719696,0.0010442659258842468,0.0010065280199050904,0.004577193409204483,0.0004245936870574951,0.03258455544710159,,
40342,0.0,256,empirical_selective,cuda,0.004306482151150703,0.020652035251259804,0.0010107867419719696,0.0009714048355817795,,0.004631951451301575,,0.038089215755462646,0.004959587007761002,0.0005851350724697113
40342,0.0,256,certified_fallback,cuda,0.004306482151150703,0.020652035251259804,0.0010107867419719696,0.0009026564657688141,,0.004748845472931862,,0.03745337948203087,0.004959587007761002,0.0
40342,0.0,256,fine_mc,cpu,0.004354100674390793,0.02062331512570381,0.0006855335086584091,0.005715159699320793,0.0,0.0,0.0003177635371685028,0.03212432563304901,,
40342,0.0,1024,fine_mc,cuda,0.004519272595643997,0.10326665081083775,0.0024385489523410797,0.002289954572916031,0.0022569279670715332,0.012797309085726738,0.0014464203268289566,0.12736019119620323,,
40342,0.0,1024,empirical_selective,cuda,0.004519272595643997,0.10326665081083775,0.0024385489523410797,0.002288244664669037,,0.012416057288646698,,0.1527153868228197,0.022920170798897743,0.00279955193400383
40342,0.0,1024,certified_fallback,cuda,0.004519272595643997,0.10326665081083775,0.0024385489523410797,0.0022790078073740005,,0.00609472393989563,,0.14351405389606953,0.022920170798897743,0.0
40342,0.0,1024,fine_mc,cpu,0.0045840926468372345,0.16402471996843815,0.002704806625843048,0.030580053105950356,0.0,0.0,0.0013398099690675735,0.20363093353807926,,
40342,0.15,256,fine_mc,cuda,0.005886489525437355,0.022893540561199188,0.0007708743214607239,0.0011347681283950806,0.001095199942588806,0.004701405763626099,0.00044786371290683746,0.03642433322966099,,
40342,0.15,256,empirical_selective,cuda,0.005886489525437355,0.022893540561199188,0.0007708743214607239,0.000981176272034645,,0.004512131214141846,,0.04186142422258854,0.005273796617984772,0.0005345363169908524
40342,0.15,256,certified_fallback,cuda,0.005886489525437355,0.022893540561199188,0.0007708743214607239,0.0009150374680757523,,0.004726661369204521,,0.04132626764476299,0.005273796617984772,0.0
40342,0.15,256,fine_mc,cpu,0.005011916160583496,0.022399187088012695,0.0007287170737981796,0.00613207183778286,0.0,0.0,0.00033585913479328156,0.034961119294166565,,
40342,0.15,1024,fine_mc,cuda,0.004823943600058556,0.11252440698444843,0.00248095765709877,0.0022822078317403793,0.0022455039024353025,0.011042628437280655,0.001440810039639473,0.1351779755204916,,
40342,0.15,1024,empirical_selective,cuda,0.004823943600058556,0.11252440698444843,0.00248095765709877,0.002288626506924629,,0.010346762835979462,,0.1592132020741701,0.021349908784031868,0.0033500343561172485
40342,0.15,1024,certified_fallback,cuda,0.004823943600058556,0.11252440698444843,0.00248095765709877,0.002309683710336685,,0.006190471351146698,,0.15169347636401653,0.021349908784031868,0.0
40342,0.15,1024,fine_mc,cpu,0.005431579425930977,0.11749917268753052,0.0026924200356006622,0.026343384757637978,0.0,0.0,0.0012859795242547989,0.15365752391517162,,
40342,1.0,256,fine_mc,cuda,0.006656808778643608,0.0005731340497732162,0.0008606761693954468,0.0009305551648139954,0.000899616003036499,0.0047452133148908615,0.0003894586116075516,0.014600452035665512,,
40342,1.0,256,empirical_selective,cuda,0.006656808778643608,0.0005731340497732162,0.0008606761693954468,0.0009522270411252975,,0.004829026758670807,,0.020295388996601105,0.0048344433307647705,0.0006534438580274582
40342,1.0,256,certified_fallback,cuda,0.006656808778643608,0.0005731340497732162,0.0008606761693954468,0.0009282361716032028,,0.005061935633420944,,0.019726723432540894,0.0048344433307647705,0.0
40342,1.0,256,fine_mc,cpu,0.006144341081380844,0.000493103638291359,0.0005840733647346497,0.006048962473869324,0.0,0.0,0.0003180336207151413,0.013886937871575356,,
40342,1.0,1024,fine_mc,cuda,0.006228731945157051,0.0018093343824148178,0.0024730972945690155,0.0022899452596902847,0.002252000093460083,0.006097504869103432,0.0015129689127206802,0.020994145423173904,,
40342,1.0,1024,empirical_selective,cuda,0.006228731945157051,0.0018093343824148178,0.0024730972945690155,0.002283494919538498,,0.005753021687269211,,0.04208766482770443,0.018825560808181763,0.002724580466747284
40342,1.0,1024,certified_fallback,cuda,0.006228731945157051,0.0018093343824148178,0.0024730972945690155,0.0022812560200691223,,0.005687111988663673,,0.03928437642753124,0.018825560808181763,0.0
40342,1.0,1024,fine_mc,cpu,0.0063314735889434814,0.001722412183880806,0.00229528546333313,0.02427096851170063,0.0,0.0,0.0011371895670890808,0.03610541298985481,,
40423,0.0,256,fine_mc,cuda,0.004251239821314812,0.021052515134215355,0.0007105935364961624,0.0010233484208583832,0.0009855039715766906,0.004598978906869888,0.00045041367411613464,0.03264717943966389,,
40423,0.0,256,empirical_selective,cuda,0.004251239821314812,0.021052515134215355,0.0007105935364961624,0.000954965129494667,,0.004553111270070076,,0.03783984296023846,0.004869403317570686,0.0005190316587686539
40423,0.0,256,certified_fallback,cuda,0.004251239821314812,0.021052515134215355,0.0007105935364961624,0.0009209886193275452,,0.004806622862815857,,0.03741549141705036,0.004869403317570686,0.0
40423,0.0,256,fine_mc,cpu,0.004304088652133942,0.019924400374293327,0.0007056072354316711,0.005734849721193314,0.0,0.0,0.00032689236104488373,0.031333327293395996,,
40423,0.0,1024,fine_mc,cuda,0.004404472187161446,0.10310979187488556,0.0024605058133602142,0.0022978857159614563,0.0022624320983886718,0.005964931100606918,0.0015286486595869064,0.12035523168742657,,
40423,0.0,1024,empirical_selective,cuda,0.004404472187161446,0.10310979187488556,0.0024605058133602142,0.0022973958402872086,,0.010682383552193642,,0.14902103878557682,0.020363062620162964,0.0028412993997335434
40423,0.0,1024,certified_fallback,cuda,0.004404472187161446,0.10310979187488556,0.0024605058133602142,0.0022801384329795837,,0.0057496801018714905,,0.1402702908962965,0.020363062620162964,0.0
40423,0.0,1024,fine_mc,cpu,0.004297418519854546,0.16204556450247765,0.0027013681828975677,0.023667994886636734,0.0,0.0,0.0013797301799058914,0.1944893989712,,
40423,0.15,256,fine_mc,cuda,0.005174815654754639,0.02245882898569107,0.0007035955786705017,0.0010362658649682999,0.001000480055809021,0.004725605249404907,0.0004153139889240265,0.03511626645922661,,
40423,0.15,256,empirical_selective,cuda,0.005174815654754639,0.02245882898569107,0.0007035955786705017,0.0009472351521253586,,0.004552999511361122,,0.040311992168426514,0.004976706579327583,0.0005195513367652893
40423,0.15,256,certified_fallback,cuda,0.005174815654754639,0.02245882898569107,0.0007035955786705017,0.0009081680327653885,,0.004520809277892113,,0.03959071636199951,0.004976706579327583,0.0
40423,0.15,256,fine_mc,cpu,0.004840703681111336,0.02251044474542141,0.0008508246392011642,0.005964271724224091,0.0,0.0,0.0002963319420814514,0.03479738347232342,,
40423,0.15,1024,fine_mc,cuda,0.004833202809095383,0.11661317571997643,0.0024947747588157654,0.0022788643836975098,0.002248863935470581,0.01054728776216507,0.0014726892113685608,0.13882279209792614,,
40423,0.15,1024,empirical_selective,cuda,0.004833202809095383,0.11661317571997643,0.0024947747588157654,0.0022992361336946487,,0.010754719376564026,,0.16523961536586285,0.022511854767799377,0.0036859288811683655
40423,0.15,1024,certified_fallback,cuda,0.004833202809095383,0.11661317571997643,0.0024947747588157654,0.0023102369159460068,,0.006357377395033836,,0.15713518671691418,0.022511854767799377,0.0
40423,0.15,1024,fine_mc,cpu,0.005050076171755791,0.17979631572961807,0.0031599514186382294,0.0298426803201437,0.0,0.0,0.0013018380850553513,0.21952743455767632,,
40423,1.0,256,fine_mc,cuda,0.006220536306500435,0.0006263628602027893,0.0006446335464715958,0.0009144991636276245,0.0008857920169830322,0.004690391942858696,0.0004069525748491287,0.013949578627943993,,
40423,1.0,256,empirical_selective,cuda,0.006220536306500435,0.0006263628602027893,0.0006446335464715958,0.0009514670819044113,,0.0046881139278411865,,0.020669816061854362,0.006011310964822769,0.0006267745047807693
40423,1.0,256,certified_fallback,cuda,0.006220536306500435,0.0006263628602027893,0.0006446335464715958,0.0011335574090480804,,0.004747781902551651,,0.020207680761814117,0.006011310964822769,0.0
40423,1.0,256,fine_mc,cpu,0.006190184503793716,0.00040096230804920197,0.000644434243440628,0.005870860069990158,0.0,0.0,0.00037118420004844666,0.01382993720471859,,
40423,1.0,1024,fine_mc,cuda,0.006843160837888718,0.002361224964261055,0.0025220289826393127,0.0022843163460493088,0.002247648000717163,0.01062045618891716,0.0015045814216136932,0.02675064653158188,,
40423,1.0,1024,empirical_selective,cuda,0.006843160837888718,0.002361224964261055,0.0025220289826393127,0.002285616472363472,,0.005796579644083977,,0.046248795464634895,0.0212554894387722,0.0030886847525835037
40423,1.0,1024,certified_fallback,cuda,0.006843160837888718,0.002361224964261055,0.0025220289826393127,0.0023071765899658203,,0.009037252515554428,,0.04644241742789745,0.0212554894387722,0.0
40423,1.0,1024,fine_mc,cpu,0.006681507453322411,0.001288561150431633,0.0025308355689048767,0.024759721010923386,0.0,0.0,0.0012543406337499619,0.03691858612000942,,
40504,0.0,256,fine_mc,cuda,0.004211369901895523,0.02323097363114357,0.0007497537881135941,0.0010404977947473526,0.001000991940498352,0.004575630649924278,0.0004455931484699249,0.03491872549057007,,
40504,0.0,256,empirical_selective,cuda,0.004211369901895523,0.02323097363114357,0.0007497537881135941,0.0009890757501125336,,0.0044795554131269455,,0.04018443264067173,0.0049508847296237946,0.0005323737859725952
40504,0.0,256,certified_fallback,cuda,0.004211369901895523,0.02323097363114357,0.0007497537881135941,0.0009268950670957565,,0.004663264378905296,,0.03963956981897354,0.0049508847296237946,0.0
40504,0.0,256,fine_mc,cpu,0.004361700266599655,0.02079986408352852,0.0006735567003488541,0.005791390314698219,0.0,0.0,0.00031698308885097504,0.03235839493572712,,
40504,0.0,1024,fine_mc,cuda,0.004517223685979843,0.10420642793178558,0.0030316002666950226,0.002291085198521614,0.002253439903259277,0.011365396901965141,0.0014477074146270752,0.12815077602863312,,
40504,0.0,1024,empirical_selective,cuda,0.004517223685979843,0.10420642793178558,0.0030316002666950226,0.0022893473505973816,,0.010417124256491661,,0.15043807215988636,0.02092316746711731,0.002878831699490547
40504,0.0,1024,certified_fallback,cuda,0.004517223685979843,0.10420642793178558,0.0030316002666950226,0.002287736162543297,,0.005921090021729469,,0.14296924322843552,0.02092316746711731,0.0
40504,0.0,1024,fine_mc,cpu,0.004507763311266899,0.1722333151847124,0.0028183795511722565,0.030623605474829674,0.0,0.0,0.0013251900672912598,0.21201936155557632,,
40504,0.15,256,fine_mc,cuda,0.00522136315703392,0.02227788418531418,0.000999636948108673,0.0010336991399526596,0.0009947839975357055,0.0046860221773386,0.0004520528018474579,0.03529917635023594,,
40504,0.15,256,empirical_selective,cuda,0.00522136315703392,0.02227788418531418,0.000999636948108673,0.0010533053427934647,,0.0056380461901426315,,0.042130375280976295,0.005111927166581154,0.0007518157362937927
40504,0.15,256,certified_fallback,cuda,0.00522136315703392,0.02227788418531418,0.000999636948108673,0.0008979625999927521,,0.004745392128825188,,0.04015912301838398,0.005111927166581154,0.0
40504,0.15,256,fine_mc,cpu,0.0050868261605501175,0.022816920652985573,0.0007353741675615311,0.006082180887460709,0.0,0.0,0.00032475218176841736,0.03538103960454464,,
40504,0.15,1024,fine_mc,cuda,0.004838217049837112,0.11323625966906548,0.0024907253682613373,0.0022846758365631104,0.0022513599395751955,0.011404387652873993,0.0014898888766765594,0.13635950535535812,,
40504,0.15,1024,empirical_selective,cuda,0.004838217049837112,0.11323625966906548,0.0024907253682613373,0.0022918488830327988,,0.010401397943496704,,0.1600906290113926,0.02149491012096405,0.0032786503434181213
40504,0.15,1024,certified_fallback,cuda,0.004838217049837112,0.11323625966906548,0.0024907253682613373,0.002281045541167259,,0.006185293197631836,,0.15255840681493282,0.02149491012096405,0.0
40504,0.15,1024,fine_mc,cpu,0.005169777199625969,0.17122044786810875,0.0025747381150722504,0.030267789959907532,0.0,0.0,0.0013029109686613083,0.21091533452272415,,
40504,1.0,256,fine_mc,cuda,0.006254855543375015,0.0007917080074548721,0.0008186344057321548,0.0009444858878850937,0.0009145920276641846,0.004600748419761658,0.0004061516374349594,0.014256700873374939,,
40504,1.0,256,empirical_selective,cuda,0.006254855543375015,0.0007917080074548721,0.0008186344057321548,0.0011044088751077652,,0.004551054909825325,,0.02063075266778469,0.005500556901097298,0.0005733128637075424
40504,1.0,256,certified_fallback,cuda,0.006254855543375015,0.0007917080074548721,0.0008186344057321548,0.0009481664746999741,,0.0046906620264053345,,0.019824165850877762,0.005500556901097298,0.0
40504,1.0,256,fine_mc,cpu,0.006142845377326012,0.0003749225288629532,0.0006163455545902252,0.005959952250123024,0.0,0.0,0.0003169327974319458,0.01372375525534153,,
40504,1.0,1024,fine_mc,cuda,0.006250463426113129,0.0021010562777519226,0.002582777291536331,0.002288656309247017,0.0022499520778656006,0.011329758912324905,0.001440681517124176,0.026608766987919807,,
40504,1.0,1024,empirical_selective,cuda,0.006250463426113129,0.0021010562777519226,0.002582777291536331,0.002289826050400734,,0.0059050098061561584,,0.0447913222014904,0.020860694348812103,0.002758098766207695
40504,1.0,1024,certified_fallback,cuda,0.006250463426113129,0.0021010562777519226,0.002582777291536331,0.0023046955466270447,,0.01084669679403305,,0.046941427513957024,0.020860694348812103,0.0
40504,1.0,1024,fine_mc,cpu,0.006276862695813179,0.0014663506299257278,0.002649480476975441,0.023605186492204666,0.0,0.0,0.0012688376009464264,0.035689130425453186,,
40586,0.0,256,fine_mc,cuda,0.00431768037378788,0.020744547247886658,0.0007358081638813019,0.0010382886976003647,0.0009998400211334228,0.004504591226577759,0.00042145512998104095,0.032323556020855904,,
40586,0.0,256,empirical_selective,cuda,0.00431768037378788,0.020744547247886658,0.0007358081638813019,0.0009672865271568298,,0.004547713324427605,,0.03773651272058487,0.004892295226454735,0.0005758944898843765
40586,0.0,256,certified_fallback,cuda,0.00431768037378788,0.020744547247886658,0.0007358081638813019,0.0009172093123197556,,0.004666455090045929,,0.037728212773799896,0.004892295226454735,0.0
40586,0.0,256,fine_mc,cpu,0.005899030715227127,0.021338559687137604,0.000704525038599968,0.005941322073340416,0.0,0.0,0.0003620646893978119,0.03464469686150551,,
40586,0.0,1024,fine_mc,cuda,0.004543151706457138,0.10307407937943935,0.002427356317639351,0.0022863447666168213,0.002250688076019287,0.006309742107987404,0.0014738328754901886,0.1207486167550087,,
40586,0.0,1024,empirical_selective,cuda,0.004543151706457138,0.10307407937943935,0.002427356317639351,0.002294916659593582,,0.010813253000378609,,0.14978582970798016,0.020730165764689445,0.0036588869988918304
40586,0.0,1024,certified_fallback,cuda,0.004543151706457138,0.10307407937943935,0.002427356317639351,0.0022848471999168396,,0.005955900996923447,,0.14129383862018585,0.020730165764689445,0.0
40586,0.0,1024,fine_mc,cpu,0.004475219175219536,0.16019276157021523,0.0026401877403259277,0.02999993786215782,0.0,0.0,0.0012820884585380554,0.19897036999464035,,
40586,0.15,256,fine_mc,cuda,0.005257155746221542,0.0235349852591753,0.0011404287070035934,0.0010649599134922028,0.0010243519544601441,0.005138367414474487,0.00043584220111370087,0.03720488026738167,,
40586,0.15,256,empirical_selective,cuda,0.005257155746221542,0.0235349852591753,0.0011404287070035934,0.0009743664413690567,,0.004763612523674965,,0.04358454421162605,0.00627831369638443,0.0005753636360168457
40586,0.15,256,certified_fallback,cuda,0.005257155746221542,0.0235349852591753,0.0011404287070035934,0.0009343978017568588,,0.004603954032063484,,0.04264592565596104,0.00627831369638443,0.0
40586,0.15,256,fine_mc,cpu,0.005055876448750496,0.022377345710992813,0.000736115500330925,0.006015941500663757,0.0,0.0,0.0003460235893726349,0.03485855273902416,,
40586,0.15,1024,fine_mc,cuda,0.006070932373404503,0.10933081433176994,0.0025591980665922165,0.002299947664141655,0.00226144003868103,0.006166230887174606,0.0014735814183950424,0.12848865054547787,,
40586,0.15,1024,empirical_selective,cuda,0.006070932373404503,0.10933081433176994,0.0025591980665922165,0.0022936463356018066,,0.010276410728693008,,0.1567166168242693,0.021080106496810913,0.0030109714716672897
40586,0.15,1024,certified_fallback,cuda,0.006070932373404503,0.10933081433176994,0.0025591980665922165,0.0022928453981876373,,0.006167534738779068,,0.14957627654075623,0.021080106496810913,0.0
40586,0.15,1024,fine_mc,cpu,0.005228685215115547,0.16997131891548634,0.002786358818411827,0.023267274722456932,0.0,0.0,0.0014042071998119354,0.20305462926626205,,
40586,1.0,256,fine_mc,cuda,0.006203414872288704,0.0007305741310119629,0.0006907843053340912,0.0009241253137588501,0.0008775359988212586,0.004744641482830048,0.0004042424261569977,0.014143230393528938,,
40586,1.0,256,empirical_selective,cuda,0.006203414872288704,0.0007305741310119629,0.0006907843053340912,0.0009473767131567001,,0.004497641697525978,,0.019571928307414055,0.004971563816070557,0.0006024464964866638
40586,1.0,256,certified_fallback,cuda,0.006203414872288704,0.0007305741310119629,0.0006907843053340912,0.000929415225982666,,0.0050784628838300705,,0.019557757303118706,0.004971563816070557,0.0
40586,1.0,256,fine_mc,cpu,0.006198914721608162,0.00040124356746673584,0.000638643279671669,0.005823379382491112,0.0,0.0,0.0003408323973417282,0.013710131868720055,,
40586,1.0,1024,fine_mc,cuda,0.00623280368745327,0.001806020736694336,0.0026363972574472427,0.0022951755672693253,0.002259552001953125,0.011102668941020966,0.001531532034277916,0.0262245312333107,,
40586,1.0,1024,empirical_selective,cuda,0.00623280368745327,0.001806020736694336,0.0026363972574472427,0.0022910553961992264,,0.005686469376087189,,0.043988026678562164,0.020274892449378967,0.0029741190373897552
40586,1.0,1024,certified_fallback,cuda,0.00623280368745327,0.001806020736694336,0.0026363972574472427,0.0023088157176971436,,0.012974262237548828,,0.04827148653566837,0.020274892449378967,0.0
40586,1.0,1024,fine_mc,cpu,0.006292182952165604,0.0017504040151834488,0.002147125080227852,0.024810852482914925,0.0,0.0,0.0012546200305223465,0.036597853526473045,,
40667,0.0,256,fine_mc,cuda,0.0050702281296253204,0.021426856517791748,0.0007725153118371964,0.0010475870221853256,0.0010078719854354858,0.004912065342068672,0.00048420391976833344,0.0343699399381876,,
40667,0.0,256,empirical_selective,cuda,0.0050702281296253204,0.021426856517791748,0.0007725153118371964,0.0011603068560361862,,0.005196563899517059,,0.04092009551823139,0.004898004233837128,0.0006069038063287735
40667,0.0,256,certified_fallback,cuda,0.0050702281296253204,0.021426856517791748,0.0007725153118371964,0.0009254645556211472,,0.00476602278649807,,0.0386958010494709,0.004898004233837128,0.0
40667,0.0,256,fine_mc,cpu,0.004424171522259712,0.020167551934719086,0.0007140953093767166,0.005673479288816452,0.0,0.0,0.0003198198974132538,0.03164379484951496,,
40667,0.0,1024,fine_mc,cuda,0.004508482292294502,0.10478117316961288,0.0025137774646282196,0.0022917762398719788,0.002259903907775879,0.01103166677057743,0.0016087014228105545,0.12742400169372559,,
40667,0.0,1024,empirical_selective,cuda,0.004508482292294502,0.10478117316961288,0.0025137774646282196,0.00229058600962162,,0.010389052331447601,,0.15393019653856754,0.024034466594457626,0.0032996218651533127
40667,0.0,1024,certified_fallback,cuda,0.004508482292294502,0.10478117316961288,0.0025137774646282196,0.002288956195116043,,0.006329135969281197,,0.14650755375623703,0.024034466594457626,0.0
40667,0.0,1024,fine_mc,cpu,0.005308158695697784,0.16712812148034573,0.003171861171722412,0.031328849494457245,0.0,0.0,0.0014875400811433792,0.20886676013469696,,
40667,0.15,256,fine_mc,cuda,0.0051943957805633545,0.022698068991303444,0.0009922366589307785,0.0010467655956745148,0.0010087360143661499,0.004691872745752335,0.0004382748156785965,0.035686928778886795,,
40667,0.15,256,empirical_selective,cuda,0.0051943957805633545,0.022698068991303444,0.0009922366589307785,0.0011811573058366776,,0.004787201061844826,,0.0415011290460825,0.005066415295004845,0.0005949940532445908
40667,0.15,256,certified_fallback,cuda,0.0051943957805633545,0.022698068991303444,0.0009922366589307785,0.0011205878108739853,,0.004605971276760101,,0.040655553340911865,0.005066415295004845,0.0
40667,0.15,256,fine_mc,cpu,0.005101164802908897,0.022972440347075462,0.0007560346275568008,0.005915852263569832,0.0,0.0,0.00033357366919517517,0.03541562892496586,,
40667,0.15,1024,fine_mc,cuda,0.004776213318109512,0.11319500207901001,0.002788059413433075,0.0022900160402059555,0.0022575039863586424,0.011335020884871483,0.0014594122767448425,0.13643106445670128,,
40667,0.15,1024,empirical_selective,cuda,0.004776213318109512,0.11319500207901001,0.002788059413433075,0.002301083877682686,,0.010895567014813423,,0.1620082762092352,0.022647809237241745,0.0032518617808818817
40667,0.15,1024,certified_fallback,cuda,0.004776213318109512,0.11319500207901001,0.002788059413433075,0.0022863969206809998,,0.006215030327439308,,0.1539173685014248,0.022647809237241745,0.0
40667,0.15,1024,fine_mc,cpu,0.005085665732622147,0.1653953567147255,0.0027319882065057755,0.024819953367114067,0.0,0.0,0.0011863280087709427,0.19958674535155296,,
40667,1.0,256,fine_mc,cuda,0.0062299445271492004,0.0006033442914485931,0.0008444078266620636,0.0008981674909591675,0.000869055986404419,0.001665869727730751,0.00039176270365715027,0.01106286607682705,,
40667,1.0,256,empirical_selective,cuda,0.0062299445271492004,0.0006033442914485931,0.0008444078266620636,0.0009319353848695755,,0.0015594400465488434,,0.016393311321735382,0.004771264269948006,0.0005468949675559998
40667,1.0,256,certified_fallback,cuda,0.0062299445271492004,0.0006033442914485931,0.0008444078266620636,0.0009395182132720947,,0.0019197724759578705,,0.016260739415884018,0.004771264269948006,0.0
40667,1.0,256,fine_mc,cpu,0.006177371367812157,0.00036528147757053375,0.0006094053387641907,0.0058562904596328735,0.0,0.0,0.0003275834023952484,0.013637742027640343,,
40667,1.0,1024,fine_mc,cuda,0.006347445771098137,0.0018025115132331848,0.0026207882910966873,0.0022787656635046005,0.002247936010360718,0.006084734573960304,0.0015100203454494476,0.021219220012426376,,
40667,1.0,1024,empirical_selective,cuda,0.006347445771098137,0.0018025115132331848,0.0026207882910966873,0.0022926349192857742,,0.010397041216492653,,0.04957667738199234,0.020611515268683434,0.003439994528889656
40667,1.0,1024,certified_fallback,cuda,0.006347445771098137,0.0018025115132331848,0.0026207882910966873,0.002281084656715393,,0.006149454042315483,,0.04237852059304714,0.020611515268683434,0.0
40667,1.0,1024,fine_mc,cpu,0.006631145253777504,0.001656925305724144,0.003017811104655266,0.023169072344899178,0.0,0.0,0.0013270806521177292,0.03619169816374779,,
40748,0.0,256,fine_mc,cuda,0.004303772002458572,0.020650984719395638,0.0007286462932825089,0.0010387562215328217,0.0010029759407043457,0.004562702029943466,0.0004409756511449814,0.032316626980900764,,
40748,0.0,256,empirical_selective,cuda,0.004303772002458572,0.020650984719395638,0.0007286462932825089,0.0010032858699560165,,0.004846073687076569,,0.038067758083343506,0.004815323278307915,0.0007044430822134018
40748,0.0,256,certified_fallback,cuda,0.004303772002458572,0.020650984719395638,0.0007286462932825089,0.000875694677233696,,0.0045281630009412766,,0.03673720546066761,0.004815323278307915,0.0
40748,0.0,256,fine_mc,cpu,0.004381898790597916,0.02060338295996189,0.0007801428437232971,0.00584162212908268,0.0,0.0,0.00031267106533050537,0.032254258170723915,,
40748,0.0,1024,fine_mc,cuda,0.00458691269159317,0.10414822772145271,0.0026479363441467285,0.0022824369370937347,0.0022516798973083495,0.01083027757704258,0.0015121400356292725,0.126615384593606,,
40748,0.0,1024,empirical_selective,cuda,0.00458691269159317,0.10414822772145271,0.0026479363441467285,0.002286262810230255,,0.010800464078783989,,0.15096423588693142,0.021064788103103638,0.003277203068137169
40748,0.0,1024,certified_fallback,cuda,0.00458691269159317,0.10414822772145271,0.0026479363441467285,0.0022821836173534393,,0.006197622045874596,,0.14292167872190475,0.021064788103103638,0.0
40748,0.0,1024,fine_mc,cpu,0.00442902185022831,0.16218635439872742,0.0027510598301887512,0.030846767127513885,0.0,0.0,0.0013229399919509888,0.20194227807223797,,
40748,0.15,256,fine_mc,cuda,0.005401767790317535,0.022466076537966728,0.0010493472218513489,0.0010491162538528442,0.0010119359493255616,0.004758292809128761,0.0004345737397670746,0.035759689286351204,,
40748,0.15,256,empirical_selective,cuda,0.005401767790317535,0.022466076537966728,0.0010493472218513489,0.000979868695139885,,0.004599709063768387,,0.04154817759990692,0.005509098991751671,0.0005705952644348145
40748,0.15,256,certified_fallback,cuda,0.005401767790317535,0.022466076537966728,0.0010493472218513489,0.0009327493607997894,,0.004728380590677261,,0.04096808284521103,0.005509098991751671,0.0
40748,0.15,256,fine_mc,cpu,0.004984306171536446,0.02216649428009987,0.0007081162184476852,0.00589987076818943,0.0,0.0,0.00032956525683403015,0.034413835033774376,,
40748,0.15,1024,fine_mc,cuda,0.00476609542965889,0.1112781073898077,0.0025723986327648163,0.002279205247759819,0.0022491838932037355,0.010751256719231606,0.0014593079686164856,0.1336797047406435,,
40748,0.15,1024,empirical_selective,cuda,0.00476609542965889,0.1112781073898077,0.0025723986327648163,0.0022903084754943848,,0.010633226484060287,,0.15662382543087006,0.02028540149331093,0.0027010180056095123
40748,0.15,1024,certified_fallback,cuda,0.00476609542965889,0.1112781073898077,0.0025723986327648163,0.0022818073630332947,,0.00599290244281292,,0.14921636879444122,0.02028540149331093,0.0
40748,0.15,1024,fine_mc,cpu,0.005337245762348175,0.11667964793741703,0.002678569406270981,0.026464734226465225,0.0,0.0,0.0013035796582698822,0.15285519883036613,,
40748,1.0,256,fine_mc,cuda,0.006567668169736862,0.0006119757890701294,0.0006608031690120697,0.0009249076247215271,0.0008953279852867127,0.004517223685979843,0.0004201941192150116,0.014151720330119133,,
40748,1.0,256,empirical_selective,cuda,0.006567668169736862,0.0006119757890701294,0.0006608031690120697,0.0010038074105978012,,0.004537561908364296,,0.01998419314622879,0.0049001071602106094,0.0007525142282247543
40748,1.0,256,certified_fallback,cuda,0.006567668169736862,0.0006119757890701294,0.0006608031690120697,0.0009261760860681534,,0.004605703055858612,,0.019071636721491814,0.0049001071602106094,0.0
40748,1.0,256,fine_mc,cpu,0.0062983036041259766,0.00038979388773441315,0.0006110239773988724,0.005850158631801605,0.0,0.0,0.00031886249780654907,0.013785116374492645,,
40748,1.0,1024,fine_mc,cuda,0.006264772266149521,0.0018022041767835617,0.0026872698217630386,0.0022795163094997406,0.00224835205078125,0.011626221239566803,0.0014311093837022781,0.026684926822781563,,
40748,1.0,1024,empirical_selective,cuda,0.006264772266149521,0.0018022041767835617,0.0026872698217630386,0.0022864677011966705,,0.005740169435739517,,0.04533035308122635,0.02096402645111084,0.002933632582426071
40748,1.0,1024,certified_fallback,cuda,0.006264772266149521,0.0018022041767835617,0.0026872698217630386,0.002297608181834221,,0.012369347736239433,,0.04839355684816837,0.02096402645111084,0.0
40748,1.0,1024,fine_mc,cpu,0.0064634960144758224,0.0017557833343744278,0.002348465844988823,0.024011248722672462,0.0,0.0,0.0011426471173763275,0.03606751933693886,,
40829,0.0,256,fine_mc,cuda,0.004254529252648354,0.021333958953619003,0.0009638052433729172,0.001045895740389824,0.0010090559720993043,0.0045996494591236115,0.0004305429756641388,0.03320561163127422,,
40829,0.0,256,empirical_selective,cuda,0.004254529252648354,0.021333958953619003,0.0009638052433729172,0.0009801369160413742,,0.0046917833387851715,,0.03890424035489559,0.005100386217236519,0.0006013922393321991
40829,0.0,256,certified_fallback,cuda,0.004254529252648354,0.021333958953619003,0.0009638052433729172,0.0009273160248994827,,0.005127895623445511,,0.038560669869184494,0.005100386217236519,0.0
40829,0.0,256,fine_mc,cpu,0.004395492374897003,0.019990039989352226,0.0006813555955886841,0.005533991381525993,0.0,0.0,0.00032158195972442627,0.031259894371032715,,
40829,0.0,1024,fine_mc,cuda,0.004525661468505859,0.10203546285629272,0.002495966851711273,0.002279002219438553,0.002249056100845337,0.010539934039115906,0.0015143007040023804,0.12400197796523571,,
40829,0.0,1024,empirical_selective,cuda,0.004525661468505859,0.10203546285629272,0.002495966851711273,0.0022978149354457855,,0.01070205494761467,,0.1493955235928297,0.021676311269402504,0.003489084541797638
40829,0.0,1024,certified_fallback,cuda,0.004525661468505859,0.10203546285629272,0.002495966851711273,0.0022802650928497314,,0.006196403875946999,,0.14123727567493916,0.021676311269402504,0.0
40829,0.0,1024,fine_mc,cpu,0.004471810534596443,0.1607074737548828,0.002893589437007904,0.030552605167031288,0.0,0.0,0.0012829992920160294,0.20028232969343662,,
40829,0.15,256,fine_mc,cuda,0.005146278068423271,0.022363897413015366,0.000712784007191658,0.001263897866010666,0.001225216031074524,0.004779161885380745,0.0004554241895675659,0.03530648909509182,,
40829,0.15,256,empirical_selective,cuda,0.005146278068423271,0.022363897413015366,0.000712784007191658,0.0009516365826129913,,0.004498766735196114,,0.040162162855267525,0.004972515627741814,0.0005465447902679443
40829,0.15,256,certified_fallback,cuda,0.005146278068423271,0.022363897413015366,0.000712784007191658,0.0009383447468280792,,0.004544161260128021,,0.03955720737576485,0.004972515627741814,0.0
40829,0.15,256,fine_mc,cpu,0.005032466724514961,0.023993881419301033,0.0006923247128725052,0.0060605015605688095,0.0,0.0,0.00031295046210289,0.03642425127327442,,
40829,0.15,1024,fine_mc,cuda,0.005422117188572884,0.11231777630746365,0.0026606786996126175,0.002295408397912979,0.0022532479763031008,0.009785037487745285,0.0015244316309690475,0.13460367172956467,,
40829,0.15,1024,empirical_selective,cuda,0.005422117188572884,0.11231777630746365,0.0026606786996126175,0.0022989846765995026,,0.009822798892855644,,0.15941923670470715,0.02168293111026287,0.0031724125146865845
40829,0.15,1024,certified_fallback,cuda,0.005422117188572884,0.11231777630746365,0.0026606786996126175,0.002287236973643303,,0.005735190585255623,,0.152096975594759,0.02168293111026287,0.0
40829,0.15,1024,fine_mc,cpu,0.005126886069774628,0.17262824811041355,0.0026812702417373657,0.02509421668946743,0.0,0.0,0.0012912489473819733,0.20723038911819458,,
40829,1.0,256,fine_mc,cuda,0.006282925605773926,0.000731196254491806,0.0007941164076328278,0.0008842293173074722,0.0008554559946060181,0.004785511642694473,0.00039540231227874756,0.014315519481897354,,
40829,1.0,256,empirical_selective,cuda,0.006282925605773926,0.000731196254491806,0.0007941164076328278,0.000932866707444191,,0.004440918564796448,,0.019838828593492508,0.0051291752606630325,0.0006391238421201706
40829,1.0,256,certified_fallback,cuda,0.006282925605773926,0.000731196254491806,0.0007941164076328278,0.0009569376707077026,,0.0045992229133844376,,0.01930638588964939,0.0051291752606630325,0.0
40829,1.0,256,fine_mc,cpu,0.006222324445843697,0.00037394464015960693,0.0007104072719812393,0.005542628467082977,0.0,0.0,0.0003287512809038162,0.013484444469213486,,
40829,1.0,1024,fine_mc,cuda,0.006263952702283859,0.0023432839661836624,0.0025912895798683167,0.0022906363010406494,0.002258399963378906,0.011394141241908073,0.0014233402907848358,0.027478160336613655,,
40829,1.0,1024,empirical_selective,cuda,0.006263952702283859,0.0023432839661836624,0.0025912895798683167,0.0022956356406211853,,0.0058028195053339005,,0.044450389221310616,0.020084301009774208,0.0030360110104084015
40829,1.0,1024,certified_fallback,cuda,0.006263952702283859,0.0023432839661836624,0.0025912895798683167,0.0022848285734653473,,0.0076752956956624985,,0.04328017123043537,0.020084301009774208,0.0
40829,1.0,1024,fine_mc,cpu,0.006499595940113068,0.0016866214573383331,0.002326875925064087,0.023759884759783745,0.0,0.0,0.001146448776125908,0.035780442878603935,,
40910,0.0,256,fine_mc,cuda,0.004223689436912537,0.021027637645602226,0.0009582769125699997,0.00107656791806221,0.0010384639501571655,0.004640089347958565,0.0004478543996810913,0.03296254761517048,,
40910,0.0,256,empirical_selective,cuda,0.004223689436912537,0.021027637645602226,0.0009582769125699997,0.0011832471936941147,,0.004768120124936104,,0.03867542929947376,0.004931945353746414,0.0006218627095222473
40910,0.0,256,certified_fallback,cuda,0.004223689436912537,0.021027637645602226,0.0009582769125699997,0.0009047072380781174,,0.004587771371006966,,0.03748711384832859,0.004931945353746414,0.0
40910,0.0,256,fine_mc,cpu,0.004442870616912842,0.020926866680383682,0.0007361676543951035,0.005744239315390587,0.0,0.0,0.0003145318478345871,0.032508984208106995,,
40910,0.0,1024,fine_mc,cuda,0.004385940730571747,0.10221470519900322,0.002684127539396286,0.002293376252055168,0.002253439903259277,0.011389151215553284,0.0014638323336839676,0.12506258487701416,,
40910,0.0,1024,empirical_selective,cuda,0.004385940730571747,0.10221470519900322,0.002684127539396286,0.002291368320584297,,0.005735620856285095,,0.14397052489221096,0.021835682913661003,0.0027657710015773773
40910,0.0,1024,certified_fallback,cuda,0.004385940730571747,0.10221470519900322,0.002684127539396286,0.002286955714225769,,0.0062841735780239105,,0.14170618914067745,0.021835682913661003,0.0
40910,0.0,1024,fine_mc,cpu,0.004563312977552414,0.16126281954348087,0.002958979457616806,0.031264347955584526,0.0,0.0,0.0014259591698646545,0.20190560072660446,,
40910,0.15,256,fine_mc,cuda,0.005153097212314606,0.023231351748108864,0.0010676980018615723,0.0010413862764835358,0.0010054399967193604,0.004682652652263641,0.00044366344809532166,0.036232516169548035,,
40910,0.15,256,empirical_selective,cuda,0.005153097212314606,0.023231351748108864,0.0010676980018615723,0.0010100845247507095,,0.0045958347618579865,,0.04194108583033085,0.005239175632596016,0.0006667133420705795
40910,0.15,256,certified_fallback,cuda,0.005153097212314606,0.023231351748108864,0.0010676980018615723,0.0009382851421833038,,0.004544099792838097,,0.04107057861983776,0.005239175632596016,0.0
40910,0.15,256,fine_mc,cpu,0.0051542650908231735,0.022951118648052216,0.0008741896599531174,0.0059194415807724,0.0,0.0,0.0003315117210149765,0.03556575998663902,,
40910,0.15,1024,fine_mc,cuda,0.004803003743290901,0.11009419150650501,0.0030958428978919983,0.00228082574903965,0.0022508480548858643,0.005961444228887558,0.0014595501124858856,0.12825003825128078,,
40910,0.15,1024,empirical_selective,cuda,0.004803003743290901,0.11009419150650501,0.0030958428978919983,0.0022934749722480774,,0.010729309171438217,,0.15695927664637566,0.02045360393822193,0.003440244123339653
40910,0.15,1024,certified_fallback,cuda,0.004803003743290901,0.11009419150650501,0.0030958428978919983,0.002292344346642494,,0.006195170804858208,,0.1489532608538866,0.02045360393822193,0.0
40910,0.15,1024,fine_mc,cpu,0.005142075940966606,0.11647776328027248,0.0025757886469364166,0.02605723962187767,0.0,0.0,0.0014318600296974182,0.1520994920283556,,
40910,1.0,256,fine_mc,cuda,0.006158843636512756,0.0005999058485031128,0.0008309148252010345,0.000903083011507988,0.0008740800023078919,0.004520570859313011,0.000399591401219368,0.013847185298800468,,
40910,1.0,256,empirical_selective,cuda,0.006158843636512756,0.0005999058485031128,0.0008309148252010345,0.00094582699239254,,0.00446263886988163,,0.019757846370339394,0.005315475165843964,0.0005278326570987701
40910,1.0,256,certified_fallback,cuda,0.006158843636512756,0.0005999058485031128,0.0008309148252010345,0.0009130463004112244,,0.004588481038808823,,0.019774846732616425,0.005315475165843964,0.0
40910,1.0,256,fine_mc,cpu,0.006213430315256119,0.0004939232021570206,0.0005598440766334534,0.0057371631264686584,0.0,0.0,0.00031508319079875946,0.01362575963139534,,
40910,1.0,1024,fine_mc,cuda,0.0064169541001319885,0.002351522445678711,0.0025408491492271423,0.0022832974791526794,0.002252095937728882,0.010824969038367271,0.0014648400247097015,0.026499545201659203,,
40910,1.0,1024,empirical_selective,cuda,0.0064169541001319885,0.002351522445678711,0.0025408491492271423,0.002283656969666481,,0.005820019170641899,,0.04655316472053528,0.022027764469385147,0.0030904319137334824
40910,1.0,1024,certified_fallback,cuda,0.0064169541001319885,0.002351522445678711,0.0025408491492271423,0.0022849570959806442,,0.009326085448265076,,0.047002486884593964,0.022027764469385147,0.0
40910,1.0,1024,fine_mc,cpu,0.006436087191104889,0.0017412230372428894,0.002201355993747711,0.02233201451599598,0.0,0.0,0.00133407860994339,0.034408917650580406,,
40992,0.0,256,fine_mc,cuda,0.004242859780788422,0.020354941487312317,0.0008924361318349838,0.0010449979454278946,0.001008031964302063,0.004720231518149376,0.0004264935851097107,0.03233768604695797,,
40992,0.0,256,empirical_selective,cuda,0.004242859780788422,0.020354941487312317,0.0008924361318349838,0.0009852666407823563,,0.004848754033446312,,0.03779545612633228,0.004877444356679916,0.0005457941442728043
40992,0.0,256,certified_fallback,cuda,0.004242859780788422,0.020354941487312317,0.0008924361318349838,0.0009431764483451843,,0.005552327260375023,,0.037769706919789314,0.004877444356679916,0.0
40992,0.0,256,fine_mc,cpu,0.0043845102190971375,0.020666277036070824,0.0008478555828332901,0.005820170044898987,0.0,0.0,0.000342492014169693,0.0324788149446249,,
40992,0.0,1024,fine_mc,cuda,0.004429791122674942,0.10235312394797802,0.0026434604078531265,0.0022836867719888687,0.0022524800300598143,0.009465627372264862,0.0014621187001466751,0.12333102338016033,,
40992,0.0,1024,empirical_selective,cuda,0.004429791122674942,0.10235312394797802,0.0026434604078531265,0.0022909455001354218,,0.0106222964823246,,0.15068556554615498,0.02335396409034729,0.002779277041554451
40992,0.0,1024,certified_fallback,cuda,0.004429791122674942,0.10235312394797802,0.0026434604078531265,0.002282906323671341,,0.006135514006018639,,0.1433836705982685,0.02335396409034729,0.0
40992,0.0,1024,fine_mc,cpu,0.004493704065680504,0.16513037495315075,0.002697877585887909,0.02333914488554001,0.0,0.0,0.0013096295297145844,0.1974690929055214,,
40992,0.15,256,fine_mc,cuda,0.005113463848829269,0.022834548726677895,0.0009350478649139404,0.0010498091578483582,0.0010119999647140504,0.00516461580991745,0.00041884370148181915,0.03622066043317318,,
40992,0.15,256,empirical_selective,cuda,0.005113463848829269,0.022834548726677895,0.0009350478649139404,0.0010174978524446487,,0.004708690568804741,,0.04220603406429291,0.005901319906115532,0.0006190724670886993
40992,0.15,256,certified_fallback,cuda,0.005113463848829269,0.022834548726677895,0.0009350478649139404,0.0009196475148200989,,0.004534659907221794,,0.04114539735019207,0.005901319906115532,0.0
40992,0.15,256,fine_mc,cpu,0.005055595189332962,0.02219410426914692,0.0006873849779367447,0.005991792306303978,0.0,0.0,0.0003032926470041275,0.03467836417257786,,
40992,0.15,1024,fine_mc,cuda,0.004932016134262085,0.11005614139139652,0.0025041792541742325,0.002275567501783371,0.0022461440563201905,0.010710207745432854,0.0014396607875823975,0.1326216273009777,,
40992,0.15,1024,empirical_selective,cuda,0.004932016134262085,0.11005614139139652,0.0025041792541742325,0.0022818874567747116,,0.0057105328887701035,,0.15336010977625847,0.022320345044136047,0.003408605232834816
40992,0.15,1024,certified_fallback,cuda,0.004932016134262085,0.11005614139139652,0.0025041792541742325,0.0022864360362291336,,0.010809963569045067,,0.1550446916371584,0.022320345044136047,0.0
40992,0.15,1024,fine_mc,cpu,0.00515405647456646,0.1661911942064762,0.003109993413090706,0.030599022284150124,0.0,0.0,0.0012996401637792587,0.20683704502880573,,
40992,1.0,256,fine_mc,cuda,0.006307873874902725,0.0006004739552736282,0.0006563048809766769,0.0009040366858243942,0.0008737279772758484,0.0016099996864795685,0.0003987550735473633,0.01100795529782772,,
40992,1.0,256,empirical_selective,cuda,0.006307873874902725,0.0006004739552736282,0.0006563048809766769,0.0011807084083557129,,0.0016960632055997849,,0.018015993759036064,0.004885012283921242,0.0008586496114730835
40992,1.0,256,certified_fallback,cuda,0.006307873874902725,0.0006004739552736282,0.0006563048809766769,0.0008910875767469406,,0.0016095321625471115,,0.015828298404812813,0.004885012283921242,0.0
40992,1.0,256,fine_mc,cpu,0.006239715963602066,0.0004249420017004013,0.0006685741245746613,0.006482517346739769,0.0,0.0,0.0003203209489583969,0.0158882737159729,,
40992,1.0,1024,fine_mc,cuda,0.006294336169958115,0.002115074545145035,0.00267953984439373,0.0022847354412078857,0.002253535985946655,0.006053611636161804,0.0014470480382442474,0.0215303897857666,,
40992,1.0,1024,empirical_selective,cuda,0.006294336169958115,0.002115074545145035,0.00267953984439373,0.002310756593942642,,0.011248389258980751,,0.05396900698542595,0.024267619475722313,0.0029099471867084503
40992,1.0,1024,certified_fallback,cuda,0.006294336169958115,0.002115074545145035,0.00267953984439373,0.0022875964641571045,,0.006068538874387741,,0.045896660536527634,0.024267619475722313,0.0
40992,1.0,1024,fine_mc,cpu,0.006407583132386208,0.001276778057217598,0.004299789667129517,0.02990090847015381,0.0,0.0,0.001302948221564293,0.04366551153361797,,
41073,0.0,256,fine_mc,cuda,0.004259370267391205,0.02132570743560791,0.000765044242143631,0.001044558361172676,0.0010066239833831788,0.004570020362734795,0.000432431697845459,0.03308108076453209,,
41073,0.0,256,empirical_selective,cuda,0.004259370267391205,0.02132570743560791,0.000765044242143631,0.0010282285511493683,,0.004630383104085922,,0.03876929171383381,0.005054673179984093,0.0006576329469680786
41073,0.0,256,certified_fallback,cuda,0.004259370267391205,0.02132570743560791,0.000765044242143631,0.0009006280452013016,,0.004689199849963188,,0.03790503367781639,0.005054673179984093,0.0
41073,0.0,256,fine_mc,cpu,0.004340872168540955,0.02136436104774475,0.0010520294308662415,0.006659088656306267,0.0,0.0,0.0003117583692073822,0.03415890783071518,,
41073,0.0,1024,fine_mc,cuda,0.005058044567704201,0.09984824806451797,0.0027994997799396515,0.002294616773724556,0.0022613759040832518,0.00617537647485733,0.0014481302350759506,0.11832616850733757,,
41073,0.0,1024,empirical_selective,cuda,0.005058044567704201,0.09984824806451797,0.0027994997799396515,0.002303175628185272,,0.010434532538056374,,0.14648533426225185,0.020449843257665634,0.003309924155473709
41073,0.0,1024,certified_fallback,cuda,0.005058044567704201,0.09984824806451797,0.0027994997799396515,0.0023137573152780533,,0.006397552788257599,,0.1390581801533699,0.020449843257665634,0.0
41073,0.0,1024,fine_mc,cpu,0.004425330087542534,0.165214154869318,0.002687370404601097,0.0233160313218832,0.0,0.0,0.0013632196933031082,0.19747930765151978,,
41073,0.15,256,fine_mc,cuda,0.005107317119836807,0.022570457309484482,0.0007769837975502014,0.0011100880801677704,0.0010726720094680787,0.004577932879328728,0.0004363544285297394,0.03528458811342716,,
41073,0.15,256,empirical_selective,cuda,0.005107317119836807,0.022570457309484482,0.0007769837975502014,0.0010341480374336243,,0.004695512354373932,,0.04229474440217018,0.006163442507386208,0.0007432680577039719
41073,0.15,256,certified_fallback,cuda,0.005107317119836807,0.022570457309484482,0.0007769837975502014,0.000881686806678772,,0.00494755432009697,,0.04148973897099495,0.006163442507386208,0.0
41073,0.15,256,fine_mc,cpu,0.005085835233330727,0.022995252162218094,0.0007406044751405716,0.005939340218901634,0.0,0.0,0.0003347918391227722,0.03551873937249184,,
41073,0.15,1024,fine_mc,cuda,0.004979083314538002,0.10986513085663319,0.0038172155618667603,0.0022826362401247025,0.0022518720626831055,0.010626746341586113,0.0014343131333589554,0.13372076489031315,,
41073,0.15,1024,empirical_selective,cuda,0.004979083314538002,0.10986513085663319,0.0038172155618667603,0.00228007510304451,,0.0054542385041713715,,0.15979525819420815,0.028123177587985992,0.003037702292203903
41073,0.15,1024,certified_fallback,cuda,0.004979083314538002,0.10986513085663319,0.0038172155618667603,0.0022846683859825134,,0.005915183573961258,,0.15726389922201633,0.028123177587985992,0.0
41073,0.15,1024,fine_mc,cpu,0.005148096010088921,0.17326275259256363,0.0039408449083566666,0.024289008229970932,0.0,0.0,0.0014143120497465134,0.2086283378303051,,
41073,1.0,256,fine_mc,cuda,0.006287265568971634,0.0006099920719861984,0.0007184445858001709,0.0008956454694271088,0.0008644160032272339,0.004576424136757851,0.0004091709852218628,0.014040349051356316,,
41073,1.0,256,empirical_selective,cuda,0.006287265568971634,0.0006099920719861984,0.0007184445858001709,0.001223091036081314,,0.004744339734315872,,0.020885225385427475,0.0054480284452438354,0.0007447227835655212
41073,1.0,256,certified_fallback,cuda,0.006287265568971634,0.0006099920719861984,0.0007184445858001709,0.0012301374226808548,,0.00475052185356617,,0.019985631108283997,0.0054480284452438354,0.0
41073,1.0,256,fine_mc,cpu,0.007431471720337868,0.000390494242310524,0.0008728764951229095,0.006628276780247688,0.0,0.0,0.0003338716924190521,0.018578631803393364,,
41073,1.0,1024,fine_mc,cuda,0.006336424499750137,0.0018513016402721405,0.0035539548844099045,0.002294277772307396,0.0022608959674835206,0.011263417080044746,0.0015174821019172668,0.02760482393205166,,
41073,1.0,1024,empirical_selective,cuda,0.006336424499750137,0.0018513016402721405,0.0035539548844099045,0.002313205972313881,,0.006471237167716026,,0.051134541630744934,0.024137018248438835,0.0041375793516635895
41073,1.0,1024,certified_fallback,cuda,0.006336424499750137,0.0018513016402721405,0.0035539548844099045,0.0023015234619379044,,0.011989085003733635,,0.05236256681382656,0.024137018248438835,0.0
41073,1.0,1024,fine_mc,cpu,0.008286809548735619,0.004054868593811989,0.0026969313621520996,0.03232832811772823,0.0,0.0,0.00118204765021801,0.049112096428871155,,
41154,0.0,256,fine_mc,cuda,0.004255767911672592,0.021526280790567398,0.0007481649518013,0.0010594651103019714,0.0010216959714889526,0.004710931330919266,0.0004915241152048111,0.0334438718855381,,
41154,0.0,256,empirical_selective,cuda,0.004255767911672592,0.021526280790567398,0.0007481649518013,0.0010207481682300568,,0.004599332809448242,,0.03876570612192154,0.00492522306740284,0.0006290972232818604
41154,0.0,256,certified_fallback,cuda,0.004255767911672592,0.021526280790567398,0.0007481649518013,0.0009198784828186035,,0.004583550617098808,,0.0378226712346077,0.00492522306740284,0.0
41154,0.0,256,fine_mc,cpu,0.004418849945068359,0.02197483368217945,0.0008029080927371979,0.00668678805232048,0.0,0.0,0.00036519207060337067,0.034619953483343124,,
41154,0.0,1024,fine_mc,cuda,0.004491452127695084,0.16310358047485352,0.0026999972760677338,0.002314196899533272,0.0022798399925231935,0.01246633566915989,0.0014961790293455124,0.18722321093082428,,
41154,0.0,1024,empirical_selective,cuda,0.004491452127695084,0.16310358047485352,0.0026999972760677338,0.0022915881127119064,,0.010620353743433952,,0.20789115317165852,0.01968841627240181,0.0026938095688819885
41154,0.0,1024,certified_fallback,cuda,0.004491452127695084,0.16310358047485352,0.0026999972760677338,0.002281736582517624,,0.00614173524081707,,0.2004325296729803,0.01968841627240181,0.0
41154,0.0,1024,fine_mc,cpu,0.004659611731767654,0.16883284971117973,0.0026416312903165817,0.023575736209750175,0.0,0.0,0.0012660175561904907,0.2013822365552187,,
41154,0.15,256,fine_mc,cuda,0.005118623375892639,0.022796880453824997,0.0009651966392993927,0.0010589677840471268,0.0010217280387878418,0.004575915634632111,0.00041621364653110504,0.035528816282749176,,
41154,0.15,256,empirical_selective,cuda,0.005118623375892639,0.022796880453824997,0.0009651966392993927,0.0009927675127983093,,0.004532642662525177,,0.04136749915778637,0.005115726962685585,0.0008608438074588776
41154,0.15,256,certified_fallback,cuda,0.005118623375892639,0.022796880453824997,0.0009651966392993927,0.0009198654443025589,,0.004580352455377579,,0.04035422205924988,0.005115726962685585,0.0
41154,0.15,256,fine_mc,cpu,0.005073385313153267,0.021905863657593727,0.0007770862430334091,0.005913890898227692,0.0,0.0,0.00033517368137836456,0.03527260757982731,,
41154,0.15,1024,fine_mc,cuda,0.0047823842614889145,0.11179638467729092,0.0024499688297510147,0.0022872965782880783,0.0022554879188537596,0.01228712685406208,0.0015146899968385696,0.1357111781835556,,
41154,0.15,1024,empirical_selective,cuda,0.0047823842614889145,0.11179638467729092,0.0024499688297510147,0.0022951364517211914,,0.012277407571673393,,0.15989230759441853,0.021522721275687218,0.0027694273740053177
41154,0.15,1024,certified_fallback,cuda,0.0047823842614889145,0.11179638467729092,0.0024499688297510147,0.002290615811944008,,0.006397265940904617,,0.15123189613223076,0.021522721275687218,0.0
41154,0.15,1024,fine_mc,cpu,0.0051438454538583755,0.17025882191956043,0.0024478770792484283,0.02843642048537731,0.0,0.0,0.0011963285505771637,0.20788239687681198,,
41154,1.0,256,fine_mc,cuda,0.0062299445271492004,0.0006149560213088989,0.0010269582271575928,0.0009233057498931885,0.0008940479755401612,0.004522612318396568,0.0003877226263284683,0.014157138764858246,,
41154,1.0,256,empirical_selective,cuda,0.0062299445271492004,0.0006149560213088989,0.0010269582271575928,0.0009594280272722244,,0.004608403891324997,,0.01983701065182686,0.004861963912844658,0.0005960837006568909
41154,1.0,256,certified_fallback,cuda,0.0062299445271492004,0.0006149560213088989,0.0010269582271575928,0.0009590573608875275,,0.0050287917256355286,,0.019575009122490883,0.004861963912844658,0.0
41154,1.0,256,fine_mc,cpu,0.006857909262180328,0.0004400741308927536,0.0005840323865413666,0.006746497005224228,0.0,0.0,0.00035573355853557587,0.015332786366343498,,
41154,1.0,1024,fine_mc,cuda,0.006364123895764351,0.0018169041723012924,0.0024311188608407974,0.002282116562128067,0.0022504000663757322,0.011883014813065529,0.001444850116968155,0.026829717680811882,,
41154,1.0,1024,empirical_selective,cuda,0.006364123895764351,0.0018169041723012924,0.0024311188608407974,0.00231175497174263,,0.005993731319904327,,0.0439298078417778,0.01989869959652424,0.0027735214680433273
41154,1.0,1024,certified_fallback,cuda,0.006364123895764351,0.0018169041723012924,0.0024311188608407974,0.002284875139594078,,0.009205365553498268,,0.04403628036379814,0.01989869959652424,0.0
41154,1.0,1024,fine_mc,cpu,0.008065307512879372,0.001636359840631485,0.002827690914273262,0.026333952322602272,0.0,0.0,0.0012454558163881302,0.04049037955701351,,
41235,0.0,256,fine_mc,cuda,0.004222838208079338,0.02193254418671131,0.0007386468350887299,0.0010483674705028534,0.001009984016418457,0.004778502508997917,0.0004308130592107773,0.03372746333479881,,
41235,0.0,256,empirical_selective,cuda,0.004222838208079338,0.02193254418671131,0.0007386468350887299,0.0010089464485645294,,0.004879675805568695,,0.03952978551387787,0.0049163345247507095,0.0006487052887678146
41235,0.0,256,certified_fallback,cuda,0.004222838208079338,0.02193254418671131,0.0007386468350887299,0.0009012259542942047,,0.004568260163068771,,0.0382005050778389,0.0049163345247507095,0.0
41235,0.0,256,fine_mc,cpu,0.004750074818730354,0.02170756086707115,0.0007043555378913879,0.00611475296318531,0.0,0.0,0.00034830160439014435,0.03394869528710842,,
41235,0.0,1024,fine_mc,cuda,0.004453331232070923,0.10230617597699165,0.002812659367918968,0.002283254638314247,0.0022531518936157228,0.011241981759667397,0.0014463476836681366,0.12517128512263298,,
41235,0.0,1024,empirical_selective,cuda,0.004453331232070923,0.10230617597699165,0.002812659367918968,0.002290746197104454,,0.010085482150316238,,0.14705701917409897,0.020166581496596336,0.0028888192027807236
41235,0.0,1024,certified_fallback,cuda,0.004453331232070923,0.10230617597699165,0.002812659367918968,0.0023151561617851257,,0.00627167709171772,,0.14037074334919453,0.020166581496596336,0.0
41235,0.0,1024,fine_mc,cpu,0.004439832642674446,0.15879981219768524,0.003446122631430626,0.03096417523920536,0.0,0.0,0.0013281796127557755,0.1993554476648569,,
41235,0.15,256,fine_mc,cuda,0.0051964689046144485,0.026077911257743835,0.001054147258400917,0.001260809600353241,0.0012178879976272583,0.004857650026679039,0.0004328414797782898,0.03949892520904541,,
41235,0.15,256,empirical_selective,cuda,0.0051964689046144485,0.026077911257743835,0.001054147258400917,0.0012158285826444626,,0.004918534308671951,,0.04622905142605305,0.005844529718160629,0.0006531327962875366
41235,0.15,256,certified_fallback,cuda,0.0051964689046144485,0.026077911257743835,0.001054147258400917,0.0012507271021604538,,0.0017717741429805756,,0.04212627187371254,0.005844529718160629,0.0
41235,0.15,256,fine_mc,cpu,0.004997884854674339,0.02312879078090191,0.0007160864770412445,0.006002133712172508,0.0,0.0,0.00032182224094867706,0.035488102585077286,,
41235,0.15,1024,fine_mc,cuda,0.004881223663687706,0.11390967853367329,0.002687240019440651,0.0022866763174533844,0.002254271984100342,0.01142064668238163,0.0014333315193653107,0.13720997236669064,,
41235,0.15,1024,empirical_selective,cuda,0.004881223663687706,0.11390967853367329,0.002687240019440651,0.002294206991791725,,0.010615233331918716,,0.1593958865851164,0.019781848415732384,0.0030248723924160004
41235,0.15,1024,certified_fallback,cuda,0.004881223663687706,0.11390967853367329,0.002687240019440651,0.0022952258586883545,,0.006136482581496239,,0.15235641598701477,0.019781848415732384,0.0
41235,0.15,1024,fine_mc,cpu,0.005486378446221352,0.1686794925481081,0.0035797040909528732,0.024535560980439186,0.0,0.0,0.001199508085846901,0.2039037737995386,,
41235,1.0,256,fine_mc,cuda,0.006234096363186836,0.0006442442536354065,0.0006709154695272446,0.0009202659130096436,0.0008901119828224182,0.004501361399888992,0.00041674450039863586,0.013847637921571732,,
41235,1.0,256,empirical_selective,cuda,0.006234096363186836,0.0006442442536354065,0.0006709154695272446,0.0009555965662002563,,0.0049047041684389114,,0.019790828227996826,0.004906855523586273,0.0005598533898591995
41235,1.0,256,certified_fallback,cuda,0.006234096363186836,0.0006442442536354065,0.0006709154695272446,0.0011588893830776215,,0.004611629992723465,,0.019152484834194183,0.004906855523586273,0.0
41235,1.0,256,fine_mc,cpu,0.0069739483296871185,0.00040535256266593933,0.0006842333823442459,0.005935352295637131,0.0,0.0,0.0003220122307538986,0.014631872996687889,,
41235,1.0,1024,fine_mc,cuda,0.007874276489019394,0.0020772311836481094,0.0025316663086414337,0.0022872667759656906,0.00225600004196167,0.010556492954492569,0.0014748331159353256,0.02741345204412937,,
41235,1.0,1024,empirical_selective,cuda,0.007874276489019394,0.0020772311836481094,0.0025316663086414337,0.0022880975157022476,,0.006587887182831764,,0.046051669865846634,0.019802818074822426,0.002847610041499138
41235,1.0,1024,certified_fallback,cuda,0.007874276489019394,0.0020772311836481094,0.0025316663086414337,0.0022826362401247025,,0.007317019626498222,,0.04395778477191925,0.019802818074822426,0.0
41235,1.0,1024,fine_mc,cpu,0.006399344652891159,0.00176321342587471,0.002155102789402008,0.022992409765720367,0.0,0.0,0.001282520592212677,0.03494769707322121,,
41316,0.0,256,fine_mc,cuda,0.004491521045565605,0.026022592559456825,0.0007849838584661484,0.001070946455001831,0.0010255680084228515,0.004634412005543709,0.0004643332213163376,0.03804103657603264,,
41316,0.0,256,empirical_selective,cuda,0.004491521045565605,0.026022592559456825,0.0007849838584661484,0.0009749568998813629,,0.004556162282824516,,0.04335538484156132,0.004936212673783302,0.0006037037819623947
41316,0.0,256,certified_fallback,cuda,0.004491521045565605,0.026022592559456825,0.0007849838584661484,0.0009290166199207306,,0.004616172984242439,,0.04262952692806721,0.004936212673783302,0.0
41316,0.0,256,fine_mc,cpu,0.00433943048119545,0.020889338105916977,0.0007154550403356552,0.006093721836805344,0.0,0.0,0.0003219433128833771,0.032692017033696175,,
41316,0.0,1024,fine_mc,cuda,0.0044451504945755005,0.10224151611328125,0.0024745557457208633,0.002279026433825493,0.0022500801086425782,0.011241881176829338,0.0014653410762548447,0.12475177273154259,,
41316,0.0,1024,empirical_selective,cuda,0.0044451504945755005,0.10224151611328125,0.0024745557457208633,0.0022906530648469925,,0.010694341734051704,,0.14729895070195198,0.019883956760168076,0.0031166113913059235
41316,0.0,1024,certified_fallback,cuda,0.0044451504945755005,0.10224151611328125,0.0024745557457208633,0.0022805240005254745,,0.00621434673666954,,0.1395317241549492,0.019883956760168076,0.0
41316,0.0,1024,fine_mc,cpu,0.0044781919568777084,0.16471807286143303,0.004173489287495613,0.02774493210017681,0.0,0.0,0.0014047492295503616,0.2029295712709427,,
41316,0.15,256,fine_mc,cuda,0.005320508033037186,0.02600202150642872,0.0007249638438224792,0.0010510291904211044,0.0010121279954910278,0.004814343526959419,0.0005323346704244614,0.039063721895217896,,
41316,0.15,256,empirical_selective,cuda,0.005320508033037186,0.02600202150642872,0.0007249638438224792,0.001032775267958641,,0.0048694852739572525,,0.04485824145376682,0.0051511358469724655,0.000737825408577919
41316,0.15,256,certified_fallback,cuda,0.005320508033037186,0.02600202150642872,0.0007249638438224792,0.0009491667151451111,,0.004634832963347435,,0.04364777356386185,0.0051511358469724655,0.0
41316,0.15,256,fine_mc,cpu,0.00521734356880188,0.023149264976382256,0.0007686056196689606,0.006315575912594795,0.0,0.0,0.0003376118838787079,0.03614152781665325,,
41316,0.15,1024,fine_mc,cuda,0.005788771435618401,0.1108790673315525,0.003246622160077095,0.002282155677676201,0.0022517120838165283,0.010742854326963425,0.0015522707253694534,0.1351648848503828,,
41316,0.15,1024,empirical_selective,cuda,0.005788771435618401,0.1108790673315525,0.003246622160077095,0.002299906685948372,,0.01018919050693512,,0.1626352984458208,0.023937677964568138,0.003316553309559822
41316,0.15,1024,certified_fallback,cuda,0.005788771435618401,0.1108790673315525,0.003246622160077095,0.002285376191139221,,0.00638587586581707,,0.15456536039710045,0.023937677964568138,0.0
41316,0.15,1024,fine_mc,cpu,0.006477506831288338,0.17415444925427437,0.002554668113589287,0.030270922929048538,0.0,0.0,0.0012699402868747711,0.21511130593717098,,
41316,1.0,256,fine_mc,cuda,0.006439255550503731,0.0007457844913005829,0.000948738306760788,0.0009738951921463013,0.0009409919977188111,0.004599852487444878,0.0004094131290912628,0.0146181620657444,,
41316,1.0,256,empirical_selective,cuda,0.006439255550503731,0.0007457844913005829,0.000948738306760788,0.0009759869426488876,,0.004601599648594856,,0.020477114245295525,0.005270497873425484,0.0005683321505784988
41316,1.0,256,certified_fallback,cuda,0.006439255550503731,0.0007457844913005829,0.000948738306760788,0.0009380262345075607,,0.0047408826649188995,,0.019944120198488235,0.005270497873425484,0.0
41316,1.0,256,fine_mc,cpu,0.007045228034257889,0.00042682141065597534,0.0006684251129627228,0.006039751693606377,0.0,0.0,0.00033384189009666443,0.014837810769677162,,
41316,1.0,1024,fine_mc,cuda,0.008685490116477013,0.0018453318625688553,0.0027563199400901794,0.0022799279540777206,0.002249248027801514,0.011324109509587288,0.001483619213104248,0.02901652455329895,,
41316,1.0,1024,empirical_selective,cuda,0.008685490116477013,0.0018453318625688553,0.0027563199400901794,0.002297796308994293,,0.005858998745679855,,0.047030599787831306,0.020236430689692497,0.00325884111225605
41316,1.0,1024,certified_fallback,cuda,0.008685490116477013,0.0018453318625688553,0.0027563199400901794,0.002318166196346283,,0.006252693012356758,,0.0442239698022604,0.020236430689692497,0.0
41316,1.0,1024,fine_mc,cpu,0.006455186754465103,0.001387258991599083,0.002543855458498001,0.02425129897892475,0.0,0.0,0.0014232005923986435,0.0365305170416832,,
41398,0.0,256,fine_mc,cuda,0.005465280264616013,0.022736668586730957,0.0011131688952445984,0.0012597199529409409,0.0012161279916763305,0.0046257320791482925,0.00042322278022766113,0.03633325360715389,,
41398,0.0,256,empirical_selective,cuda,0.005465280264616013,0.022736668586730957,0.0011131688952445984,0.0011581964790821075,,0.004695773124694824,,0.04163079150021076,0.004899503663182259,0.0005112830549478531
41398,0.0,256,certified_fallback,cuda,0.005465280264616013,0.022736668586730957,0.0011131688952445984,0.0009113755077123642,,0.004638180136680603,,0.040661877021193504,0.004899503663182259,0.0
41398,0.0,256,fine_mc,cpu,0.004361627623438835,0.02112327516078949,0.0007000453770160675,0.006033143028616905,0.0,0.0,0.0003942437469959259,0.03309377655386925,,
41398,0.0,1024,fine_mc,cuda,0.005911841988563538,0.10322042368352413,0.0024764463305473328,0.0022910963743925095,0.0022596800327301025,0.011403940618038177,0.0016890708357095718,0.1278168335556984,,
41398,0.0,1024,empirical_selective,cuda,0.005911841988563538,0.10322042368352413,0.0024764463305473328,0.002311408519744873,,0.010971743613481522,,0.1530117280781269,0.022879181429743767,0.0030462704598903656
41398,0.0,1024,certified_fallback,cuda,0.005911841988563538,0.10322042368352413,0.0024764463305473328,0.002283615991473198,,0.006107954308390617,,0.14499897323548794,0.022879181429743767,0.0
41398,0.0,1024,fine_mc,cpu,0.004869723692536354,0.15960270911455154,0.0027289576828479767,0.031162947416305542,0.0,0.0,0.0013042166829109192,0.20024767704308033,,
41398,0.15,256,fine_mc,cuda,0.005183584988117218,0.023570436984300613,0.0007989350706338882,0.001192435622215271,0.0011389119625091553,0.001801932230591774,0.00044144317507743835,0.03373945504426956,,
41398,0.15,256,empirical_selective,cuda,0.005183584988117218,0.023570436984300613,0.0007989350706338882,0.0009491350501775742,,0.0015541315078735352,,0.03886562027037144,0.005179544910788536,0.0005592945963144302
41398,0.15,256,certified_fallback,cuda,0.005183584988117218,0.023570436984300613,0.0007989350706338882,0.0009667351841926575,,0.001703081652522087,,0.038364676758646965,0.005179544910788536,0.0
41398,0.15,256,fine_mc,cpu,0.005045557394623756,0.02234409563243389,0.0008033160120248795,0.005704812705516815,0.0,0.0,0.00030721165239810944,0.03463871404528618,,
41398,0.15,1024,fine_mc,cuda,0.005600098520517349,0.11603090167045593,0.0025514476001262665,0.0022956356406211853,0.0022602560520172117,0.010405443608760834,0.001453610137104988,0.13905109278857708,,
41398,0.15,1024,empirical_selective,cuda,0.005600098520517349,0.11603090167045593,0.0025514476001262665,0.002291223034262657,,0.010726355016231537,,0.16229667700827122,0.02017352171242237,0.0027835089713335037
41398,0.15,1024,certified_fallback,cuda,0.005600098520517349,0.11603090167045593,0.0025514476001262665,0.002307277172803879,,0.0061879027634859085,,0.1549844779074192,0.02017352171242237,0.0
41398,0.15,1024,fine_mc,cpu,0.005149343982338905,0.1683068461716175,0.005132406949996948,0.032150624319911,0.0,0.0,0.0013760291039943695,0.21263313852250576,,
41398,1.0,256,fine_mc,cuda,0.006282564252614975,0.0006072837859392166,0.0011019594967365265,0.0009141750633716583,0.0008824959993362426,0.0016184169799089432,0.0004280339926481247,0.011491119861602783,,
41398,1.0,256,empirical_selective,cuda,0.006282564252614975,0.0006072837859392166,0.0011019594967365265,0.0009753461927175522,,0.0016127843409776688,,0.0193560142070055,0.005671318620443344,0.0020327046513557434
41398,1.0,256,certified_fallback,cuda,0.006282564252614975,0.0006072837859392166,0.0011019594967365265,0.0009227190166711807,,0.0016352105885744095,,0.017133338376879692,0.005671318620443344,0.0
41398,1.0,256,fine_mc,cpu,0.006327614188194275,0.00036527402698993683,0.000645885244011879,0.007362132892012596,0.0,0.0,0.00031307153403759,0.015421848744153976,,
41398,1.0,1024,fine_mc,cuda,0.006332144141197205,0.0018215849995613098,0.0025697555392980576,0.0022857841104269028,0.0022510719299316407,0.0066391341388225555,0.0014802590012550354,0.02180948294699192,,
41398,1.0,1024,empirical_selective,cuda,0.006332144141197205,0.0018215849995613098,0.0025697555392980576,0.002292737364768982,,0.01162792183458805,,0.05148255079984665,0.02032778225839138,0.004329800605773926
41398,1.0,1024,certified_fallback,cuda,0.006332144141197205,0.0018215849995613098,0.0025697555392980576,0.0022916272282600403,,0.006187872961163521,,0.041622331365942955,0.02032778225839138,0.0
41398,1.0,1024,fine_mc,cpu,0.006587795913219452,0.0015601124614477158,0.0035748258233070374,0.023546267300844193,0.0,0.0,0.0013197865337133408,0.037108488380908966,,
41479,0.0,256,fine_mc,cuda,0.0042720977216959,0.021662931889295578,0.000971086323261261,0.001134956255555153,0.001095296025276184,0.0051670074462890625,0.0004385821521282196,0.03422473184764385,,
41479,0.0,256,empirical_selective,cuda,0.0042720977216959,0.021662931889295578,0.000971086323261261,0.0009912867099046707,,0.004716832190752029,,0.0391702763736248,0.005020705983042717,0.000590004026889801
41479,0.0,256,certified_fallback,cuda,0.0042720977216959,0.021662931889295578,0.000971086323261261,0.0009084269404411316,,0.004601260647177696,,0.03826537914574146,0.005020705983042717,0.0
41479,0.0,256,fine_mc,cpu,0.00438552163541317,0.021517939865589142,0.0007297657430171967,0.006240932270884514,0.0,0.0,0.0003643818199634552,0.033578863367438316,,
41479,0.0,1024,fine_mc,cuda,0.005073497071862221,0.10530135780572891,0.0027472488582134247,0.0022797267884016037,0.00225052809715271,0.009756907820701599,0.0014487914741039276,0.1272328607738018,,
41479,0.0,1024,empirical_selective,cuda,0.005073497071862221,0.10530135780572891,0.0027472488582134247,0.0023063234984874725,,0.010405540466308594,,0.15143340080976486,0.020775286480784416,0.0027793683111667633
41479,0.0,1024,certified_fallback,cuda,0.005073497071862221,0.10530135780572891,0.0027472488582134247,0.0022912565618753433,,0.006611606106162071,,0.1452508382499218,0.020775286480784416,0.0
41479,0.0,1024,fine_mc,cpu,0.004445303231477737,0.16530799865722656,0.002843007445335388,0.023458784446120262,0.0,0.0,0.0012794211506843567,0.19773117825388908,,
41479,0.15,256,fine_mc,cuda,0.005193816497921944,0.022721128538250923,0.0011091381311416626,0.0010388679802417755,0.0010019840002059937,0.004623269662261009,0.00043828412890434265,0.03573192097246647,,
41479,0.15,256,empirical_selective,cuda,0.005193816497921944,0.022721128538250923,0.0011091381311416626,0.0009711273014545441,,0.004631591960787773,,0.041158828884363174,0.00503847561776638,0.0005137547850608826
41479,0.15,256,certified_fallback,cuda,0.005193816497921944,0.022721128538250923,0.0011091381311416626,0.0009264163672924042,,0.004576651379466057,,0.04045407474040985,0.00503847561776638,0.0
41479,0.15,256,fine_mc,cpu,0.0050107743591070175,0.022584619000554085,0.0007178839296102524,0.005988333374261856,0.0,0.0,0.00034834258258342743,0.034995464608073235,,
41479,0.15,1024,fine_mc,cuda,0.004849633201956749,0.11428093165159225,0.002561848610639572,0.0023928582668304443,0.00234934401512146,0.01084192655980587,0.0015055499970912933,0.1375046018511057,,
41479,0.15,1024,empirical_selective,cuda,0.004849633201956749,0.11428093165159225,0.002561848610639572,0.0022956356406211853,,0.01102081686258316,,0.16288504004478455,0.022265344858169556,0.0034330133348703384
41479,0.15,1024,certified_fallback,cuda,0.004849633201956749,0.11428093165159225,0.002561848610639572,0.0022903159260749817,,0.0062302108854055405,,0.15451272949576378,0.022265344858169556,0.0
41479,0.15,1024,fine_mc,cpu,0.005605759099125862,0.17328711971640587,0.0026693101972341537,0.03023611195385456,0.0,0.0,0.0013128295540809631,0.21355065517127514,,
41479,1.0,256,fine_mc,cuda,0.006287222728133202,0.0005994364619255066,0.0010287649929523468,0.0009467657655477524,0.0009177600145339966,0.004529532045125961,0.0004065614193677902,0.014248747378587723,,
41479,1.0,256,empirical_selective,cuda,0.006287222728133202,0.0005994364619255066,0.0010287649929523468,0.0009779483079910278,,0.004739116877317429,,0.019979245960712433,0.0048920828849077225,0.0005476754158735275
41479,1.0,256,certified_fallback,cuda,0.006287222728133202,0.0005994364619255066,0.0010287649929523468,0.0009337645024061203,,0.004591852426528931,,0.01914886012673378,0.0048920828849077225,0.0
41479,1.0,256,fine_mc,cpu,0.006230095401406288,0.0003756638616323471,0.0006437450647354126,0.005371809005737305,0.0,0.0,0.0003309827297925949,0.013264114037156105,,
41479,1.0,1024,fine_mc,cuda,0.006286676973104477,0.0019149035215377808,0.0028312671929597855,0.002295074984431267,0.0022581439018249513,0.011497262865304947,0.0014471597969532013,0.0268924068659544,,
41479,1.0,1024,empirical_selective,cuda,0.006286676973104477,0.0019149035215377808,0.0028312671929597855,0.0022854451090097427,,0.00570586696267128,,0.04400382936000824,0.01969223842024803,0.003167085349559784
41479,1.0,1024,certified_fallback,cuda,0.006286676973104477,0.0019149035215377808,0.0028312671929597855,0.0022843871265649796,,0.006128953769803047,,0.04123102128505707,0.01969223842024803,0.0
41479,1.0,1024,fine_mc,cpu,0.006391596049070358,0.0014968402683734894,0.0024774987250566483,0.021848812699317932,0.0,0.0,0.0012648068368434906,0.03388764336705208,,
41560,0.0,256,fine_mc,cuda,0.004288839176297188,0.024245768785476685,0.0009654257446527481,0.0010786987841129303,0.0010286719799041748,0.004663102328777313,0.00042254477739334106,0.03634108416736126,,
41560,0.0,256,empirical_selective,cuda,0.004288839176297188,0.024245768785476685,0.0009654257446527481,0.0009733475744724274,,0.004696523770689964,,0.04175294190645218,0.004951644688844681,0.0005698632448911667
41560,0.0,256,certified_fallback,cuda,0.004288839176297188,0.024245768785476685,0.0009654257446527481,0.0009227953851222992,,0.004803523421287537,,0.04110484756529331,0.004951644688844681,0.0
41560,0.0,256,fine_mc,cpu,0.004503142088651657,0.021096905693411827,0.0007517170161008835,0.0059327613562345505,0.0,0.0,0.0003427807241678238,0.03306247107684612,,
41560,0.0,1024,fine_mc,cuda,0.004427861422300339,0.10214053653180599,0.002775641158223152,0.002283245325088501,0.0022535998821258544,0.010788777843117714,0.0015109516680240631,0.12466497160494328,,
41560,0.0,1024,empirical_selective,cuda,0.004427861422300339,0.10214053653180599,0.002775641158223152,0.0022946447134017944,,0.012167036533355713,,0.14978470839560032,0.02065359614789486,0.0030988436192274094
41560,0.0,1024,certified_fallback,cuda,0.004427861422300339,0.10214053653180599,0.002775641158223152,0.002292536199092865,,0.006041523069143295,,0.14045747555792332,0.02065359614789486,0.0
41560,0.0,1024,fine_mc,cpu,0.004432329908013344,0.1633974239230156,0.002707159146666527,0.031217988580465317,0.0,0.0,0.0012918394058942795,0.20355676673352718,,
41560,0.15,256,fine_mc,cuda,0.005457708612084389,0.022602379322052002,0.0011286865919828415,0.001273149624466896,0.00122707200050354,0.0049606431275606155,0.0005571655929088593,0.036770425736904144,,
41560,0.15,256,empirical_selective,cuda,0.005457708612084389,0.022602379322052002,0.0011286865919828415,0.0010289084166288376,,0.004620390012860298,,0.041495829820632935,0.004958195611834526,0.0005835853517055511
41560,0.15,256,certified_fallback,cuda,0.005457708612084389,0.022602379322052002,0.0011286865919828415,0.0009435359388589859,,0.00498834066092968,,0.04162156954407692,0.004958195611834526,0.0
41560,0.15,256,fine_mc,cpu,0.0051297880709171295,0.022530678659677505,0.0007176268845796585,0.005946112796664238,0.0,0.0,0.00033638253808021545,0.03507833741605282,,
41560,0.15,1024,fine_mc,cuda,0.005047915503382683,0.11206087470054626,0.002399574965238571,0.0022830162197351456,0.002252863883972168,0.011935919523239136,0.0016364119946956635,0.136146642267704,,
41560,0.15,1024,empirical_selective,cuda,0.005047915503382683,0.11206087470054626,0.002399574965238571,0.0022937972098588943,,0.010668143630027771,,0.16097216680645943,0.02286810800433159,0.0034049227833747864
41560,0.15,1024,certified_fallback,cuda,0.005047915503382683,0.11206087470054626,0.002399574965238571,0.002314329147338867,,0.006300752982497215,,0.15335611253976822,0.02286810800433159,0.0
41560,0.15,1024,fine_mc,cpu,0.005405766889452934,0.17171365022659302,0.0036066249012947083,0.030848495662212372,0.0,0.0,0.0013047084212303162,0.21340404078364372,,
41560,1.0,256,fine_mc,cuda,0.006341703236103058,0.0006082262843847275,0.0011244863271713257,0.000928366556763649,0.0008947200179100037,0.0045621395111083984,0.00046881474554538727,0.014634713530540466,,
41560,1.0,256,empirical_selective,cuda,0.006341703236103058,0.0006082262843847275,0.0011244863271713257,0.0012283176183700562,,0.004606364294886589,,0.020825646817684174,0.005132196471095085,0.0006134863942861557
41560,1.0,256,certified_fallback,cuda,0.006341703236103058,0.0006082262843847275,0.0011244863271713257,0.0009480658918619156,,0.004641475155949593,,0.019817711785435677,0.005132196471095085,0.0
41560,1.0,256,fine_mc,cpu,0.0068124085664749146,0.0005942843854427338,0.0008370168507099152,0.006288925185799599,0.0,0.0,0.0003216546028852463,0.01524616964161396,,
41560,1.0,1024,fine_mc,cuda,0.006337404251098633,0.0019129328429698944,0.0025408975780010223,0.0022840462625026703,0.0022527360916137695,0.011096049100160599,0.0015400312840938568,0.02640410326421261,,
41560,1.0,1024,empirical_selective,cuda,0.006337404251098633,0.0019129328429698944,0.0025408975780010223,0.002310788258910179,,0.005892261862754822,,0.04647859372198582,0.02193671092391014,0.0032996516674757004
41560,1.0,1024,certified_fallback,cuda,0.006337404251098633,0.0019129328429698944,0.0025408975780010223,0.0022994745522737503,,0.010412393137812614,,0.047531360760331154,0.02193671092391014,0.0
41560,1.0,1024,fine_mc,cpu,0.006809128448367119,0.0014015808701515198,0.0025915373116731644,0.023118941113352776,0.0,0.0,0.0012793280184268951,0.03570551797747612,,
41641,0.0,256,fine_mc,cuda,0.004451831802725792,0.02079579420387745,0.0009992681443691254,0.001243550330400467,0.0012052160501480101,0.004822364076972008,0.00042695365846157074,0.03341909125447273,,
41641,0.0,256,empirical_selective,cuda,0.004451831802725792,0.02079579420387745,0.0009992681443691254,0.0010031070560216904,,0.004761163145303726,,0.03878331929445267,0.0049300044775009155,0.0006432514637708664
41641,0.0,256,certified_fallback,cuda,0.004451831802725792,0.02079579420387745,0.0009992681443691254,0.0009889155626296997,,0.004634842276573181,,0.03771607019007206,0.0049300044775009155,0.0
41641,0.0,256,fine_mc,cpu,0.00598442368209362,0.020341360941529274,0.0007038749754428864,0.005938941612839699,0.0,0.0,0.00032480061054229736,0.03372429497539997,,
41641,0.0,1024,fine_mc,cuda,0.004434261471033096,0.10389942862093449,0.00246361643075943,0.002284776419401169,0.0022541120052337648,0.011424366384744644,0.0014571193605661392,0.12667028605937958,,
41641,0.0,1024,empirical_selective,cuda,0.004434261471033096,0.10389942862093449,0.00246361643075943,0.0023237187415361404,,0.005943382158875465,,0.14413852989673615,0.01988648995757103,0.002706008031964302
41641,0.0,1024,certified_fallback,cuda,0.004434261471033096,0.10389942862093449,0.00246361643075943,0.002287503331899643,,0.009175704792141914,,0.14436256140470505,0.01988648995757103,0.0
41641,0.0,1024,fine_mc,cpu,0.004489121958613396,0.125277828425169,0.0028731394559144974,0.027218321338295937,0.0,0.0,0.001295117661356926,0.1617151014506817,,
41641,0.15,256,fine_mc,cuda,0.005225246772170067,0.0224025659263134,0.0011092163622379303,0.00125039741396904,0.001195263981819153,0.004701172932982445,0.0004322417080402374,0.035982271656394005,,
41641,0.15,256,empirical_selective,cuda,0.005225246772170067,0.0224025659263134,0.0011092163622379303,0.0012565068900585175,,0.004756376147270203,,0.04297010041773319,0.005646400153636932,0.0006815940141677856
41641,0.15,256,certified_fallback,cuda,0.005225246772170067,0.0224025659263134,0.0011092163622379303,0.0009920969605445862,,0.005034120753407478,,0.04142896272242069,0.005646400153636932,0.0
41641,0.15,256,fine_mc,cpu,0.005133824422955513,0.0245845727622509,0.0007880665361881256,0.006082432344555855,0.0,0.0,0.00039675086736679077,0.037477342411875725,,
41641,0.15,1024,fine_mc,cuda,0.006843447685241699,0.11513089574873447,0.002861320972442627,0.002330996096134186,0.002282367944717407,0.01089443638920784,0.0015074294060468674,0.14036056213080883,,
41641,0.15,1024,empirical_selective,cuda,0.006843447685241699,0.11513089574873447,0.002861320972442627,0.002289535477757454,,0.004142379388213158,,0.1573336310684681,0.020885474979877472,0.0030435603111982346
41641,0.15,1024,certified_fallback,cuda,0.006843447685241699,0.11513089574873447,0.002861320972442627,0.0023036058992147446,,0.009961739182472229,,0.16026269271969795,0.020885474979877472,0.0
41641,0.15,1024,fine_mc,cpu,0.005182245746254921,0.17105505801737309,0.00261777825653553,0.023101963102817535,0.0,0.0,0.0012962576001882553,0.20376104302704334,,
41641,1.0,256,fine_mc,cuda,0.006277093663811684,0.0006045233458280563,0.0011093877255916595,0.0008996259421110153,0.0008711680173873901,0.0016444120556116104,0.00042973272502422333,0.011495789512991905,,
41641,1.0,256,empirical_selective,cuda,0.006277093663811684,0.0006045233458280563,0.0011093877255916595,0.0009685344994068146,,0.0016210228204727173,,0.01738002337515354,0.0051268767565488815,0.0006778351962566376
41641,1.0,256,certified_fallback,cuda,0.006277093663811684,0.0006045233458280563,0.0011093877255916595,0.0009131859987974167,,0.0016170423477888107,,0.016544457525014877,0.0051268767565488815,0.0
41641,1.0,256,fine_mc,cpu,0.006274845451116562,0.0005750562995672226,0.0006082672625780106,0.006598535925149918,0.0,0.0,0.00037838518619537354,0.017262084409594536,,
41641,1.0,1024,fine_mc,cuda,0.006283434107899666,0.0020850040018558502,0.002700258046388626,0.0022886674851179123,0.0022574400901794432,0.006332945078611374,0.0014791302382946014,0.021858952939510345,,
41641,1.0,1024,empirical_selective,cuda,0.006283434107899666,0.0020850040018558502,0.002700258046388626,0.00229782797396183,,0.010046446695923805,,0.05150484852492809,0.021686431020498276,0.004237920045852661
41641,1.0,1024,certified_fallback,cuda,0.006283434107899666,0.0020850040018558502,0.002700258046388626,0.002288075163960457,,0.006313735619187355,,0.04347933083772659,0.021686431020498276,0.0
41641,1.0,1024,fine_mc,cpu,0.0063644032925367355,0.0014319606125354767,0.004771154373884201,0.030902396887540817,0.0,0.0,0.0011822208762168884,0.04514654912054539,,
41723,0.0,256,fine_mc,cuda,0.004268510267138481,0.020833203569054604,0.000743648037314415,0.0010470356792211533,0.001010048031806946,0.004580792039632797,0.0004590451717376709,0.03250466100871563,,
41723,0.0,256,empirical_selective,cuda,0.004268510267138481,0.020833203569054604,0.000743648037314415,0.001041574403643608,,0.00458817183971405,,0.03802129812538624,0.004949234426021576,0.0006311032921075821
41723,0.0,256,certified_fallback,cuda,0.004268510267138481,0.020833203569054604,0.000743648037314415,0.0008881054818630219,,0.004687052220106125,,0.03721951134502888,0.004949234426021576,0.0
41723,0.0,256,fine_mc,cpu,0.00432731956243515,0.02123194932937622,0.0007014255970716476,0.00593985989689827,0.0,0.0,0.00034369342029094696,0.03287786990404129,,
41723,0.0,1024,fine_mc,cuda,0.004616251215338707,0.10311998054385185,0.002502407878637314,0.0023253653198480606,0.002290015935897827,0.010589031502604485,0.0014986898750066757,0.1252492256462574,,
41723,0.0,1024,empirical_selective,cuda,0.004616251215338707,0.10311998054385185,0.002502407878637314,0.0022905245423316956,,0.0057532936334609985,,0.14380954578518867,0.019941840320825577,0.003534054383635521
41723,0.0,1024,certified_fallback,cuda,0.004616251215338707,0.10311998054385185,0.002502407878637314,0.0022913627326488495,,0.011016357690095901,,0.14548598043620586,0.019941840320825577,0.0
41723,0.0,1024,fine_mc,cpu,0.004516502842307091,0.15979830920696259,0.0029468704015016556,0.03112877905368805,0.0,0.0,0.0013243798166513443,0.2000934910029173,,
41723,0.15,256,fine_mc,cuda,0.0057741086930036545,0.023461414501070976,0.0009658560156822205,0.0010485276579856873,0.0010113600492477417,0.004774203523993492,0.0004623010754585266,0.03709365986287594,,
41723,0.15,256,empirical_selective,cuda,0.0057741086930036545,0.023461414501070976,0.0009658560156822205,0.0010170768946409225,,0.004668299108743668,,0.04262661188840866,0.005065366625785828,0.0006782039999961853
41723,0.15,256,certified_fallback,cuda,0.0057741086930036545,0.023461414501070976,0.0009658560156822205,0.0009824968874454498,,0.004616051912307739,,0.04175913520157337,0.005065366625785828,0.0
41723,0.15,256,fine_mc,cpu,0.005073389038443565,0.022501325234770775,0.0006771869957447052,0.006143622100353241,0.0,0.0,0.0003247540444135666,0.03505619242787361,,
41723,0.15,1024,fine_mc,cuda,0.004819303750991821,0.11210710555315018,0.0024408362805843353,0.002291155979037285,0.0022571840286254885,0.01084054633975029,0.001438099890947342,0.13452442176640034,,
41723,0.15,1024,empirical_selective,cuda,0.004819303750991821,0.11210710555315018,0.0024408362805843353,0.0022892076522111893,,0.011274216696619987,,0.15953975915908813,0.021397750824689865,0.0031751710921525955
41723,0.15,1024,certified_fallback,cuda,0.004819303750991821,0.11210710555315018,0.0024408362805843353,0.002287335693836212,,0.0063238926231861115,,0.15140983276069164,0.021397750824689865,0.0
41723,0.15,1024,fine_mc,cpu,0.00575006939470768,0.12147817946970463,0.003740217536687851,0.02715998888015747,0.0,0.0,0.0012840591371059418,0.1598349791020155,,
41723,1.0,256,fine_mc,cuda,0.00626201368868351,0.0006491448730230331,0.0009855274111032486,0.0009315777570009232,0.0009001280069351196,0.004711838439106941,0.00042343512177467346,0.014440711587667465,,
41723,1.0,256,empirical_selective,cuda,0.00626201368868351,0.0006491448730230331,0.0009855274111032486,0.0009513180702924728,,0.004567952826619148,,0.019893532618880272,0.005036156624555588,0.0004924051463603973
41723,1.0,256,certified_fallback,cuda,0.00626201368868351,0.0006491448730230331,0.0009855274111032486,0.0009487364441156387,,0.004680916666984558,,0.019398439675569534,0.005036156624555588,0.0
41723,1.0,256,fine_mc,cpu,0.006440427154302597,0.00038075074553489685,0.0005965139716863632,0.006221562623977661,0.0,0.0,0.0003363415598869324,0.014284197241067886,,
41723,1.0,1024,fine_mc,cuda,0.00660274364054203,0.0021436773240566254,0.0026475489139556885,0.002282947301864624,0.00224838399887085,0.010364506393671036,0.0014677606523036957,0.026123741641640663,,
41723,1.0,1024,empirical_selective,cuda,0.00660274364054203,0.0021436773240566254,0.0026475489139556885,0.0022873282432556152,,0.005852349102497101,,0.04574802704155445,0.020745504647493362,0.0031959228217601776
41723,1.0,1024,certified_fallback,cuda,0.00660274364054203,0.0021436773240566254,0.0026475489139556885,0.002429855987429619,,0.009705306962132454,,0.04628760181367397,0.020745504647493362,0.0
41723,1.0,1024,fine_mc,cpu,0.006299596279859543,0.001736694946885109,0.0024586673825979233,0.025708932429552078,0.0,0.0,0.0012642499059438705,0.03783133998513222,,
