population,calibration,model,endpoint,n,positives,brier,event_contribution,nonevent_contribution,mean_probability,recall,fpr,tp,fp,cutoff,zero_count,cutoff_ties
outer,raw,A_G,onset,8981,289,0.01410650053084579,0.009227571980070957,0.004878928550774833,0.028619896362893527,0.9238754325259516,0.04049700874367234,267,352,0.012397308441743112,0,0
outer,raw,A_G,all_time,10309,1478,0.018623127412863035,0.00947798136287737,0.009145146049985666,0.14302904338259642,0.9851150202976996,0.055486354886196354,1456,490,0.012397308441743112,0,0
outer,raw,R_union,onset,8981,289,0.012167137839915234,0.008050036638501746,0.004117101201413489,0.02851636175826093,0.9619377162629758,0.04291302346985734,278,373,0.006174247615661918,0,0
outer,raw,R_union,all_time,10309,1478,0.016054729682793843,0.008592065421329325,0.007462664261464516,0.14146465235164496,0.9925575101488497,0.057751104065224775,1467,510,0.006174247615661918,0,0
outer,raw,A_mono,onset,8981,289,0.013601092157201731,0.009461452132621211,0.004139640024580519,0.028587220750034947,0.9238754325259516,0.04049700874367234,267,352,0.03023442208958704,0,0
outer,raw,A_mono,all_time,10309,1478,0.017925698519722054,0.01027855564460144,0.007647142875120612,0.13905462691946807,0.9851150202976996,0.055486354886196354,1456,490,0.03023442208958704,0,0
outer,raw,B_20261001,onset,8981,289,0.012487033559993572,0.008310562432623495,0.004176471127370076,0.028038249763669372,0.9688581314878892,0.04371836171191901,280,380,0.00809530600057246,8202,0
outer,raw,B_20261001,all_time,10309,1478,0.017323036094211725,0.009977317294114229,0.007345718800097498,0.13689070120302002,0.9918809201623816,0.05525987996829351,1466,488,0.00809530600057246,8236,0
outer,raw,B_20261002,onset,8981,289,0.012154265024869309,0.007817543527641716,0.004336721497227591,0.030607416183975118,0.9619377162629758,0.0393465255407271,278,342,0.040495893212239384,7468,0
outer,raw,B_20261002,all_time,10309,1478,0.017046756208587296,0.010051932805787657,0.006994823402799641,0.1363349902265496,0.989851150202977,0.050730381610236665,1463,448,0.040495893212239384,7502,0
outer,raw,B_20261003,onset,8981,289,0.011867560679382728,0.007330651444182161,0.004536909235200564,0.03074398915848396,0.9792387543252595,0.038656235618959964,283,336,0.037760752787940374,7827,0
outer,raw,B_20261003,all_time,10309,1478,0.016756264490853948,0.00958595030929967,0.007170314181554278,0.13675750087749985,0.993234100135318,0.05005095685652814,1468,442,0.037760752787940374,7862,0
outer,raw,K_20261001,onset,8981,289,0.012431778068778262,0.008268954654402728,0.004162823414375534,0.02808891330049736,0.9584775086505191,0.05050621260929591,277,439,0.0023547156519951435,8207,0
outer,raw,K_20261001,all_time,10309,1478,0.0173640292329318,0.010129825403575954,0.007234203829355844,0.13635012021003837,0.989851150202977,0.06194089004642736,1463,547,0.0023547156519951435,8241,0
outer,raw,K_20261002,onset,8981,289,0.013661292702391716,0.009407386971888565,0.00425390573050315,0.02661624284427631,0.9653979238754326,0.03888633225954901,279,338,0.00491524753624011,8094,0
outer,raw,K_20261002,all_time,10309,1478,0.01814811965230874,0.010587267841363296,0.007560851810945441,0.1337092936014971,0.9925575101488497,0.05208923111765372,1467,460,0.00491524753624011,8112,0
outer,raw,K_20261003,onset,8981,289,0.013397898384149617,0.009260128672328893,0.004137769711820725,0.026922333250976503,0.9515570934256056,0.03554993097100782,275,309,0.013558706125462568,7107,0
outer,raw,K_20261003,all_time,10309,1478,0.01801621920037827,0.010810156470843005,0.007206062729535263,0.13240121806149638,0.9891745602165088,0.04767297021854829,1462,421,0.013558706125462568,7131,0
outer,raw,C_20261001,onset,8981,289,0.013228195630656883,0.008773725910386502,0.0044544697202703815,0.028038153373823635,0.972318339100346,0.05453290381960423,281,474,0.004981375786938564,8061,0
outer,raw,C_20261001,all_time,10309,1478,0.01774883565346948,0.009478223746798086,0.008270611906671397,0.1406805013355556,0.9939106901217862,0.06782923791190126,1469,599,0.004981375786938564,8074,0
outer,raw,C_20261002,onset,8981,289,0.011695749515255266,0.007485587277796518,0.004210162237458749,0.02945499986710593,0.9757785467128027,0.03877128393925449,282,337,0.025814832212272626,8081,0
outer,raw,C_20261002,all_time,10309,1478,0.01675183875310132,0.010127959434416852,0.00662387931868447,0.1346967131653016,0.9925575101488497,0.05016419431547956,1467,443,0.025814832212272626,8118,0
outer,raw,C_20261003,onset,8981,289,0.01226389824225802,0.007875190500649798,0.004388707741608222,0.03009384705250619,0.9792387543252595,0.040266912103083294,283,350,0.030451440155218248,7533,0
outer,raw,C_20261003,all_time,10309,1478,0.016901678077680653,0.009690312522698525,0.007211365554982128,0.136854134746131,0.9939106901217862,0.05163628128184804,1469,456,0.030451440155218248,7565,0
outer,raw,D_20261001,onset,8981,289,0.01253012424334322,0.008463163754956265,0.0040669604883869555,0.027582809826779218,0.9653979238754326,0.045904279797514956,279,399,0.0034032274994483646,8208,0
outer,raw,D_20261001,all_time,10309,1478,0.01744206828780796,0.010260808210249626,0.007181260077558334,0.13576790610388198,0.9912043301759134,0.05752462914732193,1465,508,0.0034032274994483646,8241,0
outer,raw,D_20261002,onset,8981,289,0.012917992211290122,0.008854796921974693,0.00406319528931543,0.027541460248107216,0.9619377162629758,0.0393465255407271,278,342,0.01596978218398255,7593,0
outer,raw,D_20261002,all_time,10309,1478,0.017881946424272217,0.010935080658105457,0.006946865766166763,0.13094066637300533,0.9905277401894452,0.051296568904993775,1464,453,0.01596978218398255,7623,0
outer,raw,D_20261003,onset,8981,289,0.012149282814242112,0.007615760183527563,0.004533522630714551,0.03095670972702469,0.9826989619377162,0.04739990796134377,284,412,0.030157882765936686,7529,0
outer,raw,D_20261003,all_time,10309,1478,0.016884512501479276,0.009576718178149916,0.007307794323329355,0.13752606154547625,0.9945872801082544,0.05877024119578757,1470,519,0.030157882765936686,7561,0
outer,raw,M_20261001,onset,8981,289,0.013939801430617849,0.009671551358036006,0.004268250072581844,0.026215355398693088,0.9411764705882353,0.029682466635987115,272,258,0.0,8451,8451
outer,raw,M_20261001,all_time,10309,1478,0.01846787064437413,0.010700382379642699,0.007767488264731434,0.1336037597759112,0.9884979702300406,0.04325670931944287,1461,382,0.0,8466,8466
outer,raw,M_20261002,onset,8981,289,0.012951329278758495,0.008908787725580574,0.004042541553177919,0.02745869661346658,0.9619377162629758,0.038656235618959964,278,336,0.01670026858994808,7526,0
outer,raw,M_20261002,all_time,10309,1478,0.017867209397957065,0.010968917996910453,0.0068982914010466126,0.13098005346849742,0.9905277401894452,0.050617144151285244,1464,447,0.01670026858994808,7556,0
outer,raw,M_20261003,onset,8981,289,0.012627452140426645,0.008199367547502077,0.004428084592924569,0.030659613549971827,0.972318339100346,0.038656235618959964,281,336,0.0323320687850273,6790,0
outer,raw,M_20261003,all_time,10309,1478,0.01710583768854749,0.009587922779684618,0.007517914908862871,0.13813485989651725,0.9925575101488497,0.05050390669233382,1467,446,0.0323320687850273,6818,0
outer,raw,S_20261001,onset,8981,289,0.013948985172138021,0.009608604334819516,0.004340380837318506,0.026459415525840066,0.9446366782006921,0.030947998159226876,273,269,0.0,8439,8439
outer,raw,S_20261001,all_time,10309,1478,0.01842194509468584,0.010496875168408644,0.007925069926277195,0.13472599228628,0.9891745602165088,0.04484203374476277,1462,396,0.0,8451,8451
outer,raw,S_20261002,onset,8981,289,0.012970816086957639,0.008877576960580441,0.004093239126377197,0.027540563919307037,0.9619377162629758,0.040151863782788774,278,349,0.016371031339384733,7546,0
outer,raw,S_20261002,all_time,10309,1478,0.017803557346933372,0.010757693465178539,0.007045863881754835,0.13186190139475343,0.9905277401894452,0.05208923111765372,1464,460,0.016371031339384733,7575,0
outer,raw,S_20261003,onset,8981,289,0.012331565455436958,0.007772281491156103,0.004559283964280856,0.030666277784737517,0.986159169550173,0.043373216751035434,285,377,0.028534570754575564,7357,0
outer,raw,S_20261003,all_time,10309,1478,0.016781221886223795,0.009182294408556384,0.007598927477667409,0.1393802692908677,0.9952638700947226,0.05514664250934209,1471,487,0.028534570754575564,7385,0
outer,raw,E_20261001,onset,8981,289,0.011753774631119752,0.007653317135431151,0.004100457495688602,0.02976305671526622,0.9757785467128027,0.07017947537965946,282,610,0.014428724611049826,7819,0
outer,raw,E_20261001,all_time,10309,1478,0.01749655779712059,0.011115468430260712,0.006381089366859876,0.13311258217586602,0.989851150202977,0.08085154569131468,1463,714,0.014428724611049826,7858,0
outer,raw,E_20261002,onset,8981,289,0.013024105610225602,0.009007303751910108,0.004016801858315493,0.027327406168519284,0.9550173010380623,0.039576622181316155,276,344,0.01614907129301922,7348,0
outer,raw,E_20261002,all_time,10309,1478,0.017981026430166403,0.011077066111348899,0.0069039603188175026,0.1306725674530566,0.9891745602165088,0.051523043822896616,1462,455,0.01614907129301922,7378,0
outer,raw,E_20261003,onset,8981,289,0.012069511608951752,0.007532382398173826,0.004537129210777926,0.03108557726844148,0.9792387543252595,0.049585826046939716,283,431,0.031393953908959896,7533,0
outer,raw,E_20261003,all_time,10309,1478,0.016811716837284503,0.009522380201630572,0.007289336635653928,0.13774586413797243,0.9939106901217862,0.06092175291586457,1469,538,0.031393953908959896,7566,0
outer,raw,F_20261001,onset,8981,289,0.012503705226637367,0.008213759661038182,0.004289945565599188,0.028521332783405778,0.9792387543252595,0.04878048780487805,283,424,0.011331193841032622,8097,0
outer,raw,F_20261001,all_time,10309,1478,0.017344161067177847,0.00977290641908803,0.007571254648089817,0.13791419466981517,0.9939106901217862,0.060355565621107464,1469,533,0.011331193841032622,8128,0
outer,raw,F_20261002,onset,8981,289,0.011580672654739024,0.007397825919588266,0.004182846735150758,0.0297129686407313,0.972318339100346,0.04578923147722043,281,398,0.01992228845979027,8063,0
outer,raw,F_20261002,all_time,10309,1478,0.016690978415425693,0.009809347897955118,0.006881630517470576,0.135572305726188,0.9918809201623816,0.05718491677046767,1466,505,0.01992228845979027,8098,0
outer,raw,F_20261003,onset,8981,289,0.012347622890102541,0.007916395630188361,0.00443122725991418,0.029724848445357863,0.972318339100346,0.0354348826507133,281,308,0.03099037915674889,7728,0
outer,raw,F_20261003,all_time,10309,1478,0.016971820633433606,0.009634095008482215,0.007337725624951391,0.1376217008086021,0.9925575101488497,0.04699354546483977,1467,415,0.03099037915674889,7758,0
outer,raw,E_internal_20261001,onset,8981,289,0.013184880964381189,0.008779829644271975,0.004405051320109211,0.02803662005619591,0.9515570934256056,0.04820524620340543,275,419,0.003941792141273148,6389,0
outer,raw,E_internal_20261001,all_time,10309,1478,0.01769666078261111,0.009636476792757056,0.008060183989854055,0.13982279863860442,0.989851150202977,0.06092175291586457,1463,538,0.003941792141273148,6408,0
outer,raw,E_internal_20261002,onset,8981,289,0.013016977988979718,0.008979464458272865,0.004037513530706853,0.02726587096696036,0.9619377162629758,0.04072710538426139,278,354,0.01472187253606793,7606,0
outer,raw,E_internal_20261002,all_time,10309,1478,0.017960195471585283,0.011044218722168644,0.006915976749416638,0.13073258422549253,0.9905277401894452,0.05265541841241082,1464,465,0.01472187253606793,7636,0
outer,raw,E_internal_20261003,onset,8981,289,0.012057997622102525,0.007581806217077546,0.004476191405024976,0.03059843194090663,0.9792387543252595,0.051081454210768526,283,444,0.027019706864635024,7678,0
outer,raw,E_internal_20261003,all_time,10309,1478,0.016848271247302,0.009602400226529835,0.007245871020772166,0.13728333137721493,0.9939106901217862,0.06239383988223304,1469,551,0.027019706864635024,7712,0
outer,raw,D_rewire_20261004_20261001,onset,8981,289,0.012489731715561015,0.008424245182794988,0.004065486532766027,0.027722379803070078,0.9757785467128027,0.05994017487344685,282,521,0.0,8178,8178
outer,raw,D_rewire_20261004_20261001,all_time,10309,1478,0.01743381974877442,0.010194152811719877,0.007239666937054545,0.1360006425285764,0.993234100135318,0.07145283659834674,1468,631,0.0,8210,8210
outer,raw,D_rewire_20261004_20261002,onset,8981,289,0.012897575860639622,0.00889538021058372,0.004002195650055902,0.02740567489606104,0.9619377162629758,0.038656235618959964,278,336,0.016911827825997733,7621,0
outer,raw,D_rewire_20261004_20261002,all_time,10309,1478,0.017929287598299898,0.01109445685812494,0.006834830740174959,0.13030334650502168,0.9905277401894452,0.05050390669233382,1464,446,0.016911827825997733,7652,0
outer,raw,D_rewire_20261004_20261003,onset,8981,289,0.012186465179640142,0.00766486836373634,0.004521596815903803,0.030885040289017934,0.9826989619377162,0.04521398987574781,284,393,0.031160312444723528,7493,0
outer,raw,D_rewire_20261004_20261003,all_time,10309,1478,0.016864527384153012,0.009474962448032254,0.0073895649361207585,0.13774924853665702,0.9945872801082544,0.05661872947571057,1470,500,0.031160312444723528,7525,0
outer,raw,D_rewire_20261005_20261001,onset,8981,289,0.012634896186820121,0.008382462225759734,0.0042524339610603866,0.02817220478848066,0.972318339100346,0.049585826046939716,281,431,0.00615855865884713,8048,0
outer,raw,D_rewire_20261005_20261001,all_time,10309,1478,0.017408553582049676,0.009855323026756587,0.007553230555293088,0.13764571212514573,0.9925575101488497,0.06137470275167025,1467,542,0.00615855865884713,8077,0
outer,raw,D_rewire_20261005_20261002,onset,8981,289,0.012895293457300606,0.008812567350670686,0.0040827261066299185,0.027656057891419384,0.9619377162629758,0.039116428900138056,278,340,0.01715181102702465,7586,0
outer,raw,D_rewire_20261005_20261002,all_time,10309,1478,0.01782913513924939,0.010854076964500255,0.006975058174749139,0.1312720017728005,0.9905277401894452,0.05107009398709093,1464,451,0.01715181102702465,7616,0
outer,raw,D_rewire_20261005_20261003,onset,8981,289,0.012814136984638017,0.008392921893359254,0.004421215091278764,0.030219492555678042,0.9619377162629758,0.03405430280717901,278,296,0.0347434425522313,6608,0
outer,raw,D_rewire_20261005_20261003,all_time,10309,1478,0.01723313242762369,0.009748769994361136,0.007484362433262553,0.1373861431018592,0.9905277401894452,0.045974408334276975,1464,406,0.0347434425522313,6632,0
outer,raw,E_self_20261001,onset,8981,289,0.01260172754030193,0.008444545166440465,0.004157182373861465,0.02793928180579549,0.9653979238754326,0.042682926829268296,279,371,0.013265864974212026,8101,0
outer,raw,E_self_20261001,all_time,10309,1478,0.0172928656831438,0.00990512986725286,0.007387735815890941,0.1372684848268918,0.9912043301759134,0.05446721775563356,1465,481,0.013265864974212026,8132,0
outer,raw,E_self_20261002,onset,8981,289,0.013044953757160041,0.008998142179478039,0.004046811577682001,0.02747904103185119,0.9550173010380623,0.0393465255407271,276,342,0.015504985367481676,6989,0
outer,raw,E_self_20261002,all_time,10309,1478,0.017936417705175914,0.010988450656609866,0.006947967048566049,0.13113491766933755,0.9891745602165088,0.051296568904993775,1462,453,0.015504985367481676,7018,0
outer,raw,E_self_20261003,onset,8981,289,0.013703864654169331,0.009433360718804266,0.004270503935365065,0.026777895958702266,0.9653979238754326,0.04038196042337782,279,351,0.00594507581657928,7104,0
outer,raw,E_self_20261003,all_time,10309,1478,0.01823723971574262,0.010594228763195232,0.007643010952547388,0.13359191133369858,0.993234100135318,0.053448080625070775,1468,472,0.00594507581657928,7122,0
outer,raw,E_rewire_20261004_20261001,onset,8981,289,0.011523893714754293,0.007234991930379323,0.00428890178437497,0.030615860497547942,0.9757785467128027,0.05246203405430281,282,456,0.02584796363105372,7891,0
outer,raw,E_rewire_20261004_20261001,all_time,10309,1478,0.016876217386862596,0.01007769741607971,0.0067985199707828875,0.13587271144359703,0.9905277401894452,0.06352621447174725,1464,561,0.02584796363105372,7928,0
outer,raw,E_rewire_20261004_20261002,onset,8981,289,0.013028357780825856,0.00897559794015885,0.004052759840667009,0.027555844266512926,0.9515570934256056,0.03923147722043258,275,341,0.017612948333446947,7149,0
outer,raw,E_rewire_20261004_20261002,all_time,10309,1478,0.0179350607748754,0.010984643040860498,0.006950417734014903,0.13110744880909544,0.9884979702300406,0.05118333144604235,1461,452,0.017612948333446947,7178,0
outer,raw,E_rewire_20261004_20261003,onset,8981,289,0.012214257120808623,0.00774645549364156,0.004467801627167063,0.030323428114984115,0.9792387543252595,0.03819604233778187,283,332,0.03139822531566708,7458,0
outer,raw,E_rewire_20261004_20261003,all_time,10309,1478,0.01684671925085549,0.009555749445663151,0.0072909698051923395,0.13802584207370125,0.9939106901217862,0.04959800702072246,1469,438,0.03139822531566708,7491,0
outer,raw,E_rewire_20261005_20261001,onset,8981,289,0.013380355292866228,0.009048879780477703,0.004331475512388527,0.027844088329582323,0.9342560553633218,0.03681546249424758,270,320,0.007908548184432691,6544,0
outer,raw,E_rewire_20261005_20261001,all_time,10309,1478,0.018007660819251512,0.009907033361686291,0.008100627457565221,0.1394207098228146,0.986468200270636,0.05016419431547956,1458,443,0.007908548184432691,6559,0
outer,raw,E_rewire_20261005_20261002,onset,8981,289,0.01303371227444653,0.009010580252619032,0.004023132021827496,0.02747086548773378,0.9515570934256056,0.039001380579843536,275,339,0.017180804172824308,7102,0
outer,raw,E_rewire_20261005_20261002,all_time,10309,1478,0.01800058208308418,0.011112829646118086,0.0068877524369660905,0.13060612745448577,0.9884979702300406,0.050956856528139506,1461,450,0.017180804172824308,7132,0
outer,raw,E_rewire_20261005_20261003,onset,8981,289,0.012236443119827828,0.007876897964718669,0.00435954515510916,0.02969980255212073,0.9792387543252595,0.03842613897837092,283,334,0.02720091931597082,7612,0
outer,raw,E_rewire_20261005_20261003,all_time,10309,1478,0.017027427348003287,0.009917184509478209,0.007110242838525077,0.13642409389188892,0.9939106901217862,0.0498244819386253,1469,440,0.02720091931597082,7646,0
outer,calibrated,A_G,onset,8981,289,0.014249638773103698,0.011212760424799125,0.003036878348304574,0.02389950608466396,0.9238754325259516,0.04049700874367234,267,352,0.013763090486710674,0,0
outer,calibrated,A_G,all_time,10309,1478,0.018520379411358773,0.012690489975194107,0.005829889436164669,0.13244207239660435,0.9851150202976996,0.055486354886196354,1456,490,0.013763090486710674,0,0
outer,calibrated,R_union,onset,8981,289,0.012190213813422678,0.009443678631131675,0.0027465351822910035,0.025430850432987366,0.9619377162629758,0.04291302346985734,278,373,0.012159423711514569,0,0
outer,calibrated,R_union,all_time,10309,1478,0.016206638344232555,0.011227957419075004,0.004978680925157551,0.13275713426622168,0.9925575101488497,0.057751104065224775,1467,510,0.012159423711514569,0,0
outer,calibrated,A_mono,onset,8981,289,0.014367121318701988,0.011550479530515733,0.002816641788186259,0.023193468147612275,0.9238754325259516,0.04049700874367234,267,352,0.013610591888522929,0,0
outer,calibrated,A_mono,all_time,10309,1478,0.018724478569721606,0.013292456237261215,0.005432022332460392,0.13067200974692958,0.9851150202976996,0.055486354886196354,1456,490,0.013610591888522929,0,0
outer,calibrated,B_20261001,onset,8981,289,0.01287050127004831,0.00992849545876208,0.0029420058112862328,0.024655707745838397,0.9688581314878892,0.04371836171191901,280,380,0.006319187058564656,0,0
outer,calibrated,B_20261001,all_time,10309,1478,0.018491829075919917,0.013254154442009369,0.005237674633910551,0.12872859301463965,0.9918809201623816,0.05525987996829351,1466,488,0.006319187058564656,0,0
outer,calibrated,B_20261002,onset,8981,289,0.012713693889719288,0.009727485934090301,0.0029862079556289864,0.025903409173823125,0.9619377162629758,0.0393465255407271,278,342,0.02450093676470424,0,0
outer,calibrated,B_20261002,all_time,10309,1478,0.018845944818137342,0.014095183342762833,0.004750761475374511,0.12565776178890198,0.989851150202977,0.050730381610236665,1463,448,0.02450093676470424,0,0
outer,calibrated,B_20261003,onset,8981,289,0.012484332675308506,0.009398433455235158,0.003085899220073347,0.025975684623800236,0.9792387543252595,0.038656235618959964,283,336,0.022757178607363863,0,0
outer,calibrated,B_20261003,all_time,10309,1478,0.01877177990185057,0.01400405846367762,0.004767721438172948,0.1254967581388008,0.993234100135318,0.05005095685652814,1468,442,0.022757178607363863,0,0
outer,calibrated,K_20261001,onset,8981,289,0.012800985305069764,0.009765244218564924,0.0030357410865048387,0.024969067092607225,0.9584775086505191,0.05050621260929591,277,439,0.0018519990263688429,0,0
outer,calibrated,K_20261001,all_time,10309,1478,0.018506085547293837,0.013182532003445022,0.005323553543848812,0.12888879216990806,0.989851150202977,0.06194089004642736,1463,547,0.0018519990263688429,0,0
outer,calibrated,K_20261002,onset,8981,289,0.013967065021547707,0.01105599372606183,0.0029110712954858752,0.022849260382246273,0.9653979238754326,0.03888633225954901,279,338,0.0045638737620804825,0,0
outer,calibrated,K_20261002,all_time,10309,1478,0.019719648473391242,0.014597234641585738,0.005122413831805507,0.12079468628879138,0.9925575101488497,0.05208923111765372,1467,460,0.0045638737620804825,0,0
outer,calibrated,K_20261003,onset,8981,289,0.013751234960114992,0.010836192070893296,0.002915042889221695,0.02339356295542328,0.9515570934256056,0.03554993097100782,275,309,0.010620490343070938,0,0
outer,calibrated,K_20261003,all_time,10309,1478,0.019762711633096116,0.014755810254528838,0.005006901378567277,0.1204858686727999,0.9891745602165088,0.04767297021854829,1462,421,0.010620490343070938,0,0
outer,calibrated,C_20261001,onset,8981,289,0.013446716940607029,0.010501611069043919,0.0029451058715631077,0.024155871185258936,0.972318339100346,0.05453290381960423,281,474,0.00536761867028079,0,0
outer,calibrated,C_20261001,all_time,10309,1478,0.018077957706201266,0.012478621385919703,0.005599336320281562,0.13206591244756355,0.9939106901217862,0.06782923791190126,1469,599,0.00536761867028079,0,0
outer,calibrated,C_20261002,onset,8981,289,0.01229193246889059,0.009239437670036807,0.003052494798853783,0.025692643787583697,0.9757785467128027,0.03877128393925449,282,337,0.01468440957053067,0,0
outer,calibrated,C_20261002,all_time,10309,1478,0.018455461697877634,0.01372168287809747,0.004733778819780166,0.12628898379992806,0.9925575101488497,0.05016419431547956,1467,443,0.01468440957053067,0,0
outer,calibrated,C_20261003,onset,8981,289,0.012777580571768348,0.009777797597531737,0.0029997829742366136,0.025640788371056517,0.9792387543252595,0.040266912103083294,283,350,0.01983912248217763,0,0
outer,calibrated,C_20261003,all_time,10309,1478,0.018554811217886477,0.013708468044492168,0.004846343173394308,0.1258964826321222,0.9939106901217862,0.05163628128184804,1469,456,0.01983912248217763,0,0
outer,calibrated,D_20261001,onset,8981,289,0.012877038881228639,0.009949568969736713,0.002927469911491926,0.02446630282895917,0.9653979238754326,0.045904279797514956,279,399,0.0029354715221395944,0,0
outer,calibrated,D_20261001,all_time,10309,1478,0.01862622011284037,0.013416872282921878,0.0052093478299184955,0.12777402432452567,0.9912043301759134,0.05752462914732193,1465,508,0.0029354715221395944,0,0
outer,calibrated,D_20261002,onset,8981,289,0.013431419920704585,0.010575223544683592,0.0028561963760209935,0.0237406349993083,0.9619377162629758,0.0393465255407271,278,342,0.010568475127273533,0,0
outer,calibrated,D_20261002,all_time,10309,1478,0.020066972071959573,0.015256969516422166,0.0048100025555374085,0.1188375449726832,0.9905277401894452,0.051296568904993775,1464,453,0.010568475127273533,0,0
outer,calibrated,D_20261003,onset,8981,289,0.012644717286719813,0.009485709281298087,0.003159008005421725,0.026440468635880246,0.9826989619377162,0.04739990796134377,284,412,0.01914290614949197,0,0
outer,calibrated,D_20261003,all_time,10309,1478,0.018524869884405114,0.013537024977266505,0.004987844907138612,0.12689651915597508,0.9945872801082544,0.05877024119578757,1470,519,0.01914290614949197,0,0
outer,calibrated,M_20261001,onset,8981,289,0.014249379830618627,0.011392754507532401,0.0028566253230862264,0.022150662962909143,0.9411764705882353,0.029682466635987115,272,258,2.6092785805986007e-06,0,8451
outer,calibrated,M_20261001,all_time,10309,1478,0.020199038984363676,0.015012244619109626,0.005186794365254056,0.11927232633210874,0.9884979702300406,0.04325670931944287,1461,382,2.6092785805986007e-06,0,8466
outer,calibrated,M_20261002,onset,8981,289,0.013453237504702618,0.010621227813451154,0.0028320096912514635,0.02367263524876404,0.9619377162629758,0.038656235618959964,278,336,0.011389948755691966,0,0
outer,calibrated,M_20261002,all_time,10309,1478,0.02007095421289873,0.015317893134733945,0.0047530610781647865,0.11876513684328094,0.9905277401894452,0.050617144151285244,1464,447,0.011389948755691966,0,0
outer,calibrated,M_20261003,onset,8981,289,0.013093616695318947,0.010121823172825267,0.002971793522493682,0.02584337390016973,0.972318339100346,0.038656235618959964,281,336,0.021597258080741758,0,0
outer,calibrated,M_20261003,all_time,10309,1478,0.018502371084379424,0.013517909497010462,0.004984461587368961,0.12599657357442004,0.9925575101488497,0.05050390669233382,1467,446,0.021597258080741758,0,0
outer,calibrated,S_20261001,onset,8981,289,0.01423904053173069,0.011360049994098615,0.0028789905376320757,0.022288127807017954,0.9446366782006921,0.030947998159226876,273,269,2.8782784353635976e-06,0,8439
outer,calibrated,S_20261001,all_time,10309,1478,0.019949483754041444,0.014696571370792519,0.0052529123832489285,0.12038152095659042,0.9891745602165088,0.04484203374476277,1462,396,2.8782784353635976e-06,0,8451
outer,calibrated,S_20261002,onset,8981,289,0.013461893145137844,0.010622757562777849,0.002839135582359996,0.023675509909191605,0.9619377162629758,0.040151863782788774,278,349,0.011337513717381037,0,0
outer,calibrated,S_20261002,all_time,10309,1478,0.019892553447501116,0.015074785785395235,0.00481776766210588,0.1194838614981827,0.9905277401894452,0.05208923111765372,1464,460,0.011337513717381037,0,0
outer,calibrated,S_20261003,onset,8981,289,0.012753674722274557,0.009717945005296899,0.0030357297169776565,0.02612390292891018,0.986159169550173,0.043373216751035434,285,377,0.020767194157408516,0,0
outer,calibrated,S_20261003,all_time,10309,1478,0.018112806173752986,0.013142347787569578,0.004970458386183411,0.1282090192657923,0.9952638700947226,0.05514664250934209,1471,487,0.020767194157408516,0,0
outer,calibrated,E_20261001,onset,8981,289,0.012280099868978427,0.00919130980659691,0.003088790062381517,0.026212629014667355,0.9757785467128027,0.07017947537965946,282,610,0.00846708470134374,0,0
outer,calibrated,E_20261001,all_time,10309,1478,0.01933016969535074,0.014564809006579138,0.004765360688771605,0.12536901920428165,0.989851150202977,0.08085154569131468,1463,714,0.00846708470134374,0,0
outer,calibrated,E_20261002,onset,8981,289,0.013527096314934926,0.010692866765804698,0.0028342295491302267,0.023586474556479754,0.9550173010380623,0.039576622181316155,276,344,0.010719820039020018,0,0
outer,calibrated,E_20261002,all_time,10309,1478,0.02011757141465724,0.015312551261193392,0.004805020153463847,0.11874780705749641,0.9891745602165088,0.051523043822896616,1462,455,0.010719820039020018,0,0
outer,calibrated,E_20261003,onset,8981,289,0.01263619439068296,0.009503693225914092,0.0031325011647688676,0.026287451159987287,0.9792387543252595,0.049585826046939716,283,431,0.01848859718480093,0,0
outer,calibrated,E_20261003,all_time,10309,1478,0.01846381914532497,0.013525529743133712,0.00493828940219126,0.1271071295179002,0.9939106901217862,0.06092175291586457,1469,538,0.01848859718480093,0,0
outer,calibrated,F_20261001,onset,8981,289,0.012844828437780004,0.009852708030619719,0.0029921204071602847,0.025006316484403563,0.9792387543252595,0.04878048780487805,283,424,0.009551782908773168,0,0
outer,calibrated,F_20261001,all_time,10309,1478,0.018453319764432253,0.013112621002972382,0.005340698761459868,0.12938480881166653,0.9939106901217862,0.060355565621107464,1469,533,0.009551782908773168,0,0
outer,calibrated,F_20261002,onset,8981,289,0.01217624627891759,0.009128349186550094,0.003047897092367497,0.025910513410635716,0.972318339100346,0.04578923147722043,281,398,0.010943048376255052,0,0
outer,calibrated,F_20261002,all_time,10309,1478,0.018152913206341933,0.01313332925079672,0.005019583955545211,0.12751972160891953,0.9918809201623816,0.05718491677046767,1466,505,0.010943048376255052,0,0
outer,calibrated,F_20261003,onset,8981,289,0.0127753973922597,0.009753525180752681,0.0030218722115070203,0.025599561623825193,0.972318339100346,0.0354348826507133,281,308,0.022040667138580532,0,0
outer,calibrated,F_20261003,all_time,10309,1478,0.018451058015947368,0.013522452754455372,0.004928605261491998,0.1272896609685458,0.9925575101488497,0.04699354546483977,1467,415,0.022040667138580532,0,0
outer,calibrated,E_internal_20261001,onset,8981,289,0.013348553200344823,0.010505659478482886,0.0028428937218619387,0.024302037072615294,0.9515570934256056,0.04820524620340543,275,419,0.005379289702302485,0,0
outer,calibrated,E_internal_20261001,all_time,10309,1478,0.01835435904094324,0.013072404027495557,0.005281955013447683,0.1301572695474465,0.989851150202977,0.06092175291586457,1463,538,0.005379289702302485,0,0
outer,calibrated,E_internal_20261002,onset,8981,289,0.0135064685190048,0.010679312123543278,0.0028271563954615224,0.02352516720114337,0.9619377162629758,0.04072710538426139,278,354,0.01019745475838524,0,0
outer,calibrated,E_internal_20261002,all_time,10309,1478,0.02019583431058534,0.015429043159383413,0.004766791151201934,0.11842785890489622,0.9905277401894452,0.05265541841241082,1464,465,0.01019745475838524,0,0
outer,calibrated,E_internal_20261003,onset,8981,289,0.012647135549079692,0.009556326302363005,0.003090809246716685,0.025944591795747828,0.9792387543252595,0.051081454210768526,283,444,0.01577880988385608,0,0
outer,calibrated,E_internal_20261003,all_time,10309,1478,0.01851370522656365,0.013594459330089181,0.004919245896474468,0.12682510945859918,0.9939106901217862,0.06239383988223304,1469,551,0.01577880988385608,0,0
outer,calibrated,D_rewire_20261004_20261001,onset,8981,289,0.012870663290611092,0.009985310086175581,0.0028853532044355113,0.02443803071741507,0.9757785467128027,0.05994017487344685,282,521,1.368934040662616e-06,0,8178
outer,calibrated,D_rewire_20261004_20261001,all_time,10309,1478,0.018680075624486894,0.013480217431408969,0.005199858193077924,0.12768843689947096,0.993234100135318,0.07145283659834674,1468,631,1.368934040662616e-06,0,8210
outer,calibrated,D_rewire_20261004_20261002,onset,8981,289,0.013434590297739125,0.010629686190912488,0.0028049041068266374,0.02358846380187597,0.9619377162629758,0.038656235618959964,278,336,0.011078657056101643,0,0
outer,calibrated,D_rewire_20261004_20261002,all_time,10309,1478,0.020246660037173313,0.015528570347908024,0.004718089689265292,0.118075332289248,0.9905277401894452,0.05050390669233382,1464,446,0.011078657056101643,0,0
outer,calibrated,D_rewire_20261004_20261003,onset,8981,289,0.012685010206493383,0.009587650881136995,0.0030973593253563873,0.026266818240832806,0.9826989619377162,0.04521398987574781,284,393,0.020214474536340597,0,0
outer,calibrated,D_rewire_20261004_20261003,all_time,10309,1478,0.018514654062108518,0.013547015019347427,0.004967639042761089,0.12654771526377692,0.9945872801082544,0.05661872947571057,1470,500,0.020214474536340597,0,0
outer,calibrated,D_rewire_20261005_20261001,onset,8981,289,0.012920401577128784,0.009995164800847315,0.0029252367762814726,0.02468493464357004,0.972318339100346,0.049585826046939716,281,431,0.005764911605163191,0,0
outer,calibrated,D_rewire_20261005_20261001,all_time,10309,1478,0.018492398041126543,0.01324654213433977,0.005245855906786769,0.1287617877901578,0.9925575101488497,0.06137470275167025,1467,542,0.005764911605163191,0,0
outer,calibrated,D_rewire_20261005_20261002,onset,8981,289,0.013413075306568222,0.010557849505982195,0.002855225800586028,0.02378996553636574,0.9619377162629758,0.039116428900138056,278,340,0.011341485649655482,0,0
outer,calibrated,D_rewire_20261005_20261002,all_time,10309,1478,0.020007831850411266,0.015204098818364747,0.004803733032046518,0.11904509686803844,0.9905277401894452,0.05107009398709093,1464,451,0.011341485649655482,0,0
outer,calibrated,D_rewire_20261005_20261003,onset,8981,289,0.01326427588776766,0.010252779222798096,0.0030114966649695653,0.025610446813124795,0.9619377162629758,0.03405430280717901,278,296,0.023528240755963364,0,0
outer,calibrated,D_rewire_20261005_20261003,all_time,10309,1478,0.018667345329830984,0.013651259450152706,0.0050160858796782825,0.12531072145258162,0.9905277401894452,0.045974408334276975,1464,406,0.023528240755963364,0,0
outer,calibrated,E_self_20261001,onset,8981,289,0.013004235215598339,0.010031706570145507,0.002972528645452831,0.024586443941498067,0.9653979238754326,0.042682926829268296,279,371,0.009561331478551113,0,0
outer,calibrated,E_self_20261001,all_time,10309,1478,0.018245995854406543,0.012910777338133835,0.00533521851627271,0.12949299044039173,0.9912043301759134,0.05446721775563356,1465,481,0.009561331478551113,0,0
outer,calibrated,E_self_20261002,onset,8981,289,0.013526177414978498,0.010679924426029642,0.0028462529889488556,0.023708637604610276,0.9550173010380623,0.0393465255407271,276,342,0.010625994716629462,0,0
outer,calibrated,E_self_20261002,all_time,10309,1478,0.020045580568583687,0.015229979971090546,0.004815600597493143,0.11902681589630565,0.9891745602165088,0.051296568904993775,1462,453,0.010625994716629462,0,0
outer,calibrated,E_self_20261003,onset,8981,289,0.014005322890524353,0.01111327973346509,0.002892043157059267,0.022878384509842507,0.9653979238754326,0.04038196042337782,279,351,0.005789074225677761,0,0
outer,calibrated,E_self_20261003,all_time,10309,1478,0.020024428574894573,0.014894324458793885,0.005130104116100688,0.11958249802147097,0.993234100135318,0.053448080625070775,1468,472,0.005789074225677761,0,0
outer,calibrated,E_rewire_20261004_20261001,onset,8981,289,0.012041404290816116,0.008833280247815803,0.0032081240430003113,0.02686116934846455,0.9757785467128027,0.05246203405430281,282,456,0.014994790182045675,0,0
outer,calibrated,E_rewire_20261004_20261001,all_time,10309,1478,0.01832271247613435,0.013237323235957858,0.005085389240176492,0.12840696450969302,0.9905277401894452,0.06352621447174725,1464,561,0.014994790182045675,0,0
outer,calibrated,E_rewire_20261004_20261002,onset,8981,289,0.013522599950068114,0.010666117389372919,0.002856482560695197,0.023752524364794886,0.9515570934256056,0.03923147722043258,275,341,0.011749241296915002,0,0
outer,calibrated,E_rewire_20261004_20261002,all_time,10309,1478,0.02003778631595221,0.015208406905690702,0.004829379410261511,0.11910083076650671,0.9884979702300406,0.05118333144604235,1461,452,0.011749241296915002,0,0
outer,calibrated,E_rewire_20261004_20261003,onset,8981,289,0.012672539301476894,0.009629056970063912,0.0030434823314129827,0.02598713112808524,0.9792387543252595,0.03819604233778187,283,332,0.021562143590918518,0,0
outer,calibrated,E_rewire_20261004_20261003,all_time,10309,1478,0.018379456636533942,0.013494111578298438,0.004885345058235502,0.12769498462052542,0.9939106901217862,0.04959800702072246,1469,438,0.021562143590918518,0,0
outer,calibrated,E_rewire_20261005_20261001,onset,8981,289,0.01355882514378727,0.010734009031188844,0.0028248161125984275,0.02416238100175016,0.9342560553633218,0.03681546249424758,270,320,0.0092891657720831,0,0
outer,calibrated,E_rewire_20261005_20261001,all_time,10309,1478,0.01872985269618862,0.01332031578805579,0.005409536908132826,0.1296494829346104,0.986468200270636,0.05016419431547956,1458,443,0.0092891657720831,0,0
outer,calibrated,E_rewire_20261005_20261002,onset,8981,289,0.013529273906823203,0.010681618314279549,0.002847655592543653,0.023712806212399226,0.9515570934256056,0.039001380579843536,275,339,0.011450205375895991,0,0
outer,calibrated,E_rewire_20261005_20261002,all_time,10309,1478,0.020167757058075716,0.01536344242311874,0.0048043146349569755,0.11864613558082147,0.9884979702300406,0.050956856528139506,1461,450,0.011450205375895991,0,0
outer,calibrated,E_rewire_20261005_20261003,onset,8981,289,0.012725530822090377,0.009720773920726495,0.003004756901363885,0.025545586356892185,0.9792387543252595,0.03842613897837092,283,334,0.018499328002023998,0,0
outer,calibrated,E_rewire_20261005_20261003,all_time,10309,1478,0.01876149353000409,0.013944266416608462,0.004817227113395627,0.12606391513906304,0.9939106901217862,0.0498244819386253,1469,440,0.018499328002023998,0,0
rolling1,raw,A_G,onset,962,42,0.014901252522221017,0.007621144092546349,0.007280108429674669,0.04724075413198003,1.0,0.12717391304347825,42,117,0.004510566061253218,0,0
rolling1,raw,A_G,all_time,1099,158,0.021077545979295266,0.007141949861181561,0.01393559611811371,0.1531731605305677,1.0,0.14665249734325186,158,138,0.004510566061253218,0,0
rolling1,raw,R_union,onset,962,42,0.014184657054858678,0.0045056281533908315,0.009679028901467842,0.056626283257705586,1.0,0.11956521739130435,42,110,0.005789146732173859,0,0
rolling1,raw,R_union,all_time,1099,158,0.022088434422354183,0.00433895757375837,0.017749476848595812,0.16442419314349704,1.0,0.1392136025504782,158,131,0.005789146732173859,0,0
rolling1,raw,A_mono,onset,962,42,0.015303199221438201,0.007283977375281005,0.0080192218461572,0.05102136291947786,1.0,0.12717391304347825,42,117,0.012941079641309918,0,0
rolling1,raw,A_mono,all_time,1099,158,0.021600538281957366,0.0072246832841611364,0.01437585499779623,0.15413463818677742,1.0,0.14665249734325186,158,138,0.012941079641309918,0,0
rolling1,raw,B_20261001,onset,962,42,0.015264503891394415,0.005625718971149133,0.009638784920245284,0.05590340124354136,0.9761904761904762,0.06956521739130435,41,64,0.07100673310912439,715,0
rolling1,raw,B_20261001,all_time,1099,158,0.02321791567906427,0.005110429806696277,0.018107485872367993,0.16583355709246603,0.9936708860759493,0.09032943676939426,157,85,0.07100673310912439,715,0
rolling1,raw,B_20261002,onset,962,42,0.015782957852292757,0.005767319156847561,0.010015638695445197,0.05661197978599782,0.9523809523809523,0.06304347826086956,40,58,0.094327904251039,765,0
rolling1,raw,B_20261002,all_time,1099,158,0.02366078757785959,0.005154620370570239,0.01850616720728935,0.16696591809519687,0.9873417721518988,0.08395324123273114,156,79,0.094327904251039,765,0
rolling1,raw,B_20261003,onset,962,42,0.014397724710773883,0.007617516717534269,0.006780207993239614,0.04703644770419692,0.9523809523809523,0.05543478260869565,40,51,0.07231868531804896,754,0
rolling1,raw,B_20261003,all_time,1099,158,0.0207365622134951,0.00738696201654464,0.013349600196950459,0.15296679168895153,0.9873417721518988,0.07545164718384698,156,71,0.07231868531804896,754,0
rolling1,raw,K_20261001,onset,962,42,0.015151381907491903,0.00684960693302297,0.008301774974468934,0.05152691481649699,0.9523809523809523,0.0641304347826087,40,59,0.06647725132769158,734,0
rolling1,raw,K_20261001,all_time,1099,158,0.023039817512402208,0.006284022996692697,0.016755794515709507,0.16137844092460912,0.9873417721518988,0.08501594048884166,156,80,0.06647725132769158,734,0
rolling1,raw,K_20261002,onset,962,42,0.014021115971253698,0.00548096543323873,0.008540150538014967,0.0545780847689844,1.0,0.05217391304347826,42,48,0.10792904809978178,722,0
rolling1,raw,K_20261002,all_time,1099,158,0.02005970888408973,0.0051885490244172735,0.014871159859672453,0.16140497718341942,1.0,0.07332624867162593,158,69,0.10792904809978178,722,0
rolling1,raw,K_20261003,onset,962,42,0.013604859844602349,0.008253357795663642,0.005351502048938707,0.04204381120910819,0.9523809523809523,0.042391304347826085,40,39,0.0618758044449264,787,0
rolling1,raw,K_20261003,all_time,1099,158,0.01995352404144275,0.008351818629302336,0.011601705412140412,0.14667732850752876,0.9873417721518988,0.06269925611052073,156,59,0.0618758044449264,787,0
rolling1,raw,C_20261001,onset,962,42,0.013401180642452628,0.006283802072198835,0.007117378570253793,0.050230048873387854,1.0,0.05326086956521739,42,49,0.08356961960168435,699,0
rolling1,raw,C_20261001,all_time,1099,158,0.018790831570253616,0.006172845973437908,0.01261798559681571,0.15428525053367304,1.0,0.07438894792773645,158,70,0.08356961960168435,699,0
rolling1,raw,C_20261002,onset,962,42,0.013523080989207901,0.005722835206088521,0.007800245783119379,0.052613966375170976,1.0,0.04673913043478261,42,43,0.104388351808167,758,0
rolling1,raw,C_20261002,all_time,1099,158,0.019262515207653482,0.005440987258048451,0.01382152794960503,0.1587073315930968,1.0,0.06801275239107332,158,64,0.104388351808167,758,0
rolling1,raw,C_20261003,onset,962,42,0.013603721635159374,0.007515689697985101,0.006088031937174272,0.04532266666426093,0.9761904761904762,0.04891304347826087,41,45,0.06076276592137464,643,0
rolling1,raw,C_20261003,all_time,1099,158,0.0197775643114924,0.0076497164609950095,0.012127847850497395,0.14905784081194803,0.9936708860759493,0.07013815090329437,157,66,0.06076276592137464,643,0
rolling1,raw,D_20261001,onset,962,42,0.013373371603276603,0.006033486716274652,0.00733988488700195,0.05101156730057384,1.0,0.05543478260869565,42,51,0.08548287137721332,738,0
rolling1,raw,D_20261001,all_time,1099,158,0.018795244115608067,0.005980162996355395,0.01281508111925267,0.15489889595946385,1.0,0.0765143464399575,158,72,0.08548287137721332,738,0
rolling1,raw,D_20261002,onset,962,42,0.013822825294051235,0.005350631654128271,0.008472193639922963,0.054539762986596456,1.0,0.04673913043478261,42,43,0.11380815471505798,793,0
rolling1,raw,D_20261002,all_time,1099,158,0.019795153773452118,0.005004108912653143,0.014791044860798972,0.16163185836320712,1.0,0.06801275239107332,158,64,0.11380815471505798,793,0
rolling1,raw,D_20261003,onset,962,42,0.01377972656375642,0.008336425442850723,0.005443301120905701,0.041652727230663156,0.9523809523809523,0.04782608695652174,40,44,0.034072994372027536,839,0
rolling1,raw,D_20261003,all_time,1099,158,0.019768641794252226,0.008821202458875438,0.010947439335376787,0.14367466259415065,0.9873417721518988,0.06801275239107332,156,64,0.034072994372027536,839,0
rolling1,raw,M_20261001,onset,962,42,0.01669757166920996,0.004999112040461041,0.01169845962874892,0.06273179666655056,1.0,0.09239130434782608,42,85,0.07680164583624233,708,0
rolling1,raw,M_20261001,all_time,1099,158,0.025757336190475807,0.00444995637484588,0.021307379815629926,0.1737014198456952,1.0,0.1126461211477152,158,106,0.07680164583624233,708,0
rolling1,raw,M_20261002,onset,962,42,0.015174004973395076,0.00750786249349054,0.007666142479904537,0.04881491101588564,0.9523809523809523,0.06521739130434782,40,60,0.03742044367580381,791,0
rolling1,raw,M_20261002,all_time,1099,158,0.02318173677947981,0.007173283034341831,0.016008453745137978,0.15770351654280887,0.9873417721518988,0.08501594048884166,156,80,0.03742044367580381,791,0
rolling1,raw,M_20261003,onset,962,42,0.013628396435612755,0.009054982854410858,0.004573413581201897,0.03934081667458212,0.9523809523809523,0.03695652173913044,40,34,0.03940831171425656,735,0
rolling1,raw,M_20261003,all_time,1099,158,0.019680693031835117,0.010186765698539206,0.00949392733329591,0.13813632504361223,0.9873417721518988,0.057385759829968117,156,54,0.03940831171425656,736,0
rolling1,raw,S_20261001,onset,962,42,0.013376426962148925,0.005810064197083326,0.007566362765065603,0.0520623509515332,1.0,0.05652173913043478,42,52,0.08400275977427221,729,0
rolling1,raw,S_20261001,all_time,1099,158,0.01886758889991694,0.005664079474909186,0.013203509425007755,0.15657456767975744,1.0,0.077577045696068,158,73,0.08400275977427221,729,0
rolling1,raw,S_20261002,onset,962,42,0.014016883352971445,0.0078876642602385,0.006129219092732944,0.04607810632203306,0.9523809523809523,0.05543478260869565,40,51,0.047868619830492246,642,0
rolling1,raw,S_20261002,all_time,1099,158,0.021036477487081,0.007794416898052417,0.01324206058902858,0.152843097915618,0.9873417721518988,0.07545164718384698,156,71,0.047868619830492246,643,0
rolling1,raw,S_20261003,onset,962,42,0.013463423038893526,0.008334462693676164,0.005128960345217362,0.04102833660902933,0.9523809523809523,0.042391304347826085,40,39,0.04823840328134837,847,0
rolling1,raw,S_20261003,all_time,1099,158,0.01931552245010935,0.009019224594035272,0.010296297856074079,0.14191434357943927,0.9873417721518988,0.06269925611052073,156,59,0.04823840328134837,847,0
rolling1,raw,E_20261001,onset,962,42,0.016893755116986767,0.0049433409330134825,0.011950414183973282,0.06383511470428678,1.0,0.08695652173913043,42,80,0.08795675181426348,664,0
rolling1,raw,E_20261001,all_time,1099,158,0.025600791777630406,0.0043943983242925285,0.021206393453337878,0.17434914979399221,1.0,0.1073326248671626,158,101,0.08795675181426348,664,0
rolling1,raw,E_20261002,onset,962,42,0.015257637516150006,0.007154186121728357,0.008103451394421647,0.050356455557536164,0.9523809523809523,0.06847826086956521,40,63,0.05012271478043359,785,0
rolling1,raw,E_20261002,all_time,1099,158,0.023057951527835137,0.0068453489420078895,0.01621260258582725,0.15901268954246714,0.9873417721518988,0.08820403825717323,156,83,0.05012271478043359,785,0
rolling1,raw,E_20261003,onset,962,42,0.01379815201685358,0.008381160319687138,0.005416991697166441,0.04347717360738828,0.9523809523809523,0.04891304347826087,40,45,0.04605505916734109,681,0
rolling1,raw,E_20261003,all_time,1099,158,0.01977532842799695,0.00892126068336563,0.010854067744631317,0.14502506905158538,0.9873417721518988,0.06907545164718384,156,65,0.04605505916734109,681,0
rolling1,raw,F_20261001,onset,962,42,0.016383193084924863,0.0053344250661405196,0.011048768018784344,0.0606830970501215,1.0,0.08369565217391305,42,77,0.08891215369140311,665,0
rolling1,raw,F_20261001,all_time,1099,158,0.025545850873596246,0.004733195638107157,0.020812655235489086,0.17193530148916156,1.0,0.10414452709883103,158,98,0.08891215369140311,665,0
rolling1,raw,F_20261002,onset,962,42,0.016650467676610357,0.0064487413224227,0.010201726354187656,0.05524394339052424,0.9523809523809523,0.06847826086956521,40,63,0.07186323984835895,778,0
rolling1,raw,F_20261002,all_time,1099,158,0.02563074760947853,0.006048671199393848,0.019582076410084682,0.1652082594862625,0.9873417721518988,0.08820403825717323,156,83,0.07186323984835895,778,0
rolling1,raw,F_20261003,onset,962,42,0.013718017516699077,0.008839262842179441,0.004878754674519635,0.0396864683893317,0.9523809523809523,0.051086956521739134,40,47,0.02421483816655949,859,0
rolling1,raw,F_20261003,all_time,1099,158,0.01945699532140191,0.0097226311554214,0.009734364165980511,0.1393863171899587,0.9873417721518988,0.07120085015940489,156,67,0.02421483816655949,859,0
rolling1,raw,E_internal_20261001,onset,962,42,0.014828157392650608,0.0056689261935907315,0.009159231199059877,0.05589003935562575,1.0,0.0782608695652174,42,72,0.07243562325213702,730,0
rolling1,raw,E_internal_20261001,all_time,1099,158,0.022294056553800026,0.005355649631173716,0.01693840692262631,0.16425059951845178,1.0,0.09883103081827843,158,93,0.07243562325213702,730,0
rolling1,raw,E_internal_20261002,onset,962,42,0.013705442676818275,0.005593024592317361,0.008112418084500911,0.05362928489630027,1.0,0.04891304347826087,42,45,0.1075030325290993,707,0
rolling1,raw,E_internal_20261002,all_time,1099,158,0.01928387734810948,0.005388415218520149,0.013895462129589328,0.15917975107513585,1.0,0.07013815090329437,158,66,0.1075030325290993,707,0
rolling1,raw,E_internal_20261003,onset,962,42,0.013785192642207891,0.00864568368717231,0.005139508955035581,0.04152844713909652,0.9523809523809523,0.042391304347826085,40,39,0.05685481138400702,754,0
rolling1,raw,E_internal_20261003,all_time,1099,158,0.019660103197336302,0.009533881003891355,0.010126222193444947,0.1412118140916805,0.9873417721518988,0.061636556854410204,156,58,0.05685481138400702,754,0
rolling1,calibrated,A_G,onset,962,42,0.017157436340725817,0.00611519576456843,0.01104224057615739,0.06437603011644168,1.0,0.12717391304347825,42,117,0.04327714548534993,0,0
rolling1,calibrated,A_G,all_time,1099,158,0.02413916753391998,0.0065999578022093,0.01753920973171068,0.164085926667796,1.0,0.14665249734325186,158,138,0.04327714548534993,0,0
rolling1,calibrated,R_union,onset,962,42,0.01796163533366606,0.0032133729377622315,0.014748262395903829,0.06924512725932437,1.0,0.11956521739130435,42,110,0.027801580191680202,0,0
rolling1,calibrated,R_union,all_time,1099,158,0.02629495230850485,0.003171824073120164,0.023123128235384687,0.17582390211332868,1.0,0.1392136025504782,158,131,0.027801580191680202,0,0
rolling1,calibrated,A_mono,onset,962,42,0.017241630554385625,0.006065496466196411,0.01117613408818921,0.06489045168457638,1.0,0.12717391304347825,42,117,0.044342140037165495,0,0
rolling1,calibrated,A_mono,all_time,1099,158,0.02424693653845454,0.006551430258754305,0.017695506279700235,0.16458017338024267,1.0,0.14665249734325186,158,138,0.044342140037165495,0,0
rolling1,calibrated,B_20261001,onset,962,42,0.016625657338985023,0.004703972174020904,0.011921685164964118,0.060694154494682774,0.9761904761904762,0.06956521739130435,41,64,0.08819664774763943,0,0
rolling1,calibrated,B_20261001,all_time,1099,158,0.02542629649275372,0.004215226898325747,0.021211069594427975,0.1713602142868949,0.9936708860759493,0.09032943676939426,157,85,0.08819664774763943,0,0
rolling1,calibrated,B_20261002,onset,962,42,0.01670135621992254,0.0052265363870253835,0.011474819832897156,0.05893686253137613,0.9523809523809523,0.06304347826086956,40,58,0.09454567055098784,0,0
rolling1,calibrated,B_20261002,all_time,1099,158,0.025309166307108687,0.004627564217165633,0.020681602089943053,0.1700082278070098,0.9873417721518988,0.08395324123273114,156,79,0.09454567055098784,0,0
rolling1,calibrated,B_20261003,onset,962,42,0.015021963587329577,0.006419418880448276,0.0086025447068813,0.05206271183804115,0.9523809523809523,0.05543478260869565,40,51,0.09924035899098924,0,0
rolling1,calibrated,B_20261003,all_time,1099,158,0.02204289608837049,0.006090848950178998,0.015952047138191497,0.15919030755412814,0.9873417721518988,0.07545164718384698,156,71,0.09924035899098924,0,0
rolling1,calibrated,K_20261001,onset,962,42,0.016237814539232655,0.005986298197137502,0.010251516342095156,0.056145537517831294,0.9523809523809523,0.0641304347826087,40,59,0.09051202062607254,0,0
rolling1,calibrated,K_20261001,all_time,1099,158,0.02473113118516384,0.005436909923132502,0.019294221262031338,0.16649424146584887,0.9873417721518988,0.08501594048884166,156,80,0.09051202062607254,0,0
rolling1,calibrated,K_20261002,onset,962,42,0.014698903917277807,0.004778587236673194,0.009920316680604613,0.05735399785750244,1.0,0.05217391304347826,42,48,0.11580726809816876,0,0
rolling1,calibrated,K_20261002,all_time,1099,158,0.02146163453730055,0.004395375179203864,0.017066259358096688,0.16548362664840613,1.0,0.07332624867162593,158,69,0.11580726809816876,0,0
rolling1,calibrated,K_20261003,onset,962,42,0.014039657982492217,0.006725106517161235,0.0073145514653309845,0.047126448812459094,0.9523809523809523,0.042391304347826085,40,39,0.0904102038766053,0,0
rolling1,calibrated,K_20261003,all_time,1099,158,0.021092231752626114,0.006548563823160434,0.014543667929465678,0.15371358076796976,0.9873417721518988,0.06269925611052073,156,59,0.0904102038766053,0,0
rolling1,calibrated,C_20261001,onset,962,42,0.014172176849923843,0.0050029062073655515,0.009169270642558291,0.055862990583436946,1.0,0.05326086956521739,42,49,0.11277640766839586,0,0
rolling1,calibrated,C_20261001,all_time,1099,158,0.020494288348373444,0.004749028543573622,0.01574525980479983,0.16188951046007932,1.0,0.07438894792773645,158,70,0.11277640766839586,0,0
rolling1,calibrated,C_20261002,onset,962,42,0.014232125021863055,0.004812040415810543,0.009420084606052512,0.05653108172111586,1.0,0.04673913043478261,42,43,0.12318519967767444,0,0
rolling1,calibrated,C_20261002,all_time,1099,158,0.020827357087323042,0.004442504393494142,0.016384852693828902,0.1641627589096429,1.0,0.06801275239107332,158,64,0.12318519967767444,0,0
rolling1,calibrated,C_20261003,onset,962,42,0.014310240800547495,0.005809778922647601,0.008500461877899892,0.052883706405047415,0.9761904761904762,0.04891304347826087,41,45,0.10551648263389321,0,0
rolling1,calibrated,C_20261003,all_time,1099,158,0.02137402516396875,0.005777300186300345,0.015596724977668407,0.15821227369189608,0.9936708860759493,0.07013815090329437,157,66,0.10551648263389321,0,0
rolling1,calibrated,D_20261001,onset,962,42,0.014112507284823331,0.004833791473305541,0.00927871581151779,0.056322206961487646,1.0,0.05543478260869565,42,51,0.11228605551942508,0,0
rolling1,calibrated,D_20261001,all_time,1099,158,0.020384703143673546,0.004623788170118804,0.01576091497355474,0.16212470625402403,1.0,0.0765143464399575,158,72,0.11228605551942508,0,0
rolling1,calibrated,D_20261002,onset,962,42,0.014465454631962364,0.004659041475968147,0.009806413155994217,0.05717855234489716,1.0,0.04673913043478261,42,43,0.119500940742686,0,0
rolling1,calibrated,D_20261002,all_time,1099,158,0.02126007866728778,0.00423339742318438,0.0170266812441034,0.1656830579829806,1.0,0.06801275239107332,158,64,0.119500940742686,0,0
rolling1,calibrated,D_20261003,onset,962,42,0.014385732999042852,0.006423256060103376,0.007962476938939474,0.04847084950633114,0.9523809523809523,0.04782608695652174,40,44,0.07740938272387235,0,0
rolling1,calibrated,D_20261003,all_time,1099,158,0.021200625454135827,0.006675188256083806,0.014525437198052021,0.15221162431560278,0.9873417721518988,0.06801275239107332,156,64,0.07740938272387235,0,0
rolling1,calibrated,M_20261001,onset,962,42,0.01836620436669732,0.0042124892683427185,0.014153715098354598,0.06722897168803667,1.0,0.09239130434782608,42,85,0.08525894334392654,0,0
rolling1,calibrated,M_20261001,all_time,1099,158,0.028301861362500316,0.0037225140642992882,0.024579347298201024,0.17872299531338465,1.0,0.1126461211477152,158,106,0.08525894334392654,0,0
rolling1,calibrated,M_20261002,onset,962,42,0.016658089107268053,0.006275382541155041,0.010382706566113009,0.055284692147840556,0.9523809523809523,0.06521739130434782,40,60,0.06439572426860403,0,0
rolling1,calibrated,M_20261002,all_time,1099,158,0.025334120784639858,0.005859922481964533,0.019474198302675324,0.16498244504944712,0.9873417721518988,0.08501594048884166,156,80,0.06439572426860403,0,0
rolling1,calibrated,M_20261003,onset,962,42,0.013828563632193647,0.0070540823090239745,0.006774481323169672,0.046602850456880965,0.9523809523809523,0.03695652173913044,40,34,0.08377485846727752,0,0
rolling1,calibrated,M_20261003,all_time,1099,158,0.020501288669230483,0.00764941093732832,0.012851877731902158,0.14789821989661198,0.9873417721518988,0.057385759829968117,156,54,0.08377485846727752,0,0
rolling1,calibrated,S_20261001,onset,962,42,0.014218062637536914,0.004665256805684796,0.009552805831852116,0.05733530465891864,1.0,0.05652173913043478,42,52,0.1094021423836177,0,0
rolling1,calibrated,S_20261001,all_time,1099,158,0.02059549334962617,0.004403235031518644,0.016192258318107527,0.1636402694406409,1.0,0.077577045696068,158,73,0.1094021423836177,0,0
rolling1,calibrated,S_20261002,onset,962,42,0.01503177606060199,0.006422957268187451,0.008608818792414543,0.053461372493660515,0.9523809523809523,0.05543478260869565,40,51,0.08019262522554496,0,0
rolling1,calibrated,S_20261002,all_time,1099,158,0.022909879566728665,0.006121389018574027,0.01678849054815464,0.16163274441569053,0.9873417721518988,0.07545164718384698,156,71,0.08019262522554496,0,0
rolling1,calibrated,S_20261003,onset,962,42,0.013746946099723744,0.006480764287267842,0.007266181812455901,0.04705147128960965,0.9523809523809523,0.042391304347826085,40,39,0.08820534163718141,0,0
rolling1,calibrated,S_20261003,all_time,1099,158,0.020296205476418694,0.0067749624236371955,0.013521243052781497,0.15025567994232858,0.9873417721518988,0.06269925611052073,156,59,0.08820534163718141,0,0
rolling1,calibrated,E_20261001,onset,962,42,0.01814281816179864,0.004308701062001736,0.013834117099796903,0.06682905830971571,1.0,0.08695652173913043,42,80,0.08978218637737136,0,0
rolling1,calibrated,E_20261001,all_time,1099,158,0.027664758805929383,0.003801861961878638,0.023862896844050744,0.17798393529261206,1.0,0.1073326248671626,158,101,0.08978218637737136,0,0
rolling1,calibrated,E_20261002,onset,962,42,0.016559361644838722,0.00606042943516916,0.010498932209669565,0.0559559344486205,0.9523809523809523,0.06847826086956521,40,63,0.07279632077337547,0,0
rolling1,calibrated,E_20261002,all_time,1099,158,0.025075002312190613,0.005653102317659258,0.019421899994531353,0.16553465731920738,0.9873417721518988,0.08820403825717323,156,83,0.07279632077337547,0,0
rolling1,calibrated,E_20261003,onset,962,42,0.01425779731386758,0.006690103355180769,0.007567693958686809,0.050542896779488714,0.9523809523809523,0.04891304347826087,40,45,0.07565381406876992,0,0
rolling1,calibrated,E_20261003,all_time,1099,158,0.020905155182297925,0.006800632296374281,0.014104522885923645,0.15442773962929052,0.9873417721518988,0.06907545164718384,156,65,0.07565381406876992,0,0
rolling1,calibrated,F_20261001,onset,962,42,0.017903629242108757,0.004461251806290495,0.013442377435818262,0.0653105349419729,1.0,0.08369565217391305,42,77,0.1023747879657047,0,0
rolling1,calibrated,F_20261001,all_time,1099,158,0.027932387659859278,0.0039348722878429065,0.023997515372016373,0.1770540739045025,1.0,0.10414452709883103,158,98,0.1023747879657047,0,0
rolling1,calibrated,F_20261002,onset,962,42,0.017961272179490863,0.005705941438589518,0.012255330740901342,0.05908683893315561,0.9523809523809523,0.06847826086956521,40,63,0.0819510965607956,0,0
rolling1,calibrated,F_20261002,all_time,1099,158,0.02743179537147834,0.005230316583951533,0.022201478787526804,0.16974759288148256,0.9873417721518988,0.08820403825717323,156,83,0.0819510965607956,0,0
rolling1,calibrated,F_20261003,onset,962,42,0.014392690088466002,0.006638359701476118,0.007754330386989881,0.04751911010083609,0.9523809523809523,0.051086956521739134,40,47,0.07817025447851954,0,0
rolling1,calibrated,F_20261003,all_time,1099,158,0.021092259432840047,0.007274193620091841,0.013818065812748205,0.1489287771799544,0.9873417721518988,0.07120085015940489,156,67,0.07817025447851954,0,0
rolling1,calibrated,E_internal_20261001,onset,962,42,0.01609358995386622,0.004675112725710501,0.01141847722815572,0.06164124426718711,1.0,0.0782608695652174,42,72,0.09880595460477722,0,0
rolling1,calibrated,E_internal_20261001,all_time,1099,158,0.024251179973404254,0.004341371863176843,0.01990980811022741,0.17065070464369517,1.0,0.09883103081827843,158,93,0.09880595460477722,0,0
rolling1,calibrated,E_internal_20261002,onset,962,42,0.01438854520349885,0.0047900470165836775,0.009598498186915175,0.05698226640147986,1.0,0.04891304347826087,42,45,0.12102266331231061,0,0
rolling1,calibrated,E_internal_20261002,all_time,1099,158,0.020701557065909953,0.004459425000518832,0.016242132065391122,0.16409863167039965,1.0,0.07013815090329437,158,66,0.12102266331231061,0,0
rolling1,calibrated,E_internal_20261003,onset,962,42,0.013972982810585179,0.006987918728104563,0.006985064082480618,0.04707751183871971,0.9523809523809523,0.042391304347826085,40,39,0.08413717369157189,0,0
rolling1,calibrated,E_internal_20261003,all_time,1099,158,0.020309187940000934,0.007280224930684836,0.013028963009316101,0.1496673047424431,0.9873417721518988,0.061636556854410204,156,58,0.08413717369157189,0,0
rolling2,raw,A_G,onset,2069,57,0.008367908261181145,0.004584345648902407,0.003783562612278737,0.02775366903277559,0.8070175438596491,0.008449304174950299,46,17,0.34391123918426003,0,0
rolling2,raw,A_G,all_time,2251,212,0.015733677358850236,0.006077882731170491,0.009655794627679744,0.09745785108750375,0.9339622641509434,0.01765571358509073,198,36,0.34391123918426003,0,0
rolling2,raw,R_union,onset,2069,57,0.007997114887966164,0.005130569536287742,0.002866545351678421,0.025661614116352514,0.8947368421052632,0.009940357852882704,51,20,0.13946930355503062,0,0
rolling2,raw,R_union,all_time,2251,212,0.013709223969479113,0.006579152495771297,0.007130071473707814,0.09408775644905612,0.9622641509433962,0.018636586562040217,204,38,0.13946930355503062,0,0
rolling2,raw,A_mono,onset,2069,57,0.008207183002531199,0.005142449757703635,0.0030647332448275654,0.02741381275702752,0.8070175438596491,0.008449304174950299,46,17,0.33061298781481463,0,0
rolling2,raw,A_mono,all_time,2251,212,0.014931278765000167,0.007201566396869217,0.007729712368130951,0.09349229219692054,0.9339622641509434,0.01765571358509073,198,36,0.33061298781481463,0,0
rolling2,raw,B_20261001,onset,2069,57,0.009210955284549297,0.006433778132800107,0.0027771771517491914,0.023118697586316475,0.8421052631578947,0.009443339960238568,48,19,0.13448167964093244,1940,0
rolling2,raw,B_20261001,all_time,2251,212,0.017361249275420088,0.011666849573170483,0.0056943997022496085,0.08269816478102093,0.9386792452830188,0.018146150073565473,199,37,0.13448167964093244,1951,0
rolling2,raw,B_20261002,onset,2069,57,0.008820601583761913,0.006133019965878289,0.002687581617883624,0.02297514339263429,0.8421052631578947,0.009940357852882704,48,20,0.13632123089473214,1987,0
rolling2,raw,B_20261002,all_time,2251,212,0.01699463557397543,0.011127482860722045,0.005867152713253386,0.08284570630977298,0.9386792452830188,0.018636586562040217,199,38,0.13632123089473214,1998,0
rolling2,raw,B_20261003,onset,2069,57,0.007398309959752652,0.004802337367934474,0.0025959725918181784,0.024663159735085132,0.8245614035087719,0.008449304174950299,47,17,0.26346980152261223,1952,0
rolling2,raw,B_20261003,all_time,2251,212,0.013977437268501855,0.007776785447146558,0.006200651821355295,0.0867318571323586,0.9386792452830188,0.01765571358509073,199,36,0.26346980152261223,1958,0
rolling2,raw,K_20261001,onset,2069,57,0.009452396836606375,0.005643572553973076,0.003808824282633299,0.025989769881119472,0.8421052631578947,0.010437375745526839,48,21,0.1923816405851067,1894,0
rolling2,raw,K_20261001,all_time,2251,212,0.01769303483248983,0.009815779055825667,0.007877255776664161,0.08992066946040167,0.9386792452830188,0.019127023050514957,199,39,0.1923816405851067,1905,0
rolling2,raw,K_20261002,onset,2069,57,0.008367908261181145,0.004584345648902407,0.003783562612278737,0.02775366903277559,0.8070175438596491,0.008449304174950299,46,17,0.34391123918426003,0,0
rolling2,raw,K_20261002,all_time,2251,212,0.015733677358850236,0.006077882731170491,0.009655794627679744,0.09745785108750375,0.9339622641509434,0.01765571358509073,198,36,0.34391123918426003,0,0
rolling2,raw,K_20261003,onset,2069,57,0.008367908261181145,0.004584345648902407,0.003783562612278737,0.02775366903277559,0.8070175438596491,0.008449304174950299,46,17,0.34391123918426003,0,0
rolling2,raw,K_20261003,all_time,2251,212,0.015733677358850236,0.006077882731170491,0.009655794627679744,0.09745785108750375,0.9339622641509434,0.01765571358509073,198,36,0.34391123918426003,0,0
rolling2,raw,C_20261001,onset,2069,57,0.009108556943900137,0.005617147633313989,0.0034914093105861493,0.025831538936521407,0.8245614035087719,0.010437375745526839,47,21,0.1958517390981681,1790,0
rolling2,raw,C_20261001,all_time,2251,212,0.016915776715334493,0.009447257144072057,0.007468519571262439,0.0894878538021778,0.9339622641509434,0.019127023050514957,198,39,0.1958517390981681,1801,0
rolling2,raw,C_20261002,onset,2069,57,0.008462404348295711,0.005773362308333187,0.002689042039962523,0.02353767621785927,0.8421052631578947,0.009443339960238568,48,19,0.1875496394859985,1947,0
rolling2,raw,C_20261002,all_time,2251,212,0.01616449801941501,0.010120683214777637,0.006043814804637374,0.08376156592901944,0.9386792452830188,0.018146150073565473,199,37,0.1875496394859985,1958,0
rolling2,raw,C_20261003,onset,2069,57,0.010092421582914858,0.006181716417424898,0.003910705165489959,0.024723578543261196,0.8421052631578947,0.009940357852882704,48,20,0.19802325581479802,1939,0
rolling2,raw,C_20261003,all_time,2251,212,0.01902166648802185,0.010876424221045337,0.008145242266976516,0.08735022566960149,0.9339622641509434,0.018636586562040217,198,38,0.19802325581479802,1950,0
rolling2,raw,D_20261001,onset,2069,57,0.008737894672657712,0.005254655228159322,0.003483239444498389,0.02607916994408953,0.8245614035087719,0.008449304174950299,47,17,0.23329734428994214,1876,0
rolling2,raw,D_20261001,all_time,2251,212,0.016736237338740675,0.009089642046174951,0.007646595292565727,0.09009651902775109,0.9339622641509434,0.01716527709661599,198,35,0.23329734428994214,1887,0
rolling2,raw,D_20261002,onset,2069,57,0.00855527699495332,0.005811627285795412,0.0027436497091579077,0.02361475992771163,0.8245614035087719,0.009443339960238568,47,19,0.195178341113253,1920,0
rolling2,raw,D_20261002,all_time,2251,212,0.016331056052359072,0.010128534723843716,0.006202521328515353,0.08425522935019752,0.9339622641509434,0.018146150073565473,198,37,0.195178341113253,1931,0
rolling2,raw,D_20261003,onset,2069,57,0.008118471709951,0.005030714875162099,0.0030877568347888996,0.025407181492000924,0.8245614035087719,0.008449304174950299,47,17,0.25280314601104226,1845,0
rolling2,raw,D_20261003,all_time,2251,212,0.015132183411118853,0.007745480281326991,0.007386703129791861,0.09078735950779036,0.9386792452830188,0.01765571358509073,199,36,0.25280314601104226,1851,0
rolling2,raw,M_20261001,onset,2069,57,0.009246111127640531,0.005743071620003612,0.0035030395076369202,0.025571298044460972,0.8070175438596491,0.009443339960238568,46,19,0.1993426855160314,1933,0
rolling2,raw,M_20261001,all_time,2251,212,0.01761191259508347,0.01007698279804982,0.0075349297970336475,0.08914148552293744,0.9292452830188679,0.018146150073565473,197,37,0.1993426855160314,1944,0
rolling2,raw,M_20261002,onset,2069,57,0.008511390637600329,0.0059901068182800134,0.002521283819320315,0.023073229896929094,0.8421052631578947,0.008946322067594433,48,18,0.18298263474576032,1947,0
rolling2,raw,M_20261002,all_time,2251,212,0.0162458127753436,0.01069078464102506,0.005555028134318538,0.0825356983178172,0.9386792452830188,0.01765571358509073,199,36,0.18298263474576032,1958,0
rolling2,raw,M_20261003,onset,2069,57,0.009194206033379046,0.005605801016759227,0.003588405016619818,0.025471510564918313,0.8421052631578947,0.009443339960238568,48,19,0.20762125635244133,1977,0
rolling2,raw,M_20261003,all_time,2251,212,0.017147248601373007,0.00895710755147857,0.008190141049894436,0.09067269413932157,0.9386792452830188,0.018146150073565473,199,37,0.20762125635244133,1988,0
rolling2,raw,S_20261001,onset,2069,57,0.009194108857054408,0.005933061464275486,0.003261047392778921,0.025240626481559735,0.8421052631578947,0.009443339960238568,48,19,0.17327472823396506,1807,0
rolling2,raw,S_20261001,all_time,2251,212,0.01733273404575869,0.010407763298517642,0.0069249707472410485,0.08775266194034469,0.9386792452830188,0.018146150073565473,199,37,0.17327472823396506,1818,0
rolling2,raw,S_20261002,onset,2069,57,0.008369814491733537,0.005937265913296695,0.002432548578436841,0.022981532752655576,0.8421052631578947,0.008946322067594433,48,18,0.17959441616408384,1966,0
rolling2,raw,S_20261002,all_time,2251,212,0.016013946113561925,0.010516401188264086,0.0054975449252978375,0.08278416047548517,0.9386792452830188,0.01765571358509073,199,36,0.17959441616408384,1977,0
rolling2,raw,S_20261003,onset,2069,57,0.007916799424402196,0.004514597222302547,0.0034022022020996495,0.026739576069659567,0.8245614035087719,0.008449304174950299,47,17,0.30503014986876387,1946,0
rolling2,raw,S_20261003,all_time,2251,212,0.014668574335798108,0.006352552498569016,0.008316021837229093,0.09475270948155834,0.9386792452830188,0.01765571358509073,199,36,0.30503014986876387,1949,0
rolling2,raw,E_20261001,onset,2069,57,0.009366221326285956,0.005874073376073969,0.0034921479502119856,0.025022093893160142,0.8421052631578947,0.010934393638170975,48,22,0.1498656341004348,1911,0
rolling2,raw,E_20261001,all_time,2251,212,0.018384787042957606,0.011311848831780432,0.0070729382111771755,0.08530125331919078,0.9386792452830188,0.0196174595389897,199,40,0.1498656341004348,1922,0
rolling2,raw,E_20261002,onset,2069,57,0.008425619031281657,0.005716323028520577,0.0027092960027610778,0.024066280248732422,0.8421052631578947,0.009443339960238568,48,19,0.18573697283141172,1612,0
rolling2,raw,E_20261002,all_time,2251,212,0.016007800274576472,0.009906776877258553,0.006101023397317919,0.08473606140368756,0.9386792452830188,0.018146150073565473,199,37,0.18573697283141172,1623,0
rolling2,raw,E_20261003,onset,2069,57,0.00789455683106515,0.004694970429828486,0.003199586401236664,0.0262070887025518,0.8245614035087719,0.008449304174950299,47,17,0.2756651259128329,1798,0
rolling2,raw,E_20261003,all_time,2251,212,0.014668804126170283,0.007260643982634565,0.00740816014353572,0.09158606190848588,0.9339622641509434,0.01765571358509073,198,36,0.2756651259128329,1804,0
rolling2,raw,F_20261001,onset,2069,57,0.008765427746741664,0.005613471683815034,0.0031519560629266275,0.024855153471177886,0.8070175438596491,0.008449304174950299,46,17,0.2172692008244232,1936,0
rolling2,raw,F_20261001,all_time,2251,212,0.016361145337164557,0.009499221504918873,0.0068619238322456845,0.08769272086941798,0.9292452830188679,0.01716527709661599,197,35,0.2172692008244232,1947,0
rolling2,raw,F_20261002,onset,2069,57,0.008249569969513117,0.005035416231931841,0.003214153737581277,0.02570532851929102,0.8421052631578947,0.009443339960238568,48,19,0.24255184201133217,1943,0
rolling2,raw,F_20261002,all_time,2251,212,0.015647662682389728,0.008498179746387608,0.007149482936002119,0.08936087057874782,0.9386792452830188,0.018146150073565473,199,37,0.24255184201133217,1954,0
rolling2,raw,F_20261003,onset,2069,57,0.008194376940833336,0.005080323856753719,0.003114053084079619,0.025539244790062657,0.8245614035087719,0.008449304174950299,47,17,0.2527274154054359,1842,0
rolling2,raw,F_20261003,all_time,2251,212,0.015563731055298834,0.007992671913000265,0.007571059142298566,0.0905844663669649,0.9339622641509434,0.01765571358509073,198,36,0.2527274154054359,1849,0
rolling2,raw,E_internal_20261001,onset,2069,57,0.008731306036540468,0.00555749124236546,0.003173814794175008,0.024992628641028844,0.8070175438596491,0.008449304174950299,46,17,0.20911451800934827,1910,0
rolling2,raw,E_internal_20261001,all_time,2251,212,0.016531203677193445,0.009562893082047417,0.006968310595146027,0.08764768336549467,0.9292452830188679,0.01716527709661599,197,35,0.20911451800934827,1921,0
rolling2,raw,E_internal_20261002,onset,2069,57,0.009076552538447486,0.006277127803916107,0.00279942473453138,0.023134406930128335,0.8070175438596491,0.008449304174950299,46,17,0.1896008786333796,1952,0
rolling2,raw,E_internal_20261002,all_time,2251,212,0.01745010392806528,0.011359876658274282,0.006090227269790995,0.08275809023471069,0.9245283018867925,0.01716527709661599,196,35,0.1896008786333796,1963,0
rolling2,raw,E_internal_20261003,onset,2069,57,0.00911152907732663,0.005552400317193328,0.003559128760133302,0.026076994172712628,0.8421052631578947,0.009443339960238568,48,19,0.1996947132665337,1637,0
rolling2,raw,E_internal_20261003,all_time,2251,212,0.016615091357994778,0.009130095839006312,0.007484995518988468,0.08967333830199127,0.9386792452830188,0.018636586562040217,199,38,0.1996947132665337,1648,0
rolling2,calibrated,A_G,onset,2069,57,0.010906410976359412,0.009613100978096718,0.0012933099982626942,0.023853639717703216,0.8070175438596491,0.008449304174950299,46,17,0.2120954672714584,0,0
rolling2,calibrated,A_G,all_time,2251,212,0.02079880417662736,0.017619288054442364,0.003179516122184994,0.07351350647570709,0.9339622641509434,0.01765571358509073,198,36,0.2120954672714584,0,0
rolling2,calibrated,R_union,onset,2069,57,0.009475008218466033,0.008112724468811117,0.0013622837496549147,0.024686551923828813,0.8947368421052632,0.009940357852882704,51,20,0.15740799930124522,0,0
rolling2,calibrated,R_union,all_time,2251,212,0.016811108652554984,0.013790967693053862,0.0030201409595011224,0.07835952200276618,0.9622641509433962,0.018636586562040217,204,38,0.15740799930124522,0,0
rolling2,calibrated,A_mono,onset,2069,57,0.010932128810341554,0.00970795039437692,0.0012241784159646352,0.022840386941101177,0.8070175438596491,0.008449304174950299,46,17,0.2054674426184354,0,0
rolling2,calibrated,A_mono,all_time,2251,212,0.02076162588945072,0.017660883768592418,0.003100742120858299,0.0727382138208534,0.9339622641509434,0.01765571358509073,198,36,0.2054674426184354,0,0
rolling2,calibrated,B_20261001,onset,2069,57,0.009935156364173693,0.008168039659321674,0.0017671167048520198,0.019511780932870676,0.8421052631578947,0.009443339960238568,48,19,0.08770064223582977,0,0
rolling2,calibrated,B_20261001,all_time,2251,212,0.02056159161289047,0.017036846644070833,0.0035247449688196346,0.07283198035504493,0.9386792452830188,0.018146150073565473,199,37,0.08770064223582977,0,0
rolling2,calibrated,B_20261002,onset,2069,57,0.009820244325949013,0.0081645318515659,0.001655712474383114,0.018825926039401076,0.8421052631578947,0.009940357852882704,48,20,0.11747318229373983,0,0
rolling2,calibrated,B_20261002,all_time,2251,212,0.020955825227797393,0.017507284329040158,0.003448540898757233,0.07068189591221552,0.9386792452830188,0.018636586562040217,199,38,0.11747318229373983,0,0
rolling2,calibrated,B_20261003,onset,2069,57,0.009382222120765041,0.008276462035866317,0.0011057600848987247,0.01810504701039932,0.8245614035087719,0.008449304174950299,47,17,0.18148145876298685,0,0
rolling2,calibrated,B_20261003,all_time,2251,212,0.02152663051793247,0.018964380650863744,0.0025622498670687245,0.06415033598632473,0.9386792452830188,0.01765571358509073,199,36,0.18148145876298685,0,0
rolling2,calibrated,K_20261001,onset,2069,57,0.009635978275998807,0.007597602151016542,0.002038376124982263,0.02207930178661039,0.8421052631578947,0.010437375745526839,48,21,0.15214002758628675,0,0
rolling2,calibrated,K_20261001,all_time,2251,212,0.020180403365525484,0.01571318471654226,0.004467218648983228,0.07919901910541853,0.9386792452830188,0.019127023050514957,199,39,0.15214002758628675,0,0
rolling2,calibrated,K_20261002,onset,2069,57,0.010906410976359412,0.009613100978096718,0.0012933099982626942,0.023853639717703216,0.8070175438596491,0.008449304174950299,46,17,0.2120954672714584,0,0
rolling2,calibrated,K_20261002,all_time,2251,212,0.02079880417662736,0.017619288054442364,0.003179516122184994,0.07351350647570709,0.9339622641509434,0.01765571358509073,198,36,0.2120954672714584,0,0
rolling2,calibrated,K_20261003,onset,2069,57,0.010906410976359412,0.009613100978096718,0.0012933099982626942,0.023853639717703216,0.8070175438596491,0.008449304174950299,46,17,0.2120954672714584,0,0
rolling2,calibrated,K_20261003,all_time,2251,212,0.02079880417662736,0.017619288054442364,0.003179516122184994,0.07351350647570709,0.9339622641509434,0.01765571358509073,198,36,0.2120954672714584,0,0
rolling2,calibrated,C_20261001,onset,2069,57,0.00975500878918341,0.008025524435156665,0.0017294843540267468,0.021599514872585667,0.8245614035087719,0.010437375745526839,47,21,0.14736792116695077,0,0
rolling2,calibrated,C_20261001,all_time,2251,212,0.021005028247554205,0.016996863261561298,0.004008164985992906,0.07635871897019637,0.9339622641509434,0.019127023050514957,198,39,0.14736792116695077,0,0
rolling2,calibrated,C_20261002,onset,2069,57,0.009678609148909128,0.008298100273261166,0.00138050887564796,0.018400507049588902,0.8421052631578947,0.009443339960238568,48,19,0.13939031995328852,0,0
rolling2,calibrated,C_20261002,all_time,2251,212,0.02110137511733597,0.018054527523484715,0.003046847593851259,0.0680893448573733,0.9386792452830188,0.018146150073565473,199,37,0.13939031995328852,0,0
rolling2,calibrated,C_20261003,onset,2069,57,0.011457098834410534,0.009115378769583364,0.0023417200648271695,0.01932341127248302,0.8421052631578947,0.009940357852882704,48,20,0.11494106616452686,0,0
rolling2,calibrated,C_20261003,all_time,2251,212,0.023305179228152534,0.018200527261355223,0.005104651966797311,0.07531863780861575,0.9339622641509434,0.018636586562040217,198,38,0.11494106616452686,0,0
rolling2,calibrated,D_20261001,onset,2069,57,0.009321954839597926,0.007638653773633389,0.0016833010659645365,0.021154543219466294,0.8245614035087719,0.008449304174950299,47,17,0.15647364801993063,0,0
rolling2,calibrated,D_20261001,all_time,2251,212,0.02007883576984861,0.01617511627317674,0.003903719496671868,0.07663425107695147,0.9339622641509434,0.01716527709661599,198,35,0.15647364801993063,0,0
rolling2,calibrated,D_20261002,onset,2069,57,0.009740208224152355,0.008312482874966831,0.001427725349185523,0.018572663329275204,0.8245614035087719,0.009443339960238568,47,19,0.1446072489526558,0,0
rolling2,calibrated,D_20261002,all_time,2251,212,0.021013373989100175,0.017852166260043073,0.0031612077290571,0.06902184495776,0.9339622641509434,0.018146150073565473,198,37,0.1446072489526558,0,0
rolling2,calibrated,D_20261003,onset,2069,57,0.009390659764994978,0.008017839651126667,0.0013728201138683116,0.01929439664809917,0.8245614035087719,0.008449304174950299,47,17,0.15079093512394232,0,0
rolling2,calibrated,D_20261003,all_time,2251,212,0.01869797146999281,0.015194672228926983,0.003503299241065825,0.07523943234624922,0.9386792452830188,0.01765571358509073,199,36,0.15079093512394232,0,0
rolling2,calibrated,M_20261001,onset,2069,57,0.009547358917812632,0.007678928735975337,0.001868430181837295,0.02171053187435078,0.8070175438596491,0.009443339960238568,46,19,0.1702201630592858,0,0
rolling2,calibrated,M_20261001,all_time,2251,212,0.020272471812503877,0.01609405295535039,0.004178418857153484,0.07788385050452494,0.9292452830188679,0.018146150073565473,197,37,0.1702201630592858,0,0
rolling2,calibrated,M_20261002,onset,2069,57,0.00954087034819801,0.008151119275816049,0.0013897510723819618,0.018684794233452526,0.8421052631578947,0.008946322067594433,48,18,0.13128995865752807,0,0
rolling2,calibrated,M_20261002,all_time,2251,212,0.02050033197880041,0.017491924609602947,0.0030084073691974615,0.06936055564112144,0.9386792452830188,0.01765571358509073,199,36,0.13128995865752807,0,0
rolling2,calibrated,M_20261003,onset,2069,57,0.009810773909166903,0.008030843762415276,0.0017799301467516264,0.020194312118489332,0.8421052631578947,0.009443339960238568,48,19,0.1540156510797621,0,0
rolling2,calibrated,M_20261003,all_time,2251,212,0.02013503763509807,0.015700144000814552,0.004434893634283521,0.07742846383785378,0.9386792452830188,0.018146150073565473,199,37,0.1540156510797621,0,0
rolling2,calibrated,S_20261001,onset,2069,57,0.009705564909536188,0.007850804532906102,0.0018547603766300871,0.021359622787973893,0.8421052631578947,0.009443339960238568,48,19,0.13036797772565867,0,0
rolling2,calibrated,S_20261001,all_time,2251,212,0.02035489191169874,0.016254936816530605,0.004099955095168137,0.07685184434343859,0.9386792452830188,0.018146150073565473,199,37,0.13036797772565867,0,0
rolling2,calibrated,S_20261002,onset,2069,57,0.009504658361376723,0.008205164198050329,0.001299494163326393,0.018415912317532177,0.8421052631578947,0.008946322067594433,48,18,0.13130419374007377,0,0
rolling2,calibrated,S_20261002,all_time,2251,212,0.02042365193709871,0.017526264050999524,0.0028973878860991875,0.06917545842956338,0.9386792452830188,0.01765571358509073,199,36,0.13130419374007377,0,0
rolling2,calibrated,S_20261003,onset,2069,57,0.009439750156354211,0.008145404082996797,0.0012943460733574115,0.01940755286168712,0.8245614035087719,0.008449304174950299,47,17,0.2001946692679049,0,0
rolling2,calibrated,S_20261003,all_time,2251,212,0.01799213008933575,0.014905832193737036,0.003086297895598715,0.0748976048977736,0.9386792452830188,0.01765571358509073,199,36,0.2001946692679049,0,0
rolling2,calibrated,E_20261001,onset,2069,57,0.010468262377229995,0.008666318083904098,0.0018019442933258972,0.019749257121120238,0.8421052631578947,0.010934393638170975,48,22,0.12057544654313115,0,0
rolling2,calibrated,E_20261001,all_time,2251,212,0.02443859920478101,0.020519593750428815,0.0039190054543522005,0.07074564630436515,0.9386792452830188,0.0196174595389897,199,40,0.12057544654313115,0,0
rolling2,calibrated,E_20261002,onset,2069,57,0.009782898648941317,0.008397579319640051,0.0013853193293012682,0.019061376624237878,0.8421052631578947,0.009443339960238568,48,19,0.13477913090865073,0,0
rolling2,calibrated,E_20261002,all_time,2251,212,0.021003293829451215,0.017990484641759473,0.00301280918769174,0.06901454960323955,0.9386792452830188,0.018146150073565473,199,37,0.13477913090865073,0,0
rolling2,calibrated,E_20261003,onset,2069,57,0.009275495312121419,0.008016077908009893,0.001259417404111526,0.019502822264043956,0.8245614035087719,0.008449304174950299,47,17,0.1646992952217874,0,0
rolling2,calibrated,E_20261003,all_time,2251,212,0.01885247213888593,0.015847036392099053,0.003005435746786876,0.07319475145855787,0.9339622641509434,0.01765571358509073,198,36,0.1646992952217874,0,0
rolling2,calibrated,F_20261001,onset,2069,57,0.009516845233221393,0.007850598792254911,0.0016662464409664824,0.019970729286392395,0.8070175438596491,0.008449304174950299,46,17,0.1508599213063445,0,0
rolling2,calibrated,F_20261001,all_time,2251,212,0.01997317866208876,0.016397307934796913,0.003575870727291846,0.07405729506466992,0.9292452830188679,0.01716527709661599,197,35,0.1508599213063445,0,0
rolling2,calibrated,F_20261002,onset,2069,57,0.009238725780734038,0.007630136416095825,0.0016085893646382143,0.02018864276618957,0.8421052631578947,0.009443339960238568,48,19,0.1583141890186951,0,0
rolling2,calibrated,F_20261002,all_time,2251,212,0.019250291876499813,0.015808810623420246,0.003441481253079567,0.07449264235675059,0.9386792452830188,0.018146150073565473,199,37,0.1583141890186951,0,0
rolling2,calibrated,F_20261003,onset,2069,57,0.00949964263107688,0.008177194724713682,0.0013224479063631983,0.019252233657955378,0.8245614035087719,0.008449304174950299,47,17,0.14733333075484226,0,0
rolling2,calibrated,F_20261003,all_time,2251,212,0.01962251379185063,0.015899803182535897,0.0037227106093147347,0.07469804650083066,0.9339622641509434,0.01765571358509073,198,36,0.14733333075484226,0,0
rolling2,calibrated,E_internal_20261001,onset,2069,57,0.00956457167711862,0.007899084695922995,0.0016654869811956255,0.019996176532951278,0.8070175438596491,0.008449304174950299,46,17,0.14475975914895334,0,0
rolling2,calibrated,E_internal_20261001,all_time,2251,212,0.020525722143298723,0.016813119315818807,0.003712602827479918,0.07368291854381029,0.9292452830188679,0.01716527709661599,197,35,0.14475975914895334,0,0
rolling2,calibrated,E_internal_20261002,onset,2069,57,0.010067043125312158,0.008416060866557044,0.0016509822587551135,0.01873769181796802,0.8070175438596491,0.008449304174950299,46,17,0.1294357505842914,0,0
rolling2,calibrated,E_internal_20261002,all_time,2251,212,0.021569174019075127,0.018062631889550713,0.0035065421295244104,0.07043062344369222,0.9245283018867925,0.01716527709661599,196,35,0.1294357505842914,0,0
rolling2,calibrated,E_internal_20261003,onset,2069,57,0.009911198184952284,0.008050802612909462,0.0018603955720428208,0.021450569065966853,0.8421052631578947,0.009443339960238568,48,19,0.13767467459638888,0,0
rolling2,calibrated,E_internal_20261003,all_time,2251,212,0.020667356647242688,0.016489939075359457,0.004177417571883227,0.07639644351649694,0.9386792452830188,0.018636586562040217,199,38,0.13767467459638888,0,0
main,raw,A_G,onset,2649,54,0.010040370158018192,0.003243881895298597,0.006796488262719595,0.028051819968785186,0.9814814814814815,0.05356454720616571,53,139,0.012397308441743112,0,0
main,raw,A_G,all_time,2827,205,0.014319485162545853,0.0035006682033046597,0.010818816959241195,0.08366551184652841,0.9951219512195122,0.06331045003813883,204,166,0.012397308441743112,0,0
main,raw,R_union,onset,2649,54,0.009564079387032772,0.0037739703555099945,0.00579010903152278,0.02572031928527763,1.0,0.06165703275529865,54,160,0.006174247615661918,0,0
main,raw,R_union,all_time,2827,205,0.012384250034929937,0.003885345198995584,0.008498904835934351,0.08044453697869904,1.0,0.07093821510297482,205,186,0.006174247615661918,0,0
main,raw,A_mono,onset,2649,54,0.009322597543687418,0.0036667793206273526,0.005655818223060063,0.027995934587292926,0.9814814814814815,0.05356454720616571,53,139,0.03023442208958704,0,0
main,raw,A_mono,all_time,2827,205,0.013160957801911746,0.004222642290259707,0.008938315511652035,0.08140405147445365,0.9951219512195122,0.06331045003813883,204,166,0.03023442208958704,0,0
main,raw,B_20261001,onset,2649,54,0.009687424986932135,0.003447964771185626,0.0062394602157465106,0.026663392491001026,0.9814814814814815,0.05240847784200385,53,136,0.00809530600057246,2432,0
main,raw,B_20261001,all_time,2827,205,0.013570577589739655,0.004271210266033331,0.009299367323706325,0.07921762329624393,0.9951219512195122,0.06064073226544622,204,159,0.00809530600057246,2436,0
main,raw,B_20261002,onset,2649,54,0.00962502041831405,0.003155253281933133,0.006469767136380918,0.029025410468496875,1.0,0.05857418111753372,54,152,0.040495893212239384,2290,0
main,raw,B_20261002,all_time,2827,205,0.013303277551058975,0.004280777138785485,0.009022500412273489,0.07946351927228487,1.0,0.06598016781083142,205,173,0.040495893212239384,2295,0
main,raw,B_20261003,onset,2649,54,0.010031722643560793,0.0030608293372348183,0.006970893306325975,0.029768126526313218,1.0,0.05857418111753372,54,152,0.037760752787940374,2334,0
main,raw,B_20261003,all_time,2827,205,0.01368165095679147,0.004142496398057186,0.009539154558734286,0.08052783206313399,1.0,0.06598016781083142,205,173,0.037760752787940374,2339,0
main,raw,K_20261001,onset,2649,54,0.009853777044143738,0.0035113899454860395,0.006342387098657698,0.02652231001966229,0.9814814814814815,0.05433526011560694,53,141,0.0023547156519951435,2446,0
main,raw,K_20261001,all_time,2827,205,0.013697857276034226,0.004484477641888882,0.009213379634145343,0.07833136584160681,0.9951219512195122,0.06254767353165523,204,164,0.0023547156519951435,2450,0
main,raw,K_20261002,onset,2649,54,0.009470271695369044,0.0035166292837634032,0.0059536424116056405,0.025633445960048948,1.0,0.05356454720616571,54,139,0.00491524753624011,2366,0
main,raw,K_20261002,all_time,2827,205,0.013294140916181271,0.00419236979738785,0.009101771118793418,0.07751515763674138,1.0,0.06254767353165523,205,164,0.00491524753624011,2368,0
main,raw,K_20261003,onset,2649,54,0.009327363097600074,0.0035109889032422913,0.0058163741943577825,0.02572004232710358,0.9814814814814815,0.05279383429672447,53,137,0.013558706125462568,2197,0
main,raw,K_20261003,all_time,2827,205,0.01316231209118977,0.004452281204343203,0.008710030886846565,0.07630977311135666,0.9951219512195122,0.06140350877192982,204,161,0.013558706125462568,2199,0
main,raw,C_20261001,onset,2649,54,0.0098099937921537,0.0033408125316789937,0.006469181260474708,0.027083470029031654,1.0,0.05279383429672447,54,137,0.004981375786938564,2345,0
main,raw,C_20261001,all_time,2827,205,0.013814057100975989,0.0037789092954569883,0.010035147805519,0.08155428666964042,1.0,0.062166285278413426,205,163,0.004981375786938564,2346,0
main,raw,C_20261002,onset,2649,54,0.009578372733336364,0.0032040363203597586,0.006374336412976604,0.027929914318293173,1.0,0.055876685934489405,54,145,0.025814832212272626,2396,0
main,raw,C_20261002,all_time,2827,205,0.012999177731818249,0.004464245349307242,0.008534932382511008,0.07769546090243641,1.0,0.06292906178489703,205,165,0.025814832212272626,2402,0
main,raw,C_20261003,onset,2649,54,0.00982083138667984,0.003141172596263541,0.006679658790416299,0.02916409104495311,1.0,0.0628131021194605,54,163,0.030451440155218248,2286,0
main,raw,C_20261003,all_time,2827,205,0.013458230340878508,0.004134126777996713,0.009324103562881794,0.07999143576920179,1.0,0.07055682684973302,205,185,0.030451440155218248,2290,0
main,raw,D_20261001,onset,2649,54,0.009436679195473734,0.0034942226194064965,0.005942456576067238,0.026022146228068494,1.0,0.05857418111753372,54,152,0.0034032274994483646,2273,0
main,raw,D_20261001,all_time,2827,205,0.013297476836580033,0.004340021339000279,0.008957455497579753,0.07820581544541551,1.0,0.06674294431731502,205,175,0.0034032274994483646,2276,0
main,raw,D_20261002,onset,2649,54,0.009279120169820125,0.0034975067052726598,0.005781613464547466,0.026037756163895056,1.0,0.06011560693641618,54,156,0.01596978218398255,2307,0
main,raw,D_20261002,all_time,2827,205,0.01316444591233536,0.0046061803902826435,0.008558265522052716,0.07583088510415469,1.0,0.06864988558352403,205,180,0.01596978218398255,2310,0
main,raw,D_20261003,onset,2649,54,0.00981186763730425,0.003048233554141181,0.006763634083163068,0.029516431375847772,1.0,0.06666666666666667,54,173,0.030157882765936686,2305,0
main,raw,D_20261003,all_time,2827,205,0.013483900656904973,0.004097205568111011,0.00938669508879396,0.08014657660815115,1.0,0.07437070938215103,205,195,0.030157882765936686,2309,0
main,raw,M_20261001,onset,2649,54,0.00949325225292246,0.003569382545154038,0.005923869707768423,0.025374108757895367,1.0,0.04238921001926782,54,110,0.0,2485,2485
main,raw,M_20261001,all_time,2827,205,0.013461876157887045,0.004165922223361629,0.009295953934525415,0.0776578727354335,1.0,0.05148741418764302,205,135,0.0,2487,2487
main,raw,M_20261002,onset,2649,54,0.00930701023996629,0.0034939679638627402,0.005813042276103547,0.026048730588373196,1.0,0.057803468208092484,54,150,0.01670026858994808,2314,0
main,raw,M_20261002,all_time,2827,205,0.013187425854155626,0.004621929551012991,0.008565496303142637,0.07581530817972382,1.0,0.06636155606407322,205,174,0.01670026858994808,2317,0
main,raw,M_20261003,onset,2649,54,0.009721620827722748,0.003166861013269445,0.006554759814453303,0.02903654444697908,1.0,0.0605009633911368,54,157,0.0323320687850273,2145,0
main,raw,M_20261003,all_time,2827,205,0.013541798548401962,0.004021822355699853,0.009519976192702109,0.08035549041199537,1.0,0.06903127383676583,205,181,0.0323320687850273,2148,0
main,raw,S_20261001,onset,2649,54,0.009554403020479616,0.0035226095598639073,0.006031793460615708,0.025657001847929187,1.0,0.04393063583815029,54,114,0.0,2481,2481
main,raw,S_20261001,all_time,2827,205,0.013534574370054758,0.004058264452438042,0.009476309917616716,0.07835918267372419,1.0,0.053012967200610224,205,139,0.0,2483,2483
main,raw,S_20261002,onset,2649,54,0.009340406286692141,0.0034699868980407325,0.005870419388651409,0.02620274026760559,1.0,0.057803468208092484,54,150,0.016371031339384733,2289,0
main,raw,S_20261002,all_time,2827,205,0.013196153234457495,0.00448104712499428,0.008715106109463218,0.07649578745619245,1.0,0.06636155606407322,205,174,0.016371031339384733,2292,0
main,raw,S_20261003,onset,2649,54,0.009931278436234545,0.0030264547192006405,0.006904823717033906,0.029587359293338406,1.0,0.06820809248554913,54,177,0.028534570754575564,2272,0
main,raw,S_20261003,all_time,2827,205,0.013532529676582654,0.0037925097166054316,0.009740019959977222,0.0815100808418906,1.0,0.07627765064836003,205,200,0.028534570754575564,2274,0
main,raw,E_20261001,onset,2649,54,0.009733537031690352,0.003349661965859461,0.006383875065830892,0.027780823636682914,1.0,0.06396917148362236,54,166,0.014428724611049826,2386,0
main,raw,E_20261001,all_time,2827,205,0.013568229673034513,0.004908468906963979,0.00865976076607054,0.07719843206966648,1.0,0.07055682684973302,205,185,0.014428724611049826,2393,0
main,raw,E_20261002,onset,2649,54,0.009279335190660818,0.0035474972071358984,0.005731837983524922,0.025839076818651194,0.9814814814814815,0.056647398843930635,53,147,0.01614907129301922,2297,0
main,raw,E_20261002,all_time,2827,205,0.013177269455094873,0.004668258692057996,0.008509010763036878,0.07559597672026332,0.9951219512195122,0.06521739130434782,204,171,0.01614907129301922,2300,0
main,raw,E_20261003,onset,2649,54,0.010034548995131816,0.00306130996323314,0.006973239031898677,0.029927278639225452,1.0,0.06859344894026975,54,178,0.031393953908959896,2303,0
main,raw,E_20261003,all_time,2827,205,0.013697585812142817,0.004085160300019385,0.009612425512123431,0.08075246372539036,1.0,0.07627765064836003,205,200,0.031393953908959896,2307,0
main,raw,F_20261001,onset,2649,54,0.009688795682126588,0.003352047572551405,0.006336748109575182,0.02707751482919359,1.0,0.055876685934489405,54,145,0.011331193841032622,2393,0
main,raw,F_20261001,all_time,2827,205,0.013575370427306176,0.0040777056531107105,0.009497664774195466,0.0800800126450755,1.0,0.06445461479786423,205,169,0.011331193841032622,2395,0
main,raw,F_20261002,onset,2649,54,0.009401093991556364,0.0032937960373750712,0.006107297954181292,0.027359427021414466,0.9814814814814815,0.05394990366088632,53,140,0.01992228845979027,2409,0
main,raw,F_20261002,all_time,2827,205,0.012901510563108096,0.00440345100655519,0.008498059556552905,0.07764764849160602,0.9951219512195122,0.06178489702517163,204,162,0.01992228845979027,2413,0
main,raw,F_20261003,onset,2649,54,0.009817052444281446,0.003098606831436061,0.006718445612845387,0.02886438101609884,1.0,0.057803468208092484,54,150,0.03099037915674889,2326,0
main,raw,F_20261003,all_time,2827,205,0.013450797332278337,0.004051171605708711,0.009399625726569626,0.08015473979307199,1.0,0.06559877955758962,205,172,0.03099037915674889,2330,0
main,raw,E_internal_20261001,onset,2649,54,0.009830075783605681,0.003348855321318787,0.006481220462286894,0.027481417999575666,1.0,0.07321772639691715,54,190,0.003941792141273148,1624,0
main,raw,E_internal_20261001,all_time,2827,205,0.013833425441757577,0.0038655104958635906,0.009967914945893986,0.08167065927234762,1.0,0.08237986270022883,205,216,0.003941792141273148,1625,0
main,raw,E_internal_20261002,onset,2649,54,0.009307590702765805,0.003512334667856267,0.005795256034909538,0.02592285136716714,0.9814814814814815,0.058959537572254334,53,153,0.01472187253606793,2324,0
main,raw,E_internal_20261002,all_time,2827,205,0.013195988846547452,0.004613041975979166,0.008582946870568285,0.07581409576085102,0.9951219512195122,0.06750572082379863,204,177,0.01472187253606793,2327,0
main,raw,E_internal_20261003,onset,2649,54,0.009998090746071763,0.0030853505670609413,0.006912740179010823,0.02956316125558871,1.0,0.06782273603082851,54,176,0.027019706864635024,2326,0
main,raw,E_internal_20261003,all_time,2827,205,0.013727748112260733,0.004144746307969735,0.009583001804290999,0.0803648097963933,1.0,0.07513348588863462,205,197,0.027019706864635024,2330,0
main,calibrated,A_G,onset,2649,54,0.008507291733718848,0.004757950202585072,0.003749341531133776,0.022479049452658665,0.9814814814814815,0.05356454720616571,53,139,0.013763090486710674,0,0
main,calibrated,A_G,all_time,2827,205,0.01214408349472772,0.005652739061198642,0.006491344433529078,0.07480472181672093,0.9951219512195122,0.06331045003813883,204,166,0.013763090486710674,0,0
main,calibrated,R_union,onset,2649,54,0.008488368646793103,0.004917396454972245,0.003570972191820861,0.02239476235357344,1.0,0.06165703275529865,54,160,0.012159423711514569,0,0
main,calibrated,R_union,all_time,2827,205,0.011048624846892398,0.005584836161823748,0.00546378868506865,0.0738978163090565,1.0,0.07093821510297482,205,186,0.012159423711514569,0,0
main,calibrated,A_mono,onset,2649,54,0.008435788309371587,0.005018560508723722,0.0034172278006478645,0.02169104727073145,0.9814814814814815,0.05356454720616571,53,139,0.013610591888522929,0,0
main,calibrated,A_mono,all_time,2827,205,0.012042470706715833,0.006049140061412635,0.005993330645303196,0.07342827333269324,0.9951219512195122,0.06331045003813883,204,166,0.013610591888522929,0,0
main,calibrated,B_20261001,onset,2649,54,0.008787692016122253,0.004481009741508454,0.004306682274613797,0.02282085085339329,0.9814814814814815,0.05240847784200385,53,136,0.006319187058564656,0,0
main,calibrated,B_20261001,all_time,2827,205,0.012823643685037805,0.006121772551327176,0.00670187113371063,0.0727604031863812,0.9951219512195122,0.06064073226544622,204,159,0.006319187058564656,0,0
main,calibrated,B_20261002,onset,2649,54,0.008660764984047109,0.004356375460945,0.004304389523102108,0.023722849857522505,1.0,0.05857418111753372,54,152,0.02450093676470424,0,0
main,calibrated,B_20261002,all_time,2827,205,0.012774335886195153,0.006655027030136249,0.006119308856058904,0.07069936046641123,1.0,0.06598016781083142,205,173,0.02450093676470424,0,0
main,calibrated,B_20261003,onset,2649,54,0.008818820469051185,0.0043392897588676645,0.004479530710183521,0.024034745829791412,1.0,0.05857418111753372,54,152,0.022757178607363863,0,0
main,calibrated,B_20261003,all_time,2827,205,0.012957467613759602,0.0066747612382019456,0.006282706375557659,0.07119137187433038,1.0,0.06598016781083142,205,173,0.022757178607363863,0,0
main,calibrated,K_20261001,onset,2649,54,0.009056128078355694,0.004487607702544727,0.004568520375810967,0.022944858712449688,0.9814814814814815,0.05433526011560694,53,141,0.0018519990263688429,0,0
main,calibrated,K_20261001,all_time,2827,205,0.013150433191404345,0.006309922831835231,0.0068405103595691125,0.07220663608264812,0.9951219512195122,0.06254767353165523,204,164,0.0018519990263688429,0,0
main,calibrated,K_20261002,onset,2649,54,0.00852516391349835,0.00474920031510932,0.0037759635983890287,0.021186208645094066,1.0,0.05356454720616571,54,139,0.0045638737620804825,0,0
main,calibrated,K_20261002,all_time,2827,205,0.01256868598201326,0.006602110585212836,0.0059665753968004215,0.06840208479801312,1.0,0.06254767353165523,205,164,0.0045638737620804825,0,0
main,calibrated,K_20261003,onset,2649,54,0.008494813627464088,0.004662257080138432,0.003832556547325656,0.021526351294664143,0.9814814814814815,0.05279383429672447,53,137,0.010620490343070938,0,0
main,calibrated,K_20261003,all_time,2827,205,0.012793289431725204,0.006915073925116706,0.0058782155066084965,0.06764184305299908,0.9951219512195122,0.06140350877192982,204,161,0.010620490343070938,0,0
main,calibrated,C_20261001,onset,2649,54,0.008608871728727074,0.004534240846990709,0.004074630881736365,0.022625844035791917,1.0,0.05279383429672447,54,137,0.00536761867028079,0,0
main,calibrated,C_20261001,all_time,2827,205,0.012397351987368946,0.00566898274865653,0.0067283692387124176,0.07433601842598642,1.0,0.062166285278413426,205,163,0.00536761867028079,0,0
main,calibrated,C_20261002,onset,2649,54,0.008739067630265645,0.004258253136826384,0.004480814493439261,0.023506988509192007,1.0,0.055876685934489405,54,145,0.01468440957053067,0,0
main,calibrated,C_20261002,all_time,2827,205,0.012649341389242445,0.006583246925662555,0.00606609446357989,0.07046727277482666,1.0,0.06292906178489703,205,165,0.01468440957053067,0,0
main,calibrated,C_20261003,onset,2649,54,0.008734818698951948,0.004351055692322718,0.004383763006629231,0.02388247839374785,1.0,0.0628131021194605,54,163,0.01983912248217763,0,0
main,calibrated,C_20261003,all_time,2827,205,0.012817825894008596,0.006564523831894041,0.006253302062114555,0.07094727433762091,1.0,0.07055682684973302,205,185,0.01983912248217763,0,0
main,calibrated,D_20261001,onset,2649,54,0.008638328339204675,0.0044768959430648856,0.00416143239613979,0.022465912617133037,1.0,0.05857418111753372,54,152,0.0029354715221395944,0,0
main,calibrated,D_20261001,all_time,2827,205,0.012675755136717988,0.006155077799545081,0.006520677337172906,0.07191102946585555,1.0,0.06674294431731502,205,175,0.0029354715221395944,0,0
main,calibrated,D_20261002,onset,2649,54,0.00850698351255052,0.004690621607059413,0.0038163619054911078,0.02157145581082501,1.0,0.06011560693641618,54,156,0.010568475127273533,0,0
main,calibrated,D_20261002,all_time,2827,205,0.012946538238464058,0.0071577088301130855,0.005788829408350972,0.06703694257889094,1.0,0.06864988558352403,205,180,0.010568475127273533,0,0
main,calibrated,D_20261003,onset,2649,54,0.008700504566459483,0.004227616731506044,0.004472887834953439,0.024216252640900673,1.0,0.06666666666666667,54,173,0.01914290614949197,0,0
main,calibrated,D_20261003,all_time,2827,205,0.012843579705641163,0.006501967298557404,0.0063416124070837555,0.07116777677739197,1.0,0.07437070938215103,205,195,0.01914290614949197,0,0
main,calibrated,M_20261001,onset,2649,54,0.0085180633751903,0.004874262982322703,0.0036438003928675983,0.020705629183670297,1.0,0.04238921001926782,54,110,2.6092785805986007e-06,0,2485
main,calibrated,M_20261001,all_time,2827,205,0.012678276746919143,0.006700693989007336,0.005977582757911808,0.0679013398774892,1.0,0.05148741418764302,205,135,2.6092785805986007e-06,0,2487
main,calibrated,M_20261002,onset,2649,54,0.00852054872781764,0.004677701711077181,0.00384284701674046,0.021634238952657932,1.0,0.057803468208092484,54,150,0.011389948755691966,0,0
main,calibrated,M_20261002,all_time,2827,205,0.012996690210951779,0.00720681189796479,0.00578987831298699,0.06699319473717325,1.0,0.06636155606407322,205,174,0.011389948755691966,0,0
main,calibrated,M_20261003,onset,2649,54,0.00856540791190089,0.00443361729386667,0.00413179061803422,0.02354533195526965,1.0,0.0605009633911368,54,157,0.021597258080741758,0,0
main,calibrated,M_20261003,all_time,2827,205,0.012748104458007727,0.006532099126283681,0.006216005331724049,0.07063843885181965,1.0,0.06903127383676583,205,181,0.021597258080741758,0,0
main,calibrated,S_20261001,onset,2649,54,0.00851550014836869,0.004850173164880829,0.0036653269834878606,0.020856041909012336,1.0,0.04393063583815029,54,114,2.8782784353635976e-06,0,2481
main,calibrated,S_20261001,all_time,2827,205,0.012591063644431114,0.006553335834711229,0.006037727809719885,0.06850160486741519,1.0,0.053012967200610224,205,139,2.8782784353635976e-06,0,2483
main,calibrated,S_20261002,onset,2649,54,0.008517069192613169,0.004683545218504259,0.003833523974108911,0.021672645587329186,1.0,0.057803468208092484,54,150,0.011337513717381037,0,0
main,calibrated,S_20261002,all_time,2827,205,0.01286878703525331,0.007031307747590321,0.005837479287662993,0.06754778769180815,1.0,0.06636155606407322,205,174,0.011337513717381037,0,0
main,calibrated,S_20261003,onset,2649,54,0.008660940756484126,0.004278956667963685,0.004381984088520443,0.02422848839687178,1.0,0.06820809248554913,54,177,0.020767194157408516,0,0
main,calibrated,S_20261003,all_time,2827,205,0.012556478703958426,0.006217154351777799,0.00633932435218063,0.07219021012416227,1.0,0.07627765064836003,205,200,0.020767194157408516,0,0
main,calibrated,E_20261001,onset,2649,54,0.009020108252876498,0.004266501845580857,0.0047536064072956396,0.023939983146650034,1.0,0.06396917148362236,54,166,0.00846708470134374,0,0
main,calibrated,E_20261001,all_time,2827,205,0.013344979998150501,0.006779196090950907,0.006565783907199594,0.07101632817423943,1.0,0.07055682684973302,205,185,0.00846708470134374,0,0
main,calibrated,E_20261002,onset,2649,54,0.008522180921500127,0.004713926201222347,0.0038082547202777785,0.02148222452316966,0.9814814814814815,0.056647398843930635,53,147,0.010719820039020018,0,0
main,calibrated,E_20261002,all_time,2827,205,0.012972254298591437,0.0071771148933766704,0.0057951394052147675,0.066984584937963,0.9951219512195122,0.06521739130434782,204,171,0.010719820039020018,0,0
main,calibrated,E_20261003,onset,2649,54,0.008857605393923175,0.004273669035898082,0.0045839363580250925,0.024305157788713835,1.0,0.06859344894026975,54,178,0.01848859718480093,0,0
main,calibrated,E_20261003,all_time,2827,205,0.012928873085851311,0.006451588293505444,0.006477284792345869,0.07168519498149477,1.0,0.07627765064836003,205,200,0.01848859718480093,0,0
main,calibrated,F_20261001,onset,2649,54,0.008727932910323205,0.004416423292586043,0.0043115096177371625,0.02311675729136978,1.0,0.055876685934489405,54,145,0.009551782908773168,0,0
main,calibrated,F_20261001,all_time,2827,205,0.012706074387930262,0.005958021266227469,0.006748053121702793,0.07341810023102864,1.0,0.06445461479786423,205,169,0.009551782908773168,0,0
main,calibrated,F_20261002,onset,2649,54,0.008618521154010801,0.004324803080764469,0.004293718073246333,0.02307098802154965,0.9814814814814815,0.05394990366088632,53,140,0.010943048376255052,0,0
main,calibrated,F_20261002,all_time,2827,205,0.012464589795731527,0.00634059263858841,0.006123997157143116,0.0708093237800743,0.9951219512195122,0.06178489702517163,204,162,0.010943048376255052,0,0
main,calibrated,F_20261003,onset,2649,54,0.008699869141675686,0.004271837074705607,0.00442803206697008,0.02396268372640035,1.0,0.057803468208092484,54,150,0.022040667138580532,0,0
main,calibrated,F_20261003,all_time,2827,205,0.012781257096839022,0.006450493221995699,0.006330763874843323,0.07155592391113079,1.0,0.06559877955758962,205,172,0.022040667138580532,0,0
main,calibrated,E_internal_20261001,onset,2649,54,0.008582868020970379,0.004556643119525744,0.004026224901444635,0.02333999658685604,1.0,0.07321772639691715,54,190,0.005379289702302485,0,0
main,calibrated,E_internal_20261001,all_time,2827,205,0.012477330281132702,0.005930339941610838,0.006546990339521865,0.07440207470297926,1.0,0.08237986270022883,205,216,0.005379289702302485,0,0
main,calibrated,E_internal_20261002,onset,2649,54,0.00852203176309063,0.0046945975089074405,0.003827434254183188,0.021544922293803444,0.9814814814814815,0.058959537572254334,53,153,0.01019745475838524,0,0
main,calibrated,E_internal_20261002,all_time,2827,205,0.012981594314832798,0.0071785572275676075,0.005803037087265193,0.06702322976996965,0.9951219512195122,0.06750572082379863,204,177,0.01019745475838524,0,0
main,calibrated,E_internal_20261003,onset,2649,54,0.008846584778920348,0.004300983452214274,0.004545601326706074,0.024050176108147612,1.0,0.06782273603082851,54,176,0.01577880988385608,0,0
main,calibrated,E_internal_20261003,all_time,2827,205,0.013000240013385402,0.006519835011135265,0.0064804050022501366,0.07144135362865271,1.0,0.07513348588863462,205,197,0.01577880988385608,0,0
