abstained,all_slots_answerable,answerable_slots,case_error,case_id,checkpoint,claim_count,claim_errors,collateral_withdrawn,corrected,corrected_by_5s,correction_required,database_update_seconds,dataset,end_to_end_seconds,episode_id,failed,family,generation_seconds,initial_parse_failure,initial_truncation,initially_incorrect,input_tokens,knowledge_time,method,output_tokens,paragraph_discrepancy,partial,reference_count,repair_calls,required_slots,residual_incorrect,retrieval_seconds,split,subject,supplied_slots,timeout_calls,unaffected,useful_complete,useful_eligible,valid_reference_count,variant
0,1,2,1,ppg_dalia-S1-e0-channel_fault-c0-B0,0,3,2,0,0,0,0,0.009198182029649615,ppg_dalia,46.48446791409515,ppg_dalia-S1-e0,0,current_evidence,8.373704008990899,0,0,0,1378,2301.0,B0,587,0,0,4,0,2,0,0.0014954989310353994,test,S1,1,0,0,0,1,1,channel_fault
0,1,2,0,ppg_dalia-S1-e0-channel_fault-c0-B1,0,1,0,0,0,0,0,0.011006685206666589,ppg_dalia,60.67276395112276,ppg_dalia-S1-e0,0,current_evidence,16.46611018315889,0,0,0,3373,2301.0,B1,1174,0,1,1,1,2,0,0.001504739047959447,test,S1,1,0,0,0,1,1,channel_fault
0,1,2,0,ppg_dalia-S1-e0-channel_fault-c0-B2,0,1,0,0,0,0,0,0.05263947485946119,ppg_dalia,62.062615133821964,ppg_dalia-S1-e0,0,current_evidence,16.514509544940665,0,0,0,3373,2301.0,B2,1174,0,1,1,1,2,0,0.005529226968064904,test,S1,1,0,0,0,1,1,channel_fault
0,1,2,0,ppg_dalia-S1-e0-channel_fault-c0-B3,0,1,0,0,0,0,0,0.011092612985521555,ppg_dalia,62.85793524002656,ppg_dalia-S1-e0,0,current_evidence,16.51761935185641,0,0,0,3373,2301.0,B3,1174,0,1,1,1,2,0,0.0014939999673515558,test,S1,1,0,0,0,1,1,channel_fault
0,1,2,0,ppg_dalia-S1-e0-channel_fault-c0-M1,0,1,0,0,0,0,0,0.06012319214642048,ppg_dalia,62.18781088688411,ppg_dalia-S1-e0,0,current_evidence,16.68960053892806,0,0,0,3371,2301.0,M1,1170,0,1,1,1,2,0,0.00795649690553546,test,S1,1,0,0,0,1,1,channel_fault
0,1,2,1,ppg_dalia-S1-e0-channel_fault-c1-B0,1,3,2,0,0,0,1,0.007711312035098672,ppg_dalia,45.84546920587309,ppg_dalia-S1-e0,0,current_evidence,8.559826387092471,0,0,2,1453,2331.0,B0,609,0,0,4,0,2,1,0.004056127043440938,test,S1,1,0,0,0,1,1,channel_fault
0,1,2,0,ppg_dalia-S1-e0-channel_fault-c1-B1,1,1,0,0,1,1,1,0.0220435899682343,ppg_dalia,59.72779845097102,ppg_dalia-S1-e0,0,current_evidence,17.08607315015979,0,0,0,3549,2331.0,B1,1218,0,1,1,1,2,0,0.0016299569979310036,test,S1,1,0,0,0,1,1,channel_fault
0,1,2,0,ppg_dalia-S1-e0-channel_fault-c1-B2,1,1,0,0,1,1,1,0.07443916006013751,ppg_dalia,62.31894345791079,ppg_dalia-S1-e0,0,current_evidence,17.4507654318586,0,0,0,3549,2331.0,B2,1218,0,1,1,1,2,0,0.005651674000546336,test,S1,1,0,0,0,1,1,channel_fault
0,1,2,0,ppg_dalia-S1-e0-channel_fault-c1-B3,1,1,0,0,1,1,1,0.01805449090898037,ppg_dalia,62.81979167810641,ppg_dalia-S1-e0,0,current_evidence,17.161586379166692,0,0,0,3549,2331.0,B3,1218,0,1,1,1,2,0,0.0016201070975512266,test,S1,1,0,0,0,1,1,channel_fault
0,1,2,0,ppg_dalia-S1-e0-channel_fault-c1-M1,1,1,0,0,1,1,1,0.07006024895235896,ppg_dalia,62.25141051807441,ppg_dalia-S1-e0,0,current_evidence,17.456605513114482,0,0,0,3549,2331.0,M1,1218,0,1,1,1,2,0,0.00554250692948699,test,S1,1,0,0,0,1,1,channel_fault
0,1,2,1,ppg_dalia-S1-e0-channel_fault-c2-B0,2,3,2,0,0,0,1,0.004656455013900995,ppg_dalia,29.51397220301442,ppg_dalia-S1-e0,0,current_evidence,8.45366801484488,0,0,4,1462,2391.0,B0,601,0,0,4,0,2,1,0.0017434440087527037,test,S1,1,0,1,0,1,1,channel_fault
0,1,2,0,ppg_dalia-S1-e0-channel_fault-c2-B1,2,1,0,0,1,1,1,0.019016042118892074,ppg_dalia,41.48592110793106,ppg_dalia-S1-e0,0,current_evidence,16.881389460992068,0,0,0,3555,2391.0,B1,1202,0,1,1,1,2,0,0.001743284985423088,test,S1,1,0,1,0,1,1,channel_fault
0,1,2,0,ppg_dalia-S1-e0-channel_fault-c2-B2,2,1,0,0,1,1,1,0.16379265510477126,ppg_dalia,42.640785820782185,ppg_dalia-S1-e0,0,current_evidence,16.845379498088732,0,0,0,3555,2391.0,B2,1202,0,1,1,1,2,0,0.011015034979209304,test,S1,1,0,1,0,1,1,channel_fault
0,1,2,0,ppg_dalia-S1-e0-channel_fault-c2-B3,2,1,0,0,1,1,1,0.026398001005873084,ppg_dalia,45.76036914414726,ppg_dalia-S1-e0,0,current_evidence,16.59109634021297,0,0,0,3555,2391.0,B3,1202,0,1,1,1,2,0,0.0017314150463789701,test,S1,1,0,1,0,1,1,channel_fault
0,1,2,0,ppg_dalia-S1-e0-channel_fault-c2-M1,2,1,0,0,1,1,1,0.13995950086973608,ppg_dalia,44.3856009140145,ppg_dalia-S1-e0,0,current_evidence,16.73696337104775,0,0,0,3555,2391.0,M1,1202,0,1,1,1,2,0,0.009923137025907636,test,S1,1,0,1,0,1,1,channel_fault
0,1,2,1,ppg_dalia-S1-e0-clean-c0-B0,0,3,2,0,0,0,0,0.010181584861129522,ppg_dalia,9.16249054693617,ppg_dalia-S1-e0,0,current_evidence,9.146683174185455,0,0,0,1378,2301.0,B0,601,0,0,4,0,2,0,0.0014874499756842852,test,S1,1,0,0,0,1,1,clean
0,1,2,0,ppg_dalia-S1-e0-clean-c0-B1,0,1,0,0,0,0,0,0.011476128827780485,ppg_dalia,17.426253698999062,ppg_dalia-S1-e0,0,current_evidence,17.407963456818834,0,0,0,3373,2301.0,B1,1174,0,1,1,1,2,0,0.0015157698653638363,test,S1,1,0,0,0,1,1,clean
0,1,2,0,ppg_dalia-S1-e0-clean-c0-B2,0,1,0,0,0,0,0,0.05480474606156349,ppg_dalia,17.399478538893163,ppg_dalia-S1-e0,0,current_evidence,17.33375583216548,0,0,0,3373,2301.0,B2,1174,0,1,1,1,2,0,0.005359511822462082,test,S1,1,0,0,0,1,1,clean
0,1,2,0,ppg_dalia-S1-e0-clean-c0-B3,0,1,0,0,0,0,0,0.01137210102751851,ppg_dalia,25.79619240295142,ppg_dalia-S1-e0,0,current_evidence,16.780842050909996,0,0,0,3373,2301.0,B3,1174,0,1,1,1,2,0,0.0014969399198889732,test,S1,1,0,0,0,1,1,clean
0,1,2,0,ppg_dalia-S1-e0-clean-c0-M1,0,1,0,0,0,0,0,0.05821400694549084,ppg_dalia,17.318540408974513,ppg_dalia-S1-e0,0,current_evidence,17.247334864223376,0,0,0,3373,2301.0,M1,1174,0,1,1,1,2,0,0.005720064975321293,test,S1,1,0,0,0,1,1,clean
0,1,2,1,ppg_dalia-S1-e0-clean-c1-B0,1,3,2,0,0,0,0,0.006058958126232028,ppg_dalia,31.729494301136583,ppg_dalia-S1-e0,0,current_evidence,7.87958994996734,0,0,2,1398,2331.0,B0,565,0,0,4,0,2,0,0.003973369020968676,test,S1,1,0,1,0,1,1,clean
0,1,2,0,ppg_dalia-S1-e0-clean-c1-B1,1,1,0,0,0,0,0,0.014990567928180099,ppg_dalia,40.42397106392309,ppg_dalia-S1-e0,0,current_evidence,15.794849379686639,0,0,0,3404,2331.0,B1,1130,0,1,1,1,2,0,0.002701055957004428,test,S1,1,0,1,0,1,1,clean
0,1,2,0,ppg_dalia-S1-e0-clean-c1-B2,1,1,0,0,0,0,0,0.04143406497314572,ppg_dalia,43.35061527299695,ppg_dalia-S1-e0,0,current_evidence,15.863805562956259,0,0,0,3404,2331.0,B2,1130,0,1,1,1,2,0,0.009098886977881193,test,S1,1,0,1,0,1,1,clean
0,1,2,0,ppg_dalia-S1-e0-clean-c1-B3,1,1,0,0,0,0,0,0.007365331053733826,ppg_dalia,47.52252615103498,ppg_dalia-S1-e0,0,current_evidence,15.91477306582965,0,0,0,3404,2331.0,B3,1130,0,1,1,1,2,0,0.001579859061166644,test,S1,1,0,1,0,1,1,clean
0,1,2,0,ppg_dalia-S1-e0-clean-c1-M1,1,1,0,0,0,0,0,0.04022936895489693,ppg_dalia,44.29237763304263,ppg_dalia-S1-e0,0,current_evidence,16.142095380928367,0,0,0,3404,2331.0,M1,1130,0,1,1,1,2,0,0.005576127907261252,test,S1,1,0,1,0,1,1,clean
0,1,2,1,ppg_dalia-S1-e0-clean-c2-B0,2,3,2,0,0,0,0,0.006163226906210184,ppg_dalia,43.19648290309124,ppg_dalia-S1-e0,0,current_evidence,7.997481657890603,0,0,4,1398,2391.0,B0,565,0,0,4,0,2,0,0.004097657976672053,test,S1,1,0,2,0,1,1,clean
0,1,2,0,ppg_dalia-S1-e0-clean-c2-B1,2,1,0,0,0,0,0,0.01190125197172165,ppg_dalia,54.71639166912064,ppg_dalia-S1-e0,0,current_evidence,15.826411040034145,0,0,0,3404,2391.0,B1,1130,0,1,1,1,2,0,0.0028508431278169155,test,S1,1,0,2,0,1,1,clean
0,1,2,0,ppg_dalia-S1-e0-clean-c2-B2,2,1,0,0,0,0,0,0.04148886213079095,ppg_dalia,57.36651102080941,ppg_dalia-S1-e0,0,current_evidence,15.867064320016652,0,0,0,3404,2391.0,B2,1130,0,1,1,1,2,0,0.008382393047213554,test,S1,1,0,2,0,1,1,clean
0,1,2,0,ppg_dalia-S1-e0-clean-c2-B3,2,1,0,0,0,0,0,0.007551849819719791,ppg_dalia,58.99502254789695,ppg_dalia-S1-e0,0,current_evidence,15.906871584942564,0,0,0,3404,2391.0,B3,1130,0,1,1,1,2,0,0.001608218066394329,test,S1,1,0,2,0,1,1,clean
0,1,2,0,ppg_dalia-S1-e0-clean-c2-M1,2,1,0,0,0,0,0,0.030881324084475636,ppg_dalia,59.038149507017806,ppg_dalia-S1-e0,0,current_evidence,16.420050806133077,0,0,0,3404,2391.0,M1,1130,0,1,1,1,2,0,0.005541970022022724,test,S1,1,0,2,0,1,1,clean
0,1,2,1,ppg_dalia-S1-e0-correction-c0-B0,0,3,2,0,0,0,0,0.01705893501639366,ppg_dalia,28.82101251115091,ppg_dalia-S1-e0,0,current_evidence,8.357485261978582,0,0,0,1378,2301.0,B0,587,0,0,4,0,2,0,0.0015406790189445019,test,S1,1,0,0,0,1,1,correction
0,1,2,0,ppg_dalia-S1-e0-correction-c0-B1,0,1,0,0,0,0,0,0.010973768075928092,ppg_dalia,37.1395304701291,ppg_dalia-S1-e0,0,current_evidence,16.689928129082546,0,0,0,3373,2301.0,B1,1174,0,1,1,1,2,0,0.001481079962104559,test,S1,1,0,0,0,1,1,correction
0,1,2,0,ppg_dalia-S1-e0-correction-c0-B2,0,1,0,0,0,0,0,0.07401502202264965,ppg_dalia,42.48229783307761,ppg_dalia-S1-e0,0,current_evidence,16.624407664872706,0,0,0,3371,2301.0,B2,1170,0,1,1,1,2,0,0.0054500100668519735,test,S1,1,0,0,0,1,1,correction
0,1,2,0,ppg_dalia-S1-e0-correction-c0-B3,0,1,0,0,0,0,0,0.011008127825334668,ppg_dalia,45.34362874599174,ppg_dalia-S1-e0,0,current_evidence,16.68790670018643,0,0,0,3373,2301.0,B3,1174,0,1,1,1,2,0,0.001511049224063754,test,S1,1,0,0,0,1,1,correction
0,1,2,0,ppg_dalia-S1-e0-correction-c0-M1,0,1,0,0,0,0,0,0.05350225721485913,ppg_dalia,44.80221632309258,ppg_dalia-S1-e0,0,current_evidence,16.87432259717025,0,0,0,3371,2301.0,M1,1170,0,1,1,1,2,0,0.005487599177286029,test,S1,1,0,0,0,1,1,correction
0,1,2,1,ppg_dalia-S1-e0-correction-c1-B0,1,3,2,0,0,0,1,0.005973339080810547,ppg_dalia,44.06080635706894,ppg_dalia-S1-e0,0,current_evidence,7.946945420000702,0,0,2,1398,2331.0,B0,565,0,0,4,0,2,1,0.0040135791059583426,test,S1,1,0,0,0,1,1,correction
0,1,2,0,ppg_dalia-S1-e0-correction-c1-B1,1,1,0,0,1,1,1,0.016756311058998108,ppg_dalia,52.96920688915998,ppg_dalia-S1-e0,0,current_evidence,15.87048872304149,0,0,0,3404,2331.0,B1,1130,0,1,1,1,2,0,0.003972278907895088,test,S1,1,0,0,0,1,1,correction
0,1,2,0,ppg_dalia-S1-e0-correction-c1-B2,1,1,0,0,1,1,1,0.12811837694607675,ppg_dalia,55.075493901968,ppg_dalia-S1-e0,0,current_evidence,15.952953243860975,0,0,0,3404,2331.0,B2,1130,0,1,1,1,2,0,0.006382961058989167,test,S1,1,0,0,0,1,1,correction
0,1,2,0,ppg_dalia-S1-e0-correction-c1-B3,1,1,0,0,1,1,1,0.008549947058781981,ppg_dalia,60.19053748389706,ppg_dalia-S1-e0,0,current_evidence,16.325008005136624,0,0,0,3404,2331.0,B3,1130,0,1,1,1,2,0,0.0016444160137325525,test,S1,1,0,0,0,1,1,correction
0,1,2,0,ppg_dalia-S1-e0-correction-c1-M1,1,1,0,0,1,1,1,0.03592417296022177,ppg_dalia,59.85512584098615,ppg_dalia-S1-e0,0,current_evidence,15.95528656593524,0,0,0,3404,2331.0,M1,1130,0,1,1,1,2,0,0.006179044954478741,test,S1,1,0,0,0,1,1,correction
0,1,2,1,ppg_dalia-S1-e0-correction-c2-B0,2,3,2,0,0,0,1,0.002722705015912652,ppg_dalia,49.456864421023056,ppg_dalia-S1-e0,0,current_evidence,7.945424920879304,0,0,4,1398,2391.0,B0,565,0,0,4,0,2,1,0.001676446059718728,test,S1,1,0,1,0,1,1,correction
0,1,2,0,ppg_dalia-S1-e0-correction-c2-B1,2,1,0,0,1,1,1,0.0075339279137551785,ppg_dalia,57.51642528199591,ppg_dalia-S1-e0,0,current_evidence,15.892517187865451,0,0,0,3404,2391.0,B1,1130,0,1,1,1,2,0,0.0016756861004978418,test,S1,1,0,1,0,1,1,correction
0,1,2,0,ppg_dalia-S1-e0-correction-c2-B2,2,1,0,0,1,1,1,0.03776142583228648,ppg_dalia,58.14265201892704,ppg_dalia-S1-e0,0,current_evidence,15.931769002927467,0,0,0,3404,2391.0,B2,1130,0,1,1,1,2,0,0.00581756210885942,test,S1,1,0,1,0,1,1,correction
0,1,2,0,ppg_dalia-S1-e0-correction-c2-B3,2,1,0,0,1,1,1,0.008103455882519484,ppg_dalia,66.87366980011575,ppg_dalia-S1-e0,0,current_evidence,16.019329310161993,0,0,0,3404,2391.0,B3,1130,0,1,1,1,2,0,0.0016301970463246107,test,S1,1,0,1,0,1,1,correction
0,1,2,0,ppg_dalia-S1-e0-correction-c2-M1,2,1,0,0,1,1,1,0.036810195073485374,ppg_dalia,65.41103431093507,ppg_dalia-S1-e0,0,current_evidence,16.00109945004806,0,0,0,3404,2391.0,M1,1130,0,1,1,1,2,0,0.005799023201689124,test,S1,1,0,1,0,1,1,correction
0,0,0,1,ppg_dalia-S1-e0-delayed-c0-B0,0,3,3,0,0,0,0,0.00946895801462233,ppg_dalia,23.87933659995906,ppg_dalia-S1-e0,0,current_evidence,7.987694865092635,0,0,0,1266,2301.0,B0,556,0,0,4,0,2,0,0.0014925100840628147,test,S1,0,0,0,0,0,0,delayed
1,0,0,0,ppg_dalia-S1-e0-delayed-c0-B1,0,0,0,0,0,0,0,0.011678662849590182,ppg_dalia,31.686348270857707,ppg_dalia-S1-e0,0,current_evidence,15.788995652226731,0,0,0,3134,2301.0,B1,1112,0,0,0,1,2,0,0.0014844799879938364,test,S1,0,0,0,0,0,0,delayed
1,0,0,0,ppg_dalia-S1-e0-delayed-c0-B2,0,0,0,0,0,0,0,0.05219673411920667,ppg_dalia,31.693133434979245,ppg_dalia-S1-e0,0,current_evidence,15.799981321208179,0,0,0,3134,2301.0,B2,1112,0,0,0,1,2,0,0.005302872974425554,test,S1,0,0,0,0,0,0,delayed
1,0,0,0,ppg_dalia-S1-e0-delayed-c0-B3,0,0,0,0,0,0,0,0.01159806502982974,ppg_dalia,39.46079241298139,ppg_dalia-S1-e0,0,current_evidence,15.711794514209032,0,0,0,3134,2301.0,B3,1112,0,0,0,1,2,0,0.001481369836255908,test,S1,0,0,0,0,0,0,delayed
1,0,0,0,ppg_dalia-S1-e0-delayed-c0-M1,0,0,0,0,0,0,0,0.05063277599401772,ppg_dalia,39.49018893716857,ppg_dalia-S1-e0,0,current_evidence,15.960225106915459,0,0,0,3134,2301.0,M1,1112,0,0,0,1,2,0,0.005315661896020174,test,S1,0,0,0,0,0,0,delayed
0,0,0,1,ppg_dalia-S1-e0-delayed-c1-B0,1,3,3,0,0,0,0,0.002096466952934861,ppg_dalia,47.3495494897943,ppg_dalia-S1-e0,0,current_evidence,7.784810340963304,0,0,3,1266,2331.0,B0,556,0,0,4,0,2,0,0.0016077179461717606,test,S1,0,0,0,0,0,0,delayed
1,0,0,0,ppg_dalia-S1-e0-delayed-c1-B1,1,0,0,0,0,0,0,0.0037399448920041323,ppg_dalia,55.173953738994896,ppg_dalia-S1-e0,0,current_evidence,15.610417985124514,0,0,0,3134,2331.0,B1,1112,0,0,0,1,2,0,0.001511919079348445,test,S1,0,0,0,0,0,0,delayed
1,0,0,0,ppg_dalia-S1-e0-delayed-c1-B2,1,0,0,0,0,0,0,0.012258521979674697,ppg_dalia,55.33915460505523,ppg_dalia-S1-e0,0,current_evidence,15.592416888801381,0,0,0,3134,2331.0,B2,1112,0,0,0,1,2,0,0.005817253142595291,test,S1,0,0,0,0,0,0,delayed
1,0,0,0,ppg_dalia-S1-e0-delayed-c1-B3,1,0,0,0,0,0,0,0.0037927229423075914,ppg_dalia,63.002350157825276,ppg_dalia-S1-e0,0,current_evidence,15.690052683930844,0,0,0,3134,2331.0,B3,1112,0,0,0,1,2,0,0.0015341590624302626,test,S1,0,0,0,0,0,0,delayed
1,0,0,0,ppg_dalia-S1-e0-delayed-c1-M1,1,0,0,0,0,0,0,0.011256712023168802,ppg_dalia,60.48593752505258,ppg_dalia-S1-e0,0,current_evidence,15.997139439219609,0,0,0,3134,2331.0,M1,1112,0,0,0,1,2,0,0.005319883115589619,test,S1,0,0,0,0,0,0,delayed
0,1,2,1,ppg_dalia-S1-e0-delayed-c2-B0,2,3,2,0,0,0,0,0.003101837122812867,ppg_dalia,44.83659692690708,ppg_dalia-S1-e0,0,current_evidence,7.546082572080195,0,0,6,1378,2391.0,B0,535,0,0,4,0,2,0,0.0016786758787930012,test,S1,1,0,0,0,1,1,delayed
0,1,2,0,ppg_dalia-S1-e0-delayed-c2-B1,2,1,0,0,0,0,0,0.004763812990859151,ppg_dalia,54.22413274180144,ppg_dalia-S1-e0,0,current_evidence,15.00806563696824,0,0,0,3334,2391.0,B1,1070,0,1,1,1,2,0,0.0015716380439698696,test,S1,1,0,0,0,1,1,delayed
0,1,2,0,ppg_dalia-S1-e0-delayed-c2-B2,2,1,0,0,0,0,0,0.016753951087594032,ppg_dalia,55.12966257589869,ppg_dalia-S1-e0,0,current_evidence,15.035759556107223,0,0,0,3334,2391.0,B2,1070,0,1,1,1,2,0,0.005482498789206147,test,S1,1,0,0,0,1,1,delayed
0,1,2,0,ppg_dalia-S1-e0-delayed-c2-B3,2,1,0,0,0,0,0,0.00524407415650785,ppg_dalia,59.82995818997733,ppg_dalia-S1-e0,0,current_evidence,15.038820654153824,0,0,0,3334,2391.0,B3,1070,0,1,1,1,2,0,0.0015509589575231075,test,S1,1,0,0,0,1,1,delayed
0,1,2,0,ppg_dalia-S1-e0-delayed-c2-M1,2,1,0,0,0,0,0,0.015118384035304189,ppg_dalia,59.58390204003081,ppg_dalia-S1-e0,0,current_evidence,15.047621646197513,0,0,0,3334,2391.0,M1,1070,0,1,1,1,2,0,0.005475278943777084,test,S1,1,0,0,0,1,1,delayed
0,1,2,1,ppg_dalia-S1-e1-channel_fault-c0-B0,0,3,2,0,0,0,0,0.009432659018784761,ppg_dalia,13.17148310597986,ppg_dalia-S1-e1,0,conflict_timing,7.367640084121376,0,0,0,1373,6906.0,B0,530,0,0,4,0,2,0,0.0015021199360489845,test,S1,1,0,0,0,1,1,channel_fault
0,1,2,0,ppg_dalia-S1-e1-channel_fault-c0-B1,0,1,0,0,0,0,0,0.011233313009142876,ppg_dalia,20.606824788963422,ppg_dalia-S1-e1,0,conflict_timing,14.801412987988442,0,0,0,3319,6906.0,B1,1060,0,1,1,1,2,0,0.0014979999978095293,test,S1,1,0,0,0,1,1,channel_fault
0,1,2,0,ppg_dalia-S1-e1-channel_fault-c0-B2,0,1,0,0,0,0,0,0.053939258912578225,ppg_dalia,20.585390012944117,ppg_dalia-S1-e1,0,conflict_timing,14.79024781496264,0,0,0,3319,6906.0,B2,1060,0,1,1,1,2,0,0.00611588591709733,test,S1,1,0,0,0,1,1,channel_fault
0,1,2,0,ppg_dalia-S1-e1-channel_fault-c0-B3,0,1,0,0,0,0,0,0.011303411098197103,ppg_dalia,28.045938316965476,ppg_dalia-S1-e1,0,conflict_timing,15.012435798766091,0,0,0,3319,6906.0,B3,1060,0,1,1,1,2,0,0.001485279994085431,test,S1,1,0,0,0,1,1,channel_fault
0,1,2,0,ppg_dalia-S1-e1-channel_fault-c0-M1,0,1,0,0,0,0,0,0.0524089599493891,ppg_dalia,25.945956815965474,ppg_dalia-S1-e1,0,conflict_timing,15.02278425800614,0,0,0,3319,6906.0,M1,1060,0,1,1,1,2,0,0.005494588054716587,test,S1,1,0,0,0,1,1,channel_fault
0,1,2,1,ppg_dalia-S1-e1-channel_fault-c1-B0,1,3,2,0,0,0,1,0.014217771822586656,ppg_dalia,41.626452293945476,ppg_dalia-S1-e1,0,conflict_timing,9.915037339087576,0,0,2,1457,6936.0,B0,707,0,0,4,0,2,1,0.0024664211086928844,test,S1,1,0,0,0,1,1,channel_fault
0,1,2,0,ppg_dalia-S1-e1-channel_fault-c1-B1,1,1,0,0,1,1,1,0.022736339829862118,ppg_dalia,53.57470746501349,ppg_dalia-S1-e1,0,conflict_timing,19.8614925830625,0,0,0,3651,6936.0,B1,1414,0,1,1,1,2,0,0.00226035388186574,test,S1,1,0,0,0,1,1,channel_fault
0,1,2,0,ppg_dalia-S1-e1-channel_fault-c1-B2,1,1,0,0,1,1,1,0.08327174396254122,ppg_dalia,54.53569823713042,ppg_dalia-S1-e1,0,conflict_timing,19.89332579006441,0,0,0,3651,6936.0,B2,1414,0,1,1,1,2,0,0.005624277051538229,test,S1,1,0,0,0,1,1,channel_fault
0,1,2,0,ppg_dalia-S1-e1-channel_fault-c1-B3,1,1,0,0,1,1,1,0.017838669009506702,ppg_dalia,61.33589268382639,ppg_dalia-S1-e1,0,conflict_timing,19.925062445690855,0,0,0,3651,6936.0,B3,1414,0,1,1,1,2,0,0.0016462060157209635,test,S1,1,0,0,0,1,1,channel_fault
0,1,2,0,ppg_dalia-S1-e1-channel_fault-c1-M1,1,1,0,0,1,1,1,0.08504506899043918,ppg_dalia,56.492973014945164,ppg_dalia-S1-e1,0,conflict_timing,20.01098038884811,0,0,0,3651,6936.0,M1,1414,0,1,1,1,2,0,0.005671855062246323,test,S1,1,0,0,0,1,1,channel_fault
0,1,2,1,ppg_dalia-S1-e1-channel_fault-c2-B0,2,3,2,0,0,0,1,0.010594755876809359,ppg_dalia,47.27883239090443,ppg_dalia-S1-e1,0,conflict_timing,9.979190750978887,0,0,4,1457,6996.0,B0,707,0,0,4,0,2,1,0.001757293939590454,test,S1,1,0,1,0,1,1,channel_fault
0,1,2,0,ppg_dalia-S1-e1-channel_fault-c2-B1,2,1,0,0,1,1,1,0.018506926018744707,ppg_dalia,57.82513009291142,ppg_dalia-S1-e1,0,conflict_timing,19.924500266090035,0,0,0,3651,6996.0,B1,1414,0,1,1,1,2,0,0.0017037850338965654,test,S1,1,0,1,0,1,1,channel_fault
0,1,2,0,ppg_dalia-S1-e1-channel_fault-c2-B2,2,1,0,0,1,1,1,0.10706408298574388,ppg_dalia,57.91029093018733,ppg_dalia-S1-e1,0,conflict_timing,19.95994768012315,0,0,0,3651,6996.0,B2,1414,0,1,1,1,2,0,0.006043547065928578,test,S1,1,0,1,0,1,1,channel_fault
0,1,2,0,ppg_dalia-S1-e1-channel_fault-c2-B3,2,1,0,0,1,1,1,0.020630942890420556,ppg_dalia,66.95263458206318,ppg_dalia-S1-e1,0,conflict_timing,19.991424903040752,0,0,0,3651,6996.0,B3,1414,0,1,1,1,2,0,0.0017193148378282785,test,S1,1,0,1,0,1,1,channel_fault
0,1,2,0,ppg_dalia-S1-e1-channel_fault-c2-M1,2,1,0,0,1,1,1,0.16764957713894546,ppg_dalia,58.39532857411541,ppg_dalia-S1-e1,0,conflict_timing,19.957710966002196,0,0,0,3651,6996.0,M1,1414,0,1,1,1,2,0,0.008962197927758098,test,S1,1,0,1,0,1,1,channel_fault
0,1,2,1,ppg_dalia-S1-e1-clean-c0-B0,0,3,2,0,0,0,0,0.021173218032345176,ppg_dalia,42.8392683211714,ppg_dalia-S1-e1,0,conflict_timing,7.543556160060689,0,0,0,1373,6906.0,B0,530,0,0,4,0,2,0,0.0014893801417201757,test,S1,1,0,0,0,1,1,clean
0,1,2,0,ppg_dalia-S1-e1-clean-c0-B1,0,1,0,0,0,0,0,0.011176111875101924,ppg_dalia,50.31210324191488,ppg_dalia-S1-e1,0,conflict_timing,15.023418317781761,0,0,0,3319,6906.0,B1,1060,0,1,1,1,2,0,0.0015319990925490856,test,S1,1,0,0,0,1,1,clean
0,1,2,0,ppg_dalia-S1-e1-clean-c0-B2,0,1,0,0,0,0,0,0.05269501684233546,ppg_dalia,57.78355839988217,ppg_dalia-S1-e1,0,conflict_timing,14.971096932888031,0,0,0,3319,6906.0,B2,1060,0,1,1,1,2,0,0.005388899939134717,test,S1,1,0,0,0,1,1,clean
0,1,2,0,ppg_dalia-S1-e1-clean-c0-B3,0,1,0,0,0,0,0,0.011576433898881078,ppg_dalia,60.533099950058386,ppg_dalia-S1-e1,0,conflict_timing,15.004445434780791,0,0,0,3319,6906.0,B3,1060,0,1,1,1,2,0,0.0015269690193235874,test,S1,1,0,0,0,1,1,clean
0,1,2,0,ppg_dalia-S1-e1-clean-c0-M1,0,1,0,0,0,0,0,0.05101708113215864,ppg_dalia,57.90622303192504,ppg_dalia-S1-e1,0,conflict_timing,14.919509744038805,0,0,0,3319,6906.0,M1,1060,0,1,1,1,2,0,0.0054166801273822784,test,S1,1,0,0,0,1,1,clean
0,1,2,1,ppg_dalia-S1-e1-clean-c1-B0,1,3,2,0,0,0,0,0.002513037994503975,ppg_dalia,50.15926408604719,ppg_dalia-S1-e1,0,conflict_timing,9.421174060786143,0,0,2,1393,6936.0,B0,669,0,0,4,0,2,0,0.001616208115592599,test,S1,1,0,1,0,1,1,clean
0,1,2,0,ppg_dalia-S1-e1-clean-c1-B1,1,1,0,0,0,0,0,0.006423658924177289,ppg_dalia,62.1640801448375,ppg_dalia-S1-e1,0,conflict_timing,18.86702446010895,0,0,0,3498,6936.0,B1,1338,0,1,1,1,2,0,0.0015470089856535196,test,S1,1,0,1,0,1,1,clean
0,1,2,0,ppg_dalia-S1-e1-clean-c1-B2,1,1,0,0,0,0,0,0.02613985794596374,ppg_dalia,67.06731568113901,ppg_dalia-S1-e1,0,conflict_timing,18.98045977926813,0,0,0,3498,6936.0,B2,1338,0,1,1,1,2,0,0.005366330035030842,test,S1,1,0,1,0,1,1,clean
0,1,2,0,ppg_dalia-S1-e1-clean-c1-B3,1,1,0,0,0,0,0,0.006902558961883187,ppg_dalia,69.49548867694102,ppg_dalia-S1-e1,0,conflict_timing,19.166141595924273,0,0,0,3498,6936.0,B3,1338,0,1,1,1,2,0,0.0015575280413031578,test,S1,1,0,1,0,1,1,clean
0,1,2,0,ppg_dalia-S1-e1-clean-c1-M1,1,1,0,0,0,0,0,0.026496849954128265,ppg_dalia,69.14061284600757,ppg_dalia-S1-e1,0,conflict_timing,19.016282669035718,0,0,0,3498,6936.0,M1,1338,0,1,1,1,2,0,0.005953439045697451,test,S1,1,0,1,0,1,1,clean
0,1,2,1,ppg_dalia-S1-e1-clean-c2-B0,2,3,2,0,0,0,0,0.002953559858724475,ppg_dalia,52.59845775202848,ppg_dalia-S1-e1,0,conflict_timing,9.446598310023546,0,0,4,1393,6996.0,B0,669,0,0,4,0,2,0,0.0016659561078995466,test,S1,1,0,2,0,1,1,clean
0,1,2,0,ppg_dalia-S1-e1-clean-c2-B1,2,1,0,0,0,0,0,0.007029596017673612,ppg_dalia,67.30964500689879,ppg_dalia-S1-e1,0,conflict_timing,18.83191337902099,0,0,0,3498,6996.0,B1,1338,0,1,1,1,2,0,0.0016339269932359457,test,S1,1,0,2,0,1,1,clean
0,1,2,0,ppg_dalia-S1-e1-clean-c2-B2,2,1,0,0,0,0,0,0.02976479404605925,ppg_dalia,71.54160669189878,ppg_dalia-S1-e1,0,conflict_timing,18.946148497750983,0,0,0,3498,6996.0,B2,1338,0,1,1,1,2,0,0.0056888940744102,test,S1,1,0,2,0,1,1,clean
0,1,2,0,ppg_dalia-S1-e1-clean-c2-B3,2,1,0,0,0,0,0,0.007378049893304706,ppg_dalia,75.98774106102064,ppg_dalia-S1-e1,0,conflict_timing,18.96997841494158,0,0,0,3498,6996.0,B3,1338,0,1,1,1,2,0,0.0016413170378655195,test,S1,1,0,2,0,1,1,clean
0,1,2,0,ppg_dalia-S1-e1-clean-c2-M1,2,1,0,0,0,0,0,0.03204824705608189,ppg_dalia,74.07062347489409,ppg_dalia-S1-e1,0,conflict_timing,18.943649948807433,0,0,0,3498,6996.0,M1,1338,0,1,1,1,2,0,0.005635465960949659,test,S1,1,0,2,0,1,1,clean
0,1,2,1,ppg_dalia-S1-e1-correction-c0-B0,0,3,2,0,0,0,0,0.011965466197580099,ppg_dalia,8.09261441999115,ppg_dalia-S1-e1,0,conflict_timing,8.075217664940283,0,0,0,1373,6906.0,B0,530,0,0,4,0,2,0,0.0015102489851415157,test,S1,1,0,0,0,1,1,correction
0,1,2,0,ppg_dalia-S1-e1-correction-c0-B1,0,1,0,0,0,0,0,0.011270890012383461,ppg_dalia,15.60103058302775,ppg_dalia-S1-e1,0,conflict_timing,15.58307505887933,0,0,0,3319,6906.0,B1,1060,0,1,1,1,2,0,0.0015032989904284477,test,S1,1,0,0,0,1,1,correction
0,1,2,0,ppg_dalia-S1-e1-correction-c0-B2,0,1,0,0,0,0,0,0.05580832017585635,ppg_dalia,15.567459837999195,ppg_dalia-S1-e1,0,conflict_timing,15.500643952051178,0,0,0,3319,6906.0,B2,1060,0,1,1,1,2,0,0.005493788048624992,test,S1,1,0,0,0,1,1,correction
0,1,2,0,ppg_dalia-S1-e1-correction-c0-B3,0,1,0,0,0,0,0,0.011514173820614815,ppg_dalia,22.947001862106845,ppg_dalia-S1-e1,0,conflict_timing,15.001136394916102,0,0,0,3319,6906.0,B3,1060,0,1,1,1,2,0,0.001518788980320096,test,S1,1,0,0,0,1,1,correction
0,1,2,0,ppg_dalia-S1-e1-correction-c0-M1,0,1,0,0,0,0,0,0.05072358390316367,ppg_dalia,15.52613954199478,ppg_dalia-S1-e1,0,conflict_timing,15.464688787003979,0,0,0,3319,6906.0,M1,1060,0,1,1,1,2,0,0.0055554769933223724,test,S1,1,0,0,0,1,1,correction
0,1,2,1,ppg_dalia-S1-e1-correction-c1-B0,1,3,2,0,0,0,1,0.006100294878706336,ppg_dalia,48.56798463803716,ppg_dalia-S1-e1,0,conflict_timing,9.383770378073677,0,0,2,1393,6936.0,B0,669,0,0,4,0,2,1,0.004108567023649812,test,S1,1,0,0,0,1,1,correction
0,1,2,0,ppg_dalia-S1-e1-correction-c1-B1,1,1,0,0,1,1,1,0.01670106896199286,ppg_dalia,58.14297824213281,ppg_dalia-S1-e1,0,conflict_timing,18.85668011708185,0,0,0,3498,6936.0,B1,1338,0,1,1,1,2,0,0.004026827868074179,test,S1,1,0,0,0,1,1,correction
0,1,2,0,ppg_dalia-S1-e1-correction-c1-B2,1,1,0,0,1,1,1,0.05442469893023372,ppg_dalia,58.37876803590916,ppg_dalia-S1-e1,0,conflict_timing,18.890597953926772,0,0,0,3498,6936.0,B2,1338,0,1,1,1,2,0,0.009382778080180287,test,S1,1,0,0,0,1,1,correction
0,1,2,0,ppg_dalia-S1-e1-correction-c1-B3,1,1,0,0,1,1,1,0.008307389914989471,ppg_dalia,67.38473186106421,ppg_dalia-S1-e1,0,conflict_timing,18.96429503709078,0,0,0,3498,6936.0,B3,1338,0,1,1,1,2,0,0.0016060371417552233,test,S1,1,0,0,0,1,1,correction
0,1,2,0,ppg_dalia-S1-e1-correction-c1-M1,1,1,0,0,1,1,1,0.04513367800973356,ppg_dalia,58.7598242231179,ppg_dalia-S1-e1,0,conflict_timing,18.94237991492264,0,0,0,3498,6936.0,M1,1338,0,1,1,1,2,0,0.009424328105524182,test,S1,1,0,0,0,1,1,correction
0,1,2,1,ppg_dalia-S1-e1-correction-c2-B0,2,3,2,0,0,0,1,0.0026298968587070704,ppg_dalia,49.349453148199245,ppg_dalia-S1-e1,0,conflict_timing,9.38439301494509,0,0,4,1393,6996.0,B0,669,0,0,4,0,2,1,0.0016680159606039524,test,S1,1,0,1,0,1,1,correction
0,1,2,0,ppg_dalia-S1-e1-correction-c2-B1,2,1,0,0,1,1,1,0.007750042015686631,ppg_dalia,59.028248460032046,ppg_dalia-S1-e1,0,conflict_timing,18.878731193952262,0,0,0,3498,6996.0,B1,1338,0,1,1,1,2,0,0.0016228968743234873,test,S1,1,0,1,0,1,1,correction
0,1,2,0,ppg_dalia-S1-e1-correction-c2-B2,2,1,0,0,1,1,1,0.03610454313457012,ppg_dalia,61.90308879199438,ppg_dalia-S1-e1,0,conflict_timing,18.919788507046178,0,0,0,3498,6996.0,B2,1338,0,1,1,1,2,0,0.005821960978209972,test,S1,1,0,1,0,1,1,correction
0,1,2,0,ppg_dalia-S1-e1-correction-c2-B3,2,1,0,0,1,1,1,0.008255901047959924,ppg_dalia,68.21914409496821,ppg_dalia-S1-e1,0,conflict_timing,18.959797136019915,0,0,0,3498,6996.0,B3,1338,0,1,1,1,2,0,0.0016551169101148844,test,S1,1,0,1,0,1,1,correction
0,1,2,0,ppg_dalia-S1-e1-correction-c2-M1,2,1,0,0,1,1,1,0.03493510698899627,ppg_dalia,63.029516422888264,ppg_dalia-S1-e1,0,conflict_timing,19.029958314960822,0,0,0,3498,6996.0,M1,1338,0,1,1,1,2,0,0.005836381111294031,test,S1,1,0,1,0,1,1,correction
0,0,0,1,ppg_dalia-S1-e1-delayed-c0-B0,0,3,3,0,0,0,0,0.009367821970954537,ppg_dalia,13.004748896928504,ppg_dalia-S1-e1,0,conflict_timing,7.438008737983182,0,0,0,1270,6906.0,B0,533,1,0,4,0,2,0,0.0015025788452476263,test,S1,0,0,0,0,0,0,delayed
1,0,0,0,ppg_dalia-S1-e1-delayed-c0-B1,0,0,0,0,0,0,0,0.011229343945160508,ppg_dalia,20.54803227703087,ppg_dalia-S1-e1,0,conflict_timing,14.977514053927734,0,0,0,3133,6906.0,B1,1066,0,0,0,1,2,0,0.0014894099440425634,test,S1,0,0,0,0,0,0,delayed
1,0,0,0,ppg_dalia-S1-e1-delayed-c0-B2,0,0,0,0,0,0,0,0.05653275107033551,ppg_dalia,21.0609136428684,ppg_dalia-S1-e1,0,conflict_timing,15.499215501826257,0,0,0,3132,6906.0,B2,1098,0,0,0,1,2,0,0.00529770296998322,test,S1,0,0,0,0,0,0,delayed
1,0,0,0,ppg_dalia-S1-e1-delayed-c0-B3,0,0,0,0,0,0,0,0.011088926112279296,ppg_dalia,27.961531498935074,ppg_dalia-S1-e1,0,conflict_timing,15.102310020010918,0,0,0,3133,6906.0,B3,1066,0,0,0,1,2,0,0.001494979951530695,test,S1,0,0,0,0,0,0,delayed
1,0,0,0,ppg_dalia-S1-e1-delayed-c0-M1,0,0,0,0,0,0,0,0.05892208288423717,ppg_dalia,26.34902062616311,ppg_dalia-S1-e1,0,conflict_timing,15.941800616914406,0,0,0,3132,6906.0,M1,1098,0,0,0,1,2,0,0.007839391939342022,test,S1,0,0,0,0,0,0,delayed
0,0,0,1,ppg_dalia-S1-e1-delayed-c1-B0,1,3,3,0,0,0,0,0.004635886987671256,ppg_dalia,36.11946755298413,ppg_dalia-S1-e1,0,conflict_timing,7.411995762959123,0,0,3,1270,6936.0,B0,533,1,0,4,0,2,0,0.003926181001588702,test,S1,0,0,0,0,0,0,delayed
1,0,0,0,ppg_dalia-S1-e1-delayed-c1-B1,1,0,0,0,0,0,0,0.00811578705906868,ppg_dalia,45.249404666014016,ppg_dalia-S1-e1,0,conflict_timing,14.847588890930638,0,0,0,3133,6936.0,B1,1066,0,0,0,1,2,0,0.00268334592692554,test,S1,0,0,0,0,0,0,delayed
1,0,0,0,ppg_dalia-S1-e1-delayed-c1-B2,1,0,0,0,0,0,0,0.01996715785935521,ppg_dalia,46.14938868395984,ppg_dalia-S1-e1,0,conflict_timing,14.92285502422601,0,0,0,3133,6936.0,B2,1066,0,0,0,1,2,0,0.009402639931067824,test,S1,0,0,0,0,0,0,delayed
1,0,0,0,ppg_dalia-S1-e1-delayed-c1-B3,1,0,0,0,0,0,0,0.003678395878523588,ppg_dalia,51.06301866983995,ppg_dalia-S1-e1,0,conflict_timing,15.017317441292107,0,0,0,3133,6936.0,B3,1066,0,0,0,1,2,0,0.0015275089535862207,test,S1,0,0,0,0,0,0,delayed
1,0,0,0,ppg_dalia-S1-e1-delayed-c1-M1,1,0,0,0,0,0,0,0.01972683286294341,ppg_dalia,47.1202949329745,ppg_dalia-S1-e1,0,conflict_timing,15.502739562187344,0,0,0,3133,6936.0,M1,1066,0,0,0,1,2,0,0.007941939868032932,test,S1,0,0,0,0,0,0,delayed
0,1,2,1,ppg_dalia-S1-e1-delayed-c2-B0,2,3,2,0,0,0,0,0.005951049970462918,ppg_dalia,41.083122001960874,ppg_dalia-S1-e1,0,conflict_timing,9.309934146003798,0,0,6,1373,6996.0,B0,669,0,0,4,0,2,0,0.004059439059346914,test,S1,1,0,0,0,1,1,delayed
0,1,2,0,ppg_dalia-S1-e1-delayed-c2-B1,2,1,0,0,0,0,0,0.009978198911994696,ppg_dalia,51.285542217083275,ppg_dalia-S1-e1,0,conflict_timing,18.714893547119573,0,0,0,3458,6996.0,B1,1338,0,1,1,1,2,0,0.003025949001312256,test,S1,1,0,0,0,1,1,delayed
0,1,2,0,ppg_dalia-S1-e1-delayed-c2-B2,2,1,0,0,0,0,0,0.02446055691689253,ppg_dalia,52.2489998168312,ppg_dalia-S1-e1,0,conflict_timing,18.80613520788029,0,0,0,3458,6996.0,B2,1338,0,1,1,1,2,0,0.009561416925862432,test,S1,1,0,0,0,1,1,delayed
0,1,2,0,ppg_dalia-S1-e1-delayed-c2-B3,2,1,0,0,0,0,0,0.004344671964645386,ppg_dalia,59.93696552980691,ppg_dalia-S1-e1,0,conflict_timing,18.933411184931174,0,0,0,3458,6996.0,B3,1338,0,1,1,1,2,0,0.0015320491511374712,test,S1,1,0,0,0,1,1,delayed
0,1,2,0,ppg_dalia-S1-e1-delayed-c2-M1,2,1,0,0,0,0,0,0.021911878138780594,ppg_dalia,55.29785106284544,ppg_dalia-S1-e1,0,conflict_timing,18.869883083971217,0,0,0,3458,6996.0,M1,1338,0,1,1,1,2,0,0.005397162167355418,test,S1,1,0,0,0,1,1,delayed
0,1,2,1,ppg_dalia-S10-e0-channel_fault-c0-B0,0,3,2,0,0,0,0,0.01022749301046133,ppg_dalia,8.67594716581516,ppg_dalia-S10-e0,0,current_evidence,8.660455399891362,0,0,0,1383,2661.0,B0,574,0,0,4,0,2,0,0.0014927899464964867,test,S10,1,0,0,0,1,1,channel_fault
0,1,2,0,ppg_dalia-S10-e0-channel_fault-c0-B1,0,1,0,0,0,0,0,0.011557675898075104,ppg_dalia,16.760082280030474,ppg_dalia-S10-e0,0,current_evidence,16.742175662191585,0,0,0,3374,2661.0,B1,1148,0,1,1,1,2,0,0.0015124299097806215,test,S10,1,0,0,0,1,1,channel_fault
0,1,2,0,ppg_dalia-S10-e0-channel_fault-c0-B2,0,1,0,0,0,0,0,0.05423421319574118,ppg_dalia,16.767344233114272,ppg_dalia-S10-e0,0,current_evidence,16.70212446223013,0,0,0,3374,2661.0,B2,1148,0,1,1,1,2,0,0.00545348902232945,test,S10,1,0,0,0,1,1,channel_fault
0,1,2,0,ppg_dalia-S10-e0-channel_fault-c0-B3,0,1,0,0,0,0,0,0.01121588284149766,ppg_dalia,24.7712534700986,ppg_dalia-S10-e0,0,current_evidence,16.242193232057616,0,0,0,3374,2661.0,B3,1148,0,1,1,1,2,0,0.0015085700433701277,test,S10,1,0,0,0,1,1,channel_fault
0,1,2,0,ppg_dalia-S10-e0-channel_fault-c0-M1,0,1,0,0,0,0,0,0.05206884606741369,ppg_dalia,16.686358840903267,ppg_dalia-S10-e0,0,current_evidence,16.624406236223876,0,0,0,3374,2661.0,M1,1148,0,1,1,1,2,0,0.005405060946941376,test,S10,1,0,0,0,1,1,channel_fault
0,1,2,1,ppg_dalia-S10-e0-channel_fault-c1-B0,1,3,2,0,0,0,1,0.013077675132080913,ppg_dalia,40.848087806021795,ppg_dalia-S10-e0,0,current_evidence,8.158625626005232,0,0,2,1471,2691.0,B0,578,0,0,4,0,2,1,0.001632007071748376,test,S10,1,0,0,0,1,1,channel_fault
0,1,2,0,ppg_dalia-S10-e0-channel_fault-c1-B1,1,1,0,0,1,1,1,0.01644242787733674,ppg_dalia,49.13804917386733,ppg_dalia-S10-e0,0,current_evidence,16.23555427393876,0,0,0,3550,2691.0,B1,1156,0,1,1,1,2,0,0.001614956883713603,test,S10,1,0,0,0,1,1,channel_fault
0,1,2,0,ppg_dalia-S10-e0-channel_fault-c1-B2,1,1,0,0,1,1,1,0.08272786508314312,ppg_dalia,51.85948887700215,ppg_dalia-S10-e0,0,current_evidence,16.283981263870373,0,0,0,3550,2691.0,B2,1156,0,1,1,1,2,0,0.005707144970074296,test,S10,1,0,0,0,1,1,channel_fault
0,1,2,0,ppg_dalia-S10-e0-channel_fault-c1-B3,1,1,0,0,1,1,1,0.018412777921184897,ppg_dalia,56.95196508499794,ppg_dalia-S10-e0,0,current_evidence,16.313318490982056,0,0,0,3550,2691.0,B3,1156,0,1,1,1,2,0,0.0016117370687425137,test,S10,1,0,0,0,1,1,channel_fault
0,1,2,0,ppg_dalia-S10-e0-channel_fault-c1-M1,1,1,0,0,1,1,1,0.08755069901235402,ppg_dalia,55.72078296216205,ppg_dalia-S10-e0,0,current_evidence,16.536304439185187,0,0,0,3550,2691.0,M1,1156,0,1,1,1,2,0,0.005765752866864204,test,S10,1,0,0,0,1,1,channel_fault
0,1,2,1,ppg_dalia-S10-e0-channel_fault-c2-B0,2,3,2,0,0,0,1,0.004531757906079292,ppg_dalia,46.339302635984495,ppg_dalia-S10-e0,0,current_evidence,8.138702999101952,0,0,4,1471,2751.0,B0,574,0,0,4,0,2,1,0.0017512841150164604,test,S10,1,0,1,0,1,1,channel_fault
0,1,2,0,ppg_dalia-S10-e0-channel_fault-c2-B1,2,1,0,0,1,1,1,0.0178544488735497,ppg_dalia,55.562656183028594,ppg_dalia-S10-e0,0,current_evidence,16.147810169961303,0,0,0,3550,2751.0,B1,1148,0,1,1,1,2,0,0.0017398851923644543,test,S10,1,0,1,0,1,1,channel_fault
0,1,2,0,ppg_dalia-S10-e0-channel_fault-c2-B2,2,1,0,0,1,1,1,0.08794663101434708,ppg_dalia,58.64562476007268,ppg_dalia-S10-e0,0,current_evidence,16.165488553000614,0,0,0,3550,2751.0,B2,1148,0,1,1,1,2,0,0.00576333305798471,test,S10,1,0,1,0,1,1,channel_fault
0,1,2,0,ppg_dalia-S10-e0-channel_fault-c2-B3,2,1,0,0,1,1,1,0.020409606862813234,ppg_dalia,63.018872034037486,ppg_dalia-S10-e0,0,current_evidence,16.500924975145608,0,0,0,3550,2751.0,B3,1148,0,1,1,1,2,0,0.0017212249804288149,test,S10,1,0,1,0,1,1,channel_fault
0,1,2,0,ppg_dalia-S10-e0-channel_fault-c2-M1,2,1,0,0,1,1,1,0.08612580690532923,ppg_dalia,62.385212888009846,ppg_dalia-S10-e0,0,current_evidence,16.154577394016087,0,0,0,3550,2751.0,M1,1148,0,1,1,1,2,0,0.00589800113812089,test,S10,1,0,1,0,1,1,channel_fault
0,1,2,1,ppg_dalia-S10-e0-clean-c0-B0,0,3,2,0,0,0,0,0.009430446894839406,ppg_dalia,24.59001780790277,ppg_dalia-S10-e0,0,current_evidence,8.320340798003599,0,0,0,1383,2661.0,B0,574,0,0,4,0,2,0,0.0014999001286923885,test,S10,1,0,0,0,1,1,clean
0,1,2,0,ppg_dalia-S10-e0-clean-c0-B1,0,1,0,0,0,0,0,0.011020826175808907,ppg_dalia,32.64660062803887,ppg_dalia-S10-e0,0,current_evidence,16.382090194150805,0,0,0,3374,2661.0,B1,1148,0,1,1,1,2,0,0.001491278875619173,test,S10,1,0,0,0,1,1,clean
0,1,2,0,ppg_dalia-S10-e0-clean-c0-B2,0,1,0,0,0,0,0,0.05168230505660176,ppg_dalia,32.65412189508788,ppg_dalia-S10-e0,0,current_evidence,16.387600022135302,0,0,0,3374,2661.0,B2,1148,0,1,1,1,2,0,0.005567756947129965,test,S10,1,0,0,0,1,1,clean
0,1,2,0,ppg_dalia-S10-e0-clean-c0-B3,0,1,0,0,0,0,0,0.011282900115475059,ppg_dalia,40.59321368392557,ppg_dalia-S10-e0,0,current_evidence,16.143552863271907,0,0,0,3374,2661.0,B3,1148,0,1,1,1,2,0,0.0015251289587467909,test,S10,1,0,0,0,1,1,clean
0,1,2,0,ppg_dalia-S10-e0-clean-c0-M1,0,1,0,0,0,0,0,0.05933549883775413,ppg_dalia,40.62103752698749,ppg_dalia-S10-e0,0,current_evidence,16.66009737108834,0,0,0,3374,2661.0,M1,1148,0,1,1,1,2,0,0.007703833049163222,test,S10,1,0,0,0,1,1,clean
0,1,2,1,ppg_dalia-S10-e0-clean-c1-B0,1,3,2,0,0,0,0,0.0038264221511781216,ppg_dalia,35.39912220090628,ppg_dalia-S10-e0,0,current_evidence,7.498876843834296,0,0,2,1404,2691.0,B0,534,0,0,4,0,2,0,0.0016512759029865265,test,S10,1,0,1,0,1,1,clean
0,1,2,0,ppg_dalia-S10-e0-clean-c1-B1,1,1,0,0,0,0,0,0.00656269583851099,ppg_dalia,42.94208350498229,ppg_dalia-S10-e0,0,current_evidence,15.044699320103973,0,0,0,3385,2691.0,B1,1068,0,1,1,1,2,0,0.0015393588691949844,test,S10,1,0,1,0,1,1,clean
0,1,2,0,ppg_dalia-S10-e0-clean-c1-B2,1,1,0,0,0,0,0,0.027819301933050156,ppg_dalia,44.89659660495818,ppg_dalia-S10-e0,0,current_evidence,16.149333615088835,0,0,0,3416,2691.0,B2,1148,0,1,1,1,2,0,0.005619494942948222,test,S10,1,0,1,0,1,1,clean
0,1,2,0,ppg_dalia-S10-e0-clean-c1-B3,1,1,0,0,0,0,0,0.006985236890614033,ppg_dalia,51.49976223986596,ppg_dalia-S10-e0,0,current_evidence,16.17534181382507,0,0,0,3416,2691.0,B3,1148,0,1,1,1,2,0,0.0015851580537855625,test,S10,1,0,1,0,1,1,clean
0,1,2,0,ppg_dalia-S10-e0-clean-c1-M1,1,1,0,0,0,0,0,0.02637555217370391,ppg_dalia,49.822376743890345,ppg_dalia-S10-e0,0,current_evidence,15.470708405133337,0,0,0,3385,2691.0,M1,1068,0,1,1,1,2,0,0.00561705487780273,test,S10,1,0,1,0,1,1,clean
0,1,2,1,ppg_dalia-S10-e0-clean-c2-B0,2,3,2,0,0,0,0,0.006293072132393718,ppg_dalia,35.143720503896475,ppg_dalia-S10-e0,0,current_evidence,7.741062121000141,0,0,4,1404,2751.0,B0,548,0,0,4,0,2,0,0.004226543940603733,test,S10,1,0,2,0,1,1,clean
0,1,2,0,ppg_dalia-S10-e0-clean-c2-B1,2,1,0,0,0,0,0,0.016226548934355378,ppg_dalia,43.94930288987234,ppg_dalia-S10-e0,0,current_evidence,16.161523485323414,0,0,0,3416,2751.0,B1,1148,0,1,1,1,2,0,0.004027518210932612,test,S10,1,0,2,0,1,1,clean
0,1,2,0,ppg_dalia-S10-e0-clean-c2-B2,2,1,0,0,0,0,0,0.04202110203914344,ppg_dalia,45.20313510997221,ppg_dalia-S10-e0,0,current_evidence,16.180994760012254,0,0,0,3416,2751.0,B2,1148,0,1,1,1,2,0,0.008938418002799153,test,S10,1,0,2,0,1,1,clean
0,1,2,0,ppg_dalia-S10-e0-clean-c2-B3,2,1,0,0,0,0,0,0.007447757991030812,ppg_dalia,51.17671936308034,ppg_dalia-S10-e0,0,current_evidence,16.16097667720169,0,0,0,3416,2751.0,B3,1148,0,1,1,1,2,0,0.001603757031261921,test,S10,1,0,2,0,1,1,clean
0,1,2,0,ppg_dalia-S10-e0-clean-c2-M1,2,1,0,0,0,0,0,0.04279075702652335,ppg_dalia,50.918493752833456,ppg_dalia-S10-e0,0,current_evidence,16.170752167934552,0,0,0,3416,2751.0,M1,1148,0,1,1,1,2,0,0.0073044809978455305,test,S10,1,0,2,0,1,1,clean
0,1,2,1,ppg_dalia-S10-e0-correction-c0-B0,0,3,2,0,0,0,0,0.010665082139894366,ppg_dalia,8.751891618128866,ppg_dalia-S10-e0,0,current_evidence,8.736217788187787,0,0,0,1383,2661.0,B0,574,0,0,4,0,2,0,0.0015033490490168333,test,S10,1,0,0,0,1,1,correction
0,1,2,0,ppg_dalia-S10-e0-correction-c0-B1,0,1,0,0,0,0,0,0.01139755710028112,ppg_dalia,16.868134865071625,ppg_dalia-S10-e0,0,current_evidence,16.850208279909566,0,0,0,3374,2661.0,B1,1148,0,1,1,1,2,0,0.0014952290803194046,test,S10,1,0,0,0,1,1,correction
0,1,2,0,ppg_dalia-S10-e0-correction-c0-B2,0,1,0,0,0,0,0,0.05246759788133204,ppg_dalia,16.841671644942835,ppg_dalia-S10-e0,0,current_evidence,16.777722180821,0,0,0,3374,2661.0,B2,1148,0,1,1,1,2,0,0.00547516904771328,test,S10,1,0,0,0,1,1,correction
0,1,2,0,ppg_dalia-S10-e0-correction-c0-B3,0,1,0,0,0,0,0,0.012018254958093166,ppg_dalia,24.799294730182737,ppg_dalia-S10-e0,0,current_evidence,16.19729815213941,0,0,0,3374,2661.0,B3,1148,0,1,1,1,2,0,0.0015237180050462484,test,S10,1,0,0,0,1,1,correction
0,1,2,0,ppg_dalia-S10-e0-correction-c0-M1,0,1,0,0,0,0,0,0.056673143059015274,ppg_dalia,16.76222157711163,ppg_dalia-S10-e0,0,current_evidence,16.69430691516027,0,0,0,3374,2661.0,M1,1148,0,1,1,1,2,0,0.00542097887955606,test,S10,1,0,0,0,1,1,correction
0,1,2,1,ppg_dalia-S10-e0-correction-c1-B0,1,3,2,0,0,0,1,0.002839541994035244,ppg_dalia,26.17452702182345,ppg_dalia-S10-e0,0,current_evidence,7.509878487093374,0,0,2,1404,2691.0,B0,540,0,0,4,0,2,1,0.0016185969579964876,test,S10,1,0,0,0,1,1,correction
0,1,2,0,ppg_dalia-S10-e0-correction-c1-B1,1,1,0,0,1,1,1,0.007195882964879274,ppg_dalia,34.66322714393027,ppg_dalia-S10-e0,0,current_evidence,15.112750934902579,0,0,0,3391,2691.0,B1,1080,0,1,1,1,2,0,0.0015879978891462088,test,S10,1,0,0,0,1,1,correction
0,1,2,0,ppg_dalia-S10-e0-correction-c1-B2,1,1,0,0,1,1,1,0.04426213586702943,ppg_dalia,34.65951983910054,ppg_dalia-S10-e0,0,current_evidence,15.10330791794695,0,0,0,3391,2691.0,B2,1080,0,1,1,1,2,0,0.008862609043717384,test,S10,1,0,0,0,1,1,correction
0,1,2,0,ppg_dalia-S10-e0-correction-c1-B3,1,1,0,0,1,1,1,0.01661003101617098,ppg_dalia,41.26438713516109,ppg_dalia-S10-e0,0,current_evidence,15.181792084826156,0,0,0,3391,2691.0,B3,1080,0,1,1,1,2,0,0.0015912370290607214,test,S10,1,0,0,0,1,1,correction
0,1,2,0,ppg_dalia-S10-e0-correction-c1-M1,1,1,0,0,1,1,1,0.030469208024442196,ppg_dalia,37.69651275197975,ppg_dalia-S10-e0,0,current_evidence,15.327758225146681,0,0,0,3391,2691.0,M1,1080,0,1,1,1,2,0,0.005555917043238878,test,S10,1,0,0,0,1,1,correction
0,1,2,1,ppg_dalia-S10-e0-correction-c2-B0,2,3,2,0,0,0,1,0.006295190891250968,ppg_dalia,39.94685438508168,ppg_dalia-S10-e0,0,current_evidence,8.174127383856103,0,0,4,1404,2751.0,B0,584,0,0,4,0,2,1,0.004101126920431852,test,S10,1,0,1,0,1,1,correction
0,1,2,0,ppg_dalia-S10-e0-correction-c2-B1,2,1,0,0,1,1,1,0.017731347819790244,ppg_dalia,49.86410040012561,ppg_dalia-S10-e0,0,current_evidence,16.131487666163594,0,0,0,3416,2751.0,B1,1148,0,1,1,1,2,0,0.004176625050604343,test,S10,1,0,1,0,1,1,correction
0,1,2,0,ppg_dalia-S10-e0-correction-c2-B2,2,1,0,0,1,1,1,0.0537789820227772,ppg_dalia,51.778493352932855,ppg_dalia-S10-e0,0,current_evidence,16.17060182709247,0,0,0,3416,2751.0,B2,1148,0,1,1,1,2,0,0.009150883881375194,test,S10,1,0,1,0,1,1,correction
0,1,2,0,ppg_dalia-S10-e0-correction-c2-B3,2,1,0,0,1,1,1,0.008208512095734477,ppg_dalia,56.278693000087515,ppg_dalia-S10-e0,0,current_evidence,16.48388536996208,0,0,0,3427,2751.0,B3,1168,0,1,1,1,2,0,0.0016466770321130753,test,S10,1,0,1,0,1,1,correction
0,1,2,0,ppg_dalia-S10-e0-correction-c2-M1,2,1,0,0,1,1,1,0.04915931704454124,ppg_dalia,52.261654548114166,ppg_dalia-S10-e0,0,current_evidence,16.50212574726902,0,0,0,3416,2751.0,M1,1148,0,1,1,1,2,0,0.009143893141299486,test,S10,1,0,1,0,1,1,correction
0,0,0,1,ppg_dalia-S10-e0-delayed-c0-B0,0,3,3,0,0,0,0,0.01743310783058405,ppg_dalia,23.809544060146436,ppg_dalia-S10-e0,0,current_evidence,7.936509170103818,0,0,0,1278,2661.0,B0,563,0,0,4,0,2,0,0.0014769400004297495,test,S10,0,0,0,0,0,0,delayed
1,0,0,0,ppg_dalia-S10-e0-delayed-c0-B1,0,0,0,0,0,0,0,0.010796562070026994,ppg_dalia,32.34527807915583,ppg_dalia-S10-e0,0,current_evidence,16.200731392018497,0,0,0,3165,2661.0,B1,1126,0,0,0,1,2,0,0.0014927498996257782,test,S10,0,0,0,0,0,0,delayed
1,0,0,0,ppg_dalia-S10-e0-delayed-c0-B2,0,0,0,0,0,0,0,0.0515463890042156,ppg_dalia,39.53948009898886,ppg_dalia-S10-e0,0,current_evidence,16.024566299747676,0,0,0,3165,2661.0,B2,1126,0,0,0,1,2,0,0.005228194873780012,test,S10,0,0,0,0,0,0,delayed
1,0,0,0,ppg_dalia-S10-e0-delayed-c0-B3,0,0,0,0,0,0,0,0.011184804141521454,ppg_dalia,39.59426576178521,ppg_dalia-S10-e0,0,current_evidence,15.921838734764606,0,0,0,3165,2661.0,B3,1126,0,0,0,1,2,0,0.0014986388850957155,test,S10,0,0,0,0,0,0,delayed
1,0,0,0,ppg_dalia-S10-e0-delayed-c0-M1,0,0,0,0,0,0,0,0.048832464031875134,ppg_dalia,39.496562654851004,ppg_dalia-S10-e0,0,current_evidence,16.035017419140786,0,0,0,3165,2661.0,M1,1126,0,0,0,1,2,0,0.005221864907070994,test,S10,0,0,0,0,0,0,delayed
0,0,0,1,ppg_dalia-S10-e0-delayed-c1-B0,1,3,3,0,0,0,0,0.00467728590592742,ppg_dalia,29.044711970956996,ppg_dalia-S10-e0,0,current_evidence,7.913769979029894,0,0,3,1278,2691.0,B0,563,0,0,4,0,2,0,0.003976448904722929,test,S10,0,0,0,0,0,0,delayed
1,0,0,0,ppg_dalia-S10-e0-delayed-c1-B1,1,0,0,0,0,0,0,0.008825232041999698,ppg_dalia,37.33464653301053,ppg_dalia-S10-e0,0,current_evidence,15.822066779015586,0,0,0,3165,2691.0,B1,1126,0,0,0,1,2,0,0.002712464891374111,test,S10,0,0,0,0,0,0,delayed
1,0,0,0,ppg_dalia-S10-e0-delayed-c1-B2,1,0,0,0,0,0,0,0.019560004817321897,ppg_dalia,43.6078609819524,ppg_dalia-S10-e0,0,current_evidence,15.834927868796512,0,0,0,3165,2691.0,B2,1126,0,0,0,1,2,0,0.00898723816499114,test,S10,0,0,0,0,0,0,delayed
1,0,0,0,ppg_dalia-S10-e0-delayed-c1-B3,1,0,0,0,0,0,0,0.0037769838236272335,ppg_dalia,44.811179091921076,ppg_dalia-S10-e0,0,current_evidence,15.840990275843069,0,0,0,3165,2691.0,B3,1126,0,0,0,1,2,0,0.0015413889195770025,test,S10,0,0,0,0,0,0,delayed
1,0,0,0,ppg_dalia-S10-e0-delayed-c1-M1,1,0,0,0,0,0,0,0.018621914088726044,ppg_dalia,44.68590224185027,ppg_dalia-S10-e0,0,current_evidence,15.95758802187629,0,0,0,3165,2691.0,M1,1126,0,0,0,1,2,0,0.009602495934814215,test,S10,0,0,0,0,0,0,delayed
0,1,2,1,ppg_dalia-S10-e0-delayed-c2-B0,2,3,2,0,0,0,0,0.006054328056052327,ppg_dalia,40.567835852038115,ppg_dalia-S10-e0,0,current_evidence,7.7556788409128785,0,0,6,1383,2751.0,B0,548,0,0,4,0,2,0,0.004082836909219623,test,S10,1,0,0,0,1,1,delayed
0,1,2,0,ppg_dalia-S10-e0-delayed-c2-B1,2,1,0,0,0,0,0,0.005080617032945156,ppg_dalia,50.28108518291265,ppg_dalia-S10-e0,0,current_evidence,16.18525190418586,0,0,0,3374,2751.0,B1,1148,0,1,1,1,2,0,0.0016115279868245125,test,S10,1,0,0,0,1,1,delayed
0,1,2,0,ppg_dalia-S10-e0-delayed-c2-B2,2,1,0,0,0,0,0,0.01736701000481844,ppg_dalia,55.06964535196312,ppg_dalia-S10-e0,0,current_evidence,15.493455426068977,0,0,0,3358,2751.0,B2,1096,0,1,1,1,2,0,0.005482579115778208,test,S10,1,0,0,0,1,1,delayed
0,1,2,0,ppg_dalia-S10-e0-delayed-c2-B3,2,1,0,0,0,0,0,0.004397660959511995,ppg_dalia,56.680147089995444,ppg_dalia-S10-e0,0,current_evidence,16.253656582906842,0,0,0,3374,2751.0,B3,1148,0,1,1,1,2,0,0.0015476690605282784,test,S10,1,0,0,0,1,1,delayed
0,1,2,0,ppg_dalia-S10-e0-delayed-c2-M1,2,1,0,0,0,0,0,0.015129684936255217,ppg_dalia,55.799468074925244,ppg_dalia-S10-e0,0,current_evidence,15.515398751245812,0,0,0,3358,2751.0,M1,1096,0,1,1,1,2,0,0.005373002029955387,test,S10,1,0,0,0,1,1,delayed
0,1,2,1,ppg_dalia-S10-e1-channel_fault-c0-B0,0,3,2,0,0,0,0,0.009036927949637175,ppg_dalia,41.918167208787054,ppg_dalia-S10-e1,0,conflict_timing,9.846781840082258,0,0,0,1391,7986.0,B0,701,0,0,4,0,2,0,0.0015088499058037996,test,S10,1,0,0,0,1,1,channel_fault
0,1,2,0,ppg_dalia-S10-e1-channel_fault-c0-B1,0,1,0,0,0,0,0,0.01080302195623517,ppg_dalia,56.82373801106587,ppg_dalia-S10-e1,0,conflict_timing,19.919201854849234,0,0,0,3521,7986.0,B1,1408,0,1,1,1,2,0,0.0014864408876746893,test,S10,1,0,0,0,1,1,channel_fault
0,1,2,0,ppg_dalia-S10-e1-channel_fault-c0-B2,0,1,0,0,0,0,0,0.07489647110924125,ppg_dalia,56.94379635201767,ppg_dalia-S10-e1,0,conflict_timing,19.868934367783368,0,0,0,3513,7986.0,B2,1402,0,1,1,1,2,0,0.008552917977795005,test,S10,1,0,0,0,1,1,channel_fault
0,1,2,0,ppg_dalia-S10-e1-channel_fault-c0-B3,0,1,0,0,0,0,0,0.013996538007631898,ppg_dalia,61.645839161006734,ppg_dalia-S10-e1,0,conflict_timing,19.91289734095335,0,0,0,3513,7986.0,B3,1402,0,1,1,1,2,0,0.0014995899982750416,test,S10,1,0,0,0,1,1,channel_fault
0,1,2,0,ppg_dalia-S10-e1-channel_fault-c0-M1,0,1,0,0,0,0,0,0.07321308483369648,ppg_dalia,59.93488249205984,ppg_dalia-S10-e1,0,conflict_timing,19.96485616499558,0,0,0,3513,7986.0,M1,1402,0,1,1,1,2,0,0.008605476003140211,test,S10,1,0,0,0,1,1,channel_fault
0,1,2,1,ppg_dalia-S10-e1-channel_fault-c1-B0,1,3,2,0,0,0,0,0.004446390783414245,ppg_dalia,41.33108994597569,ppg_dalia-S10-e1,0,conflict_timing,9.982376917963848,0,0,2,1478,8016.0,B0,709,0,0,4,0,2,0,0.001632707193493843,test,S10,1,0,1,0,1,1,channel_fault
0,1,2,0,ppg_dalia-S10-e1-channel_fault-c1-B1,1,1,0,0,0,0,0,0.015859970822930336,ppg_dalia,52.071325226221234,ppg_dalia-S10-e1,0,conflict_timing,20.111257005948573,0,0,0,3697,8016.0,B1,1422,0,1,1,1,2,0,0.0015919681172817945,test,S10,1,0,1,0,1,1,channel_fault
0,1,2,0,ppg_dalia-S10-e1-channel_fault-c1-B2,1,1,0,0,0,0,0,0.1272385271731764,ppg_dalia,55.176043457118794,ppg_dalia-S10-e1,0,conflict_timing,20.105444981949404,0,0,0,3700,8016.0,B2,1418,0,1,1,1,2,0,0.0058562420308589935,test,S10,1,0,1,0,1,1,channel_fault
0,1,2,0,ppg_dalia-S10-e1-channel_fault-c1-B3,1,1,0,0,0,0,0,0.018202363047748804,ppg_dalia,61.191519225016236,ppg_dalia-S10-e1,0,conflict_timing,20.15824533905834,0,0,0,3700,8016.0,B3,1418,0,1,1,1,2,0,0.0016023078933358192,test,S10,1,0,1,0,1,1,channel_fault
0,1,2,0,ppg_dalia-S10-e1-channel_fault-c1-M1,1,1,0,0,0,0,0,0.13647195999510586,ppg_dalia,55.20881529687904,ppg_dalia-S10-e1,0,conflict_timing,20.25319740595296,0,0,0,3697,8016.0,M1,1422,0,1,1,1,2,0,0.009853092022240162,test,S10,1,0,1,0,1,1,channel_fault
0,1,2,1,ppg_dalia-S10-e1-channel_fault-c2-B0,2,3,2,0,0,0,0,0.010318821994587779,ppg_dalia,33.35468660411425,ppg_dalia-S10-e1,0,conflict_timing,9.963032238883898,0,0,4,1479,8076.0,B0,709,0,0,4,0,2,0,0.0017238350119441748,test,S10,1,0,2,0,1,1,channel_fault
0,1,2,0,ppg_dalia-S10-e1-channel_fault-c2-B1,2,1,0,0,0,0,0,0.017296970821917057,ppg_dalia,45.28523116395809,ppg_dalia-S10-e1,0,conflict_timing,20.01407059421763,0,0,0,3702,8076.0,B1,1418,0,1,1,1,2,0,0.0016853159759193659,test,S10,1,0,2,0,1,1,channel_fault
0,1,2,0,ppg_dalia-S10-e1-channel_fault-c2-B2,2,1,0,0,0,0,0,0.12149965297430754,ppg_dalia,47.2272913469933,ppg_dalia-S10-e1,0,conflict_timing,19.96799232205376,0,0,0,3702,8076.0,B2,1418,0,1,1,1,2,0,0.006498418981209397,test,S10,1,0,2,0,1,1,channel_fault
0,1,2,0,ppg_dalia-S10-e1-channel_fault-c2-B3,2,1,0,0,0,0,0,0.0199367580935359,ppg_dalia,52.41221270803362,ppg_dalia-S10-e1,0,conflict_timing,19.347593031125143,0,0,0,3700,8076.0,B3,1414,0,1,1,1,2,0,0.00174102489836514,test,S10,1,0,2,0,1,1,channel_fault
0,1,2,0,ppg_dalia-S10-e1-channel_fault-c2-M1,2,1,0,0,0,0,0,0.13498354004696012,ppg_dalia,47.26270886417478,ppg_dalia-S10-e1,0,conflict_timing,19.971481821965426,0,0,0,3702,8076.0,M1,1418,0,1,1,1,2,0,0.0060799079947173595,test,S10,1,0,2,0,1,1,channel_fault
0,1,2,1,ppg_dalia-S10-e1-clean-c0-B0,0,3,2,0,0,0,0,0.00993011798709631,ppg_dalia,10.400163607904688,ppg_dalia-S10-e1,0,conflict_timing,10.385717081837356,0,0,0,1391,7986.0,B0,704,0,0,4,0,2,0,0.0014975289814174175,test,S10,1,0,0,0,1,1,clean
0,1,2,0,ppg_dalia-S10-e1-clean-c0-B1,0,1,0,0,0,0,0,0.01138316816650331,ppg_dalia,20.35155678796582,ppg_dalia-S10-e1,0,conflict_timing,20.333995605120435,0,0,0,3513,7986.0,B1,1402,0,1,1,1,2,0,0.001496130134910345,test,S10,1,0,0,0,1,1,clean
0,1,2,0,ppg_dalia-S10-e1-clean-c0-B2,0,1,0,0,0,0,0,0.03874186100438237,ppg_dalia,20.32764222496189,ppg_dalia-S10-e1,0,conflict_timing,20.278776169987395,0,0,0,3513,7986.0,B2,1402,0,1,1,1,2,0,0.005229813978075981,test,S10,1,0,0,0,1,1,clean
0,1,2,0,ppg_dalia-S10-e1-clean-c0-B3,0,1,0,0,0,0,0,0.011471786070615053,ppg_dalia,29.909021623898298,ppg_dalia-S10-e1,0,conflict_timing,19.622727655107155,0,0,0,3512,7986.0,B3,1384,0,1,1,1,2,0,0.0014998698607087135,test,S10,1,0,0,0,1,1,clean
0,1,2,0,ppg_dalia-S10-e1-clean-c0-M1,0,1,0,0,0,0,0,0.037777939811348915,ppg_dalia,20.249962008092552,ppg_dalia-S10-e1,0,conflict_timing,20.2006130842492,0,0,0,3513,7986.0,M1,1402,0,1,1,1,2,0,0.005260243080556393,test,S10,1,0,0,0,1,1,clean
0,1,2,1,ppg_dalia-S10-e1-clean-c1-B0,1,3,2,0,0,0,0,0.005783381871879101,ppg_dalia,42.91226454405114,ppg_dalia-S10-e1,0,conflict_timing,9.734239194076508,0,0,2,1412,8016.0,B0,698,0,0,4,0,2,0,0.003998938947916031,test,S10,1,0,1,0,1,1,clean
0,1,2,0,ppg_dalia-S10-e1-clean-c1-B1,1,1,0,0,0,0,0,0.015068962937220931,ppg_dalia,54.67164946394041,ppg_dalia-S10-e1,0,conflict_timing,19.67973586404696,0,0,0,3556,8016.0,B1,1396,0,1,1,1,2,0,0.0038971509784460068,test,S10,1,0,1,0,1,1,clean
0,1,2,0,ppg_dalia-S10-e1-clean-c1-B2,1,1,0,0,0,0,0,0.08921755198389292,ppg_dalia,54.769746425095946,ppg_dalia-S10-e1,0,conflict_timing,19.688608633121476,0,0,0,3556,8016.0,B2,1396,0,1,1,1,2,0,0.00548631907440722,test,S10,1,0,1,0,1,1,clean
0,1,2,0,ppg_dalia-S10-e1-clean-c1-B3,1,1,0,0,0,0,0,0.00716931396164,ppg_dalia,62.50338980299421,ppg_dalia-S10-e1,0,conflict_timing,19.74093380686827,0,0,0,3556,8016.0,B3,1396,0,1,1,1,2,0,0.0015662279911339283,test,S10,1,0,1,0,1,1,clean
0,1,2,0,ppg_dalia-S10-e1-clean-c1-M1,1,1,0,0,0,0,0,0.02360996906645596,ppg_dalia,57.01732304994948,ppg_dalia-S10-e1,0,conflict_timing,19.81266820593737,0,0,0,3556,8016.0,M1,1396,0,1,1,1,2,0,0.0054268790408968925,test,S10,1,0,1,0,1,1,clean
0,1,2,1,ppg_dalia-S10-e1-clean-c2-B0,2,3,2,0,0,0,0,0.002794202882796526,ppg_dalia,59.28641022602096,ppg_dalia-S10-e1,0,conflict_timing,9.76186218089424,0,0,4,1412,8076.0,B0,698,0,0,4,0,2,0,0.0016815648414194584,test,S10,1,0,2,0,1,1,clean
0,1,2,0,ppg_dalia-S10-e1-clean-c2-B1,2,1,0,0,0,0,0,0.007089115912094712,ppg_dalia,69.26648590294644,ppg_dalia-S10-e1,0,conflict_timing,19.71196345705539,0,0,0,3556,8076.0,B1,1396,0,1,1,1,2,0,0.0016265669837594032,test,S10,1,0,2,0,1,1,clean
0,1,2,0,ppg_dalia-S10-e1-clean-c2-B2,2,1,0,0,0,0,0,0.029736614786088467,ppg_dalia,69.83011225005612,ppg_dalia-S10-e1,0,conflict_timing,19.731265544192865,0,0,0,3556,8076.0,B2,1396,0,1,1,1,2,0,0.005993517115712166,test,S10,1,0,2,0,1,1,clean
0,1,2,0,ppg_dalia-S10-e1-clean-c2-B3,2,1,0,0,0,0,0,0.00743609806522727,ppg_dalia,79.0082794118207,ppg_dalia-S10-e1,0,conflict_timing,19.798443525796756,0,0,0,3556,8076.0,B3,1396,0,1,1,1,2,0,0.0016259669791907072,test,S10,1,0,2,0,1,1,clean
0,1,2,0,ppg_dalia-S10-e1-clean-c2-M1,2,1,0,0,0,0,0,0.031374671030789614,ppg_dalia,72.55981854395941,ppg_dalia-S10-e1,0,conflict_timing,19.908665760885924,0,0,0,3556,8076.0,M1,1396,0,1,1,1,2,0,0.0056695949751883745,test,S10,1,0,2,0,1,1,clean
0,1,2,1,ppg_dalia-S10-e1-correction-c0-B0,0,3,2,0,0,0,0,0.009471158031374216,ppg_dalia,44.21884335903451,ppg_dalia-S10-e1,0,conflict_timing,9.798144706059247,0,0,0,1391,7986.0,B0,701,0,0,4,0,2,0,0.0015122198965400457,test,S10,1,0,0,0,1,1,correction
0,1,2,0,ppg_dalia-S10-e1-correction-c0-B1,0,1,0,0,0,0,0,0.010984207969158888,ppg_dalia,55.92560825496912,ppg_dalia-S10-e1,0,conflict_timing,19.667494693072513,0,0,0,3513,7986.0,B1,1402,0,1,1,1,2,0,0.0015383281279355288,test,S10,1,0,0,0,1,1,correction
0,1,2,0,ppg_dalia-S10-e1-correction-c0-B2,0,1,0,0,0,0,0,0.05444336892105639,ppg_dalia,55.97569448314607,ppg_dalia-S10-e1,0,conflict_timing,19.67377328616567,0,0,0,3513,7986.0,B2,1402,0,1,1,1,2,0,0.005470360163599253,test,S10,1,0,0,0,1,1,correction
0,1,2,0,ppg_dalia-S10-e1-correction-c0-B3,0,1,0,0,0,0,0,0.010973358061164618,ppg_dalia,63.90915273013525,ppg_dalia-S10-e1,0,conflict_timing,19.8274583700113,0,0,0,3521,7986.0,B3,1408,0,1,1,1,2,0,0.0015028798952698708,test,S10,1,0,0,0,1,1,correction
0,1,2,0,ppg_dalia-S10-e1-correction-c0-M1,0,1,0,0,0,0,0,0.053787233075127006,ppg_dalia,56.276353826979175,ppg_dalia-S10-e1,0,conflict_timing,19.873458941234276,0,0,0,3521,7986.0,M1,1408,0,1,1,1,2,0,0.005456279963254929,test,S10,1,0,0,0,1,1,correction
0,1,2,1,ppg_dalia-S10-e1-correction-c1-B0,1,3,2,0,0,0,1,0.005923560122027993,ppg_dalia,37.08088402589783,ppg_dalia-S10-e1,0,conflict_timing,9.173769132932648,0,0,2,1412,8016.0,B0,659,0,0,4,0,2,1,0.004060507984831929,test,S10,1,0,0,0,1,1,correction
0,1,2,0,ppg_dalia-S10-e1-correction-c1-B1,1,1,0,0,1,1,1,0.012562236050143838,ppg_dalia,46.592328594997525,ppg_dalia-S10-e1,0,conflict_timing,18.45971269882284,0,0,0,3530,8016.0,B1,1318,0,1,1,1,2,0,0.002781334100291133,test,S10,1,0,0,0,1,1,correction
0,1,2,0,ppg_dalia-S10-e1-correction-c1-B2,1,1,0,0,1,1,1,0.04674723488278687,ppg_dalia,49.42405536095612,ppg_dalia-S10-e1,0,conflict_timing,18.52963893697597,0,0,0,3530,8016.0,B2,1318,0,1,1,1,2,0,0.009380480041727424,test,S10,1,0,0,0,1,1,correction
0,1,2,0,ppg_dalia-S10-e1-correction-c1-B3,1,1,0,0,1,1,1,0.00836277101188898,ppg_dalia,55.555973125156015,ppg_dalia-S10-e1,0,conflict_timing,18.6102226478979,0,0,0,3530,8016.0,B3,1318,0,1,1,1,2,0,0.0015908780042082071,test,S10,1,0,0,0,1,1,correction
0,1,2,0,ppg_dalia-S10-e1-correction-c1-M1,1,1,0,0,1,1,1,0.0478939819149673,ppg_dalia,49.61044470383786,ppg_dalia-S10-e1,0,conflict_timing,18.609837855910882,0,0,0,3530,8016.0,M1,1318,0,1,1,1,2,0,0.009276961907744408,test,S10,1,0,0,0,1,1,correction
0,1,2,1,ppg_dalia-S10-e1-correction-c2-B0,2,3,2,0,0,0,1,0.0030097090639173985,ppg_dalia,39.027767872903496,ppg_dalia-S10-e1,0,conflict_timing,9.72405349300243,0,0,4,1412,8076.0,B0,698,0,0,4,0,2,1,0.0017276848666369915,test,S10,1,0,1,0,1,1,correction
0,1,2,0,ppg_dalia-S10-e1-correction-c2-B1,2,1,0,0,1,1,1,0.013915589079260826,ppg_dalia,49.636210673023015,ppg_dalia-S10-e1,0,conflict_timing,19.56486821733415,0,0,0,3556,8076.0,B1,1396,0,1,1,1,2,0,0.0016906759701669216,test,S10,1,0,1,0,1,1,correction
0,1,2,0,ppg_dalia-S10-e1-correction-c2-B2,2,1,0,0,1,1,1,0.030971684027463198,ppg_dalia,50.148008371004835,ppg_dalia-S10-e1,0,conflict_timing,19.549637303920463,0,0,0,3556,8076.0,B2,1396,0,1,1,1,2,0,0.005946859950199723,test,S10,1,0,1,0,1,1,correction
0,1,2,0,ppg_dalia-S10-e1-correction-c2-B3,2,1,0,0,1,1,1,0.008104376960545778,ppg_dalia,57.75161927402951,ppg_dalia-S10-e1,0,conflict_timing,18.81871933490038,0,0,0,3556,8076.0,B3,1396,0,1,1,1,2,0,0.0016414669808000326,test,S10,1,0,1,0,1,1,correction
0,1,2,0,ppg_dalia-S10-e1-correction-c2-M1,2,1,0,0,1,1,1,0.039245997089892626,ppg_dalia,51.88031190400943,ppg_dalia-S10-e1,0,conflict_timing,19.47811124799773,0,0,0,3556,8076.0,M1,1396,0,1,1,1,2,0,0.00584979192353785,test,S10,1,0,1,0,1,1,correction
0,0,0,1,ppg_dalia-S10-e1-delayed-c0-B0,0,3,3,0,0,0,0,0.009294549934566021,ppg_dalia,27.847782482858747,ppg_dalia-S10-e1,0,conflict_timing,7.6539116620551795,0,0,0,1286,7986.0,B0,540,1,0,4,0,2,0,0.0015009399503469467,test,S10,0,0,0,0,0,0,delayed
1,0,0,0,ppg_dalia-S10-e1-delayed-c0-B1,0,0,0,0,0,0,0,0.011515786172822118,ppg_dalia,35.44421040592715,ppg_dalia-S10-e1,0,conflict_timing,15.252126339124516,0,0,0,3172,7986.0,B1,1080,0,0,0,1,2,0,0.0015121488831937313,test,S10,0,0,0,0,0,0,delayed
1,0,0,0,ppg_dalia-S10-e1-delayed-c0-B2,0,0,0,0,0,0,0,0.059519847854971886,ppg_dalia,35.44178063492291,ppg_dalia-S10-e1,0,conflict_timing,15.257626977050677,0,0,0,3172,7986.0,B2,1080,0,0,0,1,2,0,0.0054894681088626385,test,S10,0,0,0,0,0,0,delayed
1,0,0,0,ppg_dalia-S10-e1-delayed-c0-B3,0,0,0,0,0,0,0,0.012184842023998499,ppg_dalia,45.68574082502164,ppg_dalia-S10-e1,0,conflict_timing,15.453951977891847,0,0,0,3172,7986.0,B3,1080,0,0,0,1,2,0,0.0015321890823543072,test,S10,0,0,0,0,0,0,delayed
1,0,0,0,ppg_dalia-S10-e1-delayed-c0-M1,0,0,0,0,0,0,0,0.05248653097078204,ppg_dalia,43.126872391905636,ppg_dalia-S10-e1,0,conflict_timing,15.35923925600946,0,0,0,3167,7986.0,M1,1082,0,0,0,1,2,0,0.005428259028121829,test,S10,0,0,0,0,0,0,delayed
0,0,0,1,ppg_dalia-S10-e1-delayed-c1-B0,1,3,3,0,0,0,0,0.004660614999011159,ppg_dalia,47.87820088304579,ppg_dalia-S10-e1,0,conflict_timing,7.588660082081333,0,0,3,1286,8016.0,B0,541,1,0,4,0,2,0,0.003917769994586706,test,S10,0,0,0,0,0,0,delayed
1,0,0,0,ppg_dalia-S10-e1-delayed-c1-B1,1,0,0,0,0,0,0,0.008814460132271051,ppg_dalia,55.73110867198557,ppg_dalia-S10-e1,0,conflict_timing,15.166601850884035,0,0,0,3172,8016.0,B1,1080,0,0,0,1,2,0,0.0038221420254558325,test,S10,0,0,0,0,0,0,delayed
1,0,0,0,ppg_dalia-S10-e1-delayed-c1-B2,1,0,0,0,0,0,0,0.019758797949180007,ppg_dalia,58.272028350038454,ppg_dalia-S10-e1,0,conflict_timing,15.219711509067565,0,0,0,3172,8016.0,B2,1080,0,0,0,1,2,0,0.0099934758618474,test,S10,0,0,0,0,0,0,delayed
1,0,0,0,ppg_dalia-S10-e1-delayed-c1-B3,1,0,0,0,0,0,0,0.004170584958046675,ppg_dalia,65.32158955396153,ppg_dalia-S10-e1,0,conflict_timing,15.341741673182696,0,0,0,3172,8016.0,B3,1080,0,0,0,1,2,0,0.001538547920063138,test,S10,0,0,0,0,0,0,delayed
1,0,0,0,ppg_dalia-S10-e1-delayed-c1-M1,1,0,0,0,0,0,0,0.01897631399333477,ppg_dalia,63.041728356154636,ppg_dalia-S10-e1,0,conflict_timing,15.210330808768049,0,0,0,3172,8016.0,M1,1080,0,0,0,1,2,0,0.009148452896624804,test,S10,0,0,0,0,0,0,delayed
0,1,2,1,ppg_dalia-S10-e1-delayed-c2-B0,2,3,2,0,0,0,0,0.00605803681537509,ppg_dalia,56.62618634989485,ppg_dalia-S10-e1,0,conflict_timing,9.849023275077343,0,0,6,1391,8076.0,B0,698,0,0,4,0,2,0,0.0040952160488814116,test,S10,1,0,0,0,1,1,delayed
0,1,2,0,ppg_dalia-S10-e1-delayed-c2-B1,2,1,0,0,0,0,0,0.009946428006514907,ppg_dalia,62.36840019118972,ppg_dalia-S10-e1,0,conflict_timing,14.987505493219942,0,0,0,3357,8076.0,B1,1064,0,1,1,1,2,0,0.0038239520508795977,test,S10,1,0,0,0,1,1,delayed
0,1,2,0,ppg_dalia-S10-e1-delayed-c2-B2,2,1,0,0,0,0,0,0.030303241917863488,ppg_dalia,67.6721797150094,ppg_dalia-S10-e1,0,conflict_timing,19.6966124298051,0,0,0,3514,8076.0,B2,1396,0,1,1,1,2,0,0.009089764906093478,test,S10,1,0,0,0,1,1,delayed
0,1,2,0,ppg_dalia-S10-e1-delayed-c2-B3,2,1,0,0,0,0,0,0.0046672949101775885,ppg_dalia,76.23010455002077,ppg_dalia-S10-e1,0,conflict_timing,19.69263771083206,0,0,0,3514,8076.0,B3,1396,0,1,1,1,2,0,0.0015499279834330082,test,S10,1,0,0,0,1,1,delayed
0,1,2,0,ppg_dalia-S10-e1-delayed-c2-M1,2,1,0,0,0,0,0,0.02368267811834812,ppg_dalia,74.33019843581133,ppg_dalia-S10-e1,0,conflict_timing,19.728109932038933,0,0,0,3514,8076.0,M1,1396,0,1,1,1,2,0,0.009059315081685781,test,S10,1,0,0,0,1,1,delayed
0,1,2,1,ppg_dalia-S11-e0-channel_fault-c0-B0,0,2,1,0,0,0,0,0.009122370043769479,ppg_dalia,29.61161517095752,ppg_dalia-S11-e0,0,current_evidence,5.758411535993218,0,0,0,1396,2261.0,B0,410,0,0,3,0,2,0,0.0014985438901931047,test,S11,1,0,0,0,1,1,channel_fault
0,1,2,0,ppg_dalia-S11-e0-channel_fault-c0-B1,0,1,0,0,0,0,0,0.010931408032774925,ppg_dalia,40.63874403596856,ppg_dalia-S11-e0,0,current_evidence,11.454304409911856,0,0,0,3228,2261.0,B1,820,0,1,1,1,2,0,0.0014863940887153149,test,S11,1,0,0,0,1,1,channel_fault
0,1,2,0,ppg_dalia-S11-e0-channel_fault-c0-B2,0,1,0,0,0,0,0,0.044525808887556195,ppg_dalia,40.82012819312513,ppg_dalia-S11-e0,0,current_evidence,11.536584205925465,0,0,0,3228,2261.0,B2,820,0,1,1,1,2,0,0.005485714180395007,test,S11,1,0,0,0,1,1,channel_fault
0,1,2,0,ppg_dalia-S11-e0-channel_fault-c0-B3,0,1,0,0,0,0,0,0.010985477128997445,ppg_dalia,41.61527201207355,ppg_dalia-S11-e0,0,current_evidence,11.669658049708232,0,0,0,3228,2261.0,B3,820,0,1,1,1,2,0,0.0014963930007070303,test,S11,1,0,0,0,1,1,channel_fault
0,1,2,0,ppg_dalia-S11-e0-channel_fault-c0-M1,0,1,0,0,0,0,0,0.04104784014634788,ppg_dalia,41.078173925867304,ppg_dalia-S11-e0,0,current_evidence,11.533219723962247,0,0,0,3228,2261.0,M1,820,0,1,1,1,2,0,0.005429195007309318,test,S11,1,0,0,0,1,1,channel_fault
0,1,2,1,ppg_dalia-S11-e0-channel_fault-c1-B0,1,3,2,0,0,0,1,0.006071054143831134,ppg_dalia,30.998587785987183,ppg_dalia-S11-e0,0,current_evidence,8.31722573004663,0,0,1,1484,2291.0,B0,589,0,0,4,0,2,1,0.0016267509199678898,test,S11,1,0,0,0,1,1,channel_fault
0,1,2,0,ppg_dalia-S11-e0-channel_fault-c1-B1,1,1,0,0,1,1,1,0.01638796296902001,ppg_dalia,45.14404809800908,ppg_dalia-S11-e0,0,current_evidence,16.78380670095794,0,0,0,3594,2291.0,B1,1184,0,1,1,1,2,0,0.0016127708368003368,test,S11,1,0,0,0,1,1,channel_fault
0,1,2,0,ppg_dalia-S11-e0-channel_fault-c1-B2,1,1,0,0,1,1,1,0.07665922516025603,ppg_dalia,45.91955701098777,ppg_dalia-S11-e0,0,current_evidence,16.79062429117039,0,0,0,3591,2291.0,B2,1178,0,1,1,1,2,0,0.005710260011255741,test,S11,1,0,0,0,1,1,channel_fault
0,1,2,0,ppg_dalia-S11-e0-channel_fault-c1-B3,1,1,0,0,1,1,1,0.11028345511294901,ppg_dalia,47.64260895899497,ppg_dalia-S11-e0,0,current_evidence,16.83528796886094,0,0,0,3591,2291.0,B3,1178,0,1,1,1,2,0,0.0016453710850328207,test,S11,1,0,0,0,1,1,channel_fault
0,1,2,0,ppg_dalia-S11-e0-channel_fault-c1-M1,1,1,0,0,1,1,1,0.08289572596549988,ppg_dalia,47.43059842917137,ppg_dalia-S11-e0,0,current_evidence,17.135202205972746,0,0,0,3594,2291.0,M1,1184,0,1,1,1,2,0,0.005802807863801718,test,S11,1,0,0,0,1,1,channel_fault
0,1,2,1,ppg_dalia-S11-e0-channel_fault-c2-B0,2,2,1,0,0,0,1,0.006634983001276851,ppg_dalia,28.490278826095164,ppg_dalia-S11-e0,0,current_evidence,5.798014390980825,0,0,3,1484,2351.0,B0,410,0,0,3,0,2,1,0.0017508100718259811,test,S11,1,0,1,0,1,1,channel_fault
0,1,2,0,ppg_dalia-S11-e0-channel_fault-c2-B1,2,1,0,0,1,1,1,0.026782739907503128,ppg_dalia,38.79387962515466,ppg_dalia-S11-e0,0,current_evidence,11.488149995915592,0,0,0,3404,2351.0,B1,820,0,1,1,1,2,0,0.001728659961372614,test,S11,1,0,1,0,1,1,channel_fault
0,1,2,0,ppg_dalia-S11-e0-channel_fault-c2-B2,2,1,0,0,1,1,1,0.13522806717082858,ppg_dalia,39.07209461298771,ppg_dalia-S11-e0,0,current_evidence,11.477938994998112,0,0,0,3404,2351.0,B2,820,0,1,1,1,2,0,0.005968495039269328,test,S11,1,0,1,0,1,1,channel_fault
0,1,2,0,ppg_dalia-S11-e0-channel_fault-c2-B3,2,1,0,0,1,1,1,0.022749971132725477,ppg_dalia,40.68594424799085,ppg_dalia-S11-e0,0,current_evidence,11.31900386302732,0,0,0,3404,2351.0,B3,820,0,1,1,1,2,0,0.0017138200346380472,test,S11,1,0,1,0,1,1,channel_fault
0,1,2,0,ppg_dalia-S11-e0-channel_fault-c2-M1,2,1,0,0,1,1,1,0.15564446989446878,ppg_dalia,39.75371835404076,ppg_dalia-S11-e0,0,current_evidence,11.434045385103673,0,0,0,3404,2351.0,M1,820,0,1,1,1,2,0,0.009808127069845796,test,S11,1,0,1,0,1,1,channel_fault
0,1,2,1,ppg_dalia-S11-e0-clean-c0-B0,0,2,1,0,0,0,0,0.009963526856154203,ppg_dalia,26.206743862945586,ppg_dalia-S11-e0,0,current_evidence,5.83635819517076,0,0,0,1396,2261.0,B0,410,0,0,3,0,2,0,0.0015002391301095486,test,S11,1,0,0,0,1,1,clean
0,1,2,0,ppg_dalia-S11-e0-clean-c0-B1,0,1,0,0,0,0,0,0.01156385405920446,ppg_dalia,32.030312741175294,ppg_dalia-S11-e0,0,current_evidence,11.666437688982114,0,0,0,3228,2261.0,B1,820,0,1,1,1,2,0,0.0014897789806127548,test,S11,1,0,0,0,1,1,clean
0,1,2,0,ppg_dalia-S11-e0-clean-c0-B2,0,1,0,0,0,0,0,0.07410395704209805,ppg_dalia,31.999858642928302,ppg_dalia-S11-e0,0,current_evidence,11.634248577058315,0,0,0,3228,2261.0,B2,820,0,1,1,1,2,0,0.009214471792802215,test,S11,1,0,0,0,1,1,clean
0,1,2,0,ppg_dalia-S11-e0-clean-c0-B3,0,1,0,0,0,0,0,0.015160490060225129,ppg_dalia,42.149020871846005,ppg_dalia-S11-e0,0,current_evidence,11.774144631111994,0,0,0,3228,2261.0,B3,820,0,1,1,1,2,0,0.001500369980931282,test,S11,1,0,0,0,1,1,clean
0,1,2,0,ppg_dalia-S11-e0-clean-c0-M1,0,1,0,0,0,0,0,0.06795630208216608,ppg_dalia,37.73330643004738,ppg_dalia-S11-e0,0,current_evidence,11.619148197118193,0,0,0,3228,2261.0,M1,820,0,1,1,1,2,0,0.009043765952810645,test,S11,1,0,0,0,1,1,clean
0,1,2,1,ppg_dalia-S11-e0-clean-c1-B0,1,3,2,0,0,0,0,0.005695464089512825,ppg_dalia,44.827979365130886,ppg_dalia-S11-e0,0,current_evidence,8.387143076164648,0,0,1,1417,2291.0,B0,592,0,0,4,0,2,0,0.004049256909638643,test,S11,1,0,1,0,1,1,clean
0,1,2,0,ppg_dalia-S11-e0-clean-c1-B1,1,1,0,0,0,0,0,0.015128551051020622,ppg_dalia,57.21536088595167,ppg_dalia-S11-e0,0,current_evidence,16.638232389232144,0,0,0,3460,2291.0,B1,1184,0,1,1,1,2,0,0.003949200036004186,test,S11,1,0,1,0,1,1,clean
0,1,2,0,ppg_dalia-S11-e0-clean-c1-B2,1,1,0,0,0,0,0,0.039197678910568357,ppg_dalia,59.28032696410082,ppg_dalia-S11-e0,0,current_evidence,16.638700479874387,0,0,0,3460,2291.0,B2,1184,0,1,1,1,2,0,0.009186693001538515,test,S11,1,0,1,0,1,1,clean
0,1,2,0,ppg_dalia-S11-e0-clean-c1-B3,1,1,0,0,0,0,0,0.0071117449551820755,ppg_dalia,61.37617296213284,ppg_dalia-S11-e0,0,current_evidence,16.66767343808897,0,0,0,3460,2291.0,B3,1184,0,1,1,1,2,0,0.0015354189090430737,test,S11,1,0,1,0,1,1,clean
0,1,2,0,ppg_dalia-S11-e0-clean-c1-M1,1,1,0,0,0,0,0,0.03808393212966621,ppg_dalia,59.61462696804665,ppg_dalia-S11-e0,0,current_evidence,16.776425857795402,0,0,0,3460,2291.0,M1,1184,0,1,1,1,2,0,0.005694494117051363,test,S11,1,0,1,0,1,1,clean
0,1,2,1,ppg_dalia-S11-e0-clean-c2-B0,2,3,2,0,0,0,0,0.003571196924895048,ppg_dalia,49.58374188304879,ppg_dalia-S11-e0,0,current_evidence,8.39223252190277,0,0,3,1417,2351.0,B0,592,0,0,4,0,2,0,0.00167210609652102,test,S11,1,0,2,0,1,1,clean
0,1,2,0,ppg_dalia-S11-e0-clean-c2-B1,2,1,0,0,0,0,0,0.007103695068508387,ppg_dalia,60.87047505704686,ppg_dalia-S11-e0,0,current_evidence,16.783171348739415,0,0,0,3460,2351.0,B1,1184,0,1,1,1,2,0,0.0015938279684633017,test,S11,1,0,2,0,1,1,clean
0,1,2,0,ppg_dalia-S11-e0-clean-c2-B2,2,1,0,0,0,0,0,0.0833791671320796,ppg_dalia,63.948612878099084,ppg_dalia-S11-e0,0,current_evidence,16.81030444521457,0,0,0,3460,2351.0,B2,1184,0,1,1,1,2,0,0.009791349992156029,test,S11,1,0,2,0,1,1,clean
0,1,2,0,ppg_dalia-S11-e0-clean-c2-B3,2,1,0,0,0,0,0,0.00770725286565721,ppg_dalia,66.700521111954,ppg_dalia-S11-e0,0,current_evidence,16.80324857030064,0,0,0,3460,2351.0,B3,1184,0,1,1,1,2,0,0.001564637990668416,test,S11,1,0,2,0,1,1,clean
0,1,2,0,ppg_dalia-S11-e0-clean-c2-M1,2,1,0,0,0,0,0,0.041201159125193954,ppg_dalia,66.29183439607732,ppg_dalia-S11-e0,0,current_evidence,16.806059791706502,0,0,0,3460,2351.0,M1,1184,0,1,1,1,2,0,0.009360127849504352,test,S11,1,0,2,0,1,1,clean
0,1,2,1,ppg_dalia-S11-e0-correction-c0-B0,0,2,1,0,0,0,0,0.009852479910477996,ppg_dalia,49.90161972702481,ppg_dalia-S11-e0,0,current_evidence,5.856211724225432,0,0,0,1396,2261.0,B0,410,0,0,3,0,2,0,0.0015287192072719336,test,S11,1,0,0,0,1,1,correction
0,1,2,0,ppg_dalia-S11-e0-correction-c0-B1,0,1,0,0,0,0,0,0.01086861896328628,ppg_dalia,61.3870843090117,ppg_dalia-S11-e0,0,current_evidence,11.488114029169083,0,0,0,3228,2261.0,B1,820,0,1,1,1,2,0,0.0014938698150217533,test,S11,1,0,0,0,1,1,correction
0,1,2,0,ppg_dalia-S11-e0-correction-c0-B2,0,1,0,0,0,0,0,0.05388561496511102,ppg_dalia,62.9413123219274,ppg_dalia-S11-e0,0,current_evidence,11.495777362957597,0,0,0,3228,2261.0,B2,820,0,1,1,1,2,0,0.005385320167988539,test,S11,1,0,0,0,1,1,correction
0,1,2,0,ppg_dalia-S11-e0-correction-c0-B3,0,1,0,0,0,0,0,0.010963016888126731,ppg_dalia,64.28153266594745,ppg_dalia-S11-e0,0,current_evidence,11.609630807768553,0,0,0,3228,2261.0,B3,820,0,1,1,1,2,0,0.0015090492088347673,test,S11,1,0,0,0,1,1,correction
0,1,2,0,ppg_dalia-S11-e0-correction-c0-M1,0,1,0,0,0,0,0,0.05845005204901099,ppg_dalia,63.97661217395216,ppg_dalia-S11-e0,0,current_evidence,11.498514537001029,0,0,0,3228,2261.0,M1,820,0,1,1,1,2,0,0.007731972960755229,test,S11,1,0,0,0,1,1,correction
0,1,2,1,ppg_dalia-S11-e0-correction-c1-B0,1,3,2,0,0,0,1,0.006683754036203027,ppg_dalia,49.35162354912609,ppg_dalia-S11-e0,0,current_evidence,8.40671771299094,0,0,1,1417,2291.0,B0,592,0,0,4,0,2,1,0.004661154933273792,test,S11,1,0,0,0,1,1,correction
0,1,2,0,ppg_dalia-S11-e0-correction-c1-B1,1,1,0,0,1,1,1,0.01904951292090118,ppg_dalia,61.72817454603501,ppg_dalia-S11-e0,0,current_evidence,16.65046688891016,0,0,0,3460,2291.0,B1,1184,0,1,1,1,2,0,0.004666894907131791,test,S11,1,0,0,0,1,1,correction
0,1,2,0,ppg_dalia-S11-e0-correction-c1-B2,1,1,0,0,1,1,1,0.05992007185705006,ppg_dalia,64.22475549113005,ppg_dalia-S11-e0,0,current_evidence,16.68318215291947,0,0,0,3460,2291.0,B2,1184,0,1,1,1,2,0,0.00888237007893622,test,S11,1,0,0,0,1,1,correction
0,1,2,0,ppg_dalia-S11-e0-correction-c1-B3,1,1,0,0,1,1,1,0.008130714064463973,ppg_dalia,65.90363977989182,ppg_dalia-S11-e0,0,current_evidence,16.71128372196108,0,0,0,3460,2291.0,B3,1184,0,1,1,1,2,0,0.0015933678951114416,test,S11,1,0,0,0,1,1,correction
0,1,2,0,ppg_dalia-S11-e0-correction-c1-M1,1,1,0,0,1,1,1,0.047488133888691664,ppg_dalia,65.94253990892321,ppg_dalia-S11-e0,0,current_evidence,16.88427877589129,0,0,0,3460,2291.0,M1,1184,0,1,1,1,2,0,0.008832411142066121,test,S11,1,0,0,0,1,1,correction
0,1,2,1,ppg_dalia-S11-e0-correction-c2-B0,2,3,2,0,0,0,1,0.00265436596237123,ppg_dalia,50.722524088807404,ppg_dalia-S11-e0,0,current_evidence,8.366784974001348,0,0,3,1417,2351.0,B0,592,0,0,4,0,2,1,0.0016362771857529879,test,S11,1,0,1,0,1,1,correction
0,1,2,0,ppg_dalia-S11-e0-correction-c2-B1,2,1,0,0,1,1,1,0.00750854704529047,ppg_dalia,61.92811083095148,ppg_dalia-S11-e0,0,current_evidence,16.71449308679439,0,0,0,3460,2351.0,B1,1184,0,1,1,1,2,0,0.0016368869692087173,test,S11,1,0,1,0,1,1,correction
0,1,2,0,ppg_dalia-S11-e0-correction-c2-B2,2,1,0,0,1,1,1,0.036109684966504574,ppg_dalia,65.81247768201865,ppg_dalia-S11-e0,0,current_evidence,16.573819756973535,0,0,0,3460,2351.0,B2,1184,0,1,1,1,2,0,0.005753342993557453,test,S11,1,0,1,0,1,1,correction
0,1,2,0,ppg_dalia-S11-e0-correction-c2-B3,2,1,0,0,1,1,1,0.0081916528288275,ppg_dalia,67.40641441801563,ppg_dalia-S11-e0,0,current_evidence,16.48031163914129,0,0,0,3460,2351.0,B3,1184,0,1,1,1,2,0,0.0016464071813970804,test,S11,1,0,1,0,1,1,correction
0,1,2,0,ppg_dalia-S11-e0-correction-c2-M1,2,1,0,0,1,1,1,0.041159072890877724,ppg_dalia,67.16637668712065,ppg_dalia-S11-e0,0,current_evidence,16.491344534093514,0,0,0,3460,2351.0,M1,1184,0,1,1,1,2,0,0.006357381120324135,test,S11,1,0,1,0,1,1,correction
0,0,0,1,ppg_dalia-S11-e0-delayed-c0-B0,0,3,3,0,0,0,0,0.008839149959385395,ppg_dalia,54.03459599497728,ppg_dalia-S11-e0,0,current_evidence,7.930104216793552,0,0,0,1291,2261.0,B0,563,0,0,4,0,2,0,0.0019396401476114988,test,S11,0,0,0,0,0,0,delayed
1,0,0,0,ppg_dalia-S11-e0-delayed-c0-B1,0,0,0,0,0,0,0,0.014393416000530124,ppg_dalia,64.24660195107572,ppg_dalia-S11-e0,0,current_evidence,15.928170467028394,0,0,0,3175,2261.0,B1,1136,0,0,0,1,2,0,0.0022091350983828306,test,S11,0,0,0,0,0,0,delayed
1,0,0,0,ppg_dalia-S11-e0-delayed-c0-B2,0,0,0,0,0,0,0,0.05058839684352279,ppg_dalia,64.24217154202051,ppg_dalia-S11-e0,0,current_evidence,15.93172205495648,0,0,0,3175,2261.0,B2,1136,0,0,0,1,2,0,0.006125475047156215,test,S11,0,0,0,0,0,0,delayed
1,0,0,0,ppg_dalia-S11-e0-delayed-c0-B3,0,0,0,0,0,0,0,0.010835939086973667,ppg_dalia,69.93518257397227,ppg_dalia-S11-e0,0,current_evidence,16.04938062094152,0,0,0,3175,2261.0,B3,1136,0,0,0,1,2,0,0.0014883889816701412,test,S11,0,0,0,0,0,0,delayed
1,0,0,0,ppg_dalia-S11-e0-delayed-c0-M1,0,0,0,0,0,0,0,0.06280961795710027,ppg_dalia,65.78505594981834,ppg_dalia-S11-e0,0,current_evidence,16.09961361484602,0,0,0,3175,2261.0,M1,1136,0,0,0,1,2,0,0.005516336997970939,test,S11,0,0,0,0,0,0,delayed
0,0,0,1,ppg_dalia-S11-e0-delayed-c1-B0,1,3,3,0,0,0,0,0.00467254500836134,ppg_dalia,49.099658271996304,ppg_dalia-S11-e0,0,current_evidence,7.843914007069543,0,0,3,1291,2291.0,B0,563,0,0,4,0,2,0,0.004012807970866561,test,S11,0,0,0,0,0,0,delayed
1,0,0,0,ppg_dalia-S11-e0-delayed-c1-B1,1,0,0,0,0,0,0,0.00882098008878529,ppg_dalia,58.56162555213086,ppg_dalia-S11-e0,0,current_evidence,15.60202429513447,0,0,0,3183,2291.0,B1,1116,0,0,0,1,2,0,0.0037788720801472664,test,S11,0,0,0,0,0,0,delayed
1,0,0,0,ppg_dalia-S11-e0-delayed-c1-B2,1,0,0,0,0,0,0,0.02814740501344204,ppg_dalia,58.75059652305208,ppg_dalia-S11-e0,0,current_evidence,15.63721753587015,0,0,0,3183,2291.0,B2,1116,0,0,0,1,2,0,0.011319068958982825,test,S11,0,0,0,0,0,0,delayed
1,0,0,0,ppg_dalia-S11-e0-delayed-c1-B3,1,0,0,0,0,0,0,0.006055817008018494,ppg_dalia,64.70664577698335,ppg_dalia-S11-e0,0,current_evidence,15.695994395995513,0,0,0,3183,2291.0,B3,1116,0,0,0,1,2,0,0.0015088990330696106,test,S11,0,0,0,0,0,0,delayed
1,0,0,0,ppg_dalia-S11-e0-delayed-c1-M1,1,0,0,0,0,0,0,0.019013002049177885,ppg_dalia,60.943314674077556,ppg_dalia-S11-e0,0,current_evidence,15.7481356728822,0,0,0,3183,2291.0,M1,1116,0,0,0,1,2,0,0.00995840597897768,test,S11,0,0,0,0,0,0,delayed
0,1,2,1,ppg_dalia-S11-e0-delayed-c2-B0,2,3,2,0,0,0,0,0.0025304779410362244,ppg_dalia,46.81383988796733,ppg_dalia-S11-e0,0,current_evidence,8.352736908011138,0,0,6,1396,2351.0,B0,595,0,0,4,0,2,0,0.0016109270509332418,test,S11,1,0,0,0,1,1,delayed
0,1,2,0,ppg_dalia-S11-e0-delayed-c2-B1,2,1,0,0,0,0,0,0.00433862186037004,ppg_dalia,58.18422079295851,ppg_dalia-S11-e0,0,current_evidence,16.655659302137792,0,0,0,3421,2351.0,B1,1190,0,1,1,1,2,0,0.0015299180522561073,test,S11,1,0,0,0,1,1,delayed
0,1,2,0,ppg_dalia-S11-e0-delayed-c2-B2,2,1,0,0,0,0,0,0.016370496014133096,ppg_dalia,59.18668237607926,ppg_dalia-S11-e0,0,current_evidence,16.628803132101893,0,0,0,3421,2351.0,B2,1190,0,1,1,1,2,0,0.006182243814691901,test,S11,1,0,0,0,1,1,delayed
0,1,2,0,ppg_dalia-S11-e0-delayed-c2-B3,2,1,0,0,0,0,0,0.004478737944737077,ppg_dalia,62.99109964794479,ppg_dalia-S11-e0,0,current_evidence,16.221288942266256,0,0,0,3421,2351.0,B3,1190,0,1,1,1,2,0,0.0015463591553270817,test,S11,1,0,0,0,1,1,delayed
0,1,2,0,ppg_dalia-S11-e0-delayed-c2-M1,2,1,0,0,0,0,0,0.014251409098505974,ppg_dalia,59.58879759488627,ppg_dalia-S11-e0,0,current_evidence,16.612070793053135,0,0,0,3421,2351.0,M1,1190,0,1,1,1,2,0,0.005760132102295756,test,S11,1,0,0,0,1,1,delayed
0,1,2,0,ppg_dalia-S11-e1-channel_fault-c0-B0,0,3,0,0,0,0,0,0.010390109848231077,ppg_dalia,8.507659076014534,ppg_dalia-S11-e1,0,revision_impact,8.47211411385797,0,0,0,1393,6786.0,B0,563,0,1,3,0,2,0,0.0015158201567828655,test,S11,2,0,0,1,1,3,channel_fault
0,1,2,0,ppg_dalia-S11-e1-channel_fault-c0-B1,0,3,0,0,0,0,0,0.011395750101655722,ppg_dalia,8.507480178959668,ppg_dalia-S11-e1,0,revision_impact,8.491529952036217,0,0,0,1393,6786.0,B1,563,0,1,3,0,2,0,0.0015066489577293396,test,S11,2,0,0,1,1,3,channel_fault
0,1,2,0,ppg_dalia-S11-e1-channel_fault-c0-B2,0,3,0,0,0,0,0,0.046044050017371774,ppg_dalia,8.494537111138925,ppg_dalia-S11-e1,0,revision_impact,8.439950624015182,0,0,0,1393,6786.0,B2,563,0,1,3,0,2,0,0.005377901019528508,test,S11,2,0,0,1,1,3,channel_fault
0,1,2,0,ppg_dalia-S11-e1-channel_fault-c0-B3,0,3,0,0,0,0,0,0.011561006773263216,ppg_dalia,16.32488005515188,ppg_dalia-S11-e1,0,revision_impact,7.959061014000326,0,0,0,1393,6786.0,B3,563,0,1,3,0,2,0,0.0015157388988882303,test,S11,2,0,0,1,1,3,channel_fault
0,1,2,0,ppg_dalia-S11-e1-channel_fault-c0-M1,0,3,0,0,0,0,0,0.05151731986552477,ppg_dalia,8.42745858617127,ppg_dalia-S11-e1,0,revision_impact,8.367363419150934,0,0,0,1393,6786.0,M1,563,0,1,3,0,2,0,0.005311183165758848,test,S11,2,0,0,1,1,3,channel_fault
0,1,2,0,ppg_dalia-S11-e1-channel_fault-c1-B0,1,3,0,0,0,0,1,0.013686024118214846,ppg_dalia,35.24239924410358,ppg_dalia-S11-e1,0,revision_impact,8.008686132961884,0,0,0,1978,6816.0,B0,563,0,1,3,0,2,1,0.0016998948995023966,test,S11,2,0,2,1,1,3,channel_fault
0,1,2,0,ppg_dalia-S11-e1-channel_fault-c1-B1,1,3,0,0,1,1,1,0.017869798932224512,ppg_dalia,36.861211494077,ppg_dalia-S11-e1,0,revision_impact,7.922306907130405,0,0,0,1978,6816.0,B1,563,0,1,3,0,2,0,0.001671945909038186,test,S11,2,0,2,1,1,3,channel_fault
0,1,2,0,ppg_dalia-S11-e1-channel_fault-c1-B2,1,3,0,0,1,1,1,0.08228520816192031,ppg_dalia,36.845591539051384,ppg_dalia-S11-e1,0,revision_impact,7.911358847981319,0,0,0,1978,6816.0,B2,563,0,1,3,0,2,0,0.0060650380328297615,test,S11,2,0,2,1,1,3,channel_fault
0,1,2,0,ppg_dalia-S11-e1-channel_fault-c1-B3,1,3,0,0,1,1,1,0.019021445885300636,ppg_dalia,43.01423726999201,ppg_dalia-S11-e1,0,revision_impact,7.989131927024573,0,0,0,1978,6816.0,B3,563,0,1,3,0,2,0,0.0016968748532235622,test,S11,2,0,2,1,1,3,channel_fault
0,1,2,0,ppg_dalia-S11-e1-channel_fault-c1-M1,1,3,0,0,1,1,1,0.09056747099384665,ppg_dalia,37.20070270798169,ppg_dalia-S11-e1,0,revision_impact,8.09570376505144,0,0,0,1978,6816.0,M1,563,0,1,3,0,2,0,0.005952569888904691,test,S11,2,0,2,1,1,3,channel_fault
0,1,2,0,ppg_dalia-S11-e1-channel_fault-c2-B0,2,3,0,0,0,0,1,0.005033028079196811,ppg_dalia,49.08654252602719,ppg_dalia-S11-e1,0,revision_impact,8.051665024831891,0,0,0,1969,6876.0,B0,563,0,1,3,0,2,1,0.001777163939550519,test,S11,2,0,5,1,1,3,channel_fault
0,1,2,0,ppg_dalia-S11-e1-channel_fault-c2-B1,2,3,0,0,1,1,1,0.019502936163917184,ppg_dalia,50.09767432580702,ppg_dalia-S11-e1,0,revision_impact,7.9287804460618645,0,0,0,1969,6876.0,B1,563,0,1,3,0,2,0,0.0018442028667777777,test,S11,2,0,5,1,1,3,channel_fault
0,1,2,0,ppg_dalia-S11-e1-channel_fault-c2-B2,2,3,0,0,1,1,1,0.13480662810616195,ppg_dalia,50.230896276189014,ppg_dalia-S11-e1,0,revision_impact,7.999727714108303,0,0,0,1969,6876.0,B2,563,0,1,3,0,2,0,0.006290333112701774,test,S11,2,0,5,1,1,3,channel_fault
0,1,2,0,ppg_dalia-S11-e1-channel_fault-c2-B3,2,3,0,0,1,1,1,0.028193339938297868,ppg_dalia,56.776555713033304,ppg_dalia-S11-e1,0,revision_impact,8.016719450009987,0,0,0,1969,6876.0,B3,563,0,1,3,0,2,0,0.0017688050866127014,test,S11,2,0,5,1,1,3,channel_fault
0,1,2,0,ppg_dalia-S11-e1-channel_fault-c2-M1,2,3,0,0,1,1,1,0.1507265460677445,ppg_dalia,51.33001329982653,ppg_dalia-S11-e1,0,revision_impact,8.151898050913587,0,0,0,1969,6876.0,M1,563,0,1,3,0,2,0,0.010168904904276133,test,S11,2,0,5,1,1,3,channel_fault
0,1,2,0,ppg_dalia-S11-e1-clean-c0-B0,0,3,0,0,0,0,0,0.009351002052426338,ppg_dalia,27.82354963803664,ppg_dalia-S11-e1,0,revision_impact,8.057476468151435,0,0,0,1393,6786.0,B0,563,0,1,3,0,2,0,0.0015180089976638556,test,S11,2,0,0,1,1,3,clean
0,1,2,0,ppg_dalia-S11-e1-clean-c0-B1,0,3,0,0,0,0,0,0.011127986013889313,ppg_dalia,27.817043979186565,ppg_dalia-S11-e1,0,revision_impact,8.040908402996138,0,0,0,1393,6786.0,B1,563,0,1,3,0,2,0,0.00150662986561656,test,S11,2,0,0,1,1,3,clean
0,1,2,0,ppg_dalia-S11-e1-clean-c0-B2,0,3,0,0,0,0,0,0.05257017118856311,ppg_dalia,27.8064998020418,ppg_dalia-S11-e1,0,revision_impact,8.039329463848844,0,0,0,1393,6786.0,B2,563,0,1,3,0,2,0,0.005306043196469545,test,S11,2,0,0,1,1,3,clean
0,1,2,0,ppg_dalia-S11-e1-clean-c0-B3,0,3,0,0,0,0,0,0.011699154041707516,ppg_dalia,35.63410693104379,ppg_dalia-S11-e1,0,revision_impact,7.932300111046061,0,0,0,1393,6786.0,B3,563,0,1,3,0,2,0,0.0015426089521497488,test,S11,2,0,0,1,1,3,clean
0,1,2,0,ppg_dalia-S11-e1-clean-c0-M1,0,3,0,0,0,0,0,0.05227545602247119,ppg_dalia,35.6799428879749,ppg_dalia-S11-e1,0,revision_impact,7.9210327179171145,0,0,0,1393,6786.0,M1,563,0,1,3,0,2,0,0.005334533052518964,test,S11,2,0,0,1,1,3,clean
0,1,2,0,ppg_dalia-S11-e1-clean-c1-B0,1,3,0,0,0,0,0,0.002611347008496523,ppg_dalia,55.331978656118736,ppg_dalia-S11-e1,0,revision_impact,7.839647796936333,0,0,0,1902,6816.0,B0,552,0,1,3,0,2,0,0.00161769799888134,test,S11,2,0,3,1,1,3,clean
0,1,2,0,ppg_dalia-S11-e1-clean-c1-B1,1,3,0,0,0,0,0,0.006786692887544632,ppg_dalia,55.54182226699777,ppg_dalia-S11-e1,0,revision_impact,7.776137707056478,0,0,0,1902,6816.0,B1,552,0,1,3,0,2,0,0.0016209380701184273,test,S11,2,0,3,1,1,3,clean
0,1,2,0,ppg_dalia-S11-e1-clean-c1-B2,1,3,0,0,0,0,0,0.028676952002570033,ppg_dalia,58.07854372099973,ppg_dalia-S11-e1,0,revision_impact,7.778260654071346,0,0,0,1902,6816.0,B2,552,0,1,3,0,2,0,0.005621726857498288,test,S11,2,0,3,1,1,3,clean
0,1,2,0,ppg_dalia-S11-e1-clean-c1-B3,1,3,0,0,0,0,0,0.007836851989850402,ppg_dalia,63.00956324697472,ppg_dalia-S11-e1,0,revision_impact,7.759901304030791,0,0,0,1902,6816.0,B3,552,0,1,3,0,2,0,0.0015980780590325594,test,S11,2,0,3,1,1,3,clean
0,1,2,0,ppg_dalia-S11-e1-clean-c1-M1,1,3,0,0,0,0,0,0.031547195045277476,ppg_dalia,62.921005070907995,ppg_dalia-S11-e1,0,revision_impact,7.88551066396758,0,0,0,1902,6816.0,M1,552,0,1,3,0,2,0,0.00560346688143909,test,S11,2,0,3,1,1,3,clean
0,1,2,0,ppg_dalia-S11-e1-clean-c2-B0,2,3,0,0,0,0,0,0.0026713861152529716,ppg_dalia,57.65808248287067,ppg_dalia-S11-e1,0,revision_impact,8.04243054217659,0,0,0,1891,6876.0,B0,563,0,1,3,0,2,0,0.0016601369716227055,test,S11,2,0,6,1,1,3,clean
0,1,2,0,ppg_dalia-S11-e1-clean-c2-B1,2,3,0,0,0,0,0,0.006805152865126729,ppg_dalia,58.22041350300424,ppg_dalia-S11-e1,0,revision_impact,7.979178836103529,0,0,0,1891,6876.0,B1,563,0,1,3,0,2,0,0.001640987116843462,test,S11,2,0,6,1,1,3,clean
0,1,2,0,ppg_dalia-S11-e1-clean-c2-B2,2,3,0,0,0,0,0,0.02804711484350264,ppg_dalia,60.56763958488591,ppg_dalia-S11-e1,0,revision_impact,7.985390061046928,0,0,0,1891,6876.0,B2,563,0,1,3,0,2,0,0.005647726822644472,test,S11,2,0,6,1,1,3,clean
0,1,2,0,ppg_dalia-S11-e1-clean-c2-B3,2,3,0,0,0,0,0,0.007902211043983698,ppg_dalia,66.08309342619032,ppg_dalia-S11-e1,0,revision_impact,7.94107207399793,0,0,0,1891,6876.0,B3,563,0,1,3,0,2,0,0.0016554959584027529,test,S11,2,0,6,1,1,3,clean
0,1,2,0,ppg_dalia-S11-e1-clean-c2-M1,2,3,0,0,0,0,0,0.03210901306010783,ppg_dalia,65.57698605279438,ppg_dalia-S11-e1,0,revision_impact,7.958147889003158,0,0,0,1891,6876.0,M1,563,0,1,3,0,2,0,0.006575767882168293,test,S11,2,0,6,1,1,3,clean
0,1,2,0,ppg_dalia-S11-e1-correction-c0-B0,0,3,0,0,0,0,0,0.009106454905122519,ppg_dalia,58.126156551996246,ppg_dalia-S11-e1,0,revision_impact,7.953790883999318,0,0,0,1393,6786.0,B0,563,0,1,3,0,2,0,0.001514539122581482,test,S11,2,0,0,1,1,3,correction
0,1,2,0,ppg_dalia-S11-e1-correction-c0-B1,0,3,0,0,0,0,0,0.010796360205858946,ppg_dalia,65.47328490298241,ppg_dalia-S11-e1,0,revision_impact,7.816721145994961,0,0,0,1393,6786.0,B1,563,0,1,3,0,2,0,0.0015282488893717527,test,S11,2,0,0,1,1,3,correction
0,1,2,0,ppg_dalia-S11-e1-correction-c0-B2,0,3,0,0,0,0,0,0.05446672113612294,ppg_dalia,65.67556369281374,ppg_dalia-S11-e1,0,revision_impact,7.850145885022357,0,0,0,1393,6786.0,B2,563,0,1,3,0,2,0,0.006015547085553408,test,S11,2,0,0,1,1,3,correction
0,1,2,0,ppg_dalia-S11-e1-correction-c0-B3,0,3,0,0,0,0,0,0.01076772017404437,ppg_dalia,68.30727147194557,ppg_dalia-S11-e1,0,revision_impact,7.926557567901909,0,0,0,1393,6786.0,B3,563,0,1,3,0,2,0,0.0015058990102261305,test,S11,2,0,0,1,1,3,correction
0,1,2,0,ppg_dalia-S11-e1-correction-c0-M1,0,3,0,0,0,0,0,0.053378252079710364,ppg_dalia,65.90473718382418,ppg_dalia-S11-e1,0,revision_impact,7.850189883960411,0,0,0,1393,6786.0,M1,563,0,1,3,0,2,0,0.005460618995130062,test,S11,2,0,0,1,1,3,correction
0,1,2,0,ppg_dalia-S11-e1-correction-c1-B0,1,3,0,0,0,0,1,0.002694734837859869,ppg_dalia,62.31479695485905,ppg_dalia-S11-e1,0,revision_impact,8.072884946828708,0,0,0,1902,6816.0,B0,563,0,1,3,0,2,1,0.0016059170011430979,test,S11,2,0,2,1,1,3,correction
0,1,2,0,ppg_dalia-S11-e1-correction-c1-B1,1,3,0,0,1,1,1,0.007994456915184855,ppg_dalia,67.11105894017965,ppg_dalia-S11-e1,0,revision_impact,7.953209286089987,0,0,0,1902,6816.0,B1,563,0,1,3,0,2,0,0.0016294869128614664,test,S11,2,0,2,1,1,3,correction
0,1,2,0,ppg_dalia-S11-e1-correction-c1-B2,1,3,0,0,1,1,1,0.0326400448102504,ppg_dalia,69.21496354206465,ppg_dalia-S11-e1,0,revision_impact,7.9628698490560055,0,0,0,1902,6816.0,B2,563,0,1,3,0,2,0,0.0057579530403018,test,S11,2,0,2,1,1,3,correction
0,1,2,0,ppg_dalia-S11-e1-correction-c1-B3,1,3,0,0,1,1,1,0.008643414126709104,ppg_dalia,70.17685288796201,ppg_dalia-S11-e1,0,revision_impact,7.95098592992872,0,0,0,1902,6816.0,B3,563,0,1,3,0,2,0,0.0016409570816904306,test,S11,2,0,2,1,1,3,correction
0,1,2,0,ppg_dalia-S11-e1-correction-c1-M1,1,3,0,0,1,1,1,0.03279419196769595,ppg_dalia,69.72503781085834,ppg_dalia-S11-e1,0,revision_impact,8.13190052495338,0,0,0,1902,6816.0,M1,563,0,1,3,0,2,0,0.005763131892308593,test,S11,2,0,2,1,1,3,correction
0,1,2,0,ppg_dalia-S11-e1-correction-c2-B0,2,3,0,0,0,0,1,0.0027194840367883444,ppg_dalia,66.7959607320372,ppg_dalia-S11-e1,0,revision_impact,8.040186981903389,0,0,0,1902,6876.0,B0,563,0,1,3,0,2,1,0.0016725859604775906,test,S11,2,0,5,1,1,3,correction
0,1,2,0,ppg_dalia-S11-e1-correction-c2-B1,2,3,0,0,1,1,1,0.008034685859456658,ppg_dalia,70.92170696612448,ppg_dalia-S11-e1,0,revision_impact,7.920396597124636,0,0,0,1902,6876.0,B1,563,0,1,3,0,2,0,0.001697115832939744,test,S11,2,0,5,1,1,3,correction
0,1,2,0,ppg_dalia-S11-e1-correction-c2-B2,2,3,0,0,1,1,1,0.06622174987569451,ppg_dalia,73.37434568000026,ppg_dalia-S11-e1,0,revision_impact,7.819116726983339,0,0,0,1902,6876.0,B2,563,0,1,3,0,2,0,0.006059797015041113,test,S11,2,0,5,1,1,3,correction
0,1,2,0,ppg_dalia-S11-e1-correction-c2-B3,2,3,0,0,1,1,1,0.008678484009578824,ppg_dalia,75.05933793494478,ppg_dalia-S11-e1,0,revision_impact,7.676544931950048,0,0,0,1902,6876.0,B3,563,0,1,3,0,2,0,0.0017094549257308245,test,S11,2,0,5,1,1,3,correction
0,1,2,0,ppg_dalia-S11-e1-correction-c2-M1,2,3,0,0,1,1,1,0.03747373609803617,ppg_dalia,74.45698211994022,ppg_dalia-S11-e1,0,revision_impact,7.744411308085546,0,0,0,1902,6876.0,M1,563,0,1,3,0,2,0,0.006546457065269351,test,S11,2,0,5,1,1,3,correction
0,0,1,1,ppg_dalia-S11-e1-delayed-c0-B0,0,2,1,0,0,0,0,0.010090463794767857,ppg_dalia,6.677358425222337,ppg_dalia-S11-e1,0,revision_impact,6.662109006894752,0,0,0,1288,6786.0,B0,425,0,0,2,0,2,0,0.0015011790674179792,test,S11,1,0,0,1,1,1,delayed
0,0,1,0,ppg_dalia-S11-e1-delayed-c0-B1,0,1,0,0,0,0,0,0.01239325711503625,ppg_dalia,12.682684001978487,ppg_dalia-S11-e1,0,revision_impact,12.664491713279858,0,0,0,3031,6786.0,B1,850,0,1,1,1,2,0,0.0015422380529344082,test,S11,1,0,0,1,1,1,delayed
0,0,1,0,ppg_dalia-S11-e1-delayed-c0-B2,0,1,0,0,0,0,0,0.05543085793033242,ppg_dalia,12.646736174821854,ppg_dalia-S11-e1,0,revision_impact,12.58090830873698,0,0,0,3031,6786.0,B2,850,0,1,1,1,2,0,0.005454509053379297,test,S11,1,0,0,1,1,1,delayed
0,0,1,0,ppg_dalia-S11-e1-delayed-c0-B3,0,1,0,0,0,0,0,0.0116925910115242,ppg_dalia,18.448408199939877,ppg_dalia-S11-e1,0,revision_impact,11.923101930879056,0,0,0,3031,6786.0,B3,850,0,1,1,1,2,0,0.0015119800809770823,test,S11,1,0,0,1,1,1,delayed
0,0,1,0,ppg_dalia-S11-e1-delayed-c0-M1,0,1,0,0,0,0,0,0.05428979196585715,ppg_dalia,12.592993061989546,ppg_dalia-S11-e1,0,revision_impact,12.528872841969132,0,0,0,3031,6786.0,M1,850,0,1,1,1,2,0,0.005513167008757591,test,S11,1,0,0,1,1,1,delayed
0,0,1,1,ppg_dalia-S11-e1-delayed-c1-B0,1,3,1,0,0,0,0,0.002858090912923217,ppg_dalia,46.33097010687925,ppg_dalia-S11-e1,0,revision_impact,7.785634286003187,0,0,1,1661,6816.0,B0,552,0,1,3,0,2,0,0.0025945669040083885,test,S11,1,0,1,1,1,2,delayed
0,0,1,0,ppg_dalia-S11-e1-delayed-c1-B1,1,2,0,0,0,0,0,0.006467467872425914,ppg_dalia,55.733825204195455,ppg_dalia-S11-e1,0,revision_impact,15.65876632812433,0,0,0,3903,6816.0,B1,1104,0,1,2,1,2,0,0.002512569073587656,test,S11,1,0,1,1,1,2,delayed
0,0,1,0,ppg_dalia-S11-e1-delayed-c1-B2,1,2,0,0,0,0,0,0.01829889602959156,ppg_dalia,56.06974171590991,ppg_dalia-S11-e1,0,revision_impact,15.719368418911472,0,0,0,3903,6816.0,B2,1104,0,1,2,1,2,0,0.0065634059719741344,test,S11,1,0,1,1,1,2,delayed
0,0,1,0,ppg_dalia-S11-e1-delayed-c1-B3,1,2,0,0,0,0,0,0.005002598045393825,ppg_dalia,62.02756426110864,ppg_dalia-S11-e1,0,revision_impact,15.75005815201439,0,0,0,3903,6816.0,B3,1104,0,1,2,1,2,0,0.0016813159454613924,test,S11,1,0,1,1,1,2,delayed
0,0,1,0,ppg_dalia-S11-e1-delayed-c1-M1,1,2,0,0,0,0,0,0.012357357889413834,ppg_dalia,60.62860286515206,ppg_dalia-S11-e1,0,revision_impact,15.862659824080765,0,0,0,3903,6816.0,M1,1104,0,1,2,1,2,0,0.005863730097189546,test,S11,1,0,1,1,1,2,delayed
0,1,2,0,ppg_dalia-S11-e1-delayed-c2-B0,2,3,0,0,0,0,0,0.0025827570352703333,ppg_dalia,50.68462279695086,ppg_dalia-S11-e1,0,revision_impact,7.986755919875577,0,0,2,1870,6876.0,B0,563,0,1,3,0,2,0,0.0016228570602834225,test,S11,2,0,3,1,1,3,delayed
0,1,2,0,ppg_dalia-S11-e1-delayed-c2-B1,2,3,0,0,0,0,0,0.004530497128143907,ppg_dalia,51.52275942405686,ppg_dalia-S11-e1,0,revision_impact,7.918724859133363,0,0,0,1870,6876.0,B1,563,0,1,3,0,2,0,0.0016175268683582544,test,S11,2,0,3,1,1,3,delayed
0,1,2,0,ppg_dalia-S11-e1-delayed-c2-B2,2,3,0,0,0,0,0,0.017756616929546,ppg_dalia,54.156291984021664,ppg_dalia-S11-e1,0,revision_impact,7.961383529007435,0,0,0,1870,6876.0,B2,563,0,1,3,0,2,0,0.005944889038801193,test,S11,2,0,3,1,1,3,delayed
0,1,2,0,ppg_dalia-S11-e1-delayed-c2-B3,2,3,0,0,0,0,0,0.00456532696262002,ppg_dalia,58.5922770020552,ppg_dalia-S11-e1,0,revision_impact,7.9606915230397135,0,0,0,1870,6876.0,B3,563,0,1,3,0,2,0,0.0015927471686154604,test,S11,2,0,3,1,1,3,delayed
0,1,2,0,ppg_dalia-S11-e1-delayed-c2-M1,2,3,0,0,0,0,0,0.015576791949570179,ppg_dalia,56.18772547598928,ppg_dalia-S11-e1,0,revision_impact,8.069287005113438,0,0,0,1870,6876.0,M1,563,0,1,3,0,2,0,0.005665563978254795,test,S11,2,0,3,1,1,3,delayed
0,1,2,0,ppg_dalia-S12-e0-channel_fault-c0-B0,0,3,0,0,0,0,0,0.01824242016300559,ppg_dalia,44.015110690146685,ppg_dalia-S12-e0,0,evidence_sufficiency,7.044077975209802,0,0,0,1382,1976.0,B0,495,0,0,3,0,2,0,0.001490399008616805,test,S12,2,0,0,1,1,3,channel_fault
0,1,2,0,ppg_dalia-S12-e0-channel_fault-c0-B1,0,3,0,0,0,0,0,0.010831720195710659,ppg_dalia,43.98911020811647,ppg_dalia-S12-e0,0,evidence_sufficiency,7.031852432992309,0,0,0,1382,1976.0,B1,495,0,0,3,0,2,0,0.0015057588461786509,test,S12,2,0,0,1,1,3,channel_fault
0,1,2,0,ppg_dalia-S12-e0-channel_fault-c0-B2,0,3,0,0,0,0,0,0.05497462209314108,ppg_dalia,50.94320549303666,ppg_dalia-S12-e0,0,evidence_sufficiency,6.958099242998287,0,0,0,1382,1976.0,B2,495,0,0,3,0,2,0,0.005505837965756655,test,S12,2,0,0,1,1,3,channel_fault
0,1,2,0,ppg_dalia-S12-e0-channel_fault-c0-B3,0,3,0,0,0,0,0,0.01112770289182663,ppg_dalia,51.90031903516501,ppg_dalia-S12-e0,0,evidence_sufficiency,6.93167562992312,0,0,0,1382,1976.0,B3,495,0,0,3,0,2,0,0.0015003301668912172,test,S12,2,0,0,1,1,3,channel_fault
0,1,2,0,ppg_dalia-S12-e0-channel_fault-c0-M1,0,3,0,0,0,0,0,0.05856999894604087,ppg_dalia,50.87164705712348,ppg_dalia-S12-e0,0,evidence_sufficiency,6.945263353874907,0,0,0,1382,1976.0,M1,495,0,0,3,0,2,0,0.005615966161713004,test,S12,2,0,0,1,1,3,channel_fault
0,1,2,0,ppg_dalia-S12-e0-channel_fault-c1-B0,1,3,0,0,0,0,1,0.004493598127737641,ppg_dalia,58.340656240005046,ppg_dalia-S12-e0,0,evidence_sufficiency,7.441194775048643,0,0,0,1470,2006.0,B0,514,0,1,3,0,2,1,0.001678895903751254,test,S12,2,0,2,1,1,3,channel_fault
0,1,2,0,ppg_dalia-S12-e0-channel_fault-c1-B1,1,3,0,0,1,1,1,0.017027433961629868,ppg_dalia,59.895909808110446,ppg_dalia-S12-e0,0,evidence_sufficiency,7.2040912609081715,0,0,0,1470,2006.0,B1,514,0,1,3,0,2,0,0.0016944659873843193,test,S12,2,0,2,1,1,3,channel_fault
0,1,2,0,ppg_dalia-S12-e0-channel_fault-c1-B2,1,3,0,0,1,1,1,0.09207822801545262,ppg_dalia,64.77988668601029,ppg_dalia-S12-e0,0,evidence_sufficiency,7.1948504380416125,0,0,0,1470,2006.0,B2,514,0,1,3,0,2,0,0.005718384170904756,test,S12,2,0,2,1,1,3,channel_fault
0,1,2,0,ppg_dalia-S12-e0-channel_fault-c1-B3,1,3,0,0,1,1,1,0.01974764885380864,ppg_dalia,65.26740235905163,ppg_dalia-S12-e0,0,evidence_sufficiency,7.19490523613058,0,0,0,1470,2006.0,B3,514,0,1,3,0,2,0,0.0016867259982973337,test,S12,2,0,2,1,1,3,channel_fault
0,1,2,0,ppg_dalia-S12-e0-channel_fault-c1-M1,1,3,0,0,1,1,1,0.13747911504469812,ppg_dalia,65.02916116197594,ppg_dalia-S12-e0,0,evidence_sufficiency,7.03708675596863,0,0,0,1470,2006.0,M1,487,0,0,3,0,2,0,0.009580085054039955,test,S12,2,0,2,1,1,3,channel_fault
0,1,2,0,ppg_dalia-S12-e0-channel_fault-c2-B0,2,3,0,0,0,0,1,0.004720024997368455,ppg_dalia,59.724329232936725,ppg_dalia-S12-e0,0,evidence_sufficiency,7.307727714069188,0,0,0,1470,2066.0,B0,514,0,1,3,0,2,1,0.001731834840029478,test,S12,2,0,5,1,1,3,channel_fault
0,1,2,0,ppg_dalia-S12-e0-channel_fault-c2-B1,2,3,0,0,1,1,1,0.01951638702303171,ppg_dalia,62.163808916229755,ppg_dalia-S12-e0,0,evidence_sufficiency,7.2236840759869665,0,0,0,1470,2066.0,B1,514,0,1,3,0,2,0,0.0017976041417568922,test,S12,2,0,5,1,1,3,channel_fault
0,1,2,0,ppg_dalia-S12-e0-channel_fault-c2-B2,2,3,0,0,1,1,1,0.15224518300965428,ppg_dalia,66.88801412004977,ppg_dalia-S12-e0,0,evidence_sufficiency,7.184780610958114,0,0,0,1470,2066.0,B2,514,0,1,3,0,2,0,0.01036506099626422,test,S12,2,0,5,1,1,3,channel_fault
0,1,2,0,ppg_dalia-S12-e0-channel_fault-c2-B3,2,3,0,0,1,1,1,0.033863737946376204,ppg_dalia,66.96328191296197,ppg_dalia-S12-e0,0,evidence_sufficiency,7.18624105094932,0,0,0,1470,2066.0,B3,514,0,1,3,0,2,0,0.001798812998458743,test,S12,2,0,5,1,1,3,channel_fault
0,1,2,0,ppg_dalia-S12-e0-channel_fault-c2-M1,2,3,0,0,1,1,1,0.21963906497694552,ppg_dalia,67.01618588808924,ppg_dalia-S12-e0,0,evidence_sufficiency,7.185080165043473,0,0,0,1470,2066.0,M1,514,0,1,3,0,2,0,0.023769730934873223,test,S12,2,0,5,1,1,3,channel_fault
0,1,2,0,ppg_dalia-S12-e0-clean-c0-B0,0,3,0,0,0,0,0,0.01037611998617649,ppg_dalia,7.860676910961047,ppg_dalia-S12-e0,0,evidence_sufficiency,7.845453128917143,0,0,0,1382,1976.0,B0,495,0,0,3,0,2,0,0.0015170699916779995,test,S12,2,0,0,1,1,3,clean
0,1,2,0,ppg_dalia-S12-e0-clean-c0-B1,0,3,0,0,0,0,0,0.011459657922387123,ppg_dalia,7.871225477894768,ppg_dalia-S12-e0,0,evidence_sufficiency,7.855315839871764,0,0,0,1382,1976.0,B1,495,0,0,3,0,2,0,0.0015156299341470003,test,S12,2,0,0,1,1,3,clean
0,1,2,0,ppg_dalia-S12-e0-clean-c0-B2,0,3,0,0,0,0,0,0.18825572915375233,ppg_dalia,7.8581842221319675,ppg_dalia-S12-e0,0,evidence_sufficiency,7.652523444965482,0,0,0,1382,1976.0,B2,495,0,0,3,0,2,0,0.012484397972002625,test,S12,2,0,0,1,1,3,clean
0,1,2,0,ppg_dalia-S12-e0-clean-c0-B3,0,3,0,0,0,0,0,0.016660413006320596,ppg_dalia,14.782862734049559,ppg_dalia-S12-e0,0,evidence_sufficiency,7.245891256956384,0,0,0,1382,1976.0,B3,522,0,1,3,0,2,0,0.0015113300178200006,test,S12,2,0,0,1,1,3,clean
0,1,2,0,ppg_dalia-S12-e0-clean-c0-M1,0,3,0,0,0,0,0,0.07593512604944408,ppg_dalia,7.635935230180621,ppg_dalia-S12-e0,0,evidence_sufficiency,7.545679771807045,0,0,0,1382,1976.0,M1,495,0,0,3,0,2,0,0.009232094045728445,test,S12,2,0,0,1,1,3,clean
0,1,2,0,ppg_dalia-S12-e0-clean-c1-B0,1,2,0,0,0,0,0,0.002805433003231883,ppg_dalia,55.51575536397286,ppg_dalia-S12-e0,0,evidence_sufficiency,5.05023005604744,0,0,0,1403,2006.0,B0,360,0,0,2,0,2,0,0.0018936819396913052,test,S12,2,0,3,1,1,2,clean
0,1,2,0,ppg_dalia-S12-e0-clean-c1-B1,1,2,0,0,0,0,0,0.007081625983119011,ppg_dalia,55.75884780404158,ppg_dalia-S12-e0,0,evidence_sufficiency,5.017884989036247,0,0,0,1403,2006.0,B1,360,0,0,2,0,2,0,0.001648506848141551,test,S12,2,0,3,1,1,2,clean
0,1,2,0,ppg_dalia-S12-e0-clean-c1-B2,1,2,0,0,0,0,0,0.042725067120045424,ppg_dalia,56.05656415200792,ppg_dalia-S12-e0,0,evidence_sufficiency,5.055320372804999,0,0,0,1403,2006.0,B2,360,0,0,2,0,2,0,0.00794966984540224,test,S12,2,0,3,1,1,2,clean
0,1,2,0,ppg_dalia-S12-e0-clean-c1-B3,1,2,0,0,0,0,0,0.00756050692871213,ppg_dalia,60.4899623838719,ppg_dalia-S12-e0,0,evidence_sufficiency,5.074334708042443,0,0,0,1403,2006.0,B3,360,0,0,2,0,2,0,0.001639657188206911,test,S12,2,0,3,1,1,2,clean
0,1,2,0,ppg_dalia-S12-e0-clean-c1-M1,1,2,0,0,0,0,0,0.031127520836889744,ppg_dalia,58.2080230161082,ppg_dalia-S12-e0,0,evidence_sufficiency,5.150647037895396,0,0,0,1403,2006.0,M1,360,0,0,2,0,2,0,0.005722573958337307,test,S12,2,0,3,1,1,2,clean
0,1,2,0,ppg_dalia-S12-e0-clean-c2-B0,2,2,0,0,0,0,0,0.003912990912795067,ppg_dalia,55.71085979300551,ppg_dalia-S12-e0,0,evidence_sufficiency,5.09932099096477,0,0,0,1403,2066.0,B0,360,0,0,2,0,2,0,0.0026224469766020775,test,S12,2,0,5,1,1,2,clean
0,1,2,0,ppg_dalia-S12-e0-clean-c2-B1,2,2,0,0,0,0,0,0.010188384912908077,ppg_dalia,58.39482830394991,ppg_dalia-S12-e0,0,evidence_sufficiency,5.023706369102001,0,0,0,1403,2066.0,B1,360,0,0,2,0,2,0,0.002611367031931877,test,S12,2,0,5,1,1,2,clean
0,1,2,0,ppg_dalia-S12-e0-clean-c2-B2,2,2,0,0,0,0,0,0.032985253958031535,ppg_dalia,60.640605211025104,ppg_dalia-S12-e0,0,evidence_sufficiency,5.073972713202238,0,0,0,1403,2066.0,B2,360,0,0,2,0,2,0,0.00596833904273808,test,S12,2,0,5,1,1,2,clean
0,1,2,0,ppg_dalia-S12-e0-clean-c2-B3,2,2,0,0,0,0,0,0.008186894934624434,ppg_dalia,61.96192663698457,ppg_dalia-S12-e0,0,evidence_sufficiency,5.250319469952956,0,0,0,1403,2066.0,B3,360,0,0,2,0,2,0,0.0017965428996831179,test,S12,2,0,5,1,1,2,clean
0,1,2,0,ppg_dalia-S12-e0-clean-c2-M1,2,2,0,0,0,0,0,0.03643710492178798,ppg_dalia,60.74114865809679,ppg_dalia-S12-e0,0,evidence_sufficiency,5.082659707870334,0,0,0,1403,2066.0,M1,360,0,0,2,0,2,0,0.0061507448554039,test,S12,2,0,5,1,1,2,clean
0,1,2,0,ppg_dalia-S12-e0-correction-c0-B0,0,3,0,0,0,0,0,0.009411228122189641,ppg_dalia,42.33421654603444,ppg_dalia-S12-e0,0,evidence_sufficiency,7.053198416950181,0,0,0,1382,1976.0,B0,495,0,0,3,0,2,0,0.001508618937805295,test,S12,2,0,0,1,1,3,correction
0,1,2,0,ppg_dalia-S12-e0-correction-c0-B1,0,3,0,0,0,0,0,0.01937056495808065,ppg_dalia,42.329218877945095,ppg_dalia-S12-e0,0,evidence_sufficiency,7.049240118125454,0,0,0,1382,1976.0,B1,495,0,0,3,0,2,0,0.0014928190503269434,test,S12,2,0,0,1,1,3,correction
0,1,2,0,ppg_dalia-S12-e0-correction-c0-B2,0,3,0,0,0,0,0,0.057370539056137204,ppg_dalia,49.291298233903944,ppg_dalia-S12-e0,0,evidence_sufficiency,6.975124419899657,0,0,0,1382,1976.0,B2,495,0,0,3,0,2,0,0.005696713924407959,test,S12,2,0,0,1,1,3,correction
0,1,2,0,ppg_dalia-S12-e0-correction-c0-B3,0,3,0,0,0,0,0,0.013253089971840382,ppg_dalia,49.66369460709393,ppg_dalia-S12-e0,0,evidence_sufficiency,7.347237478941679,0,0,0,1382,1976.0,B3,522,0,1,3,0,2,0,0.0015029190108180046,test,S12,2,0,0,1,1,3,correction
0,1,2,0,ppg_dalia-S12-e0-correction-c0-M1,0,3,0,0,0,0,0,0.07355918898247182,ppg_dalia,49.25269369198941,ppg_dalia-S12-e0,0,evidence_sufficiency,6.99568954994902,0,0,0,1382,1976.0,M1,495,0,0,3,0,2,0,0.008735982002690434,test,S12,2,0,0,1,1,3,correction
0,1,2,0,ppg_dalia-S12-e0-correction-c1-B0,1,2,0,0,0,0,1,0.0026309259701520205,ppg_dalia,47.880353088956326,ppg_dalia-S12-e0,0,evidence_sufficiency,5.131235145032406,0,0,0,1403,2006.0,B0,360,0,0,2,0,2,1,0.0016391859389841557,test,S12,2,0,2,1,1,2,correction
0,1,2,0,ppg_dalia-S12-e0-correction-c1-B1,1,2,0,0,1,1,1,0.007672813022509217,ppg_dalia,51.066504631889984,ppg_dalia-S12-e0,0,evidence_sufficiency,5.072736409958452,0,0,0,1403,2006.0,B1,360,0,0,2,0,2,0,0.001656587002798915,test,S12,2,0,2,1,1,2,correction
0,1,2,0,ppg_dalia-S12-e0-correction-c1-B2,1,2,0,0,1,1,1,0.051467809826135635,ppg_dalia,52.97971103503369,ppg_dalia-S12-e0,0,evidence_sufficiency,5.108105078106746,0,0,0,1403,2006.0,B2,360,0,0,2,0,2,0,0.04378361697308719,test,S12,2,0,2,1,1,2,correction
0,1,2,0,ppg_dalia-S12-e0-correction-c1-B3,1,2,0,0,1,1,1,0.015186170116066933,ppg_dalia,56.05912305507809,ppg_dalia-S12-e0,0,evidence_sufficiency,5.1342379241250455,0,0,0,1403,2006.0,B3,360,0,0,2,0,2,0,0.0017299049068242311,test,S12,2,0,2,1,1,2,correction
0,1,2,0,ppg_dalia-S12-e0-correction-c1-M1,1,2,0,0,1,1,1,0.03675021999515593,ppg_dalia,54.79791329591535,ppg_dalia-S12-e0,0,evidence_sufficiency,5.126707607181743,0,0,0,1403,2006.0,M1,360,0,0,2,0,2,0,0.006593964993953705,test,S12,2,0,2,1,1,2,correction
0,1,2,0,ppg_dalia-S12-e0-correction-c2-B0,2,3,0,0,0,0,1,0.003872060915455222,ppg_dalia,50.542083465028554,ppg_dalia-S12-e0,0,evidence_sufficiency,7.263004277832806,0,0,0,1403,2066.0,B0,514,0,1,3,0,2,1,0.001659916015341878,test,S12,2,0,4,1,1,3,correction
0,1,2,0,ppg_dalia-S12-e0-correction-c2-B1,2,2,0,0,1,1,1,0.00880757998675108,ppg_dalia,52.299022557912394,ppg_dalia-S12-e0,0,evidence_sufficiency,5.037006288999692,0,0,0,1403,2066.0,B1,360,0,0,2,0,2,0,0.0017141548451036215,test,S12,2,0,4,1,1,2,correction
0,1,2,0,ppg_dalia-S12-e0-correction-c2-B2,2,2,0,0,1,1,1,0.03802031395025551,ppg_dalia,52.89995030290447,ppg_dalia-S12-e0,0,evidence_sufficiency,5.105817683972418,0,0,0,1403,2066.0,B2,360,0,0,2,0,2,0,0.006195643218234181,test,S12,2,0,4,1,1,2,correction
0,1,2,0,ppg_dalia-S12-e0-correction-c2-B3,2,2,0,0,1,1,1,0.008759960997849703,ppg_dalia,56.48605796392076,ppg_dalia-S12-e0,0,evidence_sufficiency,5.121766758849844,0,0,0,1403,2066.0,B3,360,0,0,2,0,2,0,0.0016762660816311836,test,S12,2,0,4,1,1,2,correction
0,1,2,0,ppg_dalia-S12-e0-correction-c2-M1,2,2,0,0,1,1,1,0.037773689022287726,ppg_dalia,55.59171054698527,ppg_dalia-S12-e0,0,evidence_sufficiency,5.10349236195907,0,0,0,1403,2066.0,M1,360,0,0,2,0,2,0,0.006641895044595003,test,S12,2,0,4,1,1,2,correction
0,0,1,1,ppg_dalia-S12-e0-delayed-c0-B0,0,3,1,0,0,0,0,0.00888794008642435,ppg_dalia,38.32721666386351,ppg_dalia-S12-e0,0,evidence_sufficiency,7.424228059127927,0,0,0,1276,1976.0,B0,513,0,1,3,0,2,0,0.0014864299446344376,test,S12,1,0,0,1,1,2,delayed
0,0,1,0,ppg_dalia-S12-e0-delayed-c0-B1,0,2,0,0,0,0,0,0.01125391200184822,ppg_dalia,52.376971893943846,ppg_dalia-S12-e0,0,evidence_sufficiency,14.325751504860818,0,0,0,3107,1976.0,B1,1022,0,1,2,1,2,0,0.001492530107498169,test,S12,1,0,0,1,1,2,delayed
0,0,1,0,ppg_dalia-S12-e0-delayed-c0-B2,0,2,0,0,0,0,0,0.05252750590443611,ppg_dalia,52.64303853898309,ppg_dalia-S12-e0,0,evidence_sufficiency,14.32882620417513,0,0,0,3107,1976.0,B2,1022,0,1,2,1,2,0,0.005349172046408057,test,S12,1,0,0,1,1,2,delayed
0,0,1,0,ppg_dalia-S12-e0-delayed-c0-B3,0,2,0,0,0,0,0,0.010860810987651348,ppg_dalia,52.11802313500084,ppg_dalia-S12-e0,0,evidence_sufficiency,13.555511833867058,0,0,0,3076,1976.0,B3,960,0,1,2,1,2,0,0.0015042389277368784,test,S12,1,0,0,1,1,2,delayed
0,0,1,0,ppg_dalia-S12-e0-delayed-c0-M1,0,2,0,0,0,0,0,0.051052236929535866,ppg_dalia,52.15517370309681,ppg_dalia-S12-e0,0,evidence_sufficiency,13.535994148813188,0,0,0,3076,1976.0,M1,960,0,1,2,1,2,0,0.005359622184187174,test,S12,1,0,0,1,1,2,delayed
0,0,1,1,ppg_dalia-S12-e0-delayed-c1-B0,1,3,1,0,0,0,0,0.004750713938847184,ppg_dalia,44.125525646843016,ppg_dalia-S12-e0,0,evidence_sufficiency,7.6115220580250025,0,0,1,1276,2006.0,B0,513,0,1,3,0,2,0,0.003997819032520056,test,S12,1,0,2,1,1,2,delayed
0,0,1,0,ppg_dalia-S12-e0-delayed-c1-B1,1,1,0,0,0,0,0,0.009006377076730132,ppg_dalia,52.091317765181884,ppg_dalia-S12-e0,0,evidence_sufficiency,10.469262392027304,0,0,0,2972,2006.0,B1,750,0,1,1,1,2,0,0.0026111281476914883,test,S12,1,0,2,1,1,1,delayed
0,0,1,0,ppg_dalia-S12-e0-delayed-c1-B2,1,2,0,0,0,0,0,0.019438065821304917,ppg_dalia,56.525596513878554,ppg_dalia-S12-e0,0,evidence_sufficiency,14.374155124882236,0,0,0,3109,2006.0,B2,1026,0,1,2,1,2,0,0.009640445001423359,test,S12,1,0,2,1,1,2,delayed
0,0,1,0,ppg_dalia-S12-e0-delayed-c1-B3,1,2,0,0,0,0,0,0.0037830539513379335,ppg_dalia,58.45299381716177,ppg_dalia-S12-e0,0,evidence_sufficiency,14.401071010157466,0,0,0,3109,2006.0,B3,1026,0,1,2,1,2,0,0.0015543780755251646,test,S12,1,0,2,1,1,2,delayed
0,0,1,0,ppg_dalia-S12-e0-delayed-c1-M1,1,2,0,0,0,0,0,0.018701030872762203,ppg_dalia,57.013076429022476,ppg_dalia-S12-e0,0,evidence_sufficiency,14.497309013968334,0,0,0,3109,2006.0,M1,1026,0,1,2,1,2,0,0.007636475842446089,test,S12,1,0,2,1,1,2,delayed
0,1,2,0,ppg_dalia-S12-e0-delayed-c2-B0,2,3,0,0,0,0,0,0.0029521698597818613,ppg_dalia,42.54371047997847,ppg_dalia-S12-e0,0,evidence_sufficiency,7.344255035975948,0,0,2,1382,2066.0,B0,522,0,1,3,0,2,0,0.0016945360694080591,test,S12,2,0,4,1,1,3,delayed
0,1,2,0,ppg_dalia-S12-e0-delayed-c2-B1,2,3,0,0,0,0,0,0.0047180140390992165,ppg_dalia,43.09704648097977,ppg_dalia-S12-e0,0,evidence_sufficiency,7.314511838136241,0,0,0,1382,2066.0,B1,522,0,1,3,0,2,0,0.001612028107047081,test,S12,2,0,3,1,1,3,delayed
0,1,2,0,ppg_dalia-S12-e0-delayed-c2-B2,2,3,0,0,0,0,0,0.01711724395863712,ppg_dalia,48.6732523990795,ppg_dalia-S12-e0,0,evidence_sufficiency,7.023275143001229,0,0,0,1382,2066.0,B2,522,0,1,3,0,2,0,0.005893021123483777,test,S12,2,0,4,1,1,3,delayed
0,1,2,0,ppg_dalia-S12-e0-delayed-c2-B3,2,3,0,0,0,0,0,0.010224962839856744,ppg_dalia,49.841003677109256,ppg_dalia-S12-e0,0,evidence_sufficiency,6.927636918146163,0,0,0,1382,2066.0,B3,522,0,1,3,0,2,0,0.001596198184415698,test,S12,2,0,4,1,1,3,delayed
0,1,2,0,ppg_dalia-S12-e0-delayed-c2-M1,2,3,0,0,0,0,0,0.015607865061610937,ppg_dalia,49.47937656613067,ppg_dalia-S12-e0,0,evidence_sufficiency,6.9641887890174985,0,0,0,1382,2066.0,M1,522,0,1,3,0,2,0,0.006294152000918984,test,S12,2,0,4,1,1,3,delayed
0,1,2,0,ppg_dalia-S12-e1-channel_fault-c0-B0,0,3,0,0,0,0,0,0.009310219902545214,ppg_dalia,55.10194851504639,ppg_dalia-S12-e1,0,evidence_sufficiency,8.9563529829029,0,0,0,1380,5936.0,B0,631,0,1,3,0,2,0,0.0015028801281005144,test,S12,2,0,0,1,1,3,channel_fault
0,1,2,0,ppg_dalia-S12-e1-channel_fault-c0-B1,0,3,0,0,0,0,0,0.011429136851802468,ppg_dalia,60.81068453704938,ppg_dalia-S12-e1,0,evidence_sufficiency,8.85907474020496,0,0,0,1380,5936.0,B1,631,0,1,3,0,2,0,0.0015260390937328339,test,S12,2,0,0,1,1,3,channel_fault
0,1,2,0,ppg_dalia-S12-e1-channel_fault-c0-B2,0,3,0,0,0,0,0,0.05499169696122408,ppg_dalia,62.32711209519766,ppg_dalia-S12-e1,0,evidence_sufficiency,8.898438225965947,0,0,0,1380,5936.0,B2,631,0,1,3,0,2,0,0.005449629155918956,test,S12,2,0,0,1,1,3,channel_fault
0,1,2,0,ppg_dalia-S12-e1-channel_fault-c0-B3,0,3,0,0,0,0,0,0.011708681005984545,ppg_dalia,65.37740800599568,ppg_dalia-S12-e1,0,evidence_sufficiency,8.931070160120726,0,0,0,1380,5936.0,B3,631,0,1,3,0,2,0,0.001509669004008174,test,S12,2,0,0,1,1,3,channel_fault
0,1,2,0,ppg_dalia-S12-e1-channel_fault-c0-M1,0,3,0,0,0,0,0,0.05960149294696748,ppg_dalia,63.89914975804277,ppg_dalia-S12-e1,0,evidence_sufficiency,8.876060053007677,0,0,0,1380,5936.0,M1,631,0,1,3,0,2,0,0.008097775047644973,test,S12,2,0,0,1,1,3,channel_fault
0,1,2,0,ppg_dalia-S12-e1-channel_fault-c1-B0,1,3,0,0,0,0,1,0.004878751002252102,ppg_dalia,57.31580977491103,ppg_dalia-S12-e1,0,evidence_sufficiency,7.197115682065487,0,0,0,1468,5966.0,B0,510,0,0,3,0,2,1,0.0016886850353330374,test,S12,2,0,2,1,1,3,channel_fault
0,1,2,0,ppg_dalia-S12-e1-channel_fault-c1-B1,1,3,0,0,1,1,1,0.017788547091186047,ppg_dalia,57.69870229694061,ppg_dalia-S12-e1,0,evidence_sufficiency,7.120527005987242,0,0,0,1468,5966.0,B1,510,0,0,3,0,2,0,0.001671485835686326,test,S12,2,0,2,1,1,3,channel_fault
0,1,2,0,ppg_dalia-S12-e1-channel_fault-c1-B2,1,3,0,0,1,1,1,0.2337358279619366,ppg_dalia,58.91590400389396,ppg_dalia-S12-e1,0,evidence_sufficiency,7.150722190039232,0,0,0,1468,5966.0,B2,510,0,0,3,0,2,0,0.009864669060334563,test,S12,2,0,2,1,1,3,channel_fault
0,1,2,0,ppg_dalia-S12-e1-channel_fault-c1-B3,1,3,0,0,1,1,1,0.022742755943909287,ppg_dalia,64.01441724505275,ppg_dalia-S12-e1,0,evidence_sufficiency,7.110890812939033,0,0,0,1468,5966.0,B3,508,0,0,3,0,2,0,0.0016687759198248386,test,S12,2,0,2,1,1,3,channel_fault
0,1,2,0,ppg_dalia-S12-e1-channel_fault-c1-M1,1,3,0,0,1,1,1,0.13747714296914637,ppg_dalia,61.48974055307917,ppg_dalia-S12-e1,0,evidence_sufficiency,7.216682523023337,0,0,0,1468,5966.0,M1,510,0,0,3,0,2,0,0.006114774849265814,test,S12,2,0,2,1,1,3,channel_fault
0,1,2,0,ppg_dalia-S12-e1-channel_fault-c2-B0,2,3,0,0,0,0,1,0.0044056999031454325,ppg_dalia,51.74910265300423,ppg_dalia-S12-e1,0,evidence_sufficiency,7.533317648107186,0,0,0,1468,6026.0,B0,536,0,0,3,0,2,1,0.0017336851451545954,test,S12,2,0,5,1,1,3,channel_fault
0,1,2,0,ppg_dalia-S12-e1-channel_fault-c2-B1,2,3,0,0,1,1,1,0.020084090065211058,ppg_dalia,54.135424820007756,ppg_dalia-S12-e1,0,evidence_sufficiency,7.452528247842565,0,0,0,1468,6026.0,B1,536,0,0,3,0,2,0,0.0018159330356866121,test,S12,2,0,5,1,1,3,channel_fault
0,1,2,0,ppg_dalia-S12-e1-channel_fault-c2-B2,2,3,0,0,1,1,1,0.09810792608186603,ppg_dalia,54.554750077892095,ppg_dalia-S12-e1,0,evidence_sufficiency,7.4380116439424455,0,0,0,1468,6026.0,B2,536,0,0,3,0,2,0,0.006252103019505739,test,S12,2,0,5,1,1,3,channel_fault
0,1,2,0,ppg_dalia-S12-e1-channel_fault-c2-B3,2,3,0,0,1,1,1,0.026006249012425542,ppg_dalia,58.44933417090215,ppg_dalia-S12-e1,0,evidence_sufficiency,6.994097708025947,0,0,0,1468,6026.0,B3,536,0,0,3,0,2,0,0.0017664739862084389,test,S12,2,0,5,1,1,3,channel_fault
0,1,2,0,ppg_dalia-S12-e1-channel_fault-c2-M1,2,3,0,0,1,1,1,0.1554793450050056,ppg_dalia,55.266870588995516,ppg_dalia-S12-e1,0,evidence_sufficiency,7.397630569059402,0,0,0,1468,6026.0,M1,536,0,0,3,0,2,0,0.010315010091289878,test,S12,2,0,5,1,1,3,channel_fault
0,1,2,0,ppg_dalia-S12-e1-clean-c0-B0,0,3,0,0,0,0,0,0.018925292883068323,ppg_dalia,49.24422303587198,ppg_dalia-S12-e1,0,evidence_sufficiency,8.895745831076056,0,0,0,1380,5936.0,B0,631,0,1,3,0,2,0,0.0015000791754573584,test,S12,2,0,0,1,1,3,clean
0,1,2,0,ppg_dalia-S12-e1-clean-c0-B1,0,3,0,0,0,0,0,0.011282510124146938,ppg_dalia,49.22601342690177,ppg_dalia-S12-e1,0,evidence_sufficiency,8.894742641132325,0,0,0,1380,5936.0,B1,631,0,1,3,0,2,0,0.0014967687893658876,test,S12,2,0,0,1,1,3,clean
0,1,2,0,ppg_dalia-S12-e1-clean-c0-B2,0,3,0,0,0,0,0,0.05441164900548756,ppg_dalia,54.318812132114545,ppg_dalia-S12-e1,0,evidence_sufficiency,8.808074057102203,0,0,0,1380,5936.0,B2,631,0,1,3,0,2,0,0.005496588069945574,test,S12,2,0,0,1,1,3,clean
0,1,2,0,ppg_dalia-S12-e1-clean-c0-B3,0,3,0,0,0,0,0,0.011212220881134272,ppg_dalia,57.9154989188537,ppg_dalia-S12-e1,0,evidence_sufficiency,8.82103468501009,0,0,0,1380,5936.0,B3,631,0,1,3,0,2,0,0.0015052601229399443,test,S12,2,0,0,1,1,3,clean
0,1,2,0,ppg_dalia-S12-e1-clean-c0-M1,0,3,0,0,0,0,0,0.056242921855300665,ppg_dalia,55.0767590040341,ppg_dalia-S12-e1,0,evidence_sufficiency,9.033315196167678,0,0,0,1380,5936.0,M1,631,0,1,3,0,2,0,0.005404178984463215,test,S12,2,0,0,1,1,3,clean
0,1,2,0,ppg_dalia-S12-e1-clean-c1-B0,1,3,0,0,0,0,0,0.002586507936939597,ppg_dalia,44.890491276048124,ppg_dalia-S12-e1,0,evidence_sufficiency,7.5773109120782465,0,0,0,1401,5966.0,B0,536,0,0,3,0,2,0,0.00158374710008502,test,S12,2,0,3,1,1,3,clean
0,1,2,0,ppg_dalia-S12-e1-clean-c1-B1,1,3,0,0,0,0,0,0.006783972028642893,ppg_dalia,46.43460656097159,ppg_dalia-S12-e1,0,evidence_sufficiency,7.42952369293198,0,0,0,1401,5966.0,B1,536,0,0,3,0,2,0,0.0016090169083327055,test,S12,2,0,3,1,1,3,clean
0,1,2,0,ppg_dalia-S12-e1-clean-c1-B2,1,3,0,0,0,0,0,0.04134569806046784,ppg_dalia,48.451366138178855,ppg_dalia-S12-e1,0,evidence_sufficiency,7.468581296969205,0,0,0,1401,5966.0,B2,539,0,1,3,0,2,0,0.007632443914189935,test,S12,2,0,3,1,1,3,clean
0,1,2,0,ppg_dalia-S12-e1-clean-c1-B3,1,3,0,0,0,0,0,0.007329700980335474,ppg_dalia,52.250689850887284,ppg_dalia-S12-e1,0,evidence_sufficiency,7.452412406913936,0,0,0,1401,5966.0,B3,536,0,0,3,0,2,0,0.001564358128234744,test,S12,2,0,3,1,1,3,clean
0,1,2,0,ppg_dalia-S12-e1-clean-c1-M1,1,3,0,0,0,0,0,0.027152416994795203,ppg_dalia,50.340758809121326,ppg_dalia-S12-e1,0,evidence_sufficiency,7.809828856959939,0,0,0,1401,5966.0,M1,536,0,0,3,0,2,0,0.005576616153120995,test,S12,2,0,3,1,1,3,clean
0,1,2,0,ppg_dalia-S12-e1-clean-c2-B0,2,3,0,0,0,0,0,0.004343901993706822,ppg_dalia,58.24075513705611,ppg_dalia-S12-e1,0,evidence_sufficiency,7.547335783019662,0,0,0,1401,6026.0,B0,536,0,0,3,0,2,0,0.0017075450159609318,test,S12,2,0,6,1,1,3,clean
0,1,2,0,ppg_dalia-S12-e1-clean-c2-B1,2,3,0,0,0,0,0,0.007096725050359964,ppg_dalia,58.97820368502289,ppg_dalia-S12-e1,0,evidence_sufficiency,7.520245064981282,0,0,0,1401,6026.0,B1,536,0,0,3,0,2,0,0.0016647859010845423,test,S12,2,0,6,1,1,3,clean
0,1,2,0,ppg_dalia-S12-e1-clean-c2-B2,2,3,0,0,0,0,0,0.03348738816566765,ppg_dalia,63.87266843998805,ppg_dalia-S12-e1,0,evidence_sufficiency,7.4769259369932115,0,0,0,1401,6026.0,B2,536,0,0,3,0,2,0,0.006447279127314687,test,S12,2,0,6,1,1,3,clean
0,1,2,0,ppg_dalia-S12-e1-clean-c2-B3,2,3,0,0,0,0,0,0.008286121068522334,ppg_dalia,65.63693757005967,ppg_dalia-S12-e1,0,evidence_sufficiency,7.488485682057217,0,0,0,1401,6026.0,B3,536,0,0,3,0,2,0,0.0016569460276514292,test,S12,2,0,6,1,1,3,clean
0,1,2,0,ppg_dalia-S12-e1-clean-c2-M1,2,3,0,0,0,0,0,0.03397840796969831,ppg_dalia,64.77711256500334,ppg_dalia-S12-e1,0,evidence_sufficiency,7.5270140171051025,0,0,0,1401,6026.0,M1,539,0,1,3,0,2,0,0.0058534599374979734,test,S12,2,0,6,1,1,3,clean
0,1,2,0,ppg_dalia-S12-e1-correction-c0-B0,0,3,0,0,0,0,0,0.009567259112372994,ppg_dalia,31.577718498185277,ppg_dalia-S12-e1,0,evidence_sufficiency,8.963911664905027,0,0,0,1380,5936.0,B0,631,0,1,3,0,2,0,0.0015052799135446548,test,S12,2,0,0,1,1,3,correction
0,1,2,0,ppg_dalia-S12-e1-correction-c0-B1,0,3,0,0,0,0,0,0.021502140909433365,ppg_dalia,31.568978580879048,ppg_dalia-S12-e1,0,evidence_sufficiency,8.957842935808003,0,0,0,1380,5936.0,B1,631,0,1,3,0,2,0,0.001503359992057085,test,S12,2,0,0,1,1,3,correction
0,1,2,0,ppg_dalia-S12-e1-correction-c0-B2,0,3,0,0,0,0,0,0.054650689009577036,ppg_dalia,38.059923260007054,ppg_dalia-S12-e1,0,evidence_sufficiency,8.875421270960942,0,0,0,1380,5936.0,B2,631,0,1,3,0,2,0,0.005373123101890087,test,S12,2,0,0,1,1,3,correction
0,1,2,0,ppg_dalia-S12-e1-correction-c0-B3,0,3,0,0,0,0,0,0.011314634000882506,ppg_dalia,40.30529139912687,ppg_dalia-S12-e1,0,evidence_sufficiency,8.874794183997437,0,0,0,1380,5936.0,B3,631,0,1,3,0,2,0,0.0015104899648576975,test,S12,2,0,0,1,1,3,correction
0,1,2,0,ppg_dalia-S12-e1-correction-c0-M1,0,3,0,0,0,0,0,0.05268483888357878,ppg_dalia,39.54599938890897,ppg_dalia-S12-e1,0,evidence_sufficiency,8.968130391091108,0,0,0,1380,5936.0,M1,631,0,1,3,0,2,0,0.0053709931671619415,test,S12,2,0,0,1,1,3,correction
0,1,2,0,ppg_dalia-S12-e1-correction-c1-B0,1,3,0,0,0,0,1,0.0028221539687365294,ppg_dalia,47.13964868406765,ppg_dalia-S12-e1,0,evidence_sufficiency,7.5935635468922555,0,0,0,1401,5966.0,B0,539,0,1,3,0,2,1,0.0016107081901282072,test,S12,2,0,2,1,1,3,correction
0,1,2,0,ppg_dalia-S12-e1-correction-c1-B1,1,3,0,0,1,1,1,0.0074984601233154535,ppg_dalia,48.326412743888795,ppg_dalia-S12-e1,0,evidence_sufficiency,7.558424798073247,0,0,0,1401,5966.0,B1,539,0,1,3,0,2,0,0.0016516470350325108,test,S12,2,0,2,1,1,3,correction
0,1,2,0,ppg_dalia-S12-e1-correction-c1-B2,1,3,0,0,1,1,1,0.032854044111445546,ppg_dalia,50.53281400119886,ppg_dalia-S12-e1,0,evidence_sufficiency,7.518421047134325,0,0,0,1401,5966.0,B2,536,0,0,3,0,2,0,0.0056253280490636826,test,S12,2,0,2,1,1,3,correction
0,1,2,0,ppg_dalia-S12-e1-correction-c1-B3,1,3,0,0,1,1,1,0.008034780155867338,ppg_dalia,55.747516103088856,ppg_dalia-S12-e1,0,evidence_sufficiency,7.645592799177393,0,0,0,1401,5966.0,B3,539,0,1,3,0,2,0,0.0016228868626058102,test,S12,2,0,2,1,1,3,correction
0,1,2,0,ppg_dalia-S12-e1-correction-c1-M1,1,3,0,0,1,1,1,0.034140988951548934,ppg_dalia,54.6085178789217,ppg_dalia-S12-e1,0,evidence_sufficiency,7.515410586958751,0,0,0,1401,5966.0,M1,539,0,1,3,0,2,0,0.006226785946637392,test,S12,2,0,2,1,1,3,correction
0,1,2,0,ppg_dalia-S12-e1-correction-c2-B0,2,3,0,0,0,0,1,0.002756955102086067,ppg_dalia,50.7901326471474,ppg_dalia-S12-e1,0,evidence_sufficiency,7.592156116152182,0,0,0,1401,6026.0,B0,536,0,0,3,0,2,1,0.0016920960042625666,test,S12,2,0,5,1,1,3,correction
0,1,2,0,ppg_dalia-S12-e1-correction-c2-B1,2,3,0,0,1,1,1,0.008040040032938123,ppg_dalia,51.45136576402001,ppg_dalia-S12-e1,0,evidence_sufficiency,7.53600038588047,0,0,0,1401,6026.0,B1,536,0,0,3,0,2,0,0.001711786026135087,test,S12,2,0,5,1,1,3,correction
0,1,2,0,ppg_dalia-S12-e1-correction-c2-B2,2,3,0,0,1,1,1,0.0845677328761667,ppg_dalia,53.03827440994792,ppg_dalia-S12-e1,0,evidence_sufficiency,7.568437838926911,0,0,0,1401,6026.0,B2,536,0,0,3,0,2,0,0.009731736034154892,test,S12,2,0,5,1,1,3,correction
0,1,2,0,ppg_dalia-S12-e1-correction-c2-B3,2,3,0,0,1,1,1,0.01397658116184175,ppg_dalia,58.14264072407968,ppg_dalia-S12-e1,0,evidence_sufficiency,7.526459297165275,0,0,0,1401,6026.0,B3,539,0,1,3,0,2,0,0.0017044360283762217,test,S12,2,0,5,1,1,3,correction
0,1,2,0,ppg_dalia-S12-e1-correction-c2-M1,2,3,0,0,1,1,1,0.05803095200099051,ppg_dalia,57.12981425318867,ppg_dalia-S12-e1,0,evidence_sufficiency,7.51564948190935,0,0,0,1401,6026.0,M1,536,0,0,3,0,2,0,0.009750834899023175,test,S12,2,0,5,1,1,3,correction
0,0,1,1,ppg_dalia-S12-e1-delayed-c0-B0,0,3,1,0,0,0,0,0.008949849056079984,ppg_dalia,48.5776932220906,ppg_dalia-S12-e1,0,evidence_sufficiency,7.135453913826495,0,0,0,1275,5936.0,B0,508,0,0,3,0,2,0,0.0014945899602025747,test,S12,1,0,0,1,1,2,delayed
0,0,1,0,ppg_dalia-S12-e1-delayed-c0-B1,0,2,0,0,0,0,0,0.010653984965756536,ppg_dalia,57.763850891031325,ppg_dalia-S12-e1,0,evidence_sufficiency,14.334000976057723,0,0,0,3088,5936.0,B1,1016,0,1,2,1,2,0,0.0014911398757249117,test,S12,1,0,0,1,1,2,delayed
0,0,1,0,ppg_dalia-S12-e1-delayed-c0-B2,0,2,0,0,0,0,0,0.0390888131223619,ppg_dalia,57.736359135014936,ppg_dalia-S12-e1,0,evidence_sufficiency,14.314981062198058,0,0,0,3088,5936.0,B2,1016,0,1,2,1,2,0,0.005194644909352064,test,S12,1,0,0,1,1,2,delayed
0,0,1,0,ppg_dalia-S12-e1-delayed-c0-B3,0,2,0,0,0,0,0,0.01076493295840919,ppg_dalia,62.7106125599239,ppg_dalia-S12-e1,0,evidence_sufficiency,14.25256231916137,0,0,0,3088,5936.0,B3,1016,0,1,2,1,2,0,0.0014898402150720358,test,S12,1,0,0,1,1,2,delayed
0,0,1,0,ppg_dalia-S12-e1-delayed-c0-M1,0,2,0,0,0,0,0,0.05433214595541358,ppg_dalia,58.67365395114757,ppg_dalia-S12-e1,0,evidence_sufficiency,14.306055821944028,0,0,0,3088,5936.0,M1,1016,0,1,2,1,2,0,0.005387901095673442,test,S12,1,0,0,1,1,2,delayed
0,0,1,1,ppg_dalia-S12-e1-delayed-c1-B0,1,3,1,0,0,0,0,0.0020269190426915884,ppg_dalia,50.01268427981995,ppg_dalia-S12-e1,0,evidence_sufficiency,7.113442168105394,0,0,1,1275,5966.0,B0,508,0,0,3,0,2,0,0.001575198955833912,test,S12,1,0,2,1,1,2,delayed
0,0,1,0,ppg_dalia-S12-e1-delayed-c1-B1,1,2,0,0,0,0,0,0.0037809840869158506,ppg_dalia,59.243986911838874,ppg_dalia-S12-e1,0,evidence_sufficiency,14.211761201033369,0,0,0,3088,5966.0,B1,1016,0,1,2,1,2,0,0.0015702878590673208,test,S12,1,0,2,1,1,2,delayed
0,0,1,0,ppg_dalia-S12-e1-delayed-c1-B2,1,2,0,0,0,0,0,0.01267118495889008,ppg_dalia,59.803004830144346,ppg_dalia-S12-e1,0,evidence_sufficiency,14.243497910676524,0,0,0,3088,5966.0,B2,1016,0,1,2,1,2,0,0.0055448380298912525,test,S12,1,0,2,1,1,2,delayed
0,0,1,0,ppg_dalia-S12-e1-delayed-c1-B3,1,2,0,0,0,0,0,0.004353682044893503,ppg_dalia,64.25507614505477,ppg_dalia-S12-e1,0,evidence_sufficiency,14.282168423291296,0,0,0,3088,5966.0,B3,1016,0,1,2,1,2,0,0.0016228880267590284,test,S12,1,0,2,1,1,2,delayed
0,0,1,0,ppg_dalia-S12-e1-delayed-c1-M1,1,2,0,0,0,0,0,0.01131824217736721,ppg_dalia,61.43088557291776,ppg_dalia-S12-e1,0,evidence_sufficiency,14.40265647508204,0,0,0,3088,5966.0,M1,1016,0,1,2,1,2,0,0.005514028947800398,test,S12,1,0,2,1,1,2,delayed
0,1,2,0,ppg_dalia-S12-e1-delayed-c2-B0,2,3,0,0,0,0,0,0.003210125956684351,ppg_dalia,50.253374313004315,ppg_dalia-S12-e1,0,evidence_sufficiency,7.140843675937504,0,0,2,1380,6026.0,B0,508,0,0,3,0,2,0,0.0016798858996480703,test,S12,2,0,4,1,1,3,delayed
0,1,2,0,ppg_dalia-S12-e1-delayed-c2-B1,2,3,0,0,0,0,0,0.004876491846516728,ppg_dalia,53.28269389201887,ppg_dalia-S12-e1,0,evidence_sufficiency,7.074536792002618,0,0,0,1380,6026.0,B1,508,0,0,3,0,2,0,0.0016512870788574219,test,S12,2,0,4,1,1,3,delayed
0,1,2,0,ppg_dalia-S12-e1-delayed-c2-B2,2,3,0,0,0,0,0,0.01693239901214838,ppg_dalia,54.204085709061474,ppg_dalia-S12-e1,0,evidence_sufficiency,7.0233340240083635,0,0,0,1380,6026.0,B2,508,0,0,3,0,2,0,0.006545347860082984,test,S12,2,0,4,1,1,3,delayed
0,1,2,0,ppg_dalia-S12-e1-delayed-c2-B3,2,3,0,0,0,0,0,0.004512108862400055,ppg_dalia,56.95449602580629,ppg_dalia-S12-e1,0,evidence_sufficiency,6.75233870302327,0,0,0,1380,6026.0,B3,508,0,0,3,0,2,0,0.0015967781655490398,test,S12,2,0,4,1,1,3,delayed
0,1,2,0,ppg_dalia-S12-e1-delayed-c2-M1,2,3,0,0,0,0,0,0.014624275034293532,ppg_dalia,55.100717194145545,ppg_dalia-S12-e1,0,evidence_sufficiency,6.982148093171418,0,0,0,1380,6026.0,M1,508,0,0,3,0,2,0,0.006365382112562656,test,S12,2,0,4,1,1,3,delayed
0,1,2,0,ppg_dalia-S13-e0-channel_fault-c0-B0,0,3,0,0,0,0,0,0.008747691055759788,ppg_dalia,37.7000222641509,ppg_dalia-S13-e0,0,revision_impact,7.678412489127368,0,0,0,1395,2281.0,B0,540,0,1,3,0,2,0,0.0015051490627229214,test,S13,2,0,0,1,1,3,channel_fault
0,1,2,0,ppg_dalia-S13-e0-channel_fault-c0-B1,0,3,0,0,0,0,0,0.010769700165838003,ppg_dalia,42.691580252954736,ppg_dalia-S13-e0,0,revision_impact,7.542884027818218,0,0,0,1395,2281.0,B1,540,0,1,3,0,2,0,0.0015094690024852753,test,S13,2,0,0,1,1,3,channel_fault
0,1,2,0,ppg_dalia-S13-e0-channel_fault-c0-B2,0,3,0,0,0,0,0,0.04735587304458022,ppg_dalia,45.227837269892916,ppg_dalia-S13-e0,0,revision_impact,7.543445687042549,0,0,0,1395,2281.0,B2,540,0,1,3,0,2,0,0.005455478094518185,test,S13,2,0,0,1,1,3,channel_fault
0,1,2,0,ppg_dalia-S13-e0-channel_fault-c0-B3,0,3,0,0,0,0,0,0.010815699119120836,ppg_dalia,46.40617012302391,ppg_dalia-S13-e0,0,revision_impact,7.60612850706093,0,0,0,1395,2281.0,B3,540,0,1,3,0,2,0,0.00149996904656291,test,S13,2,0,0,1,1,3,channel_fault
0,1,2,0,ppg_dalia-S13-e0-channel_fault-c0-M1,0,3,0,0,0,0,0,0.05144916893914342,ppg_dalia,45.4656507531181,ppg_dalia-S13-e0,0,revision_impact,7.548984672874212,0,0,0,1395,2281.0,M1,540,0,1,3,0,2,0,0.005437888903543353,test,S13,2,0,0,1,1,3,channel_fault
0,1,2,0,ppg_dalia-S13-e0-channel_fault-c1-B0,1,3,0,0,0,0,1,0.00448763812892139,ppg_dalia,36.53582836315036,ppg_dalia-S13-e0,0,revision_impact,7.709102303022519,0,0,0,1949,2311.0,B0,542,0,1,3,0,2,1,0.0016670459881424904,test,S13,2,0,2,1,1,3,channel_fault
0,1,2,0,ppg_dalia-S13-e0-channel_fault-c1-B1,1,3,0,0,1,1,1,0.018011202104389668,ppg_dalia,37.674677731934935,ppg_dalia-S13-e0,0,revision_impact,7.621578220045194,0,0,0,1949,2311.0,B1,542,0,1,3,0,2,0,0.001778123900294304,test,S13,2,0,2,1,1,3,channel_fault
0,1,2,0,ppg_dalia-S13-e0-channel_fault-c1-B2,1,3,0,0,1,1,1,0.08069619094021618,ppg_dalia,43.19787079212256,ppg_dalia-S13-e0,0,revision_impact,7.651783064007759,0,0,0,1949,2311.0,B2,542,0,1,3,0,2,0,0.006271681981161237,test,S13,2,0,2,1,1,3,channel_fault
0,1,2,0,ppg_dalia-S13-e0-channel_fault-c1-B3,1,3,0,0,1,1,1,0.018489992013201118,ppg_dalia,43.96895308303647,ppg_dalia-S13-e0,0,revision_impact,7.634348870022222,0,0,0,1949,2311.0,B3,542,0,1,3,0,2,0,0.0016883558128029108,test,S13,2,0,2,1,1,3,channel_fault
0,1,2,0,ppg_dalia-S13-e0-channel_fault-c1-M1,1,3,0,0,1,1,1,0.08380048791877925,ppg_dalia,43.209159452002496,ppg_dalia-S13-e0,0,revision_impact,7.740428774151951,0,0,0,1949,2311.0,M1,542,0,1,3,0,2,0,0.006180013995617628,test,S13,2,0,2,1,1,3,channel_fault
0,1,2,0,ppg_dalia-S13-e0-channel_fault-c2-B0,2,3,0,0,0,0,1,0.006964018102735281,ppg_dalia,36.584603728028014,ppg_dalia-S13-e0,0,revision_impact,7.712426095968112,0,0,0,1951,2371.0,B0,542,0,1,3,0,2,1,0.0017618038691580296,test,S13,2,0,5,1,1,3,channel_fault
0,1,2,0,ppg_dalia-S13-e0-channel_fault-c2-B1,2,3,0,0,1,1,1,0.02660114597529173,ppg_dalia,37.78569876519032,ppg_dalia-S13-e0,0,revision_impact,7.661352748982608,0,0,0,1951,2371.0,B1,542,0,1,3,0,2,0,0.001813662936910987,test,S13,2,0,5,1,1,3,channel_fault
0,1,2,0,ppg_dalia-S13-e0-channel_fault-c2-B2,2,3,0,0,1,1,1,0.09122362593188882,ppg_dalia,43.69715137500316,ppg_dalia-S13-e0,0,revision_impact,7.462287154980004,0,0,0,1951,2371.0,B2,542,0,1,3,0,2,0,0.006372889969497919,test,S13,2,0,5,1,1,3,channel_fault
0,1,2,0,ppg_dalia-S13-e0-channel_fault-c2-B3,2,3,0,0,1,1,1,0.021430091932415962,ppg_dalia,44.430614173877984,ppg_dalia-S13-e0,0,revision_impact,7.357456356054172,0,0,0,1951,2371.0,B3,542,0,1,3,0,2,0,0.0017733641434460878,test,S13,2,0,5,1,1,3,channel_fault
0,1,2,0,ppg_dalia-S13-e0-channel_fault-c2-M1,2,3,0,0,1,1,1,0.09757217695005238,ppg_dalia,43.890039215097204,ppg_dalia-S13-e0,0,revision_impact,7.435342245036736,0,0,0,1951,2371.0,M1,542,0,1,3,0,2,0,0.006197863025590777,test,S13,2,0,5,1,1,3,channel_fault
0,1,2,0,ppg_dalia-S13-e0-clean-c0-B0,0,3,0,0,0,0,0,0.017164014978334308,ppg_dalia,28.063692150870338,ppg_dalia-S13-e0,0,revision_impact,7.666686122072861,0,0,0,1395,2281.0,B0,540,0,1,3,0,2,0,0.0015316589269787073,test,S13,2,0,0,1,1,3,clean
0,1,2,0,ppg_dalia-S13-e0-clean-c0-B1,0,3,0,0,0,0,0,0.11464666994288564,ppg_dalia,28.497661747038364,ppg_dalia-S13-e0,0,revision_impact,7.586762551916763,0,0,0,1395,2281.0,B1,540,0,1,3,0,2,0,0.00164140691049397,test,S13,2,0,0,1,1,3,clean
0,1,2,0,ppg_dalia-S13-e0-clean-c0-B2,0,3,0,0,0,0,0,0.058280335972085595,ppg_dalia,33.76534457085654,ppg_dalia-S13-e0,0,revision_impact,7.620841135038063,0,0,0,1395,2281.0,B2,540,0,1,3,0,2,0,0.005398581037297845,test,S13,2,0,0,1,1,3,clean
0,1,2,0,ppg_dalia-S13-e0-clean-c0-B3,0,3,0,0,0,0,0,0.01131361210718751,ppg_dalia,35.43309302208945,ppg_dalia-S13-e0,0,revision_impact,7.62646550196223,0,0,0,1395,2281.0,B3,540,0,1,3,0,2,0,0.0015272190794348717,test,S13,2,0,0,1,1,3,clean
0,1,2,0,ppg_dalia-S13-e0-clean-c0-M1,0,3,0,0,0,0,0,0.05424682702869177,ppg_dalia,35.4661182470154,ppg_dalia-S13-e0,0,revision_impact,7.710954289883375,0,0,0,1395,2281.0,M1,540,0,1,3,0,2,0,0.0054043608251959085,test,S13,2,0,0,1,1,3,clean
0,1,2,0,ppg_dalia-S13-e0-clean-c1-B0,1,3,0,0,0,0,0,0.002717035124078393,ppg_dalia,45.22452239599079,ppg_dalia-S13-e0,0,revision_impact,7.694302424788475,0,0,0,1882,2311.0,B0,542,0,1,3,0,2,0,0.0016334669198840857,test,S13,2,0,3,1,1,3,clean
0,1,2,0,ppg_dalia-S13-e0-clean-c1-B1,1,3,0,0,0,0,0,0.006630886113271117,ppg_dalia,46.35478244605474,ppg_dalia-S13-e0,0,revision_impact,7.912107668118551,0,0,0,1882,2311.0,B1,562,0,1,3,0,2,0,0.0016201580874621868,test,S13,2,0,3,1,1,3,clean
0,1,2,0,ppg_dalia-S13-e0-clean-c1-B2,1,3,0,0,0,0,0,0.03208884294144809,ppg_dalia,47.37258886010386,ppg_dalia-S13-e0,0,revision_impact,7.936658553080633,0,0,0,1882,2311.0,B2,562,0,1,3,0,2,0,0.005732954945415258,test,S13,2,0,3,1,1,3,clean
0,1,2,0,ppg_dalia-S13-e0-clean-c1-B3,1,3,0,0,0,0,0,0.007288743043318391,ppg_dalia,52.79213994415477,ppg_dalia-S13-e0,0,revision_impact,7.655840510036796,0,0,0,1882,2311.0,B3,542,0,1,3,0,2,0,0.0015827380120754242,test,S13,2,0,3,1,1,3,clean
0,1,2,0,ppg_dalia-S13-e0-clean-c1-M1,1,3,0,0,0,0,0,0.03420743020251393,ppg_dalia,51.41656082798727,ppg_dalia-S13-e0,0,revision_impact,8.052317133173347,0,0,0,1882,2311.0,M1,562,0,1,3,0,2,0,0.005625326884910464,test,S13,2,0,3,1,1,3,clean
0,1,2,0,ppg_dalia-S13-e0-clean-c2-B0,2,3,0,0,0,0,0,0.0033669020049273968,ppg_dalia,49.45093037793413,ppg_dalia-S13-e0,0,revision_impact,7.734480585902929,0,0,0,1884,2371.0,B0,542,0,1,3,0,2,0,0.0017377748154103756,test,S13,2,0,6,1,1,3,clean
0,1,2,0,ppg_dalia-S13-e0-clean-c2-B1,2,3,0,0,0,0,0,0.007402380928397179,ppg_dalia,50.34573233104311,ppg_dalia-S13-e0,0,revision_impact,7.655450738035142,0,0,0,1884,2371.0,B1,542,0,1,3,0,2,0,0.001664747018367052,test,S13,2,0,6,1,1,3,clean
0,1,2,0,ppg_dalia-S13-e0-clean-c2-B2,2,3,0,0,0,0,0,0.03384486795403063,ppg_dalia,53.441990171791986,ppg_dalia-S13-e0,0,revision_impact,7.674446115968749,0,0,0,1884,2371.0,B2,542,0,1,3,0,2,0,0.005989769008010626,test,S13,2,0,6,1,1,3,clean
0,1,2,0,ppg_dalia-S13-e0-clean-c2-B3,2,3,0,0,0,0,0,0.008178725140169263,ppg_dalia,57.91046259691939,ppg_dalia-S13-e0,0,revision_impact,7.65609946497716,0,0,0,1884,2371.0,B3,542,0,1,3,0,2,0,0.0016674569342285395,test,S13,2,0,6,1,1,3,clean
0,1,2,0,ppg_dalia-S13-e0-clean-c2-M1,2,3,0,0,0,0,0,0.0420683219563216,ppg_dalia,57.04784291586839,ppg_dalia-S13-e0,0,revision_impact,7.645605447003618,0,0,0,1884,2371.0,M1,542,0,1,3,0,2,0,0.005774603923782706,test,S13,2,0,6,1,1,3,clean
0,1,2,0,ppg_dalia-S13-e0-correction-c0-B0,0,3,0,0,0,0,0,0.018271380104124546,ppg_dalia,18.743026127805933,ppg_dalia-S13-e0,0,revision_impact,7.588739508995786,0,0,0,1395,2281.0,B0,540,0,1,3,0,2,0,0.0014818201307207346,test,S13,2,0,0,1,1,3,correction
0,1,2,0,ppg_dalia-S13-e0-correction-c0-B1,0,3,0,0,0,0,0,0.011057756841182709,ppg_dalia,18.719529572874308,ppg_dalia-S13-e0,0,revision_impact,7.582903837086633,0,0,0,1395,2281.0,B1,540,0,1,3,0,2,0,0.0015028091147542,test,S13,2,0,0,1,1,3,correction
0,1,2,0,ppg_dalia-S13-e0-correction-c0-B2,0,3,0,0,0,0,0,0.053731442196294665,ppg_dalia,24.0305703189224,ppg_dalia-S13-e0,0,revision_impact,7.533858549781144,0,0,0,1395,2281.0,B2,540,0,1,3,0,2,0,0.00538832088932395,test,S13,2,0,0,1,1,3,correction
0,1,2,0,ppg_dalia-S13-e0-correction-c0-B3,0,3,0,0,0,0,0,0.011326981009915471,ppg_dalia,26.153584653045982,ppg_dalia-S13-e0,0,revision_impact,7.558798544108868,0,0,0,1395,2281.0,B3,540,0,1,3,0,2,0,0.0015061500016599894,test,S13,2,0,0,1,1,3,correction
0,1,2,0,ppg_dalia-S13-e0-correction-c0-M1,0,3,0,0,0,0,0,0.05464960401877761,ppg_dalia,24.235183686949313,ppg_dalia-S13-e0,0,revision_impact,7.777584986994043,0,0,0,1395,2281.0,M1,540,0,1,3,0,2,0,0.005387990968301892,test,S13,2,0,0,1,1,3,correction
0,1,2,0,ppg_dalia-S13-e0-correction-c1-B0,1,3,0,0,0,0,1,0.0035391580313444138,ppg_dalia,34.219366007018834,ppg_dalia-S13-e0,0,revision_impact,7.676570260897279,0,0,0,1882,2311.0,B0,542,0,1,3,0,2,1,0.0016603970434516668,test,S13,2,0,2,1,1,3,correction
0,1,2,0,ppg_dalia-S13-e0-correction-c1-B1,1,3,0,0,1,1,1,0.007918949006125331,ppg_dalia,34.341181091964245,ppg_dalia-S13-e0,0,revision_impact,7.609551636967808,0,0,0,1882,2311.0,B1,542,0,1,3,0,2,0,0.0016385968774557114,test,S13,2,0,2,1,1,3,correction
0,1,2,0,ppg_dalia-S13-e0-correction-c1-B2,1,3,0,0,1,1,1,0.03300351183861494,ppg_dalia,37.33371961908415,ppg_dalia-S13-e0,0,revision_impact,7.6311772097833455,0,0,0,1882,2311.0,B2,542,0,1,3,0,2,0,0.005960409063845873,test,S13,2,0,2,1,1,3,correction
0,1,2,0,ppg_dalia-S13-e0-correction-c1-B3,1,3,0,0,1,1,1,0.008366601075977087,ppg_dalia,41.784411506028846,ppg_dalia-S13-e0,0,revision_impact,7.656837570946664,0,0,0,1882,2311.0,B3,542,0,1,3,0,2,0,0.001651486149057746,test,S13,2,0,2,1,1,3,correction
0,1,2,0,ppg_dalia-S13-e0-correction-c1-M1,1,3,0,0,1,1,1,0.034153748070821166,ppg_dalia,37.70195456617512,ppg_dalia-S13-e0,0,revision_impact,7.991002717986703,0,0,0,1882,2311.0,M1,542,0,1,3,0,2,0,0.005922241136431694,test,S13,2,0,2,1,1,3,correction
0,1,2,0,ppg_dalia-S13-e0-correction-c2-B0,2,3,0,0,0,0,1,0.0027172451373189688,ppg_dalia,34.8614715449512,ppg_dalia-S13-e0,0,revision_impact,7.693066710140556,0,0,0,1884,2371.0,B0,542,0,1,3,0,2,1,0.0016896859742701054,test,S13,2,0,5,1,1,3,correction
0,1,2,0,ppg_dalia-S13-e0-correction-c2-B1,2,3,0,0,1,1,1,0.007976668188348413,ppg_dalia,35.2237243198324,ppg_dalia-S13-e0,0,revision_impact,7.630294586066157,0,0,0,1884,2371.0,B1,542,0,1,3,0,2,0,0.001708074938505888,test,S13,2,0,5,1,1,3,correction
0,1,2,0,ppg_dalia-S13-e0-correction-c2-B2,2,3,0,0,1,1,1,0.0302050590980798,ppg_dalia,35.69616585993208,ppg_dalia-S13-e0,0,revision_impact,7.713579091941938,0,0,0,1884,2371.0,B2,542,0,1,3,0,2,0,0.005745583912357688,test,S13,2,0,5,1,1,3,correction
0,1,2,0,ppg_dalia-S13-e0-correction-c2-B3,2,3,0,0,1,1,1,0.008673514006659389,ppg_dalia,42.479150347877294,ppg_dalia-S13-e0,0,revision_impact,7.699720082106069,0,0,0,1884,2371.0,B3,542,0,1,3,0,2,0,0.0016851259861141443,test,S13,2,0,5,1,1,3,correction
0,1,2,0,ppg_dalia-S13-e0-correction-c2-M1,2,3,0,0,1,1,1,0.029925984097644687,ppg_dalia,36.5993641030509,ppg_dalia-S13-e0,0,revision_impact,7.721218798076734,0,0,0,1884,2371.0,M1,542,0,1,3,0,2,0,0.005908481078222394,test,S13,2,0,5,1,1,3,correction
0,0,1,1,ppg_dalia-S13-e0-delayed-c0-B0,0,3,1,0,0,0,0,0.017545595997944474,ppg_dalia,26.360913567012176,ppg_dalia-S13-e0,0,revision_impact,7.531195865012705,0,0,0,1289,2281.0,B0,534,0,1,3,0,2,0,0.001575398026034236,test,S13,1,0,0,1,1,2,delayed
0,0,1,0,ppg_dalia-S13-e0-delayed-c0-B1,0,2,0,0,0,0,0,0.01141891977749765,ppg_dalia,33.86270080599934,ppg_dalia-S13-e0,0,revision_impact,15.042686947854236,0,0,0,3142,2281.0,B1,1068,0,1,2,1,2,0,0.0015103688929229975,test,S13,1,0,0,1,1,2,delayed
0,0,1,0,ppg_dalia-S13-e0-delayed-c0-B2,0,2,0,0,0,0,0,0.05653748894110322,ppg_dalia,39.64282681210898,ppg_dalia-S13-e0,0,revision_impact,15.059144946048036,0,0,0,3142,2281.0,B2,1068,0,1,2,1,2,0,0.005593047011643648,test,S13,1,0,0,1,1,2,delayed
0,0,1,0,ppg_dalia-S13-e0-delayed-c0-B3,0,2,0,0,0,0,0,0.010900530032813549,ppg_dalia,41.2838989419397,ppg_dalia-S13-e0,0,revision_impact,15.080702249892056,0,0,0,3142,2281.0,B3,1068,0,1,2,1,2,0,0.0015141000039875507,test,S13,1,0,0,1,1,2,delayed
0,0,1,0,ppg_dalia-S13-e0-delayed-c0-M1,0,2,0,0,0,0,0,0.06250038812868297,ppg_dalia,41.29870267305523,ppg_dalia-S13-e0,0,revision_impact,15.451115359086543,0,0,0,3142,2281.0,M1,1068,0,1,2,1,2,0,0.007406850112602115,test,S13,1,0,0,1,1,2,delayed
0,0,1,1,ppg_dalia-S13-e0-delayed-c1-B0,1,3,1,0,0,0,0,0.0029825998935848475,ppg_dalia,36.31742424494587,ppg_dalia-S13-e0,0,revision_impact,7.548250399995595,0,0,1,1749,2311.0,B0,523,0,1,3,0,2,0,0.0024788088630884886,test,S13,1,0,2,1,1,2,delayed
0,0,1,0,ppg_dalia-S13-e0-delayed-c1-B1,1,2,0,0,0,0,0,0.005918269976973534,ppg_dalia,43.997055942192674,ppg_dalia-S13-e0,0,revision_impact,14.90067077614367,0,0,0,4051,2311.0,B1,1046,0,1,2,1,2,0,0.0024559011217206717,test,S13,1,0,2,1,1,2,delayed
0,0,1,0,ppg_dalia-S13-e0-delayed-c1-B2,1,2,0,0,0,0,0,0.017110463930293918,ppg_dalia,48.46218435303308,ppg_dalia-S13-e0,0,revision_impact,14.83733391482383,0,0,0,4051,2311.0,B2,1046,0,1,2,1,2,0,0.005870831897482276,test,S13,1,0,2,1,1,2,delayed
0,0,1,0,ppg_dalia-S13-e0-delayed-c1-B3,1,2,0,0,0,0,0,0.0038536228239536285,ppg_dalia,51.05921613913961,ppg_dalia-S13-e0,0,revision_impact,14.792122117709368,0,0,0,4051,2311.0,B3,1046,0,1,2,1,2,0,0.0015895969700068235,test,S13,1,0,2,1,1,2,delayed
0,0,1,0,ppg_dalia-S13-e0-delayed-c1-M1,1,2,0,0,0,0,0,0.011670273961499333,ppg_dalia,50.48151816497557,ppg_dalia-S13-e0,0,revision_impact,15.197146140038967,0,0,0,4051,2311.0,M1,1046,0,1,2,1,2,0,0.005888422019779682,test,S13,1,0,2,1,1,2,delayed
0,1,2,0,ppg_dalia-S13-e0-delayed-c2-B0,2,3,0,0,0,0,0,0.0026658859569579363,ppg_dalia,30.81881706509739,ppg_dalia-S13-e0,0,revision_impact,7.6227868548594415,0,0,2,1844,2371.0,B0,538,0,1,3,0,2,0,0.0016388669610023499,test,S13,2,0,4,1,1,3,delayed
0,1,2,0,ppg_dalia-S13-e0-delayed-c2-B1,2,3,0,0,0,0,0,0.0045598880387842655,ppg_dalia,32.103765096049756,ppg_dalia-S13-e0,0,revision_impact,7.566370403859764,0,0,0,1844,2371.0,B1,538,0,1,3,0,2,0,0.0016060969792306423,test,S13,2,0,4,1,1,3,delayed
0,1,2,0,ppg_dalia-S13-e0-delayed-c2-B2,2,3,0,0,0,0,0,0.016871039057150483,ppg_dalia,35.23690389608964,ppg_dalia-S13-e0,0,revision_impact,7.628548179054633,0,0,0,1844,2371.0,B2,538,0,1,3,0,2,0,0.005672266008332372,test,S13,2,0,4,1,1,3,delayed
0,1,2,0,ppg_dalia-S13-e0-delayed-c2-B3,2,3,0,0,0,0,0,0.005050658015534282,ppg_dalia,38.39635766320862,ppg_dalia-S13-e0,0,revision_impact,7.6292823338881135,0,0,0,1844,2371.0,B3,538,0,1,3,0,2,0,0.0016283970326185226,test,S13,2,0,4,1,1,3,delayed
0,1,2,0,ppg_dalia-S13-e0-delayed-c2-M1,2,3,0,0,0,0,0,0.01597571698948741,ppg_dalia,35.7992509289179,ppg_dalia-S13-e0,0,revision_impact,7.628704746020958,0,0,0,1844,2371.0,M1,538,0,1,3,0,2,0,0.005692034959793091,test,S13,2,0,4,1,1,3,delayed
0,1,2,0,ppg_dalia-S13-e1-channel_fault-c0-B0,0,3,0,0,0,0,0,0.010449130786582828,ppg_dalia,7.540582424029708,ppg_dalia-S13-e1,0,evidence_sufficiency,7.525057555176318,0,0,0,1381,6851.0,B0,484,0,0,3,0,2,0,0.001488999929279089,test,S13,2,0,0,1,1,3,channel_fault
0,1,2,0,ppg_dalia-S13-e1-channel_fault-c0-B1,0,3,0,0,0,0,0,0.11647506593726575,ppg_dalia,7.559820780996233,ppg_dalia-S13-e1,0,evidence_sufficiency,7.437290214933455,0,0,0,1381,6851.0,B1,484,0,0,3,0,2,0,0.0016217781230807304,test,S13,2,0,0,1,1,3,channel_fault
0,1,2,0,ppg_dalia-S13-e1-channel_fault-c0-B2,0,3,0,0,0,0,0,0.04765354888513684,ppg_dalia,7.428199667017907,ppg_dalia-S13-e1,0,evidence_sufficiency,7.37207375606522,0,0,0,1381,6851.0,B2,484,0,0,3,0,2,0,0.00535035296343267,test,S13,2,0,0,1,1,3,channel_fault
0,1,2,0,ppg_dalia-S13-e1-channel_fault-c0-B3,0,3,0,0,0,0,0,0.011424971977248788,ppg_dalia,14.071546273073182,ppg_dalia-S13-e1,0,evidence_sufficiency,6.775215136120096,0,0,0,1381,6851.0,B3,484,0,0,3,0,2,0,0.0015147700905799866,test,S13,2,0,0,1,1,3,channel_fault
0,1,2,0,ppg_dalia-S13-e1-channel_fault-c0-M1,0,3,0,0,0,0,0,0.04650285211391747,ppg_dalia,7.358545566909015,ppg_dalia-S13-e1,0,evidence_sufficiency,7.303386417916045,0,0,0,1381,6851.0,M1,484,0,0,3,0,2,0,0.005369273014366627,test,S13,2,0,0,1,1,3,channel_fault
0,1,2,0,ppg_dalia-S13-e1-channel_fault-c1-B0,1,3,0,0,0,0,1,0.004370693117380142,ppg_dalia,38.095108257839456,ppg_dalia-S13-e1,0,evidence_sufficiency,6.779092408949509,0,0,0,1469,6881.0,B0,484,0,0,3,0,2,1,0.0016647768206894398,test,S13,2,0,2,1,1,3,channel_fault
0,1,2,0,ppg_dalia-S13-e1-channel_fault-c1-B1,1,3,0,0,1,1,1,0.02410678891465068,ppg_dalia,38.42209758399986,ppg_dalia-S13-e1,0,evidence_sufficiency,6.713010866893455,0,0,0,1469,6881.0,B1,484,0,0,3,0,2,0,0.0016998359933495522,test,S13,2,0,2,1,1,3,channel_fault
0,1,2,0,ppg_dalia-S13-e1-channel_fault-c1-B2,1,3,0,0,1,1,1,0.23146855202503502,ppg_dalia,39.217718368861824,ppg_dalia-S13-e1,0,evidence_sufficiency,7.067134070908651,0,0,0,1469,6881.0,B2,484,0,0,3,0,2,0,0.01025677495636046,test,S13,2,0,2,1,1,3,channel_fault
0,1,2,0,ppg_dalia-S13-e1-channel_fault-c1-B3,1,3,0,0,1,1,1,0.023372114170342684,ppg_dalia,44.51685670693405,ppg_dalia-S13-e1,0,evidence_sufficiency,6.8780294940806925,0,0,0,1469,6881.0,B3,484,0,0,3,0,2,0,0.0016703058499842882,test,S13,2,0,2,1,1,3,channel_fault
0,1,2,0,ppg_dalia-S13-e1-channel_fault-c1-M1,1,3,0,0,1,1,1,0.17421197402291,ppg_dalia,38.9590606901329,ppg_dalia-S13-e1,0,evidence_sufficiency,7.048575791995972,0,0,0,1469,6881.0,M1,484,0,0,3,0,2,0,0.009800564032047987,test,S13,2,0,2,1,1,3,channel_fault
0,1,2,0,ppg_dalia-S13-e1-channel_fault-c2-B0,2,3,0,0,0,0,1,0.004795504966750741,ppg_dalia,38.11052233004011,ppg_dalia-S13-e1,0,evidence_sufficiency,6.783321413910016,0,0,0,1469,6941.0,B0,484,0,0,3,0,2,1,0.001741435145959258,test,S13,2,0,5,1,1,3,channel_fault
0,1,2,0,ppg_dalia-S13-e1-channel_fault-c2-B1,2,3,0,0,1,1,1,0.019047379959374666,ppg_dalia,39.21323044691235,ppg_dalia-S13-e1,0,evidence_sufficiency,6.71341332886368,0,0,0,1469,6941.0,B1,484,0,0,3,0,2,0,0.0018056640401482582,test,S13,2,0,5,1,1,3,channel_fault
0,1,2,0,ppg_dalia-S13-e1-channel_fault-c2-B2,2,3,0,0,1,1,1,0.15381126198917627,ppg_dalia,39.67766757099889,ppg_dalia-S13-e1,0,evidence_sufficiency,6.794860173948109,0,0,0,1469,6941.0,B2,484,0,0,3,0,2,0,0.009723286144435406,test,S13,2,0,5,1,1,3,channel_fault
0,1,2,0,ppg_dalia-S13-e1-channel_fault-c2-B3,2,3,0,0,1,1,1,0.02680252492427826,ppg_dalia,44.52834847709164,ppg_dalia-S13-e1,0,evidence_sufficiency,6.853000954026356,0,0,0,1469,6941.0,B3,484,0,0,3,0,2,0,0.0017811539582908154,test,S13,2,0,5,1,1,3,channel_fault
0,1,2,0,ppg_dalia-S13-e1-channel_fault-c2-M1,2,3,0,0,1,1,1,0.2328648529946804,ppg_dalia,40.23700025002472,ppg_dalia-S13-e1,0,evidence_sufficiency,7.135839689988643,0,0,0,1469,6941.0,M1,484,0,0,3,0,2,0,0.01290799304842949,test,S13,2,0,5,1,1,3,channel_fault
0,1,2,0,ppg_dalia-S13-e1-clean-c0-B0,0,3,0,0,0,0,0,0.009502102853730321,ppg_dalia,15.088692102115601,ppg_dalia-S13-e1,0,evidence_sufficiency,6.811053186887875,0,0,0,1381,6851.0,B0,484,0,0,3,0,2,0,0.0014919040258973837,test,S13,2,0,0,1,1,3,clean
0,1,2,0,ppg_dalia-S13-e1-clean-c0-B1,0,3,0,0,0,0,0,0.01109001599252224,ppg_dalia,15.08844428602606,ppg_dalia-S13-e1,0,evidence_sufficiency,6.799241993809119,0,0,0,1381,6851.0,B1,484,0,0,3,0,2,0,0.0015028330963104963,test,S13,2,0,0,1,1,3,clean
0,1,2,0,ppg_dalia-S13-e1-clean-c0-B2,0,3,0,0,0,0,0,0.07532496890053153,ppg_dalia,15.079966616118327,ppg_dalia-S13-e1,0,evidence_sufficiency,6.802373989019543,0,0,0,1381,6851.0,B2,484,0,0,3,0,2,0,0.008586698910221457,test,S13,2,0,0,1,1,3,clean
0,1,2,0,ppg_dalia-S13-e1-clean-c0-B3,0,3,0,0,0,0,0,0.01412684191018343,ppg_dalia,21.72132014995441,ppg_dalia-S13-e1,0,evidence_sufficiency,6.812275215983391,0,0,0,1381,6851.0,B3,484,0,0,3,0,2,0,0.0014977639075368643,test,S13,2,0,0,1,1,3,clean
0,1,2,0,ppg_dalia-S13-e1-clean-c0-M1,0,3,0,0,0,0,0,0.07497147400863469,ppg_dalia,21.780256245983765,ppg_dalia-S13-e1,0,evidence_sufficiency,6.795380871975794,0,0,0,1381,6851.0,M1,484,0,0,3,0,2,0,0.008854755200445652,test,S13,2,0,0,1,1,3,clean
0,1,2,0,ppg_dalia-S13-e1-clean-c1-B0,1,3,0,0,0,0,0,0.0026365730445832014,ppg_dalia,33.900264715077356,ppg_dalia-S13-e1,0,evidence_sufficiency,6.844986321870238,0,0,0,1402,6881.0,B0,486,0,0,3,0,2,0,0.001608202001079917,test,S13,2,0,3,1,1,3,clean
0,1,2,0,ppg_dalia-S13-e1-clean-c1-B1,1,3,0,0,0,0,0,0.0065727848559618,ppg_dalia,34.21764893713407,ppg_dalia-S13-e1,0,evidence_sufficiency,6.809184590121731,0,0,0,1402,6881.0,B1,486,0,0,3,0,2,0,0.0015743221156299114,test,S13,2,0,3,1,1,3,clean
0,1,2,0,ppg_dalia-S13-e1-clean-c1-B2,1,3,0,0,0,0,0,0.026449436089023948,ppg_dalia,35.113374809967354,ppg_dalia-S13-e1,0,evidence_sufficiency,6.803949021967128,0,0,0,1402,6881.0,B2,486,0,0,3,0,2,0,0.005598352057859302,test,S13,2,0,3,1,1,3,clean
0,1,2,0,ppg_dalia-S13-e1-clean-c1-B3,1,3,0,0,0,0,0,0.007468729047104716,ppg_dalia,41.3932163878344,ppg_dalia-S13-e1,0,evidence_sufficiency,7.244799586944282,0,0,0,1402,6881.0,B3,511,0,1,3,0,2,0,0.0015935120172798634,test,S13,2,0,3,1,1,3,clean
0,1,2,0,ppg_dalia-S13-e1-clean-c1-M1,1,3,0,0,0,0,0,0.028355881804600358,ppg_dalia,40.74547722307034,ppg_dalia-S13-e1,0,evidence_sufficiency,6.883853069972247,0,0,0,1402,6881.0,M1,486,0,0,3,0,2,0,0.0062383911572396755,test,S13,2,0,3,1,1,3,clean
0,1,2,0,ppg_dalia-S13-e1-clean-c2-B0,2,3,0,0,0,0,0,0.0026743828784674406,ppg_dalia,39.32164260512218,ppg_dalia-S13-e1,0,evidence_sufficiency,6.816582310013473,0,0,0,1402,6941.0,B0,484,0,0,3,0,2,0,0.0016783608589321375,test,S13,2,0,6,1,1,3,clean
0,1,2,0,ppg_dalia-S13-e1-clean-c2-B1,2,3,0,0,0,0,0,0.0070415460504591465,ppg_dalia,40.86631090287119,ppg_dalia-S13-e1,0,evidence_sufficiency,6.7641364701557904,0,0,0,1402,6941.0,B1,484,0,0,3,0,2,0,0.0016557220369577408,test,S13,2,0,6,1,1,3,clean
0,1,2,0,ppg_dalia-S13-e1-clean-c2-B2,2,3,0,0,0,0,0,0.03302504098974168,ppg_dalia,41.603055376093835,ppg_dalia-S13-e1,0,evidence_sufficiency,6.826223210897297,0,0,0,1402,6941.0,B2,484,0,0,3,0,2,0,0.005917535861954093,test,S13,2,0,6,1,1,3,clean
0,1,2,0,ppg_dalia-S13-e1-clean-c2-B3,2,3,0,0,0,0,0,0.007917230948805809,ppg_dalia,46.355807886924595,ppg_dalia-S13-e1,0,evidence_sufficiency,6.829203878995031,0,0,0,1402,6941.0,B3,484,0,0,3,0,2,0,0.0016472309362143278,test,S13,2,0,6,1,1,3,clean
0,1,2,0,ppg_dalia-S13-e1-clean-c2-M1,2,3,0,0,0,0,0,0.03703813999891281,ppg_dalia,46.09089399501681,ppg_dalia-S13-e1,0,evidence_sufficiency,6.81564311706461,0,0,0,1402,6941.0,M1,484,0,0,3,0,2,0,0.005988205084577203,test,S13,2,0,6,1,1,3,clean
0,1,2,0,ppg_dalia-S13-e1-correction-c0-B0,0,3,0,0,0,0,0,0.009853071067482233,ppg_dalia,13.03739101300016,ppg_dalia-S13-e1,0,evidence_sufficiency,6.828878818079829,0,0,0,1381,6851.0,B0,484,0,0,3,0,2,0,0.0015027199406176805,test,S13,2,0,0,1,1,3,correction
0,1,2,0,ppg_dalia-S13-e1-correction-c0-B1,0,3,0,0,0,0,0,0.011966908117756248,ppg_dalia,13.017724509118125,ppg_dalia-S13-e1,0,evidence_sufficiency,6.812109665945172,0,0,0,1381,6851.0,B1,484,0,0,3,0,2,0,0.0015019101556390524,test,S13,2,0,0,1,1,3,correction
0,1,2,0,ppg_dalia-S13-e1-correction-c0-B2,0,3,0,0,0,0,0,0.055599236860871315,ppg_dalia,12.994266733992845,ppg_dalia-S13-e1,0,evidence_sufficiency,6.797351073939353,0,0,0,1381,6851.0,B2,484,0,0,3,0,2,0,0.005431931000202894,test,S13,2,0,0,1,1,3,correction
0,1,2,0,ppg_dalia-S13-e1-correction-c0-B3,0,3,0,0,0,0,0,0.01177665195427835,ppg_dalia,19.717693330952898,ppg_dalia-S13-e1,0,evidence_sufficiency,6.837517092935741,0,0,0,1381,6851.0,B3,484,0,0,3,0,2,0,0.0014956800732761621,test,S13,2,0,0,1,1,3,correction
0,1,2,0,ppg_dalia-S13-e1-correction-c0-M1,0,3,0,0,0,0,0,0.06089577102102339,ppg_dalia,18.724430897971615,ppg_dalia-S13-e1,0,evidence_sufficiency,6.922256051097065,0,0,0,1381,6851.0,M1,484,0,0,3,0,2,0,0.0057619428262114525,test,S13,2,0,0,1,1,3,correction
0,1,2,0,ppg_dalia-S13-e1-correction-c1-B0,1,3,0,0,0,0,1,0.0026236569974571466,ppg_dalia,58.24730730103329,ppg_dalia-S13-e1,0,evidence_sufficiency,6.836688690120354,0,0,0,1402,6881.0,B0,486,0,0,3,0,2,1,0.001618026988580823,test,S13,2,0,2,1,1,3,correction
0,1,2,0,ppg_dalia-S13-e1-correction-c1-B1,1,3,0,0,1,1,1,0.007296771975234151,ppg_dalia,59.942370551172644,ppg_dalia-S13-e1,0,evidence_sufficiency,7.131847029086202,0,0,0,1402,6881.0,B1,511,0,1,3,0,2,0,0.0016825858037918806,test,S13,2,0,2,1,1,3,correction
0,1,2,0,ppg_dalia-S13-e1-correction-c1-B2,1,3,0,0,1,1,1,0.030813928227871656,ppg_dalia,61.27954169898294,ppg_dalia-S13-e1,0,evidence_sufficiency,6.840928473975509,0,0,0,1402,6881.0,B2,486,0,0,3,0,2,0,0.005798352882266045,test,S13,2,0,2,1,1,3,correction
0,1,2,0,ppg_dalia-S13-e1-correction-c1-B3,1,3,0,0,1,1,1,0.008642014814540744,ppg_dalia,65.32779124821536,ppg_dalia-S13-e1,0,evidence_sufficiency,7.170468449126929,0,0,0,1402,6881.0,B3,511,0,1,3,0,2,0,0.001660916954278946,test,S13,2,0,2,1,1,3,correction
0,1,2,0,ppg_dalia-S13-e1-correction-c1-M1,1,3,0,0,1,1,1,0.03528313688002527,ppg_dalia,65.21922702994198,ppg_dalia-S13-e1,0,evidence_sufficiency,7.421823733020574,0,0,0,1402,6881.0,M1,511,0,1,3,0,2,0,0.006193685112521052,test,S13,2,0,2,1,1,3,correction
0,1,2,0,ppg_dalia-S13-e1-correction-c2-B0,2,3,0,0,0,0,1,0.0028395720291882753,ppg_dalia,58.81618277402595,ppg_dalia-S13-e1,0,evidence_sufficiency,7.190799589036033,0,0,0,1402,6941.0,B0,511,0,1,3,0,2,1,0.0016994860488921404,test,S13,2,0,5,1,1,3,correction
0,1,2,0,ppg_dalia-S13-e1-correction-c2-B1,2,3,0,0,1,1,1,0.00784167181700468,ppg_dalia,63.13347629108466,ppg_dalia-S13-e1,0,evidence_sufficiency,6.741749836830422,0,0,0,1402,6941.0,B1,484,0,0,3,0,2,0,0.001721346052363515,test,S13,2,0,5,1,1,3,correction
0,1,2,0,ppg_dalia-S13-e1-correction-c2-B2,2,3,0,0,1,1,1,0.03576595801860094,ppg_dalia,63.135072697885334,ppg_dalia-S13-e1,0,evidence_sufficiency,6.750281925080344,0,0,0,1402,6941.0,B2,484,0,0,3,0,2,0,0.005949989194050431,test,S13,2,0,5,1,1,3,correction
0,1,2,0,ppg_dalia-S13-e1-correction-c2-B3,2,3,0,0,1,1,1,0.01472124201245606,ppg_dalia,65.77039299113676,ppg_dalia-S13-e1,0,evidence_sufficiency,6.796658578095958,0,0,0,1402,6941.0,B3,484,0,0,3,0,2,0,0.0030435589142143726,test,S13,2,0,5,1,1,3,correction
0,1,2,0,ppg_dalia-S13-e1-correction-c2-M1,2,3,0,0,1,1,1,0.038863944821059704,ppg_dalia,65.53868806990795,ppg_dalia-S13-e1,0,evidence_sufficiency,6.77267103199847,0,0,0,1402,6941.0,M1,484,0,0,3,0,2,0,0.006163665093481541,test,S13,2,0,5,1,1,3,correction
0,0,1,1,ppg_dalia-S13-e1-delayed-c0-B0,0,3,1,0,0,0,0,0.018187718000262976,ppg_dalia,39.094742002896965,ppg_dalia-S13-e1,0,evidence_sufficiency,7.261740003945306,0,0,0,1276,6851.0,B0,513,0,1,3,0,2,0,0.001482460182160139,test,S13,1,0,0,1,1,2,delayed
0,0,1,0,ppg_dalia-S13-e1-delayed-c0-B1,0,2,0,0,0,0,0,0.010980976046994328,ppg_dalia,46.295242517022416,ppg_dalia-S13-e1,0,evidence_sufficiency,14.463977260980755,0,0,0,3095,6851.0,B1,1026,0,1,2,1,2,0,0.0014926600269973278,test,S13,1,0,0,1,1,2,delayed
0,0,1,0,ppg_dalia-S13-e1-delayed-c0-B2,0,2,0,0,0,0,0,0.05497237807139754,ppg_dalia,52.09006472094916,ppg_dalia-S13-e1,0,evidence_sufficiency,14.469485519919544,0,0,0,3095,6851.0,B2,1026,0,1,2,1,2,0,0.0057324429508298635,test,S13,1,0,0,1,1,2,delayed
0,0,1,0,ppg_dalia-S13-e1-delayed-c0-B3,0,2,0,0,0,0,0,0.011133652878925204,ppg_dalia,56.60766617208719,ppg_dalia-S13-e1,0,evidence_sufficiency,14.629777666879818,0,0,0,3095,6851.0,B3,1026,0,1,2,1,2,0,0.0014856189955025911,test,S13,1,0,0,1,1,2,delayed
0,0,1,0,ppg_dalia-S13-e1-delayed-c0-M1,0,2,0,0,0,0,0,0.060176180908456445,ppg_dalia,53.518826029030606,ppg_dalia-S13-e1,0,evidence_sufficiency,14.503427407005802,0,0,0,3095,6851.0,M1,1026,0,1,2,1,2,0,0.007847219938412309,test,S13,1,0,0,1,1,2,delayed
0,0,1,1,ppg_dalia-S13-e1-delayed-c1-B0,1,3,1,0,0,0,0,0.0020225089974701405,ppg_dalia,49.785014994908124,ppg_dalia-S13-e1,0,evidence_sufficiency,7.178179208887741,0,0,1,1276,6881.0,B0,513,0,1,3,0,2,0,0.0016043467912822962,test,S13,1,0,2,1,1,2,delayed
0,0,1,0,ppg_dalia-S13-e1-delayed-c1-B1,1,2,0,0,0,0,0,0.004011417971923947,ppg_dalia,59.10125946090557,ppg_dalia-S13-e1,0,evidence_sufficiency,14.386896036798134,0,0,0,3095,6881.0,B1,1026,0,1,2,1,2,0,0.0016169969458132982,test,S13,1,0,2,1,1,2,delayed
0,0,1,0,ppg_dalia-S13-e1-delayed-c1-B2,1,2,0,0,0,0,0,0.013286628993228078,ppg_dalia,59.521039800019935,ppg_dalia-S13-e1,0,evidence_sufficiency,14.449465157929808,0,0,0,3095,6881.0,B2,1026,0,1,2,1,2,0,0.00589260901324451,test,S13,1,0,2,1,1,2,delayed
0,0,1,0,ppg_dalia-S13-e1-delayed-c1-B3,1,2,0,0,0,0,0,0.0046433149836957455,ppg_dalia,63.481586964800954,ppg_dalia-S13-e1,0,evidence_sufficiency,13.737747889012098,0,0,0,3068,6881.0,B3,972,0,1,2,1,2,0,0.001593488035723567,test,S13,1,0,2,1,1,2,delayed
0,0,1,0,ppg_dalia-S13-e1-delayed-c1-M1,1,2,0,0,0,0,0,0.012571884086355567,ppg_dalia,60.74515942600556,ppg_dalia-S13-e1,0,evidence_sufficiency,13.89643782004714,0,0,0,3068,6881.0,M1,972,0,1,2,1,2,0,0.006319591077044606,test,S13,1,0,2,1,1,2,delayed
0,1,2,0,ppg_dalia-S13-e1-delayed-c2-B0,2,3,0,0,0,0,0,0.0025608770083636045,ppg_dalia,51.07894421485253,ppg_dalia-S13-e1,0,evidence_sufficiency,6.853269883198664,0,0,2,1381,6941.0,B0,484,0,0,3,0,2,0,0.0016176970675587654,test,S13,2,0,4,1,1,3,delayed
0,1,2,0,ppg_dalia-S13-e1-delayed-c2-B1,2,3,0,0,0,0,0,0.004591966047883034,ppg_dalia,54.09482887899503,ppg_dalia-S13-e1,0,evidence_sufficiency,6.778441901085898,0,0,0,1381,6941.0,B1,484,0,0,3,0,2,0,0.0016434460412710905,test,S13,2,0,4,1,1,3,delayed
0,1,2,0,ppg_dalia-S13-e1-delayed-c2-B2,2,3,0,0,0,0,0,0.025904620997607708,ppg_dalia,56.55223934492096,ppg_dalia-S13-e1,0,evidence_sufficiency,6.806299512041733,0,0,0,1381,6941.0,B2,484,0,0,3,0,2,0,0.009737920947372913,test,S13,2,0,4,1,1,3,delayed
0,1,2,0,ppg_dalia-S13-e1-delayed-c2-B3,2,3,0,0,0,0,0,0.004525148076936603,ppg_dalia,57.80434386897832,ppg_dalia-S13-e1,0,evidence_sufficiency,6.796865825075656,0,0,0,1381,6941.0,B3,484,0,0,3,0,2,0,0.0016014568973332644,test,S13,2,0,4,1,1,3,delayed
0,1,2,0,ppg_dalia-S13-e1-delayed-c2-M1,2,3,0,0,0,0,0,0.02281691413372755,ppg_dalia,56.97381107695401,ppg_dalia-S13-e1,0,evidence_sufficiency,6.81102711497806,0,0,0,1381,6941.0,M1,484,0,0,3,0,2,0,0.006270342040807009,test,S13,2,0,4,1,1,3,delayed
0,1,2,1,ppg_dalia-S14-e0-channel_fault-c0-B0,0,3,2,0,0,0,0,0.009216060861945152,ppg_dalia,31.16265232488513,ppg_dalia-S14-e0,0,conflict_timing,9.908148941816762,0,0,0,1409,2236.0,B0,709,0,0,4,0,2,0,0.001503279898315668,test,S14,1,0,0,0,1,1,channel_fault
0,1,2,0,ppg_dalia-S14-e0-channel_fault-c0-B1,0,1,0,0,0,0,0,0.011505275033414364,ppg_dalia,45.682793111074716,ppg_dalia-S14-e0,0,conflict_timing,19.87289410107769,0,0,0,3557,2236.0,B1,1418,0,1,1,1,2,0,0.0014893400948494673,test,S14,1,0,0,0,1,1,channel_fault
0,1,2,0,ppg_dalia-S14-e0-channel_fault-c0-B2,0,1,0,0,0,0,0,0.05495458887889981,ppg_dalia,45.78873693803325,ppg_dalia-S14-e0,0,conflict_timing,19.948154564015567,0,0,0,3557,2236.0,B2,1418,0,1,1,1,2,0,0.005628925049677491,test,S14,1,0,0,0,1,1,channel_fault
0,1,2,0,ppg_dalia-S14-e0-channel_fault-c0-B3,0,1,0,0,0,0,0,0.01143981609493494,ppg_dalia,51.049795845057815,ppg_dalia-S14-e0,0,conflict_timing,20.033022631891072,0,0,0,3557,2236.0,B3,1418,0,1,1,1,2,0,0.001509769819676876,test,S14,1,0,0,0,1,1,channel_fault
0,1,2,0,ppg_dalia-S14-e0-channel_fault-c0-M1,0,1,0,0,0,0,0,0.058579945005476475,ppg_dalia,46.20504124206491,ppg_dalia-S14-e0,0,conflict_timing,20.016692554811016,0,0,0,3557,2236.0,M1,1418,0,1,1,1,2,0,0.007645603967830539,test,S14,1,0,0,0,1,1,channel_fault
0,1,2,1,ppg_dalia-S14-e0-channel_fault-c1-B0,1,3,2,0,0,0,1,0.0043873300310224295,ppg_dalia,28.579157022060826,ppg_dalia-S14-e0,0,conflict_timing,8.112635788042098,0,0,2,1489,2266.0,B0,579,0,0,4,0,2,1,0.001622297102585435,test,S14,1,0,0,0,1,1,channel_fault
0,1,2,0,ppg_dalia-S14-e0-channel_fault-c1-B1,1,1,0,0,1,1,1,0.053058817982673645,ppg_dalia,40.98491603997536,ppg_dalia-S14-e0,0,conflict_timing,20.338700861902907,0,0,0,3729,2266.0,B1,1444,0,1,1,1,2,0,0.0016655358485877514,test,S14,1,0,0,0,1,1,channel_fault
0,1,2,0,ppg_dalia-S14-e0-channel_fault-c1-B2,1,1,0,0,1,1,1,0.13320713210850954,ppg_dalia,41.60325005091727,ppg_dalia-S14-e0,0,conflict_timing,20.540540783898905,0,0,0,3729,2266.0,B2,1444,0,1,1,1,2,0,0.006072355899959803,test,S14,1,0,0,0,1,1,channel_fault
0,1,2,0,ppg_dalia-S14-e0-channel_fault-c1-B3,1,1,0,0,1,1,1,0.023724085884168744,ppg_dalia,48.887904735980555,ppg_dalia-S14-e0,0,conflict_timing,20.59684077394195,0,0,0,3729,2266.0,B3,1444,0,1,1,1,2,0,0.0018573319539427757,test,S14,1,0,0,0,1,1,channel_fault
0,1,2,0,ppg_dalia-S14-e0-channel_fault-c1-M1,1,1,0,0,1,1,1,0.08916514017619193,ppg_dalia,41.482647991972044,ppg_dalia-S14-e0,0,conflict_timing,20.556779711972922,0,0,0,3729,2266.0,M1,1444,0,1,1,1,2,0,0.00594342895783484,test,S14,1,0,0,0,1,1,channel_fault
0,1,2,1,ppg_dalia-S14-e0-channel_fault-c2-B0,2,3,2,0,0,0,1,0.012213070876896381,ppg_dalia,22.917105169966817,ppg_dalia-S14-e0,0,conflict_timing,9.947624636813998,0,0,4,1497,2326.0,B0,709,0,0,4,0,2,1,0.0017672241665422916,test,S14,1,0,1,0,1,1,channel_fault
0,1,2,0,ppg_dalia-S14-e0-channel_fault-c2-B1,2,1,0,0,1,1,1,0.01897287298925221,ppg_dalia,33.370799087919295,ppg_dalia-S14-e0,0,conflict_timing,19.925188751891255,0,0,0,3733,2326.0,B1,1418,0,1,1,1,2,0,0.0017657240387052298,test,S14,1,0,1,0,1,1,channel_fault
0,1,2,0,ppg_dalia-S14-e0-channel_fault-c2-B2,2,1,0,0,1,1,1,0.13309915293939412,ppg_dalia,33.57841582992114,ppg_dalia-S14-e0,0,conflict_timing,19.914943682029843,0,0,0,3733,2326.0,B2,1418,0,1,1,1,2,0,0.01048847590573132,test,S14,1,0,1,0,1,1,channel_fault
0,1,2,0,ppg_dalia-S14-e0-channel_fault-c2-B3,2,1,0,0,1,1,1,0.020224017091095448,ppg_dalia,41.689395831897855,ppg_dalia-S14-e0,0,conflict_timing,19.075336987152696,0,0,0,3733,2326.0,B3,1418,0,1,1,1,2,0,0.0017329549882560968,test,S14,1,0,1,0,1,1,channel_fault
0,1,2,0,ppg_dalia-S14-e0-channel_fault-c2-M1,2,1,0,0,1,1,1,0.12451786804012954,ppg_dalia,35.426228707889095,ppg_dalia-S14-e0,0,conflict_timing,19.82699321792461,0,0,0,3733,2326.0,M1,1418,0,1,1,1,2,0,0.006092526018619537,test,S14,1,0,1,0,1,1,channel_fault
0,1,2,1,ppg_dalia-S14-e0-clean-c0-B0,0,3,2,0,0,0,0,0.00886090099811554,ppg_dalia,56.46248813578859,ppg_dalia-S14-e0,0,conflict_timing,10.000895797973499,0,0,0,1409,2236.0,B0,709,0,0,4,0,2,0,0.0015281490050256252,test,S14,1,0,0,0,1,1,clean
0,1,2,0,ppg_dalia-S14-e0-clean-c0-B1,0,1,0,0,0,0,0,0.010932239005342126,ppg_dalia,71.20053175394423,ppg_dalia-S14-e0,0,conflict_timing,19.887687772046775,0,0,0,3557,2236.0,B1,1418,0,1,1,1,2,0,0.001503329025581479,test,S14,1,0,0,0,1,1,clean
0,1,2,0,ppg_dalia-S14-e0-clean-c0-B2,0,1,0,0,0,0,0,0.05483143194578588,ppg_dalia,71.19367408310063,ppg_dalia-S14-e0,0,conflict_timing,19.902561562135816,0,0,0,3557,2236.0,B2,1418,0,1,1,1,2,0,0.005431029945611954,test,S14,1,0,0,0,1,1,clean
0,1,2,0,ppg_dalia-S14-e0-clean-c0-B3,0,1,0,0,0,0,0,0.010769522050395608,ppg_dalia,76.23824729002081,ppg_dalia-S14-e0,0,conflict_timing,19.910594118991867,0,0,0,3557,2236.0,B3,1418,0,1,1,1,2,0,0.0015001699794083834,test,S14,1,0,0,0,1,1,clean
0,1,2,0,ppg_dalia-S14-e0-clean-c0-M1,0,1,0,0,0,0,0,0.05219149496406317,ppg_dalia,71.3164316918701,ppg_dalia-S14-e0,0,conflict_timing,19.976484037935734,0,0,0,3557,2236.0,M1,1418,0,1,1,1,2,0,0.0054178310092538595,test,S14,1,0,0,0,1,1,clean
0,1,2,1,ppg_dalia-S14-e0-clean-c1-B0,1,3,2,0,0,0,0,0.0027248249389231205,ppg_dalia,53.38054863689467,ppg_dalia-S14-e0,0,conflict_timing,9.84104155888781,0,0,2,1430,2266.0,B0,701,0,0,4,0,2,0,0.001609346829354763,test,S14,1,0,1,0,1,1,clean
0,1,2,0,ppg_dalia-S14-e0-clean-c1-B1,1,1,0,0,0,0,0,0.0064736600033938885,ppg_dalia,65.98201707215048,ppg_dalia-S14-e0,0,conflict_timing,19.983381028054282,0,0,0,3599,2266.0,B1,1418,0,1,1,1,2,0,0.0015720080118626356,test,S14,1,0,1,0,1,1,clean
0,1,2,0,ppg_dalia-S14-e0-clean-c1-B2,1,1,0,0,0,0,0,0.02830508816987276,ppg_dalia,65.8827844071202,ppg_dalia-S14-e0,0,conflict_timing,19.7231388380751,0,0,0,3591,2266.0,B2,1402,0,1,1,1,2,0,0.005571187939494848,test,S14,1,0,1,0,1,1,clean
0,1,2,0,ppg_dalia-S14-e0-clean-c1-B3,1,1,0,0,0,0,0,0.006962499115616083,ppg_dalia,73.06601060600951,ppg_dalia-S14-e0,0,conflict_timing,19.76145936292596,0,0,0,3591,2266.0,B3,1402,0,1,1,1,2,0,0.0015674890018999577,test,S14,1,0,1,0,1,1,clean
0,1,2,0,ppg_dalia-S14-e0-clean-c1-M1,1,1,0,0,0,0,0,0.029517913004383445,ppg_dalia,68.68775313394144,ppg_dalia-S14-e0,0,conflict_timing,19.859987722011283,0,0,0,3591,2266.0,M1,1402,0,1,1,1,2,0,0.005534267984330654,test,S14,1,0,1,0,1,1,clean
0,1,2,1,ppg_dalia-S14-e0-clean-c2-B0,2,3,2,0,0,0,0,0.0026665860787034035,ppg_dalia,57.60592117905617,ppg_dalia-S14-e0,0,conflict_timing,9.776888335123658,0,0,4,1430,2326.0,B0,701,0,0,4,0,2,0,0.0017193749081343412,test,S14,1,0,2,0,1,1,clean
0,1,2,0,ppg_dalia-S14-e0-clean-c2-B1,2,1,0,0,0,0,0,0.006731464061886072,ppg_dalia,69.81835998594761,ppg_dalia-S14-e0,0,conflict_timing,19.649678042158484,0,0,0,3591,2326.0,B1,1402,0,1,1,1,2,0,0.0015922479797154665,test,S14,1,0,2,0,1,1,clean
0,1,2,0,ppg_dalia-S14-e0-clean-c2-B2,2,1,0,0,0,0,0,0.0415247711353004,ppg_dalia,70.36542649101466,ppg_dalia-S14-e0,0,conflict_timing,19.642587637063116,0,0,0,3591,2326.0,B2,1402,0,1,1,1,2,0,0.0054866590071469545,test,S14,1,0,2,0,1,1,clean
0,1,2,0,ppg_dalia-S14-e0-clean-c2-B3,2,1,0,0,0,0,0,0.007244233973324299,ppg_dalia,76.66158961504698,ppg_dalia-S14-e0,0,conflict_timing,19.138355765026063,0,0,0,3597,2326.0,B3,1414,0,1,1,1,2,0,0.0016014471184462309,test,S14,1,0,2,0,1,1,clean
0,1,2,0,ppg_dalia-S14-e0-clean-c2-M1,2,1,0,0,0,0,0,0.0273211682215333,ppg_dalia,70.41299874987453,ppg_dalia-S14-e0,0,conflict_timing,19.638812222052366,0,0,0,3591,2326.0,M1,1402,0,1,1,1,2,0,0.005493068834766746,test,S14,1,0,2,0,1,1,clean
0,1,2,1,ppg_dalia-S14-e0-correction-c0-B0,0,3,2,0,0,0,0,0.01084218081086874,ppg_dalia,10.599804484983906,ppg_dalia-S14-e0,0,conflict_timing,10.583429415943101,0,0,0,1409,2236.0,B0,709,0,0,4,0,2,0,0.001503409817814827,test,S14,1,0,0,0,1,1,correction
0,1,2,0,ppg_dalia-S14-e0-correction-c0-B1,0,1,0,0,0,0,0,0.01153895677998662,ppg_dalia,20.617900965968147,ppg_dalia-S14-e0,0,conflict_timing,20.59920771373436,0,0,0,3557,2236.0,B1,1418,0,1,1,1,2,0,0.0014879598747938871,test,S14,1,0,0,0,1,1,correction
0,1,2,0,ppg_dalia-S14-e0-correction-c0-B2,0,1,0,0,0,0,0,0.056497359182685614,ppg_dalia,20.613169542048126,ppg_dalia-S14-e0,0,conflict_timing,20.545295042917132,0,0,0,3557,2236.0,B2,1418,0,1,1,1,2,0,0.00599481794051826,test,S14,1,0,0,0,1,1,correction
0,1,2,0,ppg_dalia-S14-e0-correction-c0-B3,0,1,0,0,0,0,0,0.01145350793376565,ppg_dalia,30.492347919847816,ppg_dalia-S14-e0,0,conflict_timing,20.041110303020105,0,0,0,3557,2236.0,B3,1418,0,1,1,1,2,0,0.0015204590745270252,test,S14,1,0,0,0,1,1,correction
0,1,2,0,ppg_dalia-S14-e0-correction-c0-M1,0,1,0,0,0,0,0,0.05305908713489771,ppg_dalia,20.561011245008558,ppg_dalia-S14-e0,0,conflict_timing,20.497165176086128,0,0,0,3557,2236.0,M1,1418,0,1,1,1,2,0,0.005413391161710024,test,S14,1,0,0,0,1,1,correction
0,1,2,1,ppg_dalia-S14-e0-correction-c1-B0,1,3,2,0,0,0,1,0.005824082065373659,ppg_dalia,34.532333608018234,ppg_dalia-S14-e0,0,conflict_timing,9.74990706006065,0,0,2,1430,2266.0,B0,701,0,0,4,0,2,1,0.003987779840826988,test,S14,1,0,0,0,1,1,correction
0,1,2,0,ppg_dalia-S14-e0-correction-c1-B1,1,1,0,0,1,1,1,0.018509766086935997,ppg_dalia,44.14545810199343,ppg_dalia-S14-e0,0,conflict_timing,18.989176120841876,0,0,0,3584,2266.0,B1,1354,0,1,1,1,2,0,0.0027593940030783415,test,S14,1,0,0,0,1,1,correction
0,1,2,0,ppg_dalia-S14-e0-correction-c1-B2,1,1,0,0,1,1,1,0.04699347005225718,ppg_dalia,44.129813408944756,ppg_dalia-S14-e0,0,conflict_timing,18.993176469113678,0,0,0,3584,2266.0,B2,1354,0,1,1,1,2,0,0.009413110092282295,test,S14,1,0,0,0,1,1,correction
0,1,2,0,ppg_dalia-S14-e0-correction-c1-B3,1,1,0,0,1,1,1,0.008947789203375578,ppg_dalia,53.64986556395888,ppg_dalia-S14-e0,0,conflict_timing,19.246817133855075,0,0,0,3584,2266.0,B3,1354,0,1,1,1,2,0,0.0015842982102185488,test,S14,1,0,0,0,1,1,correction
0,1,2,0,ppg_dalia-S14-e0-correction-c1-M1,1,1,0,0,1,1,1,0.04890132090076804,ppg_dalia,45.590669497149065,ppg_dalia-S14-e0,0,conflict_timing,19.212253092089668,0,0,0,3584,2266.0,M1,1354,0,1,1,1,2,0,0.008858690969645977,test,S14,1,0,0,0,1,1,correction
0,1,2,1,ppg_dalia-S14-e0-correction-c2-B0,2,3,2,0,0,0,1,0.004080018028616905,ppg_dalia,27.808227480156347,ppg_dalia-S14-e0,0,conflict_timing,9.784009471070021,0,0,4,1430,2326.0,B0,701,0,0,4,0,2,1,0.0016984648536890745,test,S14,1,0,1,0,1,1,correction
0,1,2,0,ppg_dalia-S14-e0-correction-c2-B1,2,1,0,0,1,1,1,0.020453596953302622,ppg_dalia,39.2405401901342,ppg_dalia-S14-e0,0,conflict_timing,19.934322171844542,0,0,0,3597,2326.0,B1,1414,0,1,1,1,2,0,0.0017263249028474092,test,S14,1,0,1,0,1,1,correction
0,1,2,0,ppg_dalia-S14-e0-correction-c2-B2,2,1,0,0,1,1,1,0.0533052918035537,ppg_dalia,39.75662886607461,ppg_dalia-S14-e0,0,conflict_timing,20.314508454874158,0,0,0,3607,2326.0,B2,1434,0,1,1,1,2,0,0.00965052517130971,test,S14,1,0,1,0,1,1,correction
0,1,2,0,ppg_dalia-S14-e0-correction-c2-B3,2,1,0,0,1,1,1,0.013611844973638654,ppg_dalia,48.12274502986111,ppg_dalia-S14-e0,0,conflict_timing,20.477911302819848,0,0,0,3607,2326.0,B3,1434,0,1,1,1,2,0,0.001959620974957943,test,S14,1,0,1,0,1,1,correction
0,1,2,0,ppg_dalia-S14-e0-correction-c2-M1,2,1,0,0,1,1,1,0.0678942680824548,ppg_dalia,40.25890078395605,ppg_dalia-S14-e0,0,conflict_timing,20.000198084162548,0,0,0,3591,2326.0,M1,1402,0,1,1,1,2,0,0.00975163304246962,test,S14,1,0,1,0,1,1,correction
0,0,0,1,ppg_dalia-S14-e0-delayed-c0-B0,0,3,3,0,0,0,0,0.008877947926521301,ppg_dalia,37.79230242501944,ppg_dalia-S14-e0,0,conflict_timing,7.743389688897878,0,0,0,1294,2236.0,B0,551,0,0,4,0,2,0,0.0014909000601619482,test,S14,0,0,0,0,0,0,delayed
1,0,0,0,ppg_dalia-S14-e0-delayed-c0-B1,0,0,0,0,0,0,0,0.010463076876476407,ppg_dalia,49.1498740920797,ppg_dalia-S14-e0,0,conflict_timing,15.472477269824594,0,0,0,3203,2236.0,B1,1102,0,0,0,1,2,0,0.001500108977779746,test,S14,0,0,0,0,0,0,delayed
1,0,0,0,ppg_dalia-S14-e0-delayed-c0-B2,0,0,0,0,0,0,0,0.05299021815881133,ppg_dalia,50.5938636190258,ppg_dalia-S14-e0,0,conflict_timing,15.546444021165371,0,0,0,3203,2236.0,B2,1102,0,0,0,1,2,0,0.005355210974812508,test,S14,0,0,0,0,0,0,delayed
1,0,0,0,ppg_dalia-S14-e0-delayed-c0-B3,0,0,0,0,0,0,0,0.010897077852860093,ppg_dalia,53.50830792286433,ppg_dalia-S14-e0,0,conflict_timing,15.855336552718654,0,0,0,3213,2236.0,B3,1122,0,0,0,1,2,0,0.0015039090067148209,test,S14,0,0,0,0,0,0,delayed
1,0,0,0,ppg_dalia-S14-e0-delayed-c0-M1,0,0,0,0,0,0,0,0.0584720759652555,ppg_dalia,51.35299907904118,ppg_dalia-S14-e0,0,conflict_timing,15.923518131952733,0,0,0,3213,2236.0,M1,1122,0,0,0,1,2,0,0.005421150010079145,test,S14,0,0,0,0,0,0,delayed
0,0,0,1,ppg_dalia-S14-e0-delayed-c1-B0,1,3,3,0,0,0,0,0.004670544061809778,ppg_dalia,46.65184967499226,ppg_dalia-S14-e0,0,conflict_timing,7.727853046962991,0,0,3,1294,2266.0,B0,551,0,0,4,0,2,0,0.003964128904044628,test,S14,0,0,0,0,0,0,delayed
1,0,0,0,ppg_dalia-S14-e0-delayed-c1-B1,1,0,0,0,0,0,0,0.009644072968512774,ppg_dalia,56.65759492199868,ppg_dalia-S14-e0,0,conflict_timing,15.491054862039164,0,0,0,3203,2266.0,B1,1102,0,0,0,1,2,0,0.0038579110987484455,test,S14,0,0,0,0,0,0,delayed
1,0,0,0,ppg_dalia-S14-e0-delayed-c1-B2,1,0,0,0,0,0,0,0.0272191041149199,ppg_dalia,60.480706074042246,ppg_dalia-S14-e0,0,conflict_timing,15.824939384823665,0,0,0,3213,2266.0,B2,1122,0,0,0,1,2,0,0.011382657801732421,test,S14,0,0,0,0,0,0,delayed
1,0,0,0,ppg_dalia-S14-e0-delayed-c1-B3,1,0,0,0,0,0,0,0.005635364912450314,ppg_dalia,62.130393581232056,ppg_dalia-S14-e0,0,conflict_timing,15.566051420057192,0,0,0,3203,2266.0,B3,1102,0,0,0,1,2,0,0.001543788006529212,test,S14,0,0,0,0,0,0,delayed
1,0,0,0,ppg_dalia-S14-e0-delayed-c1-M1,1,0,0,0,0,0,0,0.01920016808435321,ppg_dalia,60.55326225212775,ppg_dalia-S14-e0,0,conflict_timing,15.7078629238531,0,0,0,3203,2266.0,M1,1102,0,0,0,1,2,0,0.009186832001432776,test,S14,0,0,0,0,0,0,delayed
0,1,2,1,ppg_dalia-S14-e0-delayed-c2-B0,2,3,2,0,0,0,0,0.00598938693292439,ppg_dalia,43.62843696703203,ppg_dalia-S14-e0,0,conflict_timing,10.000737479887903,0,0,6,1409,2326.0,B0,711,0,0,4,0,2,0,0.00409454689361155,test,S14,1,0,0,0,1,1,delayed
0,1,2,0,ppg_dalia-S14-e0-delayed-c2-B1,2,1,0,0,0,0,0,0.011399017879739404,ppg_dalia,57.453675429103896,ppg_dalia-S14-e0,0,conflict_timing,19.983625964960083,0,0,0,3563,2326.0,B1,1422,0,1,1,1,2,0,0.0038401209749281406,test,S14,1,0,0,0,1,1,delayed
0,1,2,0,ppg_dalia-S14-e0-delayed-c2-B2,2,1,0,0,0,0,0,0.03207686496898532,ppg_dalia,57.545748559059575,ppg_dalia-S14-e0,0,conflict_timing,19.98048956831917,0,0,0,3563,2326.0,B2,1422,0,1,1,1,2,0,0.008840879891067743,test,S14,1,0,0,0,1,1,delayed
0,1,2,0,ppg_dalia-S14-e0-delayed-c2-B3,2,1,0,0,0,0,0,0.004279903136193752,ppg_dalia,63.08750972012058,ppg_dalia-S14-e0,0,conflict_timing,19.55288578895852,0,0,0,3563,2326.0,B3,1422,0,1,1,1,2,0,0.001519019016996026,test,S14,1,0,0,0,1,1,delayed
0,1,2,0,ppg_dalia-S14-e0-delayed-c2-M1,2,1,0,0,0,0,0,0.022856632946059108,ppg_dalia,60.16002825205214,ppg_dalia-S14-e0,0,conflict_timing,19.865284400759265,0,0,0,3563,2326.0,M1,1422,0,1,1,1,2,0,0.008687542984262109,test,S14,1,0,0,0,1,1,delayed
0,1,2,0,ppg_dalia-S14-e1-channel_fault-c0-B0,0,2,0,0,0,0,0,0.009761841036379337,ppg_dalia,13.385656371014193,ppg_dalia-S14-e1,0,current_evidence,5.756839067908004,0,0,0,1381,6716.0,B0,405,0,0,3,0,2,0,0.0015370191540569067,test,S14,2,0,0,1,1,3,channel_fault
0,1,2,0,ppg_dalia-S14-e1-channel_fault-c0-B1,0,2,0,0,0,0,0,0.011270620161667466,ppg_dalia,13.386679620016366,ppg_dalia-S14-e1,0,current_evidence,5.751823738915846,0,0,0,1381,6716.0,B1,405,0,0,3,0,2,0,0.001500339014455676,test,S14,2,0,0,1,1,3,channel_fault
0,1,2,0,ppg_dalia-S14-e1-channel_fault-c0-B2,0,2,0,0,0,0,0,0.06659370311535895,ppg_dalia,13.378259522141889,ppg_dalia-S14-e1,0,current_evidence,5.7371028289198875,0,0,0,1381,6716.0,B2,405,0,0,3,0,2,0,0.005423889961093664,test,S14,2,0,0,1,1,3,channel_fault
0,1,2,0,ppg_dalia-S14-e1-channel_fault-c0-B3,0,2,0,0,0,0,0,0.013378946809098125,ppg_dalia,18.96876135794446,ppg_dalia-S14-e1,0,current_evidence,5.745983227854595,0,0,0,1381,6716.0,B3,405,0,0,3,0,2,0,0.0014929899480193853,test,S14,2,0,0,1,1,3,channel_fault
0,1,2,0,ppg_dalia-S14-e1-channel_fault-c0-M1,0,2,0,0,0,0,0,0.07320510898716748,ppg_dalia,19.00205766991712,ppg_dalia-S14-e1,0,current_evidence,5.710225067101419,0,0,0,1381,6716.0,M1,405,0,0,3,0,2,0,0.008533065905794501,test,S14,2,0,0,1,1,3,channel_fault
0,1,2,1,ppg_dalia-S14-e1-channel_fault-c1-B0,1,3,2,0,0,0,2,0.004335872130468488,ppg_dalia,35.5907072420232,ppg_dalia-S14-e1,0,current_evidence,8.077996453037485,0,0,0,1469,6746.0,B0,578,0,0,4,0,2,2,0.0016711449716240168,test,S14,1,0,0,0,1,1,channel_fault
0,1,2,0,ppg_dalia-S14-e1-channel_fault-c1-B1,1,1,0,0,2,2,2,0.017012603115290403,ppg_dalia,44.04157952894457,ppg_dalia-S14-e1,0,current_evidence,16.1831638130825,0,0,0,3546,6746.0,B1,1156,0,1,1,1,2,0,0.0016322869341820478,test,S14,1,0,0,0,1,1,channel_fault
0,1,2,0,ppg_dalia-S14-e1-channel_fault-c1-B2,1,1,0,0,2,2,2,0.08140558190643787,ppg_dalia,47.26011343393475,ppg_dalia-S14-e1,0,current_evidence,16.29715562099591,0,0,0,3546,6746.0,B2,1156,0,1,1,1,2,0,0.005907559068873525,test,S14,1,0,0,0,1,1,channel_fault
0,1,2,0,ppg_dalia-S14-e1-channel_fault-c1-B3,1,1,0,0,2,2,2,0.019143529934808612,ppg_dalia,51.73433673894033,ppg_dalia-S14-e1,0,current_evidence,16.345656622201204,0,0,0,3546,6746.0,B3,1156,0,1,1,1,2,0,0.0016223660204559565,test,S14,1,0,0,0,1,1,channel_fault
0,1,2,0,ppg_dalia-S14-e1-channel_fault-c1-M1,1,1,0,0,2,2,2,0.08879354107193649,ppg_dalia,50.751325143966824,ppg_dalia-S14-e1,0,current_evidence,16.459592890925705,0,0,0,3546,6746.0,M1,1156,0,1,1,1,2,0,0.005881140939891338,test,S14,1,0,0,0,1,1,channel_fault
0,1,2,0,ppg_dalia-S14-e1-channel_fault-c2-B0,2,2,0,0,0,0,1,0.004731782944872975,ppg_dalia,33.21776789100841,ppg_dalia-S14-e1,0,current_evidence,5.723215382080525,0,0,2,1469,6806.0,B0,407,0,0,3,0,2,1,0.0017184549942612648,test,S14,2,0,2,1,1,3,channel_fault
0,1,2,0,ppg_dalia-S14-e1-channel_fault-c2-B1,2,1,0,0,1,1,1,0.018502213060855865,ppg_dalia,45.67167394212447,ppg_dalia-S14-e1,0,current_evidence,16.323840776924044,0,0,0,3548,6806.0,B1,1160,0,1,1,1,2,0,0.0017392451409250498,test,S14,1,0,2,0,1,1,channel_fault
0,1,2,0,ppg_dalia-S14-e1-channel_fault-c2-B2,2,2,0,0,1,1,1,0.1154047588352114,ppg_dalia,37.63126009400003,ppg_dalia-S14-e1,0,current_evidence,5.699943356914446,0,0,0,1469,6806.0,B2,407,0,0,3,0,2,0,0.006011458113789558,test,S14,2,0,2,1,1,3,channel_fault
0,1,2,0,ppg_dalia-S14-e1-channel_fault-c2-B3,2,1,0,0,1,1,1,0.02117435890249908,ppg_dalia,49.337506115902215,ppg_dalia-S14-e1,0,current_evidence,16.398378138896078,0,0,0,3548,6806.0,B3,1160,0,1,1,1,2,0,0.0017546541057527065,test,S14,1,0,2,0,1,1,channel_fault
0,1,2,0,ppg_dalia-S14-e1-channel_fault-c2-M1,2,1,0,0,1,1,1,0.13415935705415905,ppg_dalia,49.01640948606655,ppg_dalia-S14-e1,0,current_evidence,16.39242866029963,0,0,0,3548,6806.0,M1,1160,0,1,1,1,2,0,0.006010526791214943,test,S14,1,0,2,0,1,1,channel_fault
0,1,2,0,ppg_dalia-S14-e1-clean-c0-B0,0,2,0,0,0,0,0,0.009029570035636425,ppg_dalia,52.83309714286588,ppg_dalia-S14-e1,0,current_evidence,5.745772265829146,0,0,0,1381,6716.0,B0,405,0,0,3,0,2,0,0.0015098401345312595,test,S14,2,0,0,1,1,3,clean
0,1,2,0,ppg_dalia-S14-e1-clean-c0-B1,0,2,0,0,0,0,0,0.010741995880380273,ppg_dalia,58.45868660812266,ppg_dalia-S14-e1,0,current_evidence,5.629253331106156,0,0,0,1381,6716.0,B1,405,0,0,3,0,2,0,0.001503220060840249,test,S14,2,0,0,1,1,3,clean
0,1,2,0,ppg_dalia-S14-e1-clean-c0-B2,0,2,0,0,0,0,0,0.052034642081707716,ppg_dalia,59.9580499609001,ppg_dalia-S14-e1,0,current_evidence,5.653099765069783,0,0,0,1381,6716.0,B2,405,0,0,3,0,2,0,0.0052799738477915525,test,S14,2,0,0,1,1,3,clean
0,1,2,0,ppg_dalia-S14-e1-clean-c0-B3,0,2,0,0,0,0,0,0.010733626084402204,ppg_dalia,60.64125155005604,ppg_dalia-S14-e1,0,current_evidence,5.802627251949161,0,0,0,1381,6716.0,B3,405,0,0,3,0,2,0,0.0015094999689608812,test,S14,2,0,0,1,1,3,clean
0,1,2,0,ppg_dalia-S14-e1-clean-c0-M1,0,1,0,0,0,0,0,0.0551762490067631,ppg_dalia,71.0268430178985,ppg_dalia-S14-e1,0,current_evidence,16.271618065889925,0,0,0,3372,6716.0,M1,1160,0,1,1,1,2,0,0.005324413999915123,test,S14,1,0,0,0,1,1,clean
0,1,2,1,ppg_dalia-S14-e1-clean-c1-B0,1,3,2,0,0,0,0,0.0038393139839172363,ppg_dalia,49.08917091600597,ppg_dalia-S14-e1,0,current_evidence,7.614368771901354,0,0,0,1402,6746.0,B0,540,0,0,4,0,2,0,0.0016024778597056866,test,S14,1,0,2,0,1,1,clean
0,1,2,0,ppg_dalia-S14-e1-clean-c1-B1,1,1,0,0,0,0,0,0.006918742088600993,ppg_dalia,58.203984120162204,ppg_dalia-S14-e1,0,current_evidence,15.175759021192789,0,0,0,3387,6746.0,B1,1080,0,1,1,1,2,0,0.0015582588966935873,test,S14,1,0,2,0,1,1,clean
0,1,2,0,ppg_dalia-S14-e1-clean-c1-B2,1,1,0,0,0,0,0,0.0331404791213572,ppg_dalia,58.97742432798259,ppg_dalia-S14-e1,0,current_evidence,15.203028537798673,0,0,0,3387,6746.0,B2,1080,0,1,1,1,2,0,0.005683216033503413,test,S14,1,0,2,0,1,1,clean
0,1,2,0,ppg_dalia-S14-e1-clean-c1-B3,1,1,0,0,0,0,0,0.007371932966634631,ppg_dalia,64.19557601120323,ppg_dalia-S14-e1,0,current_evidence,15.19050801708363,0,0,0,3387,6746.0,B3,1080,0,1,1,1,2,0,0.0015388289466500282,test,S14,1,0,2,0,1,1,clean
0,1,2,0,ppg_dalia-S14-e1-clean-c1-M1,1,1,0,0,0,0,0,0.030570190167054534,ppg_dalia,62.0975112230517,ppg_dalia-S14-e1,0,current_evidence,15.328115062089637,0,0,0,3387,6746.0,M1,1080,0,1,1,1,2,0,0.005473339930176735,test,S14,1,0,1,0,1,1,clean
0,1,2,1,ppg_dalia-S14-e1-clean-c2-B0,2,3,2,0,0,0,0,0.006046900060027838,ppg_dalia,54.22091168304905,ppg_dalia-S14-e1,0,current_evidence,7.5792184041347355,0,0,2,1402,6806.0,B0,540,0,0,4,0,2,0,0.004104058025404811,test,S14,1,0,3,0,1,1,clean
0,1,2,0,ppg_dalia-S14-e1-clean-c2-B1,2,1,0,0,0,0,0,0.01565387798473239,ppg_dalia,63.32509438903071,ppg_dalia-S14-e1,0,current_evidence,15.140644152881578,0,0,0,3387,6806.0,B1,1080,0,1,1,1,2,0,0.0028209928423166275,test,S14,1,0,3,0,1,1,clean
0,1,2,0,ppg_dalia-S14-e1-clean-c2-B2,2,1,0,0,0,0,0,0.04886539513245225,ppg_dalia,64.30940090096556,ppg_dalia-S14-e1,0,current_evidence,15.096484174020588,0,0,0,3387,6806.0,B2,1080,0,1,1,1,2,0,0.00973206595517695,test,S14,1,0,3,0,1,1,clean
0,1,2,0,ppg_dalia-S14-e1-clean-c2-B3,2,1,0,0,0,0,0,0.008111848030239344,ppg_dalia,68.83174228807911,ppg_dalia-S14-e1,0,current_evidence,14.751358350040391,0,0,0,3387,6806.0,B3,1080,0,1,1,1,2,0,0.0016148581635206938,test,S14,1,0,3,0,1,1,clean
0,1,2,0,ppg_dalia-S14-e1-clean-c2-M1,2,1,0,0,0,0,0,0.04909582086838782,ppg_dalia,66.92270246800035,ppg_dalia-S14-e1,0,current_evidence,14.990165505092591,0,0,0,3387,6806.0,M1,1080,0,1,1,1,2,0,0.00966632692143321,test,S14,1,0,2,0,1,1,clean
0,1,2,0,ppg_dalia-S14-e1-correction-c0-B0,0,2,0,0,0,0,0,0.011757442960515618,ppg_dalia,6.381482772063464,ppg_dalia-S14-e1,0,current_evidence,6.364354817895219,0,0,0,1381,6716.0,B0,405,0,0,3,0,2,0,0.0015135291032493114,test,S14,2,0,0,1,1,3,correction
0,1,2,0,ppg_dalia-S14-e1-correction-c0-B1,0,2,0,0,0,0,0,0.012960657943040133,ppg_dalia,6.396896410966292,ppg_dalia-S14-e1,0,current_evidence,6.37946609291248,0,0,0,1381,6716.0,B1,405,0,0,3,0,2,0,0.0015041898004710674,test,S14,2,0,0,1,1,3,correction
0,1,2,0,ppg_dalia-S14-e1-correction-c0-B2,0,2,0,0,0,0,0,0.06029554200358689,ppg_dalia,6.370249319123104,ppg_dalia-S14-e1,0,current_evidence,6.301240061875433,0,0,0,1381,6716.0,B2,405,0,0,3,0,2,0,0.005628917133435607,test,S14,2,0,0,1,1,3,correction
0,1,2,0,ppg_dalia-S14-e1-correction-c0-B3,0,2,0,0,0,0,0,0.011756201973184943,ppg_dalia,11.899399132933468,ppg_dalia-S14-e1,0,current_evidence,5.69277716986835,0,0,0,1381,6716.0,B3,405,0,0,3,0,2,0,0.0015181100461632013,test,S14,2,0,0,1,1,3,correction
0,1,2,0,ppg_dalia-S14-e1-correction-c0-M1,0,2,0,0,0,0,0,0.06251028808765113,ppg_dalia,6.285659007029608,ppg_dalia-S14-e1,0,current_evidence,6.213513334048912,0,0,0,1381,6716.0,M1,405,0,0,3,0,2,0,0.005439820000901818,test,S14,2,0,0,1,1,3,correction
0,1,2,1,ppg_dalia-S14-e1-correction-c1-B0,1,3,2,0,0,0,2,0.002623226959258318,ppg_dalia,50.60064160800539,ppg_dalia-S14-e1,0,current_evidence,7.6330548480618745,0,0,0,1402,6746.0,B0,540,0,0,4,0,2,2,0.001573238056153059,test,S14,1,0,0,0,1,1,correction
0,1,2,0,ppg_dalia-S14-e1-correction-c1-B1,1,1,0,0,2,2,2,0.007401919923722744,ppg_dalia,59.389706041896716,ppg_dalia-S14-e1,0,current_evidence,15.194596369052306,0,0,0,3387,6746.0,B1,1080,0,1,1,1,2,0,0.0016399871092289686,test,S14,1,0,0,0,1,1,correction
0,1,2,0,ppg_dalia-S14-e1-correction-c1-B2,1,1,0,0,2,2,2,0.028800988104194403,ppg_dalia,60.78163585299626,ppg_dalia-S14-e1,0,current_evidence,15.209914461011067,0,0,0,3387,6746.0,B2,1080,0,1,1,1,2,0,0.005575818009674549,test,S14,1,0,0,0,1,1,correction
0,1,2,0,ppg_dalia-S14-e1-correction-c1-B3,1,1,0,0,2,2,2,0.008413529954850674,ppg_dalia,65.74301814287901,ppg_dalia-S14-e1,0,current_evidence,15.220951337134466,0,0,0,3387,6746.0,B3,1080,0,1,1,1,2,0,0.0016325670294463634,test,S14,1,0,0,0,1,1,correction
0,1,2,0,ppg_dalia-S14-e1-correction-c1-M1,1,1,0,0,2,2,2,0.029637411003932357,ppg_dalia,62.379053954966366,ppg_dalia-S14-e1,0,current_evidence,15.287576962029561,0,0,0,3387,6746.0,M1,1080,0,1,1,1,2,0,0.005654545966535807,test,S14,1,0,0,0,1,1,correction
0,1,2,1,ppg_dalia-S14-e1-correction-c2-B0,2,3,2,0,0,0,1,0.0033149828668683767,ppg_dalia,51.33853263803758,ppg_dalia-S14-e1,0,current_evidence,7.602242429973558,0,0,2,1402,6806.0,B0,540,0,0,4,0,2,1,0.0017363850492984056,test,S14,1,0,2,0,1,1,correction
0,1,2,0,ppg_dalia-S14-e1-correction-c2-B1,2,1,0,0,1,1,1,0.008533657062798738,ppg_dalia,59.07052050810307,ppg_dalia-S14-e1,0,current_evidence,15.145188936963677,0,0,0,3387,6806.0,B1,1080,0,1,1,1,2,0,0.0016700560227036476,test,S14,1,0,2,0,1,1,correction
0,1,2,0,ppg_dalia-S14-e1-correction-c2-B2,2,1,0,0,1,1,1,0.039272285997867584,ppg_dalia,63.812081217067316,ppg_dalia-S14-e1,0,current_evidence,15.306196664925665,0,0,0,3387,6806.0,B2,1080,0,1,1,1,2,0,0.005877981893718243,test,S14,1,0,2,0,1,1,correction
0,1,2,0,ppg_dalia-S14-e1-correction-c2-B3,2,1,0,0,1,1,1,0.008820141898468137,ppg_dalia,66.41548109403811,ppg_dalia-S14-e1,0,current_evidence,15.180446763988584,0,0,0,3387,6806.0,B3,1080,0,1,1,1,2,0,0.0016485259402543306,test,S14,1,0,2,0,1,1,correction
0,1,2,0,ppg_dalia-S14-e1-correction-c2-M1,2,1,0,0,1,1,1,0.04255915991961956,ppg_dalia,63.77905762405135,ppg_dalia-S14-e1,0,current_evidence,15.316468109143898,0,0,0,3387,6806.0,M1,1080,0,1,1,1,2,0,0.006031098077073693,test,S14,1,0,2,0,1,1,correction
0,0,0,1,ppg_dalia-S14-e1-delayed-c0-B0,0,3,3,0,0,0,0,0.01707258610986173,ppg_dalia,21.392357076052576,ppg_dalia-S14-e1,0,current_evidence,8.457802603021264,0,0,0,1276,6716.0,B0,607,0,0,4,0,2,0,0.0014909999445080757,test,S14,0,0,0,0,0,0,delayed
1,0,0,0,ppg_dalia-S14-e1-delayed-c0-B1,0,0,0,0,0,0,0,0.011489188065752387,ppg_dalia,32.23633041488938,ppg_dalia-S14-e1,0,current_evidence,17.04222699603997,0,0,0,3218,6716.0,B1,1214,0,0,0,1,2,0,0.0015053600072860718,test,S14,0,0,0,0,0,0,delayed
1,0,0,0,ppg_dalia-S14-e1-delayed-c0-B2,0,0,0,0,0,0,0,0.05367911886423826,ppg_dalia,35.059027306968346,ppg_dalia-S14-e1,0,current_evidence,17.0245410411153,0,0,0,3218,6716.0,B2,1214,0,0,0,1,2,0,0.005372100975364447,test,S14,0,0,0,0,0,0,delayed
1,0,0,0,ppg_dalia-S14-e1-delayed-c0-B3,0,0,0,0,0,0,0,0.01112160598859191,ppg_dalia,38.32944113900885,ppg_dalia-S14-e1,0,current_evidence,17.0863209979143,0,0,0,3218,6716.0,B3,1214,0,0,0,1,2,0,0.0014781400095671415,test,S14,0,0,0,0,0,0,delayed
1,0,0,0,ppg_dalia-S14-e1-delayed-c0-M1,0,0,0,0,0,0,0,0.05929889506660402,ppg_dalia,35.25116560701281,ppg_dalia-S14-e1,0,current_evidence,17.26060474710539,0,0,0,3218,6716.0,M1,1214,0,0,0,1,2,0,0.007189386058598757,test,S14,0,0,0,0,0,0,delayed
0,0,0,1,ppg_dalia-S14-e1-delayed-c1-B0,1,3,3,0,0,0,0,0.0046606159303337336,ppg_dalia,27.699804461095482,ppg_dalia-S14-e1,0,current_evidence,7.811154580907896,0,0,3,1276,6746.0,B0,563,0,0,4,0,2,0,0.003959211055189371,test,S14,0,0,0,0,0,0,delayed
1,0,0,0,ppg_dalia-S14-e1-delayed-c1-B1,1,0,0,0,0,0,0,0.006182155106216669,ppg_dalia,36.575054733781144,ppg_dalia-S14-e1,0,current_evidence,15.704059115145355,0,0,0,3161,6746.0,B1,1126,0,0,0,1,2,0,0.0026583760045468807,test,S14,0,0,0,0,0,0,delayed
1,0,0,0,ppg_dalia-S14-e1-delayed-c1-B2,1,0,0,0,0,0,0,0.019448328064754605,ppg_dalia,37.46479922905564,ppg_dalia-S14-e1,0,current_evidence,15.745219185948372,0,0,0,3161,6746.0,B2,1126,0,0,0,1,2,0,0.009145125979557633,test,S14,0,0,0,0,0,0,delayed
1,0,0,0,ppg_dalia-S14-e1-delayed-c1-B3,1,0,0,0,0,0,0,0.0042190649546682835,ppg_dalia,43.44224219280295,ppg_dalia-S14-e1,0,current_evidence,15.812281306134537,0,0,0,3161,6746.0,B3,1126,0,0,0,1,2,0,0.0015447190962731838,test,S14,0,0,0,0,0,0,delayed
1,0,0,0,ppg_dalia-S14-e1-delayed-c1-M1,1,0,0,0,0,0,0,0.01883881096728146,ppg_dalia,39.7697550910525,ppg_dalia-S14-e1,0,current_evidence,15.957518607843667,0,0,0,3161,6746.0,M1,1126,0,0,0,1,2,0,0.007869310909882188,test,S14,0,0,0,0,0,0,delayed
0,1,2,1,ppg_dalia-S14-e1-delayed-c2-B0,2,3,2,0,0,0,0,0.005860022036358714,ppg_dalia,28.103040368063375,ppg_dalia-S14-e1,0,current_evidence,8.120499179000035,0,0,6,1381,6806.0,B0,580,0,0,4,0,2,0,0.004056068137288094,test,S14,1,0,0,0,1,1,delayed
0,1,2,0,ppg_dalia-S14-e1-delayed-c2-B1,2,1,0,0,0,0,0,0.00992935011163354,ppg_dalia,36.53134367498569,ppg_dalia-S14-e1,0,current_evidence,16.33436977583915,0,0,0,3372,6806.0,B1,1160,0,1,1,1,2,0,0.0038904610555619,test,S14,1,0,0,0,1,1,delayed
0,1,2,0,ppg_dalia-S14-e1-delayed-c2-B2,2,1,0,0,0,0,0,0.024725111899897456,ppg_dalia,37.61284567695111,ppg_dalia-S14-e1,0,current_evidence,16.366068189032376,0,0,0,3372,6806.0,B2,1160,0,1,1,1,2,0,0.009712644154205918,test,S14,1,0,0,0,1,1,delayed
0,1,2,0,ppg_dalia-S14-e1-delayed-c2-B3,2,1,0,0,0,0,0,0.004372811876237392,ppg_dalia,44.36649008397944,ppg_dalia-S14-e1,0,current_evidence,16.35025037568994,0,0,0,3370,6806.0,B3,1156,0,1,1,1,2,0,0.001519140088930726,test,S14,1,0,0,0,1,1,delayed
0,1,2,0,ppg_dalia-S14-e1-delayed-c2-M1,2,1,0,0,0,0,0,0.02312794397585094,ppg_dalia,37.76078629679978,ppg_dalia-S14-e1,0,current_evidence,16.499992049997672,0,0,0,3372,6806.0,M1,1160,0,1,1,1,2,0,0.007779472973197699,test,S14,1,0,0,0,1,1,delayed
0,1,2,0,ppg_dalia-S5-e0-channel_fault-c0-B0,0,3,0,0,0,0,0,0.016948243835940957,ppg_dalia,38.030112782958895,ppg_dalia-S5-e0,0,revision_impact,7.683380439179018,0,0,0,1375,2326.0,B0,544,0,1,3,0,2,0,0.0014971590135246515,test,S5,2,0,0,1,1,3,channel_fault
0,1,2,0,ppg_dalia-S5-e0-channel_fault-c0-B1,0,3,0,0,0,0,0,0.011056513991206884,ppg_dalia,38.01643721200526,ppg_dalia-S5-e0,0,revision_impact,7.685552234062925,0,0,0,1375,2326.0,B1,544,0,1,3,0,2,0,0.001479740021750331,test,S5,2,0,0,1,1,3,channel_fault
0,1,2,0,ppg_dalia-S5-e0-channel_fault-c0-B2,0,3,0,0,0,0,0,0.05543049797415733,ppg_dalia,44.34594519296661,ppg_dalia-S5-e0,0,revision_impact,7.705449467059225,0,0,0,1375,2326.0,B2,544,0,1,3,0,2,0,0.005646874895319343,test,S5,2,0,0,1,1,3,channel_fault
0,1,2,0,ppg_dalia-S5-e0-channel_fault-c0-B3,0,3,0,0,0,0,0,0.011046354193240404,ppg_dalia,45.584033275954425,ppg_dalia-S5-e0,0,revision_impact,7.6974785008933395,0,0,0,1375,2326.0,B3,544,0,1,3,0,2,0,0.0014972798526287079,test,S5,2,0,0,1,1,3,channel_fault
0,1,2,0,ppg_dalia-S5-e0-channel_fault-c0-M1,0,3,0,0,0,0,0,0.05974988895468414,ppg_dalia,45.63253333396278,ppg_dalia-S5-e0,0,revision_impact,7.678187703946605,0,0,0,1375,2326.0,M1,544,0,1,3,0,2,0,0.00839194911532104,test,S5,2,0,0,1,1,3,channel_fault
0,1,2,0,ppg_dalia-S5-e0-channel_fault-c1-B0,1,3,0,0,0,0,1,0.004787321900948882,ppg_dalia,54.58178077801131,ppg_dalia-S5-e0,0,revision_impact,7.934484289959073,0,0,0,1925,2356.0,B0,548,0,1,3,0,2,1,0.0016440569888800383,test,S5,2,0,2,1,1,3,channel_fault
0,1,2,0,ppg_dalia-S5-e0-channel_fault-c1-B1,1,3,0,0,1,1,1,0.017653788905590773,ppg_dalia,54.713896539993584,ppg_dalia-S5-e0,0,revision_impact,7.74529143399559,0,0,0,1925,2356.0,B1,548,0,1,3,0,2,0,0.0017224450130015612,test,S5,2,0,2,1,1,3,channel_fault
0,1,2,0,ppg_dalia-S5-e0-channel_fault-c1-B2,1,3,0,0,1,1,1,0.0835211540106684,ppg_dalia,60.04439374618232,ppg_dalia-S5-e0,0,revision_impact,7.724976058816537,0,0,0,1925,2356.0,B2,548,0,1,3,0,2,0,0.00658801500685513,test,S5,2,0,2,1,1,3,channel_fault
0,1,2,0,ppg_dalia-S5-e0-channel_fault-c1-B3,1,3,0,0,1,1,1,0.01889078412204981,ppg_dalia,62.133026666007936,ppg_dalia-S5-e0,0,revision_impact,7.75689774681814,0,0,0,1925,2356.0,B3,548,0,1,3,0,2,0,0.0018116729333996773,test,S5,2,0,2,1,1,3,channel_fault
0,1,2,0,ppg_dalia-S5-e0-channel_fault-c1-M1,1,3,0,0,1,1,1,0.08503112406469882,ppg_dalia,62.200537047116086,ppg_dalia-S5-e0,0,revision_impact,7.849595753010362,0,0,0,1925,2356.0,M1,548,0,1,3,0,2,0,0.006277570966631174,test,S5,2,0,2,1,1,3,channel_fault
0,1,2,0,ppg_dalia-S5-e0-channel_fault-c2-B0,2,3,0,0,0,0,1,0.005073416046798229,ppg_dalia,38.06060893996619,ppg_dalia-S5-e0,0,revision_impact,7.827487816102803,0,0,0,1932,2416.0,B0,555,0,1,3,0,2,1,0.0017389149870723486,test,S5,2,0,5,1,1,3,channel_fault
0,1,2,0,ppg_dalia-S5-e0-channel_fault-c2-B1,2,3,0,0,1,1,1,0.018820346100255847,ppg_dalia,39.11481704795733,ppg_dalia-S5-e0,0,revision_impact,7.759888645960018,0,0,0,1932,2416.0,B1,555,0,1,3,0,2,0,0.001776243094354868,test,S5,2,0,5,1,1,3,channel_fault
0,1,2,0,ppg_dalia-S5-e0-channel_fault-c2-B2,2,3,0,0,1,1,1,0.07970659201964736,ppg_dalia,42.62972722714767,ppg_dalia-S5-e0,0,revision_impact,7.830448124790564,0,0,0,1932,2416.0,B2,555,0,1,3,0,2,0,0.006178094074130058,test,S5,2,0,5,1,1,3,channel_fault
0,1,2,0,ppg_dalia-S5-e0-channel_fault-c2-B3,2,3,0,0,1,1,1,0.021373443072661757,ppg_dalia,45.70670935092494,ppg_dalia-S5-e0,0,revision_impact,7.841907060006633,0,0,0,1932,2416.0,B3,555,0,1,3,0,2,0,0.001754303928464651,test,S5,2,0,5,1,1,3,channel_fault
0,1,2,0,ppg_dalia-S5-e0-channel_fault-c2-M1,2,3,0,0,1,1,1,0.08198210597038269,ppg_dalia,43.756960432976484,ppg_dalia-S5-e0,0,revision_impact,7.8275334048084915,0,0,0,1932,2416.0,M1,555,0,1,3,0,2,0,0.006192753091454506,test,S5,2,0,5,1,1,3,channel_fault
0,1,2,0,ppg_dalia-S5-e0-clean-c0-B0,0,3,0,0,0,0,0,0.009101653937250376,ppg_dalia,15.419574538012967,ppg_dalia-S5-e0,0,revision_impact,7.645911304978654,0,0,0,1375,2326.0,B0,544,0,1,3,0,2,0,0.001489229965955019,test,S5,2,0,0,1,1,3,clean
0,1,2,0,ppg_dalia-S5-e0-clean-c0-B1,0,3,0,0,0,0,0,0.01095506688579917,ppg_dalia,15.421884641051292,ppg_dalia-S5-e0,0,revision_impact,7.657611917005852,0,0,0,1375,2326.0,B1,544,0,1,3,0,2,0,0.0015005390159785748,test,S5,2,0,0,1,1,3,clean
0,1,2,0,ppg_dalia-S5-e0-clean-c0-B2,0,3,0,0,0,0,0,0.07090946612879634,ppg_dalia,15.414291535969824,ppg_dalia-S5-e0,0,revision_impact,7.6515085708815604,0,0,0,1375,2326.0,B2,544,0,1,3,0,2,0,0.009782799985259771,test,S5,2,0,0,1,1,3,clean
0,1,2,0,ppg_dalia-S5-e0-clean-c0-B3,0,3,0,0,0,0,0,0.015663760947063565,ppg_dalia,22.854519000044093,ppg_dalia-S5-e0,0,revision_impact,7.6194355939514935,0,0,0,1375,2326.0,B3,544,0,1,3,0,2,0,0.0015121088363230228,test,S5,2,0,0,1,1,3,clean
0,1,2,0,ppg_dalia-S5-e0-clean-c0-M1,0,3,0,0,0,0,0,0.07413463992998004,ppg_dalia,22.80152898002416,ppg_dalia-S5-e0,0,revision_impact,8.052749737165868,0,0,0,1375,2326.0,M1,544,0,1,3,0,2,0,0.009018006036058068,test,S5,2,0,0,1,1,3,clean
0,1,2,0,ppg_dalia-S5-e0-clean-c1-B0,1,3,0,0,0,0,0,0.003088667057454586,ppg_dalia,40.712428767001256,ppg_dalia-S5-e0,0,revision_impact,7.862853145925328,0,0,0,1864,2356.0,B0,555,0,1,3,0,2,0,0.0016848261002451181,test,S5,2,0,3,1,1,3,clean
0,1,2,0,ppg_dalia-S5-e0-clean-c1-B1,1,3,0,0,0,0,0,0.007027937099337578,ppg_dalia,41.34999235905707,ppg_dalia-S5-e0,0,revision_impact,7.797354039968923,0,0,0,1864,2356.0,B1,555,0,1,3,0,2,0,0.0015861780848354101,test,S5,2,0,3,1,1,3,clean
0,1,2,0,ppg_dalia-S5-e0-clean-c1-B2,1,3,0,0,0,0,0,0.027974209981039166,ppg_dalia,44.26599915698171,ppg_dalia-S5-e0,0,revision_impact,7.820495129097253,0,0,0,1864,2356.0,B2,555,0,1,3,0,2,0,0.006141234887763858,test,S5,2,0,3,1,1,3,clean
0,1,2,0,ppg_dalia-S5-e0-clean-c1-B3,1,3,0,0,0,0,0,0.015734689077362418,ppg_dalia,48.43857669807039,ppg_dalia-S5-e0,0,revision_impact,7.803285558940843,0,0,0,1864,2356.0,B3,555,0,1,3,0,2,0,0.0015910579822957516,test,S5,2,0,3,1,1,3,clean
0,1,2,0,ppg_dalia-S5-e0-clean-c1-M1,1,3,0,0,0,0,0,0.02746082004159689,ppg_dalia,48.052022551884875,ppg_dalia-S5-e0,0,revision_impact,8.049360627075657,0,0,0,1864,2356.0,M1,555,0,1,3,0,2,0,0.005568376975134015,test,S5,2,0,3,1,1,3,clean
0,1,2,0,ppg_dalia-S5-e0-clean-c2-B0,2,3,0,0,0,0,0,0.0026723560877144337,ppg_dalia,41.37196610216051,ppg_dalia-S5-e0,0,revision_impact,7.846860990859568,0,0,0,1875,2416.0,B0,555,0,1,3,0,2,0,0.0016819459851831198,test,S5,2,0,6,1,1,3,clean
0,1,2,0,ppg_dalia-S5-e0-clean-c2-B1,2,3,0,0,0,0,0,0.0071981530636549,ppg_dalia,41.675911389058456,ppg_dalia-S5-e0,0,revision_impact,7.779930064920336,0,0,0,1875,2416.0,B1,555,0,1,3,0,2,0,0.0016860158648341894,test,S5,2,0,6,1,1,3,clean
0,1,2,0,ppg_dalia-S5-e0-clean-c2-B2,2,3,0,0,0,0,0,0.02914344589225948,ppg_dalia,45.675263609038666,ppg_dalia-S5-e0,0,revision_impact,7.830321087967604,0,0,0,1875,2416.0,B2,555,0,1,3,0,2,0,0.006206023972481489,test,S5,2,0,6,1,1,3,clean
0,1,2,0,ppg_dalia-S5-e0-clean-c2-B3,2,3,0,0,0,0,0,0.007913558976724744,ppg_dalia,49.115987627068534,ppg_dalia-S5-e0,0,revision_impact,7.825107525102794,0,0,0,1875,2416.0,B3,555,0,1,3,0,2,0,0.0016884359065443277,test,S5,2,0,6,1,1,3,clean
0,1,2,0,ppg_dalia-S5-e0-clean-c2-M1,2,3,0,0,0,0,0,0.03176890290342271,ppg_dalia,47.895502591039985,ppg_dalia-S5-e0,0,revision_impact,7.832904566079378,0,0,0,1875,2416.0,M1,555,0,1,3,0,2,0,0.005743673071265221,test,S5,2,0,6,1,1,3,clean
0,1,2,0,ppg_dalia-S5-e0-correction-c0-B0,0,3,0,0,0,0,0,0.009406327968463302,ppg_dalia,24.42284212890081,ppg_dalia-S5-e0,0,revision_impact,7.7627458879724145,0,0,0,1375,2326.0,B0,544,0,1,3,0,2,0,0.0015049499925225973,test,S5,2,0,0,1,1,3,correction
0,1,2,0,ppg_dalia-S5-e0-correction-c0-B1,0,3,0,0,0,0,0,0.01116293203085661,ppg_dalia,24.414126886054873,ppg_dalia-S5-e0,0,revision_impact,7.735235559986904,0,0,0,1375,2326.0,B1,544,0,1,3,0,2,0,0.0014896898064762354,test,S5,2,0,0,1,1,3,correction
0,1,2,0,ppg_dalia-S5-e0-correction-c0-B2,0,3,0,0,0,0,0,0.0744035909883678,ppg_dalia,24.408516861032695,ppg_dalia-S5-e0,0,revision_impact,7.737219769041985,0,0,0,1375,2326.0,B2,544,0,1,3,0,2,0,0.009202321991324425,test,S5,2,0,0,1,1,3,correction
0,1,2,0,ppg_dalia-S5-e0-correction-c0-B3,0,3,0,0,0,0,0,0.01621767901815474,ppg_dalia,31.870958738029003,ppg_dalia-S5-e0,0,revision_impact,7.6440039810258895,0,0,0,1375,2326.0,B3,544,0,1,3,0,2,0,0.0015240388456732035,test,S5,2,0,0,1,1,3,correction
0,1,2,0,ppg_dalia-S5-e0-correction-c0-M1,0,3,0,0,0,0,0,0.08374605095013976,ppg_dalia,31.544873092789203,ppg_dalia-S5-e0,0,revision_impact,7.729892508126795,0,0,0,1375,2326.0,M1,544,0,1,3,0,2,0,0.009201382054015994,test,S5,2,0,0,1,1,3,correction
0,1,2,0,ppg_dalia-S5-e0-correction-c1-B0,1,3,0,0,0,0,1,0.010303229792043567,ppg_dalia,38.65750209102407,ppg_dalia-S5-e0,0,revision_impact,7.833647161023691,0,0,0,1864,2356.0,B0,555,0,1,3,0,2,1,0.0015993171837180853,test,S5,2,0,2,1,1,3,correction
0,1,2,0,ppg_dalia-S5-e0-correction-c1-B1,1,3,0,0,1,1,1,0.00745353801175952,ppg_dalia,39.26937122293748,ppg_dalia-S5-e0,0,revision_impact,7.763218678999692,0,0,0,1864,2356.0,B1,555,0,1,3,0,2,0,0.001687175128608942,test,S5,2,0,2,1,1,3,correction
0,1,2,0,ppg_dalia-S5-e0-correction-c1-B2,1,3,0,0,1,1,1,0.03774316003546119,ppg_dalia,39.70196381397545,ppg_dalia-S5-e0,0,revision_impact,7.770055619999766,0,0,0,1864,2356.0,B2,555,0,1,3,0,2,0,0.005913398927077651,test,S5,2,0,2,1,1,3,correction
0,1,2,0,ppg_dalia-S5-e0-correction-c1-B3,1,3,0,0,1,1,1,0.008118313970044255,ppg_dalia,46.804024395067245,ppg_dalia-S5-e0,0,revision_impact,7.9634460809174925,0,0,0,1864,2356.0,B3,555,0,1,3,0,2,0,0.001621526898816228,test,S5,2,0,2,1,1,3,correction
0,1,2,0,ppg_dalia-S5-e0-correction-c1-M1,1,3,0,0,1,1,1,0.03343730792403221,ppg_dalia,46.36312004108913,ppg_dalia-S5-e0,0,revision_impact,7.7648446809034795,0,0,0,1864,2356.0,M1,555,0,1,3,0,2,0,0.005980978021398187,test,S5,2,0,2,1,1,3,correction
0,1,2,0,ppg_dalia-S5-e0-correction-c2-B0,2,3,0,0,0,0,1,0.0028911300469189882,ppg_dalia,39.3088843440637,ppg_dalia-S5-e0,0,revision_impact,7.903633010108024,0,0,0,1875,2416.0,B0,555,0,1,3,0,2,1,0.001677465857937932,test,S5,2,0,5,1,1,3,correction
0,1,2,0,ppg_dalia-S5-e0-correction-c2-B1,2,3,0,0,1,1,1,0.007915857946500182,ppg_dalia,39.52975531294942,ppg_dalia-S5-e0,0,revision_impact,7.831839916994795,0,0,0,1875,2416.0,B1,555,0,1,3,0,2,0,0.0017158850096166134,test,S5,2,0,5,1,1,3,correction
0,1,2,0,ppg_dalia-S5-e0-correction-c2-B2,2,3,0,0,1,1,1,0.03661737311631441,ppg_dalia,39.961082654073834,ppg_dalia-S5-e0,0,revision_impact,7.859852314926684,0,0,0,1875,2416.0,B2,555,0,1,3,0,2,0,0.006173992995172739,test,S5,2,0,5,1,1,3,correction
0,1,2,0,ppg_dalia-S5-e0-correction-c2-B3,2,3,0,0,1,1,1,0.008599163964390755,ppg_dalia,47.252534496132284,ppg_dalia-S5-e0,0,revision_impact,7.813942261971533,0,0,0,1875,2416.0,B3,555,0,1,3,0,2,0,0.0016895260196179152,test,S5,2,0,5,1,1,3,correction
0,1,2,0,ppg_dalia-S5-e0-correction-c2-M1,2,3,0,0,1,1,1,0.03789943619631231,ppg_dalia,47.07116915099323,ppg_dalia-S5-e0,0,revision_impact,7.814122617943212,0,0,0,1875,2416.0,M1,555,0,1,3,0,2,0,0.006781620904803276,test,S5,2,0,5,1,1,3,correction
1,0,1,0,ppg_dalia-S5-e0-delayed-c0-B0,0,0,0,0,0,0,0,0.010122104082256556,ppg_dalia,0.6661047150846571,ppg_dalia-S5-e0,1,revision_impact,0.6513260770589113,1,0,0,0,2326.0,B0,0,0,0,0,0,2,0,0.0014879789669066668,test,S5,0,0,0,0,1,0,delayed
0,0,1,0,ppg_dalia-S5-e0-delayed-c0-B1,0,2,0,0,0,0,0,0.011467345990240574,ppg_dalia,15.884345075115561,ppg_dalia-S5-e0,0,revision_impact,15.86272831610404,0,0,0,3115,2326.0,B1,1088,0,1,2,1,2,0,0.0014880688395351171,test,S5,1,0,0,1,1,2,delayed
0,0,1,0,ppg_dalia-S5-e0-delayed-c0-B2,0,2,0,0,0,0,0,0.054553624941036105,ppg_dalia,15.884413233026862,ppg_dalia-S5-e0,0,revision_impact,15.819661826826632,0,0,0,3115,2326.0,B2,1088,0,1,2,1,2,0,0.005551016889512539,test,S5,1,0,0,1,1,2,delayed
0,0,1,0,ppg_dalia-S5-e0-delayed-c0-B3,0,2,0,0,0,0,0,0.011323058977723122,ppg_dalia,15.752309712115675,ppg_dalia-S5-e0,0,revision_impact,15.241526243975386,0,0,0,3115,2326.0,B3,1088,0,1,2,1,2,0,0.0014971389900892973,test,S5,1,0,0,1,1,2,delayed
0,0,1,0,ppg_dalia-S5-e0-delayed-c0-M1,0,2,0,0,0,0,0,0.05358474515378475,ppg_dalia,15.832770637935027,ppg_dalia-S5-e0,0,revision_impact,15.768527951091528,0,0,0,3115,2326.0,M1,1088,0,1,2,1,2,0,0.006230502855032682,test,S5,1,0,0,1,1,2,delayed
0,0,1,1,ppg_dalia-S5-e0-delayed-c1-B0,1,3,1,0,0,0,0,0.0020762570202350616,ppg_dalia,43.63247946603224,ppg_dalia-S5-e0,0,revision_impact,7.520358687965199,0,0,0,1271,2356.0,B0,541,0,1,3,0,2,0,0.0015658680349588394,test,S5,1,0,0,1,1,2,delayed
0,0,1,0,ppg_dalia-S5-e0-delayed-c1-B1,1,2,0,0,0,0,0,0.004073756048455834,ppg_dalia,51.39248330891132,ppg_dalia-S5-e0,0,revision_impact,15.26543431612663,0,0,0,3109,2356.0,B1,1082,0,1,2,1,2,0,0.0016465869266539812,test,S5,1,0,2,1,1,2,delayed
0,0,1,0,ppg_dalia-S5-e0-delayed-c1-B2,1,2,0,0,0,0,0,0.012857117922976613,ppg_dalia,51.389569588936865,ppg_dalia-S5-e0,0,revision_impact,15.268720519030467,0,0,0,3109,2356.0,B2,1082,0,1,2,1,2,0,0.0058340709656476974,test,S5,1,0,2,1,1,2,delayed
0,0,1,0,ppg_dalia-S5-e0-delayed-c1-B3,1,2,0,0,0,0,0,0.003754952922463417,ppg_dalia,58.97407716605812,ppg_dalia-S5-e0,0,revision_impact,15.38135630893521,0,0,0,3109,2356.0,B3,1082,0,1,2,1,2,0,0.001590267987921834,test,S5,1,0,2,1,1,2,delayed
0,0,1,0,ppg_dalia-S5-e0-delayed-c1-M1,1,2,0,0,0,0,0,0.01158619299530983,ppg_dalia,51.80383561691269,ppg_dalia-S5-e0,0,revision_impact,15.518756071804091,0,0,0,3109,2356.0,M1,1082,0,1,2,1,2,0,0.005481027998030186,test,S5,1,0,2,1,1,2,delayed
0,1,2,0,ppg_dalia-S5-e0-delayed-c2-B0,2,3,0,0,0,0,0,0.0025280879344791174,ppg_dalia,35.821241807891056,ppg_dalia-S5-e0,0,revision_impact,7.934546288102865,0,0,1,1841,2416.0,B0,552,0,1,3,0,2,0,0.001579448115080595,test,S5,2,0,2,1,1,3,delayed
0,1,2,0,ppg_dalia-S5-e0-delayed-c2-B1,2,3,0,0,0,0,0,0.004624114837497473,ppg_dalia,35.81950670387596,ppg_dalia-S5-e0,0,revision_impact,7.900097632082179,0,0,0,1841,2416.0,B1,552,0,1,3,0,2,0,0.0016063679940998554,test,S5,2,0,4,1,1,3,delayed
0,1,2,0,ppg_dalia-S5-e0-delayed-c2-B2,2,3,0,0,0,0,0,0.017840984975919127,ppg_dalia,36.12944508297369,ppg_dalia-S5-e0,0,revision_impact,7.826650992035866,0,0,0,1841,2416.0,B2,552,0,1,3,0,2,0,0.006506957113742828,test,S5,2,0,4,1,1,3,delayed
0,1,2,0,ppg_dalia-S5-e0-delayed-c2-B3,2,3,0,0,0,0,0,0.005262081976979971,ppg_dalia,43.58128176094033,ppg_dalia-S5-e0,0,revision_impact,7.811812394997105,0,0,0,1841,2416.0,B3,552,0,1,3,0,2,0,0.0016330569051206112,test,S5,2,0,4,1,1,3,delayed
0,1,2,0,ppg_dalia-S5-e0-delayed-c2-M1,2,3,0,0,0,0,0,0.016188059002161026,ppg_dalia,43.58376069017686,ppg_dalia-S5-e0,0,revision_impact,8.049570698989555,0,0,0,1841,2416.0,M1,552,0,1,3,0,2,0,0.005802681902423501,test,S5,2,0,4,1,1,3,delayed
0,1,2,0,ppg_dalia-S5-e1-channel_fault-c0-B0,0,3,0,0,0,0,0,0.009942020988091826,ppg_dalia,37.87158901710063,ppg_dalia-S5-e1,0,revision_impact,8.103265756973997,0,0,0,1374,6976.0,B0,574,0,1,3,0,2,0,0.0015002100262790918,test,S5,2,0,0,1,1,3,channel_fault
0,1,2,0,ppg_dalia-S5-e1-channel_fault-c0-B1,0,3,0,0,0,0,0,0.010889852186664939,ppg_dalia,45.034345931140706,ppg_dalia-S5-e1,0,revision_impact,7.97414232394658,0,0,0,1374,6976.0,B1,574,0,1,3,0,2,0,0.001511869952082634,test,S5,2,0,0,1,1,3,channel_fault
0,1,2,0,ppg_dalia-S5-e1-channel_fault-c0-B2,0,3,0,0,0,0,0,0.05330090597271919,ppg_dalia,45.40368730109185,ppg_dalia-S5-e1,0,revision_impact,8.029700776096433,0,0,0,1374,6976.0,B2,574,0,1,3,0,2,0,0.00541843194514513,test,S5,2,0,0,1,1,3,channel_fault
0,1,2,0,ppg_dalia-S5-e1-channel_fault-c0-B3,0,3,0,0,0,0,0,0.011193966958671808,ppg_dalia,45.74684796505608,ppg_dalia-S5-e1,0,revision_impact,8.025602858047932,0,0,0,1374,6976.0,B3,574,0,1,3,0,2,0,0.0014977001119405031,test,S5,2,0,0,1,1,3,channel_fault
0,1,2,0,ppg_dalia-S5-e1-channel_fault-c0-M1,0,3,0,0,0,0,0,0.06113688996993005,ppg_dalia,45.823273570043966,ppg_dalia-S5-e1,0,revision_impact,8.148145981831476,0,0,0,1374,6976.0,M1,574,0,1,3,0,2,0,0.008423411985859275,test,S5,2,0,0,1,1,3,channel_fault
0,1,2,0,ppg_dalia-S5-e1-channel_fault-c1-B0,1,3,0,0,0,0,0,0.005963760893791914,ppg_dalia,37.942542342003435,ppg_dalia-S5-e1,0,revision_impact,8.163577293977141,0,0,0,1957,7006.0,B0,577,0,1,3,0,2,0,0.002043740125373006,test,S5,2,0,3,1,1,3,channel_fault
0,1,2,0,ppg_dalia-S5-e1-channel_fault-c1-B1,1,3,0,0,0,0,0,0.021615218836814165,ppg_dalia,44.112628891831264,ppg_dalia-S5-e1,0,revision_impact,8.07806025003083,0,0,0,1957,7006.0,B1,577,0,1,3,0,2,0,0.0016308571211993694,test,S5,2,0,3,1,1,3,channel_fault
0,1,2,0,ppg_dalia-S5-e1-channel_fault-c1-B2,1,3,0,0,0,0,0,0.08715974097140133,ppg_dalia,45.25553312711418,ppg_dalia-S5-e1,0,revision_impact,8.143538944190368,0,0,0,1957,7006.0,B2,577,0,1,3,0,2,0,0.005503019783645868,test,S5,2,0,3,1,1,3,channel_fault
0,1,2,0,ppg_dalia-S5-e1-channel_fault-c1-B3,1,3,0,0,0,0,0,0.017622588202357292,ppg_dalia,45.88239593990147,ppg_dalia-S5-e1,0,revision_impact,8.141493675066158,0,0,0,1957,7006.0,B3,577,0,1,3,0,2,0,0.0016427570953965187,test,S5,2,0,3,1,1,3,channel_fault
0,1,2,0,ppg_dalia-S5-e1-channel_fault-c1-M1,1,3,0,0,0,0,0,0.07366048987023532,ppg_dalia,45.56906043202616,ppg_dalia-S5-e1,0,revision_impact,8.270737966056913,0,0,0,1957,7006.0,M1,577,0,1,3,0,2,0,0.005568129010498524,test,S5,2,0,3,1,1,3,channel_fault
0,1,2,0,ppg_dalia-S5-e1-channel_fault-c2-B0,2,3,0,0,0,0,0,0.004812353989109397,ppg_dalia,42.61824243795127,ppg_dalia-S5-e1,0,revision_impact,8.194276451133192,0,0,0,1960,7066.0,B0,574,0,1,3,0,2,0,0.0017755739390850067,test,S5,2,0,6,1,1,3,channel_fault
0,1,2,0,ppg_dalia-S5-e1-channel_fault-c2-B1,2,3,0,0,0,0,0,0.0177942649461329,ppg_dalia,45.66639759903774,ppg_dalia-S5-e1,0,revision_impact,8.083331786096096,0,0,0,1960,7066.0,B1,574,0,1,3,0,2,0,0.0017491548787802458,test,S5,2,0,6,1,1,3,channel_fault
0,1,2,0,ppg_dalia-S5-e1-channel_fault-c2-B2,2,3,0,0,0,0,0,0.1190686640329659,ppg_dalia,47.13453071587719,ppg_dalia-S5-e1,0,revision_impact,8.016815601848066,0,0,0,1960,7066.0,B2,574,0,1,3,0,2,0,0.005977290915325284,test,S5,2,0,6,1,1,3,channel_fault
0,1,2,0,ppg_dalia-S5-e1-channel_fault-c2-B3,2,3,0,0,0,0,0,0.02097388100810349,ppg_dalia,50.121821352047846,ppg_dalia-S5-e1,0,revision_impact,7.784028816968203,0,0,0,1960,7066.0,B3,574,0,1,3,0,2,0,0.001744705019518733,test,S5,2,0,6,1,1,3,channel_fault
0,1,2,0,ppg_dalia-S5-e1-channel_fault-c2-M1,2,3,0,0,0,0,0,0.1273484881967306,ppg_dalia,49.58440266479738,ppg_dalia-S5-e1,0,revision_impact,7.881167758954689,0,0,0,1960,7066.0,M1,574,0,1,3,0,2,0,0.005972691113129258,test,S5,2,0,6,1,1,3,channel_fault
0,1,2,0,ppg_dalia-S5-e1-clean-c0-B0,0,3,0,0,0,0,0,0.017869214992970228,ppg_dalia,27.168555954936892,ppg_dalia-S5-e1,0,revision_impact,8.129871648969129,0,0,0,1374,6976.0,B0,574,0,1,3,0,2,0,0.001484679989516735,test,S5,2,0,0,1,1,3,clean
0,1,2,0,ppg_dalia-S5-e1-clean-c0-B1,0,3,0,0,0,0,0,0.010950976982712746,ppg_dalia,30.190413256874308,ppg_dalia-S5-e1,0,revision_impact,8.022333333967254,0,0,0,1374,6976.0,B1,574,0,1,3,0,2,0,0.0015000388957560062,test,S5,2,0,0,1,1,3,clean
0,1,2,0,ppg_dalia-S5-e1-clean-c0-B2,0,3,0,0,0,0,0,0.053896269062533975,ppg_dalia,33.79867374501191,ppg_dalia-S5-e1,0,revision_impact,8.309539430076256,0,0,0,1374,6976.0,B2,574,0,1,3,0,2,0,0.00551929697394371,test,S5,2,0,0,1,1,3,clean
0,1,2,0,ppg_dalia-S5-e1-clean-c0-B3,0,3,0,0,0,0,0,0.01134719792753458,ppg_dalia,35.51466661901213,ppg_dalia-S5-e1,0,revision_impact,8.111885615857318,0,0,0,1374,6976.0,B3,574,0,1,3,0,2,0,0.0015177789609879255,test,S5,2,0,0,1,1,3,clean
0,1,2,0,ppg_dalia-S5-e1-clean-c0-M1,0,3,0,0,0,0,0,0.0520478580147028,ppg_dalia,35.12154210591689,ppg_dalia-S5-e1,0,revision_impact,8.041998403146863,0,0,0,1374,6976.0,M1,574,0,1,3,0,2,0,0.005362960044294596,test,S5,2,0,0,1,1,3,clean
0,1,2,0,ppg_dalia-S5-e1-clean-c1-B0,1,3,0,0,0,0,0,0.0025568478740751743,ppg_dalia,54.75546240992844,ppg_dalia-S5-e1,0,revision_impact,8.154597572982311,0,0,0,1893,7006.0,B0,574,0,1,3,0,2,0,0.0015993069391697645,test,S5,2,0,3,1,1,3,clean
0,1,2,0,ppg_dalia-S5-e1-clean-c1-B1,1,3,0,0,0,0,0,0.0067562919575721025,ppg_dalia,57.07392570213415,ppg_dalia-S5-e1,0,revision_impact,8.073185245040804,0,0,0,1893,7006.0,B1,574,0,1,3,0,2,0,0.0015866179019212723,test,S5,2,0,3,1,1,3,clean
0,1,2,0,ppg_dalia-S5-e1-clean-c1-B2,1,3,0,0,0,0,0,0.02658906695432961,ppg_dalia,59.300316845066845,ppg_dalia-S5-e1,0,revision_impact,8.074819192988798,0,0,0,1893,7006.0,B2,574,0,1,3,0,2,0,0.005754302954301238,test,S5,2,0,3,1,1,3,clean
0,1,2,0,ppg_dalia-S5-e1-clean-c1-B3,1,3,0,0,0,0,0,0.0074255079962313175,ppg_dalia,62.97850739490241,ppg_dalia-S5-e1,0,revision_impact,8.181927975034341,0,0,0,1893,7006.0,B3,574,0,1,3,0,2,0,0.0015749279409646988,test,S5,2,0,3,1,1,3,clean
0,1,2,0,ppg_dalia-S5-e1-clean-c1-M1,1,3,0,0,0,0,0,0.02751351799815893,ppg_dalia,62.77166715916246,ppg_dalia-S5-e1,0,revision_impact,8.054469977971166,0,0,0,1893,7006.0,M1,574,0,1,3,0,2,0,0.005610415944829583,test,S5,2,0,3,1,1,3,clean
0,1,2,0,ppg_dalia-S5-e1-clean-c2-B0,2,3,0,0,0,0,0,0.00278115295805037,ppg_dalia,49.55843910109252,ppg_dalia-S5-e1,0,revision_impact,8.128627673024312,0,0,0,1893,7066.0,B0,574,0,1,3,0,2,0,0.001695356098935008,test,S5,2,0,6,1,1,3,clean
0,1,2,0,ppg_dalia-S5-e1-clean-c2-B1,2,3,0,0,0,0,0,0.007988766999915242,ppg_dalia,50.946634107036516,ppg_dalia-S5-e1,0,revision_impact,8.057513196021318,0,0,0,1893,7066.0,B1,574,0,1,3,0,2,0,0.0016843960620462894,test,S5,2,0,6,1,1,3,clean
0,1,2,0,ppg_dalia-S5-e1-clean-c2-B2,2,3,0,0,0,0,0,0.030021297046914697,ppg_dalia,54.72073324909434,ppg_dalia-S5-e1,0,revision_impact,8.11196451401338,0,0,0,1893,7066.0,B2,574,0,1,3,0,2,0,0.005856950068846345,test,S5,2,0,6,1,1,3,clean
0,1,2,0,ppg_dalia-S5-e1-clean-c2-B3,2,3,0,0,0,0,0,0.00792985805310309,ppg_dalia,57.53941755811684,ppg_dalia-S5-e1,0,revision_impact,8.121925201034173,0,0,0,1893,7066.0,B3,574,0,1,3,0,2,0,0.001648897072300315,test,S5,2,0,6,1,1,3,clean
0,1,2,0,ppg_dalia-S5-e1-clean-c2-M1,2,3,0,0,0,0,0,0.03138367901556194,ppg_dalia,54.797742855967954,ppg_dalia-S5-e1,0,revision_impact,8.122175035998225,0,0,0,1893,7066.0,M1,574,0,1,3,0,2,0,0.005890880012884736,test,S5,2,0,6,1,1,3,clean
0,1,2,0,ppg_dalia-S5-e1-correction-c0-B0,0,3,0,0,0,0,0,0.008836610009893775,ppg_dalia,52.76830746396445,ppg_dalia-S5-e1,0,revision_impact,8.218201591866091,0,0,0,1374,6976.0,B0,574,0,1,3,0,2,0,0.0015313480980694294,test,S5,2,0,0,1,1,3,correction
0,1,2,0,ppg_dalia-S5-e1-correction-c0-B1,0,3,0,0,0,0,0,0.011067593935877085,ppg_dalia,57.14259514003061,ppg_dalia-S5-e1,0,revision_impact,8.003152108052745,0,0,0,1374,6976.0,B1,574,0,1,3,0,2,0,0.001486690016463399,test,S5,2,0,0,1,1,3,correction
0,1,2,0,ppg_dalia-S5-e1-correction-c0-B2,0,3,0,0,0,0,0,0.07985168090090156,ppg_dalia,57.14156998088583,ppg_dalia-S5-e1,0,revision_impact,7.994304199004546,0,0,0,1374,6976.0,B2,574,0,1,3,0,2,0,0.008742952020838857,test,S5,2,0,0,1,1,3,correction
0,1,2,0,ppg_dalia-S5-e1-correction-c0-B3,0,3,0,0,0,0,0,0.01301724393852055,ppg_dalia,60.58990362496115,ppg_dalia-S5-e1,0,revision_impact,8.005565759027377,0,0,0,1374,6976.0,B3,574,0,1,3,0,2,0,0.0015095490962266922,test,S5,2,0,0,1,1,3,correction
0,1,2,0,ppg_dalia-S5-e1-correction-c0-M1,0,3,0,0,0,0,0,0.0653791471850127,ppg_dalia,57.71566619887017,ppg_dalia-S5-e1,0,revision_impact,8.174168648896739,0,0,0,1374,6976.0,M1,574,0,1,3,0,2,0,0.008791309781372547,test,S5,2,0,0,1,1,3,correction
0,1,2,0,ppg_dalia-S5-e1-correction-c1-B0,1,3,0,0,0,0,1,0.006167184095829725,ppg_dalia,49.01033692085184,ppg_dalia-S5-e1,0,revision_impact,8.303984011989087,0,0,0,1893,7006.0,B0,574,0,1,3,0,2,1,0.003936199937015772,test,S5,2,0,2,1,1,3,correction
0,1,2,0,ppg_dalia-S5-e1-correction-c1-B1,1,3,0,0,1,1,1,0.017167238984256983,ppg_dalia,49.94049666682258,ppg_dalia-S5-e1,0,revision_impact,8.074814498890191,0,0,0,1893,7006.0,B1,574,0,1,3,0,2,0,0.004043058026582003,test,S5,2,0,2,1,1,3,correction
0,1,2,0,ppg_dalia-S5-e1-correction-c1-B2,1,3,0,0,1,1,1,0.07056340109556913,ppg_dalia,51.85245618619956,ppg_dalia-S5-e1,0,revision_impact,8.096204092958942,0,0,0,1893,7006.0,B2,574,0,1,3,0,2,0,0.009957195958122611,test,S5,2,0,2,1,1,3,correction
0,1,2,0,ppg_dalia-S5-e1-correction-c1-B3,1,3,0,0,1,1,1,0.010332989040762186,ppg_dalia,56.94312914717011,ppg_dalia-S5-e1,0,revision_impact,8.104991842992604,0,0,0,1893,7006.0,B3,574,0,1,3,0,2,0,0.0016194670461118221,test,S5,2,0,2,1,1,3,correction
0,1,2,0,ppg_dalia-S5-e1-correction-c1-M1,1,3,0,0,1,1,1,0.047554459888488054,ppg_dalia,53.18438732996583,ppg_dalia-S5-e1,0,revision_impact,8.213919350178912,0,0,0,1893,7006.0,M1,574,0,1,3,0,2,0,0.009249580791220069,test,S5,2,0,2,1,1,3,correction
0,1,2,0,ppg_dalia-S5-e1-correction-c2-B0,2,3,0,0,0,0,1,0.0030161691829562187,ppg_dalia,48.396178022027016,ppg_dalia-S5-e1,0,revision_impact,8.118481388082728,0,0,0,1893,7066.0,B0,574,0,1,3,0,2,1,0.001691474812105298,test,S5,2,0,5,1,1,3,correction
0,1,2,0,ppg_dalia-S5-e1-correction-c2-B1,2,3,0,0,1,1,1,0.013684459961950779,ppg_dalia,48.952087176032364,ppg_dalia-S5-e1,0,revision_impact,8.05662966100499,0,0,0,1893,7066.0,B1,574,0,1,3,0,2,0,0.0017303950153291225,test,S5,2,0,5,1,1,3,correction
0,1,2,0,ppg_dalia-S5-e1-correction-c2-B2,2,3,0,0,1,1,1,0.05349586810916662,ppg_dalia,51.58307265001349,ppg_dalia-S5-e1,0,revision_impact,7.967991960002109,0,0,0,1893,7066.0,B2,574,0,1,3,0,2,0,0.009739661123603582,test,S5,2,0,5,1,1,3,correction
0,1,2,0,ppg_dalia-S5-e1-correction-c2-B3,2,3,0,0,1,1,1,0.008919488172978163,ppg_dalia,55.754502524854615,ppg_dalia-S5-e1,0,revision_impact,7.497214546892792,0,0,0,1893,7066.0,B3,574,0,1,3,0,2,0,0.0017187038902193308,test,S5,2,0,5,1,1,3,correction
0,1,2,0,ppg_dalia-S5-e1-correction-c2-M1,2,3,0,0,1,1,1,0.051937520038336515,ppg_dalia,52.40939235500991,ppg_dalia-S5-e1,0,revision_impact,7.928430077154189,0,0,0,1893,7066.0,M1,574,0,1,3,0,2,0,0.008595125051215291,test,S5,2,0,5,1,1,3,correction
0,0,1,1,ppg_dalia-S5-e1-delayed-c0-B0,0,3,1,0,0,0,0,0.008738582022488117,ppg_dalia,50.73718412499875,ppg_dalia-S5-e1,0,revision_impact,8.147623746888712,0,0,0,1271,6976.0,B0,571,0,1,3,0,2,0,0.0014791199937462807,test,S5,1,0,0,1,1,2,delayed
0,0,1,0,ppg_dalia-S5-e1-delayed-c0-B1,0,2,0,0,0,0,0,0.010805559111759067,ppg_dalia,64.72986761503853,ppg_dalia-S5-e1,0,revision_impact,16.260375633835793,0,0,0,3145,6976.0,B1,1148,0,1,2,1,2,0,0.0014787900727242231,test,S5,1,0,0,1,1,2,delayed
0,0,1,0,ppg_dalia-S5-e1-delayed-c0-B2,0,2,0,0,0,0,0,0.05274807312525809,ppg_dalia,64.59745473996736,ppg_dalia-S5-e1,0,revision_impact,16.11849532299675,0,0,0,3139,6976.0,B2,1142,0,1,2,1,2,0,0.005638935137540102,test,S5,1,0,0,1,1,2,delayed
0,0,1,0,ppg_dalia-S5-e1-delayed-c0-B3,0,2,0,0,0,0,0,0.010998525191098452,ppg_dalia,66.75954117998481,ppg_dalia-S5-e1,0,revision_impact,16.20353304501623,0,0,0,3139,6976.0,B3,1142,0,1,2,1,2,0,0.001493068877607584,test,S5,1,0,0,1,1,2,delayed
0,0,1,0,ppg_dalia-S5-e1-delayed-c0-M1,0,2,0,0,0,0,0,0.0980797668453306,ppg_dalia,65.10822431789711,ppg_dalia-S5-e1,0,revision_impact,16.319248841144145,0,0,0,3139,6976.0,M1,1142,0,1,2,1,2,0,0.0064381679985672235,test,S5,1,0,0,1,1,2,delayed
0,0,1,1,ppg_dalia-S5-e1-delayed-c1-B0,1,3,1,0,0,0,0,0.002289452822878957,ppg_dalia,49.738654538057745,ppg_dalia-S5-e1,0,revision_impact,8.040610852185637,0,0,1,1767,7006.0,B0,571,0,1,3,0,2,0,0.0017442340031266212,test,S5,1,0,2,1,1,2,delayed
0,0,1,0,ppg_dalia-S5-e1-delayed-c1-B1,1,2,0,0,0,0,0,0.004333571996539831,ppg_dalia,63.40813482180238,ppg_dalia-S5-e1,0,revision_impact,16.119811395881698,0,0,0,4131,7006.0,B1,1142,0,1,2,1,2,0,0.0015753270126879215,test,S5,1,0,2,1,1,2,delayed
0,0,1,0,ppg_dalia-S5-e1-delayed-c1-B2,1,2,0,0,0,0,0,0.013921135105192661,ppg_dalia,63.549127222038805,ppg_dalia-S5-e1,0,revision_impact,16.1833857470192,0,0,0,4131,7006.0,B2,1142,0,1,2,1,2,0,0.006005668081343174,test,S5,1,0,2,1,1,2,delayed
0,0,1,0,ppg_dalia-S5-e1-delayed-c1-B3,1,2,0,0,0,0,0,0.004318231949582696,ppg_dalia,65.90694634383544,ppg_dalia-S5-e1,0,revision_impact,16.21073894877918,0,0,0,4131,7006.0,B3,1142,0,1,2,1,2,0,0.0015809680335223675,test,S5,1,0,2,1,1,2,delayed
0,0,1,0,ppg_dalia-S5-e1-delayed-c1-M1,1,2,0,0,0,0,0,0.011721681104972959,ppg_dalia,65.40695297601633,ppg_dalia-S5-e1,0,revision_impact,16.299464776879176,0,0,0,4131,7006.0,M1,1142,0,1,2,1,2,0,0.005556526128202677,test,S5,1,0,2,1,1,2,delayed
0,1,2,0,ppg_dalia-S5-e1-delayed-c2-B0,2,3,0,0,0,0,0,0.0026509161107242107,ppg_dalia,50.042441443074495,ppg_dalia-S5-e1,0,revision_impact,8.101064356975257,0,0,2,1870,7066.0,B0,571,0,1,3,0,2,0,0.0016332068480551243,test,S5,2,0,4,1,1,3,delayed
0,1,2,0,ppg_dalia-S5-e1-delayed-c2-B1,2,3,0,0,0,0,0,0.0046844941098243,ppg_dalia,55.46805294509977,ppg_dalia-S5-e1,0,revision_impact,8.033812270965427,0,0,0,1870,7066.0,B1,571,0,1,3,0,2,0,0.0016017570160329342,test,S5,2,0,4,1,1,3,delayed
0,1,2,0,ppg_dalia-S5-e1-delayed-c2-B2,2,3,0,0,0,0,0,0.016949923941865563,ppg_dalia,56.63615662697703,ppg_dalia-S5-e1,0,revision_impact,7.99612985085696,0,0,0,1870,7066.0,B2,571,0,1,3,0,2,0,0.005625864956527948,test,S5,2,0,4,1,1,3,delayed
0,1,2,0,ppg_dalia-S5-e1-delayed-c2-B3,2,3,0,0,0,0,0,0.005348901031538844,ppg_dalia,57.84699000604451,ppg_dalia-S5-e1,0,revision_impact,7.85509212105535,0,0,0,1870,7066.0,B3,571,0,1,3,0,2,0,0.0016046271193772554,test,S5,2,0,4,1,1,3,delayed
0,1,2,0,ppg_dalia-S5-e1-delayed-c2-M1,2,3,0,0,0,0,0,0.01499534398317337,ppg_dalia,56.82408812898211,ppg_dalia-S5-e1,0,revision_impact,7.975546550936997,0,0,0,1870,7066.0,M1,571,0,1,3,0,2,0,0.005561646074056625,test,S5,2,0,4,1,1,3,delayed
0,1,2,1,ppg_dalia-S6-e0-channel_fault-c0-B0,0,3,2,0,0,0,0,0.0091751329600811,ppg_dalia,33.95077285193838,ppg_dalia-S6-e0,0,conflict_timing,9.938459463883191,0,0,0,1389,1311.0,B0,698,0,0,4,0,2,0,0.0015108687803149223,test,S6,1,0,0,0,1,1,channel_fault
0,1,2,0,ppg_dalia-S6-e0-channel_fault-c0-B1,0,1,0,0,0,0,0,0.019863414112478495,ppg_dalia,40.15931584010832,ppg_dalia-S6-e0,0,conflict_timing,16.154568946920335,0,0,0,3375,1311.0,B1,1140,0,1,1,1,2,0,0.0015036698896437883,test,S6,1,0,0,0,1,1,channel_fault
0,1,2,0,ppg_dalia-S6-e0-channel_fault-c0-B2,0,1,0,0,0,0,0,0.10164779494516551,ppg_dalia,47.496387416962534,ppg_dalia-S6-e0,0,conflict_timing,16.19010762288235,0,0,0,3375,1311.0,B2,1140,0,1,1,1,2,0,0.00555940717458725,test,S6,1,0,0,0,1,1,channel_fault
0,1,2,0,ppg_dalia-S6-e0-channel_fault-c0-B3,0,1,0,0,0,0,0,0.011579984100535512,ppg_dalia,49.928023657994345,ppg_dalia-S6-e0,0,conflict_timing,16.15700030932203,0,0,0,3375,1311.0,B3,1140,0,1,1,1,2,0,0.001522288890555501,test,S6,1,0,0,0,1,1,channel_fault
0,1,2,0,ppg_dalia-S6-e0-channel_fault-c0-M1,0,1,0,0,0,0,0,0.05097724893130362,ppg_dalia,51.39089476317167,ppg_dalia-S6-e0,0,conflict_timing,19.94593555899337,0,0,0,3503,1311.0,M1,1396,0,1,1,1,2,0,0.005568546941503882,test,S6,1,0,0,0,1,1,channel_fault
0,1,2,1,ppg_dalia-S6-e0-channel_fault-c1-B0,1,3,2,0,0,0,1,0.004580195993185043,ppg_dalia,44.61366683105007,ppg_dalia-S6-e0,0,conflict_timing,10.207570981932804,0,0,2,1473,1341.0,B0,720,0,0,4,0,2,1,0.0016073670703917742,test,S6,1,0,0,0,1,1,channel_fault
0,1,2,0,ppg_dalia-S6-e0-channel_fault-c1-B1,1,1,0,0,1,1,1,0.017666729167103767,ppg_dalia,60.22963175107725,ppg_dalia-S6-e0,0,conflict_timing,20.362198434071615,0,0,0,3702,1341.0,B1,1440,0,1,1,1,2,0,0.0016478372272104025,test,S6,1,0,0,0,1,1,channel_fault
0,1,2,0,ppg_dalia-S6-e0-channel_fault-c1-B2,1,1,0,0,1,1,1,0.0850653441157192,ppg_dalia,65.02523441705853,ppg_dalia-S6-e0,0,conflict_timing,20.42726153624244,0,0,0,3702,1341.0,B2,1440,0,1,1,1,2,0,0.007071495987474918,test,S6,1,0,0,0,1,1,channel_fault
0,1,2,0,ppg_dalia-S6-e0-channel_fault-c1-B3,1,1,0,0,1,1,1,0.02174691599793732,ppg_dalia,63.165961102815345,ppg_dalia-S6-e0,0,conflict_timing,16.275896111037582,0,0,0,3544,1341.0,B3,1136,0,1,1,1,2,0,0.002064438071101904,test,S6,1,0,0,0,1,1,channel_fault
0,1,2,0,ppg_dalia-S6-e0-channel_fault-c1-M1,1,1,0,0,1,1,1,0.09894820000045002,ppg_dalia,65.54632590105757,ppg_dalia-S6-e0,0,conflict_timing,20.42728822492063,0,0,0,3702,1341.0,M1,1440,0,1,1,1,2,0,0.007063485914841294,test,S6,1,0,0,0,1,1,channel_fault
0,1,2,1,ppg_dalia-S6-e0-channel_fault-c2-B0,2,3,2,0,0,0,1,0.006608464987948537,ppg_dalia,43.86840108898468,ppg_dalia-S6-e0,0,conflict_timing,10.141461450839415,0,0,4,1473,1401.0,B0,720,0,0,4,0,2,1,0.001733934972435236,test,S6,1,0,1,0,1,1,channel_fault
0,1,2,0,ppg_dalia-S6-e0-channel_fault-c2-B1,2,1,0,0,1,1,1,0.01827361690811813,ppg_dalia,56.91520318412222,ppg_dalia-S6-e0,0,conflict_timing,20.295972344931215,0,0,0,3702,1401.0,B1,1440,0,1,1,1,2,0,0.0017385149840265512,test,S6,1,0,1,0,1,1,channel_fault
0,1,2,0,ppg_dalia-S6-e0-channel_fault-c2-B2,2,1,0,0,1,1,1,0.13947085314430296,ppg_dalia,59.15075741801411,ppg_dalia-S6-e0,0,conflict_timing,20.337434489047155,0,0,0,3702,1401.0,B2,1440,0,1,1,1,2,0,0.006234453059732914,test,S6,1,0,1,0,1,1,channel_fault
0,1,2,0,ppg_dalia-S6-e0-channel_fault-c2-B3,2,1,0,0,1,1,1,0.019690128043293953,ppg_dalia,63.9459039431531,ppg_dalia-S6-e0,0,conflict_timing,20.351308645214885,0,0,0,3702,1401.0,B3,1440,0,1,1,1,2,0,0.0017350539565086365,test,S6,1,0,1,0,1,1,channel_fault
0,1,2,0,ppg_dalia-S6-e0-channel_fault-c2-M1,2,1,0,0,1,1,1,0.10004551778547466,ppg_dalia,60.6829001090955,ppg_dalia-S6-e0,0,conflict_timing,20.343556162901223,0,0,0,3702,1401.0,M1,1440,0,1,1,1,2,0,0.006157455034554005,test,S6,1,0,1,0,1,1,channel_fault
0,1,2,1,ppg_dalia-S6-e0-clean-c0-B0,0,3,2,0,0,0,0,0.015333116985857487,ppg_dalia,10.937142451060936,ppg_dalia-S6-e0,0,conflict_timing,10.913675359915942,0,0,0,1389,1311.0,B0,721,0,0,4,0,2,0,0.002461469965055585,test,S6,1,0,0,0,1,1,clean
0,1,2,0,ppg_dalia-S6-e0-clean-c0-B1,0,1,0,0,0,0,0,0.013143750838935375,ppg_dalia,21.172434012172744,ppg_dalia-S6-e0,0,conflict_timing,21.152090517105535,0,0,0,3529,1311.0,B1,1442,0,1,1,1,2,0,0.0014990197960287333,test,S6,1,0,0,0,1,1,clean
0,1,2,0,ppg_dalia-S6-e0-clean-c0-B2,0,1,0,0,0,0,0,0.07788361003622413,ppg_dalia,21.13520375196822,ppg_dalia-S6-e0,0,conflict_timing,21.04160547303036,0,0,0,3529,1311.0,B2,1442,0,1,1,1,2,0,0.00940675800666213,test,S6,1,0,0,0,1,1,clean
0,1,2,0,ppg_dalia-S6-e0-clean-c0-B3,0,1,0,0,0,0,0,0.016766287153586745,ppg_dalia,31.124348704935983,ppg_dalia-S6-e0,0,conflict_timing,20.416937801986933,0,0,0,3529,1311.0,B3,1442,0,1,1,1,2,0,0.0015359690878540277,test,S6,1,0,0,0,1,1,clean
0,1,2,0,ppg_dalia-S6-e0-clean-c0-M1,0,1,0,0,0,0,0,0.0918194749392569,ppg_dalia,21.06830620788969,ppg_dalia-S6-e0,0,conflict_timing,20.959965590154752,0,0,0,3529,1311.0,M1,1442,0,1,1,1,2,0,0.00939171900972724,test,S6,1,0,0,0,1,1,clean
0,1,2,1,ppg_dalia-S6-e0-clean-c1-B0,1,3,2,0,0,0,0,0.00426416308619082,ppg_dalia,43.19025607104413,ppg_dalia-S6-e0,0,conflict_timing,9.62918226304464,0,0,2,1409,1341.0,B0,685,0,0,4,0,2,0,0.0028753711376339197,test,S6,1,0,1,0,1,1,clean
0,1,2,0,ppg_dalia-S6-e0-clean-c1-B1,1,1,0,0,0,0,0,0.010844588978216052,ppg_dalia,53.24740196601488,ppg_dalia-S6-e0,0,conflict_timing,19.672398532973602,0,0,0,3543,1341.0,B1,1396,0,1,1,1,2,0,0.0024198400788009167,test,S6,1,0,1,0,1,1,clean
0,1,2,0,ppg_dalia-S6-e0-clean-c1-B2,1,1,0,0,0,0,0,0.0825814928393811,ppg_dalia,54.818395050941035,ppg_dalia-S6-e0,0,conflict_timing,19.657102016033605,0,0,0,3543,1341.0,B2,1396,0,1,1,1,2,0,0.005886439932510257,test,S6,1,0,1,0,1,1,clean
0,1,2,0,ppg_dalia-S6-e0-clean-c1-B3,1,1,0,0,0,0,0,0.007143544033169746,ppg_dalia,62.75748720415868,ppg_dalia-S6-e0,0,conflict_timing,19.706894071074203,0,0,0,3543,1341.0,B3,1396,0,1,1,1,2,0,0.001594797009602189,test,S6,1,0,1,0,1,1,clean
0,1,2,0,ppg_dalia-S6-e0-clean-c1-M1,1,1,0,0,0,0,0,0.0313834089320153,ppg_dalia,59.0401821420528,ppg_dalia-S6-e0,0,conflict_timing,19.75357425585389,0,0,0,3543,1341.0,M1,1396,0,1,1,1,2,0,0.006378820165991783,test,S6,1,0,1,0,1,1,clean
0,1,2,1,ppg_dalia-S6-e0-clean-c2-B0,2,3,2,0,0,0,0,0.006082345964387059,ppg_dalia,43.13904071692377,ppg_dalia-S6-e0,0,conflict_timing,8.080971446819603,0,0,4,1409,1401.0,B0,574,0,0,4,0,2,0,0.004113206174224615,test,S6,1,0,2,0,1,1,clean
0,1,2,0,ppg_dalia-S6-e0-clean-c2-B1,2,1,0,0,0,0,0,0.015912265051156282,ppg_dalia,51.39401761186309,ppg_dalia-S6-e0,0,conflict_timing,16.136305877007544,0,0,0,3428,1401.0,B1,1148,0,1,1,1,2,0,0.00399739807471633,test,S6,1,0,2,0,1,1,clean
0,1,2,0,ppg_dalia-S6-e0-clean-c2-B2,2,1,0,0,0,0,0,0.044042011024430394,ppg_dalia,53.64648225205019,ppg_dalia-S6-e0,0,conflict_timing,16.175836879992858,0,0,0,3428,1401.0,B2,1148,0,1,1,1,2,0,0.009340679971501231,test,S6,1,0,2,0,1,1,clean
0,1,2,0,ppg_dalia-S6-e0-clean-c2-B3,2,1,0,0,0,0,0,0.007315681083127856,ppg_dalia,58.22191740293056,ppg_dalia-S6-e0,0,conflict_timing,15.209861781913787,0,0,0,3400,1401.0,B3,1078,0,1,1,1,2,0,0.0015969669912010431,test,S6,1,0,2,0,1,1,clean
0,1,2,0,ppg_dalia-S6-e0-clean-c2-M1,2,1,0,0,0,0,0,0.039409295888617635,ppg_dalia,57.441175434039906,ppg_dalia-S6-e0,0,conflict_timing,16.240395471919328,0,0,0,3428,1401.0,M1,1148,0,1,1,1,2,0,0.005666214041411877,test,S6,1,0,2,0,1,1,clean
0,1,2,1,ppg_dalia-S6-e0-correction-c0-B0,0,3,2,0,0,0,0,0.024922469863668084,ppg_dalia,30.994425115175545,ppg_dalia-S6-e0,0,conflict_timing,8.036035055061802,0,0,0,1389,1311.0,B0,570,0,0,4,0,2,0,0.0015269191935658455,test,S6,1,0,0,0,1,1,correction
0,1,2,0,ppg_dalia-S6-e0-correction-c0-B1,0,1,0,0,0,0,0,0.011131251929327846,ppg_dalia,38.99076076201163,ppg_dalia-S6-e0,0,conflict_timing,16.055232115089893,0,0,0,3375,1311.0,B1,1140,0,1,1,1,2,0,0.0014991399366408587,test,S6,1,0,0,0,1,1,correction
0,1,2,0,ppg_dalia-S6-e0-correction-c0-B2,0,1,0,0,0,0,0,0.042433012975379825,ppg_dalia,46.48090109694749,ppg_dalia-S6-e0,0,conflict_timing,16.071588520891964,0,0,0,3375,1311.0,B2,1140,0,1,1,1,2,0,0.005555196898058057,test,S6,1,0,0,0,1,1,correction
0,1,2,0,ppg_dalia-S6-e0-correction-c0-B3,0,1,0,0,0,0,0,0.010742770042270422,ppg_dalia,46.97702706302516,ppg_dalia-S6-e0,0,conflict_timing,16.108880158979446,0,0,0,3375,1311.0,B3,1140,0,1,1,1,2,0,0.0015148089732974768,test,S6,1,0,0,0,1,1,correction
0,1,2,0,ppg_dalia-S6-e0-correction-c0-M1,0,1,0,0,0,0,0,0.0377322391141206,ppg_dalia,46.503184851957485,ppg_dalia-S6-e0,0,conflict_timing,16.178551635937765,0,0,0,3375,1311.0,M1,1140,0,1,1,1,2,0,0.005286392057314515,test,S6,1,0,0,0,1,1,correction
0,1,2,1,ppg_dalia-S6-e0-correction-c1-B0,1,3,2,0,0,0,1,0.0035488479770720005,ppg_dalia,51.41576049407013,ppg_dalia-S6-e0,0,conflict_timing,9.738275058101863,0,0,2,1409,1341.0,B0,698,0,0,4,0,2,1,0.0016326559707522392,test,S6,1,0,0,0,1,1,correction
0,1,2,0,ppg_dalia-S6-e0-correction-c1-B1,1,1,0,0,1,1,1,0.007863339968025684,ppg_dalia,62.93755529494956,ppg_dalia-S6-e0,0,conflict_timing,19.742764348862693,0,0,0,3543,1341.0,B1,1396,0,1,1,1,2,0,0.0016192970797419548,test,S6,1,0,0,0,1,1,correction
0,1,2,0,ppg_dalia-S6-e0-correction-c1-B2,1,1,0,0,1,1,1,0.025977690005674958,ppg_dalia,67.80776184098795,ppg_dalia-S6-e0,0,conflict_timing,19.704745223978534,0,0,0,3543,1341.0,B2,1396,0,1,1,1,2,0,0.005306590814143419,test,S6,1,0,0,0,1,1,correction
0,1,2,0,ppg_dalia-S6-e0-correction-c1-B3,1,1,0,0,1,1,1,0.00773863191716373,ppg_dalia,71.5108386259526,ppg_dalia-S6-e0,0,conflict_timing,20.16672229906544,0,0,0,3559,1341.0,B3,1428,0,1,1,1,2,0,0.0015821880660951138,test,S6,1,0,0,0,1,1,correction
0,1,2,0,ppg_dalia-S6-e0-correction-c1-M1,1,1,0,0,1,1,1,0.023888162104412913,ppg_dalia,68.18136700009927,ppg_dalia-S6-e0,0,conflict_timing,19.88577134720981,0,0,0,3543,1341.0,M1,1396,0,1,1,1,2,0,0.005280421813949943,test,S6,1,0,0,0,1,1,correction
0,1,2,1,ppg_dalia-S6-e0-correction-c2-B0,2,3,2,0,0,0,1,0.004208134021610022,ppg_dalia,48.244816347025335,ppg_dalia-S6-e0,0,conflict_timing,7.521273263962939,0,0,4,1409,1401.0,B0,539,0,0,4,0,2,1,0.0027476840186864138,test,S6,1,0,1,0,1,1,correction
0,1,2,0,ppg_dalia-S6-e0-correction-c2-B1,2,1,0,0,1,1,1,0.01871295692399144,ppg_dalia,57.03917948808521,ppg_dalia-S6-e0,0,conflict_timing,15.105924733914435,0,0,0,3400,1401.0,B1,1078,0,1,1,1,2,0,0.002582238055765629,test,S6,1,0,1,0,1,1,correction
0,1,2,0,ppg_dalia-S6-e0-correction-c2-B2,2,1,0,0,1,1,1,0.03610857296735048,ppg_dalia,61.21191688114777,ppg_dalia-S6-e0,0,conflict_timing,16.163654968841,0,0,0,3428,1401.0,B2,1148,0,1,1,1,2,0,0.008595774183049798,test,S6,1,0,1,0,1,1,correction
0,1,2,0,ppg_dalia-S6-e0-correction-c2-B3,2,1,0,0,1,1,1,0.008113223826512694,ppg_dalia,63.3847265469376,ppg_dalia-S6-e0,0,conflict_timing,15.246901706093922,0,0,0,3400,1401.0,B3,1078,0,1,1,1,2,0,0.0016381070017814636,test,S6,1,0,1,0,1,1,correction
0,1,2,0,ppg_dalia-S6-e0-correction-c2-M1,2,1,0,0,1,1,1,0.03500113496556878,ppg_dalia,62.25706017203629,ppg_dalia-S6-e0,0,conflict_timing,15.225197499152273,0,0,0,3400,1401.0,M1,1078,0,1,1,1,2,0,0.0058259309735149145,test,S6,1,0,1,0,1,1,correction
0,0,0,1,ppg_dalia-S6-e0-delayed-c0-B0,0,3,3,0,0,0,0,0.017193951876834035,ppg_dalia,28.92626865999773,ppg_dalia-S6-e0,0,conflict_timing,7.4278129760641605,0,0,0,1285,1311.0,B0,529,1,0,4,0,2,0,0.0015343388076871634,test,S6,0,0,0,0,0,0,delayed
1,0,0,0,ppg_dalia-S6-e0-delayed-c0-B1,0,0,0,0,0,0,0,0.01078901207074523,ppg_dalia,39.89436126803048,ppg_dalia-S6-e0,0,conflict_timing,15.288343803025782,0,0,0,3150,1311.0,B1,1078,0,0,0,1,2,0,0.0014772298745810986,test,S6,0,0,0,0,0,0,delayed
1,0,0,0,ppg_dalia-S6-e0-delayed-c0-B2,0,0,0,0,0,0,0,0.053185093216598034,ppg_dalia,41.52959245396778,ppg_dalia-S6-e0,0,conflict_timing,15.12047261185944,0,0,0,3150,1311.0,B2,1078,0,0,0,1,2,0,0.005381681956350803,test,S6,0,0,0,0,0,0,delayed
1,0,0,0,ppg_dalia-S6-e0-delayed-c0-B3,0,0,0,0,0,0,0,0.010714143048971891,ppg_dalia,43.93888906412758,ppg_dalia-S6-e0,0,conflict_timing,15.154112770222127,0,0,0,3150,1311.0,B3,1078,0,0,0,1,2,0,0.00149332988075912,test,S6,0,0,0,0,0,0,delayed
1,0,0,0,ppg_dalia-S6-e0-delayed-c0-M1,0,0,0,0,0,0,0,0.05167011497542262,ppg_dalia,41.3147715209052,ppg_dalia-S6-e0,0,conflict_timing,14.955764814978465,0,0,0,3150,1311.0,M1,1058,0,0,0,1,2,0,0.005344741977751255,test,S6,0,0,0,0,0,0,delayed
0,0,0,1,ppg_dalia-S6-e0-delayed-c1-B0,1,3,3,0,0,0,0,0.0030363791156560183,ppg_dalia,45.29274324513972,ppg_dalia-S6-e0,0,conflict_timing,7.585542433895171,0,0,3,1285,1341.0,B0,529,1,0,4,0,2,0,0.0024818088859319687,test,S6,0,0,0,0,0,0,delayed
1,0,0,0,ppg_dalia-S6-e0-delayed-c1-B1,1,0,0,0,0,0,0,0.005658366018906236,ppg_dalia,54.57688198285177,ppg_dalia-S6-e0,0,conflict_timing,15.032118031056598,0,0,0,3150,1341.0,B1,1078,0,0,0,1,2,0,0.0024085110053420067,test,S6,0,0,0,0,0,0,delayed
1,0,0,0,ppg_dalia-S6-e0-delayed-c1-B2,1,0,0,0,0,0,0,0.017311869887635112,ppg_dalia,56.37607119116001,ppg_dalia-S6-e0,0,conflict_timing,15.11961212917231,0,0,0,3150,1341.0,B2,1078,0,0,0,1,2,0,0.005970739061012864,test,S6,0,0,0,0,0,0,delayed
1,0,0,0,ppg_dalia-S6-e0-delayed-c1-B3,1,0,0,0,0,0,0,0.003594296984374523,ppg_dalia,60.135312971891835,ppg_dalia-S6-e0,0,conflict_timing,14.891575064044446,0,0,0,3150,1341.0,B3,1058,0,0,0,1,2,0,0.001544568920508027,test,S6,0,0,0,0,0,0,delayed
1,0,0,0,ppg_dalia-S6-e0-delayed-c1-M1,1,0,0,0,0,0,0,0.011466847965493798,ppg_dalia,57.16356856399216,ppg_dalia-S6-e0,0,conflict_timing,14.975093864137307,0,0,0,3150,1341.0,M1,1058,0,0,0,1,2,0,0.00541065982542932,test,S6,0,0,0,0,0,0,delayed
0,1,2,1,ppg_dalia-S6-e0-delayed-c2-B0,2,3,2,0,0,0,0,0.006042347988113761,ppg_dalia,50.90146049694158,ppg_dalia-S6-e0,0,conflict_timing,9.78655131906271,0,0,6,1389,1401.0,B0,698,0,0,4,0,2,0,0.00405945791862905,test,S6,1,0,0,0,1,1,delayed
0,1,2,0,ppg_dalia-S6-e0-delayed-c2-B1,2,1,0,0,0,0,0,0.009926939150318503,ppg_dalia,58.04130508005619,ppg_dalia-S6-e0,0,conflict_timing,15.098560295067728,0,0,0,3360,1401.0,B1,1078,0,1,1,1,2,0,0.0038169329054653645,test,S6,1,0,0,0,1,1,delayed
0,1,2,0,ppg_dalia-S6-e0-delayed-c2-B2,2,1,0,0,0,0,0,0.032196209067478776,ppg_dalia,60.08283985382877,ppg_dalia-S6-e0,0,conflict_timing,15.176113526104018,0,0,0,3360,1401.0,B2,1078,0,1,1,1,2,0,0.009437948931008577,test,S6,1,0,0,0,1,1,delayed
0,1,2,0,ppg_dalia-S6-e0-delayed-c2-B3,2,1,0,0,0,0,0,0.006490439176559448,ppg_dalia,65.97859156597406,ppg_dalia-S6-e0,0,conflict_timing,15.171113257063553,0,0,0,3360,1401.0,B3,1078,0,1,1,1,2,0,0.0015183188952505589,test,S6,1,0,0,0,1,1,delayed
0,1,2,0,ppg_dalia-S6-e0-delayed-c2-M1,2,1,0,0,0,0,0,0.02364111109636724,ppg_dalia,60.780787417897955,ppg_dalia-S6-e0,0,conflict_timing,15.18635591911152,0,0,0,3360,1401.0,M1,1078,0,1,1,1,2,0,0.00915252510458231,test,S6,1,0,0,0,1,1,delayed
0,1,2,0,ppg_dalia-S6-e1-channel_fault-c0-B0,0,3,0,0,0,0,0,0.00980055215768516,ppg_dalia,8.200224342988804,ppg_dalia-S6-e1,0,evidence_sufficiency,8.185076860012487,0,0,0,1364,3936.0,B0,534,0,1,3,0,2,0,0.0014976488891988993,test,S6,2,0,0,1,1,3,channel_fault
0,1,2,0,ppg_dalia-S6-e1-channel_fault-c0-B1,0,3,0,0,0,0,0,0.01139763998799026,ppg_dalia,8.222004652954638,ppg_dalia-S6-e1,0,evidence_sufficiency,8.205985937966034,0,0,0,1364,3936.0,B1,534,0,1,3,0,2,0,0.0015099789015948772,test,S6,2,0,0,1,1,3,channel_fault
0,1,2,0,ppg_dalia-S6-e1-channel_fault-c0-B2,0,3,0,0,0,0,0,0.055300771025940776,ppg_dalia,8.197334381984547,ppg_dalia-S6-e1,0,evidence_sufficiency,8.133341808104888,0,0,0,1364,3936.0,B2,534,0,1,3,0,2,0,0.0054113108199089766,test,S6,2,0,0,1,1,3,channel_fault
0,1,2,0,ppg_dalia-S6-e1-channel_fault-c0-B3,0,3,0,0,0,0,0,0.012746042106300592,ppg_dalia,15.603383979061618,ppg_dalia-S6-e1,0,evidence_sufficiency,7.578495685942471,0,0,0,1364,3936.0,B3,534,0,1,3,0,2,0,0.001522428821772337,test,S6,2,0,0,1,1,3,channel_fault
0,1,2,0,ppg_dalia-S6-e1-channel_fault-c0-M1,0,3,0,0,0,0,0,0.07366350991651416,ppg_dalia,8.119513757061213,ppg_dalia-S6-e1,0,evidence_sufficiency,8.033309382153675,0,0,0,1364,3936.0,M1,534,0,1,3,0,2,0,0.008524957112967968,test,S6,2,0,0,1,1,3,channel_fault
0,1,2,0,ppg_dalia-S6-e1-channel_fault-c1-B0,1,3,0,0,0,0,1,0.012994786957278848,ppg_dalia,37.049099310999736,ppg_dalia-S6-e1,0,evidence_sufficiency,7.111441598040983,0,0,0,1448,3966.0,B0,504,0,0,3,0,2,1,0.001638286979869008,test,S6,2,0,2,1,1,3,channel_fault
0,1,2,0,ppg_dalia-S6-e1-channel_fault-c1-B1,1,3,0,0,1,1,1,0.01762066292576492,ppg_dalia,37.05086520500481,ppg_dalia-S6-e1,0,evidence_sufficiency,7.113833569921553,0,0,0,1448,3966.0,B1,504,0,0,3,0,2,0,0.0016729070339351892,test,S6,2,0,2,1,1,3,channel_fault
0,1,2,0,ppg_dalia-S6-e1-channel_fault-c1-B2,1,3,0,0,1,1,1,0.08991741994395852,ppg_dalia,39.34271329292096,ppg_dalia-S6-e1,0,evidence_sufficiency,7.104032458039001,0,0,0,1448,3966.0,B2,504,0,0,3,0,2,0,0.00597025896422565,test,S6,2,0,2,1,1,3,channel_fault
0,1,2,0,ppg_dalia-S6-e1-channel_fault-c1-B3,1,3,0,0,1,1,1,0.019870376912876964,ppg_dalia,43.89549541287124,ppg_dalia-S6-e1,0,evidence_sufficiency,7.080723501043394,0,0,0,1448,3966.0,B3,504,0,0,3,0,2,0,0.0016745959874242544,test,S6,2,0,2,1,1,3,channel_fault
0,1,2,0,ppg_dalia-S6-e1-channel_fault-c1-M1,1,3,0,0,1,1,1,0.09976709098555148,ppg_dalia,43.96202451689169,ppg_dalia-S6-e1,0,evidence_sufficiency,7.187620667042211,0,0,0,1448,3966.0,M1,504,0,0,3,0,2,0,0.005873671034350991,test,S6,2,0,2,1,1,3,channel_fault
0,1,2,0,ppg_dalia-S6-e1-channel_fault-c2-B0,2,3,0,0,0,0,1,0.004513429012149572,ppg_dalia,39.21851306594908,ppg_dalia-S6-e1,0,evidence_sufficiency,7.124387796036899,0,0,0,1448,4026.0,B0,504,0,0,3,0,2,1,0.0017458638176321983,test,S6,2,0,5,1,1,3,channel_fault
0,1,2,0,ppg_dalia-S6-e1-channel_fault-c2-B1,2,3,0,0,1,1,1,0.02514110109768808,ppg_dalia,39.792872592108324,ppg_dalia-S6-e1,0,evidence_sufficiency,7.0840764220338315,0,0,0,1448,4026.0,B1,504,0,0,3,0,2,0,0.0018012439832091331,test,S6,2,0,5,1,1,3,channel_fault
0,1,2,0,ppg_dalia-S6-e1-channel_fault-c2-B2,2,3,0,0,1,1,1,0.13537621009163558,ppg_dalia,42.550230527995154,ppg_dalia-S6-e1,0,evidence_sufficiency,7.537931127939373,0,0,0,1448,4026.0,B2,534,0,1,3,0,2,0,0.010335981147363782,test,S6,2,0,5,1,1,3,channel_fault
0,1,2,0,ppg_dalia-S6-e1-channel_fault-c2-B3,2,3,0,0,1,1,1,0.024282559053972363,ppg_dalia,46.52683224901557,ppg_dalia-S6-e1,0,evidence_sufficiency,7.089848865987733,0,0,0,1448,4026.0,B3,504,0,0,3,0,2,0,0.0017842238303273916,test,S6,2,0,5,1,1,3,channel_fault
0,1,2,0,ppg_dalia-S6-e1-channel_fault-c2-M1,2,3,0,0,1,1,1,0.1790081679355353,ppg_dalia,46.560880119912326,ppg_dalia-S6-e1,0,evidence_sufficiency,7.515893964096904,0,0,0,1448,4026.0,M1,534,0,1,3,0,2,0,0.010329661192372441,test,S6,2,0,5,1,1,3,channel_fault
0,1,2,0,ppg_dalia-S6-e1-clean-c0-B0,0,3,0,0,0,0,0,0.017255228012800217,ppg_dalia,39.990048254840076,ppg_dalia-S6-e1,0,evidence_sufficiency,7.491679449798539,0,0,0,1364,3936.0,B0,534,0,1,3,0,2,0,0.0015162189956754446,test,S6,2,0,0,1,1,3,clean
0,1,2,0,ppg_dalia-S6-e1-clean-c0-B1,0,3,0,0,0,0,0,0.010781370103359222,ppg_dalia,39.995759977959096,ppg_dalia-S6-e1,0,evidence_sufficiency,7.491096902871504,0,0,0,1364,3936.0,B1,534,0,1,3,0,2,0,0.0014923589769750834,test,S6,2,0,0,1,1,3,clean
0,1,2,0,ppg_dalia-S6-e1-clean-c0-B2,0,3,0,0,0,0,0,0.09874067502096295,ppg_dalia,47.4475820120424,ppg_dalia-S6-e1,0,evidence_sufficiency,7.48256441578269,0,0,0,1364,3936.0,B2,534,0,1,3,0,2,0,0.005571756046265364,test,S6,2,0,0,1,1,3,clean
0,1,2,0,ppg_dalia-S6-e1-clean-c0-B3,0,3,0,0,0,0,0,0.010975265875458717,ppg_dalia,47.83486816706136,ppg_dalia-S6-e1,0,evidence_sufficiency,7.476197156123817,0,0,0,1364,3936.0,B3,534,0,1,3,0,2,0,0.0014976500533521175,test,S6,2,0,0,1,1,3,clean
0,1,2,0,ppg_dalia-S6-e1-clean-c0-M1,0,3,0,0,0,0,0,0.052389140939339995,ppg_dalia,47.38513501593843,ppg_dalia-S6-e1,0,evidence_sufficiency,7.503037418005988,0,0,0,1364,3936.0,M1,534,0,1,3,0,2,0,0.005519446916878223,test,S6,2,0,0,1,1,3,clean
0,1,2,0,ppg_dalia-S6-e1-clean-c1-B0,1,3,0,0,0,0,0,0.0026314870920032263,ppg_dalia,43.04238546802662,ppg_dalia-S6-e1,0,evidence_sufficiency,7.532612896058708,0,0,0,1384,3966.0,B0,534,0,1,3,0,2,0,0.0015910370275378227,test,S6,2,0,3,1,1,3,clean
0,1,2,0,ppg_dalia-S6-e1-clean-c1-B1,1,3,0,0,0,0,0,0.006940777879208326,ppg_dalia,44.478859432041645,ppg_dalia-S6-e1,0,evidence_sufficiency,7.0039919931441545,0,0,0,1384,3966.0,B1,500,0,0,3,0,2,0,0.0016178470104932785,test,S6,2,0,3,1,1,3,clean
0,1,2,0,ppg_dalia-S6-e1-clean-c1-B2,1,3,0,0,0,0,0,0.02844650996848941,ppg_dalia,49.90762513387017,ppg_dalia-S6-e1,0,evidence_sufficiency,7.481720483163372,0,0,0,1384,3966.0,B2,534,0,1,3,0,2,0,0.005660634022206068,test,S6,2,0,3,1,1,3,clean
0,1,2,0,ppg_dalia-S6-e1-clean-c1-B3,1,3,0,0,0,0,0,0.007177162915468216,ppg_dalia,51.69392018788494,ppg_dalia-S6-e1,0,evidence_sufficiency,7.634327400010079,0,0,0,1384,3966.0,B3,534,0,1,3,0,2,0,0.001610856968909502,test,S6,2,0,3,1,1,3,clean
0,1,2,0,ppg_dalia-S6-e1-clean-c1-M1,1,3,0,0,0,0,0,0.026928789913654327,ppg_dalia,50.48263365891762,ppg_dalia-S6-e1,0,evidence_sufficiency,7.482241013087332,0,0,0,1384,3966.0,M1,534,0,1,3,0,2,0,0.006216433132067323,test,S6,2,0,3,1,1,3,clean
0,1,2,0,ppg_dalia-S6-e1-clean-c2-B0,2,3,0,0,0,0,0,0.0026160371489822865,ppg_dalia,43.82846081489697,ppg_dalia-S6-e1,0,evidence_sufficiency,7.4994969710242,0,0,0,1384,4026.0,B0,534,0,1,3,0,2,0,0.001667845994234085,test,S6,2,0,6,1,1,3,clean
0,1,2,0,ppg_dalia-S6-e1-clean-c2-B1,2,3,0,0,0,0,0,0.007224372122436762,ppg_dalia,45.079659279901534,ppg_dalia-S6-e1,0,evidence_sufficiency,7.469672370003536,0,0,0,1384,4026.0,B1,534,0,1,3,0,2,0,0.001691355835646391,test,S6,2,0,6,1,1,3,clean
0,1,2,0,ppg_dalia-S6-e1-clean-c2-B2,2,3,0,0,0,0,0,0.029338620835915208,ppg_dalia,50.81764990207739,ppg_dalia-S6-e1,0,evidence_sufficiency,7.450010641012341,0,0,0,1384,4026.0,B2,531,0,0,3,0,2,0,0.005879580043256283,test,S6,2,0,6,1,1,3,clean
0,1,2,0,ppg_dalia-S6-e1-clean-c2-B3,2,3,0,0,0,0,0,0.007982017006725073,ppg_dalia,51.237278597895056,ppg_dalia-S6-e1,0,evidence_sufficiency,7.488666551886126,0,0,0,1384,4026.0,B3,534,0,1,3,0,2,0,0.001654626103118062,test,S6,2,0,6,1,1,3,clean
0,1,2,0,ppg_dalia-S6-e1-clean-c2-M1,2,3,0,0,0,0,0,0.02997025800868869,ppg_dalia,51.132410327903926,ppg_dalia-S6-e1,0,evidence_sufficiency,7.499782614875585,0,0,0,1384,4026.0,M1,534,0,1,3,0,2,0,0.0058672011364251375,test,S6,2,0,6,1,1,3,clean
0,1,2,0,ppg_dalia-S6-e1-correction-c0-B0,0,3,0,0,0,0,0,0.01658850209787488,ppg_dalia,27.713367871940136,ppg_dalia-S6-e1,0,evidence_sufficiency,7.585770579986274,0,0,0,1364,3936.0,B0,534,0,1,3,0,2,0,0.0015363679267466068,test,S6,2,0,0,1,1,3,correction
0,1,2,0,ppg_dalia-S6-e1-correction-c0-B1,0,3,0,0,0,0,0,0.01145278592593968,ppg_dalia,27.7930037768092,ppg_dalia-S6-e1,0,evidence_sufficiency,7.5317695930134505,0,0,0,1364,3936.0,B1,534,0,1,3,0,2,0,0.0015194891020655632,test,S6,2,0,0,1,1,3,correction
0,1,2,0,ppg_dalia-S6-e1-correction-c0-B2,0,3,0,0,0,0,0,0.053258033003658056,ppg_dalia,27.78974504303187,ppg_dalia-S6-e1,0,evidence_sufficiency,7.5406917608343065,0,0,0,1364,3936.0,B2,534,0,1,3,0,2,0,0.00551467714831233,test,S6,2,0,0,1,1,3,correction
0,1,2,0,ppg_dalia-S6-e1-correction-c0-B3,0,3,0,0,0,0,0,0.011426917044445872,ppg_dalia,35.05908761220053,ppg_dalia-S6-e1,0,evidence_sufficiency,7.493964553810656,0,0,0,1364,3936.0,B3,534,0,1,3,0,2,0,0.0015031090006232262,test,S6,2,0,0,1,1,3,correction
0,1,2,0,ppg_dalia-S6-e1-correction-c0-M1,0,3,0,0,0,0,0,0.05430216179229319,ppg_dalia,34.78598706587218,ppg_dalia-S6-e1,0,evidence_sufficiency,7.558127814903855,0,0,0,1364,3936.0,M1,534,0,1,3,0,2,0,0.005496998084709048,test,S6,2,0,0,1,1,3,correction
0,1,2,0,ppg_dalia-S6-e1-correction-c1-B0,1,3,0,0,0,0,1,0.0025383078027516603,ppg_dalia,59.49735244596377,ppg_dalia-S6-e1,0,evidence_sufficiency,7.480160085950047,0,0,0,1384,3966.0,B0,534,0,1,3,0,2,1,0.001612277003005147,test,S6,2,0,2,1,1,3,correction
0,1,2,0,ppg_dalia-S6-e1-correction-c1-B1,1,3,0,0,1,1,1,0.0072829220443964005,ppg_dalia,60.462769182166085,ppg_dalia-S6-e1,0,evidence_sufficiency,7.444031133083627,0,0,0,1384,3966.0,B1,534,0,1,3,0,2,0,0.0016581160016357899,test,S6,2,0,2,1,1,3,correction
0,1,2,0,ppg_dalia-S6-e1-correction-c1-B2,1,3,0,0,1,1,1,0.028435148997232318,ppg_dalia,61.91789279412478,ppg_dalia-S6-e1,0,evidence_sufficiency,7.002019714098424,0,0,0,1384,3966.0,B2,500,0,0,3,0,2,0,0.005597465904429555,test,S6,2,0,2,1,1,3,correction
0,1,2,0,ppg_dalia-S6-e1-correction-c1-B3,1,3,0,0,1,1,1,0.008211922133341432,ppg_dalia,66.8547139680013,ppg_dalia-S6-e1,0,evidence_sufficiency,7.472770266933367,0,0,0,1384,3966.0,B3,534,0,1,3,0,2,0,0.0016282869037240744,test,S6,2,0,2,1,1,3,correction
0,1,2,0,ppg_dalia-S6-e1-correction-c1-M1,1,3,0,0,1,1,1,0.06439193594269454,ppg_dalia,65.13415967207402,ppg_dalia-S6-e1,0,evidence_sufficiency,7.542684450047091,0,0,0,1384,3966.0,M1,534,0,1,3,0,2,0,0.005835819989442825,test,S6,2,0,2,1,1,3,correction
0,1,2,0,ppg_dalia-S6-e1-correction-c2-B0,2,3,0,0,0,0,1,0.006258242996409535,ppg_dalia,52.580955513054505,ppg_dalia-S6-e1,0,evidence_sufficiency,7.396363315870985,0,0,0,1384,4026.0,B0,531,0,0,3,0,2,1,0.004251102916896343,test,S6,2,0,5,1,1,3,correction
0,1,2,0,ppg_dalia-S6-e1-correction-c2-B1,2,3,0,0,1,1,1,0.018337686080485582,ppg_dalia,55.81704534799792,ppg_dalia-S6-e1,0,evidence_sufficiency,7.402799295028672,0,0,0,1384,4026.0,B1,534,0,1,3,0,2,0,0.004344671033322811,test,S6,2,0,5,1,1,3,correction
0,1,2,0,ppg_dalia-S6-e1-correction-c2-B2,2,3,0,0,1,1,1,0.0568197900429368,ppg_dalia,56.182292913785204,ppg_dalia-S6-e1,0,evidence_sufficiency,7.446273727109656,0,0,0,1384,4026.0,B2,534,0,1,3,0,2,0,0.009495327016338706,test,S6,2,0,5,1,1,3,correction
0,1,2,0,ppg_dalia-S6-e1-correction-c2-B3,2,3,0,0,1,1,1,0.01591435493901372,ppg_dalia,59.46007080702111,ppg_dalia-S6-e1,0,evidence_sufficiency,7.0371533369179815,0,0,0,1384,4026.0,B3,504,0,0,3,0,2,0,0.00172541500069201,test,S6,2,0,5,1,1,3,correction
0,1,2,0,ppg_dalia-S6-e1-correction-c2-M1,2,3,0,0,1,1,1,0.049012749921530485,ppg_dalia,57.636206560069695,ppg_dalia-S6-e1,0,evidence_sufficiency,7.4448647170793265,0,0,0,1384,4026.0,M1,534,0,1,3,0,2,0,0.009563454892486334,test,S6,2,0,5,1,1,3,correction
0,0,1,1,ppg_dalia-S6-e1-delayed-c0-B0,0,3,1,0,0,0,0,0.008893650025129318,ppg_dalia,48.149301554076374,ppg_dalia-S6-e1,0,evidence_sufficiency,6.97612947714515,0,0,0,1260,3936.0,B0,500,0,0,3,0,2,0,0.0014905889984220266,test,S6,1,0,0,1,1,2,delayed
0,0,1,0,ppg_dalia-S6-e1-delayed-c0-B1,0,2,0,0,0,0,0,0.010848710080608726,ppg_dalia,59.98774889786728,ppg_dalia-S6-e1,0,evidence_sufficiency,13.993109876755625,0,0,0,3050,3936.0,B1,1000,0,1,2,1,2,0,0.0014899901580065489,test,S6,1,0,0,1,1,2,delayed
0,0,1,0,ppg_dalia-S6-e1-delayed-c0-B2,0,2,0,0,0,0,0,0.05071460409089923,ppg_dalia,62.984135776991025,ppg_dalia-S6-e1,0,evidence_sufficiency,14.850054954178631,0,0,0,3077,3936.0,B2,1056,0,1,2,1,2,0,0.005369571037590504,test,S6,1,0,0,1,1,2,delayed
0,0,1,0,ppg_dalia-S6-e1-delayed-c0-B3,0,2,0,0,0,0,0,0.010855181142687798,ppg_dalia,63.0031188421417,ppg_dalia-S6-e1,0,evidence_sufficiency,14.148203597869724,0,0,0,3050,3936.0,B3,1000,0,1,2,1,2,0,0.0015052391681820154,test,S6,1,0,0,1,1,2,delayed
0,0,1,0,ppg_dalia-S6-e1-delayed-c0-M1,0,2,0,0,0,0,0,0.05308771482668817,ppg_dalia,62.907409228850156,ppg_dalia-S6-e1,0,evidence_sufficiency,14.073432363104075,0,0,0,3050,3936.0,M1,1000,0,1,2,1,2,0,0.005383780924603343,test,S6,1,0,0,1,1,2,delayed
0,0,1,1,ppg_dalia-S6-e1-delayed-c1-B0,1,3,1,0,0,0,0,0.0020196291152387857,ppg_dalia,48.21705583203584,ppg_dalia-S6-e1,0,evidence_sufficiency,6.974537040106952,0,0,1,1260,3966.0,B0,500,0,0,3,0,2,0,0.001603826880455017,test,S6,1,0,2,1,1,2,delayed
0,0,1,0,ppg_dalia-S6-e1-delayed-c1-B1,1,2,0,0,0,0,0,0.004190145060420036,ppg_dalia,60.69792002486065,ppg_dalia-S6-e1,0,evidence_sufficiency,14.78076827689074,0,0,0,3077,3966.0,B1,1056,0,1,2,1,2,0,0.0015888579655438662,test,S6,1,0,2,1,1,2,delayed
0,0,1,0,ppg_dalia-S6-e1-delayed-c1-B2,1,2,0,0,0,0,0,0.012600034940987825,ppg_dalia,61.1663041759748,ppg_dalia-S6-e1,0,evidence_sufficiency,14.839013936929405,0,0,0,3077,3966.0,B2,1056,0,1,2,1,2,0,0.0055212280713021755,test,S6,1,0,2,1,1,2,delayed
0,0,1,0,ppg_dalia-S6-e1-delayed-c1-B3,1,2,0,0,0,0,0,0.003696664934977889,ppg_dalia,63.85888324305415,ppg_dalia-S6-e1,0,evidence_sufficiency,14.933572334004566,0,0,0,3077,3966.0,B3,1056,0,1,2,1,2,0,0.001564868027344346,test,S6,1,0,2,1,1,2,delayed
0,0,1,0,ppg_dalia-S6-e1-delayed-c1-M1,1,2,0,0,0,0,0,0.011448507895693183,ppg_dalia,63.052358746062964,ppg_dalia-S6-e1,0,evidence_sufficiency,14.854696419090033,0,0,0,3077,3966.0,M1,1056,0,1,2,1,2,0,0.005478989100083709,test,S6,1,0,2,1,1,2,delayed
0,1,2,0,ppg_dalia-S6-e1-delayed-c2-B0,2,3,0,0,0,0,0,0.002647846005856991,ppg_dalia,42.48754939693026,ppg_dalia-S6-e1,0,evidence_sufficiency,7.109333460917696,0,0,2,1364,4026.0,B0,509,0,1,3,0,2,0,0.001609188038855791,test,S6,2,0,4,1,1,3,delayed
0,1,2,0,ppg_dalia-S6-e1-delayed-c2-B1,2,3,0,0,0,0,0,0.004454580135643482,ppg_dalia,46.408057843800634,ppg_dalia-S6-e1,0,evidence_sufficiency,7.083234920166433,0,0,0,1364,4026.0,B1,509,0,1,3,0,2,0,0.001611956860870123,test,S6,2,0,4,1,1,3,delayed
0,1,2,0,ppg_dalia-S6-e1-delayed-c2-B2,2,3,0,0,0,0,0,0.01625313120894134,ppg_dalia,46.91406754287891,ppg_dalia-S6-e1,0,evidence_sufficiency,7.0719521581195295,0,0,0,1364,4026.0,B2,509,0,1,3,0,2,0,0.00550377881154418,test,S6,2,0,4,1,1,3,delayed
0,1,2,0,ppg_dalia-S6-e1-delayed-c2-B3,2,3,0,0,0,0,0,0.004545187810435891,ppg_dalia,49.26420008111745,ppg_dalia-S6-e1,0,evidence_sufficiency,6.827868777094409,0,0,0,1364,4026.0,B3,509,0,1,3,0,2,0,0.0015918880235403776,test,S6,2,0,4,1,1,3,delayed
0,1,2,0,ppg_dalia-S6-e1-delayed-c2-M1,2,3,0,0,0,0,0,0.019644342828541994,ppg_dalia,47.15680076996796,ppg_dalia-S6-e1,0,evidence_sufficiency,7.070656463969499,0,0,0,1364,4026.0,M1,509,0,1,3,0,2,0,0.0055903661996126175,test,S6,2,0,4,1,1,3,delayed
0,1,2,0,ppg_dalia-S7-e0-channel_fault-c0-B0,0,2,0,0,0,0,0,0.01001509907655418,ppg_dalia,5.75956021505408,ppg_dalia-S7-e0,0,evidence_sufficiency,5.744287882000208,0,0,0,1379,2336.0,B0,353,0,0,2,0,2,0,0.0015068489592522383,test,S7,2,0,0,1,1,2,channel_fault
0,1,2,0,ppg_dalia-S7-e0-channel_fault-c0-B1,0,2,0,0,0,0,0,0.011237024096772075,ppg_dalia,5.778062050929293,ppg_dalia-S7-e0,0,evidence_sufficiency,5.762161870952696,0,0,0,1379,2336.0,B1,353,0,0,2,0,2,0,0.0014948290772736073,test,S7,2,0,0,1,1,2,channel_fault
0,1,2,0,ppg_dalia-S7-e0-channel_fault-c0-B2,0,2,0,0,0,0,0,0.10159183316864073,ppg_dalia,5.753813630202785,ppg_dalia-S7-e0,0,evidence_sufficiency,5.6436700890772045,0,0,0,1379,2336.0,B2,353,0,0,2,0,2,0,0.00547522003762424,test,S7,2,0,0,1,1,2,channel_fault
0,1,2,0,ppg_dalia-S7-e0-channel_fault-c0-B3,0,2,0,0,0,0,0,0.011277913115918636,ppg_dalia,10.499303163960576,ppg_dalia-S7-e0,0,evidence_sufficiency,4.937878228025511,0,0,0,1379,2336.0,B3,353,0,0,2,0,2,0,0.0015299390070140362,test,S7,2,0,0,1,1,2,channel_fault
0,1,2,0,ppg_dalia-S7-e0-channel_fault-c0-M1,0,2,0,0,0,0,0,0.05368588911369443,ppg_dalia,5.631836037850007,ppg_dalia-S7-e0,0,evidence_sufficiency,5.569482033140957,0,0,0,1379,2336.0,M1,353,0,0,2,0,2,0,0.005364881129935384,test,S7,2,0,0,1,1,2,channel_fault
0,1,2,0,ppg_dalia-S7-e0-channel_fault-c1-B0,1,2,0,0,0,0,2,0.004432379966601729,ppg_dalia,44.446455041877925,ppg_dalia-S7-e0,0,evidence_sufficiency,4.9366386430338025,0,0,0,1464,2366.0,B0,346,0,0,2,0,2,2,0.0016216582152992487,test,S7,2,0,0,1,1,2,channel_fault
0,1,2,0,ppg_dalia-S7-e0-channel_fault-c1-B1,1,2,0,0,2,2,2,0.025197411887347698,ppg_dalia,46.33574360003695,ppg_dalia-S7-e0,0,evidence_sufficiency,4.8435733478982,0,0,0,1464,2366.0,B1,346,0,0,2,0,2,0,0.0016419170424342155,test,S7,2,0,0,1,1,2,channel_fault
0,1,2,0,ppg_dalia-S7-e0-channel_fault-c1-B2,1,2,0,0,2,2,2,0.13472539582289755,ppg_dalia,48.00008414895274,ppg_dalia-S7-e0,0,evidence_sufficiency,4.8446286069229245,0,0,0,1464,2366.0,B2,346,0,0,2,0,2,0,0.010137355886399746,test,S7,2,0,0,1,1,2,channel_fault
0,1,2,0,ppg_dalia-S7-e0-channel_fault-c1-B3,1,2,0,0,2,2,2,0.02043970813974738,ppg_dalia,48.927856787107885,ppg_dalia-S7-e0,0,evidence_sufficiency,4.851376660866663,0,0,0,1464,2366.0,B3,346,0,0,2,0,2,0,0.0016403868794441223,test,S7,2,0,0,1,1,2,channel_fault
0,1,2,0,ppg_dalia-S7-e0-channel_fault-c1-M1,1,2,0,0,2,2,2,0.18349253316409886,ppg_dalia,48.691771803889424,ppg_dalia-S7-e0,0,evidence_sufficiency,4.991800852119923,0,0,0,1464,2366.0,M1,346,0,0,2,0,2,0,0.009868721012026072,test,S7,2,0,0,1,1,2,channel_fault
0,1,2,0,ppg_dalia-S7-e0-channel_fault-c2-B0,2,2,0,0,0,0,2,0.004426551051437855,ppg_dalia,47.181525078834966,ppg_dalia-S7-e0,0,evidence_sufficiency,5.135308051016182,0,0,0,1463,2426.0,B0,359,0,0,2,0,2,2,0.0017009160947054625,test,S7,2,0,2,1,1,2,channel_fault
0,1,2,0,ppg_dalia-S7-e0-channel_fault-c2-B1,2,2,0,0,2,2,2,0.018831900088116527,ppg_dalia,51.25668665789999,ppg_dalia-S7-e0,0,evidence_sufficiency,5.051992099033669,0,0,0,1463,2426.0,B1,359,0,0,2,0,2,0,0.001749094808474183,test,S7,2,0,2,1,1,2,channel_fault
0,1,2,0,ppg_dalia-S7-e0-channel_fault-c2-B2,2,2,0,0,2,2,2,0.19668441684916615,ppg_dalia,52.02856402704492,ppg_dalia-S7-e0,0,evidence_sufficiency,4.866614212980494,0,0,0,1463,2426.0,B2,345,0,0,2,0,2,0,0.014186623971909285,test,S7,2,0,2,1,1,2,channel_fault
0,1,2,0,ppg_dalia-S7-e0-channel_fault-c2-B3,2,2,0,0,2,2,2,0.03424333990551531,ppg_dalia,55.47816830012016,ppg_dalia-S7-e0,0,evidence_sufficiency,5.1225049088243395,0,0,0,1463,2426.0,B3,359,0,0,2,0,2,0,0.0017489450983703136,test,S7,2,0,2,1,1,2,channel_fault
0,1,2,0,ppg_dalia-S7-e0-channel_fault-c2-M1,2,2,0,0,2,2,2,0.2403223980218172,ppg_dalia,52.70212658820674,ppg_dalia-S7-e0,0,evidence_sufficiency,5.04605618910864,0,0,0,1463,2426.0,M1,359,0,0,2,0,2,0,0.012886070879176259,test,S7,2,0,2,1,1,2,channel_fault
0,1,2,0,ppg_dalia-S7-e0-clean-c0-B0,0,2,0,0,0,0,0,0.008680703118443489,ppg_dalia,46.51508631906472,ppg_dalia-S7-e0,0,evidence_sufficiency,5.142463996075094,0,0,0,1379,2336.0,B0,353,0,0,2,0,2,0,0.0015094790142029524,test,S7,2,0,0,1,1,2,clean
0,1,2,0,ppg_dalia-S7-e0-clean-c0-B1,0,2,0,0,0,0,0,0.010685322107747197,ppg_dalia,46.514560498995706,ppg_dalia-S7-e0,0,evidence_sufficiency,5.102748567936942,0,0,0,1379,2336.0,B1,353,0,0,2,0,2,0,0.0015450578648597002,test,S7,2,0,0,1,1,2,clean
0,1,2,0,ppg_dalia-S7-e0-clean-c0-B2,0,2,0,0,0,0,0,0.054898058995604515,ppg_dalia,51.50702027883381,ppg_dalia-S7-e0,0,evidence_sufficiency,5.004874417092651,0,0,0,1379,2336.0,B2,353,0,0,2,0,2,0,0.005556916119530797,test,S7,2,0,0,1,1,2,clean
0,1,2,0,ppg_dalia-S7-e0-clean-c0-B3,0,2,0,0,0,0,0,0.010693331016227603,ppg_dalia,51.404069842072204,ppg_dalia-S7-e0,0,evidence_sufficiency,4.996538547100499,0,0,0,1379,2336.0,B3,353,0,0,2,0,2,0,0.0015060289297252893,test,S7,2,0,0,1,1,2,clean
0,1,2,0,ppg_dalia-S7-e0-clean-c0-M1,0,2,0,0,0,0,0,0.05305802612565458,ppg_dalia,51.46832106006332,ppg_dalia-S7-e0,0,evidence_sufficiency,5.021058036014438,0,0,0,1379,2336.0,M1,353,0,0,2,0,2,0,0.005539397010579705,test,S7,2,0,0,1,1,2,clean
0,1,2,0,ppg_dalia-S7-e0-clean-c1-B0,1,2,0,0,0,0,0,0.0027518640272319317,ppg_dalia,25.72583644487895,ppg_dalia-S7-e0,0,evidence_sufficiency,5.026416725944728,0,0,0,1399,2366.0,B0,353,0,0,2,0,2,0,0.0016107368282973766,test,S7,2,0,2,1,1,2,clean
0,1,2,0,ppg_dalia-S7-e0-clean-c1-B1,1,2,0,0,0,0,0,0.006905399030074477,ppg_dalia,27.91907975799404,ppg_dalia-S7-e0,0,evidence_sufficiency,5.025352858938277,0,0,0,1399,2366.0,B1,353,0,0,2,0,2,0,0.0015775179490447044,test,S7,2,0,2,1,1,2,clean
0,1,2,0,ppg_dalia-S7-e0-clean-c1-B2,1,2,0,0,0,0,0,0.02681740210391581,ppg_dalia,30.375939598074183,ppg_dalia-S7-e0,0,evidence_sufficiency,5.018429099814966,0,0,0,1399,2366.0,B2,353,0,0,2,0,2,0,0.0055630269926041365,test,S7,2,0,2,1,1,2,clean
0,1,2,0,ppg_dalia-S7-e0-clean-c1-B3,1,2,0,0,0,0,0,0.007542995968833566,ppg_dalia,30.656312871025875,ppg_dalia-S7-e0,0,evidence_sufficiency,5.009042300982401,0,0,0,1399,2366.0,B3,353,0,0,2,0,2,0,0.001558277988806367,test,S7,2,0,2,1,1,2,clean
0,1,2,0,ppg_dalia-S7-e0-clean-c1-M1,1,2,0,0,0,0,0,0.02822875394485891,ppg_dalia,30.440766293089837,ppg_dalia-S7-e0,0,evidence_sufficiency,5.108225494856015,0,0,0,1399,2366.0,M1,353,0,0,2,0,2,0,0.005688703851774335,test,S7,2,0,2,1,1,2,clean
0,1,2,0,ppg_dalia-S7-e0-clean-c2-B0,2,2,0,0,0,0,0,0.0026471561286598444,ppg_dalia,40.76752270106226,ppg_dalia-S7-e0,0,evidence_sufficiency,4.9688429029192775,0,0,0,1399,2426.0,B0,353,0,0,2,0,2,0,0.0016379968728870153,test,S7,2,0,4,1,1,2,clean
0,1,2,0,ppg_dalia-S7-e0-clean-c2-B1,2,2,0,0,0,0,0,0.006921438034623861,ppg_dalia,43.27762272278778,ppg_dalia-S7-e0,0,evidence_sufficiency,4.930373738054186,0,0,0,1399,2426.0,B1,353,0,0,2,0,2,0,0.0016218770761042833,test,S7,2,0,4,1,1,2,clean
0,1,2,0,ppg_dalia-S7-e0-clean-c2-B2,2,2,0,0,0,0,0,0.028691034065559506,ppg_dalia,43.606421168195084,ppg_dalia-S7-e0,0,evidence_sufficiency,4.9896990458946675,0,0,0,1399,2426.0,B2,353,0,0,2,0,2,0,0.0059043788351118565,test,S7,2,0,4,1,1,2,clean
0,1,2,0,ppg_dalia-S7-e0-clean-c2-B3,2,2,0,0,0,0,0,0.007866218918934464,ppg_dalia,45.840945517178625,ppg_dalia-S7-e0,0,evidence_sufficiency,4.988117539091036,0,0,0,1399,2426.0,B3,353,0,0,2,0,2,0,0.001629086909815669,test,S7,2,0,4,1,1,2,clean
0,1,2,0,ppg_dalia-S7-e0-clean-c2-M1,2,2,0,0,0,0,0,0.031417448073625565,ppg_dalia,45.69688545004465,ppg_dalia-S7-e0,0,evidence_sufficiency,4.972009157994762,0,0,0,1399,2426.0,M1,353,0,0,2,0,2,0,0.005915558896958828,test,S7,2,0,4,1,1,2,clean
0,1,2,0,ppg_dalia-S7-e0-correction-c0-B0,0,2,0,0,0,0,0,0.017287680180743337,ppg_dalia,21.887540688971058,ppg_dalia-S7-e0,0,evidence_sufficiency,5.031288045924157,0,0,0,1379,2336.0,B0,353,0,0,2,0,2,0,0.0015345490537583828,test,S7,2,0,0,1,1,2,correction
0,1,2,0,ppg_dalia-S7-e0-correction-c0-B1,0,2,0,0,0,0,0,0.0113000120036304,ppg_dalia,21.87303206208162,ppg_dalia-S7-e0,0,evidence_sufficiency,5.032217856962234,0,0,0,1379,2336.0,B1,353,0,0,2,0,2,0,0.0014993189834058285,test,S7,2,0,0,1,1,2,correction
0,1,2,0,ppg_dalia-S7-e0-correction-c0-B2,0,2,0,0,0,0,0,0.14794562105089426,ppg_dalia,21.875800407025963,ppg_dalia-S7-e0,0,evidence_sufficiency,5.034356283955276,0,0,0,1379,2336.0,B2,353,0,0,2,0,2,0,0.005495888879522681,test,S7,2,0,0,1,1,2,correction
0,1,2,0,ppg_dalia-S7-e0-correction-c0-B3,0,2,0,0,0,0,0,0.01135193114168942,ppg_dalia,26.690285563003272,ppg_dalia-S7-e0,0,evidence_sufficiency,5.030012181028724,0,0,0,1379,2336.0,B3,353,0,0,2,0,2,0,0.0014989390037953854,test,S7,2,0,0,1,1,2,correction
0,1,2,0,ppg_dalia-S7-e0-correction-c0-M1,0,2,0,0,0,0,0,0.050816532922908664,ppg_dalia,26.730647397926077,ppg_dalia-S7-e0,0,evidence_sufficiency,5.017887737136334,0,0,0,1379,2336.0,M1,353,0,0,2,0,2,0,0.005426241084933281,test,S7,2,0,0,1,1,2,correction
0,1,2,0,ppg_dalia-S7-e0-correction-c1-B0,1,2,0,0,0,0,1,0.0026592968497425318,ppg_dalia,50.7560711230617,ppg_dalia-S7-e0,0,evidence_sufficiency,4.981076540192589,0,0,0,1399,2366.0,B0,353,0,0,2,0,2,1,0.0016287469770759344,test,S7,2,0,1,1,1,2,correction
0,1,2,0,ppg_dalia-S7-e0-correction-c1-B1,1,2,0,0,1,1,1,0.015455277869477868,ppg_dalia,50.93452034587972,ppg_dalia-S7-e0,0,evidence_sufficiency,4.954615284921601,0,0,0,1399,2366.0,B1,353,0,0,2,0,2,0,0.0016688858158886433,test,S7,2,0,1,1,1,2,correction
0,1,2,0,ppg_dalia-S7-e0-correction-c1-B2,1,2,0,0,1,1,1,0.027421436039730906,ppg_dalia,55.67852451791987,ppg_dalia-S7-e0,0,evidence_sufficiency,4.938416011864319,0,0,0,1399,2366.0,B2,353,0,0,2,0,2,0,0.005541958147659898,test,S7,2,0,1,1,1,2,correction
0,1,2,0,ppg_dalia-S7-e0-correction-c1-B3,1,2,0,0,1,1,1,0.008008609060198069,ppg_dalia,58.43244907492772,ppg_dalia-S7-e0,0,evidence_sufficiency,4.910579484887421,0,0,0,1399,2366.0,B3,353,0,0,2,0,2,0,0.0015954270493239164,test,S7,2,0,1,1,1,2,correction
0,1,2,0,ppg_dalia-S7-e0-correction-c1-M1,1,2,0,0,1,1,1,0.028009314090013504,ppg_dalia,55.839681030018255,ppg_dalia-S7-e0,0,evidence_sufficiency,4.943026959896088,0,0,0,1399,2366.0,M1,353,0,0,2,0,2,0,0.005551988026127219,test,S7,2,0,1,1,1,2,correction
0,1,2,0,ppg_dalia-S7-e0-correction-c2-B0,2,2,0,0,0,0,1,0.0040048889350146055,ppg_dalia,54.041991150937974,ppg_dalia-S7-e0,0,evidence_sufficiency,5.005763542139903,0,0,0,1399,2426.0,B0,353,0,0,2,0,2,1,0.0016672760248184204,test,S7,2,0,3,1,1,2,correction
0,1,2,0,ppg_dalia-S7-e0-correction-c2-B1,2,2,0,0,1,1,1,0.007966259028762579,ppg_dalia,54.28731529205106,ppg_dalia-S7-e0,0,evidence_sufficiency,4.977580341976136,0,0,0,1399,2426.0,B1,353,0,0,2,0,2,0,0.0016902158968150616,test,S7,2,0,3,1,1,2,correction
0,1,2,0,ppg_dalia-S7-e0-correction-c2-B2,2,2,0,0,1,1,1,0.037745838053524494,ppg_dalia,58.988493249053136,ppg_dalia-S7-e0,0,evidence_sufficiency,4.956809730967507,0,0,0,1399,2426.0,B2,353,0,0,2,0,2,0,0.005948449019342661,test,S7,2,0,3,1,1,2,correction
0,1,2,0,ppg_dalia-S7-e0-correction-c2-B3,2,2,0,0,1,1,1,0.008901980007067323,ppg_dalia,60.41688748402521,ppg_dalia-S7-e0,0,evidence_sufficiency,4.947127416962758,0,0,0,1399,2426.0,B3,353,0,0,2,0,2,0,0.0016641570255160332,test,S7,2,0,3,1,1,2,correction
0,1,2,0,ppg_dalia-S7-e0-correction-c2-M1,2,2,0,0,1,1,1,0.041848283959552646,ppg_dalia,59.19487874908373,ppg_dalia-S7-e0,0,evidence_sufficiency,4.953426488908008,0,0,0,1399,2426.0,M1,353,0,0,2,0,2,0,0.00583233218640089,test,S7,2,0,3,1,1,2,correction
0,0,1,1,ppg_dalia-S7-e0-delayed-c0-B0,0,2,1,0,0,0,0,0.017066875007003546,ppg_dalia,36.44881084887311,ppg_dalia-S7-e0,0,evidence_sufficiency,4.900448344880715,0,0,0,1275,2336.0,B0,345,0,0,2,0,2,0,0.0015176988672465086,test,S7,1,0,0,1,1,1,delayed
0,0,1,0,ppg_dalia-S7-e0-delayed-c0-B1,0,1,0,0,0,0,0,0.010871330043300986,ppg_dalia,41.30943347909488,ppg_dalia-S7-e0,0,evidence_sufficiency,9.75588758988306,0,0,0,2926,2336.0,B1,690,0,1,1,1,2,0,0.0014892600011080503,test,S7,1,0,0,1,1,1,delayed
0,0,1,0,ppg_dalia-S7-e0-delayed-c0-B2,0,1,0,0,0,0,0,0.051965317921712995,ppg_dalia,46.12111752992496,ppg_dalia-S7-e0,0,evidence_sufficiency,9.685996945016086,0,0,0,2926,2336.0,B2,690,0,1,1,1,2,0,0.005346741992980242,test,S7,1,0,0,1,1,1,delayed
0,0,1,0,ppg_dalia-S7-e0-delayed-c0-B3,0,1,0,0,0,0,0,0.010747551918029785,ppg_dalia,48.99851666809991,ppg_dalia-S7-e0,0,evidence_sufficiency,9.689429955091327,0,0,0,2926,2336.0,B3,690,0,1,1,1,2,0,0.0014875000342726707,test,S7,1,0,0,1,1,1,delayed
0,0,1,0,ppg_dalia-S7-e0-delayed-c0-M1,0,1,0,0,0,0,0,0.050286242039874196,ppg_dalia,48.96949986508116,ppg_dalia-S7-e0,0,evidence_sufficiency,9.628316122107208,0,0,0,2926,2336.0,M1,690,0,1,1,1,2,0,0.005431910045444965,test,S7,1,0,0,1,1,1,delayed
0,0,1,1,ppg_dalia-S7-e0-delayed-c1-B0,1,2,1,0,0,0,0,0.0029565601143985987,ppg_dalia,50.34978578099981,ppg_dalia-S7-e0,0,evidence_sufficiency,4.868063229834661,0,0,1,1275,2366.0,B0,345,0,0,2,0,2,0,0.002540679182857275,test,S7,1,0,1,1,1,1,delayed
0,0,1,0,ppg_dalia-S7-e0-delayed-c1-B1,1,1,0,0,0,0,0,0.005918240174651146,ppg_dalia,55.38343781000003,ppg_dalia-S7-e0,0,evidence_sufficiency,9.730239059077576,0,0,0,2926,2366.0,B1,690,0,1,1,1,2,0,0.002601447980850935,test,S7,1,0,1,1,1,1,delayed
0,0,1,0,ppg_dalia-S7-e0-delayed-c1-B2,1,1,0,0,0,0,0,0.018440637039020658,ppg_dalia,60.0433155130595,ppg_dalia-S7-e0,0,evidence_sufficiency,9.69292498473078,0,0,0,2926,2366.0,B2,690,0,1,1,1,2,0,0.00560273602604866,test,S7,1,0,1,1,1,1,delayed
0,0,1,0,ppg_dalia-S7-e0-delayed-c1-B3,1,1,0,0,0,0,0,0.003773472970351577,ppg_dalia,63.06020824704319,ppg_dalia-S7-e0,0,evidence_sufficiency,9.765377269126475,0,0,0,2926,2366.0,B3,690,0,1,1,1,2,0,0.0015567790251225233,test,S7,1,0,1,1,1,1,delayed
0,0,1,0,ppg_dalia-S7-e0-delayed-c1-M1,1,1,0,0,0,0,0,0.011341600911691785,ppg_dalia,60.43394016707316,ppg_dalia-S7-e0,0,evidence_sufficiency,9.647879966069013,0,0,0,2926,2366.0,M1,690,0,1,1,1,2,0,0.005372141022235155,test,S7,1,0,1,1,1,1,delayed
0,1,2,0,ppg_dalia-S7-e0-delayed-c2-B0,2,2,0,0,0,0,0,0.0026167770847678185,ppg_dalia,49.41453217808157,ppg_dalia-S7-e0,0,evidence_sufficiency,4.874553737929091,0,0,2,1379,2426.0,B0,345,0,0,2,0,2,0,0.0016033879946917295,test,S7,2,0,2,1,1,2,delayed
0,1,2,0,ppg_dalia-S7-e0-delayed-c2-B1,2,2,0,0,0,0,0,0.004991718800738454,ppg_dalia,50.30789224803448,ppg_dalia-S7-e0,0,evidence_sufficiency,4.853533734101802,0,0,0,1379,2426.0,B1,345,0,0,2,0,2,0,0.0016058071050792933,test,S7,2,0,2,1,1,2,delayed
0,1,2,0,ppg_dalia-S7-e0-delayed-c2-B2,2,2,0,0,0,0,0,0.014893489191308618,ppg_dalia,54.24693181109615,ppg_dalia-S7-e0,0,evidence_sufficiency,4.836040718015283,0,0,0,1379,2426.0,B2,345,0,0,2,0,2,0,0.0053175019565969706,test,S7,2,0,2,1,1,2,delayed
0,1,2,0,ppg_dalia-S7-e0-delayed-c2-B3,2,2,0,0,0,0,0,0.004610807169228792,ppg_dalia,55.0018303419929,ppg_dalia-S7-e0,0,evidence_sufficiency,4.856673161033541,0,0,0,1379,2426.0,B3,345,0,0,2,0,2,0,0.0015943979378789663,test,S7,2,0,2,1,1,2,delayed
0,1,2,0,ppg_dalia-S7-e0-delayed-c2-M1,2,2,0,0,0,0,0,0.013613534858450294,ppg_dalia,54.74863422685303,ppg_dalia-S7-e0,0,evidence_sufficiency,4.838447779882699,0,0,0,1379,2426.0,M1,345,0,0,2,0,2,0,0.005310162203386426,test,S7,2,0,2,1,1,2,delayed
0,1,2,1,ppg_dalia-S7-e1-channel_fault-c0-B0,0,3,2,0,0,0,0,0.01740632811561227,ppg_dalia,22.44772885995917,ppg_dalia-S7-e1,0,conflict_timing,9.581307765096426,0,0,0,1375,7006.0,B0,682,0,0,4,0,2,0,0.0015561690088361502,test,S7,1,0,0,0,1,1,channel_fault
0,1,2,0,ppg_dalia-S7-e1-channel_fault-c0-B1,0,1,0,0,0,0,0,0.011490697972476482,ppg_dalia,32.05765247694217,ppg_dalia-S7-e1,0,conflict_timing,19.19527962990105,0,0,0,3466,7006.0,B1,1364,0,1,1,1,2,0,0.0014859698712825775,test,S7,1,0,0,0,1,1,channel_fault
0,1,2,0,ppg_dalia-S7-e1-channel_fault-c0-B2,0,1,0,0,0,0,0,0.05323220510035753,ppg_dalia,37.93451473885216,ppg_dalia-S7-e1,0,conflict_timing,19.305568072013557,0,0,0,3466,7006.0,B2,1364,0,1,1,1,2,0,0.005418519955128431,test,S7,1,0,0,0,1,1,channel_fault
0,1,2,0,ppg_dalia-S7-e1-channel_fault-c0-B3,0,1,0,0,0,0,0,0.011260922998189926,ppg_dalia,41.65936064906418,ppg_dalia-S7-e1,0,conflict_timing,19.35626158909872,0,0,0,3466,7006.0,B3,1364,0,1,1,1,2,0,0.0015024300664663315,test,S7,1,0,0,0,1,1,channel_fault
0,1,2,0,ppg_dalia-S7-e1-channel_fault-c0-M1,0,1,0,0,0,0,0,0.05346660106442869,ppg_dalia,39.051673899171874,ppg_dalia-S7-e1,0,conflict_timing,19.428593206917867,0,0,0,3466,7006.0,M1,1364,0,1,1,1,2,0,0.005522658117115498,test,S7,1,0,0,0,1,1,channel_fault
0,1,2,1,ppg_dalia-S7-e1-channel_fault-c1-B0,1,3,2,0,0,0,1,0.007828250993043184,ppg_dalia,47.513543370878324,ppg_dalia-S7-e1,0,conflict_timing,9.666404906893149,0,0,2,1459,7036.0,B0,690,0,0,4,0,2,1,0.002886161906644702,test,S7,1,0,0,0,1,1,channel_fault
0,1,2,0,ppg_dalia-S7-e1-channel_fault-c1-B1,1,1,0,0,1,1,1,0.02948315511457622,ppg_dalia,58.5989226619713,ppg_dalia-S7-e1,0,conflict_timing,19.411125132115558,0,0,0,3638,7036.0,B1,1380,0,1,1,1,2,0,0.002837202977389097,test,S7,1,0,0,0,1,1,channel_fault
0,1,2,0,ppg_dalia-S7-e1-channel_fault-c1-B2,1,1,0,0,1,1,1,0.07954100403003395,ppg_dalia,62.61755114910193,ppg_dalia-S7-e1,0,conflict_timing,19.490298622986302,0,0,0,3638,7036.0,B2,1380,0,1,1,1,2,0,0.005564437014982104,test,S7,1,0,0,0,1,1,channel_fault
0,1,2,0,ppg_dalia-S7-e1-channel_fault-c1-B3,1,1,0,0,1,1,1,0.017952486872673035,ppg_dalia,66.78932217485271,ppg_dalia-S7-e1,0,conflict_timing,19.50350467604585,0,0,0,3638,7036.0,B3,1380,0,1,1,1,2,0,0.0016498570330440998,test,S7,1,0,0,0,1,1,channel_fault
0,1,2,0,ppg_dalia-S7-e1-channel_fault-c1-M1,1,1,0,0,1,1,1,0.09849201096221805,ppg_dalia,62.81325526791625,ppg_dalia-S7-e1,0,conflict_timing,19.631445751991123,0,0,0,3638,7036.0,M1,1380,0,1,1,1,2,0,0.005634996108710766,test,S7,1,0,0,0,1,1,channel_fault
0,1,2,1,ppg_dalia-S7-e1-channel_fault-c2-B0,2,3,2,0,0,0,1,0.009745283052325249,ppg_dalia,48.85485885315575,ppg_dalia-S7-e1,0,conflict_timing,9.436991780065,0,0,4,1459,7096.0,B0,674,0,0,4,0,2,1,0.004394941963255405,test,S7,1,0,1,0,1,1,channel_fault
0,1,2,0,ppg_dalia-S7-e1-channel_fault-c2-B1,2,1,0,0,1,1,1,0.03771740896627307,ppg_dalia,58.400444539962336,ppg_dalia-S7-e1,0,conflict_timing,18.97594022913836,0,0,0,3626,7096.0,B1,1348,0,1,1,1,2,0,0.0029865989927202463,test,S7,1,0,1,0,1,1,channel_fault
0,1,2,0,ppg_dalia-S7-e1-channel_fault-c2-B2,2,1,0,0,1,1,1,0.14582322514615953,ppg_dalia,60.81990919099189,ppg_dalia-S7-e1,0,conflict_timing,18.990690441103652,0,0,0,3626,7096.0,B2,1348,0,1,1,1,2,0,0.012955659069120884,test,S7,1,0,1,0,1,1,channel_fault
0,1,2,0,ppg_dalia-S7-e1-channel_fault-c2-B3,2,1,0,0,1,1,1,0.02794664609245956,ppg_dalia,67.59735511709005,ppg_dalia-S7-e1,0,conflict_timing,19.1175275510177,0,0,0,3626,7096.0,B3,1348,0,1,1,1,2,0,0.001691675977781415,test,S7,1,0,1,0,1,1,channel_fault
0,1,2,0,ppg_dalia-S7-e1-channel_fault-c2-M1,2,1,0,0,1,1,1,0.16038447199389338,ppg_dalia,60.94085142901167,ppg_dalia-S7-e1,0,conflict_timing,19.005003622034565,0,0,0,3626,7096.0,M1,1348,0,1,1,1,2,0,0.008924269117414951,test,S7,1,0,1,0,1,1,channel_fault
0,1,2,1,ppg_dalia-S7-e1-clean-c0-B0,0,3,2,0,0,0,0,0.009735683910548687,ppg_dalia,15.326339950086549,ppg_dalia-S7-e1,0,conflict_timing,9.486508079105988,0,0,0,1375,7006.0,B0,682,0,0,4,0,2,0,0.001514148898422718,test,S7,1,0,0,0,1,1,clean
0,1,2,0,ppg_dalia-S7-e1-clean-c0-B1,0,1,0,0,0,0,0,0.011759582906961441,ppg_dalia,24.95303215808235,ppg_dalia-S7-e1,0,conflict_timing,19.10981258493848,0,0,0,3466,7006.0,B1,1364,0,1,1,1,2,0,0.0015078389551490545,test,S7,1,0,0,0,1,1,clean
0,1,2,0,ppg_dalia-S7-e1-clean-c0-B2,0,1,0,0,0,0,0,0.05342146102339029,ppg_dalia,24.946024649078026,ppg_dalia-S7-e1,0,conflict_timing,19.11573705705814,0,0,0,3466,7006.0,B2,1364,0,1,1,1,2,0,0.006329832831397653,test,S7,1,0,0,0,1,1,clean
0,1,2,0,ppg_dalia-S7-e1-clean-c0-B3,0,1,0,0,0,0,0,0.011709963902831078,ppg_dalia,34.55656795296818,ppg_dalia-S7-e1,0,conflict_timing,19.358029113849625,0,0,0,3466,7006.0,B3,1364,0,1,1,1,2,0,0.0014985089655965567,test,S7,1,0,0,0,1,1,clean
0,1,2,0,ppg_dalia-S7-e1-clean-c0-M1,0,1,0,0,0,0,0,0.05242500104941428,ppg_dalia,30.294763546902686,ppg_dalia-S7-e1,0,conflict_timing,19.32935817213729,0,0,0,3466,7006.0,M1,1364,0,1,1,1,2,0,0.005364512093365192,test,S7,1,0,0,0,1,1,clean
0,1,2,1,ppg_dalia-S7-e1-clean-c1-B0,1,3,2,0,0,0,0,0.002678434830158949,ppg_dalia,44.69338472094387,ppg_dalia-S7-e1,0,conflict_timing,9.562160131055862,0,0,2,1395,7036.0,B0,686,0,0,4,0,2,0,0.0015870281495153904,test,S7,1,0,1,0,1,1,clean
0,1,2,0,ppg_dalia-S7-e1-clean-c1-B1,1,1,0,0,0,0,0,0.006554147927090526,ppg_dalia,55.03597345203161,ppg_dalia-S7-e1,0,conflict_timing,19.233808402903378,0,0,0,3509,7036.0,B1,1372,0,1,1,1,2,0,0.0015565590001642704,test,S7,1,0,1,0,1,1,clean
0,1,2,0,ppg_dalia-S7-e1-clean-c1-B2,1,1,0,0,0,0,0,0.02822869992814958,ppg_dalia,56.33121970598586,ppg_dalia-S7-e1,0,conflict_timing,19.249458714853972,0,0,0,3509,7036.0,B2,1372,0,1,1,1,2,0,0.005508249159902334,test,S7,1,0,1,0,1,1,clean
0,1,2,0,ppg_dalia-S7-e1-clean-c1-B3,1,1,0,0,0,0,0,0.007488868897780776,ppg_dalia,64.04157010279596,ppg_dalia-S7-e1,0,conflict_timing,19.420902263838798,0,0,0,3514,7036.0,B3,1380,0,1,1,1,2,0,0.0015431889332830906,test,S7,1,0,1,0,1,1,clean
0,1,2,0,ppg_dalia-S7-e1-clean-c1-M1,1,1,0,0,0,0,0,0.02603054395876825,ppg_dalia,57.81498160213232,ppg_dalia-S7-e1,0,conflict_timing,19.491378230974078,0,0,0,3514,7036.0,M1,1380,0,1,1,1,2,0,0.00605676812119782,test,S7,1,0,1,0,1,1,clean
0,1,2,1,ppg_dalia-S7-e1-clean-c2-B0,2,3,2,0,0,0,0,0.00629317294806242,ppg_dalia,45.89391603693366,ppg_dalia-S7-e1,0,conflict_timing,9.704998246859759,0,0,4,1395,7096.0,B0,686,0,0,4,0,2,0,0.0042160251177847385,test,S7,1,0,2,0,1,1,clean
0,1,2,0,ppg_dalia-S7-e1-clean-c2-B1,2,1,0,0,0,0,0,0.016007286962121725,ppg_dalia,56.9006554170046,ppg_dalia-S7-e1,0,conflict_timing,19.35385046689771,0,0,0,3509,7096.0,B1,1372,0,1,1,1,2,0,0.003331721993163228,test,S7,1,0,2,0,1,1,clean
0,1,2,0,ppg_dalia-S7-e1-clean-c2-B2,2,1,0,0,0,0,0,0.1031084880232811,ppg_dalia,59.99349986994639,ppg_dalia-S7-e1,0,conflict_timing,19.516550382832065,0,0,0,3514,7096.0,B2,1380,0,1,1,1,2,0,0.013426038902252913,test,S7,1,0,2,0,1,1,clean
0,1,2,0,ppg_dalia-S7-e1-clean-c2-B3,2,1,0,0,0,0,0,0.0125191870611161,ppg_dalia,65.15172673412599,ppg_dalia-S7-e1,0,conflict_timing,19.435018740128726,0,0,0,3509,7096.0,B3,1372,0,1,1,1,2,0,0.0022596940398216248,test,S7,1,0,2,0,1,1,clean
0,1,2,0,ppg_dalia-S7-e1-clean-c2-M1,2,1,0,0,0,0,0,0.04756384901702404,ppg_dalia,60.53001683508046,ppg_dalia-S7-e1,0,conflict_timing,19.41459566098638,0,0,0,3509,7096.0,M1,1372,0,1,1,1,2,0,0.009425109950825572,test,S7,1,0,2,0,1,1,clean
0,1,2,1,ppg_dalia-S7-e1-correction-c0-B0,0,3,2,0,0,0,0,0.009520306019112468,ppg_dalia,15.777417826931924,ppg_dalia-S7-e1,0,conflict_timing,9.56181048299186,0,0,0,1375,7006.0,B0,682,0,0,4,0,2,0,0.0015615180600434542,test,S7,1,0,0,0,1,1,correction
0,1,2,0,ppg_dalia-S7-e1-correction-c0-B1,0,1,0,0,0,0,0,0.011033005081117153,ppg_dalia,25.425493468996137,ppg_dalia-S7-e1,0,conflict_timing,19.212827424984425,0,0,0,3466,7006.0,B1,1364,0,1,1,1,2,0,0.0015058501157909632,test,S7,1,0,0,0,1,1,correction
0,1,2,0,ppg_dalia-S7-e1-correction-c0-B2,0,1,0,0,0,0,0,0.06786352605558932,ppg_dalia,27.76113830297254,ppg_dalia-S7-e1,0,conflict_timing,19.22367544309236,0,0,0,3466,7006.0,B2,1364,0,1,1,1,2,0,0.006007767049595714,test,S7,1,0,0,0,1,1,correction
0,1,2,0,ppg_dalia-S7-e1-correction-c0-B3,0,1,0,0,0,0,0,0.011021735146641731,ppg_dalia,34.93997474596836,ppg_dalia-S7-e1,0,conflict_timing,19.318628676002845,0,0,0,3466,7006.0,B3,1364,0,1,1,1,2,0,0.0014996198005974293,test,S7,1,0,0,0,1,1,correction
0,1,2,0,ppg_dalia-S7-e1-correction-c0-M1,0,1,0,0,0,0,0,0.060171222081407905,ppg_dalia,31.092768877977505,ppg_dalia-S7-e1,0,conflict_timing,19.39732130104676,0,0,0,3466,7006.0,M1,1364,0,1,1,1,2,0,0.005608945852145553,test,S7,1,0,0,0,1,1,correction
0,1,2,1,ppg_dalia-S7-e1-correction-c1-B0,1,3,2,0,0,0,1,0.006419409066438675,ppg_dalia,49.126631582155824,ppg_dalia-S7-e1,0,conflict_timing,9.693783770082518,0,0,2,1395,7036.0,B0,690,0,0,4,0,2,1,0.003975508967414498,test,S7,1,0,0,0,1,1,correction
0,1,2,0,ppg_dalia-S7-e1-correction-c1-B1,1,1,0,0,1,1,1,0.017266408074647188,ppg_dalia,59.95390979992226,ppg_dalia-S7-e1,0,conflict_timing,19.41963780601509,0,0,0,3510,7036.0,B1,1380,0,1,1,1,2,0,0.0039554990362375975,test,S7,1,0,0,0,1,1,correction
0,1,2,0,ppg_dalia-S7-e1-correction-c1-B2,1,1,0,0,1,1,1,0.056332961190491915,ppg_dalia,61.26789154508151,ppg_dalia-S7-e1,0,conflict_timing,19.48761261999607,0,0,0,3510,7036.0,B2,1380,0,1,1,1,2,0,0.009033526061102748,test,S7,1,0,0,0,1,1,correction
0,1,2,0,ppg_dalia-S7-e1-correction-c1-B3,1,1,0,0,1,1,1,0.007910047890618443,ppg_dalia,67.45786784100346,ppg_dalia-S7-e1,0,conflict_timing,18.4825596222654,0,0,0,3485,7036.0,B3,1304,0,1,1,1,2,0,0.001581478165462613,test,S7,1,0,0,0,1,1,correction
0,1,2,0,ppg_dalia-S7-e1-correction-c1-M1,1,1,0,0,1,1,1,0.04511785018257797,ppg_dalia,65.619494413957,ppg_dalia-S7-e1,0,conflict_timing,18.621468309080228,0,0,0,3485,7036.0,M1,1304,0,1,1,1,2,0,0.009312180103734136,test,S7,1,0,0,0,1,1,correction
0,1,2,1,ppg_dalia-S7-e1-correction-c2-B0,2,3,2,0,0,0,1,0.002919319784268737,ppg_dalia,47.594614495988935,ppg_dalia-S7-e1,0,conflict_timing,9.674276317935437,0,0,4,1395,7096.0,B0,686,0,0,4,0,2,1,0.0016611660830676556,test,S7,1,0,1,0,1,1,correction
0,1,2,0,ppg_dalia-S7-e1-correction-c2-B1,2,1,0,0,1,1,1,0.00859081489033997,ppg_dalia,59.16983660496771,ppg_dalia-S7-e1,0,conflict_timing,19.358821665868163,0,0,0,3509,7096.0,B1,1372,0,1,1,1,2,0,0.0016374669503420591,test,S7,1,0,1,0,1,1,correction
0,1,2,0,ppg_dalia-S7-e1-correction-c2-B2,2,1,0,0,1,1,1,0.06962381000630558,ppg_dalia,60.611516244011,ppg_dalia-S7-e1,0,conflict_timing,19.520175613928586,0,0,0,3514,7096.0,B2,1380,0,1,1,1,2,0,0.006229742895811796,test,S7,1,0,1,0,1,1,correction
0,1,2,0,ppg_dalia-S7-e1-correction-c2-B3,2,1,0,0,1,1,1,0.007989516947418451,ppg_dalia,68.16444471804425,ppg_dalia-S7-e1,0,conflict_timing,19.448095875093713,0,0,0,3509,7096.0,B3,1372,0,1,1,1,2,0,0.0016347758937627077,test,S7,1,0,1,0,1,1,correction
0,1,2,0,ppg_dalia-S7-e1-correction-c2-M1,2,1,0,0,1,1,1,0.03576790005899966,ppg_dalia,66.97087719594128,ppg_dalia-S7-e1,0,conflict_timing,19.45462743099779,0,0,0,3509,7096.0,M1,1372,0,1,1,1,2,0,0.006066987058147788,test,S7,1,0,1,0,1,1,correction
0,0,0,1,ppg_dalia-S7-e1-delayed-c0-B0,0,3,3,0,0,0,0,0.00871659186668694,ppg_dalia,46.669227689970285,ppg_dalia-S7-e1,0,conflict_timing,7.784012543037534,0,0,0,1272,7006.0,B0,549,0,0,4,0,2,0,0.0015118790324777365,test,S7,0,0,0,0,0,0,delayed
1,0,0,0,ppg_dalia-S7-e1-delayed-c0-B1,0,0,0,0,0,0,0,0.010699801845476031,ppg_dalia,61.79068718710914,ppg_dalia-S7-e1,0,conflict_timing,15.410365606890991,0,0,0,3150,7006.0,B1,1098,0,0,0,1,2,0,0.0015078689903020859,test,S7,0,0,0,0,0,0,delayed
1,0,0,0,ppg_dalia-S7-e1-delayed-c0-B2,0,0,0,0,0,0,0,0.05203994712792337,ppg_dalia,61.88432551501319,ppg_dalia-S7-e1,0,conflict_timing,15.446660634828731,0,0,0,3150,7006.0,B2,1098,0,0,0,1,2,0,0.005463907960802317,test,S7,0,0,0,0,0,0,delayed
1,0,0,0,ppg_dalia-S7-e1-delayed-c0-B3,0,0,0,0,0,0,0,0.010667362017557025,ppg_dalia,62.37927881604992,ppg_dalia-S7-e1,0,conflict_timing,15.558208578033373,0,0,0,3150,7006.0,B3,1098,0,0,0,1,2,0,0.0015073600225150585,test,S7,0,0,0,0,0,0,delayed
1,0,0,0,ppg_dalia-S7-e1-delayed-c0-M1,0,0,0,0,0,0,0,0.061550053069368005,ppg_dalia,62.05061920895241,ppg_dalia-S7-e1,0,conflict_timing,15.455614123027772,0,0,0,3150,7006.0,M1,1098,0,0,0,1,2,0,0.00789561914280057,test,S7,0,0,0,0,0,0,delayed
0,0,0,1,ppg_dalia-S7-e1-delayed-c1-B0,1,3,3,0,0,0,0,0.002018017927184701,ppg_dalia,55.10987492301501,ppg_dalia-S7-e1,0,conflict_timing,7.720044910209253,0,0,3,1272,7036.0,B0,549,0,0,4,0,2,0,0.001593997934833169,test,S7,0,0,0,0,0,0,delayed
1,0,0,0,ppg_dalia-S7-e1-delayed-c1-B1,1,0,0,0,0,0,0,0.0037917618174105883,ppg_dalia,67.77202718984336,ppg_dalia-S7-e1,0,conflict_timing,15.494771933183074,0,0,0,3150,7036.0,B1,1098,0,0,0,1,2,0,0.0015195391606539488,test,S7,0,0,0,0,0,0,delayed
1,0,0,0,ppg_dalia-S7-e1-delayed-c1-B2,1,0,0,0,0,0,0,0.012640211964026093,ppg_dalia,67.57670256006531,ppg_dalia-S7-e1,0,conflict_timing,14.898171097040176,0,0,0,3138,7036.0,B2,1058,0,0,0,1,2,0,0.0054678579326719046,test,S7,0,0,0,0,0,0,delayed
1,0,0,0,ppg_dalia-S7-e1-delayed-c1-B3,1,0,0,0,0,0,0,0.0037179149221628904,ppg_dalia,71.6328183747828,ppg_dalia-S7-e1,0,conflict_timing,15.64097256702371,0,0,0,3150,7036.0,B3,1098,0,0,0,1,2,0,0.0015237180050462484,test,S7,0,0,0,0,0,0,delayed
1,0,0,0,ppg_dalia-S7-e1-delayed-c1-M1,1,0,0,0,0,0,0,0.011411187006160617,ppg_dalia,70.58793158689514,ppg_dalia-S7-e1,0,conflict_timing,15.494463310111314,0,0,0,3150,7036.0,M1,1098,0,0,0,1,2,0,0.005666033830493689,test,S7,0,0,0,0,0,0,delayed
0,1,2,1,ppg_dalia-S7-e1-delayed-c2-B0,2,3,2,0,0,0,0,0.005939587950706482,ppg_dalia,51.12539415387437,ppg_dalia-S7-e1,0,conflict_timing,9.725989466998726,0,0,6,1375,7096.0,B0,690,0,0,4,0,2,0,0.004099916899576783,test,S7,1,0,0,0,1,1,delayed
0,1,2,0,ppg_dalia-S7-e1-delayed-c2-B1,2,1,0,0,0,0,0,0.009906508028507233,ppg_dalia,65.11283037415706,ppg_dalia-S7-e1,0,conflict_timing,19.507759884931147,0,0,0,3474,7096.0,B1,1380,0,1,1,1,2,0,0.003794671967625618,test,S7,1,0,0,0,1,1,delayed
0,1,2,0,ppg_dalia-S7-e1-delayed-c2-B2,2,1,0,0,0,0,0,0.02544652996584773,ppg_dalia,66.14247282082215,ppg_dalia-S7-e1,0,conflict_timing,19.473426557146013,0,0,0,3474,7096.0,B2,1380,0,1,1,1,2,0,0.009430628037080169,test,S7,1,0,0,0,1,1,delayed
0,1,2,0,ppg_dalia-S7-e1-delayed-c2-B3,2,1,0,0,0,0,0,0.005001367069780827,ppg_dalia,70.14846965903416,ppg_dalia-S7-e1,0,conflict_timing,19.109844272956252,0,0,0,3474,7096.0,B3,1380,0,1,1,1,2,0,0.001523809041827917,test,S7,1,0,0,0,1,1,delayed
0,1,2,0,ppg_dalia-S7-e1-delayed-c2-M1,2,1,0,0,0,0,0,0.024046848993748426,ppg_dalia,67.22078609396704,ppg_dalia-S7-e1,0,conflict_timing,19.426115953363478,0,0,0,3474,7096.0,M1,1380,0,1,1,1,2,0,0.00818103295750916,test,S7,1,0,0,0,1,1,delayed
0,1,2,0,ppg_dalia-S9-e0-channel_fault-c0-B0,0,3,0,0,0,0,0,0.009620992932468653,ppg_dalia,13.30716148414649,ppg_dalia-S9-e0,0,revision_impact,7.6674243749585,0,0,0,1376,2141.0,B0,544,0,1,3,0,2,0,0.001516078831627965,test,S9,2,0,0,1,1,3,channel_fault
0,1,2,0,ppg_dalia-S9-e0-channel_fault-c0-B1,0,3,0,0,0,0,0,0.011260889936238527,ppg_dalia,13.304059946909547,ppg_dalia-S9-e0,0,revision_impact,7.659177192952484,0,0,0,1376,2141.0,B1,544,0,1,3,0,2,0,0.0014936290681362152,test,S9,2,0,0,1,1,3,channel_fault
0,1,2,0,ppg_dalia-S9-e0-channel_fault-c0-B2,0,3,0,0,0,0,0,0.06645724293775856,ppg_dalia,13.303913870127872,ppg_dalia-S9-e0,0,revision_impact,7.670279766898602,0,0,0,1376,2141.0,B2,544,0,1,3,0,2,0,0.005372409941628575,test,S9,2,0,0,1,1,3,channel_fault
0,1,2,0,ppg_dalia-S9-e0-channel_fault-c0-B3,0,3,0,0,0,0,0,0.010954766068607569,ppg_dalia,20.896881324937567,ppg_dalia-S9-e0,0,revision_impact,7.729747592005879,0,0,0,1376,2141.0,B3,544,0,1,3,0,2,0,0.0015026289038360119,test,S9,2,0,0,1,1,3,channel_fault
0,1,2,0,ppg_dalia-S9-e0-channel_fault-c0-M1,0,3,0,0,0,0,0,0.04376695607788861,ppg_dalia,18.381088430061936,ppg_dalia-S9-e0,0,revision_impact,7.68184316996485,0,0,0,1376,2141.0,M1,544,0,1,3,0,2,0,0.005286632105708122,test,S9,2,0,0,1,1,3,channel_fault
0,1,2,0,ppg_dalia-S9-e0-channel_fault-c1-B0,1,3,0,0,0,0,1,0.010249081067740917,ppg_dalia,37.51087617804296,ppg_dalia-S9-e0,0,revision_impact,7.888244603993371,0,0,0,1929,2171.0,B0,555,0,1,3,0,2,1,0.004615484969690442,test,S9,2,0,2,1,1,3,channel_fault
0,1,2,0,ppg_dalia-S9-e0-channel_fault-c1-B1,1,3,0,0,1,1,1,0.03439880697987974,ppg_dalia,37.74729574890807,ppg_dalia-S9-e0,0,revision_impact,7.799163693096489,0,0,0,1929,2171.0,B1,555,0,1,3,0,2,0,0.0017002960667014122,test,S9,2,0,2,1,1,3,channel_fault
0,1,2,0,ppg_dalia-S9-e0-channel_fault-c1-B2,1,3,0,0,1,1,1,0.06850466085597873,ppg_dalia,38.958247936097905,ppg_dalia-S9-e0,0,revision_impact,7.787643518997356,0,0,0,1929,2171.0,B2,555,0,1,3,0,2,0,0.005727762822061777,test,S9,2,0,2,1,1,3,channel_fault
0,1,2,0,ppg_dalia-S9-e0-channel_fault-c1-B3,1,3,0,0,1,1,1,0.018619349924847484,ppg_dalia,45.09096832596697,ppg_dalia-S9-e0,0,revision_impact,7.780626962892711,0,0,0,1929,2171.0,B3,555,0,1,3,0,2,0,0.00165827595628798,test,S9,2,0,2,1,1,3,channel_fault
0,1,2,0,ppg_dalia-S9-e0-channel_fault-c1-M1,1,3,0,0,1,1,1,0.06849334109574556,ppg_dalia,40.034235008992255,ppg_dalia-S9-e0,0,revision_impact,7.899773529032245,0,0,0,1929,2171.0,M1,555,0,1,3,0,2,0,0.005692454054951668,test,S9,2,0,2,1,1,3,channel_fault
0,1,2,0,ppg_dalia-S9-e0-channel_fault-c2-B0,2,3,0,0,0,0,1,0.004379479913040996,ppg_dalia,36.26457742298953,ppg_dalia-S9-e0,0,revision_impact,7.858823424903676,0,0,0,1940,2231.0,B0,556,0,1,3,0,2,1,0.0017302550841122866,test,S9,2,0,5,1,1,3,channel_fault
0,1,2,0,ppg_dalia-S9-e0-channel_fault-c2-B1,2,3,0,0,1,1,1,0.01895879302173853,ppg_dalia,36.66360801295377,ppg_dalia-S9-e0,0,revision_impact,7.778410576982424,0,0,0,1940,2231.0,B1,556,0,1,3,0,2,0,0.0018033930100500584,test,S9,2,0,5,1,1,3,channel_fault
0,1,2,0,ppg_dalia-S9-e0-channel_fault-c2-B2,2,3,0,0,1,1,1,0.08997522201389074,ppg_dalia,36.773689394816756,ppg_dalia-S9-e0,0,revision_impact,7.813487870851532,0,0,0,1940,2231.0,B2,556,0,1,3,0,2,0,0.006186852930113673,test,S9,2,0,5,1,1,3,channel_fault
0,1,2,0,ppg_dalia-S9-e0-channel_fault-c2-B3,2,3,0,0,1,1,1,0.021503141149878502,ppg_dalia,43.79909200198017,ppg_dalia-S9-e0,0,revision_impact,7.8383491730783135,0,0,0,1940,2231.0,B3,556,0,1,3,0,2,0,0.0017917940858751535,test,S9,2,0,5,1,1,3,channel_fault
0,1,2,0,ppg_dalia-S9-e0-channel_fault-c2-M1,2,3,0,0,1,1,1,0.17552375490777194,ppg_dalia,37.81363338395022,ppg_dalia-S9-e0,0,revision_impact,7.831561782164499,0,0,0,1940,2231.0,M1,556,0,1,3,0,2,0,0.009773779893293977,test,S9,2,0,5,1,1,3,channel_fault
0,1,2,0,ppg_dalia-S9-e0-clean-c0-B0,0,3,0,0,0,0,0,0.010159945115447044,ppg_dalia,16.016954372869805,ppg_dalia-S9-e0,0,revision_impact,7.643170664086938,0,0,0,1376,2141.0,B0,544,0,1,3,0,2,0,0.0015089691150933504,test,S9,2,0,0,1,1,3,clean
0,1,2,0,ppg_dalia-S9-e0-clean-c0-B1,0,3,0,0,0,0,0,0.011236613150686026,ppg_dalia,16.008000534027815,ppg_dalia-S9-e0,0,revision_impact,7.644664542982355,0,0,0,1376,2141.0,B1,544,0,1,3,0,2,0,0.0015058389399200678,test,S9,2,0,0,1,1,3,clean
0,1,2,0,ppg_dalia-S9-e0-clean-c0-B2,0,3,0,0,0,0,0,0.05218133586458862,ppg_dalia,15.97702553984709,ppg_dalia-S9-e0,0,revision_impact,7.623301475076005,0,0,0,1376,2141.0,B2,544,0,1,3,0,2,0,0.0052996729500591755,test,S9,2,0,0,1,1,3,clean
0,1,2,0,ppg_dalia-S9-e0-clean-c0-B3,0,3,0,0,0,0,0,0.01114861504174769,ppg_dalia,23.55868149502203,ppg_dalia-S9-e0,0,revision_impact,7.675104138907045,0,0,0,1376,2141.0,B3,544,0,1,3,0,2,0,0.0015158988535404205,test,S9,2,0,0,1,1,3,clean
0,1,2,0,ppg_dalia-S9-e0-clean-c0-M1,0,3,0,0,0,0,0,0.050483930157497525,ppg_dalia,23.606064178980887,ppg_dalia-S9-e0,0,revision_impact,7.673459592042491,0,0,0,1376,2141.0,M1,544,0,1,3,0,2,0,0.005858292104676366,test,S9,2,0,0,1,1,3,clean
0,1,2,0,ppg_dalia-S9-e0-clean-c1-B0,1,3,0,0,0,0,0,0.0026079879608005285,ppg_dalia,37.319428140996024,ppg_dalia-S9-e0,0,revision_impact,7.724929372081533,0,0,0,1865,2171.0,B0,544,0,1,3,0,2,0,0.0016262570861727,test,S9,2,0,3,1,1,3,clean
0,1,2,0,ppg_dalia-S9-e0-clean-c1-B1,1,3,0,0,0,0,0,0.006669885013252497,ppg_dalia,37.32622925378382,ppg_dalia-S9-e0,0,revision_impact,7.735520608955994,0,0,0,1865,2171.0,B1,544,0,1,3,0,2,0,0.0015831978525966406,test,S9,2,0,3,1,1,3,clean
0,1,2,0,ppg_dalia-S9-e0-clean-c1-B2,1,3,0,0,0,0,0,0.025649521965533495,ppg_dalia,37.69231402105652,ppg_dalia-S9-e0,0,revision_impact,7.661366416141391,0,0,0,1865,2171.0,B2,544,0,1,3,0,2,0,0.005474898964166641,test,S9,2,0,3,1,1,3,clean
0,1,2,0,ppg_dalia-S9-e0-clean-c1-B3,1,3,0,0,0,0,0,0.007498268969357014,ppg_dalia,44.89453004789539,ppg_dalia-S9-e0,0,revision_impact,7.650435636984184,0,0,0,1865,2171.0,B3,544,0,1,3,0,2,0,0.0015795580111443996,test,S9,2,0,3,1,1,3,clean
0,1,2,0,ppg_dalia-S9-e0-clean-c1-M1,1,3,0,0,0,0,0,0.02836120710708201,ppg_dalia,43.93394131702371,ppg_dalia-S9-e0,0,revision_impact,8.03389878408052,0,0,0,1865,2171.0,M1,544,0,1,3,0,2,0,0.005500668892636895,test,S9,2,0,3,1,1,3,clean
0,1,2,0,ppg_dalia-S9-e0-clean-c2-B0,2,3,0,0,0,0,0,0.0026981148403137922,ppg_dalia,48.83294153702445,ppg_dalia-S9-e0,0,revision_impact,7.754826067946851,0,0,0,1865,2231.0,B0,544,0,1,3,0,2,0,0.0016724159941077232,test,S9,2,0,6,1,1,3,clean
0,1,2,0,ppg_dalia-S9-e0-clean-c2-B1,2,3,0,0,0,0,0,0.007126985816285014,ppg_dalia,48.93035254999995,ppg_dalia-S9-e0,0,revision_impact,7.6905294770840555,0,0,0,1865,2231.0,B1,544,0,1,3,0,2,0,0.0016749571077525616,test,S9,2,0,6,1,1,3,clean
0,1,2,0,ppg_dalia-S9-e0-clean-c2-B2,2,3,0,0,0,0,0,0.031028164085000753,ppg_dalia,50.20180366304703,ppg_dalia-S9-e0,0,revision_impact,7.731955009978265,0,0,0,1865,2231.0,B2,544,0,1,3,0,2,0,0.0058372418861836195,test,S9,2,0,6,1,1,3,clean
0,1,2,0,ppg_dalia-S9-e0-clean-c2-B3,2,3,0,0,0,0,0,0.00803886796347797,ppg_dalia,56.43799703987315,ppg_dalia-S9-e0,0,revision_impact,7.694893589010462,0,0,0,1865,2231.0,B3,544,0,1,3,0,2,0,0.0016494269948452711,test,S9,2,0,6,1,1,3,clean
0,1,2,0,ppg_dalia-S9-e0-clean-c2-M1,2,3,0,0,0,0,0,0.03810391994193196,ppg_dalia,55.73721944098361,ppg_dalia-S9-e0,0,revision_impact,7.706360307056457,0,0,0,1865,2231.0,M1,544,0,1,3,0,2,0,0.006375942146405578,test,S9,2,0,6,1,1,3,clean
0,1,2,0,ppg_dalia-S9-e0-correction-c0-B0,0,3,0,0,0,0,0,0.017572176177054644,ppg_dalia,35.82334655895829,ppg_dalia-S9-e0,0,revision_impact,7.675955385901034,0,0,0,1376,2141.0,B0,544,0,1,3,0,2,0,0.0014938199892640114,test,S9,2,0,0,1,1,3,correction
0,1,2,0,ppg_dalia-S9-e0-correction-c0-B1,0,3,0,0,0,0,0,0.011150815058499575,ppg_dalia,35.79730707406998,ppg_dalia-S9-e0,0,revision_impact,7.665496316039935,0,0,0,1376,2141.0,B1,544,0,1,3,0,2,0,0.0014918900560587645,test,S9,2,0,0,1,1,3,correction
0,1,2,0,ppg_dalia-S9-e0-correction-c0-B2,0,3,0,0,0,0,0,0.042750578839331865,ppg_dalia,41.532193194841966,ppg_dalia-S9-e0,0,revision_impact,7.644001877866685,0,0,0,1376,2141.0,B2,544,0,1,3,0,2,0,0.005214695120230317,test,S9,2,0,0,1,1,3,correction
0,1,2,0,ppg_dalia-S9-e0-correction-c0-B3,0,3,0,0,0,0,0,0.010891091078519821,ppg_dalia,43.43343539093621,ppg_dalia-S9-e0,0,revision_impact,7.727446587989107,0,0,0,1376,2141.0,B3,544,0,1,3,0,2,0,0.0014980591367930174,test,S9,2,0,0,1,1,3,correction
0,1,2,0,ppg_dalia-S9-e0-correction-c0-M1,0,3,0,0,0,0,0,0.03684471803717315,ppg_dalia,43.48342638392933,ppg_dalia-S9-e0,0,revision_impact,7.738367796875536,0,0,0,1376,2141.0,M1,544,0,1,3,0,2,0,0.005204375134781003,test,S9,2,0,0,1,1,3,correction
0,1,2,0,ppg_dalia-S9-e0-correction-c1-B0,1,3,0,0,0,0,1,0.007008268963545561,ppg_dalia,40.16517381486483,ppg_dalia-S9-e0,0,revision_impact,7.8436011569574475,0,0,0,1865,2171.0,B0,544,0,1,3,0,2,1,0.0036332171875983477,test,S9,2,0,2,1,1,3,correction
0,1,2,0,ppg_dalia-S9-e0-correction-c1-B1,1,3,0,0,1,1,1,0.011005277978256345,ppg_dalia,41.77964943903498,ppg_dalia-S9-e0,0,revision_impact,7.748117070877925,0,0,0,1865,2171.0,B1,544,0,1,3,0,2,0,0.0016315968241542578,test,S9,2,0,2,1,1,3,correction
0,1,2,0,ppg_dalia-S9-e0-correction-c1-B2,1,3,0,0,1,1,1,0.03189977700822055,ppg_dalia,45.955949591007084,ppg_dalia-S9-e0,0,revision_impact,7.744445635005832,0,0,0,1865,2171.0,B2,544,0,1,3,0,2,0,0.005801002960652113,test,S9,2,0,2,1,1,3,correction
0,1,2,0,ppg_dalia-S9-e0-correction-c1-B3,1,3,0,0,1,1,1,0.00840280088596046,ppg_dalia,49.261179242050275,ppg_dalia-S9-e0,0,revision_impact,7.856213443912566,0,0,0,1865,2171.0,B3,544,0,1,3,0,2,0,0.0016414769925177097,test,S9,2,0,2,1,1,3,correction
0,1,2,0,ppg_dalia-S9-e0-correction-c1-M1,1,3,0,0,1,1,1,0.04231234802864492,ppg_dalia,47.84030225686729,ppg_dalia-S9-e0,0,revision_impact,7.732280409894884,0,0,0,1865,2171.0,M1,544,0,1,3,0,2,0,0.006590317003428936,test,S9,2,0,2,1,1,3,correction
0,1,2,0,ppg_dalia-S9-e0-correction-c2-B0,2,3,0,0,0,0,1,0.002848142059519887,ppg_dalia,56.313408533111215,ppg_dalia-S9-e0,0,revision_impact,7.914384511997923,0,0,0,1865,2231.0,B0,555,0,1,3,0,2,1,0.001698576146736741,test,S9,2,0,5,1,1,3,correction
0,1,2,0,ppg_dalia-S9-e0-correction-c2-B1,2,3,0,0,1,1,1,0.00789595115929842,ppg_dalia,57.979311041068286,ppg_dalia-S9-e0,0,revision_impact,7.846799922874197,0,0,0,1865,2231.0,B1,555,0,1,3,0,2,0,0.0017122260760515928,test,S9,2,0,5,1,1,3,correction
0,1,2,0,ppg_dalia-S9-e0-correction-c2-B2,2,3,0,0,1,1,1,0.04067243984900415,ppg_dalia,61.020112538011745,ppg_dalia-S9-e0,0,revision_impact,7.8530561667867005,0,0,0,1865,2231.0,B2,555,0,1,3,0,2,0,0.005928191123530269,test,S9,2,0,5,1,1,3,correction
0,1,2,0,ppg_dalia-S9-e0-correction-c2-B3,2,3,0,0,1,1,1,0.00858003692701459,ppg_dalia,64.97786119300872,ppg_dalia-S9-e0,0,revision_impact,7.854431988904253,0,0,0,1865,2231.0,B3,555,0,1,3,0,2,0,0.0016818761359900236,test,S9,2,0,5,1,1,3,correction
0,1,2,0,ppg_dalia-S9-e0-correction-c2-M1,2,3,0,0,1,1,1,0.04269328014925122,ppg_dalia,64.09921766491607,ppg_dalia-S9-e0,0,revision_impact,7.840948740951717,0,0,0,1865,2231.0,M1,555,0,1,3,0,2,0,0.005901190917938948,test,S9,2,0,5,1,1,3,correction
0,0,1,1,ppg_dalia-S9-e0-delayed-c0-B0,0,3,1,0,0,0,0,0.009360241005197167,ppg_dalia,15.063704342814162,ppg_dalia-S9-e0,0,revision_impact,7.527176966192201,0,0,0,1272,2141.0,B0,541,0,1,3,0,2,0,0.001485080923885107,test,S9,1,0,0,1,1,2,delayed
0,0,1,0,ppg_dalia-S9-e0-delayed-c0-B1,0,2,0,0,0,0,0,0.011503538116812706,ppg_dalia,22.66669041896239,ppg_dalia-S9-e0,0,revision_impact,15.125876316800714,0,0,0,3111,2141.0,B1,1082,0,1,2,1,2,0,0.0014967999886721373,test,S9,1,0,0,1,1,2,delayed
0,0,1,0,ppg_dalia-S9-e0-delayed-c0-B2,0,2,0,0,0,0,0,0.05488997092470527,ppg_dalia,22.661730797961354,ppg_dalia-S9-e0,0,revision_impact,15.13372235908173,0,0,0,3111,2141.0,B2,1082,0,1,2,1,2,0,0.0053834919817745686,test,S9,1,0,0,1,1,2,delayed
0,0,1,0,ppg_dalia-S9-e0-delayed-c0-B3,0,2,0,0,0,0,0,0.011432158993557096,ppg_dalia,30.150970441056415,ppg_dalia-S9-e0,0,revision_impact,15.23044546507299,0,0,0,3111,2141.0,B3,1082,0,1,2,1,2,0,0.0014960700646042824,test,S9,1,0,0,1,1,2,delayed
0,0,1,0,ppg_dalia-S9-e0-delayed-c0-M1,0,2,0,0,0,0,0,0.0598940399941057,ppg_dalia,30.008334131212905,ppg_dalia-S9-e0,0,revision_impact,15.320295970886946,0,0,0,3111,2141.0,M1,1082,0,1,2,1,2,0,0.00788372103124857,test,S9,1,0,0,1,1,2,delayed
0,0,1,1,ppg_dalia-S9-e0-delayed-c1-B0,1,3,1,0,0,0,0,0.0020296690054237843,ppg_dalia,47.81192492390983,ppg_dalia-S9-e0,0,revision_impact,7.593348579946905,0,0,1,1738,2171.0,B0,541,0,1,3,0,2,0,0.0016368969809263945,test,S9,1,0,2,1,1,2,delayed
0,0,1,0,ppg_dalia-S9-e0-delayed-c1-B1,1,2,0,0,0,0,0,0.0038064331747591496,ppg_dalia,55.762375767109916,ppg_dalia-S9-e0,0,revision_impact,15.226034058025107,0,0,0,4043,2171.0,B1,1082,0,1,2,1,2,0,0.0015809780452400446,test,S9,1,0,2,1,1,2,delayed
0,0,1,0,ppg_dalia-S9-e0-delayed-c1-B2,1,2,0,0,0,0,0,0.012553337030112743,ppg_dalia,58.0459788790904,ppg_dalia-S9-e0,0,revision_impact,15.313038168940693,0,0,0,4043,2171.0,B2,1082,0,1,2,1,2,0,0.005530908005312085,test,S9,1,0,2,1,1,2,delayed
0,0,1,0,ppg_dalia-S9-e0-delayed-c1-B3,1,2,0,0,0,0,0,0.003837303025647998,ppg_dalia,63.1116715290118,ppg_dalia-S9-e0,0,revision_impact,15.33776207594201,0,0,0,4043,2171.0,B3,1082,0,1,2,1,2,0,0.0015704079996794462,test,S9,1,0,2,1,1,2,delayed
0,0,1,0,ppg_dalia-S9-e0-delayed-c1-M1,1,2,0,0,0,0,0,0.011930039152503014,ppg_dalia,60.50251647620462,ppg_dalia-S9-e0,0,revision_impact,15.479253807105124,0,0,0,4043,2171.0,M1,1082,0,1,2,1,2,0,0.005552398040890694,test,S9,1,0,2,1,1,2,delayed
0,1,2,0,ppg_dalia-S9-e0-delayed-c2-B0,2,3,0,0,0,0,0,0.0028814920224249363,ppg_dalia,47.90476102405228,ppg_dalia-S9-e0,0,revision_impact,7.613402835093439,0,0,2,1842,2231.0,B0,541,0,1,3,0,2,0,0.0016699559055268764,test,S9,2,0,4,1,1,3,delayed
0,1,2,0,ppg_dalia-S9-e0-delayed-c2-B1,2,3,0,0,0,0,0,0.004731425084173679,ppg_dalia,50.11550750816241,ppg_dalia-S9-e0,0,revision_impact,7.558820638107136,0,0,0,1842,2231.0,B1,541,0,1,3,0,2,0,0.0016466060187667608,test,S9,2,0,4,1,1,3,delayed
0,1,2,0,ppg_dalia-S9-e0-delayed-c2-B2,2,3,0,0,0,0,0,0.018201992148533463,ppg_dalia,50.309631386073306,ppg_dalia-S9-e0,0,revision_impact,7.620247868122533,0,0,0,1842,2231.0,B2,541,0,1,3,0,2,0,0.006052767857909203,test,S9,2,0,4,1,1,3,delayed
0,1,2,0,ppg_dalia-S9-e0-delayed-c2-B3,2,3,0,0,0,0,0,0.004836642881855369,ppg_dalia,55.48799300985411,ppg_dalia-S9-e0,0,revision_impact,7.636415970977396,0,0,0,1842,2231.0,B3,541,0,1,3,0,2,0,0.0016534160822629929,test,S9,2,0,4,1,1,3,delayed
0,1,2,0,ppg_dalia-S9-e0-delayed-c2-M1,2,3,0,0,0,0,0,0.016225741943344474,ppg_dalia,51.55909972614609,ppg_dalia-S9-e0,0,revision_impact,7.639126976020634,0,0,0,1842,2231.0,M1,541,0,1,3,0,2,0,0.005856852047145367,test,S9,2,0,4,1,1,3,delayed
0,1,2,1,ppg_dalia-S9-e1-channel_fault-c0-B0,0,3,2,0,0,0,0,0.009313099784776568,ppg_dalia,40.39861827995628,ppg_dalia-S9-e1,0,current_evidence,8.541725566843525,0,0,0,1369,6421.0,B0,598,0,0,4,0,2,0,0.0014789099805057049,test,S9,1,0,0,0,1,1,channel_fault
0,1,2,0,ppg_dalia-S9-e1-channel_fault-c0-B1,0,1,0,0,0,0,0,0.019857526058331132,ppg_dalia,47.75267611001618,ppg_dalia-S9-e1,0,current_evidence,15.888653672067448,0,0,0,3333,6421.0,B1,1128,0,1,1,1,2,0,0.0014878991059958935,test,S9,1,0,0,0,1,1,channel_fault
0,1,2,0,ppg_dalia-S9-e1-channel_fault-c0-B2,0,1,0,0,0,0,0,0.0760676299687475,ppg_dalia,47.733496710890904,ppg_dalia-S9-e1,0,current_evidence,15.883964807959273,0,0,0,3333,6421.0,B2,1128,0,1,1,1,2,0,0.008676833007484674,test,S9,1,0,0,0,1,1,channel_fault
0,1,2,0,ppg_dalia-S9-e1-channel_fault-c0-B3,0,1,0,0,0,0,0,0.014695851132273674,ppg_dalia,56.01449687895365,ppg_dalia-S9-e1,0,current_evidence,15.812888116110116,0,0,0,3333,6421.0,B3,1128,0,1,1,1,2,0,0.0014877289067953825,test,S9,1,0,0,0,1,1,channel_fault
0,1,2,0,ppg_dalia-S9-e1-channel_fault-c0-M1,0,1,0,0,0,0,0,0.07515367888845503,ppg_dalia,56.08780132513493,ppg_dalia-S9-e1,0,current_evidence,16.062764616217464,0,0,0,3333,6421.0,M1,1128,0,1,1,1,2,0,0.008571524871513247,test,S9,1,0,0,0,1,1,channel_fault
0,1,2,1,ppg_dalia-S9-e1-channel_fault-c1-B0,1,3,2,0,0,0,1,0.005196713842451572,ppg_dalia,59.334886038908735,ppg_dalia-S9-e1,0,current_evidence,8.005376933142543,0,0,2,1453,6451.0,B0,565,0,0,4,0,2,1,0.0016181271057575941,test,S9,1,0,0,0,1,1,channel_fault
0,1,2,0,ppg_dalia-S9-e1-channel_fault-c1-B1,1,1,0,0,1,1,1,0.0164072560146451,ppg_dalia,67.30136029399,ppg_dalia-S9-e1,0,current_evidence,15.973207470029593,0,0,0,3514,6451.0,B1,1130,0,1,1,1,2,0,0.0016398560255765915,test,S9,1,0,0,0,1,1,channel_fault
0,1,2,0,ppg_dalia-S9-e1-channel_fault-c1-B2,1,1,0,0,1,1,1,0.08830029098317027,ppg_dalia,68.69592466508038,ppg_dalia-S9-e1,0,current_evidence,15.960241944063455,0,0,0,3514,6451.0,B2,1130,0,1,1,1,2,0,0.005805222084745765,test,S9,1,0,0,0,1,1,channel_fault
0,1,2,0,ppg_dalia-S9-e1-channel_fault-c1-B3,1,1,0,0,1,1,1,0.01767318998463452,ppg_dalia,75.13450065511279,ppg_dalia-S9-e1,0,current_evidence,16.013569436967373,0,0,0,3514,6451.0,B3,1130,0,1,1,1,2,0,0.001607266953215003,test,S9,1,0,0,0,1,1,channel_fault
0,1,2,0,ppg_dalia-S9-e1-channel_fault-c1-M1,1,1,0,0,1,1,1,0.09380044904537499,ppg_dalia,74.59842790500261,ppg_dalia-S9-e1,0,current_evidence,16.308959010988474,0,0,0,3514,6451.0,M1,1130,0,1,1,1,2,0,0.005768301896750927,test,S9,1,0,0,0,1,1,channel_fault
0,1,2,1,ppg_dalia-S9-e1-channel_fault-c2-B0,2,3,2,0,0,0,1,0.00473274290561676,ppg_dalia,52.419239548034966,ppg_dalia-S9-e1,0,current_evidence,8.44634511996992,0,0,4,1453,6511.0,B0,597,0,0,4,0,2,1,0.0017368649132549763,test,S9,1,0,1,0,1,1,channel_fault
0,1,2,0,ppg_dalia-S9-e1-channel_fault-c2-B1,2,1,0,0,1,1,1,0.018173049902543426,ppg_dalia,61.16474900301546,ppg_dalia-S9-e1,0,current_evidence,16.7965508189518,0,0,0,3537,6511.0,B1,1194,0,1,1,1,2,0,0.0017243849579244852,test,S9,1,0,1,0,1,1,channel_fault
0,1,2,0,ppg_dalia-S9-e1-channel_fault-c2-B2,2,1,0,0,1,1,1,0.10883799195289612,ppg_dalia,62.830377262085676,ppg_dalia-S9-e1,0,current_evidence,16.872915372950956,0,0,0,3537,6511.0,B2,1194,0,1,1,1,2,0,0.005984188057482243,test,S9,1,0,1,0,1,1,channel_fault
0,1,2,0,ppg_dalia-S9-e1-channel_fault-c2-B3,2,1,0,0,1,1,1,0.020083021139726043,ppg_dalia,69.05854738783091,ppg_dalia-S9-e1,0,current_evidence,16.90301794791594,0,0,0,3537,6511.0,B3,1194,0,1,1,1,2,0,0.00171719491481781,test,S9,1,0,1,0,1,1,channel_fault
0,1,2,0,ppg_dalia-S9-e1-channel_fault-c2-M1,2,1,0,0,1,1,1,0.12718728906475008,ppg_dalia,68.07973376801237,ppg_dalia-S9-e1,0,current_evidence,16.886260910192505,0,0,0,3537,6511.0,M1,1194,0,1,1,1,2,0,0.005937398876994848,test,S9,1,0,1,0,1,1,channel_fault
0,1,2,1,ppg_dalia-S9-e1-clean-c0-B0,0,3,2,0,0,0,0,0.01734429388307035,ppg_dalia,29.309491305146366,ppg_dalia-S9-e1,0,current_evidence,7.887808186002076,0,0,0,1369,6421.0,B0,562,0,0,4,0,2,0,0.0014938099775463343,test,S9,1,0,0,0,1,1,clean
0,1,2,0,ppg_dalia-S9-e1-clean-c0-B1,0,1,0,0,0,0,0,0.010963641107082367,ppg_dalia,40.033020900096744,ppg_dalia-S9-e1,0,current_evidence,15.930850206175819,0,0,0,3329,6421.0,B1,1120,0,1,1,1,2,0,0.0014938500244170427,test,S9,1,0,0,0,1,1,clean
0,1,2,0,ppg_dalia-S9-e1-clean-c0-B2,0,1,0,0,0,0,0,0.055485162883996964,ppg_dalia,42.62513082101941,ppg_dalia-S9-e1,0,current_evidence,16.05516118509695,0,0,0,3329,6421.0,B2,1120,0,1,1,1,2,0,0.0053590231109410524,test,S9,1,0,0,0,1,1,clean
0,1,2,0,ppg_dalia-S9-e1-clean-c0-B3,0,1,0,0,0,0,0,0.01623604609631002,ppg_dalia,45.08435614290647,ppg_dalia-S9-e1,0,current_evidence,15.978381387889385,0,0,0,3333,6421.0,B3,1128,0,1,1,1,2,0,0.0014972998760640621,test,S9,1,0,0,0,1,1,clean
0,1,2,0,ppg_dalia-S9-e1-clean-c0-M1,0,1,0,0,0,0,0,0.10487718693912029,ppg_dalia,42.57542741205543,ppg_dalia-S9-e1,0,current_evidence,16.066388271050528,0,0,0,3329,6421.0,M1,1120,0,1,1,1,2,0,0.011359852971509099,test,S9,1,0,0,0,1,1,clean
0,1,2,1,ppg_dalia-S9-e1-clean-c1-B0,1,3,2,0,0,0,0,0.0025841679889708757,ppg_dalia,43.121714973123744,ppg_dalia-S9-e1,0,current_evidence,7.922915525967255,0,0,2,1389,6451.0,B0,569,0,0,4,0,2,0,0.0015916789416223764,test,S9,1,0,1,0,1,1,clean
0,1,2,0,ppg_dalia-S9-e1-clean-c1-B1,1,1,0,0,0,0,0,0.006478230003267527,ppg_dalia,53.27768795285374,ppg_dalia-S9-e1,0,current_evidence,16.265021478990093,0,0,0,3381,6451.0,B1,1145,0,1,1,1,2,0,0.0015811689663678408,test,S9,1,0,1,0,1,1,clean
0,1,2,0,ppg_dalia-S9-e1-clean-c1-B2,1,1,0,0,0,0,0,0.028749696211889386,ppg_dalia,53.50066037499346,ppg_dalia-S9-e1,0,current_evidence,15.967390187084675,0,0,0,3379,6451.0,B2,1141,0,1,1,1,2,0,0.005481390981003642,test,S9,1,0,1,0,1,1,clean
0,1,2,0,ppg_dalia-S9-e1-clean-c1-B3,1,1,0,0,0,0,0,0.0069528811145573854,ppg_dalia,59.126614891923964,ppg_dalia-S9-e1,0,current_evidence,16.081418382003903,0,0,0,3379,6451.0,B3,1141,0,1,1,1,2,0,0.0015875380486249924,test,S9,1,0,1,0,1,1,clean
0,1,2,0,ppg_dalia-S9-e1-clean-c1-M1,1,1,0,0,0,0,0,0.0303449141792953,ppg_dalia,55.771664331899956,ppg_dalia-S9-e1,0,current_evidence,16.058420381043106,0,0,0,3370,6451.0,M1,1134,0,1,1,1,2,0,0.005503140157088637,test,S9,1,0,1,0,1,1,clean
0,1,2,1,ppg_dalia-S9-e1-clean-c2-B0,2,3,2,0,0,0,0,0.0040232890751212835,ppg_dalia,37.67349060997367,ppg_dalia-S9-e1,0,current_evidence,7.782997037982568,0,0,4,1389,6511.0,B0,559,0,0,4,0,2,0,0.0017304657958447933,test,S9,1,0,2,0,1,1,clean
0,1,2,0,ppg_dalia-S9-e1-clean-c2-B1,2,1,0,0,0,0,0,0.011685686884447932,ppg_dalia,46.680223691044375,ppg_dalia-S9-e1,0,current_evidence,15.600098815048113,0,0,0,3368,6511.0,B1,1118,0,1,1,1,2,0,0.00159178813919425,test,S9,1,0,2,0,1,1,clean
0,1,2,0,ppg_dalia-S9-e1-clean-c2-B2,2,1,0,0,0,0,0,0.03789370390586555,ppg_dalia,48.2217056050431,ppg_dalia-S9-e1,0,current_evidence,15.652000539936125,0,0,0,3368,6511.0,B2,1118,0,1,1,1,2,0,0.006033390061929822,test,S9,1,0,2,0,1,1,clean
0,1,2,0,ppg_dalia-S9-e1-clean-c2-B3,2,1,0,0,0,0,0,0.007313483860343695,ppg_dalia,53.287689653923735,ppg_dalia-S9-e1,0,current_evidence,15.71291213389486,0,0,0,3368,6511.0,B3,1118,0,1,1,1,2,0,0.0015864481683820486,test,S9,1,0,2,0,1,1,clean
0,1,2,0,ppg_dalia-S9-e1-clean-c2-M1,2,1,0,0,0,0,0,0.037743405904620886,ppg_dalia,49.07223326410167,ppg_dalia-S9-e1,0,current_evidence,15.670813193777576,0,0,0,3368,6511.0,M1,1118,0,1,1,1,2,0,0.005609759129583836,test,S9,1,0,2,0,1,1,clean
0,1,2,1,ppg_dalia-S9-e1-correction-c0-B0,0,3,2,0,0,0,0,0.009483905974775553,ppg_dalia,33.388731722021475,ppg_dalia-S9-e1,0,current_evidence,7.9722601131070405,0,0,0,1369,6421.0,B0,564,0,0,4,0,2,0,0.001522909151390195,test,S9,1,0,0,0,1,1,correction
0,1,2,0,ppg_dalia-S9-e1-correction-c0-B1,0,1,0,0,0,0,0,0.018595329951494932,ppg_dalia,41.24110264098272,ppg_dalia-S9-e1,0,current_evidence,15.817983357002959,0,0,0,3329,6421.0,B1,1120,0,1,1,1,2,0,0.0014828098937869072,test,S9,1,0,0,0,1,1,correction
0,1,2,0,ppg_dalia-S9-e1-correction-c0-B2,0,1,0,0,0,0,0,0.07420148584060371,ppg_dalia,46.78570898110047,ppg_dalia-S9-e1,0,current_evidence,15.972286277916282,0,0,0,3331,6421.0,B2,1124,0,1,1,1,2,0,0.009432876948267221,test,S9,1,0,0,0,1,1,correction
0,1,2,0,ppg_dalia-S9-e1-correction-c0-B3,0,1,0,0,0,0,0,0.015208928845822811,ppg_dalia,49.205264629097655,ppg_dalia-S9-e1,0,current_evidence,16.003576240036637,0,0,0,3333,6421.0,B3,1128,0,1,1,1,2,0,0.0015497889835387468,test,S9,1,0,0,0,1,1,correction
0,1,2,0,ppg_dalia-S9-e1-correction-c0-M1,0,1,0,0,0,0,0,0.07450953987427056,ppg_dalia,49.55706531996839,ppg_dalia-S9-e1,0,current_evidence,17.05508267902769,0,0,0,3361,6421.0,M1,1196,0,1,1,1,2,0,0.009304770035669208,test,S9,1,0,0,0,1,1,correction
0,1,2,1,ppg_dalia-S9-e1-correction-c1-B0,1,3,2,0,0,0,1,0.0038778011221438646,ppg_dalia,38.23367050103843,ppg_dalia-S9-e1,0,current_evidence,7.917728744912893,0,0,2,1389,6451.0,B0,566,0,0,4,0,2,1,0.0016373470425605774,test,S9,1,0,0,0,1,1,correction
0,1,2,0,ppg_dalia-S9-e1-correction-c1-B1,1,1,0,0,1,1,1,0.007833309937268496,ppg_dalia,46.66826605796814,ppg_dalia-S9-e1,0,current_evidence,15.810286414111033,0,0,0,3371,6451.0,B1,1132,0,1,1,1,2,0,0.001580247189849615,test,S9,1,0,0,0,1,1,correction
0,1,2,0,ppg_dalia-S9-e1-correction-c1-B2,1,1,0,0,1,1,1,0.04185127606615424,ppg_dalia,48.221104345982894,ppg_dalia-S9-e1,0,current_evidence,15.857389323879033,0,0,0,3371,6451.0,B2,1132,0,1,1,1,2,0,0.00823842198587954,test,S9,1,0,0,0,1,1,correction
0,1,2,0,ppg_dalia-S9-e1-correction-c1-B3,1,1,0,0,1,1,1,0.015833965968340635,ppg_dalia,54.06029650196433,ppg_dalia-S9-e1,0,current_evidence,15.89404495479539,0,0,0,3371,6451.0,B3,1132,0,1,1,1,2,0,0.0015633490402251482,test,S9,1,0,0,0,1,1,correction
0,1,2,0,ppg_dalia-S9-e1-correction-c1-M1,1,1,0,0,1,1,1,0.03214656398631632,ppg_dalia,51.20842881593853,ppg_dalia-S9-e1,0,current_evidence,15.934373601106927,0,0,0,3371,6451.0,M1,1132,0,1,1,1,2,0,0.005826801061630249,test,S9,1,0,0,0,1,1,correction
0,1,2,1,ppg_dalia-S9-e1-correction-c2-B0,2,3,2,0,0,0,1,0.006648683920502663,ppg_dalia,36.33643127186224,ppg_dalia-S9-e1,0,current_evidence,7.767149858176708,0,0,4,1389,6511.0,B0,559,0,0,4,0,2,1,0.004163536010310054,test,S9,1,0,1,0,1,1,correction
0,1,2,0,ppg_dalia-S9-e1-correction-c2-B1,2,1,0,0,1,1,1,0.017979342956095934,ppg_dalia,45.00042099598795,ppg_dalia-S9-e1,0,current_evidence,15.599835500121117,0,0,0,3368,6511.0,B1,1118,0,1,1,1,2,0,0.004082686034962535,test,S9,1,0,1,0,1,1,correction
0,1,2,0,ppg_dalia-S9-e1-correction-c2-B2,2,1,0,0,1,1,1,0.07403674884699285,ppg_dalia,46.19097255798988,ppg_dalia-S9-e1,0,current_evidence,15.653318527853116,0,0,0,3368,6511.0,B2,1118,0,1,1,1,2,0,0.010481416014954448,test,S9,1,0,1,0,1,1,correction
0,1,2,0,ppg_dalia-S9-e1-correction-c2-B3,2,1,0,0,1,1,1,0.013911336194723845,ppg_dalia,51.907198183937,ppg_dalia-S9-e1,0,current_evidence,15.746173413004726,0,0,0,3368,6511.0,B3,1118,0,1,1,1,2,0,0.002846651943400502,test,S9,1,0,1,0,1,1,correction
0,1,2,0,ppg_dalia-S9-e1-correction-c2-M1,2,1,0,0,1,1,1,0.05856260401196778,ppg_dalia,48.950188785092905,ppg_dalia-S9-e1,0,current_evidence,15.72601460525766,0,0,0,3368,6511.0,M1,1118,0,1,1,1,2,0,0.009918007999658585,test,S9,1,0,1,0,1,1,correction
0,0,0,1,ppg_dalia-S9-e1-delayed-c0-B0,0,3,3,0,0,0,0,0.010105988942086697,ppg_dalia,24.231686020968482,ppg_dalia-S9-e1,0,current_evidence,7.759936688002199,0,0,0,1266,6421.0,B0,551,0,0,4,0,2,0,0.0015127400401979685,test,S9,0,0,0,0,0,0,delayed
1,0,0,0,ppg_dalia-S9-e1-delayed-c0-B1,0,0,0,0,0,0,0,0.011174046900123358,ppg_dalia,31.95626735407859,ppg_dalia-S9-e1,0,current_evidence,15.488853283692151,0,0,0,3126,6421.0,B1,1102,0,0,0,1,2,0,0.0014804999809712172,test,S9,0,0,0,0,0,0,delayed
1,0,0,0,ppg_dalia-S9-e1-delayed-c0-B2,0,0,0,0,0,0,0,0.05000747204758227,ppg_dalia,31.95295338984579,ppg_dalia-S9-e1,0,current_evidence,15.490294765913859,0,0,0,3126,6421.0,B2,1102,0,0,0,1,2,0,0.005869172979146242,test,S9,0,0,0,0,0,0,delayed
1,0,0,0,ppg_dalia-S9-e1-delayed-c0-B3,0,0,0,0,0,0,0,0.011324384016916156,ppg_dalia,39.67275278898887,ppg_dalia-S9-e1,0,current_evidence,15.567250160034746,0,0,0,3126,6421.0,B3,1102,0,0,0,1,2,0,0.0014836101327091455,test,S9,0,0,0,0,0,0,delayed
1,0,0,0,ppg_dalia-S9-e1-delayed-c0-M1,0,0,0,0,0,0,0,0.04825131711550057,ppg_dalia,39.132094035856426,ppg_dalia-S9-e1,0,current_evidence,15.579493915895,0,0,0,3126,6421.0,M1,1102,0,0,0,1,2,0,0.005314484005793929,test,S9,0,0,0,0,0,0,delayed
0,0,0,1,ppg_dalia-S9-e1-delayed-c1-B0,1,3,3,0,0,0,0,0.005323654040694237,ppg_dalia,43.66554681188427,ppg_dalia-S9-e1,0,current_evidence,7.739340099040419,0,0,3,1266,6451.0,B0,551,0,0,4,0,2,0,0.00380657403729856,test,S9,0,0,0,0,0,0,delayed
1,0,0,0,ppg_dalia-S9-e1-delayed-c1-B1,1,0,0,0,0,0,0,0.006195175927132368,ppg_dalia,52.2340521668084,ppg_dalia-S9-e1,0,current_evidence,15.49197400198318,0,0,0,3126,6451.0,B1,1102,0,0,0,1,2,0,0.002651937073096633,test,S9,0,0,0,0,0,0,delayed
1,0,0,0,ppg_dalia-S9-e1-delayed-c1-B2,1,0,0,0,0,0,0,0.01922065601684153,ppg_dalia,57.701972467126325,ppg_dalia-S9-e1,0,current_evidence,15.545252219075337,0,0,0,3126,6451.0,B2,1102,0,0,0,1,2,0,0.008999129990115762,test,S9,0,0,0,0,0,0,delayed
1,0,0,0,ppg_dalia-S9-e1-delayed-c1-B3,1,0,0,0,0,0,0,0.0037509361281991005,ppg_dalia,62.85036017210223,ppg_dalia-S9-e1,0,current_evidence,15.733038822188973,0,0,0,3126,6451.0,B3,1102,0,0,0,1,2,0,0.001550039043650031,test,S9,0,0,0,0,0,0,delayed
1,0,0,0,ppg_dalia-S9-e1-delayed-c1-M1,1,0,0,0,0,0,0,0.018541189841926098,ppg_dalia,59.18791681807488,ppg_dalia-S9-e1,0,current_evidence,15.561686202185228,0,0,0,3126,6451.0,M1,1102,0,0,0,1,2,0,0.00770623586140573,test,S9,0,0,0,0,0,0,delayed
0,1,2,1,ppg_dalia-S9-e1-delayed-c2-B0,2,3,2,0,0,0,0,0.002907251939177513,ppg_dalia,50.73328084102832,ppg_dalia-S9-e1,0,current_evidence,8.054218476172537,0,0,6,1369,6511.0,B0,571,0,0,4,0,2,0,0.002070038113743067,test,S9,1,0,0,0,1,1,delayed
0,1,2,0,ppg_dalia-S9-e1-delayed-c2-B1,2,1,0,0,0,0,0,0.004554298939183354,ppg_dalia,61.75908325589262,ppg_dalia-S9-e1,0,current_evidence,15.892539290944114,0,0,0,3330,6511.0,B1,1133,0,1,1,1,2,0,0.0015380000695586205,test,S9,1,0,0,0,1,1,delayed
0,1,2,0,ppg_dalia-S9-e1-delayed-c2-B2,2,1,0,0,0,0,0,0.015942682046443224,ppg_dalia,64.1129303900525,ppg_dalia-S9-e1,0,current_evidence,15.919692329131067,0,0,0,3330,6511.0,B2,1133,0,1,1,1,2,0,0.0055947990622371435,test,S9,1,0,0,0,1,1,delayed
0,1,2,0,ppg_dalia-S9-e1-delayed-c2-B3,2,1,0,0,0,0,0,0.0042803550604730844,ppg_dalia,66.62369554396719,ppg_dalia-S9-e1,0,current_evidence,15.934824266238138,0,0,0,3330,6511.0,B3,1133,0,1,1,1,2,0,0.0015171889681369066,test,S9,1,0,0,0,1,1,delayed
0,1,2,0,ppg_dalia-S9-e1-delayed-c2-M1,2,1,0,0,0,0,0,0.015747445868328214,ppg_dalia,65.61144085996784,ppg_dalia-S9-e1,0,current_evidence,15.916330246021971,0,0,0,3330,6511.0,M1,1133,0,1,1,1,2,0,0.005624168086796999,test,S9,1,0,0,0,1,1,delayed
0,1,2,1,synthetic-V1001-e0-channel_fault-c0-B0,0,3,2,0,0,0,0,0.009145533898845315,synthetic,57.12675045011565,synthetic-V1001-e0,0,conflict_timing,9.572608305839822,0,0,0,1400,451.0,B0,684,0,0,4,0,2,0,0.0014963699504733086,test,V1001,1,0,0,0,1,1,channel_fault
0,1,2,0,synthetic-V1001-e0-channel_fault-c0-B1,0,1,0,0,0,0,0,0.010840268805623055,synthetic,66.75759292999282,synthetic-V1001-e0,0,conflict_timing,19.209066132083535,0,0,0,3514,451.0,B1,1368,0,1,1,1,2,0,0.0014953098725527525,test,V1001,1,0,0,0,1,1,channel_fault
0,1,2,0,synthetic-V1001-e0-channel_fault-c0-B2,0,1,0,0,0,0,0,0.07306732097640634,synthetic,75.55607033707201,synthetic-V1001-e0,0,conflict_timing,19.5711440758314,0,0,0,3514,451.0,B2,1368,0,1,1,1,2,0,0.008694862946867943,test,V1001,1,0,0,0,1,1,channel_fault
0,1,2,0,synthetic-V1001-e0-channel_fault-c0-B3,0,1,0,0,0,0,0,0.014023084193468094,synthetic,76.46935656201094,synthetic-V1001-e0,0,conflict_timing,19.52507346495986,0,0,0,3522,451.0,B3,1384,0,1,1,1,2,0,0.0014867500867694616,test,V1001,1,0,0,0,1,1,channel_fault
0,1,2,0,synthetic-V1001-e0-channel_fault-c0-M1,0,1,0,0,0,0,0,0.07399292290210724,synthetic,75.48649926413782,synthetic-V1001-e0,0,conflict_timing,19.581486945971847,0,0,0,3514,451.0,M1,1368,0,1,1,1,2,0,0.008673763135448098,test,V1001,1,0,0,0,1,1,channel_fault
0,1,2,1,synthetic-V1001-e0-channel_fault-c1-B0,1,3,2,0,0,0,0,0.004692524904385209,synthetic,56.254868652904406,synthetic-V1001-e0,0,conflict_timing,9.587696678936481,0,0,2,1480,481.0,B0,677,0,0,4,0,2,0,0.0016648259479552507,test,V1001,1,0,1,0,1,1,channel_fault
0,1,2,0,synthetic-V1001-e0-channel_fault-c1-B1,1,1,0,0,0,0,0,0.01680552796460688,synthetic,67.25515353516676,synthetic-V1001-e0,0,conflict_timing,19.17235641903244,0,0,0,3667,481.0,B1,1354,0,1,1,1,2,0,0.0016307069454342127,test,V1001,1,0,1,0,1,1,channel_fault
0,1,2,0,synthetic-V1001-e0-channel_fault-c1-B2,1,1,0,0,0,0,0,0.10349488095380366,synthetic,73.34732615202665,synthetic-V1001-e0,0,conflict_timing,19.283557495102286,0,0,0,3667,481.0,B2,1354,0,1,1,1,2,0,0.006066157016903162,test,V1001,1,0,1,0,1,1,channel_fault
0,1,2,0,synthetic-V1001-e0-channel_fault-c1-B3,1,1,0,0,0,0,0,0.017680389806628227,synthetic,75.81448151287623,synthetic-V1001-e0,0,conflict_timing,19.80291617498733,0,0,0,3684,481.0,B3,1390,0,1,1,1,2,0,0.001593956956639886,test,V1001,1,0,1,0,1,1,channel_fault
0,1,2,0,synthetic-V1001-e0-channel_fault-c1-M1,1,1,0,0,0,0,0,0.10947261983528733,synthetic,74.2920258869417,synthetic-V1001-e0,0,conflict_timing,19.712629263987765,0,0,0,3670,481.0,M1,1362,0,1,1,1,2,0,0.005699624074622989,test,V1001,1,0,1,0,1,1,channel_fault
0,1,2,1,synthetic-V1001-e0-channel_fault-c2-B0,2,3,2,0,0,0,0,0.011648191837593913,synthetic,49.55493423715234,synthetic-V1001-e0,0,conflict_timing,9.74347280501388,0,0,4,1480,541.0,B0,687,0,0,4,0,2,0,0.0017175960820168257,test,V1001,1,0,2,0,1,1,channel_fault
0,1,2,0,synthetic-V1001-e0-channel_fault-c2-B1,2,1,0,0,0,0,0,0.01795485382899642,synthetic,60.76984371710569,synthetic-V1001-e0,0,conflict_timing,19.276501058833674,0,0,0,3673,541.0,B1,1358,0,1,1,1,2,0,0.0016842661425471306,test,V1001,1,0,2,0,1,1,channel_fault
0,1,2,0,synthetic-V1001-e0-channel_fault-c2-B2,2,1,0,0,0,0,0,0.11090825009159744,synthetic,65.96249651908875,synthetic-V1001-e0,0,conflict_timing,19.12513479217887,0,0,0,3673,541.0,B2,1358,0,1,1,1,2,0,0.005924340104684234,test,V1001,1,0,2,0,1,1,channel_fault
0,1,2,0,synthetic-V1001-e0-channel_fault-c2-B3,2,1,0,0,0,0,0,0.019214998930692673,synthetic,68.41454942710698,synthetic-V1001-e0,0,conflict_timing,19.140030847862363,0,0,0,3680,541.0,B3,1374,0,1,1,1,2,0,0.001652376027777791,test,V1001,1,0,2,0,1,1,channel_fault
0,1,2,0,synthetic-V1001-e0-channel_fault-c2-M1,2,1,0,0,0,0,0,0.12956588109955192,synthetic,66.92392164305784,synthetic-V1001-e0,0,conflict_timing,19.09992402489297,0,0,0,3673,541.0,M1,1358,0,1,1,1,2,0,0.005940078990533948,test,V1001,1,0,2,0,1,1,channel_fault
0,1,2,1,synthetic-V1001-e0-clean-c0-B0,0,3,2,0,0,0,0,0.008808569982647896,synthetic,32.34200161090121,synthetic-V1001-e0,0,conflict_timing,9.716279519954696,0,0,0,1400,451.0,B0,684,0,0,4,0,2,0,0.0015094589907675982,test,V1001,1,0,0,0,1,1,clean
0,1,2,0,synthetic-V1001-e0-clean-c0-B1,0,1,0,0,0,0,0,0.010781569872051477,synthetic,48.39707565284334,synthetic-V1001-e0,0,conflict_timing,19.40910774609074,0,0,0,3516,451.0,B1,1378,0,1,1,1,2,0,0.0014879500959068537,test,V1001,1,0,0,0,1,1,clean
0,1,2,0,synthetic-V1001-e0-clean-c0-B2,0,1,0,0,0,0,0,0.07009135209955275,synthetic,48.38895234814845,synthetic-V1001-e0,0,conflict_timing,19.415113805094734,0,0,0,3516,451.0,B2,1378,0,1,1,1,2,0,0.008961006999015808,test,V1001,1,0,0,0,1,1,clean
0,1,2,0,synthetic-V1001-e0-clean-c0-B3,0,1,0,0,0,0,0,0.014950405107811093,synthetic,51.68205930502154,synthetic-V1001-e0,0,conflict_timing,19.518652125028893,0,0,0,3522,451.0,B3,1384,0,1,1,1,2,0,0.0014976300299167633,test,V1001,1,0,0,0,1,1,clean
0,1,2,0,synthetic-V1001-e0-clean-c0-M1,0,1,0,0,0,0,0,0.07368743885308504,synthetic,48.96497355401516,synthetic-V1001-e0,0,conflict_timing,19.608070933958516,0,0,0,3522,451.0,M1,1384,0,1,1,1,2,0,0.008931478019803762,test,V1001,1,0,0,0,1,1,clean
0,1,2,1,synthetic-V1001-e0-clean-c1-B0,1,3,2,0,0,0,0,0.003721684217453003,synthetic,31.23261826997623,synthetic-V1001-e0,0,conflict_timing,9.17690672702156,0,0,2,1419,481.0,B0,658,0,0,4,0,2,0,0.0016028669197112322,test,V1001,1,0,1,0,1,1,clean
0,1,2,0,synthetic-V1001-e0-clean-c1-B1,1,1,0,0,0,0,0,0.0067606219090521336,synthetic,45.74565581488423,synthetic-V1001-e0,0,conflict_timing,19.850491096032783,0,0,0,3570,481.0,B1,1404,0,1,1,1,2,0,0.0015486881602555513,test,V1001,1,0,1,0,1,1,clean
0,1,2,0,synthetic-V1001-e0-clean-c1-B2,1,1,0,0,0,0,0,0.027679346036165953,synthetic,46.0171158160083,synthetic-V1001-e0,0,conflict_timing,19.78280919510871,0,0,0,3568,481.0,B2,1400,0,1,1,1,2,0,0.00555917713791132,test,V1001,1,0,1,0,1,1,clean
0,1,2,0,synthetic-V1001-e0-clean-c1-B3,1,1,0,0,0,0,0,0.006743121892213821,synthetic,49.80568749899976,synthetic-V1001-e0,0,conflict_timing,18.648367004003376,0,0,0,3539,481.0,B3,1316,0,1,1,1,2,0,0.0015367791056632996,test,V1001,1,0,1,0,1,1,clean
0,1,2,0,synthetic-V1001-e0-clean-c1-M1,1,1,0,0,0,0,0,0.027511530090123415,synthetic,45.04774550185539,synthetic-V1001-e0,0,conflict_timing,18.687940918141976,0,0,0,3539,481.0,M1,1316,0,1,1,1,2,0,0.005536686861887574,test,V1001,1,0,1,0,1,1,clean
0,1,2,1,synthetic-V1001-e0-clean-c2-B0,2,3,2,0,0,0,0,0.004165015183389187,synthetic,31.669160867808387,synthetic-V1001-e0,0,conflict_timing,9.17762692202814,0,0,4,1419,541.0,B0,658,0,0,4,0,2,0,0.0016659058164805174,test,V1001,1,0,2,0,1,1,clean
0,1,2,0,synthetic-V1001-e0-clean-c2-B1,2,1,0,0,0,0,0,0.00870851194486022,synthetic,43.231088580098,synthetic-V1001-e0,0,conflict_timing,18.46607079776004,0,0,0,3539,541.0,B1,1316,0,1,1,1,2,0,0.0016073579899966717,test,V1001,1,0,2,0,1,1,clean
0,1,2,0,synthetic-V1001-e0-clean-c2-B2,2,1,0,0,0,0,0,0.02992745116353035,synthetic,43.74990220088512,synthetic-V1001-e0,0,conflict_timing,18.45584882516414,0,0,0,3539,541.0,B2,1316,0,1,1,1,2,0,0.005667414050549269,test,V1001,1,0,2,0,1,1,clean
0,1,2,0,synthetic-V1001-e0-clean-c2-B3,2,1,0,0,0,0,0,0.007531467126682401,synthetic,49.44240663899109,synthetic-V1001-e0,0,conflict_timing,17.855326749384403,0,0,0,3539,541.0,B3,1316,0,1,1,1,2,0,0.0015917569398880005,test,V1001,1,0,2,0,1,1,clean
0,1,2,0,synthetic-V1001-e0-clean-c2-M1,2,1,0,0,0,0,0,0.03108085598796606,synthetic,44.37486956897192,synthetic-V1001-e0,0,conflict_timing,18.432596429018304,0,0,0,3539,541.0,M1,1316,0,1,1,1,2,0,0.005617355927824974,test,V1001,1,0,2,0,1,1,clean
0,1,2,1,synthetic-V1001-e0-correction-c0-B0,0,3,2,0,0,0,0,0.011648515006527305,synthetic,8.644083111081272,synthetic-V1001-e0,0,conflict_timing,8.626734900055453,0,0,0,1400,451.0,B0,575,0,0,4,0,2,0,0.0015187792014330626,test,V1001,1,0,0,0,1,1,correction
0,1,2,0,synthetic-V1001-e0-correction-c0-B1,0,1,0,0,0,0,0,0.011447099037468433,synthetic,16.773024909896776,synthetic-V1001-e0,0,conflict_timing,16.753904154058546,0,0,0,3402,451.0,B1,1150,0,1,1,1,2,0,0.001516140066087246,test,V1001,1,0,0,0,1,1,correction
0,1,2,0,synthetic-V1001-e0-correction-c0-B2,0,1,0,0,0,0,0,0.04223614907823503,synthetic,16.744720429880545,synthetic-V1001-e0,0,conflict_timing,16.69130475562997,0,0,0,3402,451.0,B2,1150,0,1,1,1,2,0,0.005318022100254893,test,V1001,1,0,0,0,1,1,correction
0,1,2,0,synthetic-V1001-e0-correction-c0-B3,0,1,0,0,0,0,0,0.011558376951143146,synthetic,28.046852190047503,synthetic-V1001-e0,0,conflict_timing,19.52631580014713,0,0,0,3522,451.0,B3,1384,0,1,1,1,2,0,0.001519528916105628,test,V1001,1,0,0,0,1,1,correction
0,1,2,0,synthetic-V1001-e0-correction-c0-M1,0,1,0,0,0,0,0,0.0429156559985131,synthetic,16.6791345810052,synthetic-V1001-e0,0,conflict_timing,16.624650059035048,0,0,0,3402,451.0,M1,1150,0,1,1,1,2,0,0.005312022985890508,test,V1001,1,0,0,0,1,1,correction
0,1,2,1,synthetic-V1001-e0-correction-c1-B0,1,3,2,0,0,0,1,0.003117447020485997,synthetic,38.7712510288693,synthetic-V1001-e0,0,conflict_timing,8.867065727943555,0,0,2,1419,481.0,B0,631,0,0,4,0,2,1,0.001636856934055686,test,V1001,1,0,0,0,1,1,correction
0,1,2,0,synthetic-V1001-e0-correction-c1-B1,1,1,0,0,1,1,1,0.00751905795186758,synthetic,47.87806506617926,synthetic-V1001-e0,0,conflict_timing,17.97119783004746,0,0,0,3512,481.0,B1,1262,0,1,1,1,2,0,0.0016142779495567083,test,V1001,1,0,0,0,1,1,correction
0,1,2,0,synthetic-V1001-e0-correction-c1-B2,1,1,0,0,1,1,1,0.03252961509861052,synthetic,49.58530811103992,synthetic-V1001-e0,0,conflict_timing,18.71297482587397,0,0,0,3539,481.0,B2,1308,0,1,1,1,2,0,0.005614717025309801,test,V1001,1,0,0,0,1,1,correction
0,1,2,0,synthetic-V1001-e0-correction-c1-B3,1,1,0,0,1,1,1,0.008729843888431787,synthetic,56.986576029798016,synthetic-V1001-e0,0,conflict_timing,18.301901038037613,0,0,0,3516,481.0,B3,1270,0,1,1,1,2,0,0.0017063361592590809,test,V1001,1,0,0,0,1,1,correction
0,1,2,0,synthetic-V1001-e0-correction-c1-M1,1,1,0,0,1,1,1,0.03431329899467528,synthetic,53.739782572956756,synthetic-V1001-e0,0,conflict_timing,18.819309854181483,0,0,0,3539,481.0,M1,1308,0,1,1,1,2,0,0.005571968154981732,test,V1001,1,0,0,0,1,1,correction
0,1,2,1,synthetic-V1001-e0-correction-c2-B0,2,3,2,0,0,0,1,0.0046117170713841915,synthetic,46.37324200407602,synthetic-V1001-e0,0,conflict_timing,9.23979778913781,0,0,4,1419,541.0,B0,658,0,0,4,0,2,1,0.002993319882079959,test,V1001,1,0,1,0,1,1,correction
0,1,2,0,synthetic-V1001-e0-correction-c2-B1,2,1,0,0,1,1,1,0.012392940931022167,synthetic,56.24173338711262,synthetic-V1001-e0,0,conflict_timing,18.539798975223675,0,0,0,3539,541.0,B1,1316,0,1,1,1,2,0,0.0029338011518120766,test,V1001,1,0,1,0,1,1,correction
0,1,2,0,synthetic-V1001-e0-correction-c2-B2,2,1,0,0,1,1,1,0.042265027994289994,synthetic,57.95499385101721,synthetic-V1001-e0,0,conflict_timing,18.622898831032217,0,0,0,3539,541.0,B2,1316,0,1,1,1,2,0,0.006556337932124734,test,V1001,1,0,1,0,1,1,correction
0,1,2,0,synthetic-V1001-e0-correction-c2-B3,2,1,0,0,1,1,1,0.008066818118095398,synthetic,64.96069574914873,synthetic-V1001-e0,0,conflict_timing,18.706503925845027,0,0,0,3539,541.0,B3,1316,0,1,1,1,2,0,0.00162994721904397,test,V1001,1,0,1,0,1,1,correction
0,1,2,0,synthetic-V1001-e0-correction-c2-M1,2,1,0,0,1,1,1,0.04377572820521891,synthetic,60.94948278204538,synthetic-V1001-e0,0,conflict_timing,18.837148374179378,0,0,0,3539,541.0,M1,1316,0,1,1,1,2,0,0.005773382959887385,test,V1001,1,0,1,0,1,1,correction
0,0,0,1,synthetic-V1001-e0-delayed-c0-B0,0,3,3,0,0,0,0,0.009223132859915495,synthetic,27.879212806932628,synthetic-V1001-e0,0,conflict_timing,8.10400443105027,0,0,0,1286,451.0,B0,568,0,0,4,0,2,0,0.0015030098147690296,test,V1001,0,0,0,0,0,0,delayed
1,0,0,0,synthetic-V1001-e0-delayed-c0-B1,0,0,0,0,0,0,0,0.011170594021677971,synthetic,35.871251340955496,synthetic-V1001-e0,0,conflict_timing,16.090629924088717,0,0,0,3183,451.0,B1,1136,0,0,0,1,2,0,0.0015006898902356625,test,V1001,0,0,0,0,0,0,delayed
1,0,0,0,synthetic-V1001-e0-delayed-c0-B2,0,0,0,0,0,0,0,0.05347029003314674,synthetic,35.867831320967525,synthetic-V1001-e0,0,conflict_timing,16.09828653000295,0,0,0,3183,451.0,B2,1136,0,0,0,1,2,0,0.005309292813763022,test,V1001,0,0,0,0,0,0,delayed
1,0,0,0,synthetic-V1001-e0-delayed-c0-B3,0,0,0,0,0,0,0,0.01101766712963581,synthetic,48.91060711699538,synthetic-V1001-e0,0,conflict_timing,19.494253183016554,0,0,0,3301,451.0,B3,1364,0,0,0,1,2,0,0.0014915098436176777,test,V1001,0,0,0,0,0,0,delayed
1,0,0,0,synthetic-V1001-e0-delayed-c0-M1,0,0,0,0,0,0,0,0.053650365909561515,synthetic,43.29559086682275,synthetic-V1001-e0,0,conflict_timing,15.490275287302211,0,0,0,3163,451.0,M1,1096,0,0,0,1,2,0,0.005334971938282251,test,V1001,0,0,0,0,0,0,delayed
0,0,0,1,synthetic-V1001-e0-delayed-c1-B0,1,3,3,0,0,0,0,0.0048137931153178215,synthetic,38.9037683790084,synthetic-V1001-e0,0,conflict_timing,9.538573902100325,0,0,3,1286,481.0,B0,682,0,0,4,0,2,0,0.004024568013846874,test,V1001,0,0,0,0,0,0,delayed
1,0,0,0,synthetic-V1001-e0-delayed-c1-B1,1,0,0,0,0,0,0,0.007790863048285246,synthetic,48.32745885103941,synthetic-V1001-e0,0,conflict_timing,18.370135409990326,0,0,0,3261,481.0,B1,1306,0,0,0,1,2,0,0.0024819099344313145,test,V1001,0,0,0,0,0,0,delayed
1,0,0,0,synthetic-V1001-e0-delayed-c1-B2,1,0,0,0,0,0,0,0.01889387797564268,synthetic,43.22663498017937,synthetic-V1001-e0,0,conflict_timing,10.810820180922747,0,0,0,2994,481.0,B2,770,0,0,0,1,2,0,0.008630006108433008,test,V1001,0,0,0,0,0,0,delayed
1,0,0,0,synthetic-V1001-e0-delayed-c1-B3,1,0,0,0,0,0,0,0.0037468441296368837,synthetic,58.137237750925124,synthetic-V1001-e0,0,conflict_timing,19.297567856963724,0,0,0,3301,481.0,B3,1364,0,0,0,1,2,0,0.001520258840173483,test,V1001,0,0,0,0,0,0,delayed
1,0,0,0,synthetic-V1001-e0-delayed-c1-M1,1,0,0,0,0,0,0,0.018485615961253643,synthetic,56.649477696977556,synthetic-V1001-e0,0,conflict_timing,19.777313973056152,0,0,0,3301,481.0,M1,1364,0,0,0,1,2,0,0.005672554951161146,test,V1001,0,0,0,0,0,0,delayed
0,1,2,1,synthetic-V1001-e0-delayed-c2-B0,2,3,2,0,0,0,0,0.00739459996111691,synthetic,38.941127964062616,synthetic-V1001-e0,0,conflict_timing,8.070345831103623,0,0,6,1400,541.0,B0,575,0,0,4,0,2,0,0.002714575035497546,test,V1001,1,0,0,0,1,1,delayed
0,1,2,0,synthetic-V1001-e0-delayed-c2-B1,2,1,0,0,0,0,0,0.004951549926772714,synthetic,50.343738126102835,synthetic-V1001-e0,0,conflict_timing,19.306617463938892,0,0,0,3514,541.0,B1,1366,0,1,1,1,2,0,0.0015369290485978127,test,V1001,1,0,0,0,1,1,delayed
0,1,2,0,synthetic-V1001-e0-delayed-c2-B2,2,1,0,0,0,0,0,0.018348329002037644,synthetic,50.14618237805553,synthetic-V1001-e0,0,conflict_timing,16.231755153043196,0,0,0,3402,541.0,B2,1150,0,1,1,1,2,0,0.005602087127044797,test,V1001,1,0,0,0,1,1,delayed
0,1,2,0,synthetic-V1001-e0-delayed-c2-B3,2,1,0,0,0,0,0,0.004712945083156228,synthetic,56.06640930008143,synthetic-V1001-e0,0,conflict_timing,16.348290019202977,0,0,0,3402,541.0,B3,1150,0,1,1,1,2,0,0.0015488890931010246,test,V1001,1,0,0,0,1,1,delayed
0,1,2,0,synthetic-V1001-e0-delayed-c2-M1,2,1,0,0,0,0,0,0.01614436414092779,synthetic,58.23443702701479,synthetic-V1001-e0,0,conflict_timing,19.327671048929915,0,0,0,3514,541.0,M1,1366,0,1,1,1,2,0,0.0056225459557026625,test,V1001,1,0,0,0,1,1,delayed
0,1,2,1,synthetic-V1001-e1-channel_fault-c0-B0,0,3,2,0,0,0,0,0.009796130005270243,synthetic,28.574991239933297,synthetic-V1001-e1,0,current_evidence,8.7299264871981,0,0,0,1436,1351.0,B0,616,0,0,4,0,2,0,0.0015008589252829552,test,V1001,1,0,0,0,1,1,channel_fault
0,1,2,0,synthetic-V1001-e1-channel_fault-c0-B1,0,1,0,0,0,0,0,0.011688251979649067,synthetic,40.47503475099802,synthetic-V1001-e1,0,current_evidence,20.637533001834527,0,0,0,3628,1351.0,B1,1452,0,1,1,1,2,0,0.0015119391027837992,test,V1001,1,0,0,0,1,1,channel_fault
0,1,2,0,synthetic-V1001-e1-channel_fault-c0-B2,0,1,0,0,0,0,0,0.05222186306491494,synthetic,40.466613282915205,synthetic-V1001-e1,0,current_evidence,20.629248071927577,0,0,0,3628,1351.0,B2,1452,0,1,1,1,2,0,0.005449988879263401,test,V1001,1,0,0,0,1,1,channel_fault
0,1,2,0,synthetic-V1001-e1-channel_fault-c0-B3,0,1,0,0,0,0,0,0.011626292951405048,synthetic,46.132552517810836,synthetic-V1001-e1,0,current_evidence,17.69274288811721,0,0,0,3524,1351.0,B3,1244,0,1,1,1,2,0,0.0015354580245912075,test,V1001,1,0,0,0,1,1,channel_fault
0,1,2,0,synthetic-V1001-e1-channel_fault-c0-M1,0,1,0,0,0,0,0,0.052984649082645774,synthetic,45.605080297915265,synthetic-V1001-e1,0,current_evidence,17.69916406692937,0,0,0,3518,1351.0,M1,1232,0,1,1,1,2,0,0.005386479897424579,test,V1001,1,0,0,0,1,1,channel_fault
0,1,2,0,synthetic-V1001-e1-channel_fault-c1-B0,1,2,0,0,0,0,1,0.004718843149021268,synthetic,46.93323652795516,synthetic-V1001-e1,0,current_evidence,6.073434038087726,0,0,2,1523,1381.0,B0,427,0,0,3,0,2,1,0.0016570368316024542,test,V1001,2,0,0,1,1,3,channel_fault
0,1,2,0,synthetic-V1001-e1-channel_fault-c1-B1,1,2,0,0,1,1,1,0.016366976080462337,synthetic,48.54459930304438,synthetic-V1001-e1,0,current_evidence,5.999712649965659,0,0,0,1523,1381.0,B1,427,0,0,3,0,2,0,0.0016310871578752995,test,V1001,2,0,0,1,1,3,channel_fault
0,1,2,0,synthetic-V1001-e1-channel_fault-c1-B2,1,2,0,0,1,1,1,0.0844050869345665,synthetic,50.914119343971834,synthetic-V1001-e1,0,current_evidence,6.008634747937322,0,0,0,1523,1381.0,B2,427,0,0,3,0,2,0,0.0056765940971672535,test,V1001,2,0,0,1,1,3,channel_fault
0,1,2,0,synthetic-V1001-e1-channel_fault-c1-B3,1,2,0,0,1,1,1,0.018388953991234303,synthetic,54.323704805923626,synthetic-V1001-e1,0,current_evidence,5.969278360018507,0,0,0,1523,1381.0,B3,427,0,0,3,0,2,0,0.001622126903384924,test,V1001,2,0,0,1,1,3,channel_fault
0,1,2,0,synthetic-V1001-e1-channel_fault-c1-M1,1,2,0,0,1,1,1,0.0813708589412272,synthetic,52.803565088892356,synthetic-V1001-e1,0,current_evidence,5.980484761996195,0,0,0,1523,1381.0,M1,427,0,0,3,0,2,0,0.005546387052163482,test,V1001,2,0,0,1,1,3,channel_fault
0,1,2,1,synthetic-V1001-e1-channel_fault-c2-B0,2,3,2,0,0,0,2,0.011294409865513444,synthetic,49.510041150962934,synthetic-V1001-e1,0,current_evidence,8.779471833026037,0,0,2,1524,1441.0,B0,622,0,0,4,0,2,2,0.001720784930512309,test,V1001,1,0,1,0,1,1,channel_fault
0,1,2,0,synthetic-V1001-e1-channel_fault-c2-B1,2,1,0,0,2,2,2,0.01863026013597846,synthetic,60.44122434197925,synthetic-V1001-e1,0,current_evidence,17.512809047009796,0,0,0,3700,1441.0,B1,1244,0,1,1,1,2,0,0.0017540149856358767,test,V1001,1,0,1,0,1,1,channel_fault
0,1,2,0,synthetic-V1001-e1-channel_fault-c2-B2,2,1,0,0,2,2,2,0.1303919639904052,synthetic,61.11151640699245,synthetic-V1001-e1,0,current_evidence,17.546862583141774,0,0,0,3700,1441.0,B2,1244,0,1,1,1,2,0,0.006125184940174222,test,V1001,1,0,1,0,1,1,channel_fault
0,1,2,0,synthetic-V1001-e1-channel_fault-c2-B3,2,1,0,0,2,2,2,0.02124511683359742,synthetic,66.73603271995671,synthetic-V1001-e1,0,current_evidence,17.548094178084284,0,0,0,3700,1441.0,B3,1244,0,1,1,1,2,0,0.0017208750359714031,test,V1001,1,0,1,0,1,1,channel_fault
0,1,2,0,synthetic-V1001-e1-channel_fault-c2-M1,2,1,0,0,2,2,2,0.15150553407147527,synthetic,65.99432091997005,synthetic-V1001-e1,0,current_evidence,17.5646213600412,0,0,0,3700,1441.0,M1,1244,0,1,1,1,2,0,0.009754640981554985,test,V1001,1,0,1,0,1,1,channel_fault
0,1,2,1,synthetic-V1001-e1-clean-c0-B0,0,3,2,0,0,0,0,0.017753789899870753,synthetic,32.339930332964286,synthetic-V1001-e1,0,current_evidence,8.708309591980651,0,0,0,1436,1351.0,B0,616,0,0,4,0,2,0,0.001548298168927431,test,V1001,1,0,0,0,1,1,clean
0,1,2,0,synthetic-V1001-e1-clean-c0-B1,0,1,0,0,0,0,0,0.011751150945201516,synthetic,44.19004334206693,synthetic-V1001-e1,0,current_evidence,20.549045401159674,0,0,0,3628,1351.0,B1,1452,0,1,1,1,2,0,0.0014978088438510895,test,V1001,1,0,0,0,1,1,clean
0,1,2,0,synthetic-V1001-e1-clean-c0-B2,0,1,0,0,0,0,0,0.053735308116301894,synthetic,51.58974607801065,synthetic-V1001-e1,0,current_evidence,20.621561747044325,0,0,0,3628,1351.0,B2,1452,0,1,1,1,2,0,0.0053844398353248835,test,V1001,1,0,0,0,1,1,clean
0,1,2,0,synthetic-V1001-e1-clean-c0-B3,0,1,0,0,0,0,0,0.011034416034817696,synthetic,52.81780243199319,synthetic-V1001-e1,0,current_evidence,20.620022608200088,0,0,0,3628,1351.0,B3,1452,0,1,1,1,2,0,0.001495908945798874,test,V1001,1,0,0,0,1,1,clean
0,1,2,0,synthetic-V1001-e1-clean-c0-M1,0,1,0,0,0,0,0,0.05854163900949061,synthetic,52.623510752106085,synthetic-V1001-e1,0,current_evidence,20.89621015265584,0,0,0,3634,1351.0,M1,1464,0,1,1,1,2,0,0.005532108014449477,test,V1001,1,0,0,0,1,1,clean
0,1,2,1,synthetic-V1001-e1-clean-c1-B0,1,3,2,0,0,0,0,0.003866251092404127,synthetic,43.17913022497669,synthetic-V1001-e1,0,current_evidence,8.749454654986039,0,0,2,1457,1381.0,B0,622,0,0,4,0,2,0,0.001626397017389536,test,V1001,1,0,1,0,1,1,clean
0,1,2,0,synthetic-V1001-e1-clean-c1-B1,1,1,0,0,0,0,0,0.0065942148212343454,synthetic,52.56258327094838,synthetic-V1001-e1,0,current_evidence,17.513435134198517,0,0,0,3566,1381.0,B1,1244,0,1,1,1,2,0,0.0016137480270117521,test,V1001,1,0,1,0,1,1,clean
0,1,2,0,synthetic-V1001-e1-clean-c1-B2,1,1,0,0,0,0,0,0.02923202607780695,synthetic,56.68779513705522,synthetic-V1001-e1,0,current_evidence,17.57599357306026,0,0,0,3566,1381.0,B2,1244,0,1,1,1,2,0,0.005651645129546523,test,V1001,1,0,1,0,1,1,clean
0,1,2,0,synthetic-V1001-e1-clean-c1-B3,1,1,0,0,0,0,0,0.007275472162291408,synthetic,60.69985223095864,synthetic-V1001-e1,0,current_evidence,17.60052106389776,0,0,0,3566,1381.0,B3,1244,0,1,1,1,2,0,0.001554048852995038,test,V1001,1,0,1,0,1,1,clean
0,1,2,0,synthetic-V1001-e1-clean-c1-M1,1,1,0,0,0,0,0,0.030294743832200766,synthetic,59.14324279804714,synthetic-V1001-e1,0,current_evidence,17.703559760237113,0,0,0,3566,1381.0,M1,1244,0,1,1,1,2,0,0.0054913589265197515,test,V1001,1,0,1,0,1,1,clean
0,1,2,1,synthetic-V1001-e1-clean-c2-B0,2,3,2,0,0,0,0,0.006034787045791745,synthetic,50.30439643911086,synthetic-V1001-e1,0,current_evidence,8.85376072418876,0,0,4,1457,1441.0,B0,622,0,0,4,0,2,0,0.004208663944154978,test,V1001,1,0,2,0,1,1,clean
0,1,2,0,synthetic-V1001-e1-clean-c2-B1,2,1,0,0,0,0,0,0.015763498842716217,synthetic,59.24110130686313,synthetic-V1001-e1,0,current_evidence,17.624070714926347,0,0,0,3566,1441.0,B1,1244,0,1,1,1,2,0,0.0028204729314893484,test,V1001,1,0,2,0,1,1,clean
0,1,2,0,synthetic-V1001-e1-clean-c2-B2,2,1,0,0,0,0,0,0.046943065943196416,synthetic,62.07566822110675,synthetic-V1001-e1,0,current_evidence,17.65727413096465,0,0,0,3566,1441.0,B2,1244,0,1,1,1,2,0,0.009446467971429229,test,V1001,1,0,2,0,1,1,clean
0,1,2,0,synthetic-V1001-e1-clean-c2-B3,2,1,0,0,0,0,0,0.011372668901458383,synthetic,67.77060249401256,synthetic-V1001-e1,0,current_evidence,17.608915094053373,0,0,0,3566,1441.0,B3,1244,0,1,1,1,2,0,0.001640465809032321,test,V1001,1,0,2,0,1,1,clean
0,1,2,0,synthetic-V1001-e1-clean-c2-M1,2,1,0,0,0,0,0,0.050807717023417354,synthetic,66.04822527989745,synthetic-V1001-e1,0,current_evidence,17.622063437011093,0,0,0,3566,1441.0,M1,1244,0,1,1,1,2,0,0.009498317027464509,test,V1001,1,0,2,0,1,1,clean
0,1,2,1,synthetic-V1001-e1-correction-c0-B0,0,3,2,0,0,0,0,0.009433849016204476,synthetic,25.3735657799989,synthetic-V1001-e1,0,current_evidence,8.727708537131548,0,0,0,1436,1351.0,B0,622,0,0,4,0,2,0,0.0014983590226620436,test,V1001,1,0,0,0,1,1,correction
0,1,2,0,synthetic-V1001-e1-correction-c0-B1,0,1,0,0,0,0,0,0.011136814020574093,synthetic,37.11087378207594,synthetic-V1001-e1,0,current_evidence,20.45952816097997,0,0,0,3628,1351.0,B1,1452,0,1,1,1,2,0,0.001516088843345642,test,V1001,1,0,0,0,1,1,correction
0,1,2,0,synthetic-V1001-e1-correction-c0-B2,0,1,0,0,0,0,0,0.059065479086712,synthetic,37.10343772312626,synthetic-V1001-e1,0,current_evidence,20.4542411880102,0,0,0,3628,1351.0,B2,1452,0,1,1,1,2,0,0.005400900961831212,test,V1001,1,0,0,0,1,1,correction
0,1,2,0,synthetic-V1001-e1-correction-c0-B3,0,1,0,0,0,0,0,0.01157667487859726,synthetic,45.73961163102649,synthetic-V1001-e1,0,current_evidence,20.514532192843035,0,0,0,3628,1351.0,B3,1452,0,1,1,1,2,0,0.0015083691105246544,test,V1001,1,0,0,0,1,1,correction
0,1,2,0,synthetic-V1001-e1-correction-c0-M1,0,1,0,0,0,0,0,0.05874112597666681,synthetic,45.19351384299807,synthetic-V1001-e1,0,current_evidence,20.590701173990965,0,0,0,3628,1351.0,M1,1452,0,1,1,1,2,0,0.007241002982482314,test,V1001,1,0,0,0,1,1,correction
0,1,2,1,synthetic-V1001-e1-correction-c1-B0,1,3,2,0,0,0,1,0.005996367894113064,synthetic,46.75376776885241,synthetic-V1001-e1,0,current_evidence,8.800404031062499,0,0,2,1456,1381.0,B0,622,0,0,4,0,2,1,0.00397083000279963,test,V1001,1,0,0,0,1,1,correction
0,1,2,0,synthetic-V1001-e1-correction-c1-B1,1,1,0,0,1,1,1,0.02138614491559565,synthetic,57.20494608487934,synthetic-V1001-e1,0,current_evidence,17.612441376782954,0,0,0,3564,1381.0,B1,1244,0,1,1,1,2,0,0.0015827878378331661,test,V1001,1,0,0,0,1,1,correction
0,1,2,0,synthetic-V1001-e1-correction-c1-B2,1,1,0,0,1,1,1,0.031336012994870543,synthetic,58.96449347003363,synthetic-V1001-e1,0,current_evidence,17.68981491890736,0,0,0,3564,1381.0,B2,1244,0,1,1,1,2,0,0.005599566036835313,test,V1001,1,0,0,0,1,1,correction
0,1,2,0,synthetic-V1001-e1-correction-c1-B3,1,1,0,0,1,1,1,0.00769061385653913,synthetic,64.31758291693404,synthetic-V1001-e1,0,current_evidence,17.669817241840065,0,0,0,3564,1381.0,B3,1244,0,1,1,1,2,0,0.0015841571148484945,test,V1001,1,0,0,0,1,1,correction
0,1,2,0,synthetic-V1001-e1-correction-c1-M1,1,1,0,0,1,1,1,0.03369212499819696,synthetic,63.84999722009525,synthetic-V1001-e1,0,current_evidence,17.794914432102814,0,0,0,3564,1381.0,M1,1244,0,1,1,1,2,0,0.005649905186146498,test,V1001,1,0,0,0,1,1,correction
0,1,2,1,synthetic-V1001-e1-correction-c2-B0,2,3,2,0,0,0,1,0.0032333550043404102,synthetic,49.93977099005133,synthetic-V1001-e1,0,current_evidence,8.777802386088297,0,0,4,1457,1441.0,B0,622,0,0,4,0,2,1,0.0017177050467580557,test,V1001,1,0,1,0,1,1,correction
0,1,2,0,synthetic-V1001-e1-correction-c2-B1,2,1,0,0,1,1,1,0.007842842023819685,synthetic,59.742278781952336,synthetic-V1001-e1,0,current_evidence,17.507372974883765,0,0,0,3566,1441.0,B1,1244,0,1,1,1,2,0,0.0016588468570262194,test,V1001,1,0,1,0,1,1,correction
0,1,2,0,synthetic-V1001-e1-correction-c2-B2,2,1,0,0,1,1,1,0.03883886802941561,synthetic,62.25302442908287,synthetic-V1001-e1,0,current_evidence,17.56717127095908,0,0,0,3566,1441.0,B2,1244,0,1,1,1,2,0,0.005726675037294626,test,V1001,1,0,1,0,1,1,correction
0,1,2,0,synthetic-V1001-e1-correction-c2-B3,2,1,0,0,1,1,1,0.00835860101506114,synthetic,67.43667152593844,synthetic-V1001-e1,0,current_evidence,17.595654546283185,0,0,0,3566,1441.0,B3,1244,0,1,1,1,2,0,0.001660177018493414,test,V1001,1,0,1,0,1,1,correction
0,1,2,0,synthetic-V1001-e1-correction-c2-M1,2,1,0,0,1,1,1,0.042095321929082274,synthetic,67.2850826100912,synthetic-V1001-e1,0,current_evidence,17.615730470977724,0,0,0,3566,1441.0,M1,1244,0,1,1,1,2,0,0.005740744061768055,test,V1001,1,0,1,0,1,1,correction
0,0,0,1,synthetic-V1001-e1-delayed-c0-B0,0,3,3,0,0,0,0,0.01027638092637062,synthetic,8.679855279857293,synthetic-V1001-e1,0,current_evidence,8.66394804394804,0,0,0,1317,1351.0,B0,576,0,0,4,0,2,0,0.0014944798313081264,test,V1001,0,0,0,0,0,0,delayed
1,0,0,0,synthetic-V1001-e1-delayed-c0-B1,0,0,0,0,0,0,0,0.011472566984593868,synthetic,16.819316304987296,synthetic-V1001-e1,0,current_evidence,16.801226013107225,0,0,0,3253,1351.0,B1,1152,0,0,0,1,2,0,0.0015016691759228706,test,V1001,0,0,0,0,0,0,delayed
1,0,0,0,synthetic-V1001-e1-delayed-c0-B2,0,0,0,0,0,0,0,0.05517228785902262,synthetic,16.78960862895474,synthetic-V1001-e1,0,current_evidence,16.723823826760054,0,0,0,3253,1351.0,B2,1152,0,0,0,1,2,0,0.005416919942945242,test,V1001,0,0,0,0,0,0,delayed
1,0,0,0,synthetic-V1001-e1-delayed-c0-B3,0,0,0,0,0,0,0,0.011120953829959035,synthetic,24.69514193199575,synthetic-V1001-e1,0,current_evidence,16.164631674764678,0,0,0,3253,1351.0,B3,1152,0,0,0,1,2,0,0.0014894090127199888,test,V1001,0,0,0,0,0,0,delayed
1,0,0,0,synthetic-V1001-e1-delayed-c0-M1,0,0,0,0,0,0,0,0.05540992319583893,synthetic,16.711138115031645,synthetic-V1001-e1,0,current_evidence,16.644238854991272,0,0,0,3253,1351.0,M1,1152,0,0,0,1,2,0,0.005391960963606834,test,V1001,0,0,0,0,0,0,delayed
0,0,0,1,synthetic-V1001-e1-delayed-c1-B0,1,3,3,0,0,0,0,0.0026977951638400555,synthetic,51.08885903307237,synthetic-V1001-e1,0,current_evidence,8.034250346943736,0,0,3,1317,1381.0,B0,576,0,0,4,0,2,0,0.0021911049261689186,test,V1001,0,0,0,0,0,0,delayed
1,0,0,0,synthetic-V1001-e1-delayed-c1-B1,1,0,0,0,0,0,0,0.005286112893372774,synthetic,59.16804377594963,synthetic-V1001-e1,0,current_evidence,16.10804729675874,0,0,0,3253,1381.0,B1,1152,0,0,0,1,2,0,0.0021413860376924276,test,V1001,0,0,0,0,0,0,delayed
1,0,0,0,synthetic-V1001-e1-delayed-c1-B2,1,0,0,0,0,0,0,0.015079533914104104,synthetic,60.79995307000354,synthetic-V1001-e1,0,current_evidence,16.12572698085569,0,0,0,3253,1381.0,B2,1152,0,0,0,1,2,0,0.00689915893599391,test,V1001,0,0,0,0,0,0,delayed
1,0,0,0,synthetic-V1001-e1-delayed-c1-B3,1,0,0,0,0,0,0,0.0036755548790097237,synthetic,67.28982746694237,synthetic-V1001-e1,0,current_evidence,16.246584196109325,0,0,0,3253,1381.0,B3,1152,0,0,0,1,2,0,0.0015351090114563704,test,V1001,0,0,0,0,0,0,delayed
1,0,0,0,synthetic-V1001-e1-delayed-c1-M1,1,0,0,0,0,0,0,0.011524525936692953,synthetic,62.483299910090864,synthetic-V1001-e1,0,current_evidence,16.299926401115954,0,0,0,3253,1381.0,M1,1152,0,0,0,1,2,0,0.005354390945285559,test,V1001,0,0,0,0,0,0,delayed
0,1,2,1,synthetic-V1001-e1-delayed-c2-B0,2,3,2,0,0,0,0,0.006022979039698839,synthetic,50.546237122034654,synthetic-V1001-e1,0,current_evidence,8.716445963131264,0,0,6,1436,1441.0,B0,622,0,0,4,0,2,0,0.004107787040993571,test,V1001,1,0,0,0,1,1,delayed
0,1,2,0,synthetic-V1001-e1-delayed-c2-B1,2,1,0,0,0,0,0,0.01010214607231319,synthetic,59.53874900308438,synthetic-V1001-e1,0,current_evidence,17.44240889395587,0,0,0,3524,1441.0,B1,1244,0,1,1,1,2,0,0.0030494690872728825,test,V1001,1,0,0,0,1,1,delayed
0,1,2,0,synthetic-V1001-e1-delayed-c2-B2,2,1,0,0,0,0,0,0.025428418070077896,synthetic,60.590335187036544,synthetic-V1001-e1,0,current_evidence,17.486843748250976,0,0,0,3524,1441.0,B2,1244,0,1,1,1,2,0,0.009143616072833538,test,V1001,1,0,0,0,1,1,delayed
0,1,2,0,synthetic-V1001-e1-delayed-c2-B3,2,1,0,0,0,0,0,0.004634435987100005,synthetic,68.0196032221429,synthetic-V1001-e1,0,current_evidence,17.55946432496421,0,0,0,3524,1441.0,B3,1244,0,1,1,1,2,0,0.001530319917947054,test,V1001,1,0,0,0,1,1,delayed
0,1,2,0,synthetic-V1001-e1-delayed-c2-M1,2,1,0,0,0,0,0,0.023083364823833108,synthetic,63.01530997105874,synthetic-V1001-e1,0,current_evidence,17.671642594970763,0,0,0,3524,1441.0,M1,1244,0,1,1,1,2,0,0.007496278965845704,test,V1001,1,0,0,0,1,1,delayed
0,1,2,0,synthetic-V1002-e0-channel_fault-c0-B0,0,2,0,0,0,0,0,0.009271420072764158,synthetic,11.083542973035946,synthetic-V1002-e0,0,revision_impact,5.167979105841368,0,0,0,1398,451.0,B0,365,0,0,2,0,2,0,0.0015050889924168587,test,V1002,2,0,0,1,1,2,channel_fault
0,1,2,0,synthetic-V1002-e0-channel_fault-c0-B1,0,2,0,0,0,0,0,0.011106503196060658,synthetic,11.090430063195527,synthetic-V1002-e0,0,revision_impact,5.1754852519370615,0,0,0,1398,451.0,B1,365,0,0,2,0,2,0,0.0014864399563521147,test,V1002,2,0,0,1,1,2,channel_fault
0,1,2,0,synthetic-V1002-e0-channel_fault-c0-B2,0,2,0,0,0,0,0,0.0539648390840739,synthetic,11.063999973004684,synthetic-V1002-e0,0,revision_impact,5.160147964954376,0,0,0,1398,451.0,B2,365,0,0,2,0,2,0,0.005602984922006726,test,V1002,2,0,0,1,1,2,channel_fault
0,1,2,0,synthetic-V1002-e0-channel_fault-c0-B3,0,2,0,0,0,0,0,0.01121402089484036,synthetic,16.087011666968465,synthetic-V1002-e0,0,revision_impact,5.13774117291905,0,0,0,1398,451.0,B3,365,0,0,2,0,2,0,0.0015118790324777365,test,V1002,2,0,0,1,1,2,channel_fault
0,1,2,0,synthetic-V1002-e0-channel_fault-c0-M1,0,2,0,0,0,0,0,0.059167052153497934,synthetic,16.11442956700921,synthetic-V1002-e0,0,revision_impact,5.099672708893195,0,0,0,1398,451.0,M1,363,0,0,2,0,2,0,0.0073798890225589275,test,V1002,2,0,0,1,1,2,channel_fault
0,1,2,0,synthetic-V1002-e0-channel_fault-c1-B0,1,2,0,0,0,0,1,0.0042358641512691975,synthetic,40.83939473098144,synthetic-V1002-e0,0,revision_impact,5.201799645088613,0,0,0,1792,481.0,B0,365,0,0,2,0,2,1,0.0016218558885157108,test,V1002,2,0,1,1,1,2,channel_fault
0,1,2,0,synthetic-V1002-e0-channel_fault-c1-B1,1,2,0,0,1,1,1,0.01664729998447001,synthetic,40.99374734098092,synthetic-V1002-e0,0,revision_impact,5.133405250962824,0,0,0,1792,481.0,B1,365,0,0,2,0,2,0,0.0016465559601783752,test,V1002,2,0,1,1,1,2,channel_fault
0,1,2,0,synthetic-V1002-e0-channel_fault-c1-B2,1,2,0,0,1,1,1,0.19491652213037014,synthetic,45.822804213967174,synthetic-V1002-e0,0,revision_impact,5.1350672480184585,0,0,0,1792,481.0,B2,365,0,0,2,0,2,0,0.009186702081933618,test,V1002,2,0,1,1,1,2,channel_fault
0,1,2,0,synthetic-V1002-e0-channel_fault-c1-B3,1,2,0,0,1,1,1,0.018062692135572433,synthetic,45.76827656617388,synthetic-V1002-e0,0,revision_impact,5.109008048893884,0,0,0,1792,481.0,B3,365,0,0,2,0,2,0,0.001635765889659524,test,V1002,2,0,1,1,1,2,channel_fault
0,1,2,0,synthetic-V1002-e0-channel_fault-c1-M1,1,2,0,0,1,1,1,0.110240220092237,synthetic,45.74501820001751,synthetic-V1002-e0,0,revision_impact,5.128371804021299,0,0,0,1792,481.0,M1,365,0,0,2,0,2,0,0.005956989014521241,test,V1002,2,0,1,1,1,2,channel_fault
0,1,2,0,synthetic-V1002-e0-channel_fault-c2-B0,2,2,0,0,0,0,1,0.004452309105545282,synthetic,41.51174752693623,synthetic-V1002-e0,0,revision_impact,5.204609347973019,0,0,0,1792,541.0,B0,365,0,0,2,0,2,1,0.0016964150127023458,test,V1002,2,0,3,1,1,2,channel_fault
0,1,2,0,synthetic-V1002-e0-channel_fault-c2-B1,2,2,0,0,1,1,1,0.018608581041917205,synthetic,43.821658024098724,synthetic-V1002-e0,0,revision_impact,5.45173499500379,0,0,0,1792,541.0,B1,365,0,0,2,0,2,0,0.0017408938147127628,test,V1002,2,0,3,1,1,2,channel_fault
0,1,2,0,synthetic-V1002-e0-channel_fault-c2-B2,2,2,0,0,1,1,1,0.12135803303681314,synthetic,46.19278978114016,synthetic-V1002-e0,0,revision_impact,5.134758173022419,0,0,0,1792,541.0,B2,365,0,0,2,0,2,0,0.0062601519748568535,test,V1002,2,0,3,1,1,2,channel_fault
0,1,2,0,synthetic-V1002-e0-channel_fault-c2-B3,2,2,0,0,1,1,1,0.02166028809733689,synthetic,46.622040329966694,synthetic-V1002-e0,0,revision_impact,5.127602468943223,0,0,0,1792,541.0,B3,365,0,0,2,0,2,0,0.0017708039376884699,test,V1002,2,0,3,1,1,2,channel_fault
0,1,2,0,synthetic-V1002-e0-channel_fault-c2-M1,2,2,0,0,1,1,1,0.10378269199281931,synthetic,46.482888279948384,synthetic-V1002-e0,0,revision_impact,5.120319748064503,0,0,0,1792,541.0,M1,365,0,0,2,0,2,0,0.006269452162086964,test,V1002,2,0,3,1,1,2,channel_fault
0,1,2,0,synthetic-V1002-e0-clean-c0-B0,0,2,0,0,0,0,0,0.00979370204731822,synthetic,51.55302978702821,synthetic-V1002-e0,0,revision_impact,5.457498653093353,0,0,0,1398,451.0,B0,365,0,0,2,0,2,0,0.001496730139479041,test,V1002,2,0,0,1,1,2,clean
0,1,2,0,synthetic-V1002-e0-clean-c0-B1,0,2,0,0,0,0,0,0.010921488981693983,synthetic,54.92151338700205,synthetic-V1002-e0,0,revision_impact,5.041827862849459,0,0,0,1398,451.0,B1,365,0,0,2,0,2,0,0.0014994200319051743,test,V1002,2,0,0,1,1,2,clean
0,1,2,0,synthetic-V1002-e0-clean-c0-B2,0,2,0,0,0,0,0,0.05477620288729668,synthetic,55.27510254108347,synthetic-V1002-e0,0,revision_impact,5.32453052001074,0,0,0,1398,451.0,B2,363,0,0,2,0,2,0,0.005366691155359149,test,V1002,2,0,0,1,1,2,clean
0,1,2,0,synthetic-V1002-e0-clean-c0-B3,0,2,0,0,0,0,0,0.011004616972059011,synthetic,56.46547724492848,synthetic-V1002-e0,0,revision_impact,5.0632677199319005,0,0,0,1398,451.0,B3,363,0,0,2,0,2,0,0.001503959996625781,test,V1002,2,0,0,1,1,2,clean
0,1,2,0,synthetic-V1002-e0-clean-c0-M1,0,2,0,0,0,0,0,0.059993627946823835,synthetic,55.22574884793721,synthetic-V1002-e0,0,revision_impact,5.334351971978322,0,0,0,1398,451.0,M1,363,0,0,2,0,2,0,0.008815561886876822,test,V1002,2,0,0,1,1,2,clean
0,1,2,0,synthetic-V1002-e0-clean-c1-B0,1,2,0,0,0,0,0,0.002606356982141733,synthetic,40.27676773094572,synthetic-V1002-e0,0,revision_impact,5.462962600169703,0,0,0,1731,481.0,B0,365,0,0,2,0,2,0,0.0016004880890250206,test,V1002,2,0,2,1,1,2,clean
0,1,2,0,synthetic-V1002-e0-clean-c1-B1,1,2,0,0,0,0,0,0.012561636976897717,synthetic,45.363861148944125,synthetic-V1002-e0,0,revision_impact,5.087557398946956,0,0,0,1731,481.0,B1,365,0,0,2,0,2,0,0.0015670880675315857,test,V1002,2,0,2,1,1,2,clean
0,1,2,0,synthetic-V1002-e0-clean-c1-B2,1,2,0,0,0,0,0,0.041652437997981906,synthetic,46.62247589486651,synthetic-V1002-e0,0,revision_impact,5.119324256898835,0,0,0,1731,481.0,B2,365,0,0,2,0,2,0,0.006143586011603475,test,V1002,2,0,2,1,1,2,clean
0,1,2,0,synthetic-V1002-e0-clean-c1-B3,1,2,0,0,0,0,0,0.007079606875777245,synthetic,47.58605732303113,synthetic-V1002-e0,0,revision_impact,5.595359076978639,0,0,0,1731,481.0,B3,365,0,0,2,0,2,0,0.0015569489914923906,test,V1002,2,0,2,1,1,2,clean
0,1,2,0,synthetic-V1002-e0-clean-c1-M1,1,2,0,0,0,0,0,0.02951097395271063,synthetic,46.73076578602195,synthetic-V1002-e0,0,revision_impact,5.128331354120746,0,0,0,1731,481.0,M1,365,0,0,2,0,2,0,0.005455859936773777,test,V1002,2,0,2,1,1,2,clean
0,1,2,0,synthetic-V1002-e0-clean-c2-B0,2,2,0,0,0,0,0,0.002701164921745658,synthetic,41.65072447806597,synthetic-V1002-e0,0,revision_impact,5.1535722280386835,0,0,0,1731,541.0,B0,365,0,0,2,0,2,0,0.0016324871685355902,test,V1002,2,0,4,1,1,2,clean
0,1,2,0,synthetic-V1002-e0-clean-c2-B1,2,2,0,0,0,0,0,0.006835161941125989,synthetic,46.72282637003809,synthetic-V1002-e0,0,revision_impact,5.070187801029533,0,0,0,1731,541.0,B1,365,0,0,2,0,2,0,0.0016620969399809837,test,V1002,2,0,4,1,1,2,clean
0,1,2,0,synthetic-V1002-e0-clean-c2-B2,2,2,0,0,0,0,0,0.0344427740201354,synthetic,46.73875871486962,synthetic-V1002-e0,0,revision_impact,5.065060121007264,0,0,0,1731,541.0,B2,365,0,0,2,0,2,0,0.005740324035286903,test,V1002,2,0,4,1,1,2,clean
0,1,2,0,synthetic-V1002-e0-clean-c2-B3,2,2,0,0,0,0,0,0.007423399947583675,synthetic,47.87667534919456,synthetic-V1002-e0,0,revision_impact,5.06698915688321,0,0,0,1731,541.0,B3,365,0,0,2,0,2,0,0.0016311570070683956,test,V1002,2,0,4,1,1,2,clean
0,1,2,0,synthetic-V1002-e0-clean-c2-M1,2,2,0,0,0,0,0,0.041833155089989305,synthetic,47.26906933984719,synthetic-V1002-e0,0,revision_impact,5.052422523032874,0,0,0,1731,541.0,M1,365,0,0,2,0,2,0,0.0057940431870520115,test,V1002,2,0,4,1,1,2,clean
0,1,2,0,synthetic-V1002-e0-correction-c0-B0,0,2,0,0,0,0,0,0.009045277023687959,synthetic,53.91860459395684,synthetic-V1002-e0,0,revision_impact,5.178429431980476,0,0,0,1398,451.0,B0,363,0,0,2,0,2,0,0.0015045499894768,test,V1002,2,0,0,1,1,2,correction
0,1,2,0,synthetic-V1002-e0-correction-c0-B1,0,2,0,0,0,0,0,0.01086757006123662,synthetic,56.19498296198435,synthetic-V1002-e0,0,revision_impact,5.044095567194745,0,0,0,1398,451.0,B1,363,0,0,2,0,2,0,0.001513669965788722,test,V1002,2,0,0,1,1,2,correction
0,1,2,0,synthetic-V1002-e0-correction-c0-B2,0,2,0,0,0,0,0,0.053517597960308194,synthetic,58.4152155239135,synthetic-V1002-e0,0,revision_impact,5.085060607874766,0,0,0,1398,451.0,B2,363,0,0,2,0,2,0,0.00543871009722352,test,V1002,2,0,0,1,1,2,correction
0,1,2,0,synthetic-V1002-e0-correction-c0-B3,0,2,0,0,0,0,0,0.01095340889878571,synthetic,61.150043996982276,synthetic-V1002-e0,0,revision_impact,5.083344503073022,0,0,0,1398,451.0,B3,363,0,0,2,0,2,0,0.001498019089922309,test,V1002,2,0,0,1,1,2,correction
0,1,2,0,synthetic-V1002-e0-correction-c0-M1,0,2,0,0,0,0,0,0.056410969933494925,synthetic,58.92263091914356,synthetic-V1002-e0,0,revision_impact,5.081529408926144,0,0,0,1398,451.0,M1,363,0,0,2,0,2,0,0.0054069210309535265,test,V1002,2,0,0,1,1,2,correction
0,1,2,0,synthetic-V1002-e0-correction-c1-B0,1,2,0,0,0,0,1,0.005753374192863703,synthetic,51.59502194891684,synthetic-V1002-e0,0,revision_impact,5.425524129066616,0,0,0,1729,481.0,B0,384,0,0,2,0,2,1,0.003942270064726472,test,V1002,2,0,1,1,1,2,correction
0,1,2,0,synthetic-V1002-e0-correction-c1-B1,1,2,0,0,1,1,1,0.016457897843793035,synthetic,51.75160313490778,synthetic-V1002-e0,0,revision_impact,5.365719336783513,0,0,0,1729,481.0,B1,384,0,0,2,0,2,0,0.002826971933245659,test,V1002,2,0,1,1,1,2,correction
0,1,2,0,synthetic-V1002-e0-correction-c1-B2,1,2,0,0,1,1,1,0.04472151701338589,synthetic,57.00213204999454,synthetic-V1002-e0,0,revision_impact,5.433292062021792,0,0,0,1729,481.0,B2,384,0,0,2,0,2,0,0.009130535181611776,test,V1002,2,0,1,1,1,2,correction
0,1,2,0,synthetic-V1002-e0-correction-c1-B3,1,2,0,0,1,1,1,0.0076429350301623344,synthetic,59.79552633990534,synthetic-V1002-e0,0,revision_impact,5.426553637953475,0,0,0,1729,481.0,B3,384,0,0,2,0,2,0,0.0015912179369479418,test,V1002,2,0,1,1,1,2,correction
0,1,2,0,synthetic-V1002-e0-correction-c1-M1,1,2,0,0,1,1,1,0.045758206164464355,synthetic,57.12964229402132,synthetic-V1002-e0,0,revision_impact,5.446184542030096,0,0,0,1729,481.0,M1,384,0,0,2,0,2,0,0.008649545023217797,test,V1002,2,0,1,1,1,2,correction
0,1,2,0,synthetic-V1002-e0-correction-c2-B0,2,2,0,0,0,0,1,0.006096036871895194,synthetic,49.4585172648076,synthetic-V1002-e0,0,revision_impact,5.441171892918646,0,0,0,1750,541.0,B0,384,0,0,2,0,2,1,0.0040860280860215425,test,V1002,2,0,3,1,1,2,correction
0,1,2,0,synthetic-V1002-e0-correction-c2-B1,2,2,0,0,1,1,1,0.01837185793556273,synthetic,51.72382044582628,synthetic-V1002-e0,0,revision_impact,5.36402522190474,0,0,0,1750,541.0,B1,384,0,0,2,0,2,0,0.0029530811589211226,test,V1002,2,0,3,1,1,2,correction
0,1,2,0,synthetic-V1002-e0-correction-c2-B2,2,2,0,0,1,1,1,0.045072729932144284,synthetic,51.8759195629973,synthetic-V1002-e0,0,revision_impact,5.363984372932464,0,0,0,1750,541.0,B2,384,0,0,2,0,2,0,0.005808972055092454,test,V1002,2,0,3,1,1,2,correction
0,1,2,0,synthetic-V1002-e0-correction-c2-B3,2,2,0,0,1,1,1,0.008749922970309854,synthetic,54.41084499587305,synthetic-V1002-e0,0,revision_impact,5.086965401191264,0,0,0,1750,541.0,B3,384,0,0,2,0,2,0,0.0016356571577489376,test,V1002,2,0,3,1,1,2,correction
0,1,2,0,synthetic-V1002-e0-correction-c2-M1,2,2,0,0,1,1,1,0.047499730018898845,synthetic,52.580590632976964,synthetic-V1002-e0,0,revision_impact,5.3370292980689555,0,0,0,1750,541.0,M1,384,0,0,2,0,2,0,0.005820462014526129,test,V1002,2,0,3,1,1,2,correction
0,0,1,1,synthetic-V1002-e0-delayed-c0-B0,0,2,1,0,0,0,0,0.017654614057391882,synthetic,40.96752812410705,synthetic-V1002-e0,0,revision_impact,5.234045107848942,0,0,0,1285,451.0,B0,366,0,0,2,0,2,0,0.0015370079781860113,test,V1002,1,0,0,1,1,1,delayed
0,0,1,0,synthetic-V1002-e0-delayed-c0-B1,0,1,0,0,0,0,0,0.010679534869268537,synthetic,46.1406750229653,synthetic-V1002-e0,0,revision_impact,10.413415841991082,0,0,0,2965,451.0,B1,732,0,1,1,1,2,0,0.0015081490855664015,test,V1002,1,0,0,1,1,1,delayed
0,0,1,0,synthetic-V1002-e0-delayed-c0-B2,0,1,0,0,0,0,0,0.05295186000876129,synthetic,51.28087366791442,synthetic-V1002-e0,0,revision_impact,10.3361876020208,0,0,0,2965,451.0,B2,732,0,1,1,1,2,0,0.00598916900344193,test,V1002,1,0,0,1,1,1,delayed
0,0,1,0,synthetic-V1002-e0-delayed-c0-B3,0,1,0,0,0,0,0,0.010894279927015305,synthetic,56.25900587788783,synthetic-V1002-e0,0,revision_impact,10.243272681022063,0,0,0,2965,451.0,B3,732,0,1,1,1,2,0,0.0014799598138779402,test,V1002,1,0,0,1,1,1,delayed
0,0,1,0,synthetic-V1002-e0-delayed-c0-M1,0,1,0,0,0,0,0,0.05284815188497305,synthetic,53.41179443593137,synthetic-V1002-e0,0,revision_impact,10.266880703158677,0,0,0,2965,451.0,M1,732,0,1,1,1,2,0,0.005326652899384499,test,V1002,1,0,0,1,1,1,delayed
0,0,1,1,synthetic-V1002-e0-delayed-c1-B0,1,2,1,0,0,0,0,0.0019812299869954586,synthetic,40.99252770701423,synthetic-V1002-e0,0,revision_impact,5.232106126844883,0,0,1,1600,481.0,B0,366,0,0,2,0,2,0,0.0015566479414701462,test,V1002,1,0,1,1,1,1,delayed
0,0,1,0,synthetic-V1002-e0-delayed-c1-B1,1,1,0,0,0,0,0,0.0037052950356155634,synthetic,51.22136204899289,synthetic-V1002-e0,0,revision_impact,10.37874913122505,0,0,0,3595,481.0,B1,732,0,1,1,1,2,0,0.0015577590093016624,test,V1002,1,0,1,1,1,1,delayed
0,0,1,0,synthetic-V1002-e0-delayed-c1-B2,1,1,0,0,0,0,0,0.012151604052633047,synthetic,51.432420374127105,synthetic-V1002-e0,0,revision_impact,10.429352849023417,0,0,0,3595,481.0,B2,732,0,1,1,1,2,0,0.00548040890134871,test,V1002,1,0,1,1,1,1,delayed
0,0,1,0,synthetic-V1002-e0-delayed-c1-B3,1,1,0,0,0,0,0,0.004114567069336772,synthetic,61.087503630900756,synthetic-V1002-e0,0,revision_impact,10.405167018994689,0,0,0,3595,481.0,B3,732,0,1,1,1,2,0,0.0015746578574180603,test,V1002,1,0,1,1,1,1,delayed
0,0,1,0,synthetic-V1002-e0-delayed-c1-M1,1,1,0,0,0,0,0,0.011467928066849709,synthetic,59.528853547992185,synthetic-V1002-e0,0,revision_impact,10.333188451826572,0,0,0,3595,481.0,M1,732,0,1,1,1,2,0,0.005661554867401719,test,V1002,1,0,1,1,1,1,delayed
0,1,2,0,synthetic-V1002-e0-delayed-c2-B0,2,2,0,0,0,0,0,0.006738853873685002,synthetic,45.2550104400143,synthetic-V1002-e0,0,revision_impact,5.493355097947642,0,0,2,1713,541.0,B0,386,0,0,2,0,2,0,0.004381510894745588,test,V1002,2,0,2,1,1,2,delayed
0,1,2,0,synthetic-V1002-e0-delayed-c2-B1,2,2,0,0,0,0,0,0.009092567022889853,synthetic,45.04373331996612,synthetic-V1002-e0,0,revision_impact,5.1100038359873,0,0,0,1713,541.0,B1,363,0,0,2,0,2,0,0.003552718088030815,test,V1002,2,0,2,1,1,2,delayed
0,1,2,0,synthetic-V1002-e0-delayed-c2-B2,2,2,0,0,0,0,0,0.026570172980427742,synthetic,50.1868953560479,synthetic-V1002-e0,0,revision_impact,5.14874008204788,0,0,0,1713,541.0,B2,363,0,0,2,0,2,0,0.009932819986715913,test,V1002,2,0,2,1,1,2,delayed
0,1,2,0,synthetic-V1002-e0-delayed-c2-B3,2,2,0,0,0,0,0,0.007098447065800428,synthetic,51.09384822822176,synthetic-V1002-e0,0,revision_impact,5.46014343900606,0,0,0,1713,541.0,B3,386,0,0,2,0,2,0,0.0025691979099065065,test,V1002,2,0,2,1,1,2,delayed
0,1,2,0,synthetic-V1002-e0-delayed-c2-M1,2,2,0,0,0,0,0,0.01609765482135117,synthetic,50.32840172504075,synthetic-V1002-e0,0,revision_impact,5.134138467023149,0,0,0,1713,541.0,M1,363,0,0,2,0,2,0,0.006334932055324316,test,V1002,2,0,2,1,1,2,delayed
0,1,2,0,synthetic-V1002-e1-channel_fault-c0-B0,0,2,0,0,0,0,0,0.010563896968960762,synthetic,5.953389497008175,synthetic-V1002-e1,0,evidence_sufficiency,5.93762634601444,0,0,0,1431,1351.0,B0,365,0,0,2,0,2,0,0.0014990090858191252,test,V1002,2,0,0,1,1,2,channel_fault
0,1,2,0,synthetic-V1002-e1-channel_fault-c0-B1,0,2,0,0,0,0,0,0.011957999086007476,synthetic,5.970783764962107,synthetic-V1002-e1,0,evidence_sufficiency,5.954014024930075,0,0,0,1431,1351.0,B1,365,0,0,2,0,2,0,0.001497379969805479,test,V1002,2,0,0,1,1,2,channel_fault
0,1,2,0,synthetic-V1002-e1-channel_fault-c0-B2,0,2,0,0,0,0,0,0.08471701992675662,synthetic,5.946430256823078,synthetic-V1002-e1,0,evidence_sufficiency,5.848328717984259,0,0,0,1431,1351.0,B2,365,0,0,2,0,2,0,0.00920990388840437,test,V1002,2,0,0,1,1,2,channel_fault
0,1,2,0,synthetic-V1002-e1-channel_fault-c0-B3,0,2,0,0,0,0,0,0.015109013998880982,synthetic,10.929844132857397,synthetic-V1002-e1,0,evidence_sufficiency,5.186582711990923,0,0,0,1431,1351.0,B3,365,0,0,2,0,2,0,0.0015215901657938957,test,V1002,2,0,0,1,1,2,channel_fault
0,1,2,0,synthetic-V1002-e1-channel_fault-c0-M1,0,2,0,0,0,0,0,0.06911413394846022,synthetic,5.836343771079555,synthetic-V1002-e1,0,evidence_sufficiency,5.753270698012784,0,0,0,1431,1351.0,M1,365,0,0,2,0,2,0,0.009085665922611952,test,V1002,2,0,0,1,1,2,channel_fault
0,1,2,0,synthetic-V1002-e1-channel_fault-c1-B0,1,2,0,0,0,0,1,0.016235762042924762,synthetic,30.64886346599087,synthetic-V1002-e1,0,evidence_sufficiency,5.222379120066762,0,0,0,1519,1381.0,B0,371,0,0,2,0,2,1,0.0028225129935890436,test,V1002,2,0,1,1,1,2,channel_fault
0,1,2,0,synthetic-V1002-e1-channel_fault-c1-B1,1,2,0,0,1,1,1,0.0206624330021441,synthetic,30.97885610209778,synthetic-V1002-e1,0,evidence_sufficiency,5.18158765300177,0,0,0,1519,1381.0,B1,371,0,0,2,0,2,0,0.001640157075598836,test,V1002,2,0,1,1,1,2,channel_fault
0,1,2,0,synthetic-V1002-e1-channel_fault-c1-B2,1,2,0,0,1,1,1,0.07733681821264327,synthetic,30.959595061140135,synthetic-V1002-e1,0,evidence_sufficiency,5.170887889107689,0,0,0,1519,1381.0,B2,371,0,0,2,0,2,0,0.005681406008079648,test,V1002,2,0,1,1,1,2,channel_fault
0,1,2,0,synthetic-V1002-e1-channel_fault-c1-B3,1,2,0,0,1,1,1,0.019425478065386415,synthetic,35.59865159005858,synthetic-V1002-e1,0,evidence_sufficiency,5.171335590071976,0,0,0,1519,1381.0,B3,371,0,0,2,0,2,0,0.001655356027185917,test,V1002,2,0,1,1,1,2,channel_fault
0,1,2,0,synthetic-V1002-e1-channel_fault-c1-M1,1,2,0,0,1,1,1,0.09270031796768308,synthetic,31.461246069986373,synthetic-V1002-e1,0,evidence_sufficiency,5.224746701074764,0,0,0,1519,1381.0,M1,371,0,0,2,0,2,0,0.005663375835865736,test,V1002,2,0,1,1,1,2,channel_fault
0,1,2,0,synthetic-V1002-e1-channel_fault-c2-B0,2,2,0,0,0,0,1,0.009545718086883426,synthetic,31.549141416093335,synthetic-V1002-e1,0,evidence_sufficiency,5.26124480413273,0,0,0,1519,1441.0,B0,371,0,0,2,0,2,1,0.0017171148210763931,test,V1002,2,0,3,1,1,2,channel_fault
0,1,2,0,synthetic-V1002-e1-channel_fault-c2-B1,2,2,0,0,1,1,1,0.01966863195411861,synthetic,31.610132704023272,synthetic-V1002-e1,0,evidence_sufficiency,5.193406674079597,0,0,0,1519,1441.0,B1,371,0,0,2,0,2,0,0.0018389229662716389,test,V1002,2,0,3,1,1,2,channel_fault
0,1,2,0,synthetic-V1002-e1-channel_fault-c2-B2,2,2,0,0,1,1,1,0.14496765192598104,synthetic,32.09466438018717,synthetic-V1002-e1,0,evidence_sufficiency,5.217265241779387,0,0,0,1519,1441.0,B2,371,0,0,2,0,2,0,0.010248212842270732,test,V1002,2,0,3,1,1,2,channel_fault
0,1,2,0,synthetic-V1002-e1-channel_fault-c2-B3,2,2,0,0,1,1,1,0.022822899045422673,synthetic,36.32172691798769,synthetic-V1002-e1,0,evidence_sufficiency,5.160305673023686,0,0,0,1519,1441.0,B3,367,0,0,2,0,2,0,0.0017301449552178383,test,V1002,2,0,3,1,1,2,channel_fault
0,1,2,0,synthetic-V1002-e1-channel_fault-c2-M1,2,2,0,0,1,1,1,0.18962913006544113,synthetic,32.16025133500807,synthetic-V1002-e1,0,evidence_sufficiency,5.380400737980381,0,0,0,1519,1441.0,M1,371,0,0,2,0,2,0,0.010288023157045245,test,V1002,2,0,3,1,1,2,channel_fault
0,1,2,0,synthetic-V1002-e1-clean-c0-B0,0,2,0,0,0,0,0,0.009672892047092319,synthetic,5.820702882949263,synthetic-V1002-e1,0,evidence_sufficiency,5.8061105909291655,0,0,0,1431,1351.0,B0,365,0,0,2,0,2,0,0.0014969401527196169,test,V1002,2,0,0,1,1,2,clean
0,1,2,0,synthetic-V1002-e1-clean-c0-B1,0,2,0,0,0,0,0,0.011032314971089363,synthetic,5.819431958952919,synthetic-V1002-e1,0,evidence_sufficiency,5.802864197874442,0,0,0,1431,1351.0,B1,365,0,0,2,0,2,0,0.001512979157269001,test,V1002,2,0,0,1,1,2,clean
0,1,2,0,synthetic-V1002-e1-clean-c0-B2,0,2,0,0,0,0,0,0.06830341508612037,synthetic,5.808558552060276,synthetic-V1002-e1,0,evidence_sufficiency,5.730856369016692,0,0,0,1431,1351.0,B2,365,0,0,2,0,2,0,0.005603115074336529,test,V1002,2,0,0,1,1,2,clean
0,1,2,0,synthetic-V1002-e1-clean-c0-B3,0,2,0,0,0,0,0,0.01178164011798799,synthetic,10.804425660986453,synthetic-V1002-e1,0,evidence_sufficiency,5.162670043995604,0,0,0,1431,1351.0,B3,365,0,0,2,0,2,0,0.0015014188829809427,test,V1002,2,0,0,1,1,2,clean
0,1,2,0,synthetic-V1002-e1-clean-c0-M1,0,2,0,0,0,0,0,0.06623697699978948,synthetic,5.739601240027696,synthetic-V1002-e1,0,evidence_sufficiency,5.664054773049429,0,0,0,1431,1351.0,M1,365,0,0,2,0,2,0,0.006279351189732552,test,V1002,2,0,0,1,1,2,clean
0,1,2,0,synthetic-V1002-e1-clean-c1-B0,1,2,0,0,0,0,0,0.002604696899652481,synthetic,37.31580476183444,synthetic-V1002-e1,0,evidence_sufficiency,5.1132091239560395,0,0,0,1452,1381.0,B0,365,0,0,2,0,2,0,0.001597647089511156,test,V1002,2,0,2,1,1,2,clean
0,1,2,0,synthetic-V1002-e1-clean-c1-B1,1,2,0,0,0,0,0,0.006616784958168864,synthetic,39.868211989989504,synthetic-V1002-e1,0,evidence_sufficiency,5.074146592058241,0,0,0,1452,1381.0,B1,365,0,0,2,0,2,0,0.0015711579471826553,test,V1002,2,0,2,1,1,2,clean
0,1,2,0,synthetic-V1002-e1-clean-c1-B2,1,2,0,0,0,0,0,0.027096665930002928,synthetic,40.193984265904874,synthetic-V1002-e1,0,evidence_sufficiency,5.150479193078354,0,0,0,1452,1381.0,B2,365,0,0,2,0,2,0,0.005664234980940819,test,V1002,2,0,2,1,1,2,clean
0,1,2,0,synthetic-V1002-e1-clean-c1-B3,1,2,0,0,0,0,0,0.007686202879995108,synthetic,42.43581337691285,synthetic-V1002-e1,0,evidence_sufficiency,5.190855607157573,0,0,0,1452,1381.0,B3,365,0,0,2,0,2,0,0.001592707121744752,test,V1002,2,0,2,1,1,2,clean
0,1,2,0,synthetic-V1002-e1-clean-c1-M1,1,2,0,0,0,0,0,0.026608476182445884,synthetic,41.42089218692854,synthetic-V1002-e1,0,evidence_sufficiency,5.4231900030281395,0,0,0,1452,1381.0,M1,365,0,0,2,0,2,0,0.0056462648790329695,test,V1002,2,0,2,1,1,2,clean
0,1,2,0,synthetic-V1002-e1-clean-c2-B0,2,2,0,0,0,0,0,0.0026605858001857996,synthetic,36.36891407193616,synthetic-V1002-e1,0,evidence_sufficiency,5.158380590844899,0,0,0,1452,1441.0,B0,365,0,0,2,0,2,0,0.0016474060248583555,test,V1002,2,0,4,1,1,2,clean
0,1,2,0,synthetic-V1002-e1-clean-c2-B1,2,2,0,0,0,0,0,0.007011286914348602,synthetic,41.43598015909083,synthetic-V1002-e1,0,evidence_sufficiency,5.065682565094903,0,0,0,1452,1441.0,B1,365,0,0,2,0,2,0,0.0016892962157726288,test,V1002,2,0,4,1,1,2,clean
0,1,2,0,synthetic-V1002-e1-clean-c2-B2,2,2,0,0,0,0,0,0.02799741900525987,synthetic,41.90022267587483,synthetic-V1002-e1,0,evidence_sufficiency,5.147525232983753,0,0,0,1452,1441.0,B2,365,0,0,2,0,2,0,0.005747401854023337,test,V1002,2,0,4,1,1,2,clean
0,1,2,0,synthetic-V1002-e1-clean-c2-B3,2,2,0,0,0,0,0,0.007746662013232708,synthetic,43.05726665398106,synthetic-V1002-e1,0,evidence_sufficiency,5.434988141991198,0,0,0,1452,1441.0,B3,365,0,0,2,0,2,0,0.0016344969626516104,test,V1002,2,0,4,1,1,2,clean
0,1,2,0,synthetic-V1002-e1-clean-c2-M1,2,2,0,0,0,0,0,0.027737112948670983,synthetic,41.96462403098121,synthetic-V1002-e1,0,evidence_sufficiency,5.148302686866373,0,0,0,1452,1441.0,M1,365,0,0,2,0,2,0,0.005719013977795839,test,V1002,2,0,4,1,1,2,clean
0,1,2,0,synthetic-V1002-e1-correction-c0-B0,0,2,0,0,0,0,0,0.009272781200706959,synthetic,49.32840367802419,synthetic-V1002-e1,0,evidence_sufficiency,5.206645856145769,0,0,0,1431,1351.0,B0,365,0,0,2,0,2,0,0.001540428027510643,test,V1002,2,0,0,1,1,2,correction
0,1,2,0,synthetic-V1002-e1-correction-c0-B1,0,2,0,0,0,0,0,0.011435545980930328,synthetic,52.34807143709622,synthetic-V1002-e1,0,evidence_sufficiency,5.10997579805553,0,0,0,1431,1351.0,B1,365,0,0,2,0,2,0,0.0015015399549156427,test,V1002,2,0,0,1,1,2,correction
0,1,2,0,synthetic-V1002-e1-correction-c0-B2,0,2,0,0,0,0,0,0.0716489190235734,synthetic,54.42956713610329,synthetic-V1002-e1,0,evidence_sufficiency,5.117831218056381,0,0,0,1431,1351.0,B2,365,0,0,2,0,2,0,0.005707972915843129,test,V1002,2,0,0,1,1,2,correction
0,1,2,0,synthetic-V1002-e1-correction-c0-B3,0,2,0,0,0,0,0,0.011375067988410592,synthetic,56.54936810187064,synthetic-V1002-e1,0,evidence_sufficiency,5.366052284138277,0,0,0,1431,1351.0,B3,365,0,0,2,0,2,0,0.0015156290028244257,test,V1002,2,0,0,1,1,2,correction
0,1,2,0,synthetic-V1002-e1-correction-c0-M1,0,2,0,0,0,0,0,0.06520804995670915,synthetic,55.40298696793616,synthetic-V1002-e1,0,evidence_sufficiency,5.105259623145685,0,0,0,1431,1351.0,M1,365,0,0,2,0,2,0,0.00567435403354466,test,V1002,2,0,0,1,1,2,correction
0,1,2,0,synthetic-V1002-e1-correction-c1-B0,1,2,0,0,0,0,1,0.003462309017777443,synthetic,60.59958543907851,synthetic-V1002-e1,0,evidence_sufficiency,5.178163917036727,0,0,0,1452,1381.0,B0,365,0,0,2,0,2,1,0.0015979970339685678,test,V1002,2,0,1,1,1,2,correction
0,1,2,0,synthetic-V1002-e1-correction-c1-B1,1,2,0,0,1,1,1,0.0073568199295550585,synthetic,64.9582865529228,synthetic-V1002-e1,0,evidence_sufficiency,5.100532739888877,0,0,0,1452,1381.0,B1,365,0,0,2,0,2,0,0.0016020569019019604,test,V1002,2,0,1,1,1,2,correction
0,1,2,0,synthetic-V1002-e1-correction-c1-B2,1,2,0,0,1,1,1,0.03266363381408155,synthetic,65.71689815702848,synthetic-V1002-e1,0,evidence_sufficiency,5.127439891919494,0,0,0,1452,1381.0,B2,365,0,0,2,0,2,0,0.005595776019617915,test,V1002,2,0,1,1,1,2,correction
0,1,2,0,synthetic-V1002-e1-correction-c1-B3,1,2,0,0,1,1,1,0.008414518786594272,synthetic,67.58569142501801,synthetic-V1002-e1,0,evidence_sufficiency,5.432008028961718,0,0,0,1452,1381.0,B3,365,0,0,2,0,2,0,0.0015904470346868038,test,V1002,2,0,1,1,1,2,correction
0,1,2,0,synthetic-V1002-e1-correction-c1-M1,1,2,0,0,1,1,1,0.027121527120471,synthetic,66.96710138395429,synthetic-V1002-e1,0,evidence_sufficiency,5.111034507164732,0,0,0,1452,1381.0,M1,365,0,0,2,0,2,0,0.005614456022158265,test,V1002,2,0,1,1,1,2,correction
0,1,2,0,synthetic-V1002-e1-correction-c2-B0,2,2,0,0,0,0,1,0.002894490957260132,synthetic,60.323372883023694,synthetic-V1002-e1,0,evidence_sufficiency,5.162087925011292,0,0,0,1452,1441.0,B0,365,0,0,2,0,2,1,0.0016183259431272745,test,V1002,2,0,3,1,1,2,correction
0,1,2,0,synthetic-V1002-e1-correction-c2-B1,2,2,0,0,1,1,1,0.008331310003995895,synthetic,65.4416816320736,synthetic-V1002-e1,0,evidence_sufficiency,5.115700410911813,0,0,0,1452,1441.0,B1,365,0,0,2,0,2,0,0.0016748260241001844,test,V1002,2,0,3,1,1,2,correction
0,1,2,0,synthetic-V1002-e1-correction-c2-B2,2,2,0,0,1,1,1,0.03891556616872549,synthetic,66.63891268800944,synthetic-V1002-e1,0,evidence_sufficiency,5.036107225110754,0,0,0,1452,1441.0,B2,365,0,0,2,0,2,0,0.006861210102215409,test,V1002,2,0,3,1,1,2,correction
0,1,2,0,synthetic-V1002-e1-correction-c2-B3,2,2,0,0,1,1,1,0.008416897850111127,synthetic,67.64922747784294,synthetic-V1002-e1,0,evidence_sufficiency,4.926354764029384,0,0,0,1452,1441.0,B3,365,0,0,2,0,2,0,0.001647826051339507,test,V1002,2,0,3,1,1,2,correction
0,1,2,0,synthetic-V1002-e1-correction-c2-M1,2,2,0,0,1,1,1,0.03829208808019757,synthetic,67.01224542199634,synthetic-V1002-e1,0,evidence_sufficiency,5.006240925053135,0,0,0,1452,1441.0,M1,365,0,0,2,0,2,0,0.006164334947243333,test,V1002,2,0,3,1,1,2,correction
0,0,1,1,synthetic-V1002-e1-delayed-c0-B0,0,2,1,0,0,0,0,0.009556675096973777,synthetic,21.76526878797449,synthetic-V1002-e1,0,evidence_sufficiency,5.067034533014521,0,0,0,1313,1351.0,B0,355,0,0,2,0,2,0,0.001481079962104559,test,V1002,1,0,0,1,1,1,delayed
0,0,1,0,synthetic-V1002-e1-delayed-c0-B1,0,1,0,0,0,0,0,0.011208260897547007,synthetic,26.767534624086693,synthetic-V1002-e1,0,evidence_sufficiency,10.060657864902169,0,0,0,3010,1351.0,B1,710,0,1,1,1,2,0,0.0015029290225356817,test,V1002,1,0,0,1,1,1,delayed
0,0,1,0,synthetic-V1002-e1-delayed-c0-B2,0,1,0,0,0,0,0,0.054437169106677175,synthetic,26.759131575003266,synthetic-V1002-e1,0,evidence_sufficiency,10.060379541711882,0,0,0,3010,1351.0,B2,710,0,1,1,1,2,0,0.005435548955574632,test,V1002,1,0,0,1,1,1,delayed
0,0,1,0,synthetic-V1002-e1-delayed-c0-B3,0,1,0,0,0,0,0,0.011504265014082193,synthetic,34.718569793971255,synthetic-V1002-e1,0,evidence_sufficiency,10.074115141062066,0,0,0,3010,1351.0,B3,710,0,1,1,1,2,0,0.0014918800443410873,test,V1002,1,0,0,1,1,1,delayed
0,0,1,0,synthetic-V1002-e1-delayed-c0-M1,0,1,0,0,0,0,0,0.058936407091096044,synthetic,31.697147633181885,synthetic-V1002-e1,0,evidence_sufficiency,10.008545810123906,0,0,0,3010,1351.0,M1,710,0,1,1,1,2,0,0.005495297955349088,test,V1002,1,0,0,1,1,1,delayed
0,0,1,1,synthetic-V1002-e1-delayed-c1-B0,1,2,1,0,0,0,0,0.0021590960677713156,synthetic,29.58771159290336,synthetic-V1002-e1,0,evidence_sufficiency,4.992941546952352,0,0,1,1313,1381.0,B0,355,0,0,2,0,2,0,0.0015837668906897306,test,V1002,1,0,1,1,1,1,delayed
0,0,1,0,synthetic-V1002-e1-delayed-c1-B1,1,1,0,0,0,0,0,0.004143674857914448,synthetic,34.57256165496074,synthetic-V1002-e1,0,evidence_sufficiency,9.979090861976147,0,0,0,3010,1381.0,B1,710,0,1,1,1,2,0,0.0015350091271102428,test,V1002,1,0,1,1,1,1,delayed
0,0,1,0,synthetic-V1002-e1-delayed-c1-B2,1,1,0,0,0,0,0,0.014132751151919365,synthetic,37.678845142014325,synthetic-V1002-e1,0,evidence_sufficiency,9.995286691235378,0,0,0,3010,1381.0,B2,710,0,1,1,1,2,0,0.00563173508271575,test,V1002,1,0,1,1,1,1,delayed
0,0,1,0,synthetic-V1002-e1-delayed-c1-B3,1,1,0,0,0,0,0,0.003969199024140835,synthetic,41.379979694029316,synthetic-V1002-e1,0,evidence_sufficiency,10.135752721689641,0,0,0,3010,1381.0,B3,710,0,1,1,1,2,0,0.0015728778671473265,test,V1002,1,0,1,1,1,1,delayed
0,0,1,0,synthetic-V1002-e1-delayed-c1-M1,1,1,0,0,0,0,0,0.01169826090335846,synthetic,39.5928435230162,synthetic-V1002-e1,0,evidence_sufficiency,10.025909375865012,0,0,0,3010,1381.0,M1,710,0,1,1,1,2,0,0.005468789022415876,test,V1002,1,0,1,1,1,1,delayed
0,1,2,0,synthetic-V1002-e1-delayed-c2-B0,2,2,0,0,0,0,0,0.005823330953717232,synthetic,44.89444793807343,synthetic-V1002-e1,0,evidence_sufficiency,5.157441998133436,0,0,2,1431,1441.0,B0,365,0,0,2,0,2,0,0.00405224715359509,test,V1002,2,0,2,1,1,2,delayed
0,1,2,0,synthetic-V1002-e1-delayed-c2-B1,2,2,0,0,0,0,0,0.01048774621449411,synthetic,46.79348950413987,synthetic-V1002-e1,0,evidence_sufficiency,5.121037302073091,0,0,0,1431,1441.0,B1,365,0,0,2,0,2,0,0.004002409055829048,test,V1002,2,0,2,1,1,2,delayed
0,1,2,0,synthetic-V1002-e1-delayed-c2-B2,2,2,0,0,0,0,0,0.02889111009426415,synthetic,47.37668171711266,synthetic-V1002-e1,0,evidence_sufficiency,5.173867031931877,0,0,0,1431,1441.0,B2,365,0,0,2,0,2,0,0.010841517942026258,test,V1002,2,0,2,1,1,2,delayed
0,1,2,0,synthetic-V1002-e1-delayed-c2-B3,2,2,0,0,0,0,0,0.005155384074896574,synthetic,51.3447180390358,synthetic-V1002-e1,0,evidence_sufficiency,5.145658949157223,0,0,0,1431,1441.0,B3,365,0,0,2,0,2,0,0.00182318314909935,test,V1002,2,0,2,1,1,2,delayed
0,1,2,0,synthetic-V1002-e1-delayed-c2-M1,2,2,0,0,0,0,0,0.022630797931924462,synthetic,49.97610345296562,synthetic-V1002-e1,0,evidence_sufficiency,5.144249818054959,0,0,0,1431,1441.0,M1,365,0,0,2,0,2,0,0.006368550006300211,test,V1002,2,0,2,1,1,2,delayed
0,1,2,0,synthetic-V1003-e0-channel_fault-c0-B0,0,2,0,0,0,0,0,0.009321871912106872,synthetic,37.63954060594551,synthetic-V1003-e0,0,current_evidence,5.757734888000414,0,0,0,1392,451.0,B0,410,0,0,3,0,2,0,0.0015178490430116653,test,V1003,2,0,0,1,1,3,channel_fault
0,1,2,0,synthetic-V1003-e0-channel_fault-c0-B1,0,2,0,0,0,0,0,0.01108818594366312,synthetic,41.76247376692481,synthetic-V1003-e0,0,current_evidence,5.694261789089069,0,0,0,1392,451.0,B1,410,0,0,3,0,2,0,0.001530759036540985,test,V1003,2,0,0,1,1,3,channel_fault
0,1,2,0,synthetic-V1003-e0-channel_fault-c0-B2,0,2,0,0,0,0,0,0.052695805905386806,synthetic,41.8650734750554,synthetic-V1003-e0,0,current_evidence,5.7526994198560715,0,0,0,1392,451.0,B2,410,0,0,3,0,2,0,0.006192845059558749,test,V1003,2,0,0,1,1,3,channel_fault
0,1,2,0,synthetic-V1003-e0-channel_fault-c0-B3,0,2,0,0,0,0,0,0.01117679406888783,synthetic,43.25880885007791,synthetic-V1003-e0,0,current_evidence,5.759221147978678,0,0,0,1392,451.0,B3,410,0,0,3,0,2,0,0.001489369897171855,test,V1003,2,0,0,1,1,3,channel_fault
0,1,2,0,synthetic-V1003-e0-channel_fault-c0-M1,0,2,0,0,0,0,0,0.053492699982598424,synthetic,43.0397467140574,synthetic-V1003-e0,0,current_evidence,5.902246289886534,0,0,0,1392,451.0,M1,410,0,0,3,0,2,0,0.005417690146714449,test,V1003,2,0,0,1,1,3,channel_fault
0,1,2,1,synthetic-V1003-e0-channel_fault-c1-B0,1,3,2,0,0,0,2,0.006662325002253056,synthetic,45.48927406896837,synthetic-V1003-e0,0,current_evidence,8.745978695107624,0,0,0,1472,481.0,B0,610,0,0,4,0,2,2,0.0016312268562614918,test,V1003,1,0,0,0,1,1,channel_fault
0,1,2,0,synthetic-V1003-e0-channel_fault-c1-B1,1,1,0,0,2,2,2,0.016957428073510528,synthetic,59.74256140808575,synthetic-V1003-e0,0,current_evidence,17.225356891052797,0,0,0,3584,481.0,B1,1220,0,1,1,1,2,0,0.0016530759166926146,test,V1003,1,0,0,0,1,1,channel_fault
0,1,2,0,synthetic-V1003-e0-channel_fault-c1-B2,1,1,0,0,2,2,2,0.09554413007572293,synthetic,60.50821525603533,synthetic-V1003-e0,0,current_evidence,17.28873389097862,0,0,0,3584,481.0,B2,1220,0,1,1,1,2,0,0.005820482969284058,test,V1003,1,0,0,0,1,1,channel_fault
0,1,2,0,synthetic-V1003-e0-channel_fault-c1-B3,1,1,0,0,2,2,2,0.01823443197645247,synthetic,62.561899673892185,synthetic-V1003-e0,0,current_evidence,17.314930621068925,0,0,0,3584,481.0,B3,1220,0,1,1,1,2,0,0.0016275770030915737,test,V1003,1,0,0,0,1,1,channel_fault
0,1,2,0,synthetic-V1003-e0-channel_fault-c1-M1,1,1,0,0,2,2,2,0.11385154002346098,synthetic,60.517140046926215,synthetic-V1003-e0,0,current_evidence,17.39166206191294,0,0,0,3584,481.0,M1,1220,0,1,1,1,2,0,0.005856662057340145,test,V1003,1,0,0,0,1,1,channel_fault
0,1,2,1,synthetic-V1003-e0-channel_fault-c2-B0,2,3,2,0,0,0,1,0.012562106130644679,synthetic,44.598120934097096,synthetic-V1003-e0,0,current_evidence,8.564058477059007,0,0,2,1472,541.0,B0,612,0,0,4,0,2,1,0.0027480251155793667,test,V1003,1,0,2,0,1,1,channel_fault
0,1,2,0,synthetic-V1003-e0-channel_fault-c2-B1,2,1,0,0,1,1,1,0.025404246989637613,synthetic,58.481725808931515,synthetic-V1003-e0,0,current_evidence,17.0522419270128,0,0,0,3580,541.0,B1,1212,0,1,1,1,2,0,0.0017415150068700314,test,V1003,1,0,2,0,1,1,channel_fault
0,1,2,0,synthetic-V1003-e0-channel_fault-c2-B2,2,1,0,0,1,1,1,0.11290325014851987,synthetic,58.87264900398441,synthetic-V1003-e0,0,current_evidence,17.205626319162548,0,0,0,3586,541.0,B2,1224,0,1,1,1,2,0,0.006250774022191763,test,V1003,1,0,2,0,1,1,channel_fault
0,1,2,0,synthetic-V1003-e0-channel_fault-c2-B3,2,1,0,0,1,1,1,0.021465236088261008,synthetic,61.20043230801821,synthetic-V1003-e0,0,current_evidence,16.91993863787502,0,0,0,3586,541.0,B3,1224,0,1,1,1,2,0,0.0017117459792643785,test,V1003,1,0,2,0,1,1,channel_fault
0,1,2,0,synthetic-V1003-e0-channel_fault-c2-M1,2,1,0,0,1,1,1,0.15169847710058093,synthetic,58.911921980790794,synthetic-V1003-e0,0,current_evidence,17.20535104512237,0,0,0,3586,541.0,M1,1224,0,1,1,1,2,0,0.010991377988830209,test,V1003,1,0,2,0,1,1,channel_fault
0,1,2,0,synthetic-V1003-e0-clean-c0-B0,0,2,0,0,0,0,0,0.008937658043578267,synthetic,57.06789452000521,synthetic-V1003-e0,0,current_evidence,5.822611107956618,0,0,0,1392,451.0,B0,410,0,0,3,0,2,0,0.0015094100963324308,test,V1003,2,0,0,1,1,3,clean
0,1,2,0,synthetic-V1003-e0-clean-c0-B1,0,2,0,0,0,0,0,0.01071559195406735,synthetic,62.80549979908392,synthetic-V1003-e0,0,current_evidence,5.7422360349446535,0,0,0,1392,451.0,B1,410,0,0,3,0,2,0,0.0014994191005825996,test,V1003,2,0,0,1,1,3,clean
0,1,2,0,synthetic-V1003-e0-clean-c0-B2,0,2,0,0,0,0,0,0.0385286349337548,synthetic,64.60959791811183,synthetic-V1003-e0,0,current_evidence,5.761578351026401,0,0,0,1392,451.0,B2,410,0,0,3,0,2,0,0.005219013895839453,test,V1003,2,0,0,1,1,3,clean
0,1,2,0,synthetic-V1003-e0-clean-c0-B3,0,2,0,0,0,0,0,0.010976806981489062,synthetic,66.86157717206515,synthetic-V1003-e0,0,current_evidence,5.833307628985494,0,0,0,1392,451.0,B3,410,0,0,3,0,2,0,0.0015016088727861643,test,V1003,2,0,0,1,1,3,clean
0,1,2,0,synthetic-V1003-e0-clean-c0-M1,0,2,0,0,0,0,0,0.03631700994446874,synthetic,64.6759531260468,synthetic-V1003-e0,0,current_evidence,5.756293958984315,0,0,0,1392,451.0,M1,410,0,0,3,0,2,0,0.005295441951602697,test,V1003,2,0,0,1,1,3,clean
0,1,2,1,synthetic-V1003-e0-clean-c1-B0,1,3,2,0,0,0,0,0.002498059067875147,synthetic,61.02541691204533,synthetic-V1003-e0,0,current_evidence,8.432365783955902,0,0,0,1411,481.0,B0,602,0,0,4,0,2,0,0.0015777179505676031,test,V1003,1,0,2,0,1,1,clean
0,1,2,0,synthetic-V1003-e0-clean-c1-B1,1,1,0,0,0,0,0,0.00686484994366765,synthetic,74.88539373897947,synthetic-V1003-e0,0,current_evidence,17.039640145143494,0,0,0,3458,481.0,B1,1212,0,1,1,1,2,0,0.001576737966388464,test,V1003,1,0,2,0,1,1,clean
0,1,2,0,synthetic-V1003-e0-clean-c1-B2,1,1,0,0,0,0,0,0.03079251293092966,synthetic,74.83492844714783,synthetic-V1003-e0,0,current_evidence,16.913385048042983,0,0,0,3454,481.0,B2,1204,0,1,1,1,2,0,0.006683233892545104,test,V1003,1,0,2,0,1,1,clean
0,1,2,0,synthetic-V1003-e0-clean-c1-B3,1,1,0,0,0,0,0,0.008075586054474115,synthetic,77.9393353080377,synthetic-V1003-e0,0,current_evidence,16.995337506989017,0,0,0,3454,481.0,B3,1204,0,1,1,1,2,0,0.0015604181680828333,test,V1003,1,0,2,0,1,1,clean
0,1,2,0,synthetic-V1003-e0-clean-c1-M1,1,1,0,0,0,0,0,0.03097878908738494,synthetic,75.38097021495923,synthetic-V1003-e0,0,current_evidence,17.081802805885673,0,0,0,3454,481.0,M1,1204,0,1,1,1,2,0,0.005591776221990585,test,V1003,1,0,2,0,1,1,clean
0,1,2,1,synthetic-V1003-e0-clean-c2-B0,2,3,2,0,0,0,0,0.006136144977062941,synthetic,63.7876971589867,synthetic-V1003-e0,0,current_evidence,8.511714797932655,0,0,2,1411,541.0,B0,606,0,0,4,0,2,0,0.0040750871412456036,test,V1003,1,0,3,0,1,1,clean
0,1,2,0,synthetic-V1003-e0-clean-c2-B1,2,1,0,0,0,0,0,0.016627311008051038,synthetic,77.17978917900473,synthetic-V1003-e0,0,current_evidence,16.886668861843646,0,0,0,3454,541.0,B1,1204,0,1,1,1,2,0,0.004038888029754162,test,V1003,1,0,3,0,1,1,clean
0,1,2,0,synthetic-V1003-e0-clean-c2-B2,2,1,0,0,0,0,0,0.044375346042215824,synthetic,78.69013452203944,synthetic-V1003-e0,0,current_evidence,16.85298293689266,0,0,0,3454,541.0,B2,1204,0,1,1,1,2,0,0.008901678957045078,test,V1003,1,0,3,0,1,1,clean
0,1,2,0,synthetic-V1003-e0-clean-c2-B3,2,1,0,0,0,0,0,0.007585005834698677,synthetic,80.31961291795596,synthetic-V1003-e0,0,current_evidence,16.669463207013905,0,0,0,3454,541.0,B3,1204,0,1,1,1,2,0,0.0015896470285952091,test,V1003,1,0,3,0,1,1,clean
0,1,2,0,synthetic-V1003-e0-clean-c2-M1,2,1,0,0,0,0,0,0.04844866297207773,synthetic,78.99524586694315,synthetic-V1003-e0,0,current_evidence,17.052163269836456,0,0,0,3462,541.0,M1,1220,0,1,1,1,2,0,0.00901418598368764,test,V1003,1,0,3,0,1,1,clean
0,1,2,0,synthetic-V1003-e0-correction-c0-B0,0,2,0,0,0,0,0,0.009241520892828703,synthetic,11.720065478933975,synthetic-V1003-e0,0,current_evidence,5.83070387900807,0,0,0,1392,451.0,B0,410,0,0,3,0,2,0,0.0014864001423120499,test,V1003,2,0,0,1,1,3,correction
0,1,2,0,synthetic-V1003-e0-correction-c0-B1,0,2,0,0,0,0,0,0.011183121940121055,synthetic,11.723260072991252,synthetic-V1003-e0,0,current_evidence,5.832984872162342,0,0,0,1392,451.0,B1,410,0,0,3,0,2,0,0.001480169128626585,test,V1003,2,0,0,1,1,3,correction
0,1,2,0,synthetic-V1003-e0-correction-c0-B2,0,2,0,0,0,0,0,0.07493726909160614,synthetic,11.700012719025835,synthetic-V1003-e0,0,current_evidence,5.821362919872627,0,0,0,1392,451.0,B2,410,0,0,3,0,2,0,0.009138962952420115,test,V1003,2,0,0,1,1,3,correction
0,1,2,0,synthetic-V1003-e0-correction-c0-B3,0,2,0,0,0,0,0,0.01607678201980889,synthetic,17.405568873975426,synthetic-V1003-e0,0,current_evidence,5.878179789055139,0,0,0,1392,451.0,B3,410,0,0,3,0,2,0,0.0015226590912789106,test,V1003,2,0,0,1,1,3,correction
0,1,2,0,synthetic-V1003-e0-correction-c0-M1,0,2,0,0,0,0,0,0.0774314091540873,synthetic,17.05504826293327,synthetic-V1003-e0,0,current_evidence,5.984187783906236,0,0,0,1392,451.0,M1,410,0,0,3,0,2,0,0.009143793024122715,test,V1003,2,0,0,1,1,3,correction
0,1,2,1,synthetic-V1003-e0-correction-c1-B0,1,3,2,0,0,0,2,0.0028158421628177166,synthetic,37.22161969402805,synthetic-V1003-e0,0,current_evidence,8.420054600108415,0,0,0,1411,481.0,B0,602,0,0,4,0,2,2,0.0015954680275171995,test,V1003,1,0,0,0,1,1,correction
0,1,2,0,synthetic-V1003-e0-correction-c1-B1,1,1,0,0,2,2,2,0.007344659883528948,synthetic,47.615420122863725,synthetic-V1003-e0,0,current_evidence,16.865886356914416,0,0,0,3454,481.0,B1,1204,0,1,1,1,2,0,0.001593547873198986,test,V1003,1,0,0,0,1,1,correction
0,1,2,0,synthetic-V1003-e0-correction-c1-B2,1,1,0,0,2,2,2,0.034079994075000286,synthetic,47.91563922096975,synthetic-V1003-e0,0,current_evidence,16.947260984918103,0,0,0,3454,481.0,B2,1204,0,1,1,1,2,0,0.005896739894524217,test,V1003,1,0,0,0,1,1,correction
0,1,2,0,synthetic-V1003-e0-correction-c1-B3,1,1,0,0,2,2,2,0.008055455051362514,synthetic,54.168820032151416,synthetic-V1003-e0,0,current_evidence,17.03625095798634,0,0,0,3454,481.0,B3,1204,0,1,1,1,2,0,0.001596307847648859,test,V1003,1,0,0,0,1,1,correction
0,1,2,0,synthetic-V1003-e0-correction-c1-M1,1,1,0,0,2,2,2,0.0356053130235523,synthetic,50.65365817793645,synthetic-V1003-e0,0,current_evidence,17.15249881381169,0,0,0,3454,481.0,M1,1204,0,1,1,1,2,0,0.005805050954222679,test,V1003,1,0,0,0,1,1,correction
0,1,2,1,synthetic-V1003-e0-correction-c2-B0,2,3,2,0,0,0,1,0.0027169338427484035,synthetic,38.74889179109596,synthetic-V1003-e0,0,current_evidence,8.477305493084714,0,0,2,1411,541.0,B0,606,0,0,4,0,2,1,0.0016777459532022476,test,V1003,1,0,2,0,1,1,correction
0,1,2,0,synthetic-V1003-e0-correction-c2-B1,2,1,0,0,1,1,1,0.05836176802404225,synthetic,50.07723388192244,synthetic-V1003-e0,0,current_evidence,17.098222721833736,0,0,0,3458,541.0,B1,1212,0,1,1,1,2,0,0.0017506848089396954,test,V1003,1,0,2,0,1,1,correction
0,1,2,0,synthetic-V1003-e0-correction-c2-B2,2,1,0,0,1,1,1,0.036197139881551266,synthetic,51.692720335908234,synthetic-V1003-e0,0,current_evidence,17.214012417942286,0,0,0,3458,541.0,B2,1212,0,1,1,1,2,0,0.005853591021150351,test,V1003,1,0,2,0,1,1,correction
0,1,2,0,synthetic-V1003-e0-correction-c2-B3,2,1,0,0,1,1,1,0.008311460027471185,synthetic,55.80873962701298,synthetic-V1003-e0,0,current_evidence,17.20351997204125,0,0,0,3454,541.0,B3,1204,0,1,1,1,2,0,0.0016594559419900179,test,V1003,1,0,2,0,1,1,correction
0,1,2,0,synthetic-V1003-e0-correction-c2-M1,2,1,0,0,1,1,1,0.03620080091059208,synthetic,52.574988525826484,synthetic-V1003-e0,0,current_evidence,17.131438293028623,0,0,0,3454,541.0,M1,1204,0,1,1,1,2,0,0.006230182945728302,test,V1003,1,0,2,0,1,1,correction
0,0,0,1,synthetic-V1003-e0-delayed-c0-B0,0,3,3,0,0,0,0,0.016379466047510505,synthetic,32.21171553293243,synthetic-V1003-e0,0,current_evidence,8.00221647019498,0,0,0,1278,451.0,B0,567,0,0,4,0,2,0,0.001538628013804555,test,V1003,0,0,0,0,0,0,delayed
1,0,0,0,synthetic-V1003-e0-delayed-c0-B1,0,0,0,0,0,0,0,0.01070660213008523,synthetic,39.88378884200938,synthetic-V1003-e0,0,current_evidence,15.676655930932611,0,0,0,3159,451.0,B1,1114,0,0,0,1,2,0,0.0014895489439368248,test,V1003,0,0,0,0,0,0,delayed
1,0,0,0,synthetic-V1003-e0-delayed-c0-B2,0,0,0,0,0,0,0,0.0755548479501158,synthetic,47.4453818758484,synthetic-V1003-e0,0,current_evidence,16.022114240098745,0,0,0,3169,451.0,B2,1134,0,0,0,1,2,0,0.009980855975300074,test,V1003,0,0,0,0,0,0,delayed
1,0,0,0,synthetic-V1003-e0-delayed-c0-B3,0,0,0,0,0,0,0,0.015571153024211526,synthetic,47.71325160888955,synthetic-V1003-e0,0,current_evidence,15.705406883964315,0,0,0,3159,451.0,B3,1114,0,0,0,1,2,0,0.0015008689370006323,test,V1003,0,0,0,0,0,0,delayed
1,0,0,0,synthetic-V1003-e0-delayed-c0-M1,0,0,0,0,0,0,0,0.0845147049985826,synthetic,47.89401752012782,synthetic-V1003-e0,0,current_evidence,16.14930638601072,0,0,0,3169,451.0,M1,1134,0,0,0,1,2,0,0.009293570881709456,test,V1003,0,0,0,0,0,0,delayed
0,0,0,1,synthetic-V1003-e0-delayed-c1-B0,1,3,3,0,0,0,0,0.004869541153311729,synthetic,31.056665610987693,synthetic-V1003-e0,0,current_evidence,7.940026123076677,0,0,3,1278,481.0,B0,567,0,0,4,0,2,0,0.004013547906652093,test,V1003,0,0,0,0,0,0,delayed
1,0,0,0,synthetic-V1003-e0-delayed-c1-B1,1,0,0,0,0,0,0,0.00894526718184352,synthetic,39.438407665118575,synthetic-V1003-e0,0,current_evidence,15.870828972198069,0,0,0,3169,481.0,B1,1134,0,0,0,1,2,0,0.00376570294611156,test,V1003,0,0,0,0,0,0,delayed
1,0,0,0,synthetic-V1003-e0-delayed-c1-B2,1,0,0,0,0,0,0,0.020085890078917146,synthetic,46.15478867478669,synthetic-V1003-e0,0,current_evidence,15.897106445860118,0,0,0,3169,481.0,B2,1134,0,0,0,1,2,0,0.009289549896493554,test,V1003,0,0,0,0,0,0,delayed
1,0,0,0,synthetic-V1003-e0-delayed-c1-B3,1,0,0,0,0,0,0,0.0047625519800931215,synthetic,46.88358378899284,synthetic-V1003-e0,0,current_evidence,15.904906935291365,0,0,0,3169,481.0,B3,1134,0,0,0,1,2,0,0.0015247389674186707,test,V1003,0,0,0,0,0,0,delayed
1,0,0,0,synthetic-V1003-e0-delayed-c1-M1,1,0,0,0,0,0,0,0.019076491007581353,synthetic,46.716135408962145,synthetic-V1003-e0,0,current_evidence,16.02014683210291,0,0,0,3169,481.0,M1,1134,0,0,0,1,2,0,0.009189601987600327,test,V1003,0,0,0,0,0,0,delayed
0,1,2,0,synthetic-V1003-e0-delayed-c2-B0,2,2,0,0,0,0,0,0.005827201064676046,synthetic,29.52215301594697,synthetic-V1003-e0,0,current_evidence,6.153746580937877,0,0,6,1392,541.0,B0,437,0,0,3,0,2,0,0.004080036887899041,test,V1003,2,0,0,1,1,3,delayed
0,1,2,0,synthetic-V1003-e0-delayed-c2-B1,2,2,0,0,0,0,0,0.009999814908951521,synthetic,29.878737872932106,synthetic-V1003-e0,0,current_evidence,6.123679714975879,0,0,0,1392,541.0,B1,437,0,0,3,0,2,0,0.0037988428957760334,test,V1003,2,0,0,1,1,3,delayed
0,1,2,0,synthetic-V1003-e0-delayed-c2-B2,2,2,0,0,0,0,0,0.03060132497921586,synthetic,35.65589595492929,synthetic-V1003-e0,0,current_evidence,6.1538296088110656,0,0,0,1392,541.0,B2,437,0,0,3,0,2,0,0.009279791032895446,test,V1003,2,0,0,1,1,3,delayed
0,1,2,0,synthetic-V1003-e0-delayed-c2-B3,2,2,0,0,0,0,0,0.004379180958494544,synthetic,36.95455757086165,synthetic-V1003-e0,0,current_evidence,6.138962332857773,0,0,0,1392,541.0,B3,437,0,0,3,0,2,0,0.0015320191159844398,test,V1003,2,0,0,1,1,3,delayed
0,1,2,0,synthetic-V1003-e0-delayed-c2-M1,2,2,0,0,0,0,0,0.02382021304219961,synthetic,35.98024247097783,synthetic-V1003-e0,0,current_evidence,6.152268860954791,0,0,0,1392,541.0,M1,437,0,0,3,0,2,0,0.009026425890624523,test,V1003,2,0,0,1,1,3,delayed
0,1,2,0,synthetic-V1003-e1-channel_fault-c0-B0,0,2,0,0,0,0,0,0.018494426971301436,synthetic,20.488305958919227,synthetic-V1003-e1,0,evidence_sufficiency,4.970593884121627,0,0,0,1432,1351.0,B0,354,0,0,2,0,2,0,0.0015210690908133984,test,V1003,2,0,0,1,1,2,channel_fault
0,1,2,0,synthetic-V1003-e1-channel_fault-c0-B1,0,2,0,0,0,0,0,0.011112356092780828,synthetic,20.48803130397573,synthetic-V1003-e1,0,evidence_sufficiency,4.97931450791657,0,0,0,1432,1351.0,B1,354,0,0,2,0,2,0,0.001517679076641798,test,V1003,2,0,0,1,1,2,channel_fault
0,1,2,0,synthetic-V1003-e1-channel_fault-c0-B2,0,2,0,0,0,0,0,0.05557875684462488,synthetic,25.435727179981768,synthetic-V1003-e1,0,evidence_sufficiency,4.9757683200296015,0,0,0,1432,1351.0,B2,354,0,0,2,0,2,0,0.0054488100577145815,test,V1003,2,0,0,1,1,2,channel_fault
0,1,2,0,synthetic-V1003-e1-channel_fault-c0-B3,0,2,0,0,0,0,0,0.011284361826255918,synthetic,25.358887701993808,synthetic-V1003-e1,0,evidence_sufficiency,4.9994070020038635,0,0,0,1432,1351.0,B3,354,0,0,2,0,2,0,0.0015107691287994385,test,V1003,2,0,0,1,1,2,channel_fault
0,1,2,0,synthetic-V1003-e1-channel_fault-c0-M1,0,2,0,0,0,0,0,0.05104932887479663,synthetic,25.400478531839326,synthetic-V1003-e1,0,evidence_sufficiency,4.98840417410247,0,0,0,1432,1351.0,M1,354,0,0,2,0,2,0,0.005414319923147559,test,V1003,2,0,0,1,1,2,channel_fault
0,1,2,0,synthetic-V1003-e1-channel_fault-c1-B0,1,2,0,0,0,0,1,0.004619807004928589,synthetic,31.544208044884726,synthetic-V1003-e1,0,evidence_sufficiency,5.145174528006464,0,0,0,1520,1381.0,B0,365,0,0,2,0,2,1,0.00162318698130548,test,V1003,2,0,1,1,1,2,channel_fault
0,1,2,0,synthetic-V1003-e1-channel_fault-c1-B1,1,2,0,0,1,1,1,0.01725128199905157,synthetic,31.775289138080552,synthetic-V1003-e1,0,evidence_sufficiency,5.086538442177698,0,0,0,1520,1381.0,B1,365,0,0,2,0,2,0,0.0016410269308835268,test,V1003,2,0,1,1,1,2,channel_fault
0,1,2,0,synthetic-V1003-e1-channel_fault-c1-B2,1,2,0,0,1,1,1,0.08670022897422314,synthetic,36.51062738406472,synthetic-V1003-e1,0,evidence_sufficiency,5.139370145043358,0,0,0,1520,1381.0,B2,365,0,0,2,0,2,0,0.005785943008959293,test,V1003,2,0,1,1,1,2,channel_fault
0,1,2,0,synthetic-V1003-e1-channel_fault-c1-B3,1,2,0,0,1,1,1,0.019061644794419408,synthetic,36.4512675520964,synthetic-V1003-e1,0,evidence_sufficiency,5.128182721091434,0,0,0,1520,1381.0,B3,365,0,0,2,0,2,0,0.0016535560134798288,test,V1003,2,0,1,1,1,2,channel_fault
0,1,2,0,synthetic-V1003-e1-channel_fault-c1-M1,1,2,0,0,1,1,1,0.09897321206517518,synthetic,36.48590586311184,synthetic-V1003-e1,0,evidence_sufficiency,5.204391801962629,0,0,0,1520,1381.0,M1,365,0,0,2,0,2,0,0.005758363055065274,test,V1003,2,0,1,1,1,2,channel_fault
0,1,2,0,synthetic-V1003-e1-channel_fault-c2-B0,2,2,0,0,0,0,1,0.004729605047032237,synthetic,26.57102540298365,synthetic-V1003-e1,0,evidence_sufficiency,5.163031577132642,0,0,0,1520,1441.0,B0,366,0,0,2,0,2,1,0.0016893560532480478,test,V1003,2,0,3,1,1,2,channel_fault
0,1,2,0,synthetic-V1003-e1-channel_fault-c2-B1,2,2,0,0,1,1,1,0.018786540953442454,synthetic,26.802266702987254,synthetic-V1003-e1,0,evidence_sufficiency,5.112752713030204,0,0,0,1520,1441.0,B1,366,0,0,2,0,2,0,0.0017427350394427776,test,V1003,2,0,3,1,1,2,channel_fault
0,1,2,0,synthetic-V1003-e1-channel_fault-c2-B2,2,2,0,0,1,1,1,0.13875285792164505,synthetic,31.087456468958408,synthetic-V1003-e1,0,evidence_sufficiency,5.198887163074687,0,0,0,1520,1441.0,B2,366,0,0,2,0,2,0,0.010121956001967192,test,V1003,2,0,3,1,1,2,channel_fault
0,1,2,0,synthetic-V1003-e1-channel_fault-c2-B3,2,2,0,0,1,1,1,0.022939746966585517,synthetic,31.391468259040266,synthetic-V1003-e1,0,evidence_sufficiency,5.187827607151121,0,0,0,1520,1441.0,B3,366,0,0,2,0,2,0,0.001760995015501976,test,V1003,2,0,3,1,1,2,channel_fault
0,1,2,0,synthetic-V1003-e1-channel_fault-c2-M1,2,2,0,0,1,1,1,0.1845386230852455,synthetic,31.06727119605057,synthetic-V1003-e1,0,evidence_sufficiency,5.202591289067641,0,0,0,1520,1441.0,M1,366,0,0,2,0,2,0,0.010084557114169002,test,V1003,2,0,3,1,1,2,channel_fault
0,1,2,0,synthetic-V1003-e1-clean-c0-B0,0,2,0,0,0,0,0,0.009516655933111906,synthetic,20.71942607895471,synthetic-V1003-e1,0,evidence_sufficiency,4.985476263100281,0,0,0,1432,1351.0,B0,354,0,0,2,0,2,0,0.001488449051976204,test,V1003,2,0,0,1,1,2,clean
0,1,2,0,synthetic-V1003-e1-clean-c0-B1,0,2,0,0,0,0,0,0.011443025898188353,synthetic,20.719440469052643,synthetic-V1003-e1,0,evidence_sufficiency,4.988498391117901,0,0,0,1432,1351.0,B1,354,0,0,2,0,2,0,0.0014852499589323997,test,V1003,2,0,0,1,1,2,clean
0,1,2,0,synthetic-V1003-e1-clean-c0-B2,0,2,0,0,0,0,0,0.05578111996874213,synthetic,20.72066952404566,synthetic-V1003-e1,0,evidence_sufficiency,4.991652816068381,0,0,0,1432,1351.0,B2,354,0,0,2,0,2,0,0.00599250802770257,test,V1003,2,0,0,1,1,2,clean
0,1,2,0,synthetic-V1003-e1-clean-c0-B3,0,2,0,0,0,0,0,0.011996924877166748,synthetic,25.622242111014202,synthetic-V1003-e1,0,evidence_sufficiency,5.046772951027378,0,0,0,1432,1351.0,B3,354,0,0,2,0,2,0,0.0015163689386099577,test,V1003,2,0,0,1,1,2,clean
0,1,2,0,synthetic-V1003-e1-clean-c0-M1,0,2,0,0,0,0,0,0.054114965023472905,synthetic,20.668822072912008,synthetic-V1003-e1,0,evidence_sufficiency,4.991780614014715,0,0,0,1432,1351.0,M1,354,0,0,2,0,2,0,0.005594456102699041,test,V1003,2,0,0,1,1,2,clean
0,1,2,0,synthetic-V1003-e1-clean-c1-B0,1,2,0,0,0,0,0,0.0034117100294679403,synthetic,46.42699301801622,synthetic-V1003-e1,0,evidence_sufficiency,5.027321798028424,0,0,0,1453,1381.0,B0,354,0,0,2,0,2,0,0.0016995850019156933,test,V1003,2,0,2,1,1,2,clean
0,1,2,0,synthetic-V1003-e1-clean-c1-B1,1,2,0,0,0,0,0,0.0073185397777706385,synthetic,46.4258045819588,synthetic-V1003-e1,0,evidence_sufficiency,5.030862786108628,0,0,0,1453,1381.0,B1,354,0,0,2,0,2,0,0.0015828378964215517,test,V1003,2,0,2,1,1,2,clean
0,1,2,0,synthetic-V1003-e1-clean-c1-B2,1,2,0,0,0,0,0,0.025795733090490103,synthetic,46.79299855302088,synthetic-V1003-e1,0,evidence_sufficiency,4.976500235963613,0,0,0,1453,1381.0,B2,354,0,0,2,0,2,0,0.005588885862380266,test,V1003,2,0,2,1,1,2,clean
0,1,2,0,synthetic-V1003-e1-clean-c1-B3,1,2,0,0,0,0,0,0.007063246099278331,synthetic,51.41409954801202,synthetic-V1003-e1,0,evidence_sufficiency,5.0615710988640785,0,0,0,1453,1381.0,B3,354,0,0,2,0,2,0,0.001567248022183776,test,V1003,2,0,2,1,1,2,clean
0,1,2,0,synthetic-V1003-e1-clean-c1-M1,1,2,0,0,0,0,0,0.02785045187920332,synthetic,51.43416672805324,synthetic-V1003-e1,0,evidence_sufficiency,5.051044143969193,0,0,0,1453,1381.0,M1,354,0,0,2,0,2,0,0.0058766999281942844,test,V1003,2,0,2,1,1,2,clean
0,1,2,0,synthetic-V1003-e1-clean-c2-B0,2,2,0,0,0,0,0,0.0025556779000908136,synthetic,38.5233478078153,synthetic-V1003-e1,0,evidence_sufficiency,5.1738039860501885,0,0,0,1453,1441.0,B0,366,0,0,2,0,2,0,0.0016331570222973824,test,V1003,2,0,4,1,1,2,clean
0,1,2,0,synthetic-V1003-e1-clean-c2-B1,2,2,0,0,0,0,0,0.006936958059668541,synthetic,38.815408582100645,synthetic-V1003-e1,0,evidence_sufficiency,5.14868539897725,0,0,0,1453,1441.0,B1,366,0,0,2,0,2,0,0.0016477268654853106,test,V1003,2,0,4,1,1,2,clean
0,1,2,0,synthetic-V1003-e1-clean-c2-B2,2,2,0,0,0,0,0,0.02947502792812884,synthetic,43.690632137004286,synthetic-V1003-e1,0,evidence_sufficiency,5.173992131836712,0,0,0,1453,1441.0,B2,366,0,0,2,0,2,0,0.005916778929531574,test,V1003,2,0,4,1,1,2,clean
0,1,2,0,synthetic-V1003-e1-clean-c2-B3,2,2,0,0,0,0,0,0.007653842912986875,synthetic,46.213429658906534,synthetic-V1003-e1,0,evidence_sufficiency,5.145368507131934,0,0,0,1453,1441.0,B3,366,0,0,2,0,2,0,0.0016257069073617458,test,V1003,2,0,4,1,1,2,clean
0,1,2,0,synthetic-V1003-e1-clean-c2-M1,2,2,0,0,0,0,0,0.030454057967290282,synthetic,43.93221866292879,synthetic-V1003-e1,0,evidence_sufficiency,5.155130096944049,0,0,0,1453,1441.0,M1,366,0,0,2,0,2,0,0.005943917902186513,test,V1003,2,0,4,1,1,2,clean
0,1,2,0,synthetic-V1003-e1-correction-c0-B0,0,2,0,0,0,0,0,0.009527228074148297,synthetic,22.320073154987767,synthetic-V1003-e1,0,evidence_sufficiency,5.066806371090934,0,0,0,1432,1351.0,B0,354,0,0,2,0,2,0,0.0015155200380831957,test,V1003,2,0,0,1,1,2,correction
0,1,2,0,synthetic-V1003-e1-correction-c0-B1,0,2,0,0,0,0,0,0.01130523206666112,synthetic,22.33727324800566,synthetic-V1003-e1,0,evidence_sufficiency,5.0754419069271535,0,0,0,1432,1351.0,B1,354,0,0,2,0,2,0,0.0015054000541567802,test,V1003,2,0,0,1,1,2,correction
0,1,2,0,synthetic-V1003-e1-correction-c0-B2,0,2,0,0,0,0,0,0.05450543202459812,synthetic,22.30781894084066,synthetic-V1003-e1,0,evidence_sufficiency,5.054931449936703,0,0,0,1432,1351.0,B2,354,0,0,2,0,2,0,0.0053785620257258415,test,V1003,2,0,0,1,1,2,correction
0,1,2,0,synthetic-V1003-e1-correction-c0-B3,0,2,0,0,0,0,0,0.011509327916428447,synthetic,27.25163625110872,synthetic-V1003-e1,0,evidence_sufficiency,5.047179697081447,0,0,0,1432,1351.0,B3,354,0,0,2,0,2,0,0.0015316091012209654,test,V1003,2,0,0,1,1,2,correction
0,1,2,0,synthetic-V1003-e1-correction-c0-M1,0,2,0,0,0,0,0,0.04974364791996777,synthetic,27.281965468777344,synthetic-V1003-e1,0,evidence_sufficiency,5.040275464998558,0,0,0,1432,1351.0,M1,354,0,0,2,0,2,0,0.005361181916669011,test,V1003,2,0,0,1,1,2,correction
0,1,2,0,synthetic-V1003-e1-correction-c1-B0,1,2,0,0,0,0,1,0.010913589969277382,synthetic,43.854482942959294,synthetic-V1003-e1,0,evidence_sufficiency,5.005988836986944,0,0,0,1453,1381.0,B0,354,0,0,2,0,2,1,0.0016702169086784124,test,V1003,2,0,1,1,1,2,correction
0,1,2,0,synthetic-V1003-e1-correction-c1-B1,1,2,0,0,1,1,1,0.0072349440306425095,synthetic,46.75848531303927,synthetic-V1003-e1,0,evidence_sufficiency,4.971073243999854,0,0,0,1453,1381.0,B1,354,0,0,2,0,2,0,0.0015999178867787123,test,V1003,2,0,1,1,1,2,correction
0,1,2,0,synthetic-V1003-e1-correction-c1-B2,1,2,0,0,1,1,1,0.03175721992738545,synthetic,47.7670109719038,synthetic-V1003-e1,0,evidence_sufficiency,4.99620353220962,0,0,0,1453,1381.0,B2,354,0,0,2,0,2,0,0.0056075770407915115,test,V1003,2,0,1,1,1,2,correction
0,1,2,0,synthetic-V1003-e1-correction-c1-B3,1,2,0,0,1,1,1,0.11776393698528409,synthetic,51.096456536091864,synthetic-V1003-e1,0,evidence_sufficiency,5.133256787899882,0,0,0,1453,1381.0,B3,354,0,0,2,0,2,0,0.0016984660178422928,test,V1003,2,0,1,1,1,2,correction
0,1,2,0,synthetic-V1003-e1-correction-c1-M1,1,2,0,0,1,1,1,0.033620252972468734,synthetic,48.789237442892045,synthetic-V1003-e1,0,evidence_sufficiency,4.987751230830327,0,0,0,1453,1381.0,M1,354,0,0,2,0,2,0,0.0061580759938806295,test,V1003,2,0,1,1,1,2,correction
0,1,2,0,synthetic-V1003-e1-correction-c2-B0,2,2,0,0,0,0,1,0.004774194909259677,synthetic,54.79658320802264,synthetic-V1003-e1,0,evidence_sufficiency,5.190440586069599,0,0,0,1453,1441.0,B0,366,0,0,2,0,2,1,0.0025123602245002985,test,V1003,2,0,3,1,1,2,correction
0,1,2,0,synthetic-V1003-e1-correction-c2-B1,2,2,0,0,1,1,1,0.014853514032438397,synthetic,57.38487584609538,synthetic-V1003-e1,0,evidence_sufficiency,5.113757907180116,0,0,0,1453,1441.0,B1,366,0,0,2,0,2,0,0.0021130579989403486,test,V1003,2,0,3,1,1,2,correction
0,1,2,0,synthetic-V1003-e1-correction-c2-B2,2,2,0,0,1,1,1,0.037800685968250036,synthetic,59.11746769491583,synthetic-V1003-e1,0,evidence_sufficiency,5.147271836875007,0,0,0,1453,1441.0,B2,366,0,0,2,0,2,0,0.0058259437792003155,test,V1003,2,0,3,1,1,2,correction
0,1,2,0,synthetic-V1003-e1-correction-c2-B3,2,2,0,0,1,1,1,0.008350542979314923,synthetic,59.80104119516909,synthetic-V1003-e1,0,evidence_sufficiency,5.114720096811652,0,0,0,1453,1441.0,B3,366,0,0,2,0,2,0,0.0016684671863913536,test,V1003,2,0,3,1,1,2,correction
0,1,2,0,synthetic-V1003-e1-correction-c2-M1,2,2,0,0,1,1,1,0.03913107910193503,synthetic,59.059344874927774,synthetic-V1003-e1,0,evidence_sufficiency,5.13084312598221,0,0,0,1453,1441.0,M1,366,0,0,2,0,2,0,0.005798854865133762,test,V1003,2,0,3,1,1,2,correction
0,0,1,1,synthetic-V1003-e1-delayed-c0-B0,0,2,1,0,0,0,0,0.010690043913200498,synthetic,10.790951477829367,synthetic-V1003-e1,0,evidence_sufficiency,5.046230057021603,0,0,0,1314,1351.0,B0,355,0,0,2,0,2,0,0.0015325790736824274,test,V1003,1,0,0,1,1,1,delayed
0,0,1,0,synthetic-V1003-e1-delayed-c0-B1,0,1,0,0,0,0,0,0.011795351980254054,synthetic,15.734919229056686,synthetic-V1003-e1,0,evidence_sufficiency,9.987946232780814,0,0,0,3012,1351.0,B1,710,0,1,1,1,2,0,0.0015038491692394018,test,V1003,1,0,0,1,1,1,delayed
0,0,1,0,synthetic-V1003-e1-delayed-c0-B2,0,1,0,0,0,0,0,0.05450720898807049,synthetic,15.72929435200058,synthetic-V1003-e1,0,evidence_sufficiency,9.99553663097322,0,0,0,3012,1351.0,B2,710,0,1,1,1,2,0,0.005594947142526507,test,V1003,1,0,0,1,1,1,delayed
0,0,1,0,synthetic-V1003-e1-delayed-c0-B3,0,1,0,0,0,0,0,0.07522988109849393,synthetic,20.931885611033067,synthetic-V1003-e1,0,evidence_sufficiency,10.168251252966002,0,0,0,3012,1351.0,B3,710,0,1,1,1,2,0,0.0015983178745955229,test,V1003,1,0,0,1,1,1,delayed
0,0,1,0,synthetic-V1003-e1-delayed-c0-M1,0,1,0,0,0,0,0,0.060503468848764896,synthetic,20.64681494794786,synthetic-V1003-e1,0,evidence_sufficiency,9.936049711890519,0,0,0,3012,1351.0,M1,710,0,1,1,1,2,0,0.00806306698359549,test,V1003,1,0,0,1,1,1,delayed
0,0,1,1,synthetic-V1003-e1-delayed-c1-B0,1,2,1,0,0,0,0,0.0046550261322408915,synthetic,26.075869153020903,synthetic-V1003-e1,0,evidence_sufficiency,5.2433075869921595,0,0,1,1314,1381.0,B0,355,0,0,2,0,2,0,0.003901410847902298,test,V1003,1,0,1,1,1,1,delayed
0,0,1,0,synthetic-V1003-e1-delayed-c1-B1,1,1,0,0,0,0,0,0.009147224947810173,synthetic,31.031887860037386,synthetic-V1003-e1,0,evidence_sufficiency,10.204712685197592,0,0,0,3012,1381.0,B1,710,0,1,1,1,2,0,0.0032794440630823374,test,V1003,1,0,1,1,1,1,delayed
0,0,1,0,synthetic-V1003-e1-delayed-c1-B2,1,1,0,0,0,0,0,0.020087003940716386,synthetic,31.305519215064123,synthetic-V1003-e1,0,evidence_sufficiency,9.906257522990927,0,0,0,3012,1381.0,B2,710,0,1,1,1,2,0,0.009180705063045025,test,V1003,1,0,1,1,1,1,delayed
0,0,1,0,synthetic-V1003-e1-delayed-c1-B3,1,1,0,0,0,0,0,0.0039242098573595285,synthetic,35.96174769708887,synthetic-V1003-e1,0,evidence_sufficiency,9.964259980944917,0,0,0,3012,1381.0,B3,710,0,1,1,1,2,0,0.0015565990470349789,test,V1003,1,0,1,1,1,1,delayed
0,0,1,0,synthetic-V1003-e1-delayed-c1-M1,1,1,0,0,0,0,0,0.019283280009403825,synthetic,35.98066513496451,synthetic-V1003-e1,0,evidence_sufficiency,10.381063925102353,0,0,0,3012,1381.0,M1,710,0,1,1,1,2,0,0.009170725010335445,test,V1003,1,0,1,1,1,1,delayed
0,1,2,0,synthetic-V1003-e1-delayed-c2-B0,2,2,0,0,0,0,0,0.0024518100544810295,synthetic,26.200816130032763,synthetic-V1003-e1,0,evidence_sufficiency,4.970062523847446,0,0,2,1432,1441.0,B0,354,0,0,2,0,2,0,0.0016173270996659994,test,V1003,2,0,2,1,1,2,delayed
0,1,2,0,synthetic-V1003-e1-delayed-c2-B1,2,2,0,0,0,0,0,0.004546487936750054,synthetic,26.680413535097614,synthetic-V1003-e1,0,evidence_sufficiency,4.940879723988473,0,0,0,1432,1441.0,B1,354,0,0,2,0,2,0,0.0015978780575096607,test,V1003,2,0,2,1,1,2,delayed
0,1,2,0,synthetic-V1003-e1-delayed-c2-B2,2,2,0,0,0,0,0,0.015962217934429646,synthetic,26.956003030063584,synthetic-V1003-e1,0,evidence_sufficiency,5.000292323995382,0,0,0,1432,1441.0,B2,354,0,0,2,0,2,0,0.005974238971248269,test,V1003,2,0,2,1,1,2,delayed
0,1,2,0,synthetic-V1003-e1-delayed-c2-B3,2,2,0,0,0,0,0,0.004837981890887022,synthetic,31.263366115977988,synthetic-V1003-e1,0,evidence_sufficiency,4.998406521975994,0,0,0,1432,1441.0,B3,354,0,0,2,0,2,0,0.0015988079831004143,test,V1003,2,0,2,1,1,2,delayed
0,1,2,0,synthetic-V1003-e1-delayed-c2-M1,2,2,0,0,0,0,0,0.015791450859978795,synthetic,31.154206410981715,synthetic-V1003-e1,0,evidence_sufficiency,4.9796464398968965,0,0,0,1432,1441.0,M1,354,0,0,2,0,2,0,0.005522048799321055,test,V1003,2,0,2,1,1,2,delayed
0,1,2,0,synthetic-V1004-e0-channel_fault-c0-B0,0,2,0,0,0,0,0,0.01050805696286261,synthetic,5.924326153006405,synthetic-V1004-e0,0,revision_impact,5.9080987009219825,0,0,0,1401,451.0,B0,374,0,0,2,0,2,0,0.0014883300755172968,test,V1004,2,0,0,1,1,2,channel_fault
0,1,2,0,synthetic-V1004-e0-channel_fault-c0-B1,0,2,0,0,0,0,0,0.011516307014971972,synthetic,5.952518502017483,synthetic-V1004-e0,0,revision_impact,5.936224551871419,0,0,0,1401,451.0,B1,374,0,0,2,0,2,0,0.001506339991465211,test,V1004,2,0,0,1,1,2,channel_fault
0,1,2,0,synthetic-V1004-e0-channel_fault-c0-B2,0,2,0,0,0,0,0,0.0522516428027302,synthetic,5.921359262196347,synthetic-V1004-e0,0,revision_impact,5.8593562070745975,0,0,0,1401,451.0,B2,374,0,0,2,0,2,0,0.005296761868521571,test,V1004,2,0,0,1,1,2,channel_fault
0,1,2,0,synthetic-V1004-e0-channel_fault-c0-B3,0,2,0,0,0,0,0,0.012172733899205923,synthetic,11.060805530985817,synthetic-V1004-e0,0,revision_impact,5.293346643913537,0,0,0,1401,451.0,B3,374,0,0,2,0,2,0,0.0015105390921235085,test,V1004,2,0,0,1,1,2,channel_fault
0,1,2,0,synthetic-V1004-e0-channel_fault-c0-M1,0,2,0,0,0,0,0,0.0592647900339216,synthetic,5.846417618915439,synthetic-V1004-e0,0,revision_impact,5.7762221400626,0,0,0,1401,451.0,M1,374,0,0,2,0,2,0,0.007698853965848684,test,V1004,2,0,0,1,1,2,channel_fault
0,1,2,0,synthetic-V1004-e0-channel_fault-c1-B0,1,2,0,0,0,0,1,0.004525288939476013,synthetic,34.07643558084965,synthetic-V1004-e0,0,revision_impact,5.363591451896355,0,0,0,1803,481.0,B0,374,0,0,2,0,2,1,0.0016558561474084854,test,V1004,2,0,1,1,1,2,channel_fault
0,1,2,0,synthetic-V1004-e0-channel_fault-c1-B1,1,2,0,0,1,1,1,0.025003024144098163,synthetic,34.341203863034025,synthetic-V1004-e0,0,revision_impact,5.290452851913869,0,0,0,1803,481.0,B1,374,0,0,2,0,2,0,0.0016532670706510544,test,V1004,2,0,1,1,1,2,channel_fault
0,1,2,0,synthetic-V1004-e0-channel_fault-c1-B2,1,2,0,0,1,1,1,0.08538401196710765,synthetic,36.66623832890764,synthetic-V1004-e0,0,revision_impact,5.405830046860501,0,0,0,1803,481.0,B2,374,0,0,2,0,2,0,0.005751434015110135,test,V1004,2,0,1,1,1,2,channel_fault
0,1,2,0,synthetic-V1004-e0-channel_fault-c1-B3,1,2,0,0,1,1,1,0.017907278146594763,synthetic,39.23465690901503,synthetic-V1004-e0,0,revision_impact,5.378796264063567,0,0,0,1803,481.0,B3,374,0,0,2,0,2,0,0.0016271569766104221,test,V1004,2,0,1,1,1,2,channel_fault
0,1,2,0,synthetic-V1004-e0-channel_fault-c1-M1,1,2,0,0,1,1,1,0.09252457716502249,synthetic,36.68622686411254,synthetic-V1004-e0,0,revision_impact,5.495861465111375,0,0,0,1803,481.0,M1,374,0,0,2,0,2,0,0.005741514032706618,test,V1004,2,0,1,1,1,2,channel_fault
0,1,2,0,synthetic-V1004-e0-channel_fault-c2-B0,2,2,0,0,0,0,1,0.004610636970028281,synthetic,34.73309147101827,synthetic-V1004-e0,0,revision_impact,5.37735878303647,0,0,0,1804,541.0,B0,374,0,0,2,0,2,1,0.0017254948616027832,test,V1004,2,0,3,1,1,2,channel_fault
0,1,2,0,synthetic-V1004-e0-channel_fault-c2-B1,2,2,0,0,1,1,1,0.019250670913606882,synthetic,35.14698777394369,synthetic-V1004-e0,0,revision_impact,5.300498058088124,0,0,0,1804,541.0,B1,374,0,0,2,0,2,0,0.001756484154611826,test,V1004,2,0,3,1,1,2,channel_fault
0,1,2,0,synthetic-V1004-e0-channel_fault-c2-B2,2,2,0,0,1,1,1,0.11609197105281055,synthetic,39.70708700711839,synthetic-V1004-e0,0,revision_impact,5.33246978209354,0,0,0,1804,541.0,B2,374,0,0,2,0,2,0,0.006116166012361646,test,V1004,2,0,3,1,1,2,channel_fault
0,1,2,0,synthetic-V1004-e0-channel_fault-c2-B3,2,2,0,0,1,1,1,0.02418871014378965,synthetic,40.193087060935795,synthetic-V1004-e0,0,revision_impact,5.319496414158493,0,0,0,1804,541.0,B3,374,0,0,2,0,2,0,0.0017890038434416056,test,V1004,2,0,3,1,1,2,channel_fault
0,1,2,0,synthetic-V1004-e0-channel_fault-c2-M1,2,2,0,0,1,1,1,0.12864558584988117,synthetic,39.90949473110959,synthetic-V1004-e0,0,revision_impact,5.321480584098026,0,0,0,1804,541.0,M1,374,0,0,2,0,2,0,0.006562117952853441,test,V1004,2,0,3,1,1,2,channel_fault
0,1,2,0,synthetic-V1004-e0-clean-c0-B0,0,2,0,0,0,0,0,0.009674194967374206,synthetic,13.314716666936874,synthetic-V1004-e0,0,revision_impact,5.284940042998642,0,0,0,1401,451.0,B0,374,0,0,2,0,2,0,0.0015004889573901892,test,V1004,2,0,0,1,1,2,clean
0,1,2,0,synthetic-V1004-e0-clean-c0-B1,0,2,0,0,0,0,0,0.011185433017089963,synthetic,13.306666299933568,synthetic-V1004-e0,0,revision_impact,5.274658531881869,0,0,0,1401,451.0,B1,374,0,0,2,0,2,0,0.0015058799181133509,test,V1004,2,0,0,1,1,2,clean
0,1,2,0,synthetic-V1004-e0-clean-c0-B2,0,2,0,0,0,0,0,0.05569705297239125,synthetic,13.300951255019754,synthetic-V1004-e0,0,revision_impact,5.280231188982725,0,0,0,1401,451.0,B2,374,0,0,2,0,2,0,0.00547386915422976,test,V1004,2,0,0,1,1,2,clean
0,1,2,0,synthetic-V1004-e0-clean-c0-B3,0,2,0,0,0,0,0,0.011177853913977742,synthetic,18.478638409869745,synthetic-V1004-e0,0,revision_impact,5.30660780495964,0,0,0,1401,451.0,B3,374,0,0,2,0,2,0,0.0014975301455706358,test,V1004,2,0,0,1,1,2,clean
0,1,2,0,synthetic-V1004-e0-clean-c0-M1,0,2,0,0,0,0,0,0.0582864701282233,synthetic,18.54967623203993,synthetic-V1004-e0,0,revision_impact,5.314786198781803,0,0,0,1401,451.0,M1,374,0,0,2,0,2,0,0.006705113919451833,test,V1004,2,0,0,1,1,2,clean
0,1,2,0,synthetic-V1004-e0-clean-c1-B0,1,2,0,0,0,0,0,0.0025981368962675333,synthetic,39.28890291205607,synthetic-V1004-e0,0,revision_impact,5.268415748141706,0,0,0,1743,481.0,B0,374,0,0,2,0,2,0,0.0015953478869050741,test,V1004,2,0,2,1,1,2,clean
0,1,2,0,synthetic-V1004-e0-clean-c1-B1,1,2,0,0,0,0,0,0.006504257908090949,synthetic,41.561540878145024,synthetic-V1004-e0,0,revision_impact,5.224782471079379,0,0,0,1743,481.0,B1,374,0,0,2,0,2,0,0.0015596591401845217,test,V1004,2,0,2,1,1,2,clean
0,1,2,0,synthetic-V1004-e0-clean-c1-B2,1,2,0,0,0,0,0,0.026467764051631093,synthetic,44.57531117484905,synthetic-V1004-e0,0,revision_impact,5.293594538001344,0,0,0,1743,481.0,B2,374,0,0,2,0,2,0,0.0056151761673390865,test,V1004,2,0,2,1,1,2,clean
0,1,2,0,synthetic-V1004-e0-clean-c1-B3,1,2,0,0,0,0,0,0.0072762630879879,synthetic,46.7474912351463,synthetic-V1004-e0,0,revision_impact,5.738370166858658,0,0,0,1743,481.0,B3,374,0,0,2,0,2,0,0.0015692878514528275,test,V1004,2,0,2,1,1,2,clean
0,1,2,0,synthetic-V1004-e0-clean-c1-M1,1,2,0,0,0,0,0,0.028646129881963134,synthetic,46.33263124991208,synthetic-V1004-e0,0,revision_impact,5.3178012578282505,0,0,0,1743,481.0,M1,374,0,0,2,0,2,0,0.005595676833763719,test,V1004,2,0,2,1,1,2,clean
0,1,2,0,synthetic-V1004-e0-clean-c2-B0,2,2,0,0,0,0,0,0.0026997458189725876,synthetic,39.69917851686478,synthetic-V1004-e0,0,revision_impact,5.451123849954456,0,0,0,1743,541.0,B0,374,0,0,2,0,2,0,0.0016182169783860445,test,V1004,2,0,4,1,1,2,clean
0,1,2,0,synthetic-V1004-e0-clean-c2-B1,2,2,0,0,0,0,0,0.006891010794788599,synthetic,42.095386893022805,synthetic-V1004-e0,0,revision_impact,5.249423142056912,0,0,0,1743,541.0,B1,374,0,0,2,0,2,0,0.0016389060765504837,test,V1004,2,0,4,1,1,2,clean
0,1,2,0,synthetic-V1004-e0-clean-c2-B2,2,2,0,0,0,0,0,0.03081825701519847,synthetic,44.99865167704411,synthetic-V1004-e0,0,revision_impact,5.306509857065976,0,0,0,1743,541.0,B2,374,0,0,2,0,2,0,0.005683414870873094,test,V1004,2,0,4,1,1,2,clean
0,1,2,0,synthetic-V1004-e0-clean-c2-B3,2,2,0,0,0,0,0,0.007682293886318803,synthetic,46.470299193868414,synthetic-V1004-e0,0,revision_impact,5.40092144603841,0,0,0,1743,541.0,B3,374,0,0,2,0,2,0,0.0016009779646992683,test,V1004,2,0,4,1,1,2,clean
0,1,2,0,synthetic-V1004-e0-clean-c2-M1,2,2,0,0,0,0,0,0.03460156894288957,synthetic,46.28361821197905,synthetic-V1004-e0,0,revision_impact,5.319848627084866,0,0,0,1743,541.0,M1,374,0,0,2,0,2,0,0.0056955949403345585,test,V1004,2,0,4,1,1,2,clean
0,1,2,0,synthetic-V1004-e0-correction-c0-B0,0,2,0,0,0,0,0,0.0103034689091146,synthetic,6.110967902932316,synthetic-V1004-e0,0,revision_impact,6.0948195240926,0,0,0,1401,451.0,B0,374,0,0,2,0,2,0,0.001494110096246004,test,V1004,2,0,0,1,1,2,correction
0,1,2,0,synthetic-V1004-e0-correction-c0-B1,0,2,0,0,0,0,0,0.011375637026503682,synthetic,6.128667331999168,synthetic-V1004-e0,0,revision_impact,6.112924733897671,0,0,0,1401,451.0,B1,374,0,0,2,0,2,0,0.0014984901063144207,test,V1004,2,0,0,1,1,2,correction
0,1,2,0,synthetic-V1004-e0-correction-c0-B2,0,2,0,0,0,0,0,0.07457607705146074,synthetic,6.105453016003594,synthetic-V1004-e0,0,revision_impact,6.014108761912212,0,0,0,1401,451.0,B2,374,0,0,2,0,2,0,0.012920366134494543,test,V1004,2,0,0,1,1,2,correction
0,1,2,0,synthetic-V1004-e0-correction-c0-B3,0,2,0,0,0,0,0,0.016403505112975836,synthetic,11.193551413016394,synthetic-V1004-e0,0,revision_impact,5.303929847897962,0,0,0,1401,451.0,B3,374,0,0,2,0,2,0,0.001487629022449255,test,V1004,2,0,0,1,1,2,correction
0,1,2,0,synthetic-V1004-e0-correction-c0-M1,0,2,0,0,0,0,0,0.08949006185866892,synthetic,6.001130166929215,synthetic-V1004-e0,0,revision_impact,5.897731308825314,0,0,0,1401,451.0,M1,374,0,0,2,0,2,0,0.00909153395332396,test,V1004,2,0,0,1,1,2,correction
0,1,2,0,synthetic-V1004-e0-correction-c1-B0,1,2,0,0,0,0,1,0.0027185939252376556,synthetic,34.69346920307726,synthetic-V1004-e0,0,revision_impact,5.309759808937088,0,0,0,1742,481.0,B0,374,0,0,2,0,2,1,0.0015767780132591724,test,V1004,2,0,1,1,1,2,correction
0,1,2,0,synthetic-V1004-e0-correction-c1-B1,1,2,0,0,1,1,1,0.007391469087451696,synthetic,35.22928599896841,synthetic-V1004-e0,0,revision_impact,5.256329901050776,0,0,0,1742,481.0,B1,374,0,0,2,0,2,0,0.0016150670126080513,test,V1004,2,0,1,1,1,2,correction
0,1,2,0,synthetic-V1004-e0-correction-c1-B2,1,2,0,0,1,1,1,0.03639056603424251,synthetic,37.163170219166204,synthetic-V1004-e0,0,revision_impact,5.274730304023251,0,0,0,1742,481.0,B2,374,0,0,2,0,2,0,0.005953069077804685,test,V1004,2,0,1,1,1,2,correction
0,1,2,0,synthetic-V1004-e0-correction-c1-B3,1,2,0,0,1,1,1,0.00823986204341054,synthetic,39.8809422289487,synthetic-V1004-e0,0,revision_impact,5.286247299052775,0,0,0,1742,481.0,B3,374,0,0,2,0,2,0,0.0016136968042701483,test,V1004,2,0,1,1,1,2,correction
0,1,2,0,synthetic-V1004-e0-correction-c1-M1,1,2,0,0,1,1,1,0.03908555209636688,synthetic,37.345786639954895,synthetic-V1004-e0,0,revision_impact,5.434677626937628,0,0,0,1742,481.0,M1,374,0,0,2,0,2,0,0.005933708976954222,test,V1004,2,0,1,1,1,2,correction
0,1,2,0,synthetic-V1004-e0-correction-c2-B0,2,2,0,0,0,0,1,0.0026409761048853397,synthetic,49.96193313691765,synthetic-V1004-e0,0,revision_impact,5.358395966002718,0,0,0,1743,541.0,B0,374,0,0,2,0,2,1,0.001663516042754054,test,V1004,2,0,3,1,1,2,correction
0,1,2,0,synthetic-V1004-e0-correction-c2-B1,2,2,0,0,1,1,1,0.00820141308940947,synthetic,50.98329626512714,synthetic-V1004-e0,0,revision_impact,5.422408776823431,0,0,0,1743,541.0,B1,374,0,0,2,0,2,0,0.0016988350544124842,test,V1004,2,0,3,1,1,2,correction
0,1,2,0,synthetic-V1004-e0-correction-c2-B2,2,2,0,0,1,1,1,0.06647662306204438,synthetic,53.67030413309112,synthetic-V1004-e0,0,revision_impact,5.2899420929607,0,0,0,1743,541.0,B2,374,0,0,2,0,2,0,0.010091654025018215,test,V1004,2,0,3,1,1,2,correction
0,1,2,0,synthetic-V1004-e0-correction-c2-B3,2,2,0,0,1,1,1,0.013394275913015008,synthetic,56.107669291086495,synthetic-V1004-e0,0,revision_impact,5.435950882034376,0,0,0,1743,541.0,B3,374,0,0,2,0,2,0,0.001688546035438776,test,V1004,2,0,3,1,1,2,correction
0,1,2,0,synthetic-V1004-e0-correction-c2-M1,2,2,0,0,1,1,1,0.05259439582005143,synthetic,55.1531741861254,synthetic-V1004-e0,0,revision_impact,5.275708004133776,0,0,0,1743,541.0,M1,374,0,0,2,0,2,0,0.009652722859755158,test,V1004,2,0,3,1,1,2,correction
0,0,1,1,synthetic-V1004-e0-delayed-c0-B0,0,2,1,0,0,0,0,0.017636833945289254,synthetic,26.5538888880983,synthetic-V1004-e0,0,revision_impact,5.316813743906096,0,0,0,1287,451.0,B0,372,0,0,2,0,2,0,0.0014948900789022446,test,V1004,1,0,0,1,1,1,delayed
0,0,1,0,synthetic-V1004-e0-delayed-c0-B1,0,1,0,0,0,0,0,0.010611396050080657,synthetic,32.25527967396192,synthetic-V1004-e0,0,revision_impact,11.021374435862526,0,0,0,2979,451.0,B1,774,0,1,1,1,2,0,0.0014686009380966425,test,V1004,1,0,0,1,1,1,delayed
0,0,1,0,synthetic-V1004-e0-delayed-c0-B2,0,1,0,0,0,0,0,0.07482179207727313,synthetic,37.26749662379734,synthetic-V1004-e0,0,revision_impact,10.972573810024187,0,0,0,2979,451.0,B2,774,0,1,1,1,2,0,0.009353881934657693,test,V1004,1,0,0,1,1,1,delayed
0,0,1,0,synthetic-V1004-e0-delayed-c0-B3,0,1,0,0,0,0,0,0.013692094013094902,synthetic,40.08708070893772,synthetic-V1004-e0,0,revision_impact,11.006895656930283,0,0,0,2979,451.0,B3,774,0,1,1,1,2,0,0.0014933100901544094,test,V1004,1,0,0,1,1,1,delayed
0,0,1,0,synthetic-V1004-e0-delayed-c0-M1,0,1,0,0,0,0,0,0.07379169296473265,synthetic,36.99784610699862,synthetic-V1004-e0,0,revision_impact,10.549525472102687,0,0,0,2975,451.0,M1,744,0,1,1,1,2,0,0.008488758932799101,test,V1004,1,0,0,1,1,1,delayed
0,0,1,1,synthetic-V1004-e0-delayed-c1-B0,1,2,1,0,0,0,0,0.0019894300494343042,synthetic,46.29064550693147,synthetic-V1004-e0,0,revision_impact,5.477709251921624,0,0,1,1608,481.0,B0,372,0,0,2,0,2,0,0.0015793980564922094,test,V1004,1,0,1,1,1,1,delayed
0,0,1,0,synthetic-V1004-e0-delayed-c1-B1,1,1,0,0,0,0,0,0.003669156925752759,synthetic,53.10658472916111,synthetic-V1004-e0,0,revision_impact,10.489887494128197,0,0,0,3617,481.0,B1,744,0,1,1,1,2,0,0.001544478116557002,test,V1004,1,0,1,1,1,1,delayed
0,0,1,0,synthetic-V1004-e0-delayed-c1-B2,1,1,0,0,0,0,0,0.0126970240380615,synthetic,53.70943422289565,synthetic-V1004-e0,0,revision_impact,10.544332818128169,0,0,0,3617,481.0,B2,744,0,1,1,1,2,0,0.005608957028016448,test,V1004,1,0,1,1,1,1,delayed
0,0,1,0,synthetic-V1004-e0-delayed-c1-B3,1,1,0,0,0,0,0,0.0036976661067456007,synthetic,56.80213737604208,synthetic-V1004-e0,0,revision_impact,10.551799626089633,0,0,0,3617,481.0,B3,744,0,1,1,1,2,0,0.0015509889926761389,test,V1004,1,0,1,1,1,1,delayed
0,0,1,0,synthetic-V1004-e0-delayed-c1-M1,1,1,0,0,0,0,0,0.011788233183324337,synthetic,56.83322698902339,synthetic-V1004-e0,0,revision_impact,10.814911185996607,0,0,0,3617,481.0,M1,744,0,1,1,1,2,0,0.005516188917681575,test,V1004,1,0,1,1,1,1,delayed
0,1,2,0,synthetic-V1004-e0-delayed-c2-B0,2,2,0,0,0,0,0,0.0043594129383563995,synthetic,48.36701112613082,synthetic-V1004-e0,0,revision_impact,5.306277735158801,0,0,2,1722,541.0,B0,372,0,0,2,0,2,0,0.002668625907972455,test,V1004,2,0,2,1,1,2,delayed
0,1,2,0,synthetic-V1004-e0-delayed-c2-B1,2,2,0,0,0,0,0,0.004781004041433334,synthetic,48.528956533875316,synthetic-V1004-e0,0,revision_impact,5.251224645180628,0,0,0,1722,541.0,B1,372,0,0,2,0,2,0,0.00158809800632298,test,V1004,2,0,2,1,1,2,delayed
0,1,2,0,synthetic-V1004-e0-delayed-c2-B2,2,2,0,0,0,0,0,0.01778765209019184,synthetic,51.64166588196531,synthetic-V1004-e0,0,revision_impact,5.3096120888367295,0,0,0,1722,541.0,B2,372,0,0,2,0,2,0,0.0057744430378079414,test,V1004,2,0,2,1,1,2,delayed
0,1,2,0,synthetic-V1004-e0-delayed-c2-B3,2,2,0,0,0,0,0,0.004656926030293107,synthetic,53.758334937971085,synthetic-V1004-e0,0,revision_impact,5.283089773030952,0,0,0,1722,541.0,B3,372,0,0,2,0,2,0,0.0015648489352315664,test,V1004,2,0,2,1,1,2,delayed
0,1,2,0,synthetic-V1004-e0-delayed-c2-M1,2,2,0,0,0,0,0,0.01923061185516417,synthetic,53.618258791044354,synthetic-V1004-e0,0,revision_impact,5.285383076872677,0,0,0,1722,541.0,M1,372,0,0,2,0,2,0,0.00725117395631969,test,V1004,2,0,2,1,1,2,delayed
0,1,2,0,synthetic-V1004-e1-channel_fault-c0-B0,0,2,0,0,0,0,0,0.009192632045596838,synthetic,45.61717312899418,synthetic-V1004-e1,0,evidence_sufficiency,5.240012164926156,0,0,0,1432,1351.0,B0,365,0,0,2,0,2,0,0.0015531289391219616,test,V1004,2,0,0,1,1,2,channel_fault
0,1,2,0,synthetic-V1004-e1-channel_fault-c0-B1,0,2,0,0,0,0,0,0.010721051134169102,synthetic,50.67125679901801,synthetic-V1004-e1,0,evidence_sufficiency,5.061354442033917,0,0,0,1432,1351.0,B1,365,0,0,2,0,2,0,0.0015237289480865002,test,V1004,2,0,0,1,1,2,channel_fault
0,1,2,0,synthetic-V1004-e1-channel_fault-c0-B2,0,2,0,0,0,0,0,0.05459747603163123,synthetic,52.45153926499188,synthetic-V1004-e1,0,evidence_sufficiency,5.16610150388442,0,0,0,1432,1351.0,B2,365,0,0,2,0,2,0,0.005367660894989967,test,V1004,2,0,0,1,1,2,channel_fault
0,1,2,0,synthetic-V1004-e1-channel_fault-c0-B3,0,2,0,0,0,0,0,0.010891407961025834,synthetic,52.88491442007944,synthetic-V1004-e1,0,evidence_sufficiency,5.199712928151712,0,0,0,1432,1351.0,B3,365,0,0,2,0,2,0,0.0015040191356092691,test,V1004,2,0,0,1,1,2,channel_fault
0,1,2,0,synthetic-V1004-e1-channel_fault-c0-M1,0,2,0,0,0,0,0,0.050877111963927746,synthetic,52.404015314998105,synthetic-V1004-e1,0,evidence_sufficiency,5.124164368957281,0,0,0,1432,1351.0,M1,365,0,0,2,0,2,0,0.005840350175276399,test,V1004,2,0,0,1,1,2,channel_fault
0,1,2,0,synthetic-V1004-e1-channel_fault-c1-B0,1,2,0,0,0,0,1,0.004399540135636926,synthetic,44.466612150892615,synthetic-V1004-e1,0,evidence_sufficiency,5.182996809016913,0,0,0,1521,1381.0,B0,369,0,0,2,0,2,1,0.0016365370247513056,test,V1004,2,0,1,1,1,2,channel_fault
0,1,2,0,synthetic-V1004-e1-channel_fault-c1-B1,1,2,0,0,1,1,1,0.017078201984986663,synthetic,49.52223835000768,synthetic-V1004-e1,0,evidence_sufficiency,5.056080969981849,0,0,0,1521,1381.0,B1,365,0,0,2,0,2,0,0.00164781603962183,test,V1004,2,0,1,1,1,2,channel_fault
0,1,2,0,synthetic-V1004-e1-channel_fault-c1-B2,1,2,0,0,1,1,1,0.10916612204164267,synthetic,49.91457012295723,synthetic-V1004-e1,0,evidence_sufficiency,5.20437661302276,0,0,0,1521,1381.0,B2,371,0,0,2,0,2,0,0.009423197945579886,test,V1004,2,0,1,1,1,2,channel_fault
0,1,2,0,synthetic-V1004-e1-channel_fault-c1-B3,1,2,0,0,1,1,1,0.019523301860317588,synthetic,51.52504047402181,synthetic-V1004-e1,0,evidence_sufficiency,5.217049814062193,0,0,0,1521,1381.0,B3,365,0,0,2,0,2,0,0.001630367012694478,test,V1004,2,0,1,1,1,2,channel_fault
0,1,2,0,synthetic-V1004-e1-channel_fault-c1-M1,1,2,0,0,1,1,1,0.11778187588788569,synthetic,50.36226103594527,synthetic-V1004-e1,0,evidence_sufficiency,5.1639037888962775,0,0,0,1521,1381.0,M1,369,0,0,2,0,2,0,0.005836091004312038,test,V1004,2,0,1,1,1,2,channel_fault
0,1,2,0,synthetic-V1004-e1-channel_fault-c2-B0,2,2,0,0,0,0,1,0.004298902116715908,synthetic,45.09106279700063,synthetic-V1004-e1,0,evidence_sufficiency,5.223285637097433,0,0,0,1520,1441.0,B0,371,0,0,2,0,2,1,0.0016681959386914968,test,V1004,2,0,3,1,1,2,channel_fault
0,1,2,0,synthetic-V1004-e1-channel_fault-c2-B1,2,2,0,0,1,1,1,0.05893125687725842,synthetic,50.25730688800104,synthetic-V1004-e1,0,evidence_sufficiency,5.165496346075088,0,0,0,1520,1441.0,B1,371,0,0,2,0,2,0,0.0017820040229707956,test,V1004,2,0,3,1,1,2,channel_fault
0,1,2,0,synthetic-V1004-e1-channel_fault-c2-B2,2,2,0,0,1,1,1,0.09281971585005522,synthetic,50.70248878211714,synthetic-V1004-e1,0,evidence_sufficiency,5.143407336901873,0,0,0,1520,1441.0,B2,371,0,0,2,0,2,0,0.006131995003670454,test,V1004,2,0,3,1,1,2,channel_fault
0,1,2,0,synthetic-V1004-e1-channel_fault-c2-B3,2,2,0,0,1,1,1,0.02732984209433198,synthetic,50.94110192311928,synthetic-V1004-e1,0,evidence_sufficiency,5.11503033596091,0,0,0,1520,1441.0,B3,371,0,0,2,0,2,0,0.001737015089020133,test,V1004,2,0,3,1,1,2,channel_fault
0,1,2,0,synthetic-V1004-e1-channel_fault-c2-M1,2,2,0,0,1,1,1,0.10670541203580797,synthetic,50.930121245794,synthetic-V1004-e1,0,evidence_sufficiency,5.1217775081750005,0,0,0,1520,1441.0,M1,371,0,0,2,0,2,0,0.006199103081598878,test,V1004,2,0,3,1,1,2,channel_fault
0,1,2,0,synthetic-V1004-e1-clean-c0-B0,0,2,0,0,0,0,0,0.009373340988531709,synthetic,13.07694513304159,synthetic-V1004-e1,0,evidence_sufficiency,5.159229529090226,0,0,0,1432,1351.0,B0,365,0,0,2,0,2,0,0.0015186299569904804,test,V1004,2,0,0,1,1,2,clean
0,1,2,0,synthetic-V1004-e1-clean-c0-B1,0,2,0,0,0,0,0,0.011234664125367999,synthetic,13.068937843898311,synthetic-V1004-e1,0,evidence_sufficiency,5.1511419410817325,0,0,0,1432,1351.0,B1,365,0,0,2,0,2,0,0.0014899799134582281,test,V1004,2,0,0,1,1,2,clean
0,1,2,0,synthetic-V1004-e1-clean-c0-B2,0,2,0,0,0,0,0,0.05292355292476714,synthetic,13.062369785970077,synthetic-V1004-e1,0,evidence_sufficiency,5.156379986088723,0,0,0,1432,1351.0,B2,365,0,0,2,0,2,0,0.005415241001173854,test,V1004,2,0,0,1,1,2,clean
0,1,2,0,synthetic-V1004-e1-clean-c0-B3,0,2,0,0,0,0,0,0.01133577199652791,synthetic,18.080193784087896,synthetic-V1004-e1,0,evidence_sufficiency,5.142388277919963,0,0,0,1432,1351.0,B3,365,0,0,2,0,2,0,0.0014867400750517845,test,V1004,2,0,0,1,1,2,clean
0,1,2,0,synthetic-V1004-e1-clean-c0-M1,0,2,0,0,0,0,0,0.05773314693942666,synthetic,18.13146333117038,synthetic-V1004-e1,0,evidence_sufficiency,5.130788181209937,0,0,0,1432,1351.0,M1,365,0,0,2,0,2,0,0.005389631958678365,test,V1004,2,0,0,1,1,2,clean
0,1,2,0,synthetic-V1004-e1-clean-c1-B0,1,2,0,0,0,0,0,0.0031700560357421637,synthetic,36.938000553054735,synthetic-V1004-e1,0,evidence_sufficiency,5.194019728107378,0,0,0,1453,1381.0,B0,365,0,0,2,0,2,0,0.0016007081139832735,test,V1004,2,0,2,1,1,2,clean
0,1,2,0,synthetic-V1004-e1-clean-c1-B1,1,2,0,0,0,0,0,0.006809253012761474,synthetic,40.20090324501507,synthetic-V1004-e1,0,evidence_sufficiency,5.118435279931873,0,0,0,1453,1381.0,B1,365,0,0,2,0,2,0,0.0015854481607675552,test,V1004,2,0,2,1,1,2,clean
0,1,2,0,synthetic-V1004-e1-clean-c1-B2,1,2,0,0,0,0,0,0.027524475008249283,synthetic,41.16917605698109,synthetic-V1004-e1,0,evidence_sufficiency,5.115720205008984,0,0,0,1453,1381.0,B2,365,0,0,2,0,2,0,0.00544917001388967,test,V1004,2,0,2,1,1,2,clean
0,1,2,0,synthetic-V1004-e1-clean-c1-B3,1,2,0,0,0,0,0,0.008503218879923224,synthetic,44.089716598857194,synthetic-V1004-e1,0,evidence_sufficiency,5.186243944102898,0,0,0,1453,1381.0,B3,365,0,0,2,0,2,0,0.0015896579716354609,test,V1004,2,0,2,1,1,2,clean
0,1,2,0,synthetic-V1004-e1-clean-c1-M1,1,2,0,0,0,0,0,0.029512675013393164,synthetic,41.99529685406014,synthetic-V1004-e1,0,evidence_sufficiency,5.0980995709542185,0,0,0,1453,1381.0,M1,365,0,0,2,0,2,0,0.005670855985954404,test,V1004,2,0,2,1,1,2,clean
0,1,2,0,synthetic-V1004-e1-clean-c2-B0,2,2,0,0,0,0,0,0.006032788893207908,synthetic,35.84175133891404,synthetic-V1004-e1,0,evidence_sufficiency,5.291546053020284,0,0,0,1453,1441.0,B0,365,0,0,2,0,2,0,0.004104736959561706,test,V1004,2,0,4,1,1,2,clean
0,1,2,0,synthetic-V1004-e1-clean-c2-B1,2,2,0,0,0,0,0,0.015222963178530335,synthetic,39.63400619686581,synthetic-V1004-e1,0,evidence_sufficiency,5.146067654015496,0,0,0,1453,1441.0,B1,365,0,0,2,0,2,0,0.0028076539747416973,test,V1004,2,0,4,1,1,2,clean
0,1,2,0,synthetic-V1004-e1-clean-c2-B2,2,2,0,0,0,0,0,0.04573913896456361,synthetic,39.82899380894378,synthetic-V1004-e1,0,evidence_sufficiency,5.164211179129779,0,0,0,1453,1441.0,B2,365,0,0,2,0,2,0,0.009477379033342004,test,V1004,2,0,4,1,1,2,clean
0,1,2,0,synthetic-V1004-e1-clean-c2-B3,2,2,0,0,0,0,0,0.010141275124624372,synthetic,40.8335422410164,synthetic-V1004-e1,0,evidence_sufficiency,5.1382863509934396,0,0,0,1453,1441.0,B3,365,0,0,2,0,2,0,0.0016387470532208681,test,V1004,2,0,4,1,1,2,clean
0,1,2,0,synthetic-V1004-e1-clean-c2-M1,2,2,0,0,0,0,0,0.052690708078444004,synthetic,40.841455542016774,synthetic-V1004-e1,0,evidence_sufficiency,5.151280088117346,0,0,0,1453,1441.0,M1,365,0,0,2,0,2,0,0.009460630128160119,test,V1004,2,0,4,1,1,2,clean
0,1,2,0,synthetic-V1004-e1-correction-c0-B0,0,2,0,0,0,0,0,0.009519879939034581,synthetic,21.55456386716105,synthetic-V1004-e1,0,evidence_sufficiency,5.243222173070535,0,0,0,1432,1351.0,B0,365,0,0,2,0,2,0,0.00151346018537879,test,V1004,2,0,0,1,1,2,correction
0,1,2,0,synthetic-V1004-e1-correction-c0-B1,0,2,0,0,0,0,0,0.011421741917729378,synthetic,21.553284372901544,synthetic-V1004-e1,0,evidence_sufficiency,5.222448927816004,0,0,0,1432,1351.0,B1,365,0,0,2,0,2,0,0.0014817998744547367,test,V1004,2,0,0,1,1,2,correction
0,1,2,0,synthetic-V1004-e1-correction-c0-B2,0,2,0,0,0,0,0,0.05405349191278219,synthetic,21.54381414083764,synthetic-V1004-e1,0,evidence_sufficiency,5.222359389998019,0,0,0,1432,1351.0,B2,365,0,0,2,0,2,0,0.0053492330480366945,test,V1004,2,0,0,1,1,2,correction
0,1,2,0,synthetic-V1004-e1-correction-c0-B3,0,2,0,0,0,0,0,0.011483140988275409,synthetic,26.608776841079816,synthetic-V1004-e1,0,evidence_sufficiency,5.175919997040182,0,0,0,1432,1351.0,B3,365,0,0,2,0,2,0,0.0015137000009417534,test,V1004,2,0,0,1,1,2,correction
0,1,2,0,synthetic-V1004-e1-correction-c0-M1,0,2,0,0,0,0,0,0.052314845845103264,synthetic,26.66033953311853,synthetic-V1004-e1,0,evidence_sufficiency,5.182992374990135,0,0,0,1432,1351.0,M1,365,0,0,2,0,2,0,0.005385152995586395,test,V1004,2,0,0,1,1,2,correction
0,1,2,0,synthetic-V1004-e1-correction-c1-B0,1,2,0,0,0,0,1,0.0030523391906172037,synthetic,50.975635105976835,synthetic-V1004-e1,0,evidence_sufficiency,5.255256552947685,0,0,0,1453,1381.0,B0,365,0,0,2,0,2,1,0.001646287040784955,test,V1004,2,0,1,1,1,2,correction
0,1,2,0,synthetic-V1004-e1-correction-c1-B1,1,2,0,0,1,1,1,0.007707406999543309,synthetic,53.21473802998662,synthetic-V1004-e1,0,evidence_sufficiency,5.235789900878444,0,0,0,1453,1381.0,B1,365,0,0,2,0,2,0,0.0016406469512730837,test,V1004,2,0,1,1,1,2,correction
0,1,2,0,synthetic-V1004-e1-correction-c1-B2,1,2,0,0,1,1,1,0.0298598138615489,synthetic,53.77052497980185,synthetic-V1004-e1,0,evidence_sufficiency,5.237626855028793,0,0,0,1453,1381.0,B2,365,0,0,2,0,2,0,0.005466090980917215,test,V1004,2,0,1,1,1,2,correction
0,1,2,0,synthetic-V1004-e1-correction-c1-B3,1,2,0,0,1,1,1,0.008568179095163941,synthetic,58.261592239839956,synthetic-V1004-e1,0,evidence_sufficiency,5.118983461987227,0,0,0,1453,1381.0,B3,365,0,0,2,0,2,0,0.0016173978801816702,test,V1004,2,0,1,1,1,2,correction
0,1,2,0,synthetic-V1004-e1-correction-c1-M1,1,2,0,0,1,1,1,0.030714257154613733,synthetic,56.08334954222664,synthetic-V1004-e1,0,evidence_sufficiency,5.15501345298253,0,0,0,1453,1381.0,M1,365,0,0,2,0,2,0,0.005483040818944573,test,V1004,2,0,1,1,1,2,correction
0,1,2,0,synthetic-V1004-e1-correction-c2-B0,2,2,0,0,0,0,1,0.0036005289293825626,synthetic,46.925156224984676,synthetic-V1004-e1,0,evidence_sufficiency,5.175613572122529,0,0,0,1453,1441.0,B0,365,0,0,2,0,2,1,0.0016492069698870182,test,V1004,2,0,3,1,1,2,correction
0,1,2,0,synthetic-V1004-e1-correction-c2-B1,2,2,0,0,1,1,1,0.007770864991471171,synthetic,49.34142862306908,synthetic-V1004-e1,0,evidence_sufficiency,5.113792554941028,0,0,0,1453,1441.0,B1,365,0,0,2,0,2,0,0.0016997158527374268,test,V1004,2,0,3,1,1,2,correction
0,1,2,0,synthetic-V1004-e1-correction-c2-B2,2,2,0,0,1,1,1,0.037280726013705134,synthetic,50.512469727080315,synthetic-V1004-e1,0,evidence_sufficiency,5.12602244107984,0,0,0,1453,1441.0,B2,365,0,0,2,0,2,0,0.005795323988422751,test,V1004,2,0,3,1,1,2,correction
0,1,2,0,synthetic-V1004-e1-correction-c2-B3,2,2,0,0,1,1,1,0.008725995197892189,synthetic,52.80952677503228,synthetic-V1004-e1,0,evidence_sufficiency,5.2417565828654915,0,0,0,1453,1441.0,B3,365,0,0,2,0,2,0,0.0016714571975171566,test,V1004,2,0,3,1,1,2,correction
0,1,2,0,synthetic-V1004-e1-correction-c2-M1,2,2,0,0,1,1,1,0.04332534596323967,synthetic,51.97464038291946,synthetic-V1004-e1,0,evidence_sufficiency,5.103726816130802,0,0,0,1453,1441.0,M1,365,0,0,2,0,2,0,0.005820533959195018,test,V1004,2,0,3,1,1,2,correction
0,0,1,1,synthetic-V1004-e1-delayed-c0-B0,0,2,1,0,0,0,0,0.01767007913440466,synthetic,15.972776917973533,synthetic-V1004-e1,0,evidence_sufficiency,4.997136473190039,0,0,0,1315,1351.0,B0,355,0,0,2,0,2,0,0.0015950370579957962,test,V1004,1,0,0,1,1,1,delayed
0,0,1,0,synthetic-V1004-e1-delayed-c0-B1,0,1,0,0,0,0,0,0.01066569215618074,synthetic,21.400990853086114,synthetic-V1004-e1,0,evidence_sufficiency,10.24399287905544,0,0,0,3014,1351.0,B1,710,0,1,1,1,2,0,0.0014844899997115135,test,V1004,1,0,0,1,1,1,delayed
0,0,1,0,synthetic-V1004-e1-delayed-c0-B2,0,1,0,0,0,0,0,0.05551375704817474,synthetic,25.93066129484214,synthetic-V1004-e1,0,evidence_sufficiency,9.973216435173526,0,0,0,3014,1351.0,B2,710,0,1,1,1,2,0,0.0055697159841656685,test,V1004,1,0,0,1,1,1,delayed
0,0,1,0,synthetic-V1004-e1-delayed-c0-B3,0,1,0,0,0,0,0,0.010856488021090627,synthetic,26.27188042108901,synthetic-V1004-e1,0,evidence_sufficiency,10.347114052856341,0,0,0,3014,1351.0,B3,710,0,1,1,1,2,0,0.0014955890364944935,test,V1004,1,0,0,1,1,1,delayed
0,0,1,0,synthetic-V1004-e1-delayed-c0-M1,0,1,0,0,0,0,0,0.05848289583809674,synthetic,25.923414713004604,synthetic-V1004-e1,0,evidence_sufficiency,9.964758046902716,0,0,0,3014,1351.0,M1,710,0,1,1,1,2,0,0.007203172892332077,test,V1004,1,0,0,1,1,1,delayed
0,0,1,1,synthetic-V1004-e1-delayed-c1-B0,1,2,1,0,0,0,0,0.0020026490092277527,synthetic,36.05996368499473,synthetic-V1004-e1,0,evidence_sufficiency,5.326941222185269,0,0,1,1315,1381.0,B0,355,0,0,2,0,2,0,0.0015558679588139057,test,V1004,1,0,1,1,1,1,delayed
0,0,1,0,synthetic-V1004-e1-delayed-c1-B1,1,1,0,0,0,0,0,0.003914449829608202,synthetic,45.39808231103234,synthetic-V1004-e1,0,evidence_sufficiency,9.88344515580684,0,0,0,3014,1381.0,B1,710,0,1,1,1,2,0,0.0015413090586662292,test,V1004,1,0,1,1,1,1,delayed
0,0,1,0,synthetic-V1004-e1-delayed-c1-B2,1,1,0,0,0,0,0,0.01310647209174931,synthetic,45.56663937098347,synthetic-V1004-e1,0,evidence_sufficiency,9.940380654996261,0,0,0,3014,1381.0,B2,710,0,1,1,1,2,0,0.006230402970686555,test,V1004,1,0,1,1,1,1,delayed
0,0,1,0,synthetic-V1004-e1-delayed-c1-B3,1,1,0,0,0,0,0,0.003693033941090107,synthetic,45.99531362182461,synthetic-V1004-e1,0,evidence_sufficiency,9.974811601219699,0,0,0,3014,1381.0,B3,710,0,1,1,1,2,0,0.0015362089034169912,test,V1004,1,0,1,1,1,1,delayed
0,0,1,0,synthetic-V1004-e1-delayed-c1-M1,1,1,0,0,0,0,0,0.011662171920761466,synthetic,46.019288073061034,synthetic-V1004-e1,0,evidence_sufficiency,10.282817885978147,0,0,0,3014,1381.0,M1,710,0,1,1,1,2,0,0.005622575059533119,test,V1004,1,0,1,1,1,1,delayed
0,1,2,0,synthetic-V1004-e1-delayed-c2-B0,2,2,0,0,0,0,0,0.005927508929744363,synthetic,38.658673896919936,synthetic-V1004-e1,0,evidence_sufficiency,5.127452503191307,0,0,2,1432,1441.0,B0,365,0,0,2,0,2,0,0.004003807902336121,test,V1004,2,0,2,1,1,2,delayed
0,1,2,0,synthetic-V1004-e1-delayed-c2-B1,2,2,0,0,0,0,0,0.010238000890240073,synthetic,41.0219226940535,synthetic-V1004-e1,0,evidence_sufficiency,5.0879321701359,0,0,0,1432,1441.0,B1,365,0,0,2,0,2,0,0.003916469868272543,test,V1004,2,0,2,1,1,2,delayed
0,1,2,0,synthetic-V1004-e1-delayed-c2-B2,2,2,0,0,0,0,0,0.026171095902100205,synthetic,41.47282199189067,synthetic-V1004-e1,0,evidence_sufficiency,5.147017962997779,0,0,0,1432,1441.0,B2,365,0,0,2,0,2,0,0.009503615787252784,test,V1004,2,0,2,1,1,2,delayed
0,1,2,0,synthetic-V1004-e1-delayed-c2-B3,2,2,0,0,0,0,0,0.004589696181938052,synthetic,43.73984335386194,synthetic-V1004-e1,0,evidence_sufficiency,5.166177752194926,0,0,0,1432,1441.0,B3,365,0,0,2,0,2,0,0.0016311169601976871,test,V1004,2,0,2,1,1,2,delayed
0,1,2,0,synthetic-V1004-e1-delayed-c2-M1,2,2,0,0,0,0,0,0.02608895697630942,synthetic,41.68470494705252,synthetic-V1004-e1,0,evidence_sufficiency,5.1581622059457,0,0,0,1432,1441.0,M1,365,0,0,2,0,2,0,0.008642794098705053,test,V1004,2,0,2,1,1,2,delayed
0,1,2,0,synthetic-V1005-e0-channel_fault-c0-B0,0,2,0,0,0,0,0,0.009540047030895948,synthetic,47.8835105500184,synthetic-V1005-e0,0,current_evidence,5.918544729007408,0,0,0,1392,451.0,B0,417,0,0,3,0,2,0,0.0015185798984020948,test,V1005,2,0,0,1,1,3,channel_fault
0,1,2,0,synthetic-V1005-e0-channel_fault-c0-B1,0,2,0,0,0,0,0,0.012290961807593703,synthetic,49.32531076297164,synthetic-V1005-e0,0,current_evidence,5.830070394091308,0,0,0,1392,451.0,B1,417,0,0,3,0,2,0,0.001495219999924302,test,V1005,2,0,0,1,1,3,channel_fault
0,1,2,0,synthetic-V1005-e0-channel_fault-c0-B2,0,2,0,0,0,0,0,0.051684908801689744,synthetic,50.09169353498146,synthetic-V1005-e0,0,current_evidence,5.852139953058213,0,0,0,1392,451.0,B2,417,0,0,3,0,2,0,0.0053820619359612465,test,V1005,2,0,0,1,1,3,channel_fault
0,1,2,0,synthetic-V1005-e0-channel_fault-c0-B3,0,2,0,0,0,0,0,0.011151724960654974,synthetic,53.55958390701562,synthetic-V1005-e0,0,current_evidence,5.832550985040143,0,0,0,1392,451.0,B3,417,0,0,3,0,2,0,0.0015102890320122242,test,V1005,2,0,0,1,1,3,channel_fault
0,1,2,0,synthetic-V1005-e0-channel_fault-c0-M1,0,2,0,0,0,0,0,0.06699220021255314,synthetic,52.91416828986257,synthetic-V1005-e0,0,current_evidence,5.877922600135207,0,0,0,1392,451.0,M1,412,0,0,3,0,2,0,0.00804665801115334,test,V1005,2,0,0,1,1,3,channel_fault
0,1,2,1,synthetic-V1005-e0-channel_fault-c1-B0,1,3,2,0,0,0,2,0.00427218503318727,synthetic,44.94789520697668,synthetic-V1005-e0,0,current_evidence,8.589318289188668,0,0,0,1472,481.0,B0,605,0,0,4,0,2,2,0.0016589369624853134,test,V1005,1,0,0,0,1,1,channel_fault
0,1,2,0,synthetic-V1005-e0-channel_fault-c1-B1,1,1,0,0,2,2,2,0.01665879786014557,synthetic,54.630342474905774,synthetic-V1005-e0,0,current_evidence,17.133258774178103,0,0,0,3579,481.0,B1,1210,0,1,1,1,2,0,0.0016594070475548506,test,V1005,1,0,0,0,1,1,channel_fault
0,1,2,0,synthetic-V1005-e0-channel_fault-c1-B2,1,1,0,0,2,2,2,0.09386255708523095,synthetic,58.302492175018415,synthetic-V1005-e0,0,current_evidence,17.174947562161833,0,0,0,3579,481.0,B2,1210,0,1,1,1,2,0,0.005740184802561998,test,V1005,1,0,0,0,1,1,channel_fault
0,1,2,0,synthetic-V1005-e0-channel_fault-c1-B3,1,1,0,0,2,2,2,0.018326884135603905,synthetic,61.8895580440294,synthetic-V1005-e0,0,current_evidence,17.17434236383997,0,0,0,3579,481.0,B3,1210,0,1,1,1,2,0,0.0016422069165855646,test,V1005,1,0,0,0,1,1,channel_fault
0,1,2,0,synthetic-V1005-e0-channel_fault-c1-M1,1,1,0,0,2,2,2,0.10930096986703575,synthetic,60.8264298660215,synthetic-V1005-e0,0,current_evidence,17.373938371660188,0,0,0,3579,481.0,M1,1210,0,1,1,1,2,0,0.005736394785344601,test,V1005,1,0,0,0,1,1,channel_fault
0,1,2,1,synthetic-V1005-e0-channel_fault-c2-B0,2,3,2,0,0,0,1,0.005143237998709083,synthetic,46.13285753293894,synthetic-V1005-e0,0,current_evidence,8.552170139970258,0,0,2,1472,541.0,B0,605,0,0,4,0,2,1,0.0017327850218862295,test,V1005,1,0,2,0,1,1,channel_fault
0,1,2,0,synthetic-V1005-e0-channel_fault-c2-B1,2,1,0,0,1,1,1,0.01862113899551332,synthetic,54.76996942795813,synthetic-V1005-e0,0,current_evidence,17.023701990954578,0,0,0,3579,541.0,B1,1210,0,1,1,1,2,0,0.0017503849230706692,test,V1005,1,0,2,0,1,1,channel_fault
0,1,2,0,synthetic-V1005-e0-channel_fault-c2-B2,2,1,0,0,1,1,1,0.12271322216838598,synthetic,55.53446769504808,synthetic-V1005-e0,0,current_evidence,16.99981764727272,0,0,0,3579,541.0,B2,1210,0,1,1,1,2,0,0.0061249579302966595,test,V1005,1,0,2,0,1,1,channel_fault
0,1,2,0,synthetic-V1005-e0-channel_fault-c2-B3,2,1,0,0,1,1,1,0.026054400019347668,synthetic,62.347833988955244,synthetic-V1005-e0,0,current_evidence,16.5467276268173,0,0,0,3579,541.0,B3,1210,0,1,1,1,2,0,0.0017283358611166477,test,V1005,1,0,2,0,1,1,channel_fault
0,1,2,0,synthetic-V1005-e0-channel_fault-c2-M1,2,1,0,0,1,1,1,0.17249962803907692,synthetic,60.77149066096172,synthetic-V1005-e0,0,current_evidence,16.769286706810817,0,0,0,3579,541.0,M1,1210,0,1,1,1,2,0,0.010013919789344072,test,V1005,1,0,2,0,1,1,channel_fault
0,1,2,0,synthetic-V1005-e0-clean-c0-B0,0,2,0,0,0,0,0,0.008943913038820028,synthetic,46.666011485038325,synthetic-V1005-e0,0,current_evidence,5.933368216035888,0,0,0,1392,451.0,B0,417,0,0,3,0,2,0,0.001492723822593689,test,V1005,2,0,0,1,1,3,clean
0,1,2,0,synthetic-V1005-e0-clean-c0-B1,0,2,0,0,0,0,0,0.010849989950656891,synthetic,49.92460246197879,synthetic-V1005-e0,0,current_evidence,5.736277024960145,0,0,0,1392,451.0,B1,410,0,0,3,0,2,0,0.0015028840862214565,test,V1005,2,0,0,1,1,3,clean
0,1,2,0,synthetic-V1005-e0-clean-c0-B2,0,2,0,0,0,0,0,0.05367297795601189,synthetic,52.19989493093453,synthetic-V1005-e0,0,current_evidence,5.840425036847591,0,0,0,1392,451.0,B2,417,0,0,3,0,2,0,0.00540734501555562,test,V1005,2,0,0,1,1,3,clean
0,1,2,0,synthetic-V1005-e0-clean-c0-B3,0,2,0,0,0,0,0,0.010859608883038163,synthetic,52.76679159491323,synthetic-V1005-e0,0,current_evidence,5.931931621860713,0,0,0,1392,451.0,B3,417,0,0,3,0,2,0,0.001494694035500288,test,V1005,2,0,0,1,1,3,clean
0,1,2,0,synthetic-V1005-e0-clean-c0-M1,0,2,0,0,0,0,0,0.05794741306453943,synthetic,52.416074668988585,synthetic-V1005-e0,0,current_evidence,5.827593122143298,0,0,0,1392,451.0,M1,417,0,0,3,0,2,0,0.007515748031437397,test,V1005,2,0,0,1,1,3,clean
0,1,2,1,synthetic-V1005-e0-clean-c1-B0,1,3,2,0,0,0,0,0.002701803110539913,synthetic,59.62339151301421,synthetic-V1005-e0,0,current_evidence,8.54285524180159,0,0,0,1411,481.0,B0,609,0,0,4,0,2,0,0.0015981020405888557,test,V1005,1,0,2,0,1,1,clean
0,1,2,0,synthetic-V1005-e0-clean-c1-B1,1,1,0,0,0,0,0,0.007114744978025556,synthetic,75.09711535996757,synthetic-V1005-e0,0,current_evidence,17.099517322145402,0,0,0,3461,481.0,B1,1218,0,1,1,1,2,0,0.0016124919056892395,test,V1005,1,0,2,0,1,1,clean
0,1,2,0,synthetic-V1005-e0-clean-c1-B2,1,1,0,0,0,0,0,0.034166001016274095,synthetic,75.26391386287287,synthetic-V1005-e0,0,current_evidence,17.134631195804104,0,0,0,3461,481.0,B2,1218,0,1,1,1,2,0,0.005555282114073634,test,V1005,1,0,2,0,1,1,clean
0,1,2,0,synthetic-V1005-e0-clean-c1-B3,1,1,0,0,0,0,0,0.007426530122756958,synthetic,76.68147636204958,synthetic-V1005-e0,0,current_evidence,17.14657346601598,0,0,0,3461,481.0,B3,1218,0,1,1,1,2,0,0.0015487330965697765,test,V1005,1,0,2,0,1,1,clean
0,1,2,0,synthetic-V1005-e0-clean-c1-M1,1,1,0,0,0,0,0,0.035005646059289575,synthetic,76.0529717891477,synthetic-V1005-e0,0,current_evidence,17.241460260003805,0,0,0,3461,481.0,M1,1218,0,1,1,1,2,0,0.005516163073480129,test,V1005,1,0,2,0,1,1,clean
0,1,2,1,synthetic-V1005-e0-clean-c2-B0,2,3,2,0,0,0,0,0.0026790329720824957,synthetic,62.73231759504415,synthetic-V1005-e0,0,current_evidence,8.553737908834592,0,0,2,1411,541.0,B0,605,0,0,4,0,2,0,0.0016510509885847569,test,V1005,1,0,3,0,1,1,clean
0,1,2,0,synthetic-V1005-e0-clean-c2-B1,2,1,0,0,0,0,0,0.006956018041819334,synthetic,76.05086866603233,synthetic-V1005-e0,0,current_evidence,17.003580793039873,0,0,0,3457,541.0,B1,1210,0,1,1,1,2,0,0.0016073419246822596,test,V1005,1,0,3,0,1,1,clean
0,1,2,0,synthetic-V1005-e0-clean-c2-B2,2,1,0,0,0,0,0,0.07254140684381127,synthetic,76.05192091898061,synthetic-V1005-e0,0,current_evidence,16.97682737885043,0,0,0,3457,541.0,B2,1210,0,1,1,1,2,0,0.009839907987043262,test,V1005,1,0,3,0,1,1,clean
0,1,2,0,synthetic-V1005-e0-clean-c2-B3,2,1,0,0,0,0,0,0.008204066893085837,synthetic,79.57069335901178,synthetic-V1005-e0,0,current_evidence,16.80757799372077,0,0,0,3457,541.0,B3,1210,0,1,1,1,2,0,0.0015832921490073204,test,V1005,1,0,3,0,1,1,clean
0,1,2,0,synthetic-V1005-e0-clean-c2-M1,2,1,0,0,0,0,0,0.08092207019217312,synthetic,79.57713637989946,synthetic-V1005-e0,0,current_evidence,16.93119788193144,0,0,0,3461,541.0,M1,1218,0,1,1,1,2,0,0.011496328981593251,test,V1005,1,0,3,0,1,1,clean
0,1,2,0,synthetic-V1005-e0-correction-c0-B0,0,2,0,0,0,0,0,0.009421948110684752,synthetic,47.026663253083825,synthetic-V1005-e0,0,current_evidence,5.9869851500261575,0,0,0,1392,451.0,B0,417,0,0,3,0,2,0,0.0014919799286872149,test,V1005,2,0,0,1,1,3,correction
0,1,2,0,synthetic-V1005-e0-correction-c0-B1,0,2,0,0,0,0,0,0.011384818004444242,synthetic,52.46418000711128,synthetic-V1005-e0,0,current_evidence,5.855023214127868,0,0,0,1392,451.0,B1,417,0,0,3,0,2,0,0.0014964991714805365,test,V1005,2,0,0,1,1,3,correction
0,1,2,0,synthetic-V1005-e0-correction-c0-B2,0,2,0,0,0,0,0,0.07468514610081911,synthetic,52.88008827902377,synthetic-V1005-e0,0,current_evidence,5.872289090882987,0,0,0,1392,451.0,B2,417,0,0,3,0,2,0,0.009314039954915643,test,V1005,2,0,0,1,1,3,correction
0,1,2,0,synthetic-V1005-e0-correction-c0-B3,0,2,0,0,0,0,0,0.015445994911715388,synthetic,55.247635868843645,synthetic-V1005-e0,0,current_evidence,5.978769737994298,0,0,0,1392,451.0,B3,417,0,0,3,0,2,0,0.0015069690998643637,test,V1005,2,0,0,1,1,3,correction
0,1,2,0,synthetic-V1005-e0-correction-c0-M1,0,2,0,0,0,0,0,0.07910987501963973,synthetic,54.94097871799022,synthetic-V1005-e0,0,current_evidence,5.8526041228324175,0,0,0,1392,451.0,M1,417,0,0,3,0,2,0,0.009828730020672083,test,V1005,2,0,0,1,1,3,correction
0,1,2,1,synthetic-V1005-e0-correction-c1-B0,1,3,2,0,0,0,2,0.002917011035606265,synthetic,49.250187502009794,synthetic-V1005-e0,0,current_evidence,8.546188768930733,0,0,0,1411,481.0,B0,609,0,0,4,0,2,2,0.0016189271118491888,test,V1005,1,0,0,0,1,1,correction
0,1,2,0,synthetic-V1005-e0-correction-c1-B1,1,1,0,0,2,2,2,0.008445646846666932,synthetic,59.356468030950055,synthetic-V1005-e0,0,current_evidence,17.07808815012686,0,0,0,3461,481.0,B1,1218,0,1,1,1,2,0,0.0016193471383303404,test,V1005,1,0,0,0,1,1,correction
0,1,2,0,synthetic-V1005-e0-correction-c1-B2,1,1,0,0,2,2,2,0.034476407105103135,synthetic,62.4670316579286,synthetic-V1005-e0,0,current_evidence,17.161122664809227,0,0,0,3461,481.0,B2,1218,0,1,1,1,2,0,0.005905599100515246,test,V1005,1,0,0,0,1,1,correction
0,1,2,0,synthetic-V1005-e0-correction-c1-B3,1,1,0,0,2,2,2,0.008844070136547089,synthetic,66.34109405102208,synthetic-V1005-e0,0,current_evidence,17.17947259102948,0,0,0,3461,481.0,B3,1218,0,1,1,1,2,0,0.0016063270159065723,test,V1005,1,0,0,0,1,1,correction
0,1,2,0,synthetic-V1005-e0-correction-c1-M1,1,1,0,0,2,2,2,0.03396701696328819,synthetic,65.41049898392521,synthetic-V1005-e0,0,current_evidence,17.271636868827045,0,0,0,3457,481.0,M1,1210,0,1,1,1,2,0,0.0059618279337882996,test,V1005,1,0,0,0,1,1,correction
0,1,2,1,synthetic-V1005-e0-correction-c2-B0,2,3,2,0,0,0,1,0.003918320871889591,synthetic,35.31775635201484,synthetic-V1005-e0,0,current_evidence,8.539203942054883,0,0,2,1411,541.0,B0,605,0,0,4,0,2,1,0.0016553760506212711,test,V1005,1,0,2,0,1,1,correction
0,1,2,0,synthetic-V1005-e0-correction-c2-B1,2,1,0,0,1,1,1,0.07271599606610835,synthetic,45.170296889031306,synthetic-V1005-e0,0,current_evidence,17.17277126805857,0,0,0,3461,541.0,B1,1218,0,1,1,1,2,0,0.0016867751255631447,test,V1005,1,0,2,0,1,1,correction
0,1,2,0,synthetic-V1005-e0-correction-c2-B2,2,1,0,0,1,1,1,0.040243348106741905,synthetic,47.744810855947435,synthetic-V1005-e0,0,current_evidence,16.967436688020825,0,0,0,3457,541.0,B2,1210,0,1,1,1,2,0,0.006115715950727463,test,V1005,1,0,2,0,1,1,correction
0,1,2,0,synthetic-V1005-e0-correction-c2-B3,2,1,0,0,1,1,1,0.009109733859077096,synthetic,51.86225926200859,synthetic-V1005-e0,0,current_evidence,16.70455295429565,0,0,0,3457,541.0,B3,1210,0,1,1,1,2,0,0.0016577758360654116,test,V1005,1,0,2,0,1,1,correction
0,1,2,0,synthetic-V1005-e0-correction-c2-M1,2,1,0,0,1,1,1,0.03924005897715688,synthetic,50.68437833315693,synthetic-V1005-e0,0,current_evidence,16.945080815115944,0,0,0,3461,541.0,M1,1218,0,1,1,1,2,0,0.006612455006688833,test,V1005,1,0,2,0,1,1,correction
0,0,0,1,synthetic-V1005-e0-delayed-c0-B0,0,3,3,0,0,0,0,0.009210521820932627,synthetic,22.611888706916943,synthetic-V1005-e0,0,current_evidence,7.90581130515784,0,0,0,1278,451.0,B0,561,0,0,4,0,2,0,0.0014828902203589678,test,V1005,0,0,0,0,0,0,delayed
1,0,0,0,synthetic-V1005-e0-delayed-c0-B1,0,0,0,0,0,0,0,0.01101355510763824,synthetic,30.486752083990723,synthetic-V1005-e0,0,current_evidence,15.786119102034718,0,0,0,3163,451.0,B1,1122,0,0,0,1,2,0,0.001480779843404889,test,V1005,0,0,0,0,0,0,delayed
1,0,0,0,synthetic-V1005-e0-delayed-c0-B2,0,0,0,0,0,0,0,0.05592459789477289,synthetic,30.47855932195671,synthetic-V1005-e0,0,current_evidence,15.786693999078125,0,0,0,3163,451.0,B2,1122,0,0,0,1,2,0,0.005510316928848624,test,V1005,0,0,0,0,0,0,delayed
1,0,0,0,synthetic-V1005-e0-delayed-c0-B3,0,0,0,0,0,0,0,0.011208660900592804,synthetic,38.28961371188052,synthetic-V1005-e0,0,current_evidence,15.824275452876464,0,0,0,3163,451.0,B3,1122,0,0,0,1,2,0,0.0014784298837184906,test,V1005,0,0,0,0,0,0,delayed
1,0,0,0,synthetic-V1005-e0-delayed-c0-M1,0,0,0,0,0,0,0,0.059865137096494436,synthetic,36.742900523822755,synthetic-V1005-e0,0,current_evidence,15.807907086797059,0,0,0,3163,451.0,M1,1122,0,0,0,1,2,0,0.00783749995753169,test,V1005,0,0,0,0,0,0,delayed
0,0,0,1,synthetic-V1005-e0-delayed-c1-B0,1,3,3,0,0,0,0,0.0047236839309334755,synthetic,46.031511726090685,synthetic-V1005-e0,0,current_evidence,7.9285608909558505,0,0,3,1278,481.0,B0,561,0,0,4,0,2,0,0.004066146910190582,test,V1005,0,0,0,0,0,0,delayed
1,0,0,0,synthetic-V1005-e0-delayed-c1-B1,1,0,0,0,0,0,0,0.00882975896820426,synthetic,54.096867012092844,synthetic-V1005-e0,0,current_evidence,15.793803123990074,0,0,0,3163,481.0,B1,1122,0,0,0,1,2,0,0.0038625209126621485,test,V1005,0,0,0,0,0,0,delayed
1,0,0,0,synthetic-V1005-e0-delayed-c1-B2,1,0,0,0,0,0,0,0.027834121137857437,synthetic,54.40393763012253,synthetic-V1005-e0,0,current_evidence,15.871443870011717,0,0,0,3163,481.0,B2,1122,0,0,0,1,2,0,0.012975115096196532,test,V1005,0,0,0,0,0,0,delayed
1,0,0,0,synthetic-V1005-e0-delayed-c1-B3,1,0,0,0,0,0,0,0.006090485956519842,synthetic,61.82955938298255,synthetic-V1005-e0,0,current_evidence,15.88597674202174,0,0,0,3163,481.0,B3,1122,0,0,0,1,2,0,0.0015146990772336721,test,V1005,0,0,0,0,0,0,delayed
1,0,0,0,synthetic-V1005-e0-delayed-c1-M1,1,0,0,0,0,0,0,0.01965510891750455,synthetic,59.73820902896114,synthetic-V1005-e0,0,current_evidence,15.982376301893964,0,0,0,3163,481.0,M1,1122,0,0,0,1,2,0,0.009251041105017066,test,V1005,0,0,0,0,0,0,delayed
0,1,2,0,synthetic-V1005-e0-delayed-c2-B0,2,2,0,0,0,0,0,0.005903610028326511,synthetic,38.13186858501285,synthetic-V1005-e0,0,current_evidence,5.731180551927537,0,0,6,1392,541.0,B0,410,0,0,3,0,2,0,0.0041195061057806015,test,V1005,2,0,0,1,1,3,delayed
0,1,2,0,synthetic-V1005-e0-delayed-c2-B1,2,2,0,0,0,0,0,0.0099131572060287,synthetic,38.133460343116894,synthetic-V1005-e0,0,current_evidence,5.728822190081701,0,0,0,1392,541.0,B1,410,0,0,3,0,2,0,0.0038700911682099104,test,V1005,2,0,0,1,1,3,delayed
0,1,2,0,synthetic-V1005-e0-delayed-c2-B2,2,2,0,0,0,0,0,0.025239344919100404,synthetic,39.23689625505358,synthetic-V1005-e0,0,current_evidence,5.780748798977584,0,0,0,1392,541.0,B2,410,0,0,3,0,2,0,0.009219750994816422,test,V1005,2,0,0,1,1,3,delayed
0,1,2,0,synthetic-V1005-e0-delayed-c2-B3,2,2,0,0,0,0,0,0.004476739093661308,synthetic,43.859472170006484,synthetic-V1005-e0,0,current_evidence,5.817684625042602,0,0,0,1392,541.0,B3,410,0,0,3,0,2,0,0.0015473978128284216,test,V1005,2,0,0,1,1,3,delayed
0,1,2,0,synthetic-V1005-e0-delayed-c2-M1,2,2,0,0,0,0,0,0.024067689199000597,synthetic,42.66800996498205,synthetic-V1005-e0,0,current_evidence,5.809486282989383,0,0,0,1392,541.0,M1,410,0,0,3,0,2,0,0.00941256689839065,test,V1005,2,0,0,1,1,3,delayed
0,1,2,0,synthetic-V1005-e1-channel_fault-c0-B0,0,2,0,0,0,0,0,0.009432959137484431,synthetic,11.30606020707637,synthetic-V1005-e1,0,revision_impact,5.533561660908163,0,0,0,1445,1351.0,B0,382,0,0,2,0,2,0,0.0015179489273577929,test,V1005,2,0,0,1,1,2,channel_fault
0,1,2,0,synthetic-V1005-e1-channel_fault-c0-B1,0,2,0,0,0,0,0,0.011256902012974024,synthetic,11.29780487390235,synthetic-V1005-e1,0,revision_impact,5.523764419835061,0,0,0,1445,1351.0,B1,382,0,0,2,0,2,0,0.0015045700129121542,test,V1005,2,0,0,1,1,2,channel_fault
0,1,2,0,synthetic-V1005-e1-channel_fault-c0-B2,0,2,0,0,0,0,0,0.05150896799750626,synthetic,11.287307667080313,synthetic-V1005-e1,0,revision_impact,5.517581205116585,0,0,0,1445,1351.0,B2,382,0,0,2,0,2,0,0.005227233981713653,test,V1005,2,0,0,1,1,2,channel_fault
0,1,2,0,synthetic-V1005-e1-channel_fault-c0-B3,0,2,0,0,0,0,0,0.011389889987185597,synthetic,16.559762503020465,synthetic-V1005-e1,0,revision_impact,5.394229461904615,0,0,0,1445,1351.0,B3,382,0,0,2,0,2,0,0.001498060068115592,test,V1005,2,0,0,1,1,2,channel_fault
0,1,2,0,synthetic-V1005-e1-channel_fault-c0-M1,0,2,0,0,0,0,0,0.06434320821426809,synthetic,16.607494426891208,synthetic-V1005-e1,0,revision_impact,5.638656734954566,0,0,0,1445,1351.0,M1,382,0,0,2,0,2,0,0.007938829017803073,test,V1005,2,0,0,1,1,2,channel_fault
0,1,2,0,synthetic-V1005-e1-channel_fault-c1-B0,1,2,0,0,0,0,1,0.004635726101696491,synthetic,34.173866408877075,synthetic-V1005-e1,0,revision_impact,5.484702419955283,0,0,0,1864,1381.0,B0,382,0,0,2,0,2,1,0.0016221068799495697,test,V1005,2,0,1,1,1,2,channel_fault
0,1,2,0,synthetic-V1005-e1-channel_fault-c1-B1,1,2,0,0,1,1,1,0.017457916866987944,synthetic,36.40522354096174,synthetic-V1005-e1,0,revision_impact,5.363198559964076,0,0,0,1864,1381.0,B1,382,0,0,2,0,2,0,0.0016231171321123838,test,V1005,2,0,1,1,1,2,channel_fault
0,1,2,0,synthetic-V1005-e1-channel_fault-c1-B2,1,2,0,0,1,1,1,0.0803234139457345,synthetic,36.56862023402937,synthetic-V1005-e1,0,revision_impact,5.435453937156126,0,0,0,1864,1381.0,B2,382,0,0,2,0,2,0,0.0056589951273053885,test,V1005,2,0,1,1,1,2,channel_fault
0,1,2,0,synthetic-V1005-e1-channel_fault-c1-B3,1,2,0,0,1,1,1,0.018147802911698818,synthetic,39.43670805986039,synthetic-V1005-e1,0,revision_impact,5.455250445986167,0,0,0,1864,1381.0,B3,382,0,0,2,0,2,0,0.001655176980420947,test,V1005,2,0,1,1,1,2,channel_fault
0,1,2,0,synthetic-V1005-e1-channel_fault-c1-M1,1,2,0,0,1,1,1,0.07665361813269556,synthetic,39.463598585221916,synthetic-V1005-e1,0,revision_impact,5.776151002151892,0,0,0,1864,1381.0,M1,382,0,0,2,0,2,0,0.006086706882342696,test,V1005,2,0,1,1,1,2,channel_fault
0,1,2,0,synthetic-V1005-e1-channel_fault-c2-B0,2,2,0,0,0,0,1,0.004387581022456288,synthetic,35.589563527842984,synthetic-V1005-e1,0,revision_impact,5.557692494010553,0,0,0,1864,1441.0,B0,382,0,0,2,0,2,1,0.0016957558691501617,test,V1005,2,0,3,1,1,2,channel_fault
0,1,2,0,synthetic-V1005-e1-channel_fault-c2-B1,2,2,0,0,1,1,1,0.018677232088521123,synthetic,39.2777865761891,synthetic-V1005-e1,0,revision_impact,5.3781962669454515,0,0,0,1864,1441.0,B1,382,0,0,2,0,2,0,0.0018040940631181002,test,V1005,2,0,3,1,1,2,channel_fault
0,1,2,0,synthetic-V1005-e1-channel_fault-c2-B2,2,2,0,0,1,1,1,0.13012571702711284,synthetic,39.67705314513296,synthetic-V1005-e1,0,revision_impact,5.452705197967589,0,0,0,1864,1441.0,B2,382,0,0,2,0,2,0,0.0060541070997715,test,V1005,2,0,3,1,1,2,channel_fault
0,1,2,0,synthetic-V1005-e1-channel_fault-c2-B3,2,2,0,0,1,1,1,0.02066046209074557,synthetic,40.72485933988355,synthetic-V1005-e1,0,revision_impact,5.451705149142072,0,0,0,1864,1441.0,B3,382,0,0,2,0,2,0,0.0017461739480495453,test,V1005,2,0,3,1,1,2,channel_fault
0,1,2,0,synthetic-V1005-e1-channel_fault-c2-M1,2,2,0,0,1,1,1,0.14790615695528686,synthetic,39.94420873885974,synthetic-V1005-e1,0,revision_impact,5.460817404091358,0,0,0,1864,1441.0,M1,382,0,0,2,0,2,0,0.008866309886798263,test,V1005,2,0,3,1,1,2,channel_fault
0,1,2,0,synthetic-V1005-e1-clean-c0-B0,0,2,0,0,0,0,0,0.0185151060577482,synthetic,31.238986200885847,synthetic-V1005-e1,0,revision_impact,5.644400196149945,0,0,0,1445,1351.0,B0,382,0,0,2,0,2,0,0.0014802501536905766,test,V1005,2,0,0,1,1,2,clean
0,1,2,0,synthetic-V1005-e1-clean-c0-B1,0,2,0,0,0,0,0,0.010956858983263373,synthetic,35.37300525000319,synthetic-V1005-e1,0,revision_impact,5.7071319778915495,0,0,0,1445,1351.0,B1,382,0,0,2,0,2,0,0.0015004801098257303,test,V1005,2,0,0,1,1,2,clean
0,1,2,0,synthetic-V1005-e1-clean-c0-B2,0,2,0,0,0,0,0,0.07442601607181132,synthetic,36.580015257932246,synthetic-V1005-e1,0,revision_impact,5.677946557989344,0,0,0,1445,1351.0,B2,382,0,0,2,0,2,0,0.008563667070120573,test,V1005,2,0,0,1,1,2,clean
0,1,2,0,synthetic-V1005-e1-clean-c0-B3,0,2,0,0,0,0,0,0.015699023148044944,synthetic,36.43390713003464,synthetic-V1005-e1,0,revision_impact,5.401616821996868,0,0,0,1445,1351.0,B3,382,0,0,2,0,2,0,0.0014993089716881514,test,V1005,2,0,0,1,1,2,clean
0,1,2,0,synthetic-V1005-e1-clean-c0-M1,0,2,0,0,0,0,0,0.08420737809501588,synthetic,36.51646773214452,synthetic-V1005-e1,0,revision_impact,5.692713498836383,0,0,0,1445,1351.0,M1,382,0,0,2,0,2,0,0.008602485992014408,test,V1005,2,0,0,1,1,2,clean
0,1,2,0,synthetic-V1005-e1-clean-c1-B0,1,2,0,0,0,0,0,0.0026309159584343433,synthetic,36.56548595195636,synthetic-V1005-e1,0,revision_impact,5.684684951789677,0,0,0,1797,1381.0,B0,382,0,0,2,0,2,0,0.001588157843798399,test,V1005,2,0,2,1,1,2,clean
0,1,2,0,synthetic-V1005-e1-clean-c1-B1,1,2,0,0,0,0,0,0.00652133789844811,synthetic,39.41159552708268,synthetic-V1005-e1,0,revision_impact,5.359467755071819,0,0,0,1797,1381.0,B1,382,0,0,2,0,2,0,0.001573608024045825,test,V1005,2,0,2,1,1,2,clean
0,1,2,0,synthetic-V1005-e1-clean-c1-B2,1,2,0,0,0,0,0,0.02870147000066936,synthetic,39.40741879097186,synthetic-V1005-e1,0,revision_impact,5.3527964488603175,0,0,0,1797,1381.0,B2,382,0,0,2,0,2,0,0.005609096959233284,test,V1005,2,0,2,1,1,2,clean
0,1,2,0,synthetic-V1005-e1-clean-c1-B3,1,2,0,0,0,0,0,0.007216704078018665,synthetic,41.915685593150556,synthetic-V1005-e1,0,revision_impact,5.429157905047759,0,0,0,1797,1381.0,B3,382,0,0,2,0,2,0,0.0015824479050934315,test,V1005,2,0,2,1,1,2,clean
0,1,2,0,synthetic-V1005-e1-clean-c1-M1,1,2,0,0,0,0,0,0.028948784805834293,synthetic,40.72066862205975,synthetic-V1005-e1,0,revision_impact,5.765870410948992,0,0,0,1797,1381.0,M1,382,0,0,2,0,2,0,0.005561158061027527,test,V1005,2,0,2,1,1,2,clean
0,1,2,0,synthetic-V1005-e1-clean-c2-B0,2,2,0,0,0,0,0,0.0026503370609134436,synthetic,39.09450565488078,synthetic-V1005-e1,0,revision_impact,5.417963632149622,0,0,0,1797,1441.0,B0,382,0,0,2,0,2,0,0.0016260170377790928,test,V1005,2,0,4,1,1,2,clean
0,1,2,0,synthetic-V1005-e1-clean-c2-B1,2,2,0,0,0,0,0,0.006847321055829525,synthetic,39.68829422513954,synthetic-V1005-e1,0,revision_impact,5.343627373920754,0,0,0,1797,1441.0,B1,382,0,0,2,0,2,0,0.001632007071748376,test,V1005,2,0,4,1,1,2,clean
0,1,2,0,synthetic-V1005-e1-clean-c2-B2,2,2,0,0,0,0,0,0.04747298080474138,synthetic,40.87734861578792,synthetic-V1005-e1,0,revision_impact,5.426721714902669,0,0,0,1797,1441.0,B2,382,0,0,2,0,2,0,0.009475238155573606,test,V1005,2,0,4,1,1,2,clean
0,1,2,0,synthetic-V1005-e1-clean-c2-B3,2,2,0,0,0,0,0,0.008227793965488672,synthetic,44.34018337819725,synthetic-V1005-e1,0,revision_impact,5.434358911123127,0,0,0,1797,1441.0,B3,382,0,0,2,0,2,0,0.0016219669487327337,test,V1005,2,0,4,1,1,2,clean
0,1,2,0,synthetic-V1005-e1-clean-c2-M1,2,2,0,0,0,0,0,0.03711783979088068,synthetic,42.578072716947645,synthetic-V1005-e1,0,revision_impact,5.446717821061611,0,0,0,1797,1441.0,M1,382,0,0,2,0,2,0,0.08690969413146377,test,V1005,2,0,4,1,1,2,clean
0,1,2,0,synthetic-V1005-e1-correction-c0-B0,0,2,0,0,0,0,0,0.016269256826490164,synthetic,6.109742165077478,synthetic-V1005-e1,0,revision_impact,6.081864573992789,0,0,0,1445,1351.0,B0,382,0,0,2,0,2,0,0.0023269630037248135,test,V1005,2,0,0,1,1,2,correction
0,1,2,0,synthetic-V1005-e1-correction-c0-B1,0,2,0,0,0,0,0,0.01554896216839552,synthetic,6.113712784135714,synthetic-V1005-e1,0,revision_impact,6.093365269014612,0,0,0,1445,1351.0,B1,382,0,0,2,0,2,0,0.0014892499893903732,test,V1005,2,0,0,1,1,2,correction
0,1,2,0,synthetic-V1005-e1-correction-c0-B2,0,2,0,0,0,0,0,0.06449769297614694,synthetic,6.073991305194795,synthetic-V1005-e1,0,revision_impact,5.996998665854335,0,0,0,1445,1351.0,B2,382,0,0,2,0,2,0,0.008707142900675535,test,V1005,2,0,0,1,1,2,correction
0,1,2,0,synthetic-V1005-e1-correction-c0-B3,0,2,0,0,0,0,0,0.012718250043690205,synthetic,11.350786929018795,synthetic-V1005-e1,0,revision_impact,5.4349753961432725,0,0,0,1445,1351.0,B3,382,0,0,2,0,2,0,0.0014933899510651827,test,V1005,2,0,0,1,1,2,correction
0,1,2,0,synthetic-V1005-e1-correction-c0-M1,0,2,0,0,0,0,0,0.06365599087439477,synthetic,6.008013300830498,synthetic-V1005-e1,0,revision_impact,5.931805236963555,0,0,0,1445,1351.0,M1,382,0,0,2,0,2,0,0.008723221020773053,test,V1005,2,0,0,1,1,2,correction
0,1,2,0,synthetic-V1005-e1-correction-c1-B0,1,2,0,0,0,0,1,0.002689995104447007,synthetic,40.16840327507816,synthetic-V1005-e1,0,revision_impact,5.459727781126276,0,0,0,1797,1381.0,B0,382,0,0,2,0,2,1,0.0015885368920862675,test,V1005,2,0,1,1,1,2,correction
0,1,2,0,synthetic-V1005-e1-correction-c1-B1,1,2,0,0,1,1,1,0.015329387038946152,synthetic,40.53172050998546,synthetic-V1005-e1,0,revision_impact,5.707826307043433,0,0,0,1797,1381.0,B1,382,0,0,2,0,2,0,0.0015844779554754496,test,V1005,2,0,1,1,1,2,correction
0,1,2,0,synthetic-V1005-e1-correction-c1-B2,1,2,0,0,1,1,1,0.033449596958234906,synthetic,40.73594258190133,synthetic-V1005-e1,0,revision_impact,5.452085337135941,0,0,0,1797,1381.0,B2,382,0,0,2,0,2,0,0.00659051607362926,test,V1005,2,0,1,1,1,2,correction
0,1,2,0,synthetic-V1005-e1-correction-c1-B3,1,2,0,0,1,1,1,0.007819571066647768,synthetic,45.88724677800201,synthetic-V1005-e1,0,revision_impact,5.782161680981517,0,0,0,1797,1381.0,B3,382,0,0,2,0,2,0,0.0016065370291471481,test,V1005,2,0,1,1,1,2,correction
0,1,2,0,synthetic-V1005-e1-correction-c1-M1,1,2,0,0,1,1,1,0.03330805990844965,synthetic,45.53650131588802,synthetic-V1005-e1,0,revision_impact,5.424435552209616,0,0,0,1797,1381.0,M1,382,0,0,2,0,2,0,0.005921178963035345,test,V1005,2,0,1,1,1,2,correction
0,1,2,0,synthetic-V1005-e1-correction-c2-B0,2,2,0,0,0,0,1,0.0027270549908280373,synthetic,40.66816582507454,synthetic-V1005-e1,0,revision_impact,5.457119314931333,0,0,0,1797,1441.0,B0,382,0,0,2,0,2,1,0.001674835104495287,test,V1005,2,0,3,1,1,2,correction
0,1,2,0,synthetic-V1005-e1-correction-c2-B1,2,2,0,0,1,1,1,0.007653944194316864,synthetic,41.31334354681894,synthetic-V1005-e1,0,revision_impact,5.423548869090155,0,0,0,1797,1441.0,B1,382,0,0,2,0,2,0,0.0016594158951193094,test,V1005,2,0,3,1,1,2,correction
0,1,2,0,synthetic-V1005-e1-correction-c2-B2,2,2,0,0,1,1,1,0.03564161201938987,synthetic,41.30882665910758,synthetic-V1005-e1,0,revision_impact,5.412410267163068,0,0,0,1797,1441.0,B2,382,0,0,2,0,2,0,0.005968747893348336,test,V1005,2,0,3,1,1,2,correction
0,1,2,0,synthetic-V1005-e1-correction-c2-B3,2,2,0,0,1,1,1,0.008460598066449165,synthetic,46.68476779991761,synthetic-V1005-e1,0,revision_impact,5.4472248260863125,0,0,0,1797,1441.0,B3,382,0,0,2,0,2,0,0.0016855557914823294,test,V1005,2,0,3,1,1,2,correction
0,1,2,0,synthetic-V1005-e1-correction-c2-M1,2,2,0,0,1,1,1,0.03490372700616717,synthetic,46.048419646918774,synthetic-V1005-e1,0,revision_impact,5.430974378017709,0,0,0,1797,1441.0,M1,382,0,0,2,0,2,0,0.005993267986923456,test,V1005,2,0,3,1,1,2,correction
0,0,1,1,synthetic-V1005-e1-delayed-c0-B0,0,2,1,0,0,0,0,0.009548485977575183,synthetic,12.860226002987474,synthetic-V1005-e1,0,revision_impact,5.356549791991711,0,0,0,1326,1351.0,B0,380,0,0,2,0,2,0,0.0014896700158715248,test,V1005,1,0,0,1,1,1,delayed
0,0,1,0,synthetic-V1005-e1-delayed-c0-B1,0,1,0,0,0,0,0,0.011273420881479979,synthetic,18.297177091939375,synthetic-V1005-e1,0,revision_impact,10.782840326894075,0,0,0,3065,1351.0,B1,764,0,1,1,1,2,0,0.0014796799514442682,test,V1005,1,0,0,1,1,1,delayed
0,0,1,0,synthetic-V1005-e1-delayed-c0-B2,0,1,0,0,0,0,0,0.03890257002785802,synthetic,18.266411005984992,synthetic-V1005-e1,0,revision_impact,10.76338821114041,0,0,0,3065,1351.0,B2,764,0,1,1,1,2,0,0.00518642389215529,test,V1005,1,0,0,1,1,1,delayed
0,0,1,0,synthetic-V1005-e1-delayed-c0-B3,0,1,0,0,0,0,0,0.011467526201158762,synthetic,25.603475915035233,synthetic-V1005-e1,0,revision_impact,11.09153422084637,0,0,0,3065,1351.0,B3,764,0,1,1,1,2,0,0.0014939999673515558,test,V1005,1,0,0,1,1,1,delayed
0,0,1,0,synthetic-V1005-e1-delayed-c0-M1,0,1,0,0,0,0,0,0.03909139521420002,synthetic,23.50706844497472,synthetic-V1005-e1,0,revision_impact,10.708521486958489,0,0,0,3061,1351.0,M1,760,0,1,1,1,2,0,0.005175385158509016,test,V1005,1,0,0,1,1,1,delayed
0,0,1,1,synthetic-V1005-e1-delayed-c1-B0,1,2,1,0,0,0,0,0.0020304990466684103,synthetic,47.06439588777721,synthetic-V1005-e1,0,revision_impact,5.321292808977887,0,0,1,1655,1381.0,B0,380,0,0,2,0,2,0,0.0015927879139780998,test,V1005,1,0,1,1,1,1,delayed
0,0,1,0,synthetic-V1005-e1-delayed-c1-B1,1,1,0,0,0,0,0,0.003873721929267049,synthetic,52.415720655815676,synthetic-V1005-e1,0,revision_impact,10.647074347129092,0,0,0,3719,1381.0,B1,760,0,1,1,1,2,0,0.0015566782094538212,test,V1005,1,0,1,1,1,1,delayed
0,0,1,0,synthetic-V1005-e1-delayed-c1-B2,1,1,0,0,0,0,0,0.012532704975456,synthetic,56.18377084285021,synthetic-V1005-e1,0,revision_impact,10.747810537926853,0,0,0,3719,1381.0,B2,760,0,1,1,1,2,0,0.005501759005710483,test,V1005,1,0,1,1,1,1,delayed
0,0,1,0,synthetic-V1005-e1-delayed-c1-B3,1,1,0,0,0,0,0,0.0037069048266857862,synthetic,59.213922949973494,synthetic-V1005-e1,0,revision_impact,11.20278018899262,0,0,0,3719,1381.0,B3,760,0,1,1,1,2,0,0.0015900980215519667,test,V1005,1,0,1,1,1,1,delayed
0,0,1,0,synthetic-V1005-e1-delayed-c1-M1,1,1,0,0,0,0,0,0.011293610790744424,synthetic,57.786674296017736,synthetic-V1005-e1,0,revision_impact,10.740251841954887,0,0,0,3719,1381.0,M1,760,0,1,1,1,2,0,0.005338871153071523,test,V1005,1,0,1,1,1,1,delayed
0,1,2,0,synthetic-V1005-e1-delayed-c2-B0,2,2,0,0,0,0,0,0.005834972020238638,synthetic,49.893953643972054,synthetic-V1005-e1,0,revision_impact,5.38690244499594,0,0,2,1774,1441.0,B0,380,0,0,2,0,2,0,0.004054307006299496,test,V1005,2,0,2,1,1,2,delayed
0,1,2,0,synthetic-V1005-e1-delayed-c2-B1,2,2,0,0,0,0,0,0.010235091904178262,synthetic,51.508562359027565,synthetic-V1005-e1,0,revision_impact,5.334211525972933,0,0,0,1774,1441.0,B1,380,0,0,2,0,2,0,0.0030760779045522213,test,V1005,2,0,2,1,1,2,delayed
0,1,2,0,synthetic-V1005-e1-delayed-c2-B2,2,2,0,0,0,0,0,0.024317405885085464,synthetic,55.27615216514096,synthetic-V1005-e1,0,revision_impact,5.402553746942431,0,0,0,1774,1441.0,B2,380,0,0,2,0,2,0,0.008706043008714914,test,V1005,2,0,2,1,1,2,delayed
0,1,2,0,synthetic-V1005-e1-delayed-c2-B3,2,2,0,0,0,0,0,0.0043557819444686174,synthetic,55.57973155309446,synthetic-V1005-e1,0,revision_impact,5.412640051916242,0,0,0,1774,1441.0,B3,380,0,0,2,0,2,0,0.0015817671082913876,test,V1005,2,0,2,1,1,2,delayed
0,1,2,0,synthetic-V1005-e1-delayed-c2-M1,2,2,0,0,0,0,0,0.021822286071255803,synthetic,55.467632760992274,synthetic-V1005-e1,0,revision_impact,5.401783882873133,0,0,0,1774,1441.0,M1,380,0,0,2,0,2,0,0.005573906935751438,test,V1005,2,0,2,1,1,2,delayed
0,1,2,1,synthetic-V1006-e0-channel_fault-c0-B0,0,3,2,0,0,0,0,0.008983009029179811,synthetic,47.73939213901758,synthetic-V1006-e0,0,conflict_timing,7.9838819520082325,0,0,0,1400,451.0,B0,568,0,0,4,0,2,0,0.0014855298213660717,test,V1006,1,0,0,0,1,1,channel_fault
0,1,2,0,synthetic-V1006-e0-channel_fault-c0-B1,0,1,0,0,0,0,0,0.011323261074721813,synthetic,57.13586610299535,synthetic-V1006-e0,0,conflict_timing,15.891722953878343,0,0,0,3402,451.0,B1,1136,0,1,1,1,2,0,0.001514239003881812,test,V1006,1,0,0,0,1,1,channel_fault
0,1,2,0,synthetic-V1006-e0-channel_fault-c0-B2,0,1,0,0,0,0,0,0.05349805695004761,synthetic,57.340797806857154,synthetic-V1006-e0,0,conflict_timing,15.955004062037915,0,0,0,3402,451.0,B2,1136,0,1,1,1,2,0,0.0054343699011951685,test,V1006,1,0,0,0,1,1,channel_fault
0,1,2,0,synthetic-V1006-e0-channel_fault-c0-B3,0,1,0,0,0,0,0,0.011821250896900892,synthetic,63.60787399299443,synthetic-V1006-e0,0,conflict_timing,16.015691403998062,0,0,0,3402,451.0,B3,1136,0,1,1,1,2,0,0.0015094501432031393,test,V1006,1,0,0,0,1,1,channel_fault
0,1,2,0,synthetic-V1006-e0-channel_fault-c0-M1,0,1,0,0,0,0,0,0.06053327489644289,synthetic,59.89938830607571,synthetic-V1006-e0,0,conflict_timing,16.050652015954256,0,0,0,3402,451.0,M1,1136,0,1,1,1,2,0,0.00794584909453988,test,V1006,1,0,0,0,1,1,channel_fault
0,1,2,1,synthetic-V1006-e0-channel_fault-c1-B0,1,3,2,0,0,0,0,0.005895459791645408,synthetic,44.62815251504071,synthetic-V1006-e0,0,conflict_timing,9.869195966981351,0,0,2,1479,481.0,B0,702,0,0,4,0,2,0,0.001623018179088831,test,V1006,1,0,1,0,1,1,channel_fault
0,1,2,0,synthetic-V1006-e0-channel_fault-c1-B1,1,1,0,0,0,0,0,0.016738940961658955,synthetic,56.0630119969137,synthetic-V1006-e0,0,conflict_timing,19.49382180487737,0,0,0,3677,481.0,B1,1380,0,1,1,1,2,0,0.0016486069653183222,test,V1006,1,0,1,0,1,1,channel_fault
0,1,2,0,synthetic-V1006-e0-channel_fault-c1-B2,1,1,0,0,0,0,0,0.0790008520707488,synthetic,57.2551555710379,synthetic-V1006-e0,0,conflict_timing,19.894190781982616,0,0,0,3689,481.0,B2,1404,0,1,1,1,2,0,0.005961298942565918,test,V1006,1,0,1,0,1,1,channel_fault
0,1,2,0,synthetic-V1006-e0-channel_fault-c1-B3,1,1,0,0,0,0,0,0.017444547032937407,synthetic,64.39632452791557,synthetic-V1006-e0,0,conflict_timing,19.96305085811764,0,0,0,3689,481.0,B3,1404,0,1,1,1,2,0,0.0015808078460395336,test,V1006,1,0,1,0,1,1,channel_fault
0,1,2,0,synthetic-V1006-e0-channel_fault-c1-M1,1,1,0,0,0,0,0,0.08423765515908599,synthetic,60.25340748205781,synthetic-V1006-e0,0,conflict_timing,19.99377078586258,0,0,0,3688,481.0,M1,1400,0,1,1,1,2,0,0.005923349875956774,test,V1006,1,0,1,0,1,1,channel_fault
0,1,2,1,synthetic-V1006-e0-channel_fault-c2-B0,2,3,2,0,0,0,0,0.004607016919180751,synthetic,43.59296447504312,synthetic-V1006-e0,0,conflict_timing,9.763114544097334,0,0,4,1480,541.0,B0,692,0,0,4,0,2,0,0.0017559549305588007,test,V1006,1,0,2,0,1,1,channel_fault
0,1,2,0,synthetic-V1006-e0-channel_fault-c2-B1,2,1,0,0,0,0,0,0.017440926982089877,synthetic,55.38990048877895,synthetic-V1006-e0,0,conflict_timing,19.50015991507098,0,0,0,3682,541.0,B1,1384,0,1,1,1,2,0,0.0016963360831141472,test,V1006,1,0,2,0,1,1,channel_fault
0,1,2,0,synthetic-V1006-e0-channel_fault-c2-B2,2,1,0,0,0,0,0,0.11952562094666064,synthetic,56.114891896024346,synthetic-V1006-e0,0,conflict_timing,19.50337032112293,0,0,0,3682,541.0,B2,1384,0,1,1,1,2,0,0.0059375399723649025,test,V1006,1,0,2,0,1,1,channel_fault
0,1,2,0,synthetic-V1006-e0-channel_fault-c2-B3,2,1,0,0,0,0,0,0.0260025339666754,synthetic,62.42609483981505,synthetic-V1006-e0,0,conflict_timing,19.117975959088653,0,0,0,3682,541.0,B3,1384,0,1,1,1,2,0,0.0017512249760329723,test,V1006,1,0,2,0,1,1,channel_fault
0,1,2,0,synthetic-V1006-e0-channel_fault-c2-M1,2,1,0,0,0,0,0,0.1344967179466039,synthetic,61.012329281074926,synthetic-V1006-e0,0,conflict_timing,19.30304166371934,0,0,0,3682,541.0,M1,1384,0,1,1,1,2,0,0.00888670003041625,test,V1006,1,0,2,0,1,1,channel_fault
0,1,2,1,synthetic-V1006-e0-clean-c0-B0,0,3,2,0,0,0,0,0.00867098500020802,synthetic,37.88644181517884,synthetic-V1006-e0,0,conflict_timing,9.640126293059438,0,0,0,1400,451.0,B0,688,0,0,4,0,2,0,0.0015091199893504381,test,V1006,1,0,0,0,1,1,clean
0,1,2,0,synthetic-V1006-e0-clean-c0-B1,0,1,0,0,0,0,0,0.01075802301056683,synthetic,49.544064092915505,synthetic-V1006-e0,0,conflict_timing,15.903884839033708,0,0,0,3402,451.0,B1,1136,0,1,1,1,2,0,0.0015039101708680391,test,V1006,1,0,0,0,1,1,clean
0,1,2,0,synthetic-V1006-e0-clean-c0-B2,0,1,0,0,0,0,0,0.04376259888522327,synthetic,53.20137145020999,synthetic-V1006-e0,0,conflict_timing,17.807691014837474,0,0,0,3466,451.0,B2,1264,0,1,1,1,2,0,0.005283802980557084,test,V1006,1,0,0,0,1,1,clean
0,1,2,0,synthetic-V1006-e0-clean-c0-B3,0,1,0,0,0,0,0,0.010565206874161959,synthetic,53.79939828207716,synthetic-V1006-e0,0,conflict_timing,16.030258283019066,0,0,0,3402,451.0,B3,1136,0,1,1,1,2,0,0.001495589967817068,test,V1006,1,0,0,0,1,1,clean
0,1,2,0,synthetic-V1006-e0-clean-c0-M1,0,1,0,0,0,0,0,0.04664431093260646,synthetic,51.46110290987417,synthetic-V1006-e0,0,conflict_timing,16.10302508692257,0,0,0,3402,451.0,M1,1136,0,1,1,1,2,0,0.005281112855300307,test,V1006,1,0,0,0,1,1,clean
0,1,2,1,synthetic-V1006-e0-clean-c1-B0,1,3,2,0,0,0,0,0.002704516053199768,synthetic,37.69353052088991,synthetic-V1006-e0,0,conflict_timing,9.832874619867653,0,0,2,1419,481.0,B0,700,0,0,4,0,2,0,0.0016847560182213783,test,V1006,1,0,1,0,1,1,clean
0,1,2,0,synthetic-V1006-e0-clean-c1-B1,1,1,0,0,0,0,0,0.006687205052003264,synthetic,47.46307384688407,synthetic-V1006-e0,0,conflict_timing,18.565843370044604,0,0,0,3539,481.0,B1,1316,0,1,1,1,2,0,0.0016214170027524233,test,V1006,1,0,1,0,1,1,clean
0,1,2,0,synthetic-V1006-e0-clean-c1-B2,1,1,0,0,0,0,0,0.04353486280888319,synthetic,51.61352294893004,synthetic-V1006-e0,0,conflict_timing,18.642248911084607,0,0,0,3539,481.0,B2,1316,0,1,1,1,2,0,0.009238994214683771,test,V1006,1,0,1,0,1,1,clean
0,1,2,0,synthetic-V1006-e0-clean-c1-B3,1,1,0,0,0,0,0,0.007009538123384118,synthetic,56.15218567010015,synthetic-V1006-e0,0,conflict_timing,18.56900317594409,0,0,0,3539,481.0,B3,1308,0,1,1,1,2,0,0.0015462690498679876,test,V1006,1,0,1,0,1,1,clean
0,1,2,0,synthetic-V1006-e0-clean-c1-M1,1,1,0,0,0,0,0,0.04173974902369082,synthetic,53.2411042090971,synthetic-V1006-e0,0,conflict_timing,18.91625221935101,0,0,0,3539,481.0,M1,1316,0,1,1,1,2,0,0.008385101100429893,test,V1006,1,0,1,0,1,1,clean
0,1,2,1,synthetic-V1006-e0-clean-c2-B0,2,3,2,0,0,0,0,0.0028228031005710363,synthetic,38.42116796202026,synthetic-V1006-e0,0,conflict_timing,9.742782755056396,0,0,4,1419,541.0,B0,692,0,0,4,0,2,0,0.0016509369015693665,test,V1006,1,0,2,0,1,1,clean
0,1,2,0,synthetic-V1006-e0-clean-c2-B1,2,1,0,0,0,0,0,0.006818051915615797,synthetic,51.25124284811318,synthetic-V1006-e0,0,conflict_timing,19.545578301884234,0,0,0,3562,541.0,B1,1388,0,1,1,1,2,0,0.001598498085513711,test,V1006,1,0,2,0,1,1,clean
0,1,2,0,synthetic-V1006-e0-clean-c2-B2,2,1,0,0,0,0,0,0.028170272009447217,synthetic,54.78029728890397,synthetic-V1006-e0,0,conflict_timing,19.43591557117179,0,0,0,3562,541.0,B2,1388,0,1,1,1,2,0,0.005674516083672643,test,V1006,1,0,2,0,1,1,clean
0,1,2,0,synthetic-V1006-e0-clean-c2-B3,2,1,0,0,0,0,0,0.0075627469923347235,synthetic,57.48208271805197,synthetic-V1006-e0,0,conflict_timing,19.135216317838058,0,0,0,3560,541.0,B3,1384,0,1,1,1,2,0,0.001598728122189641,test,V1006,1,0,2,0,1,1,clean
0,1,2,0,synthetic-V1006-e0-clean-c2-M1,2,1,0,0,0,0,0,0.030306488974019885,synthetic,55.61329560703598,synthetic-V1006-e0,0,conflict_timing,19.402784027857706,0,0,0,3562,541.0,M1,1388,0,1,1,1,2,0,0.005718965083360672,test,V1006,1,0,2,0,1,1,clean
0,1,2,1,synthetic-V1006-e0-correction-c0-B0,0,3,2,0,0,0,0,0.011522423941642046,synthetic,10.410554172005504,synthetic-V1006-e0,0,conflict_timing,10.393646077951416,0,0,0,1400,451.0,B0,686,0,0,4,0,2,0,0.0015129889361560345,test,V1006,1,0,0,0,1,1,correction
0,1,2,0,synthetic-V1006-e0-correction-c0-B1,0,1,0,0,0,0,0,0.011858847923576832,synthetic,20.158904275856912,synthetic-V1006-e0,0,conflict_timing,20.140304746106267,0,0,0,3515,451.0,B1,1372,0,1,1,1,2,0,0.0015222588554024696,test,V1006,1,0,0,0,1,1,correction
0,1,2,0,synthetic-V1006-e0-correction-c0-B2,0,1,0,0,0,0,0,0.17593298782594502,synthetic,20.129099964164197,synthetic-V1006-e0,0,conflict_timing,19.932738102972507,0,0,0,3515,451.0,B2,1372,0,1,1,1,2,0,0.01246879599057138,test,V1006,1,0,0,0,1,1,correction
0,1,2,0,synthetic-V1006-e0-correction-c0-B3,0,1,0,0,0,0,0,0.0160768018104136,synthetic,27.997118649072945,synthetic-V1006-e0,0,conflict_timing,17.899696253007278,0,0,0,3466,451.0,B3,1264,0,1,1,1,2,0,0.0014952488709241152,test,V1006,1,0,0,0,1,1,correction
0,1,2,0,synthetic-V1006-e0-correction-c0-M1,0,1,0,0,0,0,0,0.08286951808258891,synthetic,19.962910627014935,synthetic-V1006-e0,0,conflict_timing,19.864218712085858,0,0,0,3515,451.0,M1,1372,0,1,1,1,2,0,0.00867118313908577,test,V1006,1,0,0,0,1,1,correction
0,1,2,1,synthetic-V1006-e0-correction-c1-B0,1,3,2,0,0,0,1,0.005965657997876406,synthetic,49.02917295903899,synthetic-V1006-e0,0,conflict_timing,9.152143891900778,0,0,2,1419,481.0,B0,654,0,0,4,0,2,1,0.003979378845542669,test,V1006,1,0,0,0,1,1,correction
0,1,2,0,synthetic-V1006-e0-correction-c1-B1,1,1,0,0,1,1,1,0.016692609060555696,synthetic,59.14405669993721,synthetic-V1006-e0,0,conflict_timing,18.41076277382672,0,0,0,3539,481.0,B1,1308,0,1,1,1,2,0,0.003953119972720742,test,V1006,1,0,0,0,1,1,correction
0,1,2,0,synthetic-V1006-e0-correction-c1-B2,1,1,0,0,1,1,1,0.04829380405135453,synthetic,60.806537735043094,synthetic-V1006-e0,0,conflict_timing,19.313489905092865,0,0,0,3552,481.0,B2,1368,0,1,1,1,2,0,0.008887239033356309,test,V1006,1,0,0,0,1,1,correction
0,1,2,0,synthetic-V1006-e0-correction-c1-B3,1,1,0,0,1,1,1,0.007807089947164059,synthetic,67.41042738198303,synthetic-V1006-e0,0,conflict_timing,18.51566592697054,0,0,0,3539,481.0,B3,1308,0,1,1,1,2,0,0.001607717014849186,test,V1006,1,0,0,0,1,1,correction
0,1,2,0,synthetic-V1006-e0-correction-c1-M1,1,1,0,0,1,1,1,0.04299016296863556,synthetic,63.12873275205493,synthetic-V1006-e0,0,conflict_timing,19.437649325933307,0,0,0,3552,481.0,M1,1368,0,1,1,1,2,0,0.005691454047337174,test,V1006,1,0,0,0,1,1,correction
0,1,2,1,synthetic-V1006-e0-correction-c2-B0,2,3,2,0,0,0,1,0.0027111649978905916,synthetic,34.23187120212242,synthetic-V1006-e0,0,conflict_timing,9.709499177988619,0,0,4,1419,541.0,B0,694,0,0,4,0,2,1,0.0016877749003469944,test,V1006,1,0,1,0,1,1,correction
0,1,2,0,synthetic-V1006-e0-correction-c2-B1,2,1,0,0,1,1,1,0.007675734115764499,synthetic,45.99794245604426,synthetic-V1006-e0,0,conflict_timing,19.474081113934517,0,0,0,3560,541.0,B1,1384,0,1,1,1,2,0,0.0016510658897459507,test,V1006,1,0,1,0,1,1,correction
0,1,2,0,synthetic-V1006-e0-correction-c2-B2,2,1,0,0,1,1,1,0.03800145606510341,synthetic,48.133115550968796,synthetic-V1006-e0,0,conflict_timing,19.53395348484628,0,0,0,3560,541.0,B2,1384,0,1,1,1,2,0,0.006082555977627635,test,V1006,1,0,1,0,1,1,correction
0,1,2,0,synthetic-V1006-e0-correction-c2-B3,2,1,0,0,1,1,1,0.008128514047712088,synthetic,53.76587679609656,synthetic-V1006-e0,0,conflict_timing,19.630154074169695,0,0,0,3562,541.0,B3,1388,0,1,1,1,2,0,0.00164209702052176,test,V1006,1,0,1,0,1,1,correction
0,1,2,0,synthetic-V1006-e0-correction-c2-M1,2,1,0,0,1,1,1,0.03845128696411848,synthetic,48.800552553962916,synthetic-V1006-e0,0,conflict_timing,19.658694282872602,0,0,0,3562,541.0,M1,1388,0,1,1,1,2,0,0.005907370010390878,test,V1006,1,0,1,0,1,1,correction
0,0,0,1,synthetic-V1006-e0-delayed-c0-B0,0,3,3,0,0,0,0,0.017000350868329406,synthetic,30.800095119979233,synthetic-V1006-e0,0,conflict_timing,7.953833017963916,0,0,0,1286,451.0,B0,560,0,0,4,0,2,0,0.0014775639865547419,test,V1006,0,0,0,0,0,0,delayed
1,0,0,0,synthetic-V1006-e0-delayed-c0-B1,0,0,0,0,0,0,0,0.010732412105426192,synthetic,40.91851041908376,synthetic-V1006-e0,0,conflict_timing,15.722377235768363,0,0,0,3175,451.0,B1,1120,0,0,0,1,2,0,0.0014752941206097603,test,V1006,0,0,0,0,0,0,delayed
1,0,0,0,synthetic-V1006-e0-delayed-c0-B2,0,0,0,0,0,0,0,0.07432770589366555,synthetic,44.36624517594464,synthetic-V1006-e0,0,conflict_timing,15.76501608476974,0,0,0,3175,451.0,B2,1120,0,0,0,1,2,0,0.009111420018598437,test,V1006,0,0,0,0,0,0,delayed
1,0,0,0,synthetic-V1006-e0-delayed-c0-B3,0,0,0,0,0,0,0,0.013865266926586628,synthetic,46.99412581883371,synthetic-V1006-e0,0,conflict_timing,15.833852758165449,0,0,0,3175,451.0,B3,1120,0,0,0,1,2,0,0.0015495128463953733,test,V1006,0,0,0,0,0,0,delayed
1,0,0,0,synthetic-V1006-e0-delayed-c0-M1,0,0,0,0,0,0,0,0.06931271404027939,synthetic,46.465185929089785,synthetic-V1006-e0,0,conflict_timing,15.762374910991639,0,0,0,3175,451.0,M1,1120,0,0,0,1,2,0,0.0090457818005234,test,V1006,0,0,0,0,0,0,delayed
0,0,0,1,synthetic-V1006-e0-delayed-c1-B0,1,3,3,0,0,0,0,0.004718107171356678,synthetic,48.79784509190358,synthetic-V1006-e0,0,conflict_timing,7.883469650987536,0,0,3,1286,481.0,B0,560,0,0,4,0,2,0,0.003951371181756258,test,V1006,0,0,0,0,0,0,delayed
1,0,0,0,synthetic-V1006-e0-delayed-c1-B1,1,0,0,0,0,0,0,0.007336941082030535,synthetic,56.99328375910409,synthetic-V1006-e0,0,conflict_timing,15.785809921333566,0,0,0,3175,481.0,B1,1120,0,0,0,1,2,0,0.0026665329933166504,test,V1006,0,0,0,0,0,0,delayed
1,0,0,0,synthetic-V1006-e0-delayed-c1-B2,1,0,0,0,0,0,0,0.019088345114141703,synthetic,63.893343365052715,synthetic-V1006-e0,0,conflict_timing,15.806890852283686,0,0,0,3175,481.0,B2,1120,0,0,0,1,2,0,0.00882120500318706,test,V1006,0,0,0,0,0,0,delayed
1,0,0,0,synthetic-V1006-e0-delayed-c1-B3,1,0,0,0,0,0,0,0.003738553961738944,synthetic,64.71058026584797,synthetic-V1006-e0,0,conflict_timing,15.967926734825596,0,0,0,3175,481.0,B3,1120,0,0,0,1,2,0,0.0015347329899668694,test,V1006,0,0,0,0,0,0,delayed
1,0,0,0,synthetic-V1006-e0-delayed-c1-M1,1,0,0,0,0,0,0,0.017086140112951398,synthetic,64.00502274488099,synthetic-V1006-e0,0,conflict_timing,15.248556577134877,0,0,0,3159,481.0,M1,1082,0,0,0,1,2,0,0.005244458094239235,test,V1006,0,0,0,0,0,0,delayed
0,1,2,1,synthetic-V1006-e0-delayed-c2-B0,2,3,2,0,0,0,0,0.004009769065305591,synthetic,61.38604369480163,synthetic-V1006-e0,0,conflict_timing,9.618300232803449,0,0,6,1400,541.0,B0,684,0,0,4,0,2,0,0.0016451410483568907,test,V1006,1,0,0,0,1,1,delayed
0,1,2,0,synthetic-V1006-e0-delayed-c2-B1,2,1,0,0,0,0,0,0.004189336905255914,synthetic,72.06847957801074,synthetic-V1006-e0,0,conflict_timing,19.42074100393802,0,0,0,3522,541.0,B1,1376,0,1,1,1,2,0,0.00153105310164392,test,V1006,1,0,0,0,1,1,delayed
0,1,2,0,synthetic-V1006-e0-delayed-c2-B2,2,1,0,0,0,0,0,0.019132505171000957,synthetic,76.92770531983115,synthetic-V1006-e0,0,conflict_timing,19.44700490287505,0,0,0,3515,541.0,B2,1372,0,1,1,1,2,0,0.005929265869781375,test,V1006,1,0,0,0,1,1,delayed
0,1,2,0,synthetic-V1006-e0-delayed-c2-B3,2,1,0,0,0,0,0,0.01029609004035592,synthetic,80.78492018487304,synthetic-V1006-e0,0,conflict_timing,19.45615107472986,0,0,0,3515,541.0,B3,1372,0,1,1,1,2,0,0.001517763128504157,test,V1006,1,0,0,0,1,1,delayed
0,1,2,0,synthetic-V1006-e0-delayed-c2-M1,2,1,0,0,0,0,0,0.023493618005886674,synthetic,76.94175211293623,synthetic-V1006-e0,0,conflict_timing,19.479476074920967,0,0,0,3522,541.0,M1,1376,0,1,1,1,2,0,0.005526133114472032,test,V1006,1,0,0,0,1,1,delayed
0,1,2,1,synthetic-V1006-e1-channel_fault-c0-B0,0,3,2,0,0,0,0,0.017906114924699068,synthetic,30.918040924938396,synthetic-V1006-e1,0,conflict_timing,10.34577736002393,0,0,0,1442,1351.0,B0,730,0,0,4,0,2,0,0.0015090988017618656,test,V1006,1,0,0,0,1,1,channel_fault
0,1,2,0,synthetic-V1006-e1-channel_fault-c0-B1,0,1,0,0,0,0,0,0.01086925808340311,synthetic,41.51014950382523,synthetic-V1006-e1,0,conflict_timing,20.935567904962227,0,0,0,3644,1351.0,B1,1460,0,1,1,1,2,0,0.0014975399244576693,test,V1006,1,0,0,0,1,1,channel_fault
0,1,2,0,synthetic-V1006-e1-channel_fault-c0-B2,0,1,0,0,0,0,0,0.0550094258505851,synthetic,41.50980144110508,synthetic-V1006-e1,0,conflict_timing,20.939666701015085,0,0,0,3644,1351.0,B2,1460,0,1,1,1,2,0,0.00619820412248373,test,V1006,1,0,0,0,1,1,channel_fault
0,1,2,0,synthetic-V1006-e1-channel_fault-c0-B3,0,1,0,0,0,0,0,0.01085373805835843,synthetic,51.75690564606339,synthetic-V1006-e1,0,conflict_timing,20.976757934084162,0,0,0,3644,1351.0,B3,1460,0,1,1,1,2,0,0.001498210011050105,test,V1006,1,0,0,0,1,1,channel_fault
0,1,2,0,synthetic-V1006-e1-channel_fault-c0-M1,0,1,0,0,0,0,0,0.05350956693291664,synthetic,46.60984318307601,synthetic-V1006-e1,0,conflict_timing,21.08770548715256,0,0,0,3644,1351.0,M1,1460,0,1,1,1,2,0,0.005564176943153143,test,V1006,1,0,0,0,1,1,channel_fault
0,1,2,1,synthetic-V1006-e1-channel_fault-c1-B0,1,3,2,0,0,0,0,0.0050240568816661835,synthetic,37.74833018798381,synthetic-V1006-e1,0,conflict_timing,10.060860548866913,0,0,2,1531,1381.0,B0,716,0,0,4,0,2,0,0.0017461548559367657,test,V1006,1,0,1,0,1,1,channel_fault
0,1,2,0,synthetic-V1006-e1-channel_fault-c1-B1,1,1,0,0,0,0,0,0.01736980606801808,synthetic,50.56319210701622,synthetic-V1006-e1,0,conflict_timing,20.40583844576031,0,0,0,3819,1381.0,B1,1442,0,1,1,1,2,0,0.0016111768782138824,test,V1006,1,0,1,0,1,1,channel_fault
0,1,2,0,synthetic-V1006-e1-channel_fault-c1-B2,1,1,0,0,0,0,0,0.0847891578450799,synthetic,50.487720547942445,synthetic-V1006-e1,0,conflict_timing,20.250967268832028,0,0,0,3811,1381.0,B2,1432,0,1,1,1,2,0,0.006093044998124242,test,V1006,1,0,1,0,1,1,channel_fault
0,1,2,0,synthetic-V1006-e1-channel_fault-c1-B3,1,1,0,0,0,0,0,0.018698567990213633,synthetic,58.00393506116234,synthetic-V1006-e1,0,conflict_timing,20.450116409920156,0,0,0,3811,1381.0,B3,1432,0,1,1,1,2,0,0.0016243469435721636,test,V1006,1,0,1,0,1,1,channel_fault
0,1,2,0,synthetic-V1006-e1-channel_fault-c1-M1,1,1,0,0,0,0,0,0.08542586490511894,synthetic,50.833002235973254,synthetic-V1006-e1,0,conflict_timing,20.446633741026744,0,0,0,3811,1381.0,M1,1432,0,1,1,1,2,0,0.005724472925066948,test,V1006,1,0,1,0,1,1,channel_fault
0,1,2,1,synthetic-V1006-e1-channel_fault-c2-B0,2,3,2,0,0,0,0,0.004709433997049928,synthetic,25.833537835162133,synthetic-V1006-e1,0,conflict_timing,10.264638277003542,0,0,4,1530,1441.0,B0,730,0,0,4,0,2,0,0.0017336041200906038,test,V1006,1,0,2,0,1,1,channel_fault
0,1,2,0,synthetic-V1006-e1-channel_fault-c2-B1,2,1,0,0,0,0,0,0.018278406001627445,synthetic,36.509105389006436,synthetic-V1006-e1,0,conflict_timing,20.599618947133422,0,0,0,3820,1441.0,B1,1460,0,1,1,1,2,0,0.0016781960148364305,test,V1006,1,0,2,0,1,1,channel_fault
0,1,2,0,synthetic-V1006-e1-channel_fault-c2-B2,2,1,0,0,0,0,0,0.0875421620439738,synthetic,38.57274048915133,synthetic-V1006-e1,0,conflict_timing,20.55627166084014,0,0,0,3820,1441.0,B2,1460,0,1,1,1,2,0,0.006797530921176076,test,V1006,1,0,2,0,1,1,channel_fault
0,1,2,0,synthetic-V1006-e1-channel_fault-c2-B3,2,1,0,0,0,0,0,0.018969062948599458,synthetic,45.38657486787997,synthetic-V1006-e1,0,conflict_timing,19.764179640915245,0,0,0,3820,1441.0,B3,1460,0,1,1,1,2,0,0.0016445061191916466,test,V1006,1,0,2,0,1,1,channel_fault
0,1,2,0,synthetic-V1006-e1-channel_fault-c2-M1,2,1,0,0,0,0,0,0.09406614792533219,synthetic,38.638991716085,synthetic-V1006-e1,0,conflict_timing,20.54345697304234,0,0,0,3820,1441.0,M1,1460,0,1,1,1,2,0,0.006179344141855836,test,V1006,1,0,2,0,1,1,channel_fault
0,1,2,1,synthetic-V1006-e1-clean-c0-B0,0,3,2,0,0,0,0,0.008869298966601491,synthetic,37.85840818984434,synthetic-V1006-e1,0,conflict_timing,10.206124312011525,0,0,0,1442,1351.0,B0,730,0,0,4,0,2,0,0.0014985790476202965,test,V1006,1,0,0,0,1,1,clean
0,1,2,0,synthetic-V1006-e1-clean-c0-B1,0,1,0,0,0,0,0,0.010711791925132275,synthetic,48.18102682288736,synthetic-V1006-e1,0,conflict_timing,20.52332564489916,0,0,0,3644,1351.0,B1,1460,0,1,1,1,2,0,0.0014871889725327492,test,V1006,1,0,0,0,1,1,clean
0,1,2,0,synthetic-V1006-e1-clean-c0-B2,0,1,0,0,0,0,0,0.05393451894633472,synthetic,55.322900912957266,synthetic-V1006-e1,0,conflict_timing,20.620424712076783,0,0,0,3644,1351.0,B2,1460,0,1,1,1,2,0,0.005501588108018041,test,V1006,1,0,0,0,1,1,clean
0,1,2,0,synthetic-V1006-e1-clean-c0-B3,0,1,0,0,0,0,0,0.010910707991570234,synthetic,58.348308936925605,synthetic-V1006-e1,0,conflict_timing,20.624917262000963,0,0,0,3644,1351.0,B3,1460,0,1,1,1,2,0,0.00151749886572361,test,V1006,1,0,0,0,1,1,clean
0,1,2,0,synthetic-V1006-e1-clean-c0-M1,0,1,0,0,0,0,0,0.05856430483981967,synthetic,55.74100466980599,synthetic-V1006-e1,0,conflict_timing,20.769226796226576,0,0,0,3644,1351.0,M1,1460,0,1,1,1,2,0,0.00557336607016623,test,V1006,1,0,0,0,1,1,clean
0,1,2,1,synthetic-V1006-e1-clean-c1-B0,1,3,2,0,0,0,0,0.0025301978457719088,synthetic,47.20615550898947,synthetic-V1006-e1,0,conflict_timing,10.185184468049556,0,0,2,1463,1381.0,B0,730,0,0,4,0,2,0,0.0015764881391078234,test,V1006,1,0,1,0,1,1,clean
0,1,2,0,synthetic-V1006-e1-clean-c1-B1,1,1,0,0,0,0,0,0.006636023987084627,synthetic,59.029071882832795,synthetic-V1006-e1,0,conflict_timing,20.532868140842766,0,0,0,3686,1381.0,B1,1460,0,1,1,1,2,0,0.0015499088913202286,test,V1006,1,0,1,0,1,1,clean
0,1,2,0,synthetic-V1006-e1-clean-c1-B2,1,1,0,0,0,0,0,0.028828591108322144,synthetic,62.35858880006708,synthetic-V1006-e1,0,conflict_timing,20.617716409033164,0,0,0,3686,1381.0,B2,1460,0,1,1,1,2,0,0.005655664950609207,test,V1006,1,0,1,0,1,1,clean
0,1,2,0,synthetic-V1006-e1-clean-c1-B3,1,1,0,0,0,0,0,0.007413108833134174,synthetic,67.80629944708198,synthetic-V1006-e1,0,conflict_timing,20.671409842325374,0,0,0,3686,1381.0,B3,1460,0,1,1,1,2,0,0.001545347971841693,test,V1006,1,0,1,0,1,1,clean
0,1,2,0,synthetic-V1006-e1-clean-c1-M1,1,1,0,0,0,0,0,0.02412127796560526,synthetic,64.32567572384141,synthetic-V1006-e1,0,conflict_timing,20.84085057489574,0,0,0,3686,1381.0,M1,1460,0,1,1,1,2,0,0.005636544898152351,test,V1006,1,0,1,0,1,1,clean
0,1,2,1,synthetic-V1006-e1-clean-c2-B0,2,3,2,0,0,0,0,0.004322531865909696,synthetic,41.66166237811558,synthetic-V1006-e1,0,conflict_timing,10.184924822999164,0,0,4,1463,1441.0,B0,730,0,0,4,0,2,0,0.0029994589276611805,test,V1006,1,0,2,0,1,1,clean
0,1,2,0,synthetic-V1006-e1-clean-c2-B1,2,1,0,0,0,0,0,0.011803248897194862,synthetic,52.387856665067375,synthetic-V1006-e1,0,conflict_timing,20.51376430108212,0,0,0,3686,1441.0,B1,1460,0,1,1,1,2,0,0.002739794086664915,test,V1006,1,0,2,0,1,1,clean
0,1,2,0,synthetic-V1006-e1-clean-c2-B2,2,1,0,0,0,0,0,0.03244057693518698,synthetic,53.87182602798566,synthetic-V1006-e1,0,conflict_timing,20.49979966529645,0,0,0,3686,1441.0,B2,1460,0,1,1,1,2,0,0.0057633130345493555,test,V1006,1,0,2,0,1,1,clean
0,1,2,0,synthetic-V1006-e1-clean-c2-B3,2,1,0,0,0,0,0,0.007507516071200371,synthetic,61.36498402780853,synthetic-V1006-e1,0,conflict_timing,19.792329273186624,0,0,0,3686,1441.0,B3,1460,0,1,1,1,2,0,0.0016043980140239,test,V1006,1,0,2,0,1,1,clean
0,1,2,0,synthetic-V1006-e1-clean-c2-M1,2,1,0,0,0,0,0,0.029445888940244913,synthetic,55.652516315924004,synthetic-V1006-e1,0,conflict_timing,20.436367919901386,0,0,0,3686,1441.0,M1,1460,0,1,1,1,2,0,0.006466577993705869,test,V1006,1,0,2,0,1,1,clean
0,1,2,1,synthetic-V1006-e1-correction-c0-B0,0,3,2,0,0,0,0,0.00976795214228332,synthetic,26.0938461557962,synthetic-V1006-e1,0,conflict_timing,10.320275864098221,0,0,0,1442,1351.0,B0,730,0,0,4,0,2,0,0.0015090499073266983,test,V1006,1,0,0,0,1,1,correction
0,1,2,0,synthetic-V1006-e1-correction-c0-B1,0,1,0,0,0,0,0,0.011374141089618206,synthetic,36.4742962741293,synthetic-V1006-e1,0,conflict_timing,20.70522498106584,0,0,0,3644,1351.0,B1,1460,0,1,1,1,2,0,0.0015147500671446323,test,V1006,1,0,0,0,1,1,correction
0,1,2,0,synthetic-V1006-e1-correction-c0-B2,0,1,0,0,0,0,0,0.05434994213283062,synthetic,36.443269449984655,synthetic-V1006-e1,0,conflict_timing,20.681603367906064,0,0,0,3644,1351.0,B2,1460,0,1,1,1,2,0,0.005426839925348759,test,V1006,1,0,0,0,1,1,correction
0,1,2,0,synthetic-V1006-e1-correction-c0-B3,0,1,0,0,0,0,0,0.011484858114272356,synthetic,46.63322283793241,synthetic-V1006-e1,0,conflict_timing,20.67470050812699,0,0,0,3644,1351.0,B3,1460,0,1,1,1,2,0,0.0015303988475352526,test,V1006,1,0,0,0,1,1,correction
0,1,2,0,synthetic-V1006-e1-correction-c0-M1,0,1,0,0,0,0,0,0.05352921807207167,synthetic,44.135118121048436,synthetic-V1006-e1,0,conflict_timing,20.7622015401721,0,0,0,3644,1351.0,M1,1460,0,1,1,1,2,0,0.005422540940344334,test,V1006,1,0,0,0,1,1,correction
0,1,2,1,synthetic-V1006-e1-correction-c1-B0,1,3,2,0,0,0,1,0.0027341849636286497,synthetic,50.36904283403419,synthetic-V1006-e1,0,conflict_timing,10.281792572000995,0,0,2,1463,1381.0,B0,730,0,0,4,0,2,1,0.0016449769027531147,test,V1006,1,0,0,0,1,1,correction
0,1,2,0,synthetic-V1006-e1-correction-c1-B1,1,1,0,0,1,1,1,0.015394297894090414,synthetic,60.62313158600591,synthetic-V1006-e1,0,conflict_timing,20.367338619893417,0,0,0,3683,1381.0,B1,1448,0,1,1,1,2,0,0.0016343370079994202,test,V1006,1,0,0,0,1,1,correction
0,1,2,0,synthetic-V1006-e1-correction-c1-B2,1,1,0,0,1,1,1,0.027220149990171194,synthetic,65.88999277190305,synthetic-V1006-e1,0,conflict_timing,20.53819452598691,0,0,0,3683,1381.0,B2,1448,0,1,1,1,2,0,0.005422379821538925,test,V1006,1,0,0,0,1,1,correction
0,1,2,0,synthetic-V1006-e1-correction-c1-B3,1,1,0,0,1,1,1,0.008050187025219202,synthetic,71.01677657780237,synthetic-V1006-e1,0,conflict_timing,20.72796401195228,0,0,0,3686,1381.0,B3,1460,0,1,1,1,2,0,0.0015877778641879559,test,V1006,1,0,0,0,1,1,correction
0,1,2,0,synthetic-V1006-e1-correction-c1-M1,1,1,0,0,1,1,1,0.026584393111988902,synthetic,68.46271206112579,synthetic-V1006-e1,0,conflict_timing,20.7446528240107,0,0,0,3683,1381.0,M1,1448,0,1,1,1,2,0,0.005482129054144025,test,V1006,1,0,0,0,1,1,correction
0,1,2,1,synthetic-V1006-e1-correction-c2-B0,2,3,2,0,0,0,1,0.0028067328967154026,synthetic,54.326049939962104,synthetic-V1006-e1,0,conflict_timing,10.335568974958733,0,0,4,1463,1441.0,B0,730,0,0,4,0,2,1,0.0016870559193193913,test,V1006,1,0,1,0,1,1,correction
0,1,2,0,synthetic-V1006-e1-correction-c2-B1,2,1,0,0,1,1,1,0.007386529818177223,synthetic,67.55519883986562,synthetic-V1006-e1,0,conflict_timing,20.59201910882257,0,0,0,3686,1441.0,B1,1460,0,1,1,1,2,0,0.00163486716337502,test,V1006,1,0,1,0,1,1,correction
0,1,2,0,synthetic-V1006-e1-correction-c2-B2,2,1,0,0,1,1,1,0.03646871307864785,synthetic,72.19948490685783,synthetic-V1006-e1,0,conflict_timing,20.67657987982966,0,0,0,3686,1441.0,B2,1460,0,1,1,1,2,0,0.005696665029972792,test,V1006,1,0,1,0,1,1,correction
0,1,2,0,synthetic-V1006-e1-correction-c2-B3,2,1,0,0,1,1,1,0.009992328006774187,synthetic,74.96849356987514,synthetic-V1006-e1,0,conflict_timing,20.728480980964378,0,0,0,3686,1441.0,B3,1460,0,1,1,1,2,0,0.0016717261169105768,test,V1006,1,0,1,0,1,1,correction
0,1,2,0,synthetic-V1006-e1-correction-c2-M1,2,1,0,0,1,1,1,0.04106104001402855,synthetic,74.48956527910195,synthetic-V1006-e1,0,conflict_timing,20.716716698138043,0,0,0,3686,1441.0,M1,1460,0,1,1,1,2,0,0.00576299405656755,test,V1006,1,0,1,0,1,1,correction
0,0,0,1,synthetic-V1006-e1-delayed-c0-B0,0,3,3,0,0,0,0,0.014350970042869449,synthetic,8.796076385071501,synthetic-V1006-e1,0,conflict_timing,8.775898914085701,0,0,0,1323,1351.0,B0,574,0,0,4,0,2,0,0.001496490091085434,test,V1006,0,0,0,0,0,0,delayed
1,0,0,0,synthetic-V1006-e1-delayed-c0-B1,0,0,0,0,0,0,0,0.01132011110894382,synthetic,17.030860253842548,synthetic-V1006-e1,0,conflict_timing,17.012488124659285,0,0,0,3277,1351.0,B1,1158,0,0,0,1,2,0,0.0014979899860918522,test,V1006,0,0,0,0,0,0,delayed
1,0,0,0,synthetic-V1006-e1-delayed-c0-B2,0,0,0,0,0,0,0,0.06513224402442575,synthetic,17.029816354857758,synthetic-V1006-e1,0,conflict_timing,16.949978338787332,0,0,0,3277,1351.0,B2,1158,0,0,0,1,2,0,0.009498547995463014,test,V1006,0,0,0,0,0,0,delayed
1,0,0,0,synthetic-V1006-e1-delayed-c0-B3,0,0,0,0,0,0,0,0.012471297988668084,synthetic,24.972271461971104,synthetic-V1006-e1,0,conflict_timing,16.353812915971503,0,0,0,3277,1351.0,B3,1158,0,0,0,1,2,0,0.001492219977080822,test,V1006,0,0,0,0,0,0,delayed
1,0,0,0,synthetic-V1006-e1-delayed-c0-M1,0,0,0,0,0,0,0,0.06050882721319795,synthetic,16.917125762905926,synthetic-V1006-e1,0,conflict_timing,16.84084852412343,0,0,0,3277,1351.0,M1,1158,0,0,0,1,2,0,0.009022928075864911,test,V1006,0,0,0,0,0,0,delayed
0,0,0,1,synthetic-V1006-e1-delayed-c1-B0,1,3,3,0,0,0,0,0.004844031995162368,synthetic,39.438087600050494,synthetic-V1006-e1,0,conflict_timing,8.049462824128568,0,0,3,1323,1381.0,B0,574,0,0,4,0,2,0,0.004054337972775102,test,V1006,0,0,0,0,0,0,delayed
1,0,0,0,synthetic-V1006-e1-delayed-c1-B1,1,0,0,0,0,0,0,0.00823838310316205,synthetic,47.72600962501019,synthetic-V1006-e1,0,conflict_timing,16.277883840957657,0,0,0,3263,1381.0,B1,1148,0,0,0,1,2,0,0.0026566069573163986,test,V1006,0,0,0,0,0,0,delayed
1,0,0,0,synthetic-V1006-e1-delayed-c1-B2,1,0,0,0,0,0,0,0.01991554698906839,synthetic,47.91819816199131,synthetic-V1006-e1,0,conflict_timing,16.125318703940138,0,0,0,3263,1381.0,B2,1148,0,0,0,1,2,0,0.009219603845849633,test,V1006,0,0,0,0,0,0,delayed
1,0,0,0,synthetic-V1006-e1-delayed-c1-B3,1,0,0,0,0,0,0,0.004082237835973501,synthetic,55.74552504392341,synthetic-V1006-e1,0,conflict_timing,16.31881776312366,0,0,0,3263,1381.0,B3,1148,0,0,0,1,2,0,0.001531569054350257,test,V1006,0,0,0,0,0,0,delayed
1,0,0,0,synthetic-V1006-e1-delayed-c1-M1,1,0,0,0,0,0,0,0.0196520930621773,synthetic,55.51011274079792,synthetic-V1006-e1,0,conflict_timing,16.11370475892909,0,0,0,3263,1381.0,M1,1148,0,0,0,1,2,0,0.00926152290776372,test,V1006,0,0,0,0,0,0,delayed
0,1,2,1,synthetic-V1006-e1-delayed-c2-B0,2,3,2,0,0,0,0,0.006876070983707905,synthetic,40.557280563982204,synthetic-V1006-e1,0,conflict_timing,10.28122275415808,0,0,6,1442,1441.0,B0,730,0,0,4,0,2,0,0.0040817768312990665,test,V1006,1,0,0,0,1,1,delayed
0,1,2,0,synthetic-V1006-e1-delayed-c2-B1,2,1,0,0,0,0,0,0.010739393066614866,synthetic,53.67096046777442,synthetic-V1006-e1,0,conflict_timing,20.54824707400985,0,0,0,3644,1441.0,B1,1460,0,1,1,1,2,0,0.003145935945212841,test,V1006,1,0,0,0,1,1,delayed
0,1,2,0,synthetic-V1006-e1-delayed-c2-B2,2,1,0,0,0,0,0,0.02683804789558053,synthetic,53.92839819495566,synthetic-V1006-e1,0,conflict_timing,20.57790206396021,0,0,0,3644,1441.0,B2,1460,0,1,1,1,2,0,0.009341381024569273,test,V1006,1,0,0,0,1,1,delayed
0,1,2,0,synthetic-V1006-e1-delayed-c2-B3,2,1,0,0,0,0,0,0.004680376034229994,synthetic,61.05843176995404,synthetic-V1006-e1,0,conflict_timing,20.590086478972808,0,0,0,3644,1441.0,B3,1460,0,1,1,1,2,0,0.001542448066174984,test,V1006,1,0,0,0,1,1,delayed
0,1,2,0,synthetic-V1006-e1-delayed-c2-M1,2,1,0,0,0,0,0,0.024093272862955928,synthetic,60.15491805807687,synthetic-V1006-e1,0,conflict_timing,20.844274140894413,0,0,0,3644,1441.0,M1,1460,0,1,1,1,2,0,0.006005218019708991,test,V1006,1,0,0,0,1,1,delayed
0,1,2,0,synthetic-V1007-e0-channel_fault-c0-B0,0,2,0,0,0,0,0,0.017954094102606177,synthetic,18.148264691000804,synthetic-V1007-e0,0,evidence_sufficiency,4.931835112860426,0,0,0,1390,451.0,B0,349,0,0,2,0,2,0,0.0015108990482985973,test,V1007,2,0,0,1,1,2,channel_fault
0,1,2,0,synthetic-V1007-e0-channel_fault-c0-B1,0,2,0,0,0,0,0,0.011407387908548117,synthetic,19.64961134805344,synthetic-V1007-e0,0,evidence_sufficiency,5.0424147308804095,0,0,0,1390,451.0,B1,349,0,0,2,0,2,0,0.0015060091391205788,test,V1007,2,0,0,1,1,2,channel_fault
0,1,2,0,synthetic-V1007-e0-channel_fault-c0-B2,0,2,0,0,0,0,0,0.076237607980147,synthetic,24.028019814984873,synthetic-V1007-e0,0,evidence_sufficiency,5.908730413066223,0,0,0,1390,451.0,B2,421,0,0,2,0,2,0,0.008578584995120764,test,V1007,2,0,0,1,1,2,channel_fault
0,1,2,0,synthetic-V1007-e0-channel_fault-c0-B3,0,2,0,0,0,0,0,0.012435857206583023,synthetic,23.909893021918833,synthetic-V1007-e0,0,evidence_sufficiency,5.143052889965475,0,0,0,1390,451.0,B3,349,0,0,2,0,2,0,0.0015076890122145414,test,V1007,2,0,0,1,1,2,channel_fault
0,1,2,0,synthetic-V1007-e0-channel_fault-c0-M1,0,2,0,0,0,0,0,0.062039495911449194,synthetic,23.747509718872607,synthetic-V1007-e0,0,evidence_sufficiency,4.9173941179178655,0,0,0,1390,451.0,M1,349,0,0,2,0,2,0,0.00850646710023284,test,V1007,2,0,0,1,1,2,channel_fault
0,1,2,0,synthetic-V1007-e0-channel_fault-c1-B0,1,2,0,0,0,0,1,0.004430999979376793,synthetic,43.87456916086376,synthetic-V1007-e0,0,evidence_sufficiency,4.967972127022222,0,0,0,1470,481.0,B0,349,0,0,2,0,2,1,0.001586827915161848,test,V1007,2,0,1,1,1,2,channel_fault
0,1,2,0,synthetic-V1007-e0-channel_fault-c1-B1,1,2,0,0,1,1,1,0.016828546999022365,synthetic,47.116646515903994,synthetic-V1007-e0,0,evidence_sufficiency,4.97109818411991,0,0,0,1470,481.0,B1,349,0,0,2,0,2,0,0.0016292668879032135,test,V1007,2,0,1,1,1,2,channel_fault
0,1,2,0,synthetic-V1007-e0-channel_fault-c1-B2,1,2,0,0,1,1,1,0.08135259314440191,synthetic,48.75768677680753,synthetic-V1007-e0,0,evidence_sufficiency,4.903016501106322,0,0,0,1470,481.0,B2,349,0,0,2,0,2,0,0.0057500728871673346,test,V1007,2,0,1,1,1,2,channel_fault
0,1,2,0,synthetic-V1007-e0-channel_fault-c1-B3,1,2,0,0,1,1,1,0.019507682183757424,synthetic,51.80690496088937,synthetic-V1007-e0,0,evidence_sufficiency,5.216097441967577,0,0,0,1470,481.0,B3,349,0,0,2,0,2,0,0.0016487969551235437,test,V1007,2,0,1,1,1,2,channel_fault
0,1,2,0,synthetic-V1007-e0-channel_fault-c1-M1,1,2,0,0,1,1,1,0.09155416511930525,synthetic,50.50102264294401,synthetic-V1007-e0,0,evidence_sufficiency,4.882478998973966,0,0,0,1470,481.0,M1,349,0,0,2,0,2,0,0.005744692869484425,test,V1007,2,0,1,1,1,2,channel_fault
0,1,2,0,synthetic-V1007-e0-channel_fault-c2-B0,2,2,0,0,0,0,1,0.004387290915474296,synthetic,37.415075227152556,synthetic-V1007-e0,0,evidence_sufficiency,4.960982610005885,0,0,0,1470,541.0,B0,349,0,0,2,0,2,1,0.001714515034109354,test,V1007,2,0,3,1,1,2,channel_fault
0,1,2,0,synthetic-V1007-e0-channel_fault-c2-B1,2,2,0,0,1,1,1,0.02481530513614416,synthetic,42.365793616045266,synthetic-V1007-e0,0,evidence_sufficiency,4.949518083129078,0,0,0,1470,541.0,B1,349,0,0,2,0,2,0,0.0017394749447703362,test,V1007,2,0,3,1,1,2,channel_fault
0,1,2,0,synthetic-V1007-e0-channel_fault-c2-B2,2,2,0,0,1,1,1,0.125958614051342,synthetic,45.39676495199092,synthetic-V1007-e0,0,evidence_sufficiency,4.966307830996811,0,0,0,1470,541.0,B2,349,0,0,2,0,2,0,0.006028507137671113,test,V1007,2,0,3,1,1,2,channel_fault
0,1,2,0,synthetic-V1007-e0-channel_fault-c2-B3,2,2,0,0,1,1,1,0.026061418931931257,synthetic,48.51854831795208,synthetic-V1007-e0,0,evidence_sufficiency,4.90475274506025,0,0,0,1470,541.0,B3,349,0,0,2,0,2,0,0.0017294441349804401,test,V1007,2,0,3,1,1,2,channel_fault
0,1,2,0,synthetic-V1007-e0-channel_fault-c2-M1,2,2,0,0,1,1,1,0.16861889488063753,synthetic,47.13478508684784,synthetic-V1007-e0,0,evidence_sufficiency,4.921794977970421,0,0,0,1470,541.0,M1,349,0,0,2,0,2,0,0.009955476969480515,test,V1007,2,0,3,1,1,2,channel_fault
0,1,2,0,synthetic-V1007-e0-clean-c0-B0,0,2,0,0,0,0,0,0.010247353930026293,synthetic,5.820325730135664,synthetic-V1007-e0,0,evidence_sufficiency,5.805180224822834,0,0,0,1390,451.0,B0,349,0,0,2,0,2,0,0.0014959590043872595,test,V1007,2,0,0,1,1,2,clean
0,1,2,0,synthetic-V1007-e0-clean-c0-B1,0,2,0,0,0,0,0,0.011168634984642267,synthetic,5.841150510823354,synthetic-V1007-e0,0,evidence_sufficiency,5.824707550927997,0,0,0,1390,451.0,B1,349,0,0,2,0,2,0,0.001492129871621728,test,V1007,2,0,0,1,1,2,clean
0,1,2,0,synthetic-V1007-e0-clean-c0-B2,0,2,0,0,0,0,0,0.07685884181410074,synthetic,5.829325587954372,synthetic-V1007-e0,0,evidence_sufficiency,5.739332461031154,0,0,0,1390,451.0,B2,349,0,0,2,0,2,0,0.009138856083154678,test,V1007,2,0,0,1,1,2,clean
0,1,2,0,synthetic-V1007-e0-clean-c0-B3,0,2,0,0,0,0,0,0.01543116895481944,synthetic,10.506305253133178,synthetic-V1007-e0,0,evidence_sufficiency,4.89265213906765,0,0,0,1390,451.0,B3,349,0,0,2,0,2,0,0.001548608997836709,test,V1007,2,0,0,1,1,2,clean
0,1,2,0,synthetic-V1007-e0-clean-c0-M1,0,2,0,0,0,0,0,0.07562027615495026,synthetic,5.71551451086998,synthetic-V1007-e0,0,evidence_sufficiency,5.626798859098926,0,0,0,1390,451.0,M1,349,0,0,2,0,2,0,0.009082687087357044,test,V1007,2,0,0,1,1,2,clean
0,1,2,0,synthetic-V1007-e0-clean-c1-B0,1,2,0,0,0,0,0,0.005192245123907924,synthetic,51.76955194515176,synthetic-V1007-e0,0,evidence_sufficiency,4.954854666953906,0,0,0,1409,481.0,B0,349,0,0,2,0,2,0,0.003971759928390384,test,V1007,2,0,2,1,1,2,clean
0,1,2,0,synthetic-V1007-e0-clean-c1-B1,1,2,0,0,0,0,0,0.011030548019334674,synthetic,52.14513981901109,synthetic-V1007-e0,0,evidence_sufficiency,5.2026656130328774,0,0,0,1409,481.0,B1,349,0,0,2,0,2,0,0.0027868631295859814,test,V1007,2,0,2,1,1,2,clean
0,1,2,0,synthetic-V1007-e0-clean-c1-B2,1,2,0,0,0,0,0,0.04498745407909155,synthetic,54.8714855320286,synthetic-V1007-e0,0,evidence_sufficiency,4.868927436880767,0,0,0,1409,481.0,B2,349,0,0,2,0,2,0,0.00938802002929151,test,V1007,2,0,2,1,1,2,clean
0,1,2,0,synthetic-V1007-e0-clean-c1-B3,1,2,0,0,0,0,0,0.007726504933089018,synthetic,56.85973207606003,synthetic-V1007-e0,0,evidence_sufficiency,5.182254954939708,0,0,0,1409,481.0,B3,349,0,0,2,0,2,0,0.001597807975485921,test,V1007,2,0,2,1,1,2,clean
0,1,2,0,synthetic-V1007-e0-clean-c1-M1,1,2,0,0,0,0,0,0.04748607310466468,synthetic,56.530816121958196,synthetic-V1007-e0,0,evidence_sufficiency,4.837781684938818,0,0,0,1409,481.0,M1,349,0,0,2,0,2,0,0.009373662061989307,test,V1007,2,0,2,1,1,2,clean
0,1,2,0,synthetic-V1007-e0-clean-c2-B0,2,2,0,0,0,0,0,0.002645967062562704,synthetic,51.87162905978039,synthetic-V1007-e0,0,evidence_sufficiency,4.971692116931081,0,0,0,1409,541.0,B0,349,0,0,2,0,2,0,0.0016241068951785564,test,V1007,2,0,4,1,1,2,clean
0,1,2,0,synthetic-V1007-e0-clean-c2-B1,2,2,0,0,0,0,0,0.0074632500763982534,synthetic,54.918077423935756,synthetic-V1007-e0,0,evidence_sufficiency,4.893471743213013,0,0,0,1409,541.0,B1,349,0,0,2,0,2,0,0.0016758160199970007,test,V1007,2,0,4,1,1,2,clean
0,1,2,0,synthetic-V1007-e0-clean-c2-B2,2,2,0,0,0,0,0,0.04965147003531456,synthetic,55.07574612693861,synthetic-V1007-e0,0,evidence_sufficiency,4.896860114997253,0,0,0,1409,541.0,B2,349,0,0,2,0,2,0,0.009436599910259247,test,V1007,2,0,4,1,1,2,clean
0,1,2,0,synthetic-V1007-e0-clean-c2-B3,2,2,0,0,0,0,0,0.008183205034583807,synthetic,59.67108599608764,synthetic-V1007-e0,0,evidence_sufficiency,4.880410025827587,0,0,0,1409,541.0,B3,349,0,0,2,0,2,0,0.0016186779830604792,test,V1007,2,0,4,1,1,2,clean
0,1,2,0,synthetic-V1007-e0-clean-c2-M1,2,2,0,0,0,0,0,0.051839675987139344,synthetic,56.706842955900356,synthetic-V1007-e0,0,evidence_sufficiency,4.901777015067637,0,0,0,1409,541.0,M1,349,0,0,2,0,2,0,0.009589775931090117,test,V1007,2,0,4,1,1,2,clean
0,1,2,0,synthetic-V1007-e0-correction-c0-B0,0,2,0,0,0,0,0,0.009656173875555396,synthetic,21.62151434319094,synthetic-V1007-e0,0,evidence_sufficiency,5.009775082115084,0,0,0,1390,451.0,B0,349,0,0,2,0,2,0,0.0014919801615178585,test,V1007,2,0,0,1,1,2,correction
0,1,2,0,synthetic-V1007-e0-correction-c0-B1,0,2,0,0,0,0,0,0.011234342120587826,synthetic,21.624683249974623,synthetic-V1007-e0,0,evidence_sufficiency,5.010062027024105,0,0,0,1390,451.0,B1,349,0,0,2,0,2,0,0.0014847400598227978,test,V1007,2,0,0,1,1,2,correction
0,1,2,0,synthetic-V1007-e0-correction-c0-B2,0,2,0,0,0,0,0,0.05387352011166513,synthetic,21.601101227104664,synthetic-V1007-e0,0,evidence_sufficiency,4.98319844994694,0,0,0,1390,451.0,B2,349,0,0,2,0,2,0,0.005267163971439004,test,V1007,2,0,0,1,1,2,correction
0,1,2,0,synthetic-V1007-e0-correction-c0-B3,0,2,0,0,0,0,0,0.011279102182015777,synthetic,26.455784247023985,synthetic-V1007-e0,0,evidence_sufficiency,4.9492140270303935,0,0,0,1390,451.0,B3,349,0,0,2,0,2,0,0.0014806999824941158,test,V1007,2,0,0,1,1,2,correction
0,1,2,0,synthetic-V1007-e0-correction-c0-M1,0,2,0,0,0,0,0,0.0372038867790252,synthetic,26.485929497983307,synthetic-V1007-e0,0,evidence_sufficiency,4.945345656014979,0,0,0,1390,451.0,M1,349,0,0,2,0,2,0,0.005189724965021014,test,V1007,2,0,0,1,1,2,correction
0,1,2,0,synthetic-V1007-e0-correction-c1-B0,1,2,0,0,0,0,1,0.0024959889706224203,synthetic,52.28321856097318,synthetic-V1007-e0,0,evidence_sufficiency,4.944422125117853,0,0,0,1409,481.0,B0,349,0,0,2,0,2,1,0.0015834178775548935,test,V1007,2,0,1,1,1,2,correction
0,1,2,0,synthetic-V1007-e0-correction-c1-B1,1,2,0,0,1,1,1,0.007196264108642936,synthetic,54.993894413113594,synthetic-V1007-e0,0,evidence_sufficiency,4.916968280915171,0,0,0,1409,481.0,B1,349,0,0,2,0,2,0,0.001596387941390276,test,V1007,2,0,1,1,1,2,correction
0,1,2,0,synthetic-V1007-e0-correction-c1-B2,1,2,0,0,1,1,1,0.03045113291591406,synthetic,57.174654967850074,synthetic-V1007-e0,0,evidence_sufficiency,4.898224929114804,0,0,0,1409,481.0,B2,349,0,0,2,0,2,0,0.005658505950123072,test,V1007,2,0,1,1,1,2,correction
0,1,2,0,synthetic-V1007-e0-correction-c1-B3,1,2,0,0,1,1,1,0.007662344956770539,synthetic,59.766043374082074,synthetic-V1007-e0,0,evidence_sufficiency,4.849569443846121,0,0,0,1409,481.0,B3,349,0,0,2,0,2,0,0.001591607928276062,test,V1007,2,0,1,1,1,2,correction
0,1,2,0,synthetic-V1007-e0-correction-c1-M1,1,2,0,0,1,1,1,0.03204957186244428,synthetic,58.85168434912339,synthetic-V1007-e0,0,evidence_sufficiency,4.866541791008785,0,0,0,1409,481.0,M1,349,0,0,2,0,2,0,0.005641174968332052,test,V1007,2,0,1,1,1,2,correction
0,1,2,0,synthetic-V1007-e0-correction-c2-B0,2,2,0,0,0,0,1,0.002603846834972501,synthetic,56.0102972141467,synthetic-V1007-e0,0,evidence_sufficiency,4.936010934878141,0,0,0,1409,541.0,B0,349,0,0,2,0,2,1,0.0016075880266726017,test,V1007,2,0,3,1,1,2,correction
0,1,2,0,synthetic-V1007-e0-correction-c2-B1,2,2,0,0,1,1,1,0.007775121834129095,synthetic,59.096690031001344,synthetic-V1007-e0,0,evidence_sufficiency,4.91620092606172,0,0,0,1409,541.0,B1,349,0,0,2,0,2,0,0.0016734360251575708,test,V1007,2,0,3,1,1,2,correction
0,1,2,0,synthetic-V1007-e0-correction-c2-B2,2,2,0,0,1,1,1,0.034365173894912004,synthetic,60.914860716089606,synthetic-V1007-e0,0,evidence_sufficiency,4.912879903102294,0,0,0,1409,541.0,B2,349,0,0,2,0,2,0,0.005830532172694802,test,V1007,2,0,3,1,1,2,correction
0,1,2,0,synthetic-V1007-e0-correction-c2-B3,2,2,0,0,1,1,1,0.009136294946074486,synthetic,63.549398927018046,synthetic-V1007-e0,0,evidence_sufficiency,4.910449051996693,0,0,0,1409,541.0,B3,349,0,0,2,0,2,0,0.0016603060066699982,test,V1007,2,0,3,1,1,2,correction
0,1,2,0,synthetic-V1007-e0-correction-c2-M1,2,2,0,0,1,1,1,0.037421182030811906,synthetic,62.854398793075234,synthetic-V1007-e0,0,evidence_sufficiency,4.891085744835436,0,0,0,1409,541.0,M1,349,0,0,2,0,2,0,0.005797992926090956,test,V1007,2,0,3,1,1,2,correction
0,0,1,1,synthetic-V1007-e0-delayed-c0-B0,0,2,1,0,0,0,0,0.01759768510237336,synthetic,26.61812037182972,synthetic-V1007-e0,0,evidence_sufficiency,4.952379019930959,0,0,0,1276,451.0,B0,349,0,0,2,0,2,0,0.0014876499772071838,test,V1007,1,0,0,1,1,1,delayed
0,0,1,0,synthetic-V1007-e0-delayed-c0-B1,0,1,0,0,0,0,0,0.011501397006213665,synthetic,34.553556769154966,synthetic-V1007-e0,0,evidence_sufficiency,9.863812377909198,0,0,0,2932,451.0,B1,698,0,1,1,1,2,0,0.0014987499453127384,test,V1007,1,0,0,1,1,1,delayed
0,0,1,0,synthetic-V1007-e0-delayed-c0-B2,0,1,0,0,0,0,0,0.050803032936528325,synthetic,36.37696042098105,synthetic-V1007-e0,0,evidence_sufficiency,9.781893013045192,0,0,0,2928,451.0,B2,694,0,1,1,1,2,0,0.005393831059336662,test,V1007,1,0,0,1,1,1,delayed
0,0,1,0,synthetic-V1007-e0-delayed-c0-B3,0,1,0,0,0,0,0,0.011464328970760107,synthetic,36.4904525980819,synthetic-V1007-e0,0,evidence_sufficiency,9.95058764400892,0,0,0,2932,451.0,B3,698,0,1,1,1,2,0,0.0015174990985542536,test,V1007,1,0,0,1,1,1,delayed
0,0,1,0,synthetic-V1007-e0-delayed-c0-M1,0,1,0,0,0,0,0,0.05040843109600246,synthetic,36.37772755511105,synthetic-V1007-e0,0,evidence_sufficiency,9.790823021903634,0,0,0,2928,451.0,M1,694,0,1,1,1,2,0,0.005403200862929225,test,V1007,1,0,0,1,1,1,delayed
0,0,1,1,synthetic-V1007-e0-delayed-c1-B0,1,2,1,0,0,0,0,0.005117486929520965,synthetic,48.87219463405199,synthetic-V1007-e0,0,evidence_sufficiency,4.9749035749118775,0,0,1,1276,481.0,B0,349,0,0,2,0,2,0,0.00417352607473731,test,V1007,1,0,1,1,1,1,delayed
0,0,1,0,synthetic-V1007-e0-delayed-c1-B1,1,1,0,0,0,0,0,0.008072856813669205,synthetic,55.4684183949139,synthetic-V1007-e0,0,evidence_sufficiency,9.737065579975024,0,0,0,2932,481.0,B1,698,0,1,1,1,2,0,0.0027644538786262274,test,V1007,1,0,1,1,1,1,delayed
0,0,1,0,synthetic-V1007-e0-delayed-c1-B2,1,1,0,0,0,0,0,0.021199550945311785,synthetic,55.68285610107705,synthetic-V1007-e0,0,evidence_sufficiency,9.764129552757367,0,0,0,2932,481.0,B2,698,0,1,1,1,2,0,0.009892679983749986,test,V1007,1,0,1,1,1,1,delayed
0,0,1,0,synthetic-V1007-e0-delayed-c1-B3,1,1,0,0,0,0,0,0.004279853776097298,synthetic,58.57406021398492,synthetic-V1007-e0,0,evidence_sufficiency,9.778317956021056,0,0,0,2932,481.0,B3,698,0,1,1,1,2,0,0.001663045957684517,test,V1007,1,0,1,1,1,1,delayed
0,0,1,0,synthetic-V1007-e0-delayed-c1-M1,1,1,0,0,0,0,0,0.019742451142519712,synthetic,58.42166825407185,synthetic-V1007-e0,0,evidence_sufficiency,9.914753330172971,0,0,0,2932,481.0,M1,698,0,1,1,1,2,0,0.00757680693641305,test,V1007,1,0,1,1,1,1,delayed
0,1,2,0,synthetic-V1007-e0-delayed-c2-B0,2,2,0,0,0,0,0,0.0026529671158641577,synthetic,52.30822494579479,synthetic-V1007-e0,0,evidence_sufficiency,5.896463752025738,0,0,2,1390,541.0,B0,421,0,0,2,0,2,0,0.001600606832653284,test,V1007,2,0,2,1,1,2,delayed
0,1,2,0,synthetic-V1007-e0-delayed-c2-B1,2,2,0,0,0,0,0,0.004395961062982678,synthetic,54.79110665200278,synthetic-V1007-e0,0,evidence_sufficiency,5.87111770408228,0,0,0,1390,541.0,B1,421,0,0,2,0,2,0,0.0015927678905427456,test,V1007,2,0,2,1,1,2,delayed
0,1,2,0,synthetic-V1007-e0-delayed-c2-B2,2,2,0,0,0,0,0,0.0169657280202955,synthetic,54.00709533598274,synthetic-V1007-e0,0,evidence_sufficiency,4.842312294989824,0,0,0,1390,541.0,B2,349,0,0,2,0,2,0,0.005511367926374078,test,V1007,2,0,2,1,1,2,delayed
0,1,2,0,synthetic-V1007-e0-delayed-c2-B3,2,2,0,0,0,0,0,0.004391102120280266,synthetic,57.1261433637701,synthetic-V1007-e0,0,evidence_sufficiency,4.864753022091463,0,0,0,1390,541.0,B3,349,0,0,2,0,2,0,0.0015569489914923906,test,V1007,2,0,2,1,1,2,delayed
0,1,2,0,synthetic-V1007-e0-delayed-c2-M1,2,2,0,0,0,0,0,0.01492558908648789,synthetic,55.298685444984585,synthetic-V1007-e0,0,evidence_sufficiency,4.894210655940697,0,0,0,1390,541.0,M1,349,0,0,2,0,2,0,0.005525148008018732,test,V1007,2,0,2,1,1,2,delayed
0,1,2,0,synthetic-V1007-e1-channel_fault-c0-B0,0,2,0,0,0,0,0,0.009735574014484882,synthetic,25.817303554154932,synthetic-V1007-e1,0,revision_impact,5.3753892430104315,0,0,0,1444,1351.0,B0,376,0,0,2,0,2,0,0.0015028789639472961,test,V1007,2,0,0,1,1,2,channel_fault
0,1,2,0,synthetic-V1007-e1-channel_fault-c0-B1,0,2,0,0,0,0,0,0.011441189097240567,synthetic,25.812864965060726,synthetic-V1007-e1,0,revision_impact,5.380234885029495,0,0,0,1444,1351.0,B1,376,0,0,2,0,2,0,0.00149101996794343,test,V1007,2,0,0,1,1,2,channel_fault
0,1,2,0,synthetic-V1007-e1-channel_fault-c0-B2,0,2,0,0,0,0,0,0.13730196515098214,synthetic,25.801803027978167,synthetic-V1007-e1,0,revision_impact,5.366564110852778,0,0,0,1444,1351.0,B2,376,0,0,2,0,2,0,0.005456830142065883,test,V1007,2,0,0,1,1,2,channel_fault
0,1,2,0,synthetic-V1007-e1-channel_fault-c0-B3,0,2,0,0,0,0,0,0.013156633824110031,synthetic,30.952553929993883,synthetic-V1007-e1,0,revision_impact,5.345564764924347,0,0,0,1444,1351.0,B3,376,0,0,2,0,2,0,0.0015006100293248892,test,V1007,2,0,0,1,1,2,channel_fault
0,1,2,0,synthetic-V1007-e1-channel_fault-c0-M1,0,2,0,0,0,0,0,0.07233499782159925,synthetic,31.019254212034866,synthetic-V1007-e1,0,revision_impact,5.3636913790833205,0,0,0,1444,1351.0,M1,376,0,0,2,0,2,0,0.008594117127358913,test,V1007,2,0,0,1,1,2,channel_fault
0,1,2,0,synthetic-V1007-e1-channel_fault-c1-B0,1,2,0,0,0,0,0,0.013262741966173053,synthetic,34.3138153438922,synthetic-V1007-e1,0,revision_impact,5.466810985002667,0,0,0,1857,1381.0,B0,382,0,0,2,0,2,0,0.0016129470895975828,test,V1007,2,0,2,1,1,2,channel_fault
0,1,2,0,synthetic-V1007-e1-channel_fault-c1-B1,1,2,0,0,0,0,0,0.01688038813881576,synthetic,34.30299940309487,synthetic-V1007-e1,0,revision_impact,5.468116038944572,0,0,0,1857,1381.0,B1,382,0,0,2,0,2,0,0.0016489170957356691,test,V1007,2,0,2,1,1,2,channel_fault
0,1,2,0,synthetic-V1007-e1-channel_fault-c1-B2,1,2,0,0,0,0,0,0.10185456112958491,synthetic,39.721602192148566,synthetic-V1007-e1,0,revision_impact,5.427430860931054,0,0,0,1857,1381.0,B2,382,0,0,2,0,2,0,0.005769673967733979,test,V1007,2,0,2,1,1,2,channel_fault
0,1,2,0,synthetic-V1007-e1-channel_fault-c1-B3,1,2,0,0,0,0,0,0.024780598934739828,synthetic,40.44838017481379,synthetic-V1007-e1,0,revision_impact,5.429059946909547,0,0,0,1857,1381.0,B3,382,0,0,2,0,2,0,0.0016077770851552486,test,V1007,2,0,2,1,1,2,channel_fault
0,1,2,0,synthetic-V1007-e1-channel_fault-c1-M1,1,2,0,0,0,0,0,0.11070510279387236,synthetic,39.6273980550468,synthetic-V1007-e1,0,revision_impact,5.440428578061983,0,0,0,1857,1381.0,M1,382,0,0,2,0,2,0,0.005796372890472412,test,V1007,2,0,2,1,1,2,channel_fault
0,1,2,0,synthetic-V1007-e1-channel_fault-c2-B0,2,2,0,0,0,0,0,0.004382300889119506,synthetic,36.740689150989056,synthetic-V1007-e1,0,revision_impact,5.734861668199301,0,0,0,1863,1441.0,B0,401,0,0,2,0,2,0,0.0016985260881483555,test,V1007,2,0,4,1,1,2,channel_fault
0,1,2,0,synthetic-V1007-e1-channel_fault-c2-B1,2,2,0,0,0,0,0,0.017382679041475058,synthetic,38.48166195908561,synthetic-V1007-e1,0,revision_impact,5.656104999128729,0,0,0,1863,1441.0,B1,401,0,0,2,0,2,0,0.00172864506021142,test,V1007,2,0,4,1,1,2,channel_fault
0,1,2,0,synthetic-V1007-e1-channel_fault-c2-B2,2,2,0,0,0,0,0,0.1266180109232664,synthetic,41.31088060513139,synthetic-V1007-e1,0,revision_impact,5.715650106081739,0,0,0,1863,1441.0,B2,401,0,0,2,0,2,0,0.0059216010849922895,test,V1007,2,0,4,1,1,2,channel_fault
0,1,2,0,synthetic-V1007-e1-channel_fault-c2-B3,2,2,0,0,0,0,0,0.020118393003940582,synthetic,43.88266907306388,synthetic-V1007-e1,0,revision_impact,5.700203398009762,0,0,0,1863,1441.0,B3,401,0,0,2,0,2,0,0.0016832160763442516,test,V1007,2,0,4,1,1,2,channel_fault
0,1,2,0,synthetic-V1007-e1-channel_fault-c2-M1,2,2,0,0,0,0,0,0.14511211798526347,synthetic,42.294105226174,synthetic-V1007-e1,0,revision_impact,5.707983411150053,0,0,0,1863,1441.0,M1,401,0,0,2,0,2,0,0.008658155100420117,test,V1007,2,0,4,1,1,2,channel_fault
0,1,2,0,synthetic-V1007-e1-clean-c0-B0,0,2,0,0,0,0,0,0.009653624845668674,synthetic,5.951804767129943,synthetic-V1007-e1,0,revision_impact,5.937107153935358,0,0,0,1444,1351.0,B0,376,0,0,2,0,2,0,0.0015050589572638273,test,V1007,2,0,0,1,1,2,clean
0,1,2,0,synthetic-V1007-e1-clean-c0-B1,0,2,0,0,0,0,0,0.011288750916719437,synthetic,5.96134510403499,synthetic-V1007-e1,0,revision_impact,5.945639411918819,0,0,0,1444,1351.0,B1,376,0,0,2,0,2,0,0.0015142099000513554,test,V1007,2,0,0,1,1,2,clean
0,1,2,0,synthetic-V1007-e1-clean-c0-B2,0,2,0,0,0,0,0,0.055216551991179585,synthetic,5.9481482419651,synthetic-V1007-e1,0,revision_impact,5.884369692998007,0,0,0,1444,1351.0,B2,376,0,0,2,0,2,0,0.00548317888751626,test,V1007,2,0,0,1,1,2,clean
0,1,2,0,synthetic-V1007-e1-clean-c0-B3,0,2,0,0,0,0,0,0.011390450177714229,synthetic,11.015387689927593,synthetic-V1007-e1,0,revision_impact,5.215703204041347,0,0,0,1444,1351.0,B3,376,0,0,2,0,2,0,0.0015110787935554981,test,V1007,2,0,0,1,1,2,clean
0,1,2,0,synthetic-V1007-e1-clean-c0-M1,0,2,0,0,0,0,0,0.05374949309043586,synthetic,5.870814476162195,synthetic-V1007-e1,0,revision_impact,5.808589546009898,0,0,0,1444,1351.0,M1,376,0,0,2,0,2,0,0.005448619136586785,test,V1007,2,0,0,1,1,2,clean
0,1,2,0,synthetic-V1007-e1-clean-c1-B0,1,2,0,0,0,0,0,0.0026488271541893482,synthetic,48.44540729210712,synthetic-V1007-e1,0,revision_impact,5.356509374920279,0,0,0,1790,1381.0,B0,376,0,0,2,0,2,0,0.0015899080317467451,test,V1007,2,0,2,1,1,2,clean
0,1,2,0,synthetic-V1007-e1-clean-c1-B1,1,2,0,0,0,0,0,0.0066827049013227224,synthetic,48.8923710861709,synthetic-V1007-e1,0,revision_impact,5.290033770026639,0,0,0,1790,1381.0,B1,376,0,0,2,0,2,0,0.0015730480663478374,test,V1007,2,0,2,1,1,2,clean
0,1,2,0,synthetic-V1007-e1-clean-c1-B2,1,2,0,0,0,0,0,0.027962103951722383,synthetic,50.891225242987275,synthetic-V1007-e1,0,revision_impact,5.348510537063703,0,0,0,1790,1381.0,B2,376,0,0,2,0,2,0,0.005514528835192323,test,V1007,2,0,2,1,1,2,clean
0,1,2,0,synthetic-V1007-e1-clean-c1-B3,1,2,0,0,0,0,0,0.007239223923534155,synthetic,53.7143124199938,synthetic-V1007-e1,0,revision_impact,5.345776142086834,0,0,0,1790,1381.0,B3,376,0,0,2,0,2,0,0.0016199871897697449,test,V1007,2,0,2,1,1,2,clean
0,1,2,0,synthetic-V1007-e1-clean-c1-M1,1,2,0,0,0,0,0,0.027194999856874347,synthetic,51.81170771503821,synthetic-V1007-e1,0,revision_impact,5.4667244150768965,0,0,0,1790,1381.0,M1,376,0,0,2,0,2,0,0.005616936134174466,test,V1007,2,0,2,1,1,2,clean
0,1,2,0,synthetic-V1007-e1-clean-c2-B0,2,2,0,0,0,0,0,0.002667476190254092,synthetic,56.76156559912488,synthetic-V1007-e1,0,revision_impact,5.513735262909904,0,0,0,1790,1441.0,B0,388,0,0,2,0,2,0,0.0016339968424290419,test,V1007,2,0,4,1,1,2,clean
0,1,2,0,synthetic-V1007-e1-clean-c2-B1,2,2,0,0,0,0,0,0.006959808990359306,synthetic,62.24543823697604,synthetic-V1007-e1,0,revision_impact,5.480625113006681,0,0,0,1790,1441.0,B1,388,0,0,2,0,2,0,0.0016222079284489155,test,V1007,2,0,4,1,1,2,clean
0,1,2,0,synthetic-V1007-e1-clean-c2-B2,2,2,0,0,0,0,0,0.03828163607977331,synthetic,62.83835550700314,synthetic-V1007-e1,0,revision_impact,5.531559322029352,0,0,0,1790,1441.0,B2,388,0,0,2,0,2,0,0.00843031913973391,test,V1007,2,0,4,1,1,2,clean
0,1,2,0,synthetic-V1007-e1-clean-c2-B3,2,2,0,0,0,0,0,0.007644745986908674,synthetic,63.42999154306017,synthetic-V1007-e1,0,revision_impact,5.713919671950862,0,0,0,1790,1441.0,B3,388,0,0,2,0,2,0,0.0016296068206429482,test,V1007,2,0,4,1,1,2,clean
0,1,2,0,synthetic-V1007-e1-clean-c2-M1,2,2,0,0,0,0,0,0.0349564419593662,synthetic,62.861930809915066,synthetic-V1007-e1,0,revision_impact,5.537040391005576,0,0,0,1790,1441.0,M1,388,0,0,2,0,2,0,0.0058016430120915174,test,V1007,2,0,4,1,1,2,clean
0,1,2,0,synthetic-V1007-e1-correction-c0-B0,0,2,0,0,0,0,0,0.010674454038962722,synthetic,5.989020918030292,synthetic-V1007-e1,0,revision_impact,5.97304906998761,0,0,0,1444,1351.0,B0,376,0,0,2,0,2,0,0.001513439929112792,test,V1007,2,0,0,1,1,2,correction
0,1,2,0,synthetic-V1007-e1-correction-c0-B1,0,2,0,0,0,0,0,0.011728982906788588,synthetic,6.004973755916581,synthetic-V1007-e1,0,revision_impact,5.988553897012025,0,0,0,1444,1351.0,B1,376,0,0,2,0,2,0,0.0015082999598234892,test,V1007,2,0,0,1,1,2,correction
0,1,2,0,synthetic-V1007-e1-correction-c0-B2,0,2,0,0,0,0,0,0.05461852694861591,synthetic,5.970297405961901,synthetic-V1007-e1,0,revision_impact,5.907269787974656,0,0,0,1444,1351.0,B2,376,0,0,2,0,2,0,0.005304323043674231,test,V1007,2,0,0,1,1,2,correction
0,1,2,0,synthetic-V1007-e1-correction-c0-B3,0,2,0,0,0,0,0,0.01207882585003972,synthetic,11.056785868946463,synthetic-V1007-e1,0,revision_impact,5.219701492926106,0,0,0,1444,1351.0,B3,376,0,0,2,0,2,0,0.0015105002094060183,test,V1007,2,0,0,1,1,2,correction
0,1,2,0,synthetic-V1007-e1-correction-c0-M1,0,2,0,0,0,0,0,0.05297973100095987,synthetic,5.91806461988017,synthetic-V1007-e1,0,revision_impact,5.856367156142369,0,0,0,1444,1351.0,M1,376,0,0,2,0,2,0,0.0055887470953166485,test,V1007,2,0,0,1,1,2,correction
0,1,2,0,synthetic-V1007-e1-correction-c1-B0,1,2,0,0,0,0,1,0.002652697032317519,synthetic,56.73190502403304,synthetic-V1007-e1,0,revision_impact,5.3420460731722414,0,0,0,1790,1381.0,B0,376,0,0,2,0,2,1,0.0015869769267737865,test,V1007,2,0,1,1,1,2,correction
0,1,2,0,synthetic-V1007-e1-correction-c1-B1,1,2,0,0,1,1,1,0.0075135789811611176,synthetic,58.78136489796452,synthetic-V1007-e1,0,revision_impact,5.265147776110098,0,0,0,1790,1381.0,B1,376,0,0,2,0,2,0,0.001591088017448783,test,V1007,2,0,1,1,1,2,correction
0,1,2,0,synthetic-V1007-e1-correction-c1-B2,1,2,0,0,1,1,1,0.03249403415247798,synthetic,59.433010498061776,synthetic-V1007-e1,0,revision_impact,5.289251738926396,0,0,0,1790,1381.0,B2,376,0,0,2,0,2,0,0.005691305035725236,test,V1007,2,0,1,1,1,2,correction
0,1,2,0,synthetic-V1007-e1-correction-c1-B3,1,2,0,0,1,1,1,0.007987379096448421,synthetic,61.92798945493996,synthetic-V1007-e1,0,revision_impact,5.284391456982121,0,0,0,1790,1381.0,B3,376,0,0,2,0,2,0,0.0016093871090561152,test,V1007,2,0,1,1,1,2,correction
0,1,2,0,synthetic-V1007-e1-correction-c1-M1,1,2,0,0,1,1,1,0.0328725459985435,synthetic,60.68739242688753,synthetic-V1007-e1,0,revision_impact,5.391640841029584,0,0,0,1790,1381.0,M1,376,0,0,2,0,2,0,0.005688544828444719,test,V1007,2,0,1,1,1,2,correction
0,1,2,0,synthetic-V1007-e1-correction-c2-B0,2,2,0,0,0,0,1,0.004766053985804319,synthetic,60.764831664040685,synthetic-V1007-e1,0,revision_impact,5.551702289143577,0,0,0,1790,1441.0,B0,388,0,0,2,0,2,1,0.0028295929078012705,test,V1007,2,0,3,1,1,2,correction
0,1,2,0,synthetic-V1007-e1-correction-c2-B1,2,2,0,0,1,1,1,0.00845258915796876,synthetic,61.52925087697804,synthetic-V1007-e1,0,revision_impact,5.481062955223024,0,0,0,1790,1441.0,B1,388,0,0,2,0,2,0,0.001691125798970461,test,V1007,2,0,3,1,1,2,correction
0,1,2,0,synthetic-V1007-e1-correction-c2-B2,2,2,0,0,1,1,1,0.03673093905672431,synthetic,63.23881805408746,synthetic-V1007-e1,0,revision_impact,5.502408373868093,0,0,0,1790,1441.0,B2,388,0,0,2,0,2,0,0.00610949588008225,test,V1007,2,0,3,1,1,2,correction
0,1,2,0,synthetic-V1007-e1-correction-c2-B3,2,2,0,0,1,1,1,0.008455828996375203,synthetic,66.91259137517773,synthetic-V1007-e1,0,revision_impact,5.4696562248282135,0,0,0,1790,1441.0,B3,388,0,0,2,0,2,0,0.0016730469651520252,test,V1007,2,0,3,1,1,2,correction
0,1,2,0,synthetic-V1007-e1-correction-c2-M1,2,2,0,0,1,1,1,0.03976979595609009,synthetic,66.1915409960784,synthetic-V1007-e1,0,revision_impact,5.481393878813833,0,0,0,1790,1441.0,M1,388,0,0,2,0,2,0,0.005844752071425319,test,V1007,2,0,3,1,1,2,correction
0,0,1,1,synthetic-V1007-e1-delayed-c0-B0,0,2,1,0,0,0,0,0.008988127810880542,synthetic,26.14838890894316,synthetic-V1007-e1,0,revision_impact,5.4545550409238786,0,0,0,1326,1351.0,B0,382,0,0,2,0,2,0,0.001505299936980009,test,V1007,1,0,0,1,1,1,delayed
0,0,1,0,synthetic-V1007-e1-delayed-c0-B1,0,1,0,0,0,0,0,0.010917979991063476,synthetic,35.93130983202718,synthetic-V1007-e1,0,revision_impact,10.626484537962824,0,0,0,3065,1351.0,B1,764,0,1,1,1,2,0,0.0015177489258348942,test,V1007,1,0,0,1,1,1,delayed
0,0,1,0,synthetic-V1007-e1-delayed-c0-B2,0,1,0,0,0,0,0,0.05440699099563062,synthetic,36.30117151280865,synthetic-V1007-e1,0,revision_impact,10.977898800978437,0,0,0,3065,1351.0,B2,764,0,1,1,1,2,0,0.0053813711274415255,test,V1007,1,0,0,1,1,1,delayed
0,0,1,0,synthetic-V1007-e1-delayed-c0-B3,0,1,0,0,0,0,0,0.011173673905432224,synthetic,36.7238500979729,synthetic-V1007-e1,0,revision_impact,10.719278874108568,0,0,0,3065,1351.0,B3,764,0,1,1,1,2,0,0.0014958700630813837,test,V1007,1,0,0,1,1,1,delayed
0,0,1,0,synthetic-V1007-e1-delayed-c0-M1,0,1,0,0,0,0,0,0.05915146600455046,synthetic,36.257610502885655,synthetic-V1007-e1,0,revision_impact,10.988551495829597,0,0,0,3065,1351.0,M1,764,0,1,1,1,2,0,0.0073441010899841785,test,V1007,1,0,0,1,1,1,delayed
0,0,1,1,synthetic-V1007-e1-delayed-c1-B0,1,2,1,0,0,0,0,0.0020343291107565165,synthetic,25.604742247145623,synthetic-V1007-e1,0,revision_impact,5.349950612988323,0,0,1,1657,1381.0,B0,382,0,0,2,0,2,0,0.001583457924425602,test,V1007,1,0,1,1,1,1,delayed
0,0,1,0,synthetic-V1007-e1-delayed-c1-B1,1,1,0,0,0,0,0,0.0038760320749133825,synthetic,35.74817135091871,synthetic-V1007-e1,0,revision_impact,10.726463998202235,0,0,0,3727,1381.0,B1,764,0,1,1,1,2,0,0.0015834979712963104,test,V1007,1,0,1,1,1,1,delayed
0,0,1,0,synthetic-V1007-e1-delayed-c1-B2,1,1,0,0,0,0,0,0.012687762966379523,synthetic,35.87683216203004,synthetic-V1007-e1,0,revision_impact,10.79356384393759,0,0,0,3727,1381.0,B2,764,0,1,1,1,2,0,0.0055082791950553656,test,V1007,1,0,1,1,1,1,delayed
0,0,1,0,synthetic-V1007-e1-delayed-c1-B3,1,1,0,0,0,0,0,0.0039051908534020185,synthetic,36.38855270901695,synthetic-V1007-e1,0,revision_impact,10.818256205879152,0,0,0,3727,1381.0,B3,764,0,1,1,1,2,0,0.0015708981081843376,test,V1007,1,0,1,1,1,1,delayed
0,0,1,0,synthetic-V1007-e1-delayed-c1-M1,1,1,0,0,0,0,0,0.011506128124892712,synthetic,36.34217524481937,synthetic-V1007-e1,0,revision_impact,11.21516991010867,0,0,0,3727,1381.0,M1,764,0,1,1,1,2,0,0.005722923902794719,test,V1007,1,0,1,1,1,1,delayed
0,1,2,0,synthetic-V1007-e1-delayed-c2-B0,2,2,0,0,0,0,0,0.004399791127070785,synthetic,21.21258412115276,synthetic-V1007-e1,0,revision_impact,5.688223842065781,0,0,2,1775,1441.0,B0,401,0,0,2,0,2,0,0.0028665028512477875,test,V1007,2,0,2,1,1,2,delayed
0,1,2,0,synthetic-V1007-e1-delayed-c2-B1,2,2,0,0,0,0,0,0.00514584593474865,synthetic,25.463297703070566,synthetic-V1007-e1,0,revision_impact,5.634647253900766,0,0,0,1775,1441.0,B1,401,0,0,2,0,2,0,0.0016434269491583109,test,V1007,2,0,2,1,1,2,delayed
0,1,2,0,synthetic-V1007-e1-delayed-c2-B2,2,2,0,0,0,0,0,0.01716896309517324,synthetic,25.489832347026095,synthetic-V1007-e1,0,revision_impact,5.6269645791035146,0,0,0,1775,1441.0,B2,401,0,0,2,0,2,0,0.005657556001096964,test,V1007,2,0,2,1,1,2,delayed
0,1,2,0,synthetic-V1007-e1-delayed-c2-B3,2,2,0,0,0,0,0,0.004531678976491094,synthetic,26.5847237969283,synthetic-V1007-e1,0,revision_impact,5.518103507114574,0,0,0,1775,1441.0,B3,401,0,0,2,0,2,0,0.001615636982023716,test,V1007,2,0,2,1,1,2,delayed
0,1,2,0,synthetic-V1007-e1-delayed-c2-M1,2,2,0,0,0,0,0,0.015714972047135234,synthetic,25.972151456866413,synthetic-V1007-e1,0,revision_impact,5.619389921193942,0,0,0,1775,1441.0,M1,401,0,0,2,0,2,0,0.005594067042693496,test,V1007,2,0,2,1,1,2,delayed
0,1,2,1,synthetic-V1008-e0-channel_fault-c0-B0,0,3,2,0,0,0,0,0.010240132920444012,synthetic,10.237435619113967,synthetic-V1008-e0,0,conflict_timing,10.221330014057457,0,0,0,1400,451.0,B0,684,0,0,4,0,2,0,0.0015004801098257303,test,V1008,1,0,0,0,1,1,channel_fault
0,1,2,0,synthetic-V1008-e0-channel_fault-c0-B1,0,1,0,0,0,0,0,0.012459527933970094,synthetic,19.932966216932982,synthetic-V1008-e0,0,conflict_timing,19.91350211109966,0,0,0,3514,451.0,B1,1368,0,1,1,1,2,0,0.0015172900166362524,test,V1008,1,0,0,0,1,1,channel_fault
0,1,2,0,synthetic-V1008-e0-channel_fault-c0-B2,0,1,0,0,0,0,0,0.05450981808826327,synthetic,19.921067357994616,synthetic-V1008-e0,0,conflict_timing,19.856475763954222,0,0,0,3514,451.0,B2,1368,0,1,1,1,2,0,0.005379381822422147,test,V1008,1,0,0,0,1,1,channel_fault
0,1,2,0,synthetic-V1008-e0-channel_fault-c0-B3,0,1,0,0,0,0,0,0.01151226693764329,synthetic,29.56309000821784,synthetic-V1008-e0,0,conflict_timing,19.473553661024198,0,0,0,3515,451.0,B3,1372,0,1,1,1,2,0,0.0015118198934942484,test,V1008,1,0,0,0,1,1,channel_fault
0,1,2,0,synthetic-V1008-e0-channel_fault-c0-M1,0,1,0,0,0,0,0,0.05267367581836879,synthetic,19.835415269015357,synthetic-V1008-e0,0,conflict_timing,19.770882203010842,0,0,0,3514,451.0,M1,1368,0,1,1,1,2,0,0.0060815170872956514,test,V1008,1,0,0,0,1,1,channel_fault
0,1,2,1,synthetic-V1008-e0-channel_fault-c1-B0,1,3,2,0,0,0,1,0.012157075107097626,synthetic,36.69161055190489,synthetic-V1008-e0,0,conflict_timing,9.677231068955734,0,0,2,1480,481.0,B0,690,0,0,4,0,2,1,0.0016301770228892565,test,V1008,1,0,0,0,1,1,channel_fault
0,1,2,0,synthetic-V1008-e0-channel_fault-c1-B1,1,1,0,0,1,1,1,0.016898907953873277,synthetic,48.858087287982926,synthetic-V1008-e0,0,conflict_timing,19.655511924996972,0,0,0,3690,481.0,B1,1400,0,1,1,1,2,0,0.0016371570527553558,test,V1008,1,0,0,0,1,1,channel_fault
0,1,2,0,synthetic-V1008-e0-channel_fault-c1-B2,1,1,0,0,1,1,1,0.1024386000353843,synthetic,49.43172852508724,synthetic-V1008-e0,0,conflict_timing,19.67620412586257,0,0,0,3690,481.0,B2,1400,0,1,1,1,2,0,0.006265972973778844,test,V1008,1,0,0,0,1,1,channel_fault
0,1,2,0,synthetic-V1008-e0-channel_fault-c1-B3,1,1,0,0,1,1,1,0.017782639944925904,synthetic,56.15794349019416,synthetic-V1008-e0,0,conflict_timing,19.726573618128896,0,0,0,3690,481.0,B3,1400,0,1,1,1,2,0,0.0016271381173282862,test,V1008,1,0,0,0,1,1,channel_fault
0,1,2,0,synthetic-V1008-e0-channel_fault-c1-M1,1,1,0,0,1,1,1,0.11935406806878746,synthetic,51.794336220948026,synthetic-V1008-e0,0,conflict_timing,19.86508089886047,0,0,0,3690,481.0,M1,1400,0,1,1,1,2,0,0.005715613951906562,test,V1008,1,0,0,0,1,1,channel_fault
0,1,2,1,synthetic-V1008-e0-channel_fault-c2-B0,2,3,2,0,0,0,1,0.005017397925257683,synthetic,41.453135458985344,synthetic-V1008-e0,0,conflict_timing,9.819189860019833,0,0,4,1480,541.0,B0,690,0,0,4,0,2,1,0.0017819639761000872,test,V1008,1,0,1,0,1,1,channel_fault
0,1,2,0,synthetic-V1008-e0-channel_fault-c2-B1,2,1,0,0,1,1,1,0.018669802928343415,synthetic,52.08876161114313,synthetic-V1008-e0,0,conflict_timing,19.489912511082366,0,0,0,3681,541.0,B1,1383,0,1,1,1,2,0,0.0017742940690368414,test,V1008,1,0,1,0,1,1,channel_fault
0,1,2,0,synthetic-V1008-e0-channel_fault-c2-B2,2,1,0,0,1,1,1,0.14463842706754804,synthetic,52.22730182111263,synthetic-V1008-e0,0,conflict_timing,19.46935786586255,0,0,0,3679,541.0,B2,1380,0,1,1,1,2,0,0.006020217901095748,test,V1008,1,0,1,0,1,1,channel_fault
0,1,2,0,synthetic-V1008-e0-channel_fault-c2-B3,2,1,0,0,1,1,1,0.02677619899623096,synthetic,60.662658056942746,synthetic-V1008-e0,0,conflict_timing,19.540404041064903,0,0,0,3681,541.0,B3,1383,0,1,1,1,2,0,0.001735595054924488,test,V1008,1,0,1,0,1,1,channel_fault
0,1,2,0,synthetic-V1008-e0-channel_fault-c2-M1,2,1,0,0,1,1,1,0.15326806204393506,synthetic,54.97219790215604,synthetic-V1008-e0,0,conflict_timing,19.648061654763296,0,0,0,3679,541.0,M1,1380,0,1,1,1,2,0,0.009857431054115295,test,V1008,1,0,1,0,1,1,channel_fault
0,1,2,1,synthetic-V1008-e0-clean-c0-B0,0,3,2,0,0,0,0,0.008999628014862537,synthetic,32.81044515199028,synthetic-V1008-e0,0,conflict_timing,9.79810758586973,0,0,0,1400,451.0,B0,700,0,0,4,0,2,0,0.0014888299629092216,test,V1008,1,0,0,0,1,1,clean
0,1,2,0,synthetic-V1008-e0-clean-c0-B1,0,1,0,0,0,0,0,0.06882065697573125,synthetic,45.17908510589041,synthetic-V1008-e0,0,conflict_timing,19.225571242859587,0,0,0,3514,451.0,B1,1368,0,1,1,1,2,0,0.0016032678540796041,test,V1008,1,0,0,0,1,1,clean
0,1,2,0,synthetic-V1008-e0-clean-c0-B2,0,1,0,0,0,0,0,0.03922368586063385,synthetic,45.11972513701767,synthetic-V1008-e0,0,conflict_timing,19.224425025982782,0,0,0,3514,451.0,B2,1368,0,1,1,1,2,0,0.005253393901512027,test,V1008,1,0,0,0,1,1,clean
0,1,2,0,synthetic-V1008-e0-clean-c0-B3,0,1,0,0,0,0,0,0.011438918998464942,synthetic,51.987210903083906,synthetic-V1008-e0,0,conflict_timing,19.338744702981785,0,0,0,3514,451.0,B3,1368,0,1,1,1,2,0,0.0015217890031635761,test,V1008,1,0,0,0,1,1,clean
0,1,2,0,synthetic-V1008-e0-clean-c0-M1,0,1,0,0,0,0,0,0.03697124216705561,synthetic,47.39035209501162,synthetic-V1008-e0,0,conflict_timing,19.39782441686839,0,0,0,3514,451.0,M1,1368,0,1,1,1,2,0,0.005234224023297429,test,V1008,1,0,0,0,1,1,clean
0,1,2,1,synthetic-V1008-e0-clean-c1-B0,1,3,2,0,0,0,0,0.0026819549966603518,synthetic,27.879161451011896,synthetic-V1008-e0,0,conflict_timing,9.588893880136311,0,0,2,1419,481.0,B0,684,0,0,4,0,2,0,0.0016293071676045656,test,V1008,1,0,1,0,1,1,clean
0,1,2,0,synthetic-V1008-e0-clean-c1-B1,1,1,0,0,0,0,0,0.0067105540074408054,synthetic,39.317500011995435,synthetic-V1008-e0,0,conflict_timing,19.222934396006167,0,0,0,3552,481.0,B1,1368,0,1,1,1,2,0,0.0015824278816580772,test,V1008,1,0,1,0,1,1,clean
0,1,2,0,synthetic-V1008-e0-clean-c1-B2,1,1,0,0,0,0,0,0.027406194945797324,synthetic,39.921931789955124,synthetic-V1008-e0,0,conflict_timing,19.281564028933644,0,0,0,3552,481.0,B2,1368,0,1,1,1,2,0,0.005548187997192144,test,V1008,1,0,1,0,1,1,clean
0,1,2,0,synthetic-V1008-e0-clean-c1-B3,1,1,0,0,0,0,0,0.007809662027284503,synthetic,47.13771606585942,synthetic-V1008-e0,0,conflict_timing,19.333986778976396,0,0,0,3552,481.0,B3,1368,0,1,1,1,2,0,0.001536139054223895,test,V1008,1,0,1,0,1,1,clean
0,1,2,0,synthetic-V1008-e0-clean-c1-M1,1,1,0,0,0,0,0,0.028239818988367915,synthetic,42.22063517780043,synthetic-V1008-e0,0,conflict_timing,19.400479342788458,0,0,0,3552,481.0,M1,1368,0,1,1,1,2,0,0.005510337883606553,test,V1008,1,0,1,0,1,1,clean
0,1,2,1,synthetic-V1008-e0-clean-c2-B0,2,3,2,0,0,0,0,0.006056758109480143,synthetic,28.002368137938902,synthetic-V1008-e0,0,conflict_timing,9.575483230873942,0,0,4,1419,541.0,B0,684,0,0,4,0,2,0,0.004174655070528388,test,V1008,1,0,2,0,1,1,clean
0,1,2,0,synthetic-V1008-e0-clean-c2-B1,2,1,0,0,0,0,0,0.015852630138397217,synthetic,38.98501658113673,synthetic-V1008-e0,0,conflict_timing,19.20770007511601,0,0,0,3552,541.0,B1,1368,0,1,1,1,2,0,0.0034476211294531822,test,V1008,1,0,2,0,1,1,clean
0,1,2,0,synthetic-V1008-e0-clean-c2-B2,2,1,0,0,0,0,0,0.044182226061820984,synthetic,39.18108121305704,synthetic-V1008-e0,0,conflict_timing,19.199770224979147,0,0,0,3552,541.0,B2,1368,0,1,1,1,2,0,0.009349810192361474,test,V1008,1,0,2,0,1,1,clean
0,1,2,0,synthetic-V1008-e0-clean-c2-B3,2,1,0,0,0,0,0,0.007631225045770407,synthetic,46.42829086398706,synthetic-V1008-e0,0,conflict_timing,18.560180437983945,0,0,0,3552,541.0,B3,1368,0,1,1,1,2,0,0.0016280470881611109,test,V1008,1,0,2,0,1,1,clean
0,1,2,0,synthetic-V1008-e0-clean-c2-M1,2,1,0,0,0,0,0,0.046498739160597324,synthetic,42.21640861406922,synthetic-V1008-e0,0,conflict_timing,19.062177198939025,0,0,0,3552,541.0,M1,1368,0,1,1,1,2,0,0.009403889067471027,test,V1008,1,0,2,0,1,1,clean
0,1,2,1,synthetic-V1008-e0-correction-c0-B0,0,3,2,0,0,0,0,0.009354839101433754,synthetic,25.4647887959145,synthetic-V1008-e0,0,conflict_timing,9.884867961984128,0,0,0,1400,451.0,B0,700,0,0,4,0,2,0,0.0014907100703567266,test,V1008,1,0,0,0,1,1,correction
0,1,2,0,synthetic-V1008-e0-correction-c0-B1,0,1,0,0,0,0,0,0.011090202955529094,synthetic,35.43306277692318,synthetic-V1008-e0,0,conflict_timing,19.848325602011755,0,0,0,3530,451.0,B1,1400,0,1,1,1,2,0,0.0014915999490767717,test,V1008,1,0,0,0,1,1,correction
0,1,2,0,synthetic-V1008-e0-correction-c0-B2,0,1,0,0,0,0,0,0.05404906696639955,synthetic,35.39959558984265,synthetic-V1008-e0,0,conflict_timing,19.82731922995299,0,0,0,3530,451.0,B2,1400,0,1,1,1,2,0,0.0056716641411185265,test,V1008,1,0,0,0,1,1,correction
0,1,2,0,synthetic-V1008-e0-correction-c0-B3,0,1,0,0,0,0,0,0.011237989878281951,synthetic,44.75234456709586,synthetic-V1008-e0,0,conflict_timing,19.419100678293034,0,0,0,3514,451.0,B3,1368,0,1,1,1,2,0,0.001503760227933526,test,V1008,1,0,0,0,1,1,correction
0,1,2,0,synthetic-V1008-e0-correction-c0-M1,0,1,0,0,0,0,0,0.05568670388311148,synthetic,42.555661829188466,synthetic-V1008-e0,0,conflict_timing,19.51004868070595,0,0,0,3514,451.0,M1,1368,0,1,1,1,2,0,0.005633105058223009,test,V1008,1,0,0,0,1,1,correction
0,1,2,1,synthetic-V1008-e0-correction-c1-B0,1,3,2,0,0,0,1,0.005921679083257914,synthetic,37.30149297299795,synthetic-V1008-e0,0,conflict_timing,9.695127160986885,0,0,2,1419,481.0,B0,690,0,0,4,0,2,1,0.003996809013187885,test,V1008,1,0,0,0,1,1,correction
0,1,2,0,synthetic-V1008-e0-correction-c1-B1,1,1,0,0,1,1,1,0.01649403409101069,synthetic,47.831107683014125,synthetic-V1008-e0,0,conflict_timing,19.531258421950042,0,0,0,3561,481.0,B1,1388,0,1,1,1,2,0,0.003922770032659173,test,V1008,1,0,0,0,1,1,correction
0,1,2,0,synthetic-V1008-e0-correction-c1-B2,1,1,0,0,1,1,1,0.06616983003914356,synthetic,51.04720552498475,synthetic-V1008-e0,0,conflict_timing,19.587309828726575,0,0,0,3561,481.0,B2,1388,0,1,1,1,2,0,0.008868999080732465,test,V1008,1,0,0,0,1,1,correction
0,1,2,0,synthetic-V1008-e0-correction-c1-B3,1,1,0,0,1,1,1,0.0073784999549388885,synthetic,56.781338813947514,synthetic-V1008-e0,0,conflict_timing,19.6244457103312,0,0,0,3561,481.0,B3,1388,0,1,1,1,2,0,0.0015734781045466661,test,V1008,1,0,0,0,1,1,correction
0,1,2,0,synthetic-V1008-e0-correction-c1-M1,1,1,0,0,1,1,1,0.03553552506491542,synthetic,54.754546869080514,synthetic-V1008-e0,0,conflict_timing,19.71480102604255,0,0,0,3561,481.0,M1,1388,0,1,1,1,2,0,0.005837010918185115,test,V1008,1,0,0,0,1,1,correction
0,1,2,1,synthetic-V1008-e0-correction-c2-B0,2,3,2,0,0,0,1,0.0032172640785574913,synthetic,36.503925113007426,synthetic-V1008-e0,0,conflict_timing,9.606841061962768,0,0,4,1419,541.0,B0,684,0,0,4,0,2,1,0.001668666023761034,test,V1008,1,0,1,0,1,1,correction
0,1,2,0,synthetic-V1008-e0-correction-c2-B1,2,1,0,0,1,1,1,0.008946147048845887,synthetic,47.6505636300426,synthetic-V1008-e0,0,conflict_timing,19.253456712001935,0,0,0,3552,541.0,B1,1368,0,1,1,1,2,0,0.0016383070033043623,test,V1008,1,0,1,0,1,1,correction
0,1,2,0,synthetic-V1008-e0-correction-c2-B2,2,1,0,0,1,1,1,0.06268355017527938,synthetic,51.61484684096649,synthetic-V1008-e0,0,conflict_timing,19.315694780787453,0,0,0,3552,541.0,B2,1368,0,1,1,1,2,0,0.01011729403398931,test,V1008,1,0,1,0,1,1,correction
0,1,2,0,synthetic-V1008-e0-correction-c2-B3,2,1,0,0,1,1,1,0.013138902140781283,synthetic,55.69152698898688,synthetic-V1008-e0,0,conflict_timing,19.32676055491902,0,0,0,3552,541.0,B3,1368,0,1,1,1,2,0,0.001650327118113637,test,V1008,1,0,1,0,1,1,correction
0,1,2,0,synthetic-V1008-e0-correction-c2-M1,2,1,0,0,1,1,1,0.052323991898447275,synthetic,52.08685293816961,synthetic-V1008-e0,0,conflict_timing,19.317951566074044,0,0,0,3552,541.0,M1,1368,0,1,1,1,2,0,0.009883038001134992,test,V1008,1,0,1,0,1,1,correction
0,0,0,1,synthetic-V1008-e0-delayed-c0-B0,0,3,3,0,0,0,0,0.00956499483436346,synthetic,28.76645108917728,synthetic-V1008-e0,0,conflict_timing,7.832394359866157,0,0,0,1287,451.0,B0,548,0,0,4,0,2,0,0.0014970498159527779,test,V1008,0,0,0,0,0,0,delayed
1,0,0,0,synthetic-V1008-e0-delayed-c0-B1,0,0,0,0,0,0,0,0.016712849028408527,synthetic,36.263853249838576,synthetic-V1008-e0,0,conflict_timing,15.315272066975012,0,0,0,3161,451.0,B1,1082,0,0,0,1,2,0,0.002115705981850624,test,V1008,0,0,0,0,0,0,delayed
1,0,0,0,synthetic-V1008-e0-delayed-c0-B2,0,0,0,0,0,0,0,0.08548789494670928,synthetic,36.25806665793061,synthetic-V1008-e0,0,conflict_timing,15.32709878613241,0,0,0,3161,451.0,B2,1082,0,0,0,1,2,0,0.011393537046387792,test,V1008,0,0,0,0,0,0,delayed
1,0,0,0,synthetic-V1008-e0-delayed-c0-B3,0,0,0,0,0,0,0,0.017000812804326415,synthetic,46.28213219088502,synthetic-V1008-e0,0,conflict_timing,15.396452523069456,0,0,0,3161,451.0,B3,1082,0,0,0,1,2,0,0.0015074389521032572,test,V1008,0,0,0,0,0,0,delayed
1,0,0,0,synthetic-V1008-e0-delayed-c0-M1,0,0,0,0,0,0,0,0.08745145495049655,synthetic,43.853641364956275,synthetic-V1008-e0,0,conflict_timing,15.205595566891134,0,0,0,3161,451.0,M1,1082,0,0,0,1,2,0,0.009194272104650736,test,V1008,0,0,0,0,0,0,delayed
0,0,0,1,synthetic-V1008-e0-delayed-c1-B0,1,3,3,0,0,0,0,0.0020335279405117035,synthetic,45.4652697481215,synthetic-V1008-e0,0,conflict_timing,7.602823909139261,0,0,3,1287,481.0,B0,541,0,0,4,0,2,0,0.0016132169403135777,test,V1008,0,0,0,0,0,0,delayed
1,0,0,0,synthetic-V1008-e0-delayed-c1-B1,1,0,0,0,0,0,0,0.003870890010148287,synthetic,54.68144316598773,synthetic-V1008-e0,0,conflict_timing,15.224667160306126,0,0,0,3161,481.0,B1,1082,0,0,0,1,2,0,0.0015531291719526052,test,V1008,0,0,0,0,0,0,delayed
1,0,0,0,synthetic-V1008-e0-delayed-c1-B2,1,0,0,0,0,0,0,0.012602012138813734,synthetic,59.05822469294071,synthetic-V1008-e0,0,conflict_timing,15.298429914051667,0,0,0,3161,481.0,B2,1082,0,0,0,1,2,0,0.005558836972340941,test,V1008,0,0,0,0,0,0,delayed
1,0,0,0,synthetic-V1008-e0-delayed-c1-B3,1,0,0,0,0,0,0,0.0036397660151124,synthetic,62.892660243902355,synthetic-V1008-e0,0,conflict_timing,15.419843816198409,0,0,0,3161,481.0,B3,1082,0,0,0,1,2,0,0.0015268288552761078,test,V1008,0,0,0,0,0,0,delayed
1,0,0,0,synthetic-V1008-e0-delayed-c1-M1,1,0,0,0,0,0,0,0.012444475898519158,synthetic,60.73492111894302,synthetic-V1008-e0,0,conflict_timing,15.287147004157305,0,0,0,3161,481.0,M1,1082,0,0,0,1,2,0,0.005651184823364019,test,V1008,0,0,0,0,0,0,delayed
0,1,2,1,synthetic-V1008-e0-delayed-c2-B0,2,3,2,0,0,0,0,0.003393020946532488,synthetic,43.902396271936595,synthetic-V1008-e0,0,conflict_timing,7.9929713441524655,0,0,6,1400,541.0,B0,568,0,0,4,0,2,0,0.0016924149822443724,test,V1008,1,0,0,0,1,1,delayed
0,1,2,0,synthetic-V1008-e0-delayed-c2-B1,2,1,0,0,0,0,0,0.004664094187319279,synthetic,54.141507094027475,synthetic-V1008-e0,0,conflict_timing,15.950756645062938,0,0,0,3398,541.0,B1,1136,0,1,1,1,2,0,0.0015447090845555067,test,V1008,1,0,0,0,1,1,delayed
0,1,2,0,synthetic-V1008-e0-delayed-c2-B2,2,1,0,0,0,0,0,0.017845494905486703,synthetic,58.0521999578923,synthetic-V1008-e0,0,conflict_timing,16.018738976912573,0,0,0,3398,541.0,B2,1136,0,1,1,1,2,0,0.005619806004688144,test,V1008,1,0,0,0,1,1,delayed
0,1,2,0,synthetic-V1008-e0-delayed-c2-B3,2,1,0,0,0,0,0,0.0044804580975323915,synthetic,59.89767139800824,synthetic-V1008-e0,0,conflict_timing,16.042474552057683,0,0,0,3398,541.0,B3,1136,0,1,1,1,2,0,0.0015414189547300339,test,V1008,1,0,0,0,1,1,delayed
0,1,2,0,synthetic-V1008-e0-delayed-c2-M1,2,1,0,0,0,0,0,0.015709368977695704,synthetic,58.85346060898155,synthetic-V1008-e0,0,conflict_timing,16.025381492218003,0,0,0,3398,541.0,M1,1136,0,1,1,1,2,0,0.006103354971855879,test,V1008,1,0,0,0,1,1,delayed
0,1,2,0,synthetic-V1008-e1-channel_fault-c0-B0,0,2,0,0,0,0,0,0.00922666396945715,synthetic,38.90555484010838,synthetic-V1008-e1,0,evidence_sufficiency,5.195430743973702,0,0,0,1433,1351.0,B0,365,0,0,2,0,2,0,0.0015082398895174265,test,V1008,2,0,0,1,1,2,channel_fault
0,1,2,0,synthetic-V1008-e1-channel_fault-c0-B1,0,2,0,0,0,0,0,0.011439519003033638,synthetic,43.989930236013606,synthetic-V1008-e1,0,evidence_sufficiency,5.08900298201479,0,0,0,1433,1351.0,B1,365,0,0,2,0,2,0,0.0015436189714819193,test,V1008,2,0,0,1,1,2,channel_fault
0,1,2,0,synthetic-V1008-e1-channel_fault-c0-B2,0,2,0,0,0,0,0,0.055939249927178025,synthetic,44.603700110921636,synthetic-V1008-e1,0,evidence_sufficiency,5.114276392152533,0,0,0,1433,1351.0,B2,365,0,0,2,0,2,0,0.005944670177996159,test,V1008,2,0,0,1,1,2,channel_fault
0,1,2,0,synthetic-V1008-e1-channel_fault-c0-B3,0,2,0,0,0,0,0,0.01155784702859819,synthetic,46.30713064293377,synthetic-V1008-e1,0,evidence_sufficiency,5.177521624136716,0,0,0,1433,1351.0,B3,365,0,0,2,0,2,0,0.0015720180235803127,test,V1008,2,0,0,1,1,2,channel_fault
0,1,2,0,synthetic-V1008-e1-channel_fault-c0-M1,0,2,0,0,0,0,0,0.053753565065562725,synthetic,46.2426962540485,synthetic-V1008-e1,0,evidence_sufficiency,5.0984296021051705,0,0,0,1433,1351.0,M1,365,0,0,2,0,2,0,0.00548361917026341,test,V1008,2,0,0,1,1,2,channel_fault
0,1,2,0,synthetic-V1008-e1-channel_fault-c1-B0,1,2,0,0,0,0,1,0.004381271079182625,synthetic,44.103737177094445,synthetic-V1008-e1,0,evidence_sufficiency,5.274144174065441,0,0,0,1521,1381.0,B0,371,0,0,2,0,2,1,0.0016312170773744583,test,V1008,2,0,1,1,1,2,channel_fault
0,1,2,0,synthetic-V1008-e1-channel_fault-c1-B1,1,2,0,0,1,1,1,0.01720888284035027,synthetic,48.46144702890888,synthetic-V1008-e1,0,evidence_sufficiency,5.158570208121091,0,0,0,1521,1381.0,B1,371,0,0,2,0,2,0,0.0016516060568392277,test,V1008,2,0,1,1,1,2,channel_fault
0,1,2,0,synthetic-V1008-e1-channel_fault-c1-B2,1,2,0,0,1,1,1,0.09029091708362103,synthetic,49.26258136006072,synthetic-V1008-e1,0,evidence_sufficiency,5.17912514298223,0,0,0,1521,1381.0,B2,371,0,0,2,0,2,0,0.005793952848762274,test,V1008,2,0,1,1,1,2,channel_fault
0,1,2,0,synthetic-V1008-e1-channel_fault-c1-B3,1,2,0,0,1,1,1,0.01914131292141974,synthetic,50.966705936938524,synthetic-V1008-e1,0,evidence_sufficiency,5.257926281075925,0,0,0,1521,1381.0,B3,371,0,0,2,0,2,0,0.0016340368892997503,test,V1008,2,0,1,1,1,2,channel_fault
0,1,2,0,synthetic-V1008-e1-channel_fault-c1-M1,1,2,0,0,1,1,1,0.10322868498042226,synthetic,50.4116601459682,synthetic-V1008-e1,0,evidence_sufficiency,5.179216760909185,0,0,0,1521,1381.0,M1,371,0,0,2,0,2,0,0.0058496620040386915,test,V1008,2,0,1,1,1,2,channel_fault
0,1,2,0,synthetic-V1008-e1-channel_fault-c2-B0,2,2,0,0,0,0,1,0.011362520046532154,synthetic,32.138510113814846,synthetic-V1008-e1,0,evidence_sufficiency,5.288807308068499,0,0,0,1521,1441.0,B0,371,0,0,2,0,2,1,0.0017068961169570684,test,V1008,2,0,3,1,1,2,channel_fault
0,1,2,0,synthetic-V1008-e1-channel_fault-c2-B1,2,2,0,0,1,1,1,0.019557015039026737,synthetic,35.17624034010805,synthetic-V1008-e1,0,evidence_sufficiency,5.192571262130514,0,0,0,1521,1441.0,B1,371,0,0,2,0,2,0,0.001737375045195222,test,V1008,2,0,3,1,1,2,channel_fault
0,1,2,0,synthetic-V1008-e1-channel_fault-c2-B2,2,2,0,0,1,1,1,0.13992348406463861,synthetic,35.71172758587636,synthetic-V1008-e1,0,evidence_sufficiency,5.1656355750747025,0,0,0,1521,1441.0,B2,371,0,0,2,0,2,0,0.010562187060713768,test,V1008,2,0,3,1,1,2,channel_fault
0,1,2,0,synthetic-V1008-e1-channel_fault-c2-B3,2,2,0,0,1,1,1,0.023023944813758135,synthetic,37.7631481399294,synthetic-V1008-e1,0,evidence_sufficiency,4.940705167129636,0,0,0,1521,1441.0,B3,371,0,0,2,0,2,0,0.0017563148867338896,test,V1008,2,0,3,1,1,2,channel_fault
0,1,2,0,synthetic-V1008-e1-channel_fault-c2-M1,2,2,0,0,1,1,1,0.17430115002207458,synthetic,37.012243004050106,synthetic-V1008-e1,0,evidence_sufficiency,5.056313382927328,0,0,0,1521,1441.0,M1,371,0,0,2,0,2,0,0.009957528905943036,test,V1008,2,0,3,1,1,2,channel_fault
0,1,2,0,synthetic-V1008-e1-clean-c0-B0,0,2,0,0,0,0,0,0.01761794392950833,synthetic,17.80815876694396,synthetic-V1008-e1,0,evidence_sufficiency,5.174283836968243,0,0,0,1433,1351.0,B0,365,0,0,2,0,2,0,0.0014827698469161987,test,V1008,2,0,0,1,1,2,clean
0,1,2,0,synthetic-V1008-e1-clean-c0-B1,0,2,0,0,0,0,0,0.011976677924394608,synthetic,19.934730982175097,synthetic-V1008-e1,0,evidence_sufficiency,5.4123120359145105,0,0,0,1433,1351.0,B1,365,0,0,2,0,2,0,0.001510048983618617,test,V1008,2,0,0,1,1,2,clean
0,1,2,0,synthetic-V1008-e1-clean-c0-B2,0,2,0,0,0,0,0,0.053847541799768806,synthetic,22.921412986004725,synthetic-V1008-e1,0,evidence_sufficiency,5.263911124784499,0,0,0,1433,1351.0,B2,365,0,0,2,0,2,0,0.005393401021137834,test,V1008,2,0,0,1,1,2,clean
0,1,2,0,synthetic-V1008-e1-clean-c0-B3,0,2,0,0,0,0,0,0.01115079503506422,synthetic,22.817823010031134,synthetic-V1008-e1,0,evidence_sufficiency,5.160387286916375,0,0,0,1433,1351.0,B3,365,0,0,2,0,2,0,0.0015096489805728197,test,V1008,2,0,0,1,1,2,clean
0,1,2,0,synthetic-V1008-e1-clean-c0-M1,0,2,0,0,0,0,0,0.05454707704484463,synthetic,22.884152739075944,synthetic-V1008-e1,0,evidence_sufficiency,5.285270993132144,0,0,0,1433,1351.0,M1,365,0,0,2,0,2,0,0.005391021026298404,test,V1008,2,0,0,1,1,2,clean
0,1,2,0,synthetic-V1008-e1-clean-c1-B0,1,2,0,0,0,0,0,0.004600476939231157,synthetic,26.803648532135412,synthetic-V1008-e1,0,evidence_sufficiency,5.51074060681276,0,0,0,1454,1381.0,B0,365,0,0,2,0,2,0,0.002751024905592203,test,V1008,2,0,2,1,1,2,clean
0,1,2,0,synthetic-V1008-e1-clean-c1-B1,1,2,0,0,0,0,0,0.010874280938878655,synthetic,29.490673622116446,synthetic-V1008-e1,0,evidence_sufficiency,5.073043412063271,0,0,0,1454,1381.0,B1,365,0,0,2,0,2,0,0.002740014111623168,test,V1008,2,0,2,1,1,2,clean
0,1,2,0,synthetic-V1008-e1-clean-c1-B2,1,2,0,0,0,0,0,0.04019047715701163,synthetic,30.099725553998724,synthetic-V1008-e1,0,evidence_sufficiency,5.300965907052159,0,0,0,1454,1381.0,B2,365,0,0,2,0,2,0,0.009189625037834048,test,V1008,2,0,2,1,1,2,clean
0,1,2,0,synthetic-V1008-e1-clean-c1-B3,1,2,0,0,0,0,0,0.00712296599522233,synthetic,31.854194899089634,synthetic-V1008-e1,0,evidence_sufficiency,5.158081544097513,0,0,0,1454,1381.0,B3,365,0,0,2,0,2,0,0.0015683190431445837,test,V1008,2,0,2,1,1,2,clean
0,1,2,0,synthetic-V1008-e1-clean-c1-M1,1,2,0,0,0,0,0,0.029980744933709502,synthetic,30.02920525893569,synthetic-V1008-e1,0,evidence_sufficiency,5.278195477090776,0,0,0,1454,1381.0,M1,365,0,0,2,0,2,0,0.00551126804202795,test,V1008,2,0,2,1,1,2,clean
0,1,2,0,synthetic-V1008-e1-clean-c2-B0,2,2,0,0,0,0,0,0.002725364873185754,synthetic,24.94301994307898,synthetic-V1008-e1,0,evidence_sufficiency,5.0720140831544995,0,0,0,1454,1441.0,B0,365,0,0,2,0,2,0,0.0016456570010632277,test,V1008,2,0,4,1,1,2,clean
0,1,2,0,synthetic-V1008-e1-clean-c2-B1,2,2,0,0,0,0,0,0.006720124976709485,synthetic,28.640889544971287,synthetic-V1008-e1,0,evidence_sufficiency,5.071763778105378,0,0,0,1454,1441.0,B1,365,0,0,2,0,2,0,0.0016535758040845394,test,V1008,2,0,4,1,1,2,clean
0,1,2,0,synthetic-V1008-e1-clean-c2-B2,2,2,0,0,0,0,0,0.036537372041493654,synthetic,29.83197620487772,synthetic-V1008-e1,0,evidence_sufficiency,5.207887457916513,0,0,0,1454,1441.0,B2,365,0,0,2,0,2,0,0.00822203396819532,test,V1008,2,0,4,1,1,2,clean
0,1,2,0,synthetic-V1008-e1-clean-c2-B3,2,2,0,0,0,0,0,0.007423269795253873,synthetic,29.985907344846055,synthetic-V1008-e1,0,evidence_sufficiency,5.146589196054265,0,0,0,1454,1441.0,B3,365,0,0,2,0,2,0,0.0016169380396604538,test,V1008,2,0,4,1,1,2,clean
0,1,2,0,synthetic-V1008-e1-clean-c2-M1,2,2,0,0,0,0,0,0.04113581916317344,synthetic,29.74327333807014,synthetic-V1008-e1,0,evidence_sufficiency,5.162321898154914,0,0,0,1454,1441.0,M1,365,0,0,2,0,2,0,0.005799321923404932,test,V1008,2,0,4,1,1,2,clean
0,1,2,0,synthetic-V1008-e1-correction-c0-B0,0,2,0,0,0,0,0,0.009434439009055495,synthetic,12.773450868902728,synthetic-V1008-e1,0,evidence_sufficiency,5.1783180250786245,0,0,0,1433,1351.0,B0,365,0,0,2,0,2,0,0.0015035700052976608,test,V1008,2,0,0,1,1,2,correction
0,1,2,0,synthetic-V1008-e1-correction-c0-B1,0,2,0,0,0,0,0,0.011383230099454522,synthetic,12.766573167871684,synthetic-V1008-e1,0,evidence_sufficiency,5.163939724909142,0,0,0,1433,1351.0,B1,365,0,0,2,0,2,0,0.0015351390466094017,test,V1008,2,0,0,1,1,2,correction
0,1,2,0,synthetic-V1008-e1-correction-c0-B2,0,2,0,0,0,0,0,0.05625755386427045,synthetic,12.761363253928721,synthetic-V1008-e1,0,evidence_sufficiency,5.170383614953607,0,0,0,1433,1351.0,B2,365,0,0,2,0,2,0,0.005379511043429375,test,V1008,2,0,0,1,1,2,correction
0,1,2,0,synthetic-V1008-e1-correction-c0-B3,0,2,0,0,0,0,0,0.011511788005009294,synthetic,17.700577939860523,synthetic-V1008-e1,0,evidence_sufficiency,5.0659948841203,0,0,0,1433,1351.0,B3,365,0,0,2,0,2,0,0.0014845600817352533,test,V1008,2,0,0,1,1,2,correction
0,1,2,0,synthetic-V1008-e1-correction-c0-M1,0,2,0,0,0,0,0,0.05304556782357395,synthetic,17.752126227831468,synthetic-V1008-e1,0,evidence_sufficiency,5.062029015040025,0,0,0,1433,1351.0,M1,365,0,0,2,0,2,0,0.005390190985053778,test,V1008,2,0,0,1,1,2,correction
0,1,2,0,synthetic-V1008-e1-correction-c1-B0,1,2,0,0,0,0,1,0.0025716680102050304,synthetic,25.010896841064095,synthetic-V1008-e1,0,evidence_sufficiency,5.129584389040247,0,0,0,1454,1381.0,B0,365,0,0,2,0,2,1,0.0015934179536998272,test,V1008,2,0,1,1,1,2,correction
0,1,2,0,synthetic-V1008-e1-correction-c1-B1,1,2,0,0,1,1,1,0.0071687251329422,synthetic,25.010815733112395,synthetic-V1008-e1,0,evidence_sufficiency,5.123667369130999,0,0,0,1454,1381.0,B1,365,0,0,2,0,2,0,0.0016086879186332226,test,V1008,2,0,1,1,1,2,correction
0,1,2,0,synthetic-V1008-e1-correction-c1-B2,1,2,0,0,1,1,1,0.0331984490621835,synthetic,29.713111546821892,synthetic-V1008-e1,0,evidence_sufficiency,5.092139815911651,0,0,0,1454,1381.0,B2,365,0,0,2,0,2,0,0.005831282120198011,test,V1008,2,0,1,1,1,2,correction
0,1,2,0,synthetic-V1008-e1-correction-c1-B3,1,2,0,0,1,1,1,0.007942650001496077,synthetic,30.022619192954153,synthetic-V1008-e1,0,evidence_sufficiency,5.097121226135641,0,0,0,1454,1381.0,B3,365,0,0,2,0,2,0,0.0016055169980973005,test,V1008,2,0,1,1,1,2,correction
0,1,2,0,synthetic-V1008-e1-correction-c1-M1,1,2,0,0,1,1,1,0.03574213688261807,synthetic,30.07095046597533,synthetic-V1008-e1,0,evidence_sufficiency,5.1058498290367424,0,0,0,1454,1381.0,M1,365,0,0,2,0,2,0,0.006455759983509779,test,V1008,2,0,1,1,1,2,correction
0,1,2,0,synthetic-V1008-e1-correction-c2-B0,2,2,0,0,0,0,1,0.0027026250027120113,synthetic,25.625004101078957,synthetic-V1008-e1,0,evidence_sufficiency,5.2543006089981645,0,0,0,1454,1441.0,B0,365,0,0,2,0,2,1,0.0016705160960555077,test,V1008,2,0,3,1,1,2,correction
0,1,2,0,synthetic-V1008-e1-correction-c2-B1,2,2,0,0,1,1,1,0.007546996930614114,synthetic,26.98412401485257,synthetic-V1008-e1,0,evidence_sufficiency,5.098407000070438,0,0,0,1454,1441.0,B1,365,0,0,2,0,2,0,0.0016636059153825045,test,V1008,2,0,3,1,1,2,correction
0,1,2,0,synthetic-V1008-e1-correction-c2-B2,2,2,0,0,1,1,1,0.03549991291947663,synthetic,30.68712693406269,synthetic-V1008-e1,0,evidence_sufficiency,5.0699963928200305,0,0,0,1454,1441.0,B2,365,0,0,2,0,2,0,0.005748354131355882,test,V1008,2,0,3,1,1,2,correction
0,1,2,0,synthetic-V1008-e1-correction-c2-B3,2,2,0,0,1,1,1,0.00881592184305191,synthetic,31.665591810829937,synthetic-V1008-e1,0,evidence_sufficiency,5.095906889997423,0,0,0,1454,1441.0,B3,365,0,0,2,0,2,0,0.001649525947868824,test,V1008,2,0,3,1,1,2,correction
0,1,2,0,synthetic-V1008-e1-correction-c2-M1,2,2,0,0,1,1,1,0.03955440106801689,synthetic,31.71809468907304,synthetic-V1008-e1,0,evidence_sufficiency,5.107226591091603,0,0,0,1454,1441.0,M1,365,0,0,2,0,2,0,0.006376201054081321,test,V1008,2,0,3,1,1,2,correction
0,0,1,1,synthetic-V1008-e1-delayed-c0-B0,0,2,1,0,0,0,0,0.009006550069898367,synthetic,44.88126982492395,synthetic-V1008-e1,0,evidence_sufficiency,5.0534755401313305,0,0,0,1314,1351.0,B0,355,0,0,2,0,2,0,0.0014913599006831646,test,V1008,1,0,0,1,1,1,delayed
0,0,1,0,synthetic-V1008-e1-delayed-c0-B1,0,1,0,0,0,0,0,0.011502630077302456,synthetic,52.359270677901804,synthetic-V1008-e1,0,evidence_sufficiency,9.916409800993279,0,0,0,3012,1351.0,B1,710,0,1,1,1,2,0,0.001501109916716814,test,V1008,1,0,0,1,1,1,delayed
0,0,1,0,synthetic-V1008-e1-delayed-c0-B2,0,1,0,0,0,0,0,0.049697318114340305,synthetic,52.356760697904974,synthetic-V1008-e1,0,evidence_sufficiency,9.924938500160351,0,0,0,3012,1351.0,B2,710,0,1,1,1,2,0,0.005746915005147457,test,V1008,1,0,0,1,1,1,delayed
0,0,1,0,synthetic-V1008-e1-delayed-c0-B3,0,1,0,0,0,0,0,0.011200987035408616,synthetic,54.988488499075174,synthetic-V1008-e1,0,evidence_sufficiency,10.040386747801676,0,0,0,3012,1351.0,B3,710,0,1,1,1,2,0,0.001495589967817068,test,V1008,1,0,0,1,1,1,delayed
0,0,1,0,synthetic-V1008-e1-delayed-c0-M1,0,1,0,0,0,0,0,0.03923736698925495,synthetic,54.73820243193768,synthetic-V1008-e1,0,evidence_sufficiency,9.927366260904819,0,0,0,3012,1351.0,M1,710,0,1,1,1,2,0,0.005538409110158682,test,V1008,1,0,0,1,1,1,delayed
0,0,1,1,synthetic-V1008-e1-delayed-c1-B0,1,2,1,0,0,0,0,0.0019932810682803392,synthetic,48.22945689014159,synthetic-V1008-e1,0,evidence_sufficiency,4.992925476981327,0,0,1,1314,1381.0,B0,355,0,0,2,0,2,0,0.0015832078643143177,test,V1008,1,0,1,1,1,1,delayed
0,0,1,0,synthetic-V1008-e1-delayed-c1-B1,1,1,0,0,0,0,0,0.0036326879635453224,synthetic,53.438033604063094,synthetic-V1008-e1,0,evidence_sufficiency,9.962973702000454,0,0,0,3012,1381.0,B1,710,0,1,1,1,2,0,0.0015377691015601158,test,V1008,1,0,1,1,1,1,delayed
0,0,1,0,synthetic-V1008-e1-delayed-c1-B2,1,1,0,0,0,0,0,0.012486280873417854,synthetic,55.75338311702944,synthetic-V1008-e1,0,evidence_sufficiency,9.977147948928177,0,0,0,3012,1381.0,B2,710,0,1,1,1,2,0,0.005429090932011604,test,V1008,1,0,1,1,1,1,delayed
0,0,1,0,synthetic-V1008-e1-delayed-c1-B3,1,1,0,0,0,0,0,0.003631077939644456,synthetic,59.194373128935695,synthetic-V1008-e1,0,evidence_sufficiency,10.067368407966569,0,0,0,3012,1381.0,B3,710,0,1,1,1,2,0,0.0015444790478795767,test,V1008,1,0,1,1,1,1,delayed
0,0,1,0,synthetic-V1008-e1-delayed-c1-M1,1,1,0,0,0,0,0,0.01121908612549305,synthetic,58.1654380899854,synthetic-V1008-e1,0,evidence_sufficiency,9.953313284087926,0,0,0,3012,1381.0,M1,710,0,1,1,1,2,0,0.005482950946316123,test,V1008,1,0,1,1,1,1,delayed
0,1,2,0,synthetic-V1008-e1-delayed-c2-B0,2,2,0,0,0,0,0,0.006027908995747566,synthetic,41.77550069289282,synthetic-V1008-e1,0,evidence_sufficiency,5.158174719894305,0,0,2,1433,1441.0,B0,365,0,0,2,0,2,0,0.004020530031993985,test,V1008,2,0,2,1,1,2,delayed
0,1,2,0,synthetic-V1008-e1-delayed-c2-B1,2,2,0,0,0,0,0,0.01057485886849463,synthetic,43.31458015507087,synthetic-V1008-e1,0,evidence_sufficiency,5.145493492949754,0,0,0,1433,1441.0,B1,365,0,0,2,0,2,0,0.0036403872072696686,test,V1008,2,0,2,1,1,2,delayed
0,1,2,0,synthetic-V1008-e1-delayed-c2-B2,2,2,0,0,0,0,0,0.02387673407793045,synthetic,44.142566424794495,synthetic-V1008-e1,0,evidence_sufficiency,5.095126908039674,0,0,0,1433,1441.0,B2,365,0,0,2,0,2,0,0.009299814002588391,test,V1008,2,0,2,1,1,2,delayed
0,1,2,0,synthetic-V1008-e1-delayed-c2-B3,2,2,0,0,0,0,0,0.004356303019449115,synthetic,47.994430848862976,synthetic-V1008-e1,0,evidence_sufficiency,4.7515722929965705,0,0,0,1433,1441.0,B3,365,0,0,2,0,2,0,0.0015763191040605307,test,V1008,2,0,2,1,1,2,delayed
0,1,2,0,synthetic-V1008-e1-delayed-c2-M1,2,2,0,0,0,0,0,0.02116678818129003,synthetic,46.63570333993994,synthetic-V1008-e1,0,evidence_sufficiency,4.914118259912357,0,0,0,1433,1441.0,M1,365,0,0,2,0,2,0,0.005404892144724727,test,V1008,2,0,2,1,1,2,delayed
0,1,2,0,synthetic-V1009-e0-channel_fault-c0-B0,0,2,0,0,0,0,0,0.018691268982365727,synthetic,32.20104147493839,synthetic-V1009-e0,0,current_evidence,5.581826152978465,0,0,0,1393,451.0,B0,395,0,0,3,0,2,0,0.001501989085227251,test,V1009,2,0,0,1,1,3,channel_fault
0,1,2,0,synthetic-V1009-e0-channel_fault-c0-B1,0,2,0,0,0,0,0,0.011051473906263709,synthetic,32.18426908692345,synthetic-V1009-e0,0,current_evidence,5.577205138048157,0,0,0,1393,451.0,B1,395,0,0,3,0,2,0,0.001504068961367011,test,V1009,2,0,0,1,1,3,channel_fault
0,1,2,0,synthetic-V1009-e0-channel_fault-c0-B2,0,2,0,0,0,0,0,0.053909209091216326,synthetic,37.15801117615774,synthetic-V1009-e0,0,current_evidence,5.5601401559542865,0,0,0,1393,451.0,B2,395,0,0,3,0,2,0,0.005408630007877946,test,V1009,2,0,0,1,1,3,channel_fault
0,1,2,0,synthetic-V1009-e0-channel_fault-c0-B3,0,2,0,0,0,0,0,0.011112362844869494,synthetic,37.629816862987354,synthetic-V1009-e0,0,current_evidence,5.573306286940351,0,0,0,1393,451.0,B3,395,0,0,3,0,2,0,0.0015105688944458961,test,V1009,2,0,0,1,1,3,channel_fault
0,1,2,0,synthetic-V1009-e0-channel_fault-c0-M1,0,2,0,0,0,0,0,0.059439586009830236,synthetic,37.68253181595355,synthetic-V1009-e0,0,current_evidence,5.562810240779072,0,0,0,1393,451.0,M1,395,0,0,3,0,2,0,0.00560426595620811,test,V1009,2,0,0,1,1,3,channel_fault
0,1,2,1,synthetic-V1009-e0-channel_fault-c1-B0,1,3,2,0,0,0,2,0.004684354877099395,synthetic,40.080222511896864,synthetic-V1009-e0,0,current_evidence,8.581116835121065,0,0,0,1473,481.0,B0,611,0,0,4,0,2,2,0.0016443561762571335,test,V1009,1,0,0,0,1,1,channel_fault
0,1,2,0,synthetic-V1009-e0-channel_fault-c1-B1,1,1,0,0,2,2,2,0.01731342705897987,synthetic,51.64176022494212,synthetic-V1009-e0,0,current_evidence,17.023504042765126,0,0,0,3582,481.0,B1,1213,0,1,1,1,2,0,0.0016333959065377712,test,V1009,1,0,0,0,1,1,channel_fault
0,1,2,0,synthetic-V1009-e0-channel_fault-c1-B2,1,1,0,0,2,2,2,0.08446122612804174,synthetic,53.782657452858984,synthetic-V1009-e0,0,current_evidence,17.25147912907414,0,0,0,3586,481.0,B2,1221,0,1,1,1,2,0,0.005784881999716163,test,V1009,1,0,0,0,1,1,channel_fault
0,1,2,0,synthetic-V1009-e0-channel_fault-c1-B3,1,1,0,0,2,2,2,0.019192517967894673,synthetic,57.20872291107662,synthetic-V1009-e0,0,current_evidence,17.32654266501777,0,0,0,3586,481.0,B3,1221,0,1,1,1,2,0,0.0016389270313084126,test,V1009,1,0,0,0,1,1,channel_fault
0,1,2,0,synthetic-V1009-e0-channel_fault-c1-M1,1,1,0,0,2,2,2,0.08198018604889512,synthetic,55.644671546062455,synthetic-V1009-e0,0,current_evidence,17.406380664091557,0,0,0,3586,481.0,M1,1221,0,1,1,1,2,0,0.0057355130556970835,test,V1009,1,0,0,0,1,1,channel_fault
0,1,2,1,synthetic-V1009-e0-channel_fault-c2-B0,2,3,2,0,0,0,1,0.006076146150007844,synthetic,36.37529788701795,synthetic-V1009-e0,0,current_evidence,8.632942745927721,0,0,2,1473,541.0,B0,617,0,0,4,0,2,1,0.0017420139629393816,test,V1009,1,0,2,0,1,1,channel_fault
0,1,2,0,synthetic-V1009-e0-channel_fault-c2-B1,2,1,0,0,1,1,1,0.01922963699325919,synthetic,45.597473114030436,synthetic-V1009-e0,0,current_evidence,17.25394378695637,0,0,0,3592,541.0,B1,1233,0,1,1,1,2,0,0.0017382251098752022,test,V1009,1,0,2,0,1,1,channel_fault
0,1,2,0,synthetic-V1009-e0-channel_fault-c2-B2,2,1,0,0,1,1,1,0.08492005616426468,synthetic,48.36044511082582,synthetic-V1009-e0,0,current_evidence,17.398085344815627,0,0,0,3592,541.0,B2,1233,0,1,1,1,2,0,0.005997698055580258,test,V1009,1,0,2,0,1,1,channel_fault
0,1,2,0,synthetic-V1009-e0-channel_fault-c2-B3,2,1,0,0,1,1,1,0.020409422926604748,synthetic,53.64079750911333,synthetic-V1009-e0,0,current_evidence,17.487617736915126,0,0,0,3592,541.0,B3,1233,0,1,1,1,2,0,0.001708985073491931,test,V1009,1,0,2,0,1,1,channel_fault
0,1,2,0,synthetic-V1009-e0-channel_fault-c2-M1,2,1,0,0,1,1,1,0.10394845786504447,synthetic,49.69513735896908,synthetic-V1009-e0,0,current_evidence,17.433828335255384,0,0,0,3592,541.0,M1,1233,0,1,1,1,2,0,0.005982897011563182,test,V1009,1,0,2,0,1,1,channel_fault
0,1,2,0,synthetic-V1009-e0-clean-c0-B0,0,2,0,0,0,0,0,0.00903463689610362,synthetic,37.8081970307976,synthetic-V1009-e0,0,current_evidence,5.594435785897076,0,0,0,1393,451.0,B0,395,0,0,3,0,2,0,0.001520340098068118,test,V1009,2,0,0,1,1,3,clean
0,1,2,0,synthetic-V1009-e0-clean-c0-B1,0,2,0,0,0,0,0,0.01104057696647942,synthetic,43.31280776089989,synthetic-V1009-e0,0,current_evidence,5.511313024908304,0,0,0,1393,451.0,B1,395,0,0,3,0,2,0,0.0015168390236794949,test,V1009,2,0,0,1,1,3,clean
0,1,2,0,synthetic-V1009-e0-clean-c0-B2,0,2,0,0,0,0,0,0.05228284397162497,synthetic,45.01136105018668,synthetic-V1009-e0,0,current_evidence,5.61285260389559,0,0,0,1393,451.0,B2,395,0,0,3,0,2,0,0.00524393399246037,test,V1009,2,0,0,1,1,3,clean
0,1,2,0,synthetic-V1009-e0-clean-c0-B3,0,2,0,0,0,0,0,0.010994747979566455,synthetic,45.17530049895868,synthetic-V1009-e0,0,current_evidence,5.730592316016555,0,0,0,1393,451.0,B3,395,0,0,3,0,2,0,0.001499679870903492,test,V1009,2,0,0,1,1,3,clean
0,1,2,0,synthetic-V1009-e0-clean-c0-M1,0,2,0,0,0,0,0,0.05454816808924079,synthetic,44.96989092696458,synthetic-V1009-e0,0,current_evidence,5.614662867039442,0,0,0,1393,451.0,M1,395,0,0,3,0,2,0,0.005352822132408619,test,V1009,2,0,0,1,1,3,clean
0,1,2,1,synthetic-V1009-e0-clean-c1-B0,1,3,2,0,0,0,0,0.002611046889796853,synthetic,40.152627567062154,synthetic-V1009-e0,0,current_evidence,8.529897168045864,0,0,0,1412,481.0,B0,607,0,0,4,0,2,0,0.0015796979423612356,test,V1009,1,0,2,0,1,1,clean
0,1,2,0,synthetic-V1009-e0-clean-c1-B1,1,1,0,0,0,0,0,0.006734383990988135,synthetic,55.03642462310381,synthetic-V1009-e0,0,current_evidence,17.123842400033027,0,0,0,3462,481.0,B1,1218,0,1,1,1,2,0,0.001589807914569974,test,V1009,1,0,2,0,1,1,clean
0,1,2,0,synthetic-V1009-e0-clean-c1-B2,1,1,0,0,0,0,0,0.03792755398899317,synthetic,56.24824884091504,synthetic-V1009-e0,0,current_evidence,17.236249750712886,0,0,0,3462,481.0,B2,1218,0,1,1,1,2,0,0.007654675981029868,test,V1009,1,0,2,0,1,1,clean
0,1,2,0,synthetic-V1009-e0-clean-c1-B3,1,1,0,0,0,0,0,0.007448998978361487,synthetic,57.25595133192837,synthetic-V1009-e0,0,current_evidence,17.19377576885745,0,0,0,3460,481.0,B3,1213,0,1,1,1,2,0,0.0016008277889341116,test,V1009,1,0,2,0,1,1,clean
0,1,2,0,synthetic-V1009-e0-clean-c1-M1,1,1,0,0,0,0,0,0.033057753229513764,synthetic,56.11704400088638,synthetic-V1009-e0,0,current_evidence,17.00137832504697,0,0,0,3448,481.0,M1,1188,0,1,1,1,2,0,0.006312342127785087,test,V1009,1,0,2,0,1,1,clean
0,1,2,1,synthetic-V1009-e0-clean-c2-B0,2,3,2,0,0,0,0,0.006043028086423874,synthetic,40.74600560287945,synthetic-V1009-e0,0,current_evidence,8.638873856049031,0,0,2,1412,541.0,B0,610,0,0,4,0,2,0,0.004091986920684576,test,V1009,1,0,3,0,1,1,clean
0,1,2,0,synthetic-V1009-e0-clean-c2-B1,2,1,0,0,0,0,0,0.016537226038053632,synthetic,54.172781862085685,synthetic-V1009-e0,0,current_evidence,17.182288459967822,0,0,0,3462,541.0,B1,1218,0,1,1,1,2,0,0.003303742967545986,test,V1009,1,0,3,0,1,1,clean
0,1,2,0,synthetic-V1009-e0-clean-c2-B2,2,1,0,0,0,0,0,0.04490719293244183,synthetic,54.870303025934845,synthetic-V1009-e0,0,current_evidence,17.149226636858657,0,0,0,3462,541.0,B2,1218,0,1,1,1,2,0,0.009305382147431374,test,V1009,1,0,3,0,1,1,clean
0,1,2,0,synthetic-V1009-e0-clean-c2-B3,2,1,0,0,0,0,0,0.008112695999443531,synthetic,57.50658495980315,synthetic-V1009-e0,0,current_evidence,16.89245785283856,0,0,0,3462,541.0,B3,1218,0,1,1,1,2,0,0.0015998980961740017,test,V1009,1,0,3,0,1,1,clean
0,1,2,0,synthetic-V1009-e0-clean-c2-M1,2,1,0,0,0,0,0,0.04323281696997583,synthetic,55.65695527102798,synthetic-V1009-e0,0,current_evidence,17.097862334223464,0,0,0,3462,541.0,M1,1218,0,1,1,1,2,0,0.007426450029015541,test,V1009,1,0,3,0,1,1,clean
1,1,2,0,synthetic-V1009-e0-correction-c0-B0,0,0,0,0,0,0,0,0.010092214215546846,synthetic,0.6699773259460926,synthetic-V1009-e0,1,current_evidence,0.6553725250996649,1,0,0,0,451.0,B0,0,0,0,0,0,2,0,0.0014698798768222332,test,V1009,0,0,0,0,1,0,correction
0,1,2,0,synthetic-V1009-e0-correction-c0-B1,0,2,0,0,0,0,0,0.010916416998952627,synthetic,6.192184352083132,synthetic-V1009-e0,0,current_evidence,6.176055732183158,0,0,0,1393,451.0,B1,395,0,0,3,0,2,0,0.0014908898156136274,test,V1009,2,0,0,1,1,3,correction
0,1,2,0,synthetic-V1009-e0-correction-c0-B2,0,2,0,0,0,0,0,0.055502478033304214,synthetic,6.189318631077185,synthetic-V1009-e0,0,current_evidence,6.12533486681059,0,0,0,1393,451.0,B2,395,0,0,3,0,2,0,0.005553785944357514,test,V1009,2,0,0,1,1,3,correction
0,1,2,0,synthetic-V1009-e0-correction-c0-B3,0,2,0,0,0,0,0,0.011211241129785776,synthetic,6.066529897041619,synthetic-V1009-e0,0,current_evidence,5.557355257915333,0,0,0,1393,451.0,B3,395,0,0,3,0,2,0,0.0015024589374661446,test,V1009,2,0,0,1,1,3,correction
0,1,2,0,synthetic-V1009-e0-correction-c0-M1,0,2,0,0,0,0,0,0.05863700294867158,synthetic,6.138555467128754,synthetic-V1009-e0,0,current_evidence,6.069286820944399,0,0,0,1393,451.0,M1,395,0,0,3,0,2,0,0.007778731174767017,test,V1009,2,0,0,1,1,3,correction
0,1,2,1,synthetic-V1009-e0-correction-c1-B0,1,3,2,0,0,0,0,0.0024813299532979727,synthetic,51.05989269702695,synthetic-V1009-e0,0,current_evidence,8.600783214904368,0,0,0,1412,481.0,B0,607,0,0,4,0,2,0,0.0015308680012822151,test,V1009,1,0,0,0,1,1,correction
0,1,2,0,synthetic-V1009-e0-correction-c1-B1,1,1,0,0,2,2,2,0.0070304060354828835,synthetic,65.64390442892909,synthetic-V1009-e0,0,current_evidence,16.021802477771416,0,0,0,3424,481.0,B1,1140,0,1,1,1,2,0,0.0016096269246190786,test,V1009,1,0,0,0,1,1,correction
0,1,2,0,synthetic-V1009-e0-correction-c1-B2,1,1,0,0,2,2,2,0.03184719989076257,synthetic,67.14961368916556,synthetic-V1009-e0,0,current_evidence,17.046120952116325,0,0,0,3460,481.0,B2,1213,0,1,1,1,2,0,0.005774281919002533,test,V1009,1,0,0,0,1,1,correction
0,1,2,0,synthetic-V1009-e0-correction-c1-B3,1,1,0,0,2,2,2,0.007975616957992315,synthetic,69.83802916994318,synthetic-V1009-e0,0,current_evidence,17.15838798088953,0,0,0,3460,481.0,B3,1213,0,1,1,1,2,0,0.001602797070518136,test,V1009,1,0,0,0,1,1,correction
0,1,2,0,synthetic-V1009-e0-correction-c1-M1,1,1,0,0,2,2,2,0.031397429993376136,synthetic,68.07789785298519,synthetic-V1009-e0,0,current_evidence,17.05581503501162,0,0,0,3460,481.0,M1,1213,0,1,1,1,2,0,0.005761231994256377,test,V1009,1,0,0,0,1,1,correction
0,1,2,1,synthetic-V1009-e0-correction-c2-B0,2,3,2,0,0,0,1,0.002591337077319622,synthetic,50.445728773018345,synthetic-V1009-e0,0,current_evidence,8.574196578003466,0,0,2,1412,541.0,B0,607,0,0,4,0,2,1,0.0015848479233682156,test,V1009,1,0,0,0,1,1,correction
0,1,2,0,synthetic-V1009-e0-correction-c2-B1,2,1,0,0,1,1,1,0.007983576972037554,synthetic,62.39445925806649,synthetic-V1009-e0,0,current_evidence,17.17970785475336,0,0,0,3462,541.0,B1,1218,0,1,1,1,2,0,0.0016634759958833456,test,V1009,1,0,2,0,1,1,correction
0,1,2,0,synthetic-V1009-e0-correction-c2-B2,2,1,0,0,1,1,1,0.03738206718116999,synthetic,64.41687160194851,synthetic-V1009-e0,0,current_evidence,17.210074656177312,0,0,0,3462,541.0,B2,1218,0,1,1,1,2,0,0.005957558983936906,test,V1009,1,0,2,0,1,1,correction
0,1,2,0,synthetic-V1009-e0-correction-c2-B3,2,1,0,0,1,1,1,0.00850183586589992,synthetic,67.9436325840652,synthetic-V1009-e0,0,current_evidence,17.305637975921854,0,0,0,3462,541.0,B3,1216,0,1,1,1,2,0,0.0016530961729586124,test,V1009,1,0,2,0,1,1,correction
0,1,2,0,synthetic-V1009-e0-correction-c2-M1,2,1,0,0,1,1,1,0.036981404991820455,synthetic,67.62216961500235,synthetic-V1009-e0,0,current_evidence,17.224811325082555,0,0,0,3462,541.0,M1,1218,0,1,1,1,2,0,0.005944208009168506,test,V1009,1,0,2,0,1,1,correction
0,0,0,1,synthetic-V1009-e0-delayed-c0-B0,0,3,3,0,0,0,0,0.019144883146509528,synthetic,32.892664783867076,synthetic-V1009-e0,0,current_evidence,8.08020034711808,0,0,0,1279,451.0,B0,567,0,0,4,0,2,0,0.0014612311497330666,test,V1009,0,0,0,0,0,0,delayed
1,0,0,0,synthetic-V1009-e0-delayed-c0-B1,0,0,0,0,0,0,0,0.010951308999210596,synthetic,40.84321219101548,synthetic-V1009-e0,0,current_evidence,16.035734592936933,0,0,0,3171,451.0,B1,1134,0,0,0,1,2,0,0.0014749898109585047,test,V1009,0,0,0,0,0,0,delayed
1,0,0,0,synthetic-V1009-e0-delayed-c0-B2,0,0,0,0,0,0,0,0.05428814282640815,synthetic,46.214552371995524,synthetic-V1009-e0,0,current_evidence,16.009647680912167,0,0,0,3171,451.0,B2,1134,0,0,0,1,2,0,0.005441420013085008,test,V1009,0,0,0,0,0,0,delayed
1,0,0,0,synthetic-V1009-e0-delayed-c0-B3,0,0,0,0,0,0,0,0.012346650939434767,synthetic,50.45566599583253,synthetic-V1009-e0,0,current_evidence,16.05465072207153,0,0,0,3171,451.0,B3,1134,0,0,0,1,2,0,0.0015013990923762321,test,V1009,0,0,0,0,0,0,delayed
1,0,0,0,synthetic-V1009-e0-delayed-c0-M1,0,0,0,0,0,0,0,0.05121288588270545,synthetic,48.79139478481375,synthetic-V1009-e0,0,current_evidence,15.980912002036348,0,0,0,3171,451.0,M1,1134,0,0,0,1,2,0,0.005235453834757209,test,V1009,0,0,0,0,0,0,delayed
0,0,0,1,synthetic-V1009-e0-delayed-c1-B0,1,3,3,0,0,0,0,0.004824432078748941,synthetic,46.921985015971586,synthetic-V1009-e0,0,current_evidence,7.9441583158914,0,0,3,1279,481.0,B0,567,0,0,4,0,2,0,0.0039672700222581625,test,V1009,0,0,0,0,0,0,delayed
1,0,0,0,synthetic-V1009-e0-delayed-c1-B1,1,0,0,0,0,0,0,0.009515597950667143,synthetic,56.262465455103666,synthetic-V1009-e0,0,current_evidence,15.965526732150465,0,0,0,3171,481.0,B1,1134,0,0,0,1,2,0,0.003216775134205818,test,V1009,0,0,0,0,0,0,delayed
1,0,0,0,synthetic-V1009-e0-delayed-c1-B2,1,0,0,0,0,0,0,0.020286930026486516,synthetic,57.718930831877515,synthetic-V1009-e0,0,current_evidence,15.935967459809035,0,0,0,3171,481.0,B2,1134,0,0,0,1,2,0,0.009297061944380403,test,V1009,0,0,0,0,0,0,delayed
1,0,0,0,synthetic-V1009-e0-delayed-c1-B3,1,0,0,0,0,0,0,0.004252623999491334,synthetic,64.19868235010654,synthetic-V1009-e0,0,current_evidence,16.223547590896487,0,0,0,3171,481.0,B3,1134,0,0,0,1,2,0,0.0015385891310870647,test,V1009,0,0,0,0,0,0,delayed
1,0,0,0,synthetic-V1009-e0-delayed-c1-M1,1,0,0,0,0,0,0,0.019278530962765217,synthetic,62.82387015293352,synthetic-V1009-e0,0,current_evidence,15.943872128846124,0,0,0,3171,481.0,M1,1134,0,0,0,1,2,0,0.009337670868262649,test,V1009,0,0,0,0,0,0,delayed
0,1,2,0,synthetic-V1009-e0-delayed-c2-B0,2,2,0,0,0,0,0,0.006002518814057112,synthetic,46.287553277798,synthetic-V1009-e0,0,current_evidence,5.599601522088051,0,0,6,1393,541.0,B0,395,0,0,3,0,2,0,0.0041117670480161905,test,V1009,2,0,0,1,1,3,delayed
0,1,2,0,synthetic-V1009-e0-delayed-c2-B1,2,2,0,0,0,0,0,0.00994571903720498,synthetic,49.32120722695254,synthetic-V1009-e0,0,current_evidence,5.523952428949997,0,0,0,1393,541.0,B1,395,0,0,3,0,2,0,0.0038739920128136873,test,V1009,2,0,0,1,1,3,delayed
0,1,2,0,synthetic-V1009-e0-delayed-c2-B2,2,2,0,0,0,0,0,0.024744690861552954,synthetic,49.98857992887497,synthetic-V1009-e0,0,current_evidence,5.553435534005985,0,0,0,1393,541.0,B2,395,0,0,3,0,2,0,0.00911074597388506,test,V1009,2,0,0,1,1,3,delayed
0,1,2,0,synthetic-V1009-e0-delayed-c2-B3,2,2,0,0,0,0,0,0.0047207248862832785,synthetic,54.57948261103593,synthetic-V1009-e0,0,current_evidence,5.537867037812248,0,0,0,1393,541.0,B3,395,0,0,3,0,2,0,0.001532378839328885,test,V1009,2,0,0,1,1,3,delayed
0,1,2,0,synthetic-V1009-e0-delayed-c2-M1,2,2,0,0,0,0,0,0.023858088068664074,synthetic,51.75948479701765,synthetic-V1009-e0,0,current_evidence,5.52674343297258,0,0,0,1393,541.0,M1,395,0,0,3,0,2,0,0.007155366009101272,test,V1009,2,0,0,1,1,3,delayed
0,1,2,0,synthetic-V1009-e1-channel_fault-c0-B0,0,2,0,0,0,0,0,0.009119493188336492,synthetic,40.747520277043805,synthetic-V1009-e1,0,revision_impact,6.208957158960402,0,0,0,1444,1351.0,B0,439,0,0,2,0,2,0,0.0015076790004968643,test,V1009,2,0,0,1,1,2,channel_fault
0,1,2,0,synthetic-V1009-e1-channel_fault-c0-B1,0,2,0,0,0,0,0,0.01096209604293108,synthetic,43.099152693059295,synthetic-V1009-e1,0,revision_impact,6.079394844127819,0,0,0,1444,1351.0,B1,439,0,0,2,0,2,0,0.0014892600011080503,test,V1009,2,0,0,1,1,2,channel_fault
0,1,2,0,synthetic-V1009-e1-channel_fault-c0-B2,0,2,0,0,0,0,0,0.05417061410844326,synthetic,43.96292665693909,synthetic-V1009-e1,0,revision_impact,6.3632208979688585,0,0,0,1444,1351.0,B2,439,0,0,2,0,2,0,0.006077545927837491,test,V1009,2,0,0,1,1,2,channel_fault
0,1,2,0,synthetic-V1009-e1-channel_fault-c0-B3,0,2,0,0,0,0,0,0.01111541292630136,synthetic,46.68240571208298,synthetic-V1009-e1,0,revision_impact,6.124915834981948,0,0,0,1444,1351.0,B3,439,0,0,2,0,2,0,0.0015220888890326023,test,V1009,2,0,0,1,1,2,channel_fault
0,1,2,0,synthetic-V1009-e1-channel_fault-c0-M1,0,2,0,0,0,0,0,0.10356565611436963,synthetic,43.920511733042076,synthetic-V1009-e1,0,revision_impact,6.379438278032467,0,0,0,1444,1351.0,M1,439,0,0,2,0,2,0,0.005451987963169813,test,V1009,2,0,0,1,1,2,channel_fault
0,1,2,0,synthetic-V1009-e1-channel_fault-c1-B0,1,2,0,0,0,0,0,0.004605775931850076,synthetic,48.65255360607989,synthetic-V1009-e1,0,revision_impact,6.255873969988897,0,0,0,1919,1381.0,B0,436,0,0,2,0,2,0,0.0016277169343084097,test,V1009,2,0,2,1,1,2,channel_fault
0,1,2,0,synthetic-V1009-e1-channel_fault-c1-B1,1,2,0,0,0,0,0,0.01637426484376192,synthetic,50.709786703111604,synthetic-V1009-e1,0,revision_impact,6.149875685106963,0,0,0,1919,1381.0,B1,436,0,0,2,0,2,0,0.0016323470044881105,test,V1009,2,0,2,1,1,2,channel_fault
0,1,2,0,synthetic-V1009-e1-channel_fault-c1-B2,1,2,0,0,0,0,0,0.07945340778678656,synthetic,52.6497827230487,synthetic-V1009-e1,0,revision_impact,6.156019859947264,0,0,0,1919,1381.0,B2,436,0,0,2,0,2,0,0.005714392988011241,test,V1009,2,0,2,1,1,2,channel_fault
0,1,2,0,synthetic-V1009-e1-channel_fault-c1-B3,1,2,0,0,0,0,0,0.018124070018529892,synthetic,54.59974235994741,synthetic-V1009-e1,0,revision_impact,6.142260621068999,0,0,0,1919,1381.0,B3,436,0,0,2,0,2,0,0.0016013169661164284,test,V1009,2,0,2,1,1,2,channel_fault
0,1,2,0,synthetic-V1009-e1-channel_fault-c1-M1,1,2,0,0,0,0,0,0.08118023280985653,synthetic,54.463109409902245,synthetic-V1009-e1,0,revision_impact,6.409908316098154,0,0,0,1919,1381.0,M1,436,0,0,2,0,2,0,0.005734803155064583,test,V1009,2,0,2,1,1,2,channel_fault
0,1,2,0,synthetic-V1009-e1-channel_fault-c2-B0,2,2,0,0,0,0,0,0.006291551981121302,synthetic,45.286548061994836,synthetic-V1009-e1,0,revision_impact,6.313172881025821,0,0,0,1917,1441.0,B0,439,0,0,2,0,2,0,0.001702244859188795,test,V1009,2,0,4,1,1,2,channel_fault
0,1,2,0,synthetic-V1009-e1-channel_fault-c2-B1,2,2,0,0,0,0,0,0.021224867086857557,synthetic,47.961850268999115,synthetic-V1009-e1,0,revision_impact,6.207333931932226,0,0,0,1917,1441.0,B1,439,0,0,2,0,2,0,0.0017224941402673721,test,V1009,2,0,4,1,1,2,channel_fault
0,1,2,0,synthetic-V1009-e1-channel_fault-c2-B2,2,2,0,0,0,0,0,0.09594061085954309,synthetic,49.30217064288445,synthetic-V1009-e1,0,revision_impact,6.143008834915236,0,0,0,1917,1441.0,B2,439,0,0,2,0,2,0,0.0059331790544092655,test,V1009,2,0,4,1,1,2,channel_fault
0,1,2,0,synthetic-V1009-e1-channel_fault-c2-B3,2,2,0,0,0,0,0,0.020119710126891732,synthetic,52.775585104944184,synthetic-V1009-e1,0,revision_impact,5.804982057074085,0,0,0,1917,1441.0,B3,439,0,0,2,0,2,0,0.0017182750161737204,test,V1009,2,0,4,1,1,2,channel_fault
0,1,2,0,synthetic-V1009-e1-channel_fault-c2-M1,2,2,0,0,0,0,0,0.12637044000439346,synthetic,51.178659048862755,synthetic-V1009-e1,0,revision_impact,6.02116985199973,0,0,0,1917,1441.0,M1,439,0,0,2,0,2,0,0.00587943010032177,test,V1009,2,0,4,1,1,2,channel_fault
0,1,2,0,synthetic-V1009-e1-clean-c0-B0,0,2,0,0,0,0,0,0.017764976946637034,synthetic,42.271244964096695,synthetic-V1009-e1,0,revision_impact,6.2301237168721855,0,0,0,1444,1351.0,B0,439,0,0,2,0,2,0,0.001505439868196845,test,V1009,2,0,0,1,1,2,clean
0,1,2,0,synthetic-V1009-e1-clean-c0-B1,0,2,0,0,0,0,0,0.011020754929631948,synthetic,42.256132872076705,synthetic-V1009-e1,0,revision_impact,6.2280282489955425,0,0,0,1444,1351.0,B1,439,0,0,2,0,2,0,0.001532047986984253,test,V1009,2,0,0,1,1,2,clean
0,1,2,0,synthetic-V1009-e1-clean-c0-B2,0,2,0,0,0,0,0,0.053091776091605425,synthetic,48.44335252395831,synthetic-V1009-e1,0,revision_impact,6.2008718841243535,0,0,0,1444,1351.0,B2,439,0,0,2,0,2,0,0.007182392990216613,test,V1009,2,0,0,1,1,2,clean
0,1,2,0,synthetic-V1009-e1-clean-c0-B3,0,2,0,0,0,0,0,0.01084716897457838,synthetic,49.77570522087626,synthetic-V1009-e1,0,revision_impact,6.1789340421091765,0,0,0,1444,1351.0,B3,439,0,0,2,0,2,0,0.0015040189027786255,test,V1009,2,0,0,1,1,2,clean
0,1,2,0,synthetic-V1009-e1-clean-c0-M1,0,2,0,0,0,0,0,0.04711055802181363,synthetic,48.393394774990156,synthetic-V1009-e1,0,revision_impact,6.208413660060614,0,0,0,1444,1351.0,M1,439,0,0,2,0,2,0,0.005542397033423185,test,V1009,2,0,0,1,1,2,clean
0,1,2,0,synthetic-V1009-e1-clean-c1-B0,1,2,0,0,0,0,0,0.0027055449318140745,synthetic,57.284666005987674,synthetic-V1009-e1,0,revision_impact,6.254819771973416,0,0,0,1853,1381.0,B0,439,0,0,2,0,2,0,0.001617206959053874,test,V1009,2,0,2,1,1,2,clean
0,1,2,0,synthetic-V1009-e1-clean-c1-B1,1,2,0,0,0,0,0,0.006747113075107336,synthetic,61.581596822012216,synthetic-V1009-e1,0,revision_impact,6.169356717029586,0,0,0,1853,1381.0,B1,439,0,0,2,0,2,0,0.0016099570784717798,test,V1009,2,0,2,1,1,2,clean
0,1,2,0,synthetic-V1009-e1-clean-c1-B2,1,2,0,0,0,0,0,0.02934262086637318,synthetic,63.270988448988646,synthetic-V1009-e1,0,revision_impact,6.171468704007566,0,0,0,1853,1381.0,B2,439,0,0,2,0,2,0,0.005913289031013846,test,V1009,2,0,2,1,1,2,clean
0,1,2,0,synthetic-V1009-e1-clean-c1-B3,1,2,0,0,0,0,0,0.007182293105870485,synthetic,65.50002139806747,synthetic-V1009-e1,0,revision_impact,6.301840571919456,0,0,0,1853,1381.0,B3,439,0,0,2,0,2,0,0.001563388155773282,test,V1009,2,0,2,1,1,2,clean
0,1,2,0,synthetic-V1009-e1-clean-c1-M1,1,2,0,0,0,0,0,0.029968377901241183,synthetic,63.40334487706423,synthetic-V1009-e1,0,revision_impact,6.161455868976191,0,0,0,1853,1381.0,M1,439,0,0,2,0,2,0,0.005746413022279739,test,V1009,2,0,2,1,1,2,clean
0,1,2,0,synthetic-V1009-e1-clean-c2-B0,2,3,0,0,0,0,0,0.0026154671795666218,synthetic,56.330389213049784,synthetic-V1009-e1,0,revision_impact,8.408188375877216,0,0,0,1853,1441.0,B0,595,0,0,3,0,2,0,0.0016144271939992905,test,V1009,2,0,4,1,1,3,clean
0,1,2,0,synthetic-V1009-e1-clean-c2-B1,2,2,0,0,0,0,0,0.0071800630539655685,synthetic,57.998825438087806,synthetic-V1009-e1,0,revision_impact,6.154071749188006,0,0,0,1853,1441.0,B1,439,0,0,2,0,2,0,0.0016250270418822765,test,V1009,2,0,4,1,1,2,clean
0,1,2,0,synthetic-V1009-e1-clean-c2-B2,2,3,0,0,0,0,0,0.031071186065673828,synthetic,61.04979764507152,synthetic-V1009-e1,0,revision_impact,8.37664609006606,0,0,0,1853,1441.0,B2,595,0,0,3,0,2,0,0.005891158943995833,test,V1009,2,0,4,1,1,3,clean
0,1,2,0,synthetic-V1009-e1-clean-c2-B3,2,2,0,0,0,0,0,0.007621793774887919,synthetic,62.45854357094504,synthetic-V1009-e1,0,revision_impact,6.204901230987161,0,0,0,1853,1441.0,B3,439,0,0,2,0,2,0,0.0016226868610829115,test,V1009,2,0,4,1,1,2,clean
0,1,2,0,synthetic-V1009-e1-clean-c2-M1,2,3,0,0,0,0,0,0.03253388591110706,synthetic,62.04807228199206,synthetic-V1009-e1,0,revision_impact,8.367944166995585,0,0,0,1853,1441.0,M1,595,0,0,3,0,2,0,0.005853101145476103,test,V1009,2,0,4,1,1,3,clean
0,1,2,0,synthetic-V1009-e1-correction-c0-B0,0,2,0,0,0,0,0,0.009659684961661696,synthetic,22.844414529856294,synthetic-V1009-e1,0,revision_impact,6.2345460299402475,0,0,0,1444,1351.0,B0,439,0,0,2,0,2,0,0.0015094289556145668,test,V1009,2,0,0,1,1,2,correction
0,1,2,0,synthetic-V1009-e1-correction-c0-B1,0,2,0,0,0,0,0,0.011427130084484816,synthetic,22.845314831007272,synthetic-V1009-e1,0,revision_impact,6.232476731063798,0,0,0,1444,1351.0,B1,439,0,0,2,0,2,0,0.0014994998928159475,test,V1009,2,0,0,1,1,2,correction
0,1,2,0,synthetic-V1009-e1-correction-c0-B2,0,2,0,0,0,0,0,0.05568989599123597,synthetic,22.838036447996274,synthetic-V1009-e1,0,revision_impact,6.235560119152069,0,0,0,1444,1351.0,B2,439,0,0,2,0,2,0,0.005416810046881437,test,V1009,2,0,0,1,1,2,correction
0,1,2,0,synthetic-V1009-e1-correction-c0-B3,0,2,0,0,0,0,0,0.011517757084220648,synthetic,28.915461390046403,synthetic-V1009-e1,0,revision_impact,6.201329610077664,0,0,0,1444,1351.0,B3,439,0,0,2,0,2,0,0.0014947399031370878,test,V1009,2,0,0,1,1,2,correction
0,1,2,0,synthetic-V1009-e1-correction-c0-M1,0,2,0,0,0,0,0,0.05486411205492914,synthetic,28.950683929026127,synthetic-V1009-e1,0,revision_impact,6.188062727916986,0,0,0,1444,1351.0,M1,439,0,0,2,0,2,0,0.005499039078131318,test,V1009,2,0,0,1,1,2,correction
0,1,2,0,synthetic-V1009-e1-correction-c1-B0,1,3,0,0,0,0,1,0.002615966834127903,synthetic,41.67470800993033,synthetic-V1009-e1,0,revision_impact,8.671064815949649,0,0,0,1853,1381.0,B0,595,0,0,3,0,2,1,0.0015915080439299345,test,V1009,2,0,1,1,1,3,correction
0,1,2,0,synthetic-V1009-e1-correction-c1-B1,1,3,0,0,1,1,1,0.0072381338104605675,synthetic,43.0466677241493,synthetic-V1009-e1,0,revision_impact,8.561787212034687,0,0,0,1853,1381.0,B1,595,0,0,3,0,2,0,0.0016069270204752684,test,V1009,2,0,1,1,1,3,correction
0,1,2,0,synthetic-V1009-e1-correction-c1-B2,1,3,0,0,1,1,1,0.03016988094896078,synthetic,43.57142849685624,synthetic-V1009-e1,0,revision_impact,8.65142494183965,0,0,0,1853,1381.0,B2,595,0,0,3,0,2,0,0.005602946970611811,test,V1009,2,0,1,1,1,3,correction
0,1,2,0,synthetic-V1009-e1-correction-c1-B3,1,3,0,0,1,1,1,0.008443868951871991,synthetic,51.316558472113684,synthetic-V1009-e1,0,revision_impact,8.34729978395626,0,0,0,1853,1381.0,B3,595,0,0,3,0,2,0,0.0016068280674517155,test,V1009,2,0,1,1,1,3,correction
0,1,2,0,synthetic-V1009-e1-correction-c1-M1,1,3,0,0,1,1,1,0.0324076060205698,synthetic,49.979913853807375,synthetic-V1009-e1,0,revision_impact,8.34904974908568,0,0,0,1853,1381.0,M1,595,0,0,3,0,2,0,0.00549762905575335,test,V1009,2,0,1,1,1,3,correction
0,1,2,0,synthetic-V1009-e1-correction-c2-B0,2,3,0,0,0,0,1,0.005596506875008345,synthetic,52.23412680393085,synthetic-V1009-e1,0,revision_impact,8.52897051605396,0,0,0,1985,1441.0,B0,595,0,0,3,0,2,1,0.004109847126528621,test,V1009,2,0,4,1,1,3,correction
0,1,2,0,synthetic-V1009-e1-correction-c2-B1,2,3,0,0,1,1,1,0.016832249937579036,synthetic,52.322101118043065,synthetic-V1009-e1,0,revision_impact,8.440379654988647,0,0,0,1985,1441.0,B1,595,0,0,3,0,2,0,0.0029410598799586296,test,V1009,2,0,4,1,1,3,correction
0,1,2,0,synthetic-V1009-e1-correction-c2-B2,2,3,0,0,1,1,1,0.049692605854943395,synthetic,54.86579433991574,synthetic-V1009-e1,0,revision_impact,8.459011178929359,0,0,0,1985,1441.0,B2,595,0,0,3,0,2,0,0.010671915020793676,test,V1009,2,0,4,1,1,3,correction
0,1,2,0,synthetic-V1009-e1-correction-c2-B3,2,3,0,0,1,1,1,0.008964698994532228,synthetic,60.58954609395005,synthetic-V1009-e1,0,revision_impact,8.383280248148367,0,0,0,1985,1441.0,B3,595,0,0,3,0,2,0,0.0016742858570069075,test,V1009,2,0,4,1,1,3,correction
0,1,2,0,synthetic-V1009-e1-correction-c2-M1,2,3,0,0,1,1,1,0.03314212104305625,synthetic,60.53086201008409,synthetic-V1009-e1,0,revision_impact,8.38306591194123,0,0,0,1985,1441.0,M1,595,0,0,3,0,2,0,0.005857042036950588,test,V1009,2,0,4,1,1,3,correction
0,0,1,1,synthetic-V1009-e1-delayed-c0-B0,0,2,1,0,0,0,0,0.00945981708355248,synthetic,11.410984436050057,synthetic-V1009-e1,0,revision_impact,5.34938596887514,0,0,0,1326,1351.0,B0,382,0,0,2,0,2,0,0.0014734100550413132,test,V1009,1,0,0,1,1,1,delayed
0,0,1,0,synthetic-V1009-e1-delayed-c0-B1,0,1,0,0,0,0,0,0.011171172140166163,synthetic,16.838825272861868,synthetic-V1009-e1,0,revision_impact,10.78238236089237,0,0,0,3065,1351.0,B1,764,0,1,1,1,2,0,0.0014891789760440588,test,V1009,1,0,0,1,1,1,delayed
0,0,1,0,synthetic-V1009-e1-delayed-c0-B2,0,1,0,0,0,0,0,0.05175978294573724,synthetic,19.15119975991547,synthetic-V1009-e1,0,revision_impact,10.779963529901579,0,0,0,3065,1351.0,B2,764,0,1,1,1,2,0,0.005340090952813625,test,V1009,1,0,0,1,1,1,delayed
0,0,1,0,synthetic-V1009-e1-delayed-c0-B3,0,1,0,0,0,0,0,0.011272080009803176,synthetic,27.5618916740641,synthetic-V1009-e1,0,revision_impact,10.83431718009524,0,0,0,3065,1351.0,B3,764,0,1,1,1,2,0,0.0015068091452121735,test,V1009,1,0,0,1,1,1,delayed
0,0,1,0,synthetic-V1009-e1-delayed-c0-M1,0,1,0,0,0,0,0,0.0496959260199219,synthetic,22.24334381497465,synthetic-V1009-e1,0,revision_impact,10.906529495259747,0,0,0,3065,1351.0,M1,764,0,1,1,1,2,0,0.005386370001360774,test,V1009,1,0,0,1,1,1,delayed
0,0,1,1,synthetic-V1009-e1-delayed-c1-B0,1,2,1,0,0,0,0,0.0019845098722726107,synthetic,48.47291333298199,synthetic-V1009-e1,0,revision_impact,5.435415061889216,0,0,1,1657,1381.0,B0,382,0,0,2,0,2,0,0.0015827580355107784,test,V1009,1,0,1,1,1,1,delayed
0,0,1,0,synthetic-V1009-e1-delayed-c1-B1,1,1,0,0,0,0,0,0.005750452866777778,synthetic,54.70118483714759,synthetic-V1009-e1,0,revision_impact,10.809783201199025,0,0,0,3727,1381.0,B1,764,0,1,1,1,2,0,0.0023936410434544086,test,V1009,1,0,1,1,1,1,delayed
0,0,1,0,synthetic-V1009-e1-delayed-c1-B2,1,1,0,0,0,0,0,0.013272859156131744,synthetic,57.0969914610032,synthetic-V1009-e1,0,revision_impact,10.878157305996865,0,0,0,3727,1381.0,B2,764,0,1,1,1,2,0,0.005710553843528032,test,V1009,1,0,1,1,1,1,delayed
0,0,1,0,synthetic-V1009-e1-delayed-c1-B3,1,1,0,0,0,0,0,0.003758093109354377,synthetic,62.93775007710792,synthetic-V1009-e1,0,revision_impact,11.169092305237427,0,0,0,3727,1381.0,B3,764,0,1,1,1,2,0,0.0015533489640802145,test,V1009,1,0,1,1,1,1,delayed
0,0,1,0,synthetic-V1009-e1-delayed-c1-M1,1,1,0,0,0,0,0,0.011784598929807544,synthetic,59.30968967406079,synthetic-V1009-e1,0,revision_impact,10.860445747850463,0,0,0,3727,1381.0,M1,764,0,1,1,1,2,0,0.005544767016544938,test,V1009,1,0,1,1,1,1,delayed
0,1,2,0,synthetic-V1009-e1-delayed-c2-B0,2,2,0,0,0,0,0,0.005913668777793646,synthetic,49.13601224520244,synthetic-V1009-e1,0,revision_impact,5.724858311936259,0,0,2,1775,1441.0,B0,401,0,0,2,0,2,0,0.004038197221234441,test,V1009,2,0,2,1,1,2,delayed
0,1,2,0,synthetic-V1009-e1-delayed-c2-B1,2,2,0,0,0,0,0,0.010517325019463897,synthetic,49.239603320136666,synthetic-V1009-e1,0,revision_impact,5.658835949841887,0,0,0,1775,1441.0,B1,401,0,0,2,0,2,0,0.003940759925171733,test,V1009,2,0,2,1,1,2,delayed
0,1,2,0,synthetic-V1009-e1-delayed-c2-B2,2,2,0,0,0,0,0,0.026694305008277297,synthetic,51.03312286105938,synthetic-V1009-e1,0,revision_impact,5.7259482010267675,0,0,0,1775,1441.0,B2,401,0,0,2,0,2,0,0.009399048052728176,test,V1009,2,0,2,1,1,2,delayed
0,1,2,0,synthetic-V1009-e1-delayed-c2-B3,2,2,0,0,0,0,0,0.004515897948294878,synthetic,54.86261355201714,synthetic-V1009-e1,0,revision_impact,5.702383931959048,0,0,0,1775,1441.0,B3,401,0,0,2,0,2,0,0.001579476986080408,test,V1009,2,0,2,1,1,2,delayed
0,1,2,0,synthetic-V1009-e1-delayed-c2-M1,2,2,0,0,0,0,0,0.023669396992772818,synthetic,54.78249172796495,synthetic-V1009-e1,0,revision_impact,5.70527339191176,0,0,0,1775,1441.0,M1,401,0,0,2,0,2,0,0.00759186502546072,test,V1009,2,0,2,1,1,2,delayed
0,1,2,1,synthetic-V1010-e0-channel_fault-c0-B0,0,3,2,0,0,0,0,0.018581044860184193,synthetic,32.463750645983964,synthetic-V1010-e0,0,conflict_timing,9.945922131184489,0,0,0,1399,451.0,B0,708,0,0,4,0,2,0,0.0014943000860512257,test,V1010,1,0,0,0,1,1,channel_fault
0,1,2,0,synthetic-V1010-e0-channel_fault-c0-B1,0,1,0,0,0,0,0,0.011060796910896897,synthetic,42.52659487701021,synthetic-V1010-e0,0,conflict_timing,20.015807749936357,0,0,0,3536,451.0,B1,1416,0,1,1,1,2,0,0.0014993499498814344,test,V1010,1,0,0,0,1,1,channel_fault
0,1,2,0,synthetic-V1010-e0-channel_fault-c0-B2,0,1,0,0,0,0,0,0.054743034997954965,synthetic,49.76176443998702,synthetic-V1010-e0,0,conflict_timing,19.847081007203087,0,0,0,3528,451.0,B2,1400,0,1,1,1,2,0,0.005427900003269315,test,V1010,1,0,0,0,1,1,channel_fault
0,1,2,0,synthetic-V1010-e0-channel_fault-c0-B3,0,1,0,0,0,0,0,0.011234163073822856,synthetic,51.95539332111366,synthetic-V1010-e0,0,conflict_timing,19.645135416882113,0,0,0,3520,451.0,B3,1384,0,1,1,1,2,0,0.0014870401937514544,test,V1010,1,0,0,0,1,1,channel_fault
0,1,2,0,synthetic-V1010-e0-channel_fault-c0-M1,0,1,0,0,0,0,0,0.061278942972421646,synthetic,50.206443019909784,synthetic-V1010-e0,0,conflict_timing,20.14427355513908,0,0,0,3536,451.0,M1,1416,0,1,1,1,2,0,0.0077552341390401125,test,V1010,1,0,0,0,1,1,channel_fault
0,1,2,1,synthetic-V1010-e0-channel_fault-c1-B0,1,3,2,0,0,0,0,0.008048346964642406,synthetic,43.787928376113996,synthetic-V1010-e0,0,conflict_timing,9.997764101950452,0,0,2,1480,481.0,B0,709,0,0,4,0,2,0,0.0016321868170052767,test,V1010,1,0,1,0,1,1,channel_fault
0,1,2,0,synthetic-V1010-e0-channel_fault-c1-B1,1,1,0,0,0,0,0,0.01624055183492601,synthetic,56.08537456486374,synthetic-V1010-e0,0,conflict_timing,20.00198053312488,0,0,0,3698,481.0,B1,1418,0,1,1,1,2,0,0.0015843978617340326,test,V1010,1,0,1,0,1,1,channel_fault
0,1,2,0,synthetic-V1010-e0-channel_fault-c1-B2,1,1,0,0,0,0,0,0.10202719992958009,synthetic,58.59438090096228,synthetic-V1010-e0,0,conflict_timing,20.05414884793572,0,0,0,3698,481.0,B2,1418,0,1,1,1,2,0,0.00582017214037478,test,V1010,1,0,1,0,1,1,channel_fault
0,1,2,0,synthetic-V1010-e0-channel_fault-c1-B3,1,1,0,0,0,0,0,0.017597984056919813,synthetic,64.20892012794502,synthetic-V1010-e0,0,conflict_timing,20.651084495941177,0,0,0,3719,481.0,B3,1458,0,1,1,1,2,0,0.001794933807104826,test,V1010,1,0,1,0,1,1,channel_fault
0,1,2,0,synthetic-V1010-e0-channel_fault-c1-M1,1,1,0,0,0,0,0,0.093149458989501,synthetic,61.2109120641835,synthetic-V1010-e0,0,conflict_timing,20.162918521091342,0,0,0,3698,481.0,M1,1418,0,1,1,1,2,0,0.005934650078415871,test,V1010,1,0,1,0,1,1,channel_fault
0,1,2,1,synthetic-V1010-e0-channel_fault-c2-B0,2,3,2,0,0,0,0,0.013589515117928386,synthetic,36.67971596401185,synthetic-V1010-e0,0,conflict_timing,9.836348393000662,0,0,4,1479,541.0,B0,700,0,0,4,0,2,0,0.0017829940188676119,test,V1010,1,0,2,0,1,1,channel_fault
0,1,2,0,synthetic-V1010-e0-channel_fault-c2-B1,2,1,0,0,0,0,0,0.01721662189811468,synthetic,46.77645330503583,synthetic-V1010-e0,0,conflict_timing,19.733797542052343,0,0,0,3688,541.0,B1,1400,0,1,1,1,2,0,0.0016847460065037012,test,V1010,1,0,2,0,1,1,channel_fault
0,1,2,0,synthetic-V1010-e0-channel_fault-c2-B2,2,1,0,0,0,0,0,0.12453124299645424,synthetic,47.88637353503145,synthetic-V1010-e0,0,conflict_timing,19.5844496099744,0,0,0,3680,541.0,B2,1384,0,1,1,1,2,0,0.0058699119836091995,test,V1010,1,0,2,0,1,1,channel_fault
0,1,2,0,synthetic-V1010-e0-channel_fault-c2-B3,2,1,0,0,0,0,0,0.02007493400014937,synthetic,56.27292697690427,synthetic-V1010-e0,0,conflict_timing,19.896307718008757,0,0,0,3688,541.0,B3,1400,0,1,1,1,2,0,0.0016883360221982002,test,V1010,1,0,2,0,1,1,channel_fault
0,1,2,0,synthetic-V1010-e0-channel_fault-c2-M1,2,1,0,0,0,0,0,0.14131584390997887,synthetic,51.735882183071226,synthetic-V1010-e0,0,conflict_timing,19.630058089271188,0,0,0,3680,541.0,M1,1384,0,1,1,1,2,0,0.007776923011988401,test,V1010,1,0,2,0,1,1,channel_fault
0,1,2,1,synthetic-V1010-e0-clean-c0-B0,0,3,2,0,0,0,0,0.01018291199579835,synthetic,10.601772512076423,synthetic-V1010-e0,0,conflict_timing,10.586056031053886,0,0,0,1399,451.0,B0,708,0,0,4,0,2,0,0.001500939019024372,test,V1010,1,0,0,0,1,1,clean
0,1,2,0,synthetic-V1010-e0-clean-c0-B1,0,1,0,0,0,0,0,0.011767129879444838,synthetic,20.356715244008228,synthetic-V1010-e0,0,conflict_timing,20.338388946838677,0,0,0,3528,451.0,B1,1400,0,1,1,1,2,0,0.0014995790552347898,test,V1010,1,0,0,0,1,1,clean
0,1,2,0,synthetic-V1010-e0-clean-c0-B2,0,1,0,0,0,0,0,0.053587628062814474,synthetic,20.31980777485296,synthetic-V1010-e0,0,conflict_timing,20.25533403805457,0,0,0,3528,451.0,B2,1400,0,1,1,1,2,0,0.005393519997596741,test,V1010,1,0,0,0,1,1,clean
0,1,2,0,synthetic-V1010-e0-clean-c0-B3,0,1,0,0,0,0,0,0.01134601910598576,synthetic,30.38359830598347,synthetic-V1010-e0,0,conflict_timing,19.92774759209715,0,0,0,3536,451.0,B3,1416,0,1,1,1,2,0,0.0015039299614727497,test,V1010,1,0,0,0,1,1,clean
0,1,2,0,synthetic-V1010-e0-clean-c0-M1,0,1,0,0,0,0,0,0.05420076590962708,synthetic,20.244008020032197,synthetic-V1010-e0,0,conflict_timing,20.177080921828747,0,0,0,3528,451.0,M1,1400,0,1,1,1,2,0,0.005437379004433751,test,V1010,1,0,0,0,1,1,clean
0,1,2,1,synthetic-V1010-e0-clean-c1-B0,1,3,2,0,0,0,0,0.005885380087420344,synthetic,45.35942404298112,synthetic-V1010-e0,0,conflict_timing,9.92385798995383,0,0,2,1418,481.0,B0,712,0,0,4,0,2,0,0.003953020088374615,test,V1010,1,0,1,0,1,1,clean
0,1,2,0,synthetic-V1010-e0-clean-c1-B1,1,1,0,0,0,0,0,0.015520063927397132,synthetic,55.73393876384944,synthetic-V1010-e0,0,conflict_timing,20.06122370203957,0,0,0,3579,481.0,B1,1426,0,1,1,1,2,0,0.0039015610236674547,test,V1010,1,0,1,0,1,1,clean
0,1,2,0,synthetic-V1010-e0-clean-c1-B2,1,1,0,0,0,0,0,0.04057636298239231,synthetic,55.98659758688882,synthetic-V1010-e0,0,conflict_timing,20.06071847397834,0,0,0,3579,481.0,B2,1426,0,1,1,1,2,0,0.009223022032529116,test,V1010,1,0,1,0,1,1,clean
0,1,2,0,synthetic-V1010-e0-clean-c1-B3,1,1,0,0,0,0,0,0.00776349101215601,synthetic,65.38401649193838,synthetic-V1010-e0,0,conflict_timing,20.14905263413675,0,0,0,3584,481.0,B3,1424,0,1,1,1,2,0,0.0015546788927167654,test,V1010,1,0,1,0,1,1,clean
0,1,2,0,synthetic-V1010-e0-clean-c1-M1,1,1,0,0,0,0,0,0.04062808305025101,synthetic,58.44076777296141,synthetic-V1010-e0,0,conflict_timing,20.1125650270842,0,0,0,3582,481.0,M1,1420,0,1,1,1,2,0,0.0073623990174382925,test,V1010,1,0,1,0,1,1,clean
0,1,2,1,synthetic-V1010-e0-clean-c2-B0,2,3,2,0,0,0,0,0.006231182953342795,synthetic,49.95270297396928,synthetic-V1010-e0,0,conflict_timing,9.953911279095337,0,0,4,1418,541.0,B0,711,0,0,4,0,2,0,0.004219815135002136,test,V1010,1,0,2,0,1,1,clean
0,1,2,0,synthetic-V1010-e0-clean-c2-B1,2,1,0,0,0,0,0,0.01611639093607664,synthetic,62.104243075009435,synthetic-V1010-e0,0,conflict_timing,19.990673650987446,0,0,0,3577,541.0,B1,1422,0,1,1,1,2,0,0.003753964090719819,test,V1010,1,0,2,0,1,1,clean
0,1,2,0,synthetic-V1010-e0-clean-c2-B2,2,1,0,0,0,0,0,0.04216795088723302,synthetic,62.66281985398382,synthetic-V1010-e0,0,conflict_timing,20.021040248917416,0,0,0,3577,541.0,B2,1422,0,1,1,1,2,0,0.009005917003378272,test,V1010,1,0,2,0,1,1,clean
0,1,2,0,synthetic-V1010-e0-clean-c2-B3,2,1,0,0,0,0,0,0.007471967954188585,synthetic,69.8759962671902,synthetic-V1010-e0,0,conflict_timing,20.05480362405069,0,0,0,3582,541.0,B3,1420,0,1,1,1,2,0,0.0015956880524754524,test,V1010,1,0,2,0,1,1,clean
0,1,2,0,synthetic-V1010-e0-clean-c2-M1,2,1,0,0,0,0,0,0.04332893807440996,synthetic,63.2506169450935,synthetic-V1010-e0,0,conflict_timing,20.180345849134028,0,0,0,3577,541.0,M1,1422,0,1,1,1,2,0,0.007240052102133632,test,V1010,1,0,2,0,1,1,clean
0,1,2,1,synthetic-V1010-e0-correction-c0-B0,0,3,2,0,0,0,0,0.015463863965123892,synthetic,10.813148601911962,synthetic-V1010-e0,0,conflict_timing,10.791911466047168,0,0,0,1399,451.0,B0,708,0,0,4,0,2,0,0.001555279130116105,test,V1010,1,0,0,0,1,1,correction
0,1,2,0,synthetic-V1010-e0-correction-c0-B1,0,1,0,0,0,0,0,0.011337638832628727,synthetic,20.57153253094293,synthetic-V1010-e0,0,conflict_timing,20.55293835978955,0,0,0,3528,451.0,B1,1400,0,1,1,1,2,0,0.0015087290666997433,test,V1010,1,0,0,0,1,1,correction
0,1,2,0,synthetic-V1010-e0-correction-c0-B2,0,1,0,0,0,0,0,0.07119426620192826,synthetic,20.538402376929298,synthetic-V1010-e0,0,conflict_timing,20.45036797504872,0,0,0,3528,451.0,B2,1400,0,1,1,1,2,0,0.009034674847498536,test,V1010,1,0,0,0,1,1,correction
0,1,2,0,synthetic-V1010-e0-correction-c0-B3,0,1,0,0,0,0,0,0.016473782947286963,synthetic,30.570958006894216,synthetic-V1010-e0,0,conflict_timing,19.959077885141596,0,0,0,3536,451.0,B3,1416,0,1,1,1,2,0,0.0014992898795753717,test,V1010,1,0,0,0,1,1,correction
0,1,2,0,synthetic-V1010-e0-correction-c0-M1,0,1,0,0,0,0,0,0.07640161109156907,synthetic,20.486387758981436,synthetic-V1010-e0,0,conflict_timing,20.394337908132,0,0,0,3528,451.0,M1,1400,0,1,1,1,2,0,0.008948426926508546,test,V1010,1,0,0,0,1,1,correction
0,1,2,1,synthetic-V1010-e0-correction-c1-B0,1,3,2,0,0,0,1,0.005901438882574439,synthetic,38.48965675686486,synthetic-V1010-e0,0,conflict_timing,7.842664103023708,0,0,2,1417,481.0,B0,560,0,0,4,0,2,1,0.003971518948674202,test,V1010,1,0,0,0,1,1,correction
0,1,2,0,synthetic-V1010-e0-correction-c1-B1,1,1,0,0,1,1,1,0.0167077190708369,synthetic,48.208445383934304,synthetic-V1010-e0,0,conflict_timing,16.025944590801373,0,0,0,3432,481.0,B1,1136,0,1,1,1,2,0,0.004001057939603925,test,V1010,1,0,0,0,1,1,correction
0,1,2,0,synthetic-V1010-e0-correction-c1-B2,1,1,0,0,1,1,1,0.0568713890388608,synthetic,52.322983785066754,synthetic-V1010-e0,0,conflict_timing,18.530731939012185,0,0,0,3535,481.0,B2,1308,0,1,1,1,2,0,0.009342688834294677,test,V1010,1,0,0,0,1,1,correction
0,1,2,0,synthetic-V1010-e0-correction-c1-B3,1,1,0,0,1,1,1,0.007878208998590708,synthetic,54.53740239306353,synthetic-V1010-e0,0,conflict_timing,16.199912098934874,0,0,0,3432,481.0,B3,1136,0,1,1,1,2,0,0.0015955870039761066,test,V1010,1,0,0,0,1,1,correction
0,1,2,0,synthetic-V1010-e0-correction-c1-M1,1,1,0,0,1,1,1,0.046013190876692533,synthetic,54.34057659097016,synthetic-V1010-e0,0,conflict_timing,19.078914945945144,0,0,0,3535,481.0,M1,1308,0,1,1,1,2,0,0.009153882972896099,test,V1010,1,0,0,0,1,1,correction
0,1,2,1,synthetic-V1010-e0-correction-c2-B0,2,3,2,0,0,0,1,0.004043388180434704,synthetic,48.385957358870655,synthetic-V1010-e0,0,conflict_timing,9.961222816025838,0,0,4,1418,541.0,B0,713,0,0,4,0,2,1,0.002734764013439417,test,V1010,1,0,1,0,1,1,correction
0,1,2,0,synthetic-V1010-e0-correction-c2-B1,2,1,0,0,1,1,1,0.011609982931986451,synthetic,59.774140012217686,synthetic-V1010-e0,0,conflict_timing,20.105122294276953,0,0,0,3577,541.0,B1,1422,0,1,1,1,2,0,0.00264575588516891,test,V1010,1,0,1,0,1,1,correction
0,1,2,0,synthetic-V1010-e0-correction-c2-B2,2,1,0,0,1,1,1,0.03708454314619303,synthetic,62.649062022101134,synthetic-V1010-e0,0,conflict_timing,20.17612792388536,0,0,0,3577,541.0,B2,1422,0,1,1,1,2,0,0.005756722996011376,test,V1010,1,0,1,0,1,1,correction
0,1,2,0,synthetic-V1010-e0-correction-c2-B3,2,1,0,0,1,1,1,0.008247881894931197,synthetic,68.53749570483342,synthetic-V1010-e0,0,conflict_timing,20.252240279922262,0,0,0,3577,541.0,B3,1422,0,1,1,1,2,0,0.0016325360629707575,test,V1010,1,0,1,0,1,1,correction
0,1,2,0,synthetic-V1010-e0-correction-c2-M1,2,1,0,0,1,1,1,0.03505165409296751,synthetic,65.66618325118907,synthetic-V1010-e0,0,conflict_timing,20.580134944990277,0,0,0,3584,541.0,M1,1424,0,1,1,1,2,0,0.005842071026563644,test,V1010,1,0,1,0,1,1,correction
0,0,0,1,synthetic-V1010-e0-delayed-c0-B0,0,3,3,0,0,0,0,0.018829005071893334,synthetic,22.377796702086926,synthetic-V1010-e0,0,conflict_timing,7.582778743002564,0,0,0,1285,451.0,B0,539,1,0,4,0,2,0,0.0015003099106252193,test,V1010,0,0,0,0,0,0,delayed
1,0,0,0,synthetic-V1010-e0-delayed-c0-B1,0,0,0,0,0,0,0,0.011865693144500256,synthetic,29.917006243020296,synthetic-V1010-e0,0,conflict_timing,15.12695552711375,0,0,0,3160,451.0,B1,1078,0,0,0,1,2,0,0.0015081700403243303,test,V1010,0,0,0,0,0,0,delayed
1,0,0,0,synthetic-V1010-e0-delayed-c0-B2,0,0,0,0,0,0,0,0.05550716305151582,synthetic,37.203718662960455,synthetic-V1010-e0,0,conflict_timing,15.150773531058803,0,0,0,3160,451.0,B2,1078,0,0,0,1,2,0,0.005466490983963013,test,V1010,0,0,0,0,0,0,delayed
1,0,0,0,synthetic-V1010-e0-delayed-c0-B3,0,0,0,0,0,0,0,0.011789025040343404,synthetic,37.76731888693757,synthetic-V1010-e0,0,conflict_timing,15.404940749052912,0,0,0,3160,451.0,B3,1078,0,0,0,1,2,0,0.0014884399715811014,test,V1010,0,0,0,0,0,0,delayed
1,0,0,0,synthetic-V1010-e0-delayed-c0-M1,0,0,0,0,0,0,0,0.05895318416878581,synthetic,37.468197165988386,synthetic-V1010-e0,0,conflict_timing,15.174418578157201,0,0,0,3160,451.0,M1,1078,0,0,0,1,2,0,0.007265695137903094,test,V1010,0,0,0,0,0,0,delayed
0,0,0,1,synthetic-V1010-e0-delayed-c1-B0,1,3,3,0,0,0,0,0.00470078713260591,synthetic,30.28934956388548,synthetic-V1010-e0,0,conflict_timing,7.523464346071705,0,0,3,1285,481.0,B0,539,1,0,4,0,2,0,0.0039995398838073015,test,V1010,0,0,0,0,0,0,delayed
1,0,0,0,synthetic-V1010-e0-delayed-c1-B1,1,0,0,0,0,0,0,0.006693856092169881,synthetic,37.910919113084674,synthetic-V1010-e0,0,conflict_timing,15.15041931788437,0,0,0,3160,481.0,B1,1078,0,0,0,1,2,0,0.002710046013817191,test,V1010,0,0,0,0,0,0,delayed
1,0,0,0,synthetic-V1010-e0-delayed-c1-B2,1,0,0,0,0,0,0,0.020168117014691234,synthetic,44.15809620497748,synthetic-V1010-e0,0,conflict_timing,15.220701914979145,0,0,0,3160,481.0,B2,1078,0,0,0,1,2,0,0.00969922705553472,test,V1010,0,0,0,0,0,0,delayed
1,0,0,0,synthetic-V1010-e0-delayed-c1-B3,1,0,0,0,0,0,0,0.003642287803813815,synthetic,45.48376494389959,synthetic-V1010-e0,0,conflict_timing,15.268945452058688,0,0,0,3160,481.0,B3,1078,0,0,0,1,2,0,0.001522368984296918,test,V1010,0,0,0,0,0,0,delayed
1,0,0,0,synthetic-V1010-e0-delayed-c1-M1,1,0,0,0,0,0,0,0.01977736596018076,synthetic,45.22992327902466,synthetic-V1010-e0,0,conflict_timing,15.770014564041048,0,0,0,3160,481.0,M1,1078,0,0,0,1,2,0,0.008590828161686659,test,V1010,0,0,0,0,0,0,delayed
0,1,2,1,synthetic-V1010-e0-delayed-c2-B0,2,3,2,0,0,0,0,0.006047378992661834,synthetic,30.734298086026683,synthetic-V1010-e0,0,conflict_timing,7.993678634054959,0,0,6,1399,541.0,B0,568,0,0,4,0,2,0,0.004061529180034995,test,V1010,1,0,0,0,1,1,delayed
0,1,2,0,synthetic-V1010-e0-delayed-c2-B1,2,1,0,0,0,0,0,0.009853502968326211,synthetic,43.06300792400725,synthetic-V1010-e0,0,conflict_timing,19.555709220003337,0,0,0,3520,541.0,B1,1384,0,1,1,1,2,0,0.003269965061917901,test,V1010,1,0,0,0,1,1,delayed
0,1,2,0,synthetic-V1010-e0-delayed-c2-B2,2,1,0,0,0,0,0,0.025723075959831476,synthetic,47.765532206045464,synthetic-V1010-e0,0,conflict_timing,19.737887124996632,0,0,0,3522,541.0,B2,1388,0,1,1,1,2,0,0.009155418025329709,test,V1010,1,0,0,0,1,1,delayed
0,1,2,0,synthetic-V1010-e0-delayed-c2-B3,2,1,0,0,0,0,0,0.004330974072217941,synthetic,50.41056709992699,synthetic-V1010-e0,0,conflict_timing,19.761103792116046,0,0,0,3522,541.0,B3,1388,0,1,1,1,2,0,0.0015453991945832968,test,V1010,1,0,0,0,1,1,delayed
0,1,2,0,synthetic-V1010-e0-delayed-c2-M1,2,1,0,0,0,0,0,0.02356131002306938,synthetic,46.169302825117484,synthetic-V1010-e0,0,conflict_timing,16.20906043308787,0,0,0,3396,541.0,M1,1136,0,1,1,1,2,0,0.0077280758414417505,test,V1010,1,0,0,0,1,1,delayed
0,1,2,1,synthetic-V1010-e1-channel_fault-c0-B0,0,3,2,0,0,0,0,0.009866039035841823,synthetic,9.352986386977136,synthetic-V1010-e1,0,current_evidence,9.337924176128581,0,0,0,1436,1351.0,B0,624,0,0,4,0,2,0,0.0014769400004297495,test,V1010,1,0,0,0,1,1,channel_fault
0,1,2,0,synthetic-V1010-e1-channel_fault-c0-B1,0,1,0,0,0,0,0,0.011318797944113612,synthetic,18.132824171101674,synthetic-V1010-e1,0,current_evidence,18.11489181802608,0,0,0,3525,1351.0,B1,1243,0,1,1,1,2,0,0.0014814098831266165,test,V1010,1,0,0,0,1,1,channel_fault
0,1,2,0,synthetic-V1010-e1-channel_fault-c0-B2,0,1,0,0,0,0,0,0.03963389014825225,synthetic,18.09550886414945,synthetic-V1010-e1,0,current_evidence,18.045329078799114,0,0,0,3525,1351.0,B2,1243,0,1,1,1,2,0,0.005425459006801248,test,V1010,1,0,0,0,1,1,channel_fault
0,1,2,0,synthetic-V1010-e1-channel_fault-c0-B3,0,1,0,0,0,0,0,0.011180071858689189,synthetic,26.851098641986027,synthetic-V1010-e1,0,current_evidence,17.615293581271544,0,0,0,3525,1351.0,B3,1243,0,1,1,1,2,0,0.001502719009295106,test,V1010,1,0,0,0,1,1,channel_fault
0,1,2,0,synthetic-V1010-e1-channel_fault-c0-M1,0,1,0,0,0,0,0,0.03705977299250662,synthetic,18.033953801030293,synthetic-V1010-e1,0,current_evidence,17.98467458668165,0,0,0,3525,1351.0,M1,1243,0,1,1,1,2,0,0.00545218912884593,test,V1010,1,0,0,0,1,1,channel_fault
0,1,2,1,synthetic-V1010-e1-channel_fault-c1-B0,1,3,2,0,0,0,0,0.006156453862786293,synthetic,47.263243697118014,synthetic-V1010-e1,0,current_evidence,9.193305847933516,0,0,2,1524,1381.0,B0,653,0,0,4,0,2,0,0.001655136002227664,test,V1010,1,0,1,0,1,1,channel_fault
0,1,2,0,synthetic-V1010-e1-channel_fault-c1-B1,1,1,0,0,0,0,0,0.016103050904348493,synthetic,56.608777245972306,synthetic-V1010-e1,0,current_evidence,18.430997950956225,0,0,0,3735,1381.0,B1,1306,0,1,1,1,2,0,0.00158843700774014,test,V1010,1,0,1,0,1,1,channel_fault
0,1,2,0,synthetic-V1010-e1-channel_fault-c1-B2,1,1,0,0,0,0,0,0.11641208198852837,synthetic,57.09058846603148,synthetic-V1010-e1,0,current_evidence,18.474331214791164,0,0,0,3735,1381.0,B2,1306,0,1,1,1,2,0,0.0059071199502795935,test,V1010,1,0,1,0,1,1,channel_fault
0,1,2,0,synthetic-V1010-e1-channel_fault-c1-B3,1,1,0,0,0,0,0,0.025132326874881983,synthetic,65.5754377739504,synthetic-V1010-e1,0,current_evidence,18.549641537712887,0,0,0,3735,1381.0,B3,1306,0,1,1,1,2,0,0.0015984270721673965,test,V1010,1,0,1,0,1,1,channel_fault
0,1,2,0,synthetic-V1010-e1-channel_fault-c1-M1,1,1,0,0,0,0,0,0.08796958299353719,synthetic,58.77178797707893,synthetic-V1010-e1,0,current_evidence,18.52529985527508,0,0,0,3735,1381.0,M1,1306,0,1,1,1,2,0,0.005959308007732034,test,V1010,1,0,1,0,1,1,channel_fault
0,1,2,1,synthetic-V1010-e1-channel_fault-c2-B0,2,3,2,0,0,0,0,0.004603355890139937,synthetic,47.21179232909344,synthetic-V1010-e1,0,current_evidence,9.228726075030863,0,0,4,1524,1441.0,B0,654,0,0,4,0,2,0,0.0017704339697957039,test,V1010,1,0,2,0,1,1,channel_fault
0,1,2,0,synthetic-V1010-e1-channel_fault-c2-B1,2,1,0,0,0,0,0,0.017238427884876728,synthetic,56.6286619908642,synthetic-V1010-e1,0,current_evidence,18.495871684979647,0,0,0,3736,1441.0,B1,1308,0,1,1,1,2,0,0.001682656118646264,test,V1010,1,0,2,0,1,1,channel_fault
0,1,2,0,synthetic-V1010-e1-channel_fault-c2-B2,2,1,0,0,0,0,0,0.12364489515312016,synthetic,58.53755770204589,synthetic-V1010-e1,0,current_evidence,18.54227295704186,0,0,0,3736,1441.0,B2,1308,0,1,1,1,2,0,0.006080514984205365,test,V1010,1,0,2,0,1,1,channel_fault
0,1,2,0,synthetic-V1010-e1-channel_fault-c2-B3,2,1,0,0,0,0,0,0.025777292903512716,synthetic,65.48333289497532,synthetic-V1010-e1,0,current_evidence,18.57248968980275,0,0,0,3736,1441.0,B3,1308,0,1,1,1,2,0,0.001672685844823718,test,V1010,1,0,2,0,1,1,channel_fault
0,1,2,0,synthetic-V1010-e1-channel_fault-c2-M1,2,1,0,0,0,0,0,0.13840892305597663,synthetic,58.98578859702684,synthetic-V1010-e1,0,current_evidence,18.612894654273987,0,0,0,3736,1441.0,M1,1308,0,1,1,1,2,0,0.011537835001945496,test,V1010,1,0,2,0,1,1,channel_fault
0,1,2,1,synthetic-V1010-e1-clean-c0-B0,0,3,2,0,0,0,0,0.00914164399728179,synthetic,42.84774848097004,synthetic-V1010-e1,0,current_evidence,8.79485802189447,0,0,0,1436,1351.0,B0,624,0,0,4,0,2,0,0.0015049390494823456,test,V1010,1,0,0,0,1,1,clean
0,1,2,0,synthetic-V1010-e1-clean-c0-B1,0,1,0,0,0,0,0,0.011053574969992042,synthetic,60.13565553096123,synthetic-V1010-e1,0,current_evidence,20.80168261611834,0,0,0,3638,1351.0,B1,1464,0,1,1,1,2,0,0.0014906898140907288,test,V1010,1,0,0,0,1,1,clean
0,1,2,0,synthetic-V1010-e1-clean-c0-B2,0,1,0,0,0,0,0,0.03895168798044324,synthetic,59.20159338018857,synthetic-V1010-e1,0,current_evidence,17.657421017065644,0,0,0,3525,1351.0,B2,1243,0,1,1,1,2,0,0.005188805051147938,test,V1010,1,0,0,0,1,1,clean
0,1,2,0,synthetic-V1010-e1-clean-c0-B3,0,1,0,0,0,0,0,0.011072474997490644,synthetic,63.529580533038825,synthetic-V1010-e1,0,current_evidence,20.78793788398616,0,0,0,3638,1351.0,B3,1464,0,1,1,1,2,0,0.0015179389156401157,test,V1010,1,0,0,0,1,1,clean
0,1,2,0,synthetic-V1010-e1-clean-c0-M1,0,1,0,0,0,0,0,0.03971227281726897,synthetic,60.102262099971995,synthetic-V1010-e1,0,current_evidence,18.0803272400517,0,0,0,3525,1351.0,M1,1243,0,1,1,1,2,0,0.005187683971598744,test,V1010,1,0,0,0,1,1,clean
0,1,2,1,synthetic-V1010-e1-clean-c1-B0,1,3,2,0,0,0,0,0.00604004692286253,synthetic,46.752695105969906,synthetic-V1010-e1,0,current_evidence,8.749140232102945,0,0,2,1457,1381.0,B0,624,0,0,4,0,2,0,0.004049198003485799,test,V1010,1,0,1,0,1,1,clean
0,1,2,0,synthetic-V1010-e1-clean-c1-B1,1,1,0,0,0,0,0,0.015474304789677262,synthetic,56.808721718145534,synthetic-V1010-e1,0,current_evidence,17.148207610007375,0,0,0,3555,1381.0,B1,1219,0,1,1,1,2,0,0.0027488740161061287,test,V1010,1,0,1,0,1,1,clean
0,1,2,0,synthetic-V1010-e1-clean-c1-B2,1,1,0,0,0,0,0,0.04200848611071706,synthetic,58.415013131918386,synthetic-V1010-e1,0,current_evidence,17.213786976179108,0,0,0,3555,1381.0,B2,1219,0,1,1,1,2,0,0.00869693304412067,test,V1010,1,0,1,0,1,1,clean
0,1,2,0,synthetic-V1010-e1-clean-c1-B3,1,1,0,0,0,0,0,0.007228003116324544,synthetic,63.91248395899311,synthetic-V1010-e1,0,current_evidence,17.28810827503912,0,0,0,3555,1381.0,B3,1219,0,1,1,1,2,0,0.0015437190886586905,test,V1010,1,0,1,0,1,1,clean
0,1,2,0,synthetic-V1010-e1-clean-c1-M1,1,1,0,0,0,0,0,0.044545894023030996,synthetic,59.98038716800511,synthetic-V1010-e1,0,current_evidence,17.880624290090054,0,0,0,3567,1381.0,M1,1243,0,1,1,1,2,0,0.00766596500761807,test,V1010,1,0,1,0,1,1,clean
0,1,2,1,synthetic-V1010-e1-clean-c2-B0,2,3,2,0,0,0,0,0.0027311649173498154,synthetic,36.95475872512907,synthetic-V1010-e1,0,current_evidence,8.808390917023644,0,0,4,1457,1441.0,B0,624,0,0,4,0,2,0,0.0016828060615807772,test,V1010,1,0,2,0,1,1,clean
0,1,2,0,synthetic-V1010-e1-clean-c2-B1,2,1,0,0,0,0,0,0.006737793097272515,synthetic,45.37853703205474,synthetic-V1010-e1,0,current_evidence,17.11328339902684,0,0,0,3555,1441.0,B1,1219,0,1,1,1,2,0,0.0016315069515258074,test,V1010,1,0,2,0,1,1,clean
0,1,2,0,synthetic-V1010-e1-clean-c2-B2,2,1,0,0,0,0,0,0.03217304591089487,synthetic,45.599773183930665,synthetic-V1010-e1,0,current_evidence,17.11066536139697,0,0,0,3555,1441.0,B2,1219,0,1,1,1,2,0,0.005495457910001278,test,V1010,1,0,2,0,1,1,clean
0,1,2,0,synthetic-V1010-e1-clean-c2-B3,2,1,0,0,0,0,0,0.013584614032879472,synthetic,53.63778400188312,synthetic-V1010-e1,0,current_evidence,16.76857361686416,0,0,0,3567,1441.0,B3,1243,0,1,1,1,2,0,0.001581698190420866,test,V1010,1,0,2,0,1,1,clean
0,1,2,0,synthetic-V1010-e1-clean-c2-M1,2,1,0,0,0,0,0,0.03735071001574397,synthetic,49.409792056074366,synthetic-V1010-e1,0,current_evidence,16.992937276139855,0,0,0,3555,1441.0,M1,1219,0,1,1,1,2,0,0.00550565798766911,test,V1010,1,0,2,0,1,1,clean
0,1,2,1,synthetic-V1010-e1-correction-c0-B0,0,3,2,0,0,0,0,0.008932097116485238,synthetic,48.87100717192516,synthetic-V1010-e1,0,current_evidence,8.904423238011077,0,0,0,1436,1351.0,B0,624,0,0,4,0,2,0,0.0015276591293513775,test,V1010,1,0,0,0,1,1,correction
0,1,2,0,synthetic-V1010-e1-correction-c0-B1,0,1,0,0,0,0,0,0.010861078044399619,synthetic,64.86485458002426,synthetic-V1010-e1,0,current_evidence,17.5382694080472,0,0,0,3525,1351.0,B1,1243,0,1,1,1,2,0,0.0015115789137780666,test,V1010,1,0,0,0,1,1,correction
0,1,2,0,synthetic-V1010-e1-correction-c0-B2,0,1,0,0,0,0,0,0.052364601055160165,synthetic,66.1412799989339,synthetic-V1010-e1,0,current_evidence,17.28280694084242,0,0,0,3513,1351.0,B2,1219,0,1,1,1,2,0,0.005643454845994711,test,V1010,1,0,0,0,1,1,correction
0,1,2,0,synthetic-V1010-e1-correction-c0-B3,0,1,0,0,0,0,0,0.01082832901738584,synthetic,69.09728843881749,synthetic-V1010-e1,0,current_evidence,17.90346602513455,0,0,0,3525,1351.0,B3,1243,0,1,1,1,2,0,0.0014900590758770704,test,V1010,1,0,0,0,1,1,correction
0,1,2,0,synthetic-V1010-e1-correction-c0-M1,0,1,0,0,0,0,0,0.051473920000717044,synthetic,67.46553027187474,synthetic-V1010-e1,0,current_evidence,17.62373309326358,0,0,0,3525,1351.0,M1,1243,0,1,1,1,2,0,0.0055172371212393045,test,V1010,1,0,0,0,1,1,correction
0,1,2,1,synthetic-V1010-e1-correction-c1-B0,1,3,2,0,0,0,1,0.0026905150152742863,synthetic,50.796361956046894,synthetic-V1010-e1,0,current_evidence,8.468273659003899,0,0,2,1457,1381.0,B0,601,0,0,4,0,2,1,0.001666866010054946,test,V1010,1,0,0,0,1,1,correction
0,1,2,0,synthetic-V1010-e1-correction-c1-B1,1,1,0,0,1,1,1,0.007623964920639992,synthetic,62.446935137035325,synthetic-V1010-e1,0,current_evidence,16.9619242597837,0,0,0,3545,1381.0,B1,1202,0,1,1,1,2,0,0.0016249059699475765,test,V1010,1,0,0,0,1,1,correction
0,1,2,0,synthetic-V1010-e1-correction-c1-B2,1,1,0,0,1,1,1,0.0330547159537673,synthetic,63.387878893874586,synthetic-V1010-e1,0,current_evidence,16.247161686886102,0,0,0,3530,1381.0,B2,1146,0,1,1,1,2,0,0.005789942108094692,test,V1010,1,0,0,0,1,1,correction
0,1,2,0,synthetic-V1010-e1-correction-c1-B3,1,1,0,0,1,1,1,0.007717532105743885,synthetic,67.87786383600906,synthetic-V1010-e1,0,current_evidence,17.16576331993565,0,0,0,3545,1381.0,B3,1202,0,1,1,1,2,0,0.001600117888301611,test,V1010,1,0,0,0,1,1,correction
0,1,2,0,synthetic-V1010-e1-correction-c1-M1,1,1,0,0,1,1,1,0.030811441130936146,synthetic,65.1226109098643,synthetic-V1010-e1,0,current_evidence,17.407172904117033,0,0,0,3545,1381.0,M1,1202,0,1,1,1,2,0,0.005791751900687814,test,V1010,1,0,0,0,1,1,correction
0,1,2,1,synthetic-V1010-e1-correction-c2-B0,2,3,2,0,0,0,1,0.0027126751374453306,synthetic,45.494390154024586,synthetic-V1010-e1,0,current_evidence,8.766459973994642,0,0,4,1457,1441.0,B0,624,0,0,4,0,2,1,0.002530967816710472,test,V1010,1,0,1,0,1,1,correction
0,1,2,0,synthetic-V1010-e1-correction-c2-B1,2,1,0,0,1,1,1,0.008827090030536056,synthetic,56.47645734786056,synthetic-V1010-e1,0,current_evidence,17.484394546132535,0,0,0,3567,1441.0,B1,1243,0,1,1,1,2,0,0.0016965849790722132,test,V1010,1,0,1,0,1,1,correction
0,1,2,0,synthetic-V1010-e1-correction-c2-B2,2,1,0,0,1,1,1,0.03663465194404125,synthetic,57.77655823412351,synthetic-V1010-e1,0,current_evidence,17.119107553036883,0,0,0,3555,1441.0,B2,1219,0,1,1,1,2,0,0.005611235974356532,test,V1010,1,0,1,0,1,1,correction
0,1,2,0,synthetic-V1010-e1-correction-c2-B3,2,1,0,0,1,1,1,0.00791758787818253,synthetic,62.20917500811629,synthetic-V1010-e1,0,current_evidence,16.799225630937144,0,0,0,3555,1441.0,B3,1219,0,1,1,1,2,0,0.001631047111004591,test,V1010,1,0,1,0,1,1,correction
0,1,2,0,synthetic-V1010-e1-correction-c2-M1,2,1,0,0,1,1,1,0.02848684904165566,synthetic,60.939393932931125,synthetic-V1010-e1,0,current_evidence,16.961207024985924,0,0,0,3555,1441.0,M1,1219,0,1,1,1,2,0,0.0055994861759245396,test,V1010,1,0,1,0,1,1,correction
0,0,0,1,synthetic-V1010-e1-delayed-c0-B0,0,3,3,0,0,0,0,0.00938079901970923,synthetic,15.714331560069695,synthetic-V1010-e1,0,current_evidence,8.085217847954482,0,0,0,1317,1351.0,B0,576,0,0,4,0,2,0,0.0015062200836837292,test,V1010,0,0,0,0,0,0,delayed
1,0,0,0,synthetic-V1010-e1-delayed-c0-B1,0,0,0,0,0,0,0,0.011193973012268543,synthetic,23.79475294589065,synthetic-V1010-e1,0,current_evidence,16.15450941119343,0,0,0,3253,1351.0,B1,1152,0,0,0,1,2,0,0.0014934090431779623,test,V1010,0,0,0,0,0,0,delayed
1,0,0,0,synthetic-V1010-e1-delayed-c0-B2,0,0,0,0,0,0,0,0.05189365497790277,synthetic,23.800736624049023,synthetic-V1010-e1,0,current_evidence,16.172668702201918,0,0,0,3253,1351.0,B2,1152,0,0,0,1,2,0,0.00533762201666832,test,V1010,0,0,0,0,0,0,delayed
1,0,0,0,synthetic-V1010-e1-delayed-c0-B3,0,0,0,0,0,0,0,0.013928296975791454,synthetic,31.81749021518044,synthetic-V1010-e1,0,current_evidence,16.2582301129587,0,0,0,3253,1351.0,B3,1152,0,0,0,1,2,0,0.001505308784544468,test,V1010,0,0,0,0,0,0,delayed
1,0,0,0,synthetic-V1010-e1-delayed-c0-M1,0,0,0,0,0,0,0,0.06671775388531387,synthetic,31.085765490075573,synthetic-V1010-e1,0,current_evidence,16.429756334982812,0,0,0,3253,1351.0,M1,1152,0,0,0,1,2,0,0.014867538120597601,test,V1010,0,0,0,0,0,0,delayed
0,0,0,1,synthetic-V1010-e1-delayed-c1-B0,1,3,3,0,0,0,0,0.0047907528933137655,synthetic,46.42196285887621,synthetic-V1010-e1,0,current_evidence,8.010178884025663,0,0,3,1317,1381.0,B0,576,0,0,4,0,2,0,0.004016517894342542,test,V1010,0,0,0,0,0,0,delayed
1,0,0,0,synthetic-V1010-e1-delayed-c1-B1,1,0,0,0,0,0,0,0.007651855004951358,synthetic,55.588506014086306,synthetic-V1010-e1,0,current_evidence,16.105145174078643,0,0,0,3253,1381.0,B1,1152,0,0,0,1,2,0,0.0026901348028331995,test,V1010,0,0,0,0,0,0,delayed
1,0,0,0,synthetic-V1010-e1-delayed-c1-B2,1,0,0,0,0,0,0,0.02046081400476396,synthetic,56.19456362398341,synthetic-V1010-e1,0,current_evidence,16.155269736191258,0,0,0,3253,1381.0,B2,1152,0,0,0,1,2,0,0.009364820085465908,test,V1010,0,0,0,0,0,0,delayed
1,0,0,0,synthetic-V1010-e1-delayed-c1-B3,1,0,0,0,0,0,0,0.0037090249825268984,synthetic,62.57153944997117,synthetic-V1010-e1,0,current_evidence,16.225146076176316,0,0,0,3253,1381.0,B3,1152,0,0,0,1,2,0,0.001526708947494626,test,V1010,0,0,0,0,0,0,delayed
1,0,0,0,synthetic-V1010-e1-delayed-c1-M1,1,0,0,0,0,0,0,0.019856936996802688,synthetic,60.23305792105384,synthetic-V1010-e1,0,current_evidence,16.356293789111078,0,0,0,3253,1381.0,M1,1152,0,0,0,1,2,0,0.009135373868048191,test,V1010,0,0,0,0,0,0,delayed
0,1,2,1,synthetic-V1010-e1-delayed-c2-B0,2,3,2,0,0,0,0,0.0060700359754264355,synthetic,50.208516899030656,synthetic-V1010-e1,0,current_evidence,8.72814309806563,0,0,6,1436,1441.0,B0,624,0,0,4,0,2,0,0.004087507026270032,test,V1010,1,0,0,0,1,1,delayed
0,1,2,0,synthetic-V1010-e1-delayed-c2-B1,2,1,0,0,0,0,0,0.009932399028912187,synthetic,60.7393248390872,synthetic-V1010-e1,0,current_evidence,17.43864532513544,0,0,0,3525,1441.0,B1,1243,0,1,1,1,2,0,0.003378181019797921,test,V1010,1,0,0,0,1,1,delayed
0,1,2,0,synthetic-V1010-e1-delayed-c2-B2,2,1,0,0,0,0,0,0.025101669831201434,synthetic,60.89372895983979,synthetic-V1010-e1,0,current_evidence,17.483474623877555,0,0,0,3525,1441.0,B2,1243,0,1,1,1,2,0,0.00934856990352273,test,V1010,1,0,0,0,1,1,delayed
0,1,2,0,synthetic-V1010-e1-delayed-c2-B3,2,1,0,0,0,0,0,0.004399320110678673,synthetic,67.72064282000065,synthetic-V1010-e1,0,current_evidence,17.598291389876977,0,0,0,3525,1441.0,B3,1243,0,1,1,1,2,0,0.001517138909548521,test,V1010,1,0,0,0,1,1,delayed
0,1,2,0,synthetic-V1010-e1-delayed-c2-M1,2,1,0,0,0,0,0,0.02343918289989233,synthetic,63.67787699913606,synthetic-V1010-e1,0,current_evidence,17.6127500848379,0,0,0,3525,1441.0,M1,1243,0,1,1,1,2,0,0.007771191885694861,test,V1010,1,0,0,0,1,1,delayed
0,1,2,1,wesad-S10-e0-channel_fault-c0-B0,0,3,2,0,0,0,0,0.00919783185236156,wesad,33.674118240131065,wesad-S10-e0,0,current_evidence,8.39983486616984,0,0,0,1368,1371.0,B0,591,0,0,4,0,2,0,0.0015178488101810217,test,S10,1,0,0,0,1,1,channel_fault
0,1,2,0,wesad-S10-e0-channel_fault-c0-B1,0,1,0,0,0,0,0,0.01816425984725356,wesad,44.33364313002676,wesad-S10-e0,0,current_evidence,16.669802171876654,0,0,0,3358,1371.0,B1,1182,0,1,1,1,2,0,0.001488309120759368,test,S10,1,0,0,0,1,1,channel_fault
0,1,2,0,wesad-S10-e0-channel_fault-c0-B2,0,1,0,0,0,0,0,0.08031074213795364,wesad,47.43148690392263,wesad-S10-e0,0,current_evidence,16.425707411020994,0,0,0,3345,1371.0,B2,1161,0,1,1,1,2,0,0.006102514918893576,test,S10,1,0,0,0,1,1,channel_fault
0,1,2,0,wesad-S10-e0-channel_fault-c0-B3,0,1,0,0,0,0,0,0.010710402159020305,wesad,51.36215412989259,wesad-S10-e0,0,current_evidence,16.642053327988833,0,0,0,3345,1371.0,B3,1161,0,1,1,1,2,0,0.0015066489577293396,test,S10,1,0,0,0,1,1,channel_fault
0,1,2,0,wesad-S10-e0-channel_fault-c0-M1,0,1,0,0,0,0,0,0.09481869614683092,wesad,50.49738608091138,wesad-S10-e0,0,current_evidence,16.9289815640077,0,0,0,3363,1371.0,M1,1197,0,1,1,1,2,0,0.005710873985663056,test,S10,1,0,0,0,1,1,channel_fault
0,1,2,1,wesad-S10-e0-channel_fault-c1-B0,1,3,2,0,0,0,1,0.01379722892306745,wesad,51.4438800518401,wesad-S10-e0,0,current_evidence,8.124778877012432,0,0,2,1477,1401.0,B0,573,0,0,4,0,2,1,0.0016080171335488558,test,S10,1,0,0,0,1,1,channel_fault
0,1,2,0,wesad-S10-e0-channel_fault-c1-B1,1,1,0,0,1,1,1,0.016727749025449157,wesad,60.768002742901444,wesad-S10-e0,0,current_evidence,16.115367762977257,0,0,0,3560,1401.0,B1,1145,0,1,1,1,2,0,0.0016279569827020168,test,S10,1,0,0,0,1,1,channel_fault
0,1,2,0,wesad-S10-e0-channel_fault-c1-B2,1,1,0,0,1,1,1,0.09249498299323022,wesad,65.18733726884238,wesad-S10-e0,0,current_evidence,16.133812105981633,0,0,0,3560,1401.0,B2,1145,0,1,1,1,2,0,0.00590819981880486,test,S10,1,0,0,0,1,1,channel_fault
0,1,2,0,wesad-S10-e0-channel_fault-c1-B3,1,1,0,0,1,1,1,0.01747187413275242,wesad,67.37729673599824,wesad-S10-e0,0,current_evidence,16.154220910044387,0,0,0,3560,1401.0,B3,1145,0,1,1,1,2,0,0.0016130369622260332,test,S10,1,0,0,0,1,1,channel_fault
0,1,2,0,wesad-S10-e0-channel_fault-c1-M1,1,1,0,0,1,1,1,0.08716550190001726,wesad,67.13263384602033,wesad-S10-e0,0,current_evidence,16.2979602268897,0,0,0,3560,1401.0,M1,1145,0,1,1,1,2,0,0.005963088013231754,test,S10,1,0,0,0,1,1,channel_fault
0,1,2,1,wesad-S10-e0-channel_fault-c2-B0,2,3,2,0,0,0,1,0.004906689980998635,wesad,51.05231175897643,wesad-S10-e0,0,current_evidence,8.514279032126069,0,0,4,1452,1461.0,B0,600,0,0,4,0,2,1,0.0017123748548328876,test,S10,1,0,1,0,1,1,channel_fault
0,1,2,0,wesad-S10-e0-channel_fault-c2-B1,2,1,0,0,1,1,1,0.02336972299963236,wesad,60.585319278994575,wesad-S10-e0,0,current_evidence,16.58777870470658,0,0,0,3522,1461.0,B1,1174,0,1,1,1,2,0,0.001705376198515296,test,S10,1,0,1,0,1,1,channel_fault
0,1,2,0,wesad-S10-e0-channel_fault-c2-B2,2,1,0,0,1,1,1,0.10559630603529513,wesad,67.00443174201064,wesad-S10-e0,0,current_evidence,16.597411229042336,0,0,0,3522,1461.0,B2,1174,0,1,1,1,2,0,0.006398599129170179,test,S10,1,0,1,0,1,1,channel_fault
0,1,2,0,wesad-S10-e0-channel_fault-c2-B3,2,1,0,0,1,1,1,0.019747006939724088,wesad,67.96336099994369,wesad-S10-e0,0,current_evidence,16.59432201110758,0,0,0,3522,1461.0,B3,1174,0,1,1,1,2,0,0.001716905040666461,test,S10,1,0,1,0,1,1,channel_fault
0,1,2,0,wesad-S10-e0-channel_fault-c2-M1,2,1,0,0,1,1,1,0.1441797581501305,wesad,67.34388359682634,wesad-S10-e0,0,current_evidence,16.424828439950943,0,0,0,3516,1461.0,M1,1162,0,1,1,1,2,0,0.006280151894316077,test,S10,1,0,1,0,1,1,channel_fault
0,1,2,1,wesad-S10-e0-clean-c0-B0,0,3,2,0,0,0,0,0.008862911956384778,wesad,53.6665044890251,wesad-S10-e0,0,current_evidence,8.33218631404452,0,0,0,1368,1371.0,B0,591,0,0,4,0,2,0,0.0014873798936605453,test,S10,1,0,0,0,1,1,clean
0,1,2,0,wesad-S10-e0-clean-c0-B1,0,1,0,0,0,0,0,0.010807652957737446,wesad,67.66125662112609,wesad-S10-e0,0,current_evidence,16.805242320755497,0,0,0,3363,1371.0,B1,1197,0,1,1,1,2,0,0.0015060589648783207,test,S10,1,0,0,0,1,1,clean
0,1,2,0,wesad-S10-e0-clean-c0-B2,0,1,0,0,0,0,0,0.05289025395177305,wesad,67.9810976178851,wesad-S10-e0,0,current_evidence,16.914146947208792,0,0,0,3363,1371.0,B2,1197,0,1,1,1,2,0,0.005363792181015015,test,S10,1,0,0,0,1,1,clean
0,1,2,0,wesad-S10-e0-clean-c0-B3,0,1,0,0,0,0,0,0.010869050864130259,wesad,70.18040778907016,wesad-S10-e0,0,current_evidence,16.642738793976605,0,0,0,3358,1371.0,B3,1182,0,1,1,1,2,0,0.0015129789244383574,test,S10,1,0,0,0,1,1,clean
0,1,2,0,wesad-S10-e0-clean-c0-M1,0,1,0,0,0,0,0,0.05598126188851893,wesad,67.7218006120529,wesad-S10-e0,0,current_evidence,16.70891898102127,0,0,0,3358,1371.0,M1,1182,0,1,1,1,2,0,0.005593517096713185,test,S10,1,0,0,0,1,1,clean
0,1,2,1,wesad-S10-e0-clean-c1-B0,1,3,2,0,0,0,0,0.003207805100828409,wesad,46.8579621987883,wesad-S10-e0,0,current_evidence,8.05094277113676,0,0,2,1388,1401.0,B0,574,0,0,4,0,2,0,0.0016592559404671192,test,S10,1,0,1,0,1,1,clean
0,1,2,0,wesad-S10-e0-clean-c1-B1,1,1,0,0,0,0,0,0.007132245926186442,wesad,59.390465050935745,wesad-S10-e0,0,current_evidence,15.724990224000067,0,0,0,3371,1401.0,B1,1122,0,1,1,1,2,0,0.0016166169662028551,test,S10,1,0,1,0,1,1,clean
0,1,2,0,wesad-S10-e0-clean-c1-B2,1,1,0,0,0,0,0,0.03756165294907987,wesad,59.93321077618748,wesad-S10-e0,0,current_evidence,16.052834518020973,0,0,0,3379,1401.0,B2,1143,0,1,1,1,2,0,0.005645777098834515,test,S10,1,0,1,0,1,1,clean
0,1,2,0,wesad-S10-e0-clean-c1-B3,1,1,0,0,0,0,0,0.007220315048471093,wesad,62.51187182404101,wesad-S10-e0,0,current_evidence,15.747638956876472,0,0,0,3369,1401.0,B3,1118,0,1,1,1,2,0,0.0015558479353785515,test,S10,1,0,1,0,1,1,clean
0,1,2,0,wesad-S10-e0-clean-c1-M1,1,1,0,0,0,0,0,0.03596203587949276,wesad,60.4392317419406,wesad-S10-e0,0,current_evidence,16.350977052003145,0,0,0,3385,1401.0,M1,1155,0,1,1,1,2,0,0.005656196037307382,test,S10,1,0,1,0,1,1,clean
0,1,2,1,wesad-S10-e0-clean-c2-B0,2,3,2,0,0,0,0,0.0063095130026340485,wesad,51.32637524488382,wesad-S10-e0,0,current_evidence,8.188374270917848,0,0,4,1388,1461.0,B0,580,0,0,4,0,2,0,0.004228173987939954,test,S10,1,0,2,0,1,1,clean
0,1,2,0,wesad-S10-e0-clean-c2-B1,2,1,0,0,0,0,0,0.015382280107587576,wesad,64.11789338802919,wesad-S10-e0,0,current_evidence,16.03631944069639,0,0,0,3379,1461.0,B1,1143,0,1,1,1,2,0,0.0028407329227775335,test,S10,1,0,2,0,1,1,clean
0,1,2,0,wesad-S10-e0-clean-c2-B2,2,1,0,0,0,0,0,0.05351902195252478,wesad,64.95317151001655,wesad-S10-e0,0,current_evidence,16.163804673124105,0,0,0,3385,1461.0,B2,1155,0,1,1,1,2,0,0.009548357222229242,test,S10,1,0,2,0,1,1,clean
0,1,2,0,wesad-S10-e0-clean-c2-B3,2,1,0,0,0,0,0,0.0122466329485178,wesad,67.00738168484531,wesad-S10-e0,0,current_evidence,15.833120843861252,0,0,0,3383,1461.0,B3,1146,0,1,1,1,2,0,0.0017781639471650124,test,S10,1,0,2,0,1,1,clean
0,1,2,0,wesad-S10-e0-clean-c2-M1,2,1,0,0,0,0,0,0.056753696175292134,wesad,65.54291890794411,wesad-S10-e0,0,current_evidence,16.145550361135975,0,0,0,3385,1461.0,M1,1155,0,1,1,1,2,0,0.009608076885342598,test,S10,1,0,2,0,1,1,clean
0,1,2,1,wesad-S10-e0-correction-c0-B0,0,3,2,0,0,0,0,0.017372480127960443,wesad,30.506017795065418,wesad-S10-e0,0,current_evidence,8.305329784983769,0,0,0,1368,1371.0,B0,591,0,0,4,0,2,0,0.0014897000510245562,test,S10,1,0,0,0,1,1,correction
0,1,2,0,wesad-S10-e0-correction-c0-B1,0,1,0,0,0,0,0,0.011382580967620015,wesad,42.095360052073374,wesad-S10-e0,0,current_evidence,16.475348809035495,0,0,0,3345,1371.0,B1,1161,0,1,1,1,2,0,0.0014986398164182901,test,S10,1,0,0,0,1,1,correction
0,1,2,0,wesad-S10-e0-correction-c0-B2,0,1,0,0,0,0,0,0.05220516794361174,wesad,43.616122941020876,wesad-S10-e0,0,current_evidence,16.403209171025082,0,0,0,3345,1371.0,B2,1161,0,1,1,1,2,0,0.005490688839927316,test,S10,1,0,0,0,1,1,correction
0,1,2,0,wesad-S10-e0-correction-c0-B3,0,1,0,0,0,0,0,0.011374861001968384,wesad,47.12778943614103,wesad-S10-e0,0,current_evidence,16.7560581730213,0,0,0,3358,1371.0,B3,1182,0,1,1,1,2,0,0.0015212800353765488,test,S10,1,0,0,0,1,1,correction
0,1,2,0,wesad-S10-e0-correction-c0-M1,0,1,0,0,0,0,0,0.04614455997943878,wesad,44.318501509027556,wesad-S10-e0,0,current_evidence,17.163674917072058,0,0,0,3363,1371.0,M1,1197,0,1,1,1,2,0,0.00540751195512712,test,S10,1,0,0,0,1,1,correction
0,1,2,1,wesad-S10-e0-correction-c1-B0,1,3,2,0,0,0,1,0.002610148163512349,wesad,34.83622917206958,wesad-S10-e0,0,current_evidence,8.094702050089836,0,0,2,1388,1401.0,B0,576,0,0,4,0,2,1,0.0015984380152076483,test,S10,1,0,0,0,1,1,correction
0,1,2,0,wesad-S10-e0-correction-c1-B1,1,1,0,0,1,1,1,0.007540650200098753,wesad,42.950124548049644,wesad-S10-e0,0,current_evidence,15.186724223662168,0,0,0,3355,1401.0,B1,1072,0,1,1,1,2,0,0.0015863778535276651,test,S10,1,0,0,0,1,1,correction
0,1,2,0,wesad-S10-e0-correction-c1-B2,1,1,0,0,1,1,1,0.031874443870037794,wesad,44.07277337787673,wesad-S10-e0,0,current_evidence,15.254994672024623,0,0,0,3355,1401.0,B2,1072,0,1,1,1,2,0,0.005641826894134283,test,S10,1,0,0,0,1,1,correction
0,1,2,0,wesad-S10-e0-correction-c1-B3,1,1,0,0,1,1,1,0.007615417940542102,wesad,50.07623429200612,wesad-S10-e0,0,current_evidence,15.324475354980677,0,0,0,3355,1401.0,B3,1072,0,1,1,1,2,0,0.0015917390119284391,test,S10,1,0,0,0,1,1,correction
0,1,2,0,wesad-S10-e0-correction-c1-M1,1,1,0,0,1,1,1,0.0341958780772984,wesad,47.68261705106124,wesad-S10-e0,0,current_evidence,16.562929175095633,0,0,0,3382,1401.0,M1,1152,0,1,1,1,2,0,0.005547848995774984,test,S10,1,0,0,0,1,1,correction
0,1,2,1,wesad-S10-e0-correction-c2-B0,2,3,2,0,0,0,1,0.006847092881798744,wesad,46.47063359315507,wesad-S10-e0,0,current_evidence,8.089293827069923,0,0,4,1388,1461.0,B0,580,0,0,4,0,2,1,0.004285464994609356,test,S10,1,0,1,0,1,1,correction
0,1,2,0,wesad-S10-e0-correction-c2-B1,2,1,0,0,1,1,1,0.018219056073576212,wesad,56.39956327388063,wesad-S10-e0,0,current_evidence,16.27025183290243,0,0,0,3385,1461.0,B1,1155,0,1,1,1,2,0,0.002882892033085227,test,S10,1,0,1,0,1,1,correction
0,1,2,0,wesad-S10-e0-correction-c2-B2,2,1,0,0,1,1,1,0.05373970698565245,wesad,56.20012691291049,wesad-S10-e0,0,current_evidence,16.090067099081352,0,0,0,3383,1461.0,B2,1146,0,1,1,1,2,0,0.009836554061621428,test,S10,1,0,1,0,1,1,correction
0,1,2,0,wesad-S10-e0-correction-c2-B3,2,1,0,0,1,1,1,0.012277554953470826,wesad,62.639805173967034,wesad-S10-e0,0,current_evidence,16.32981854607351,0,0,0,3385,1461.0,B3,1155,0,1,1,1,2,0,0.0016278570983558893,test,S10,1,0,1,0,1,1,correction
0,1,2,0,wesad-S10-e0-correction-c2-M1,2,1,0,0,1,1,1,0.05829342710785568,wesad,57.11386136105284,wesad-S10-e0,0,current_evidence,16.303466951008886,0,0,0,3385,1461.0,M1,1155,0,1,1,1,2,0,0.010755945928394794,test,S10,1,0,1,0,1,1,correction
0,0,0,1,wesad-S10-e0-delayed-c0-B0,0,3,3,0,0,0,0,0.015834206016734242,wesad,21.69287386792712,wesad-S10-e0,0,current_evidence,8.420781297143549,0,0,0,1264,1371.0,B0,602,0,0,4,0,2,0,0.0014911601319909096,test,S10,0,0,0,0,0,0,delayed
1,0,0,0,wesad-S10-e0-delayed-c0-B1,0,0,0,0,0,0,0,0.010449376190081239,wesad,30.12835881509818,wesad-S10-e0,0,current_evidence,16.868096502963454,0,0,0,3194,1371.0,B1,1204,0,0,0,1,2,0,0.0014846900012344122,test,S10,0,0,0,0,0,0,delayed
1,0,0,0,wesad-S10-e0-delayed-c0-B2,0,0,0,0,0,0,0,0.038563292007893324,wesad,35.24843417806551,wesad-S10-e0,0,current_evidence,16.94387199403718,0,0,0,3194,1371.0,B2,1204,0,0,0,1,2,0,0.0058361811097711325,test,S10,0,0,0,0,0,0,delayed
1,0,0,0,wesad-S10-e0-delayed-c0-B3,0,0,0,0,0,0,0,0.010354027850553393,wesad,38.94309712504037,wesad-S10-e0,0,current_evidence,17.36083264905028,0,0,0,3207,1371.0,B3,1230,0,0,0,1,2,0,0.0014988100156188011,test,S10,0,0,0,0,0,0,delayed
1,0,0,0,wesad-S10-e0-delayed-c0-M1,0,0,0,0,0,0,0,0.03650249494239688,wesad,38.03718006820418,wesad-S10-e0,0,current_evidence,17.21702720434405,0,0,0,3194,1371.0,M1,1204,0,0,0,1,2,0,0.005244852043688297,test,S10,0,0,0,0,0,0,delayed
0,0,0,1,wesad-S10-e0-delayed-c1-B0,1,3,3,0,0,0,0,0.0025379080325365067,wesad,27.473075529094785,wesad-S10-e0,0,current_evidence,7.873600832885131,0,0,3,1264,1401.0,B0,554,0,0,4,0,2,0,0.0023665418848395348,test,S10,0,0,0,0,0,0,delayed
1,0,0,0,wesad-S10-e0-delayed-c1-B1,1,0,0,0,0,0,0,0.004772603046149015,wesad,36.42773690097965,wesad-S10-e0,0,current_evidence,15.570003175875172,0,0,0,3125,1401.0,B1,1108,0,0,0,1,2,0,0.0016212170012295246,test,S10,0,0,0,0,0,0,delayed
1,0,0,0,wesad-S10-e0-delayed-c1-B2,1,0,0,0,0,0,0,0.015117401024326682,wesad,37.648993337061256,wesad-S10-e0,0,current_evidence,15.646497274050489,0,0,0,3125,1401.0,B2,1108,0,0,0,1,2,0,0.005637314869090915,test,S10,0,0,0,0,0,0,delayed
1,0,0,0,wesad-S10-e0-delayed-c1-B3,1,0,0,0,0,0,0,0.0050491769798099995,wesad,43.134620174067095,wesad-S10-e0,0,current_evidence,15.710098325042054,0,0,0,3125,1401.0,B3,1108,0,0,0,1,2,0,0.002055558143183589,test,S10,0,0,0,0,0,0,delayed
1,0,0,0,wesad-S10-e0-delayed-c1-M1,1,0,0,0,0,0,0,0.013944384874776006,wesad,43.13989801588468,wesad-S10-e0,0,current_evidence,16.03692115820013,0,0,0,3125,1401.0,M1,1108,0,0,0,1,2,0,0.006545827025547624,test,S10,0,0,0,0,0,0,delayed
0,1,2,1,wesad-S10-e0-delayed-c2-B0,2,3,2,0,0,0,0,0.00613474496640265,wesad,29.068139889044687,wesad-S10-e0,0,current_evidence,8.458993925945833,0,0,6,1368,1461.0,B0,601,0,0,4,0,2,0,0.004054386867210269,test,S10,1,0,0,0,1,1,delayed
0,1,2,0,wesad-S10-e0-delayed-c2-B1,2,1,0,0,0,0,0,0.009896217845380306,wesad,37.44897439307533,wesad-S10-e0,0,current_evidence,16.706232839263976,0,0,0,3359,1461.0,B1,1189,0,1,1,1,2,0,0.002508928067982197,test,S10,1,0,0,0,1,1,delayed
0,1,2,0,wesad-S10-e0-delayed-c2-B2,2,1,0,0,0,0,0,0.0243380528409034,wesad,38.655291612958536,wesad-S10-e0,0,current_evidence,16.78974207211286,0,0,0,3359,1461.0,B2,1189,0,1,1,1,2,0,0.00881570903584361,test,S10,1,0,0,0,1,1,delayed
0,1,2,0,wesad-S10-e0-delayed-c2-B3,2,1,0,0,0,0,0,0.0043575509916990995,wesad,45.81584351090714,wesad-S10-e0,0,current_evidence,16.828266786877066,0,0,0,3359,1461.0,B3,1189,0,1,1,1,2,0,0.001523429062217474,test,S10,1,0,0,0,1,1,delayed
0,1,2,0,wesad-S10-e0-delayed-c2-M1,2,1,0,0,0,0,0,0.022131317993626,wesad,44.79352822108194,wesad-S10-e0,0,current_evidence,16.80126341804862,0,0,0,3359,1461.0,M1,1189,0,1,1,1,2,0,0.005618434865027666,test,S10,1,0,0,0,1,1,delayed
0,1,2,1,wesad-S10-e1-channel_fault-c0-B0,0,3,2,0,0,0,0,0.00932101090438664,wesad,15.450216928031296,wesad-S10-e1,0,conflict_timing,7.930958082899451,0,0,0,1386,4121.0,B0,560,0,0,4,0,2,0,0.001515049021691084,test,S10,1,0,0,0,1,1,channel_fault
0,1,2,0,wesad-S10-e1-channel_fault-c0-B1,0,1,0,0,0,0,0,0.0111089451238513,wesad,23.343514633132145,wesad-S10-e1,0,conflict_timing,15.820777138927951,0,0,0,3366,4121.0,B1,1120,0,1,1,1,2,0,0.0015124690253287554,test,S10,1,0,0,0,1,1,channel_fault
0,1,2,0,wesad-S10-e1-channel_fault-c0-B2,0,1,0,0,0,0,0,0.05321639287285507,wesad,23.337520725093782,wesad-S10-e1,0,conflict_timing,15.826951713999733,0,0,0,3366,4121.0,B2,1120,0,1,1,1,2,0,0.005389141151681542,test,S10,1,0,0,0,1,1,channel_fault
0,1,2,0,wesad-S10-e1-channel_fault-c0-B3,0,1,0,0,0,0,0,0.011375519214197993,wesad,31.080645168898627,wesad-S10-e1,0,conflict_timing,15.824692610185593,0,0,0,3366,4121.0,B3,1120,0,1,1,1,2,0,0.0015153600834310055,test,S10,1,0,0,0,1,1,channel_fault
0,1,2,0,wesad-S10-e1-channel_fault-c0-M1,0,1,0,0,0,0,0,0.11125235911458731,wesad,30.525157442083582,wesad-S10-e1,0,conflict_timing,16.06676507019438,0,0,0,3366,4121.0,M1,1120,0,1,1,1,2,0,0.005528387846425176,test,S10,1,0,0,0,1,1,channel_fault
0,1,2,1,wesad-S10-e1-channel_fault-c1-B0,1,3,2,0,0,0,1,0.00424738391302526,wesad,38.091626591049135,wesad-S10-e1,0,conflict_timing,9.760451588081196,0,0,2,1470,4151.0,B0,694,0,0,4,0,2,1,0.0016689561307430267,test,S10,1,0,0,0,1,1,channel_fault
0,1,2,0,wesad-S10-e1-channel_fault-c1-B1,1,1,0,0,1,1,1,0.01661641406826675,wesad,47.98061048798263,wesad-S10-e1,0,conflict_timing,19.50974074192345,0,0,0,3663,4151.0,B1,1388,0,1,1,1,2,0,0.0016456770244985819,test,S10,1,0,0,0,1,1,channel_fault
0,1,2,0,wesad-S10-e1-channel_fault-c1-B2,1,1,0,0,1,1,1,0.08135904301889241,wesad,48.490990319056436,wesad-S10-e1,0,conflict_timing,19.627465630182996,0,0,0,3663,4151.0,B2,1388,0,1,1,1,2,0,0.005854350980371237,test,S10,1,0,0,0,1,1,channel_fault
0,1,2,0,wesad-S10-e1-channel_fault-c1-B3,1,1,0,0,1,1,1,0.018058544024825096,wesad,58.08875386998989,wesad-S10-e1,0,conflict_timing,20.195927704684436,0,0,0,3678,4151.0,B3,1416,0,1,1,1,2,0,0.0016615858767181635,test,S10,1,0,0,0,1,1,channel_fault
0,1,2,0,wesad-S10-e1-channel_fault-c1-M1,1,1,0,0,1,1,1,0.08706589788198471,wesad,55.345910219009966,wesad-S10-e1,0,conflict_timing,20.105267218779773,0,0,0,3663,4151.0,M1,1388,0,1,1,1,2,0,0.005701803835108876,test,S10,1,0,0,0,1,1,channel_fault
0,1,2,1,wesad-S10-e1-channel_fault-c2-B0,2,3,2,0,0,0,1,0.004578327061608434,wesad,37.027455237926915,wesad-S10-e1,0,conflict_timing,9.9290639560204,0,0,4,1470,4211.0,B0,702,0,0,4,0,2,1,0.001737434882670641,test,S10,1,0,1,0,1,1,channel_fault
0,1,2,0,wesad-S10-e1-channel_fault-c2-B1,2,1,0,0,1,1,1,0.019442937104031444,wesad,47.48246069881134,wesad-S10-e1,0,conflict_timing,19.818498003063723,0,0,0,3676,4211.0,B1,1404,0,1,1,1,2,0,0.0017451040912419558,test,S10,1,0,1,0,1,1,channel_fault
0,1,2,0,wesad-S10-e1-channel_fault-c2-B2,2,1,0,0,1,1,1,0.13036112184636295,wesad,49.14663758012466,wesad-S10-e1,0,conflict_timing,19.899282647063956,0,0,0,3676,4211.0,B2,1404,0,1,1,1,2,0,0.006204864010214806,test,S10,1,0,1,0,1,1,channel_fault
0,1,2,0,wesad-S10-e1-channel_fault-c2-B3,2,1,0,0,1,1,1,0.021201110910624266,wesad,56.670500182081014,wesad-S10-e1,0,conflict_timing,19.95239693298936,0,0,0,3676,4211.0,B3,1404,0,1,1,1,2,0,0.0017485350836068392,test,S10,1,0,1,0,1,1,channel_fault
0,1,2,0,wesad-S10-e1-channel_fault-c2-M1,2,1,0,0,1,1,1,0.14467907208018005,wesad,49.559221090050414,wesad-S10-e1,0,conflict_timing,19.90789503394626,0,0,0,3676,4211.0,M1,1404,0,1,1,1,2,0,0.010281701106578112,test,S10,1,0,1,0,1,1,channel_fault
0,1,2,1,wesad-S10-e1-clean-c0-B0,0,3,2,0,0,0,0,0.008825570112094283,wesad,26.925029939971864,wesad-S10-e1,0,conflict_timing,7.99704466201365,0,0,0,1386,4121.0,B0,560,0,0,4,0,2,0,0.0015015089884400368,test,S10,1,0,0,0,1,1,clean
0,1,2,0,wesad-S10-e1-clean-c0-B1,0,1,0,0,0,0,0,0.010645442875102162,wesad,40.10955665912479,wesad-S10-e1,0,conflict_timing,15.731347569962963,0,0,0,3366,4121.0,B1,1120,0,1,1,1,2,0,0.0014864990953356028,test,S10,1,0,0,0,1,1,clean
0,1,2,0,wesad-S10-e1-clean-c0-B2,0,1,0,0,0,0,0,0.04549182113260031,wesad,40.681410369928926,wesad-S10-e1,0,conflict_timing,15.767307705944404,0,0,0,3366,4121.0,B2,1120,0,1,1,1,2,0,0.005331700900569558,test,S10,1,0,0,0,1,1,clean
0,1,2,0,wesad-S10-e1-clean-c0-B3,0,1,0,0,0,0,0,0.010445566847920418,wesad,42.577946393052116,wesad-S10-e1,0,conflict_timing,15.771117409225553,0,0,0,3366,4121.0,B3,1120,0,1,1,1,2,0,0.0014924791175872087,test,S10,1,0,0,0,1,1,clean
0,1,2,0,wesad-S10-e1-clean-c0-M1,0,1,0,0,0,0,0,0.044480131939053535,wesad,42.555809065001085,wesad-S10-e1,0,conflict_timing,16.01643488695845,0,0,0,3366,4121.0,M1,1120,0,1,1,1,2,0,0.005498707061633468,test,S10,1,0,0,0,1,1,clean
0,1,2,1,wesad-S10-e1-clean-c1-B0,1,3,2,0,0,0,0,0.0058545200154185295,wesad,38.88720568502322,wesad-S10-e1,0,conflict_timing,8.90102592902258,0,0,2,1406,4151.0,B0,634,0,0,4,0,2,0,0.004042467102408409,test,S10,1,0,1,0,1,1,clean
0,1,2,0,wesad-S10-e1-clean-c1-B1,1,1,0,0,0,0,0,0.015231278957799077,wesad,52.60523926699534,wesad-S10-e1,0,conflict_timing,19.817745815962553,0,0,0,3548,4151.0,B1,1404,0,1,1,1,2,0,0.003914060071110725,test,S10,1,0,1,0,1,1,clean
0,1,2,0,wesad-S10-e1-clean-c1-B2,1,1,0,0,0,0,0,0.04142717411741614,wesad,56.36858316184953,wesad-S10-e1,0,conflict_timing,19.902879068162292,0,0,0,3548,4151.0,B2,1404,0,1,1,1,2,0,0.009997716173529625,test,S10,1,0,1,0,1,1,clean
0,1,2,0,wesad-S10-e1-clean-c1-B3,1,1,0,0,0,0,0,0.006926368921995163,wesad,58.70369935594499,wesad-S10-e1,0,conflict_timing,19.94740432826802,0,0,0,3548,4151.0,B3,1404,0,1,1,1,2,0,0.0015405379235744476,test,S10,1,0,1,0,1,1,clean
0,1,2,0,wesad-S10-e1-clean-c1-M1,1,1,0,0,0,0,0,0.041124489856883883,wesad,53.48494781902991,wesad-S10-e1,0,conflict_timing,16.23514942987822,0,0,0,3406,4151.0,M1,1120,0,1,1,1,2,0,0.008391729090362787,test,S10,1,0,1,0,1,1,clean
0,1,2,1,wesad-S10-e1-clean-c2-B0,2,3,2,0,0,0,0,0.006092475960031152,wesad,38.33685300801881,wesad-S10-e1,0,conflict_timing,8.958148261066526,0,0,4,1406,4211.0,B0,634,0,0,4,0,2,0,0.004077336983755231,test,S10,1,0,2,0,1,1,clean
0,1,2,0,wesad-S10-e1-clean-c2-B1,2,1,0,0,0,0,0,0.015788747929036617,wesad,46.09007201809436,wesad-S10-e1,0,conflict_timing,15.753663872135803,0,0,0,3406,4211.0,B1,1120,0,1,1,1,2,0,0.004918120102956891,test,S10,1,0,2,0,1,1,clean
0,1,2,0,wesad-S10-e1-clean-c2-B2,2,1,0,0,0,0,0,0.041913324035704136,wesad,49.57625951082446,wesad-S10-e1,0,conflict_timing,16.007304901024327,0,0,0,3418,4211.0,B2,1144,0,1,1,1,2,0,0.009414496831595898,test,S10,1,0,2,0,1,1,clean
0,1,2,0,wesad-S10-e1-clean-c2-B3,2,1,0,0,0,0,0,0.007466948125511408,wesad,53.514708400005475,wesad-S10-e1,0,conflict_timing,15.308184559922665,0,0,0,3406,4211.0,B3,1120,0,1,1,1,2,0,0.001602256903424859,test,S10,1,0,2,0,1,1,clean
0,1,2,0,wesad-S10-e1-clean-c2-M1,2,1,0,0,0,0,0,0.04425478610210121,wesad,51.08125710301101,wesad-S10-e1,0,conflict_timing,15.617954624118283,0,0,0,3406,4211.0,M1,1120,0,1,1,1,2,0,0.008196791866794229,test,S10,1,0,2,0,1,1,clean
0,1,2,1,wesad-S10-e1-correction-c0-B0,0,3,2,0,0,0,0,0.010071159107610583,wesad,8.538211279083043,wesad-S10-e1,0,conflict_timing,8.523353436030447,0,0,0,1386,4121.0,B0,560,0,0,4,0,2,0,0.0014755500014871359,test,S10,1,0,0,0,1,1,correction
0,1,2,0,wesad-S10-e1-correction-c0-B1,0,1,0,0,0,0,0,0.01148326089605689,wesad,16.456487908028066,wesad-S10-e1,0,conflict_timing,16.433765362016857,0,0,0,3366,4121.0,B1,1120,0,1,1,1,2,0,0.0015027900226414204,test,S10,1,0,0,0,1,1,correction
0,1,2,0,wesad-S10-e1-correction-c0-B2,0,1,0,0,0,0,0,0.054251417983323336,wesad,16.467011337867007,wesad-S10-e1,0,conflict_timing,16.40199166489765,0,0,0,3366,4121.0,B2,1120,0,1,1,1,2,0,0.005384851945564151,test,S10,1,0,0,0,1,1,correction
0,1,2,0,wesad-S10-e1-correction-c0-B3,0,1,0,0,0,0,0,0.011432121973484755,wesad,24.275984406936914,wesad-S10-e1,0,conflict_timing,15.884132208069786,0,0,0,3366,4121.0,B3,1120,0,1,1,1,2,0,0.0014978800900280476,test,S10,1,0,0,0,1,1,correction
0,1,2,0,wesad-S10-e1-correction-c0-M1,0,1,0,0,0,0,0,0.053668680135160685,wesad,16.38920486997813,wesad-S10-e1,0,conflict_timing,16.324856863822788,0,0,0,3366,4121.0,M1,1120,0,1,1,1,2,0,0.0054318110924214125,test,S10,1,0,0,0,1,1,correction
0,1,2,1,wesad-S10-e1-correction-c1-B0,1,3,2,0,0,0,1,0.0058276241179555655,wesad,38.173712418880314,wesad-S10-e1,0,conflict_timing,9.694983028108254,0,0,2,1406,4151.0,B0,694,0,0,4,0,2,1,0.004031848860904574,test,S10,1,0,0,0,1,1,correction
0,1,2,0,wesad-S10-e1-correction-c1-B1,1,1,0,0,1,1,1,0.01662247790955007,wesad,48.27814884809777,wesad-S10-e1,0,conflict_timing,19.7955594540108,0,0,0,3544,4151.0,B1,1404,0,1,1,1,2,0,0.0027766949497163296,test,S10,1,0,0,0,1,1,correction
0,1,2,0,wesad-S10-e1-correction-c1-B2,1,1,0,0,1,1,1,0.046757827047258615,wesad,50.51035822904669,wesad-S10-e1,0,conflict_timing,19.603166843997315,0,0,0,3535,4151.0,B2,1388,0,1,1,1,2,0,0.00929607404395938,test,S10,1,0,0,0,1,1,correction
0,1,2,0,wesad-S10-e1-correction-c1-B3,1,1,0,0,1,1,1,0.01565622817724943,wesad,58.03641781397164,wesad-S10-e1,0,conflict_timing,19.99995765532367,0,0,0,3544,4151.0,B3,1404,0,1,1,1,2,0,0.0016255169175565243,test,S10,1,0,0,0,1,1,correction
0,1,2,0,wesad-S10-e1-correction-c1-M1,1,1,0,0,1,1,1,0.04674026696011424,wesad,51.02657634904608,wesad-S10-e1,0,conflict_timing,19.887922001304105,0,0,0,3544,4151.0,M1,1404,0,1,1,1,2,0,0.0091497169341892,test,S10,1,0,0,0,1,1,correction
0,1,2,1,wesad-S10-e1-correction-c2-B0,2,3,2,0,0,0,1,0.006935972021892667,wesad,34.29652134003118,wesad-S10-e1,0,conflict_timing,7.8301086579449475,0,0,4,1406,4211.0,B0,560,0,0,4,0,2,1,0.004882171982899308,test,S10,1,0,1,0,1,1,correction
0,1,2,0,wesad-S10-e1-correction-c2-B1,2,1,0,0,1,1,1,0.0201147492043674,wesad,44.46775820595212,wesad-S10-e1,0,conflict_timing,15.681828303728253,0,0,0,3406,4211.0,B1,1120,0,1,1,1,2,0,0.004690726054832339,test,S10,1,0,1,0,1,1,correction
0,1,2,0,wesad-S10-e1-correction-c2-B2,2,1,0,0,1,1,1,0.09044037503190339,wesad,46.918667112942785,wesad-S10-e1,0,conflict_timing,15.730658489977941,0,0,0,3406,4211.0,B2,1120,0,1,1,1,2,0,0.011511969845741987,test,S10,1,0,1,0,1,1,correction
0,1,2,0,wesad-S10-e1-correction-c2-B3,2,1,0,0,1,1,1,0.01221366599202156,wesad,50.20295746298507,wesad-S10-e1,0,conflict_timing,16.10521412617527,0,0,0,3418,4211.0,B3,1144,0,1,1,1,2,0,0.0016358678694814444,test,S10,1,0,1,0,1,1,correction
0,1,2,0,wesad-S10-e1-correction-c2-M1,2,1,0,0,1,1,1,0.051448973128572106,wesad,47.983678043819964,wesad-S10-e1,0,conflict_timing,15.859552877955139,0,0,0,3406,4211.0,M1,1120,0,1,1,1,2,0,0.009523429907858372,test,S10,1,0,1,0,1,1,correction
0,0,0,1,wesad-S10-e1-delayed-c0-B0,0,3,3,0,0,0,0,0.009078759932890534,wesad,14.513857568148524,wesad-S10-e1,0,conflict_timing,8.368208965985104,0,0,0,1282,4121.0,B0,599,1,0,4,0,2,0,0.001473024021834135,test,S10,0,0,0,0,0,0,delayed
1,0,0,0,wesad-S10-e1-delayed-c0-B1,0,0,0,0,0,0,0,0.011063066078349948,wesad,23.020377987995744,wesad-S10-e1,0,conflict_timing,16.8821693751961,0,0,0,3217,4121.0,B1,1198,0,0,0,1,2,0,0.0015013839583843946,test,S10,0,0,0,0,0,0,delayed
1,0,0,0,wesad-S10-e1-delayed-c0-B2,0,0,0,0,0,0,0,0.05953249498270452,wesad,25.369286155095324,wesad-S10-e1,0,conflict_timing,16.887400404084474,0,0,0,3217,4121.0,B2,1198,0,0,0,1,2,0,0.005550422938540578,test,S10,0,0,0,0,0,0,delayed
1,0,0,0,wesad-S10-e1-delayed-c0-B3,0,0,0,0,0,0,0,0.013880556914955378,wesad,31.364149913890287,wesad-S10-e1,0,conflict_timing,17.016406221082434,0,0,0,3217,4121.0,B3,1198,0,0,0,1,2,0,0.0014850038569420576,test,S10,0,0,0,0,0,0,delayed
1,0,0,0,wesad-S10-e1-delayed-c0-M1,0,0,0,0,0,0,0,0.07410905999131501,wesad,28.720168323954567,wesad-S10-e1,0,conflict_timing,17.11138294497505,0,0,0,3217,4121.0,M1,1198,0,0,0,1,2,0,0.009174478938803077,test,S10,0,0,0,0,0,0,delayed
0,0,0,1,wesad-S10-e1-delayed-c1-B0,1,3,3,0,0,0,0,0.002001154934987426,wesad,49.179375865962356,wesad-S10-e1,0,conflict_timing,8.450114889070392,0,0,3,1282,4151.0,B0,599,1,0,4,0,2,0,0.0015706620179116726,test,S10,0,0,0,0,0,0,delayed
1,0,0,0,wesad-S10-e1-delayed-c1-B1,1,0,0,0,0,0,0,0.003598215989768505,wesad,56.756218099966645,wesad-S10-e1,0,conflict_timing,15.475310710724443,0,0,0,3159,4151.0,B1,1104,0,0,0,1,2,0,0.0015208639670163393,test,S10,0,0,0,0,0,0,delayed
1,0,0,0,wesad-S10-e1-delayed-c1-B2,1,0,0,0,0,0,0,0.012541139964014292,wesad,57.03580364398658,wesad-S10-e1,0,conflict_timing,15.499747662106529,0,0,0,3159,4151.0,B2,1104,0,0,0,1,2,0,0.005470214178785682,test,S10,0,0,0,0,0,0,delayed
1,0,0,0,wesad-S10-e1-delayed-c1-B3,1,0,0,0,0,0,0,0.0037573338486254215,wesad,64.61795600201003,wesad-S10-e1,0,conflict_timing,15.473204107955098,0,0,0,3159,4151.0,B3,1104,0,0,0,1,2,0,0.0015335730277001858,test,S10,0,0,0,0,0,0,delayed
1,0,0,0,wesad-S10-e1-delayed-c1-M1,1,0,0,0,0,0,0,0.011252451920881867,wesad,63.91866782098077,wesad-S10-e1,0,conflict_timing,15.652689039008692,0,0,0,3159,4151.0,M1,1104,0,0,0,1,2,0,0.00547970412299037,test,S10,0,0,0,0,0,0,delayed
0,1,2,1,wesad-S10-e1-delayed-c2-B0,2,3,2,0,0,0,0,0.0036878660321235657,wesad,57.59556455118582,wesad-S10-e1,0,conflict_timing,7.9022523909807205,0,0,6,1386,4211.0,B0,560,0,0,4,0,2,0,0.0016694399528205395,test,S10,1,0,0,0,1,1,delayed
0,1,2,0,wesad-S10-e1-delayed-c2-B1,2,1,0,0,0,0,0,0.008438891964033246,wesad,67.64738500700332,wesad-S10-e1,0,conflict_timing,15.704236343037337,0,0,0,3366,4211.0,B1,1120,0,1,1,1,2,0,0.001535662915557623,test,S10,1,0,0,0,1,1,delayed
0,1,2,0,wesad-S10-e1-delayed-c2-B2,2,1,0,0,0,0,0,0.018333957996219397,wesad,68.5112480497919,wesad-S10-e1,0,conflict_timing,15.750272694975138,0,0,0,3366,4211.0,B2,1120,0,1,1,1,2,0,0.005574411945417523,test,S10,1,0,0,0,1,1,delayed
0,1,2,0,wesad-S10-e1-delayed-c2-B3,2,1,0,0,0,0,0,0.004543260205537081,wesad,73.3228889380116,wesad-S10-e1,0,conflict_timing,15.773051405092701,0,0,0,3366,4211.0,B3,1120,0,1,1,1,2,0,0.0015493929386138916,test,S10,1,0,0,0,1,1,delayed
0,1,2,0,wesad-S10-e1-delayed-c2-M1,2,1,0,0,0,0,0,0.01597274886444211,wesad,73.32489296304993,wesad-S10-e1,0,conflict_timing,15.759519073180854,0,0,0,3366,4211.0,M1,1120,0,1,1,1,2,0,0.005541563034057617,test,S10,1,0,0,0,1,1,delayed
0,1,2,1,wesad-S11-e0-channel_fault-c0-B0,0,3,2,0,0,0,0,0.010275491047650576,wesad,8.553088266868144,wesad-S11-e0,0,conflict_timing,8.53733822889626,0,0,0,1393,1306.0,B0,564,0,0,4,0,2,0,0.0015185191296041012,test,S11,1,0,0,0,1,1,channel_fault
0,1,2,0,wesad-S11-e0-channel_fault-c0-B1,0,2,0,0,0,0,0,0.011384446872398257,wesad,6.19475198793225,wesad-S11-e0,0,conflict_timing,6.178352284012362,0,0,0,1393,1306.0,B1,395,0,0,3,0,2,0,0.0014910500030964613,test,S11,2,0,0,1,1,3,channel_fault
0,1,2,0,wesad-S11-e0-channel_fault-c0-B2,0,2,0,0,0,0,0,0.05432862089946866,wesad,6.192249400075525,wesad-S11-e0,0,conflict_timing,6.129595379112288,0,0,0,1393,1306.0,B2,395,0,0,3,0,2,0,0.005358549999073148,test,S11,2,0,0,1,1,3,channel_fault
0,1,2,0,wesad-S11-e0-channel_fault-c0-B3,0,1,0,0,0,0,0,0.011183890979737043,wesad,25.677239804994315,wesad-S11-e0,0,conflict_timing,19.613186947768554,0,0,0,3507,1306.0,B3,1388,0,1,1,1,2,0,0.0014882499817758799,test,S11,1,0,0,0,1,1,channel_fault
0,1,2,0,wesad-S11-e0-channel_fault-c0-M1,0,2,0,0,0,0,0,0.0532147828489542,wesad,6.12122243992053,wesad-S11-e0,0,conflict_timing,6.0595795980189,0,0,0,1393,1306.0,M1,395,0,0,3,0,2,0,0.005436178995296359,test,S11,2,0,0,1,1,3,channel_fault
0,1,2,1,wesad-S11-e0-channel_fault-c1-B0,1,3,2,0,0,0,1,0.006616695085540414,wesad,33.75168524496257,wesad-S11-e0,0,conflict_timing,9.951492286054417,0,0,2,1477,1336.0,B0,705,0,0,4,0,2,1,0.0018618118483573198,test,S11,1,0,0,0,1,1,channel_fault
0,1,2,0,wesad-S11-e0-channel_fault-c1-B1,1,1,0,0,2,2,2,0.026561317965388298,wesad,45.04044562508352,wesad-S11-e0,0,conflict_timing,19.78484353190288,0,0,0,3683,1336.0,B1,1398,0,1,1,1,2,0,0.0017618138808757067,test,S11,1,0,0,0,1,1,channel_fault
0,1,2,0,wesad-S11-e0-channel_fault-c1-B2,1,1,0,0,2,2,2,0.08886377583257854,wesad,45.85816049994901,wesad-S11-e0,0,conflict_timing,19.814881678204983,0,0,0,3683,1336.0,B2,1398,0,1,1,1,2,0,0.00636913999915123,test,S11,1,0,0,0,1,1,channel_fault
0,1,2,0,wesad-S11-e0-channel_fault-c1-B3,1,1,0,0,1,1,1,0.020971101010218263,wesad,53.5910054249689,wesad-S11-e0,0,conflict_timing,20.06966531695798,0,0,0,3689,1336.0,B3,1410,0,1,1,1,2,0,0.0025480978656560183,test,S11,1,0,0,0,1,1,channel_fault
0,1,2,0,wesad-S11-e0-channel_fault-c1-M1,1,1,0,0,2,2,2,0.09557154891081154,wesad,48.090869932901114,wesad-S11-e0,0,conflict_timing,19.927836241666228,0,0,0,3683,1336.0,M1,1398,0,1,1,1,2,0,0.00629262113943696,test,S11,1,0,0,0,1,1,channel_fault
0,1,2,1,wesad-S11-e0-channel_fault-c2-B0,2,3,2,0,0,0,1,0.00555353588424623,wesad,41.06159196398221,wesad-S11-e0,0,conflict_timing,9.929780228063464,0,0,4,1477,1396.0,B0,705,0,0,4,0,2,1,0.0017425750847905874,test,S11,1,0,1,0,1,1,channel_fault
0,1,2,0,wesad-S11-e0-channel_fault-c2-B1,2,1,0,0,1,1,1,0.01849263207986951,wesad,54.57418971112929,wesad-S11-e0,0,conflict_timing,19.603118343045935,0,0,0,3681,1396.0,B1,1394,0,1,1,1,2,0,0.0017580140847712755,test,S11,1,0,2,0,1,1,channel_fault
0,1,2,0,wesad-S11-e0-channel_fault-c2-B2,2,1,0,0,1,1,1,0.12041556206531823,wesad,54.72848649090156,wesad-S11-e0,0,conflict_timing,19.66676495387219,0,0,0,3681,1396.0,B2,1394,0,1,1,1,2,0,0.006010707002133131,test,S11,1,0,2,0,1,1,channel_fault
0,1,2,0,wesad-S11-e0-channel_fault-c2-B3,2,1,0,0,1,1,1,0.020199438091367483,wesad,60.486408109078184,wesad-S11-e0,0,conflict_timing,19.717094665858895,0,0,0,3681,1396.0,B3,1394,0,1,1,1,2,0,0.0016916650347411633,test,S11,1,0,1,0,1,1,channel_fault
0,1,2,0,wesad-S11-e0-channel_fault-c2-M1,2,1,0,0,1,1,1,0.13441492593847215,wesad,56.342209682101384,wesad-S11-e0,0,conflict_timing,19.804082040907815,0,0,0,3681,1396.0,M1,1394,0,1,1,1,2,0,0.008601073874160647,test,S11,1,0,2,0,1,1,channel_fault
0,1,2,1,wesad-S11-e0-clean-c0-B0,0,3,2,0,0,0,0,0.00822926196269691,wesad,8.74784437683411,wesad-S11-e0,0,conflict_timing,8.732891163090244,0,0,0,1393,1306.0,B0,564,0,0,4,0,2,0,0.0015076389536261559,test,S11,1,0,0,0,1,1,clean
0,1,2,0,wesad-S11-e0-clean-c0-B1,0,2,0,0,0,0,0,0.011585043976083398,wesad,6.390551255084574,wesad-S11-e0,0,conflict_timing,6.373757548164576,0,0,0,1393,1306.0,B1,395,0,0,3,0,2,0,0.0015188090037554502,test,S11,2,0,0,1,1,3,clean
0,1,2,0,wesad-S11-e0-clean-c0-B2,0,2,0,0,0,0,0,0.06747681391425431,wesad,6.338203222956508,wesad-S11-e0,0,conflict_timing,6.259892649948597,0,0,0,1393,1306.0,B2,395,0,0,3,0,2,0,0.0056576840579509735,test,S11,2,0,0,1,1,3,clean
0,1,2,0,wesad-S11-e0-clean-c0-B3,0,2,0,0,0,0,0,0.010409467853605747,wesad,11.792546516982839,wesad-S11-e0,0,conflict_timing,5.586366110946983,0,0,0,1393,1306.0,B3,395,0,0,3,0,2,0,0.0015369579195976257,test,S11,2,0,0,1,1,3,clean
0,1,2,0,wesad-S11-e0-clean-c0-M1,0,2,0,0,0,0,0,0.06770352902822196,wesad,6.284498218912631,wesad-S11-e0,0,conflict_timing,6.207018378889188,0,0,0,1393,1306.0,M1,395,0,0,3,0,2,0,0.0061375650111585855,test,S11,2,0,0,1,1,3,clean
0,1,2,1,wesad-S11-e0-clean-c1-B0,1,3,2,0,0,0,0,0.0057662129402160645,wesad,50.70276113995351,wesad-S11-e0,0,conflict_timing,9.715401687892154,0,0,2,1413,1336.0,B0,697,0,0,4,0,2,0,0.004047206835821271,test,S11,1,0,1,0,1,1,clean
0,1,2,0,wesad-S11-e0-clean-c1-B1,1,1,0,0,0,0,0,0.016860757023096085,wesad,62.73796688579023,wesad-S11-e0,0,conflict_timing,19.61773433489725,0,0,0,3553,1336.0,B1,1394,0,1,1,1,2,0,0.003892450127750635,test,S11,1,0,2,0,1,1,clean
0,1,2,0,wesad-S11-e0-clean-c1-B2,1,1,0,0,0,0,0,0.0334001190494746,wesad,63.81546767591499,wesad-S11-e0,0,conflict_timing,19.70068794232793,0,0,0,3555,1336.0,B2,1398,0,1,1,1,2,0,0.0057659330777823925,test,S11,1,0,2,0,1,1,clean
0,1,2,0,wesad-S11-e0-clean-c1-B3,1,1,0,0,0,0,0,0.007426069118082523,wesad,70.30089558498003,wesad-S11-e0,0,conflict_timing,19.703050874872133,0,0,0,3553,1336.0,B3,1394,0,1,1,1,2,0,0.0015634079463779926,test,S11,1,0,2,0,1,1,clean
0,1,2,0,wesad-S11-e0-clean-c1-M1,1,1,0,0,0,0,0,0.03105089603923261,wesad,65.04359575198032,wesad-S11-e0,0,conflict_timing,19.76197849214077,0,0,0,3553,1336.0,M1,1394,0,1,1,1,2,0,0.005809121998026967,test,S11,1,0,2,0,1,1,clean
0,1,2,1,wesad-S11-e0-clean-c2-B0,2,3,2,0,0,0,0,0.006674933945760131,wesad,49.622110165888444,wesad-S11-e0,0,conflict_timing,9.72448504413478,0,0,4,1413,1396.0,B0,697,0,0,4,0,2,0,0.004184145014733076,test,S11,1,0,2,0,1,1,clean
0,1,2,0,wesad-S11-e0-clean-c2-B1,2,1,0,0,0,0,0,0.01700094318948686,wesad,60.31401770398952,wesad-S11-e0,0,conflict_timing,19.642321723047644,0,0,0,3553,1396.0,B1,1394,0,1,1,1,2,0,0.004062646999955177,test,S11,1,0,3,0,1,1,clean
0,1,2,0,wesad-S11-e0-clean-c2-B2,2,1,0,0,0,0,0,0.0464445729739964,wesad,61.57337304390967,wesad-S11-e0,0,conflict_timing,19.640394171932712,0,0,0,3553,1396.0,B2,1394,0,1,1,1,2,0,0.010675422148779035,test,S11,1,0,3,0,1,1,clean
0,1,2,0,wesad-S11-e0-clean-c2-B3,2,1,0,0,0,0,0,0.0076854240614920855,wesad,69.2186459028162,wesad-S11-e0,0,conflict_timing,19.732998254010454,0,0,0,3553,1396.0,B3,1394,0,1,1,1,2,0,0.0016274161171168089,test,S11,1,0,3,0,1,1,clean
0,1,2,0,wesad-S11-e0-clean-c2-M1,2,1,0,0,0,0,0,0.04274818813428283,wesad,58.33125312207267,wesad-S11-e0,0,conflict_timing,15.811514450935647,0,0,0,3413,1396.0,M1,1114,0,1,1,1,2,0,0.007157234009355307,test,S11,1,0,3,0,1,1,clean
0,1,2,1,wesad-S11-e0-correction-c0-B0,0,3,2,0,0,0,0,0.010281649883836508,wesad,8.743554300861433,wesad-S11-e0,0,conflict_timing,8.727184788091108,0,0,0,1393,1306.0,B0,564,0,0,4,0,2,0,0.0014901338145136833,test,S11,1,0,0,0,1,1,correction
0,1,2,0,wesad-S11-e0-correction-c0-B1,0,2,0,0,0,0,0,0.012550039915367961,wesad,6.354479618137702,wesad-S11-e0,0,conflict_timing,6.3367934881243855,0,0,0,1393,1306.0,B1,395,0,0,3,0,2,0,0.0015015529934316874,test,S11,2,0,0,1,1,3,correction
0,1,2,0,wesad-S11-e0-correction-c0-B2,0,2,0,0,0,0,0,0.05386832496151328,wesad,6.342480489052832,wesad-S11-e0,0,conflict_timing,6.204209604067728,0,0,0,1393,1306.0,B2,395,0,0,3,0,2,0,0.005451344884932041,test,S11,2,0,0,1,1,3,correction
0,1,2,0,wesad-S11-e0-correction-c0-B3,0,2,0,0,0,0,0,0.011287081986665726,wesad,11.70231449813582,wesad-S11-e0,0,conflict_timing,5.559525026008487,0,0,0,1393,1306.0,B3,395,0,0,3,0,2,0,0.0015051141381263733,test,S11,2,0,0,1,1,3,correction
0,1,2,0,wesad-S11-e0-correction-c0-M1,0,2,0,0,0,0,0,0.05329518509097397,wesad,6.212694745976478,wesad-S11-e0,0,conflict_timing,6.150576676009223,0,0,0,1393,1306.0,M1,395,0,0,3,0,2,0,0.005764259025454521,test,S11,2,0,0,1,1,3,correction
0,1,2,1,wesad-S11-e0-correction-c1-B0,1,3,2,0,0,0,1,0.00279761990532279,wesad,48.335863488027826,wesad-S11-e0,0,conflict_timing,9.692287223879248,0,0,2,1413,1336.0,B0,697,0,0,4,0,2,1,0.0015954631380736828,test,S11,1,0,0,0,1,1,correction
0,1,2,0,wesad-S11-e0-correction-c1-B1,1,1,0,0,2,2,2,0.007627125829458237,wesad,60.56468814704567,wesad-S11-e0,0,conflict_timing,19.627096943790093,0,0,0,3553,1336.0,B1,1394,0,1,1,1,2,0,0.0016187620349228382,test,S11,1,0,0,0,1,1,correction
0,1,2,0,wesad-S11-e0-correction-c1-B2,1,1,0,0,2,2,2,0.05571353295817971,wesad,61.06687896605581,wesad-S11-e0,0,conflict_timing,19.861098266905174,0,0,0,3561,1336.0,B2,1410,0,1,1,1,2,0,0.009575481992214918,test,S11,1,0,0,0,1,1,correction
0,1,2,0,wesad-S11-e0-correction-c1-B3,1,1,0,0,2,2,2,0.00867602787911892,wesad,67.98959452519193,wesad-S11-e0,0,conflict_timing,19.784380235010758,0,0,0,3555,1336.0,B3,1398,0,1,1,1,2,0,0.0016136011108756065,test,S11,1,0,0,0,1,1,correction
0,1,2,0,wesad-S11-e0-correction-c1-M1,1,1,0,0,2,2,2,0.04799063806422055,wesad,61.29371595708653,wesad-S11-e0,0,conflict_timing,19.7434711009264,0,0,0,3553,1336.0,M1,1394,0,1,1,1,2,0,0.009579261997714639,test,S11,1,0,0,0,1,1,correction
0,1,2,1,wesad-S11-e0-correction-c2-B0,2,3,2,0,0,0,1,0.0026607229374349117,wesad,58.34353040903807,wesad-S11-e0,0,conflict_timing,9.742077589966357,0,0,4,1413,1396.0,B0,694,0,0,4,0,2,1,0.0016451911069452763,test,S11,1,0,1,0,1,1,correction
0,1,2,0,wesad-S11-e0-correction-c2-B1,2,1,0,0,1,1,1,0.007886571111157537,wesad,68.40431077801622,wesad-S11-e0,0,conflict_timing,19.619728774065152,0,0,0,3553,1396.0,B1,1394,0,1,1,1,2,0,0.0016621809918433428,test,S11,1,0,2,0,1,1,correction
0,1,2,0,wesad-S11-e0-correction-c2-B2,2,1,0,0,1,1,1,0.040783104952424765,wesad,69.2144341650419,wesad-S11-e0,0,conflict_timing,19.61111530382186,0,0,0,3553,1396.0,B2,1394,0,1,1,1,2,0,0.005958294961601496,test,S11,1,0,2,0,1,1,correction
0,1,2,0,wesad-S11-e0-correction-c2-B3,2,1,0,0,1,1,1,0.008523960830643773,wesad,73.96441024402156,wesad-S11-e0,0,conflict_timing,15.725791074102744,0,0,0,3413,1396.0,B3,1114,0,1,1,1,2,0,0.0017845281399786472,test,S11,1,0,2,0,1,1,correction
0,1,2,0,wesad-S11-e0-correction-c2-M1,2,1,0,0,1,1,1,0.04614983987994492,wesad,66.08487405418418,wesad-S11-e0,0,conflict_timing,15.870814620982856,0,0,0,3413,1396.0,M1,1114,0,1,1,1,2,0,0.0059796960558742285,test,S11,1,0,2,0,1,1,correction
0,0,0,1,wesad-S11-e0-delayed-c0-B0,0,3,3,0,0,0,0,0.008941977052018046,wesad,43.305326014058664,wesad-S11-e0,0,conflict_timing,7.6037310308311135,0,0,0,1279,1306.0,B0,527,1,0,4,0,2,0,0.001491850009188056,test,S11,0,0,0,0,0,0,delayed
1,0,0,0,wesad-S11-e0-delayed-c0-B1,0,0,0,0,0,0,0,0.010587004013359547,wesad,56.663464814191684,wesad-S11-e0,0,conflict_timing,14.885784009005874,0,0,0,3136,1306.0,B1,1054,0,0,0,1,2,0,0.0014822699595242739,test,S11,0,0,0,0,0,0,delayed
1,0,0,0,wesad-S11-e0-delayed-c0-B2,0,0,0,0,0,0,0,0.05638089799322188,wesad,58.179650837089866,wesad-S11-e0,0,conflict_timing,14.890342816943303,0,0,0,3136,1306.0,B2,1054,0,0,0,1,2,0,0.05350274802185595,test,S11,0,0,0,0,0,0,delayed
1,0,0,0,wesad-S11-e0-delayed-c0-B3,0,0,0,0,0,0,0,0.010599073953926563,wesad,62.72374442801811,wesad-S11-e0,0,conflict_timing,15.048391208983958,0,0,0,3136,1306.0,B3,1054,0,0,0,1,2,0,0.0015150890685617924,test,S11,0,0,0,0,0,0,delayed
1,0,0,0,wesad-S11-e0-delayed-c0-M1,0,0,0,0,0,0,0,0.05640893802046776,wesad,58.33800588408485,wesad-S11-e0,0,conflict_timing,14.880749392090365,0,0,0,3136,1306.0,M1,1054,0,0,0,1,2,0,0.005491337971761823,test,S11,0,0,0,0,0,0,delayed
0,0,0,1,wesad-S11-e0-delayed-c1-B0,1,3,3,0,0,0,0,0.004632455063983798,wesad,50.55326975788921,wesad-S11-e0,0,conflict_timing,7.373698486946523,0,0,3,1279,1336.0,B0,527,1,0,4,0,2,0,0.003994299098849297,test,S11,0,0,0,0,0,0,delayed
1,0,0,0,wesad-S11-e0-delayed-c1-B1,1,0,0,0,0,0,0,0.009009165922179818,wesad,59.982079236069694,wesad-S11-e0,0,conflict_timing,15.293630441883579,0,0,0,3151,1336.0,B1,1092,0,0,0,1,2,0,0.0065380060113966465,test,S11,0,0,0,0,0,0,delayed
1,0,0,0,wesad-S11-e0-delayed-c1-B2,1,0,0,0,0,0,0,0.03135327994823456,wesad,60.871994205983356,wesad-S11-e0,0,conflict_timing,14.835905986838043,0,0,0,3136,1336.0,B2,1054,0,0,0,1,2,0,0.015035832999274135,test,S11,0,0,0,0,0,0,delayed
1,0,0,0,wesad-S11-e0-delayed-c1-B3,1,0,0,0,0,0,0,0.003655864857137203,wesad,65.34636682015844,wesad-S11-e0,0,conflict_timing,14.886027734028175,0,0,0,3136,1336.0,B3,1054,0,0,0,1,2,0,0.001514549134299159,test,S11,0,0,0,0,0,0,delayed
1,0,0,0,wesad-S11-e0-delayed-c1-M1,1,0,0,0,0,0,0,0.017817415995523334,wesad,63.41871957690455,wesad-S11-e0,0,conflict_timing,14.970710464054719,0,0,0,3136,1336.0,M1,1054,0,0,0,1,2,0,0.005529646994546056,test,S11,0,0,0,0,0,0,delayed
0,1,2,1,wesad-S11-e0-delayed-c2-B0,2,3,2,0,0,0,0,0.005700564011931419,wesad,44.176312890136614,wesad-S11-e0,0,conflict_timing,9.733872559154406,0,0,6,1393,1396.0,B0,694,0,0,4,0,2,0,0.0040245670825243,test,S11,1,0,0,0,1,1,delayed
0,1,2,0,wesad-S11-e0-delayed-c2-B1,2,1,0,0,0,0,0,0.011348068015649915,wesad,55.70767353894189,wesad-S11-e0,0,conflict_timing,19.489156938856468,0,0,0,3507,1396.0,B1,1388,0,1,1,1,2,0,0.0038662520237267017,test,S11,1,0,0,0,1,1,delayed
0,1,2,0,wesad-S11-e0-delayed-c2-B2,2,1,0,0,0,0,0,0.025092688156291842,wesad,56.99323468003422,wesad-S11-e0,0,conflict_timing,19.45709351520054,0,0,0,3507,1396.0,B2,1388,0,1,1,1,2,0,0.009396288078278303,test,S11,1,0,0,0,1,1,delayed
0,1,2,0,wesad-S11-e0-delayed-c2-B3,2,1,0,0,0,0,0,0.004778742790222168,wesad,63.11725686304271,wesad-S11-e0,0,conflict_timing,19.029898568056524,0,0,0,3507,1396.0,B3,1388,0,1,1,1,2,0,0.001527808140963316,test,S11,1,0,0,0,1,1,delayed
0,1,2,0,wesad-S11-e0-delayed-c2-M1,2,1,0,0,0,0,0,0.023864792892709374,wesad,61.27824855106883,wesad-S11-e0,0,conflict_timing,19.251805265899748,0,0,0,3507,1396.0,M1,1388,0,1,1,1,2,0,0.009309209883213043,test,S11,1,0,0,0,1,1,delayed
0,1,2,1,wesad-S11-e1-channel_fault-c0-B0,0,3,2,0,0,0,0,0.010420739883556962,wesad,8.749174449127167,wesad-S11-e1,0,conflict_timing,8.732667442178354,0,0,0,1373,3921.0,B0,572,0,0,4,0,2,0,0.001489080023020506,test,S11,1,0,0,0,1,1,channel_fault
0,1,2,0,wesad-S11-e1-channel_fault-c0-B1,0,1,0,0,0,0,0,0.011441498063504696,wesad,16.772465117042884,wesad-S11-e1,0,conflict_timing,16.754518169676885,0,0,0,3347,3921.0,B1,1139,0,1,1,1,2,0,0.0014931901823729277,test,S11,1,0,0,0,1,1,channel_fault
0,1,2,0,wesad-S11-e1-channel_fault-c0-B2,0,1,0,0,0,0,0,0.05646264995448291,wesad,16.760165424784645,wesad-S11-e1,0,conflict_timing,16.692070730030537,0,0,0,3347,3921.0,B2,1139,0,1,1,1,2,0,0.0055110889952629805,test,S11,1,0,0,0,1,1,channel_fault
0,1,2,0,wesad-S11-e1-channel_fault-c0-B3,0,1,0,0,0,0,0,0.012032577069476247,wesad,24.737934491829947,wesad-S11-e1,0,conflict_timing,16.14378698100336,0,0,0,3347,3921.0,B3,1139,0,1,1,1,2,0,0.0015315089840441942,test,S11,1,0,0,0,1,1,channel_fault
0,1,2,0,wesad-S11-e1-channel_fault-c0-M1,0,1,0,0,0,0,0,0.05504387803375721,wesad,16.676796078914776,wesad-S11-e1,0,conflict_timing,16.60989163001068,0,0,0,3347,3921.0,M1,1139,0,1,1,1,2,0,0.0055123791098594666,test,S11,1,0,0,0,1,1,channel_fault
0,1,2,1,wesad-S11-e1-channel_fault-c1-B0,1,3,2,0,0,0,0,0.015549335861578584,wesad,27.227125613950193,wesad-S11-e1,0,conflict_timing,9.852412450127304,0,0,2,1456,3951.0,B0,706,0,0,4,0,2,0,0.0027835930231958628,test,S11,1,0,1,0,1,1,channel_fault
0,1,2,0,wesad-S11-e1-channel_fault-c1-B1,1,1,0,0,0,0,0,0.025927806040272117,wesad,37.31031354400329,wesad-S11-e1,0,conflict_timing,19.825975702842698,0,0,0,3654,3951.0,B1,1407,0,1,1,1,2,0,0.0027168449014425278,test,S11,1,0,1,0,1,1,channel_fault
0,1,2,0,wesad-S11-e1-channel_fault-c1-B2,1,1,0,0,0,0,0,0.07995717599987984,wesad,38.75936596211977,wesad-S11-e1,0,conflict_timing,20.06929173017852,0,0,0,3650,3951.0,B2,1415,0,1,1,1,2,0,0.0056535659823566675,test,S11,1,0,1,0,1,1,channel_fault
0,1,2,0,wesad-S11-e1-channel_fault-c1-B3,1,1,0,0,0,0,0,0.018396479077637196,wesad,47.26962442602962,wesad-S11-e1,0,conflict_timing,20.261902438942343,0,0,0,3654,3951.0,B3,1407,0,1,1,1,2,0,0.001618676818907261,test,S11,1,0,1,0,1,1,channel_fault
0,1,2,0,wesad-S11-e1-channel_fault-c1-M1,1,1,0,0,0,0,0,0.0899336040019989,wesad,39.120156886056066,wesad-S11-e1,0,conflict_timing,20.247872553998604,0,0,0,3654,3951.0,M1,1407,0,1,1,1,2,0,0.005857781041413546,test,S11,1,0,1,0,1,1,channel_fault
0,1,2,1,wesad-S11-e1-channel_fault-c2-B0,2,3,2,0,0,0,0,0.005285063060000539,wesad,41.15149883693084,wesad-S11-e1,0,conflict_timing,10.000222955131903,0,0,4,1457,4011.0,B0,706,0,0,4,0,2,0,0.0017808438278734684,test,S11,1,0,2,0,1,1,channel_fault
0,1,2,0,wesad-S11-e1-channel_fault-c2-B1,2,1,0,0,0,0,0,0.017671273089945316,wesad,51.827906706836075,wesad-S11-e1,0,conflict_timing,19.89086111425422,0,0,0,3649,4011.0,B1,1405,0,1,1,1,2,0,0.0016828959342092276,test,S11,1,0,2,0,1,1,channel_fault
0,1,2,0,wesad-S11-e1-channel_fault-c2-B2,2,1,0,0,0,0,0,0.09689634386450052,wesad,51.98907194309868,wesad-S11-e1,0,conflict_timing,19.962359108030796,0,0,0,3649,4011.0,B2,1405,0,1,1,1,2,0,0.0058712109457701445,test,S11,1,0,2,0,1,1,channel_fault
0,1,2,0,wesad-S11-e1-channel_fault-c2-B3,2,1,0,0,0,0,0,0.019931487971916795,wesad,60.90697013400495,wesad-S11-e1,0,conflict_timing,20.02542518475093,0,0,0,3649,4011.0,B3,1405,0,1,1,1,2,0,0.0016714059747755527,test,S11,1,0,2,0,1,1,channel_fault
0,1,2,0,wesad-S11-e1-channel_fault-c2-M1,2,1,0,0,0,0,0,0.14095044299028814,wesad,54.431247195927426,wesad-S11-e1,0,conflict_timing,20.34722521691583,0,0,0,3649,4011.0,M1,1405,0,1,1,1,2,0,0.008242303971201181,test,S11,1,0,2,0,1,1,channel_fault
0,1,2,1,wesad-S11-e1-clean-c0-B0,0,3,2,0,0,0,0,0.010156197939068079,wesad,8.32778245699592,wesad-S11-e1,0,conflict_timing,8.312214467907324,0,0,0,1373,3921.0,B0,552,0,0,4,0,2,0,0.0015060999430716038,test,S11,1,0,0,0,1,1,clean
0,1,2,0,wesad-S11-e1-clean-c0-B1,0,1,0,0,0,0,0,0.013176077045500278,wesad,16.634294469142333,wesad-S11-e1,0,conflict_timing,16.61429381906055,0,0,0,3347,3921.0,B1,1139,0,1,1,1,2,0,0.00153501913882792,test,S11,1,0,0,0,1,1,clean
0,1,2,0,wesad-S11-e1-clean-c0-B2,0,1,0,0,0,0,0,0.05301539204083383,wesad,16.594789118040353,wesad-S11-e1,0,conflict_timing,16.530977220973,0,0,0,3347,3921.0,B2,1139,0,1,1,1,2,0,0.005411711987107992,test,S11,1,0,0,0,1,1,clean
0,1,2,0,wesad-S11-e1-clean-c0-B3,0,1,0,0,0,0,0,0.011336593190208077,wesad,23.63811010401696,wesad-S11-e1,0,conflict_timing,15.454928652849048,0,0,0,3327,3921.0,B3,1099,0,1,1,1,2,0,0.0015258099883794785,test,S11,1,0,0,0,1,1,clean
0,1,2,0,wesad-S11-e1-clean-c0-M1,0,1,0,0,0,0,0,0.05242668394930661,wesad,16.52013322804123,wesad-S11-e1,0,conflict_timing,16.45555727602914,0,0,0,3347,3921.0,M1,1139,0,1,1,1,2,0,0.005400571972131729,test,S11,1,0,0,0,1,1,clean
0,1,2,1,wesad-S11-e1-clean-c1-B0,1,3,2,0,0,0,0,0.002622457919642329,wesad,42.9064029189758,wesad-S11-e1,0,conflict_timing,7.756144443992525,0,0,2,1393,3951.0,B0,552,0,0,4,0,2,0,0.0016038380563259125,test,S11,1,0,1,0,1,1,clean
0,1,2,0,wesad-S11-e1-clean-c1-B1,1,1,0,0,0,0,0,0.0064817010425031185,wesad,52.11644701403566,wesad-S11-e1,0,conflict_timing,15.444654857041314,0,0,0,3367,3951.0,B1,1099,0,1,1,1,2,0,0.0015529191587120295,test,S11,1,0,1,0,1,1,clean
0,1,2,0,wesad-S11-e1-clean-c1-B2,1,1,0,0,0,0,0,0.02633854397572577,wesad,52.923710935981944,wesad-S11-e1,0,conflict_timing,15.458616026910022,0,0,0,3367,3951.0,B2,1099,0,1,1,1,2,0,0.005979940993711352,test,S11,1,0,1,0,1,1,clean
0,1,2,0,wesad-S11-e1-clean-c1-B3,1,1,0,0,0,0,0,0.007079859031364322,wesad,63.308830904075876,wesad-S11-e1,0,conflict_timing,15.584366119932383,0,0,0,3367,3951.0,B3,1099,0,1,1,1,2,0,0.0015901979058980942,test,S11,1,0,1,0,1,1,clean
0,1,2,0,wesad-S11-e1-clean-c1-M1,1,1,0,0,0,0,0,0.026155918138101697,wesad,58.31669859099202,wesad-S11-e1,0,conflict_timing,15.446347801946104,0,0,0,3367,3951.0,M1,1099,0,1,1,1,2,0,0.005556788993999362,test,S11,1,0,1,0,1,1,clean
0,1,2,1,wesad-S11-e1-clean-c2-B0,2,3,2,0,0,0,0,0.00312254810705781,wesad,50.27668981091119,wesad-S11-e1,0,conflict_timing,7.745010805781931,0,0,4,1393,4011.0,B0,552,0,0,4,0,2,0,0.0017281349282711744,test,S11,1,0,2,0,1,1,clean
0,1,2,0,wesad-S11-e1-clean-c2-B1,2,1,0,0,0,0,0,0.006965581094846129,wesad,58.30231263814494,wesad-S11-e1,0,conflict_timing,14.980707332957536,0,0,0,3360,4011.0,B1,1067,0,1,1,1,2,0,0.0015977579168975353,test,S11,1,0,2,0,1,1,clean
0,1,2,0,wesad-S11-e1-clean-c2-B2,2,1,0,0,0,0,0,0.033129768911749125,wesad,61.47861058218405,wesad-S11-e1,0,conflict_timing,15.004833401879296,0,0,0,3360,4011.0,B2,1067,0,1,1,1,2,0,0.0056065882090479136,test,S11,1,0,2,0,1,1,clean
0,1,2,0,wesad-S11-e1-clean-c2-B3,2,1,0,0,0,0,0,0.007384953089058399,wesad,65.25895219412632,wesad-S11-e1,0,conflict_timing,15.072222938062623,0,0,0,3360,4011.0,B3,1067,0,1,1,1,2,0,0.0015864979941397905,test,S11,1,0,2,0,1,1,clean
0,1,2,0,wesad-S11-e1-clean-c2-M1,2,1,0,0,0,0,0,0.038271446945145726,wesad,63.77172299893573,wesad-S11-e1,0,conflict_timing,15.212331112008542,0,0,0,3360,4011.0,M1,1067,0,1,1,1,2,0,0.005545818945392966,test,S11,1,0,2,0,1,1,clean
0,1,2,1,wesad-S11-e1-correction-c0-B0,0,3,2,0,0,0,0,0.008974648080766201,wesad,48.804597069043666,wesad-S11-e1,0,conflict_timing,8.099467849126086,0,0,0,1373,3921.0,B0,572,0,0,4,0,2,0,0.001497969962656498,test,S11,1,0,0,0,1,1,correction
0,1,2,0,wesad-S11-e1-correction-c0-B1,0,1,0,0,0,0,0,0.0108997100032866,wesad,62.0954357329756,wesad-S11-e1,0,conflict_timing,16.010015562875196,0,0,0,3347,3921.0,B1,1139,0,1,1,1,2,0,0.0015219799242913723,test,S11,1,0,0,0,1,1,correction
0,1,2,0,wesad-S11-e1-correction-c0-B2,0,1,0,0,0,0,0,0.12271352182142437,wesad,64.21180036501028,wesad-S11-e1,0,conflict_timing,15.500998152187094,0,0,0,3327,3921.0,B2,1099,0,1,1,1,2,0,0.00539048109203577,test,S11,1,0,0,0,1,1,correction
0,1,2,0,wesad-S11-e1-correction-c0-B3,0,1,0,0,0,0,0,0.010941808810457587,wesad,65.85949585097842,wesad-S11-e1,0,conflict_timing,15.617493641097099,0,0,0,3327,3921.0,B3,1099,0,1,1,1,2,0,0.0015098198782652617,test,S11,1,0,0,0,1,1,correction
0,1,2,0,wesad-S11-e1-correction-c0-M1,0,1,0,0,0,0,0,0.05046598077751696,wesad,64.7191229199525,wesad-S11-e1,0,conflict_timing,16.056467166170478,0,0,0,3347,3921.0,M1,1139,0,1,1,1,2,0,0.0053239131812006235,test,S11,1,0,0,0,1,1,correction
0,1,2,1,wesad-S11-e1-correction-c1-B0,1,3,2,0,0,0,1,0.0026604270096868277,wesad,48.41083757998422,wesad-S11-e1,0,conflict_timing,7.749236201168969,0,0,2,1393,3951.0,B0,549,0,0,4,0,2,1,0.0015992179978638887,test,S11,1,0,0,0,1,1,correction
0,1,2,0,wesad-S11-e1-correction-c1-B1,1,1,0,0,1,1,1,0.007166625000536442,wesad,61.87886041589081,wesad-S11-e1,0,conflict_timing,19.743870312115178,0,0,0,3513,3951.0,B1,1400,0,1,1,1,2,0,0.001635147025808692,test,S11,1,0,0,0,1,1,correction
0,1,2,0,wesad-S11-e1-correction-c1-B2,1,1,0,0,1,1,1,0.03142804512754083,wesad,62.70563440117985,wesad-S11-e1,0,conflict_timing,15.445257227867842,0,0,0,3357,3951.0,B2,1088,0,1,1,1,2,0,0.00602769898250699,test,S11,1,0,0,0,1,1,correction
0,1,2,0,wesad-S11-e1-correction-c1-B3,1,1,0,0,1,1,1,0.007570147048681974,wesad,68.53905488085002,wesad-S11-e1,0,conflict_timing,19.953336772043258,0,0,0,3513,3951.0,B3,1400,0,1,1,1,2,0,0.0015890880022197962,test,S11,1,0,0,0,1,1,correction
0,1,2,0,wesad-S11-e1-correction-c1-M1,1,1,0,0,1,1,1,0.03228216804563999,wesad,64.37103211018257,wesad-S11-e1,0,conflict_timing,16.001481574960053,0,0,0,3377,3951.0,M1,1128,0,1,1,1,2,0,0.005733913974836469,test,S11,1,0,0,0,1,1,correction
0,1,2,1,wesad-S11-e1-correction-c2-B0,2,3,2,0,0,0,1,0.0028972718864679337,wesad,37.06602804805152,wesad-S11-e1,0,conflict_timing,7.683970959857106,0,0,4,1393,4011.0,B0,552,0,0,4,0,2,1,0.0016458160243928432,test,S11,1,0,1,0,1,1,correction
0,1,2,0,wesad-S11-e1-correction-c2-B1,2,1,0,0,1,1,1,0.0076154060661792755,wesad,45.14876067312434,wesad-S11-e1,0,conflict_timing,14.97707317979075,0,0,0,3360,4011.0,B1,1067,0,1,1,1,2,0,0.0016195878852158785,test,S11,1,0,1,0,1,1,correction
0,1,2,0,wesad-S11-e1-correction-c2-B2,2,1,0,0,1,1,1,0.035280037904158235,wesad,47.26868752297014,wesad-S11-e1,0,conflict_timing,15.404897811124101,0,0,0,3367,4011.0,B2,1099,0,1,1,1,2,0,0.0058028430212289095,test,S11,1,0,1,0,1,1,correction
0,1,2,0,wesad-S11-e1-correction-c2-B3,2,1,0,0,1,1,1,0.008373221149668097,wesad,51.67029805597849,wesad-S11-e1,0,conflict_timing,14.694793180096895,0,0,0,3360,4011.0,B3,1067,0,1,1,1,2,0,0.0016352669335901737,test,S11,1,0,1,0,1,1,correction
0,1,2,0,wesad-S11-e1-correction-c2-M1,2,1,0,0,1,1,1,0.03871498815715313,wesad,49.9873477218207,wesad-S11-e1,0,conflict_timing,15.316606462933123,0,0,0,3367,4011.0,M1,1099,0,1,1,1,2,0,0.00583525188267231,test,S11,1,0,1,0,1,1,correction
0,0,0,1,wesad-S11-e1-delayed-c0-B0,0,3,3,0,0,0,0,0.009307374013587832,wesad,15.17299788701348,wesad-S11-e1,0,conflict_timing,7.563504237215966,0,0,0,1269,3921.0,B0,537,1,0,4,0,2,0,0.0014804499223828316,test,S11,0,0,0,0,0,0,delayed
1,0,0,0,wesad-S11-e1-delayed-c0-B1,0,0,0,0,0,0,0,0.011125978082418442,wesad,22.75861529284157,wesad-S11-e1,0,conflict_timing,15.136012546019629,0,0,0,3129,3921.0,B1,1074,0,0,0,1,2,0,0.0014823810197412968,test,S11,0,0,0,0,0,0,delayed
1,0,0,0,wesad-S11-e1-delayed-c0-B2,0,0,0,0,0,0,0,0.0513452859595418,wesad,22.730568482074887,wesad-S11-e1,0,conflict_timing,15.11895942594856,0,0,0,3129,3921.0,B2,1074,0,0,0,1,2,0,0.00538590201176703,test,S11,0,0,0,0,0,0,delayed
1,0,0,0,wesad-S11-e1-delayed-c0-B3,0,0,0,0,0,0,0,0.011157816974446177,wesad,30.68065010709688,wesad-S11-e1,0,conflict_timing,15.636506808921695,0,0,0,3133,3921.0,B3,1104,0,0,0,1,2,0,0.0014944099821150303,test,S11,0,0,0,0,0,0,delayed
1,0,0,0,wesad-S11-e1-delayed-c0-M1,0,0,0,0,0,0,0,0.0516240899451077,wesad,29.278901115991175,wesad-S11-e1,0,conflict_timing,15.377727062208578,0,0,0,3129,3921.0,M1,1074,0,0,0,1,2,0,0.005364543059840798,test,S11,0,0,0,0,0,0,delayed
0,0,0,1,wesad-S11-e1-delayed-c1-B0,1,3,3,0,0,0,0,0.0046459068544209,wesad,40.53783586784266,wesad-S11-e1,0,conflict_timing,8.582212481182069,0,0,3,1269,3951.0,B0,619,0,0,4,0,2,0,0.0039633410051465034,test,S11,0,0,0,0,0,0,delayed
1,0,0,0,wesad-S11-e1-delayed-c1-B1,1,0,0,0,0,0,0,0.0074422110337764025,wesad,49.32138947187923,wesad-S11-e1,0,conflict_timing,17.30049866787158,0,0,0,3203,3951.0,B1,1238,0,0,0,1,2,0,0.0026773971039801836,test,S11,0,0,0,0,0,0,delayed
1,0,0,0,wesad-S11-e1-delayed-c1-B2,1,0,0,0,0,0,0,0.020279505057260394,wesad,50.53275682218373,wesad-S11-e1,0,conflict_timing,17.348215203965083,0,0,0,3203,3951.0,B2,1238,0,0,0,1,2,0,0.009243475971743464,test,S11,0,0,0,0,0,0,delayed
1,0,0,0,wesad-S11-e1-delayed-c1-B3,1,0,0,0,0,0,0,0.0036482668947428465,wesad,57.901519895065576,wesad-S11-e1,0,conflict_timing,17.43624073918909,0,0,0,3203,3951.0,B3,1238,0,0,0,1,2,0,0.0015110799577087164,test,S11,0,0,0,0,0,0,delayed
1,0,0,0,wesad-S11-e1-delayed-c1-M1,1,0,0,0,0,0,0,0.019373123068362474,wesad,52.758457832969725,wesad-S11-e1,0,conflict_timing,15.289521022234112,0,0,0,3129,3951.0,M1,1074,0,0,0,1,2,0,0.007813654141500592,test,S11,0,0,0,0,0,0,delayed
0,1,2,1,wesad-S11-e1-delayed-c2-B0,2,3,2,0,0,0,0,0.006214095978066325,wesad,41.26661854702979,wesad-S11-e1,0,conflict_timing,7.993423948995769,0,0,6,1373,4011.0,B0,572,0,0,4,0,2,0,0.004103958141058683,test,S11,1,0,0,0,1,1,delayed
0,1,2,0,wesad-S11-e1-delayed-c2-B1,2,1,0,0,0,0,0,0.009989540092647076,wesad,50.817533699795604,wesad-S11-e1,0,conflict_timing,15.926533251069486,0,0,0,3347,4011.0,B1,1139,0,1,1,1,2,0,0.003396413056179881,test,S11,1,0,0,0,1,1,delayed
0,1,2,0,wesad-S11-e1-delayed-c2-B2,2,1,0,0,0,0,0,0.02495634206570685,wesad,51.52212397218682,wesad-S11-e1,0,conflict_timing,15.422769312979653,0,0,0,3327,4011.0,B2,1099,0,1,1,1,2,0,0.008724786108359694,test,S11,1,0,0,0,1,1,delayed
0,1,2,0,wesad-S11-e1-delayed-c2-B3,2,1,0,0,0,0,0,0.004375871969386935,wesad,57.26578901987523,wesad-S11-e1,0,conflict_timing,16.07302762917243,0,0,0,3347,4011.0,B3,1139,0,1,1,1,2,0,0.0015627590473741293,test,S11,1,0,0,0,1,1,delayed
0,1,2,0,wesad-S11-e1-delayed-c2-M1,2,1,0,0,0,0,0,0.02152865077368915,wesad,53.0509426179342,wesad-S11-e1,0,conflict_timing,16.001679523149505,0,0,0,3347,4011.0,M1,1139,0,1,1,1,2,0,0.005745474947616458,test,S11,1,0,0,0,1,1,delayed
0,1,2,1,wesad-S13-e0-channel_fault-c0-B0,0,3,2,0,0,0,0,0.009265210945159197,wesad,23.64273715298623,wesad-S13-e0,0,current_evidence,8.251235633855686,0,0,0,1378,1381.0,B0,591,0,0,4,0,2,0,0.00149171007797122,test,S13,1,0,0,0,1,1,channel_fault
0,1,2,0,wesad-S13-e0-channel_fault-c0-B1,0,1,0,0,0,0,0,0.011018636170774698,wesad,32.05401539709419,wesad-S13-e0,0,current_evidence,16.654745146865025,0,0,0,3377,1381.0,B1,1182,0,1,1,1,2,0,0.0014976589009165764,test,S13,1,0,0,0,1,1,channel_fault
0,1,2,0,wesad-S13-e0-channel_fault-c0-B2,0,1,0,0,0,0,0,0.07478322694078088,wesad,32.06282650795765,wesad-S13-e0,0,current_evidence,16.6430472061038,0,0,0,3377,1381.0,B2,1182,0,1,1,1,2,0,0.008609764976426959,test,S13,1,0,0,0,1,1,channel_fault
0,1,2,0,wesad-S13-e0-channel_fault-c0-B3,0,1,0,0,0,0,0,0.014542273944243789,wesad,40.14931440795772,wesad-S13-e0,0,current_evidence,16.695200903108343,0,0,0,3377,1381.0,B3,1182,0,1,1,1,2,0,0.0014983389992266893,test,S13,1,0,0,0,1,1,channel_fault
0,1,2,0,wesad-S13-e0-channel_fault-c0-M1,0,1,0,0,0,0,0,0.07858508895151317,wesad,31.96830847300589,wesad-S13-e0,0,current_evidence,16.627678997814655,0,0,0,3377,1381.0,M1,1182,0,1,1,1,2,0,0.008704772917553782,test,S13,1,0,0,0,1,1,channel_fault
0,1,2,1,wesad-S13-e0-channel_fault-c1-B0,1,3,2,0,0,0,0,0.006100635975599289,wesad,57.44347036909312,wesad-S13-e0,0,current_evidence,8.437163256807253,0,0,2,1463,1411.0,B0,602,0,0,4,0,2,0,0.0016766758635640144,test,S13,1,0,1,0,1,1,channel_fault
0,1,2,0,wesad-S13-e0-channel_fault-c1-B1,1,1,0,0,0,0,0,0.017314247088506818,wesad,67.3913685309235,wesad-S13-e0,0,current_evidence,16.936751470901072,0,0,0,3558,1411.0,B1,1204,0,1,1,1,2,0,0.0015698280185461044,test,S13,1,0,1,0,1,1,channel_fault
0,1,2,0,wesad-S13-e0-channel_fault-c1-B2,1,1,0,0,0,0,0,0.08407296799123287,wesad,67.37721148901619,wesad-S13-e0,0,current_evidence,16.92324286699295,0,0,0,3558,1411.0,B2,1204,0,1,1,1,2,0,0.006016806932166219,test,S13,1,0,1,0,1,1,channel_fault
0,1,2,0,wesad-S13-e0-channel_fault-c1-B3,1,1,0,0,0,0,0,0.02588774310424924,wesad,74.27105079498142,wesad-S13-e0,0,current_evidence,17.037314232904464,0,0,0,3558,1411.0,B3,1204,0,1,1,1,2,0,0.0015885180328041315,test,S13,1,0,1,0,1,1,channel_fault
0,1,2,0,wesad-S13-e0-channel_fault-c1-M1,1,1,0,0,0,0,0,0.09209690382704139,wesad,68.71347588812932,wesad-S13-e0,0,current_evidence,17.040970938280225,0,0,0,3558,1411.0,M1,1204,0,1,1,1,2,0,0.005635804962366819,test,S13,1,0,1,0,1,1,channel_fault
0,1,2,1,wesad-S13-e0-channel_fault-c2-B0,2,3,2,0,0,0,0,0.004938569851219654,wesad,51.29752197791822,wesad-S13-e0,0,current_evidence,8.376812626142055,0,0,4,1462,1471.0,B0,597,0,0,4,0,2,0,0.0017800431232899427,test,S13,1,0,2,0,1,1,channel_fault
0,1,2,0,wesad-S13-e0-channel_fault-c2-B1,2,1,0,0,0,0,0,0.017497522989287972,wesad,60.83895945898257,wesad-S13-e0,0,current_evidence,16.776431947015226,0,0,0,3551,1471.0,B1,1194,0,1,1,1,2,0,0.0016616969369351864,test,S13,1,0,2,0,1,1,channel_fault
0,1,2,0,wesad-S13-e0-channel_fault-c2-B2,2,1,0,0,0,0,0,0.09616843098774552,wesad,61.21098481095396,wesad-S13-e0,0,current_evidence,16.830295160179958,0,0,0,3551,1471.0,B2,1194,0,1,1,1,2,0,0.005794102093204856,test,S13,1,0,2,0,1,1,channel_fault
0,1,2,0,wesad-S13-e0-channel_fault-c2-B3,2,1,0,0,0,0,0,0.01978285680525005,wesad,67.97635509306565,wesad-S13-e0,0,current_evidence,16.897274415008724,0,0,0,3551,1471.0,B3,1194,0,1,1,1,2,0,0.0016751161310821772,test,S13,1,0,2,0,1,1,channel_fault
0,1,2,0,wesad-S13-e0-channel_fault-c2-M1,2,1,0,0,0,0,0,0.09278562990948558,wesad,62.719063020078465,wesad-S13-e0,0,current_evidence,16.84900510800071,0,0,0,3551,1471.0,M1,1194,0,1,1,1,2,0,0.005765133071690798,test,S13,1,0,2,0,1,1,channel_fault
0,1,2,1,wesad-S13-e0-clean-c0-B0,0,3,2,0,0,0,0,0.009053766960278153,wesad,40.37550787511282,wesad-S13-e0,0,current_evidence,8.454016288975254,0,0,0,1378,1381.0,B0,591,0,0,4,0,2,0,0.0015106401406228542,test,S13,1,0,0,0,1,1,clean
0,1,2,0,wesad-S13-e0-clean-c0-B1,0,1,0,0,0,0,0,0.011623225174844265,wesad,54.504480494884774,wesad-S13-e0,0,current_evidence,16.696775245014578,0,0,0,3377,1381.0,B1,1182,0,1,1,1,2,0,0.001511960057541728,test,S13,1,0,0,0,1,1,clean
0,1,2,0,wesad-S13-e0-clean-c0-B2,0,1,0,0,0,0,0,0.050833463901653886,wesad,55.71346454997547,wesad-S13-e0,0,current_evidence,16.741410203976557,0,0,0,3377,1381.0,B2,1182,0,1,1,1,2,0,0.005468269111588597,test,S13,1,0,0,0,1,1,clean
0,1,2,0,wesad-S13-e0-clean-c0-B3,0,1,0,0,0,0,0,0.011164385126903653,wesad,58.545935190981254,wesad-S13-e0,0,current_evidence,17.03202554420568,0,0,0,3377,1381.0,B3,1182,0,1,1,1,2,0,0.0015072990208864212,test,S13,1,0,0,0,1,1,clean
0,1,2,0,wesad-S13-e0-clean-c0-M1,0,1,0,0,0,0,0,0.053153326036408544,wesad,57.0411337390542,wesad-S13-e0,0,current_evidence,16.7362558466848,0,0,0,3377,1381.0,M1,1182,0,1,1,1,2,0,0.0054293409921228886,test,S13,1,0,0,0,1,1,clean
0,1,2,1,wesad-S13-e0-clean-c1-B0,1,3,2,0,0,0,0,0.0024753401521593332,wesad,50.435844857944176,wesad-S13-e0,0,current_evidence,8.852325425948948,0,0,2,1398,1411.0,B0,597,0,0,4,0,2,0,0.001582627883180976,test,S13,1,0,1,0,1,1,clean
0,1,2,0,wesad-S13-e0-clean-c1-B1,1,1,0,0,0,0,0,0.006502568954601884,wesad,62.544207280967385,wesad-S13-e0,0,current_evidence,16.88544597500004,0,0,0,3427,1411.0,B1,1202,0,1,1,1,2,0,0.0015953679103404284,test,S13,1,0,1,0,1,1,clean
0,1,2,0,wesad-S13-e0-clean-c1-B2,1,1,0,0,0,0,0,0.022858618991449475,wesad,62.71978345606476,wesad-S13-e0,0,current_evidence,16.805804792791605,0,0,0,3423,1411.0,B2,1194,0,1,1,1,2,0,0.005223524058237672,test,S13,1,0,1,0,1,1,clean
0,1,2,0,wesad-S13-e0-clean-c1-B3,1,1,0,0,0,0,0,0.010672064032405615,wesad,67.24538311501965,wesad-S13-e0,0,current_evidence,16.87455021427013,0,0,0,3423,1411.0,B3,1194,0,1,1,1,2,0,0.0024992998223751783,test,S13,1,0,1,0,1,1,clean
0,1,2,0,wesad-S13-e0-clean-c1-M1,1,1,0,0,0,0,0,0.02272759098559618,wesad,67.28242324688472,wesad-S13-e0,0,current_evidence,17.322494049090892,0,0,0,3423,1411.0,M1,1194,0,1,1,1,2,0,0.00792649993672967,test,S13,1,0,1,0,1,1,clean
0,1,2,1,wesad-S13-e0-clean-c2-B0,2,3,2,0,0,0,0,0.0035034390166401863,wesad,49.536192744039,wesad-S13-e0,0,current_evidence,8.448265845188871,0,0,4,1398,1471.0,B0,597,0,0,4,0,2,0,0.0016861760523170233,test,S13,1,0,2,0,1,1,clean
0,1,2,0,wesad-S13-e0-clean-c2-B1,2,1,0,0,0,0,0,0.006855370942503214,wesad,60.34006963996217,wesad-S13-e0,0,current_evidence,16.79648314998485,0,0,0,3423,1471.0,B1,1194,0,1,1,1,2,0,0.0016207369044423103,test,S13,1,0,2,0,1,1,clean
0,1,2,0,wesad-S13-e0-clean-c2-B2,2,1,0,0,0,0,0,0.031173050869256258,wesad,60.61443367996253,wesad-S13-e0,0,current_evidence,16.79760680696927,0,0,0,3423,1471.0,B2,1194,0,1,1,1,2,0,0.006414229981601238,test,S13,1,0,2,0,1,1,clean
0,1,2,0,wesad-S13-e0-clean-c2-B3,2,1,0,0,0,0,0,0.007386440876871347,wesad,66.99554426898248,wesad-S13-e0,0,current_evidence,16.43823135504499,0,0,0,3423,1471.0,B3,1194,0,1,1,1,2,0,0.001594688044860959,test,S13,1,0,2,0,1,1,clean
0,1,2,0,wesad-S13-e0-clean-c2-M1,2,1,0,0,0,0,0,0.03466615010984242,wesad,66.04931258689612,wesad-S13-e0,0,current_evidence,16.557749691884965,0,0,0,3423,1471.0,M1,1194,0,1,1,1,2,0,0.005671284860000014,test,S13,1,0,2,0,1,1,clean
0,1,2,1,wesad-S13-e0-correction-c0-B0,0,3,2,0,0,0,0,0.009166422998532653,wesad,53.93951599788852,wesad-S13-e0,0,current_evidence,8.379993136040866,0,0,0,1378,1381.0,B0,591,0,0,4,0,2,0,0.0015064100734889507,test,S13,1,0,0,0,1,1,correction
0,1,2,0,wesad-S13-e0-correction-c0-B1,0,1,0,0,0,0,0,0.010733101982623339,wesad,67.39581305417232,wesad-S13-e0,0,current_evidence,16.590423789108172,0,0,0,3377,1381.0,B1,1182,0,1,1,1,2,0,0.0015120089519768953,test,S13,1,0,0,0,1,1,correction
0,1,2,0,wesad-S13-e0-correction-c0-B2,0,1,0,0,0,0,0,0.05353517085313797,wesad,67.36420913296752,wesad-S13-e0,0,current_evidence,16.569645217852667,0,0,0,3377,1381.0,B2,1182,0,1,1,1,2,0,0.0054552191868424416,test,S13,1,0,0,0,1,1,correction
0,1,2,0,wesad-S13-e0-correction-c0-B3,0,1,0,0,0,0,0,0.011562675004824996,wesad,70.41014405991882,wesad-S13-e0,0,current_evidence,16.60983484168537,0,0,0,3377,1381.0,B3,1182,0,1,1,1,2,0,0.0015228288248181343,test,S13,1,0,0,0,1,1,correction
0,1,2,0,wesad-S13-e0-correction-c0-M1,0,1,0,0,0,0,0,0.057172606931999326,wesad,68.93810712499544,wesad-S13-e0,0,current_evidence,17.124289321014658,0,0,0,3385,1381.0,M1,1198,0,1,1,1,2,0,0.005471948999911547,test,S13,1,0,0,0,1,1,correction
0,1,2,1,wesad-S13-e0-correction-c1-B0,1,3,2,0,0,0,1,0.005878312047570944,wesad,49.58881241083145,wesad-S13-e0,0,current_evidence,8.357969575095922,0,0,2,1398,1411.0,B0,601,0,0,4,0,2,1,0.004024129128083587,test,S13,1,0,0,0,1,1,correction
0,1,2,0,wesad-S13-e0-correction-c1-B1,1,1,0,0,1,1,1,0.015959318028762937,wesad,62.94557228614576,wesad-S13-e0,0,current_evidence,16.8109133860562,0,0,0,3427,1411.0,B1,1202,0,1,1,1,2,0,0.0027615041472017765,test,S13,1,0,0,0,1,1,correction
0,1,2,0,wesad-S13-e0-correction-c1-B2,1,1,0,0,1,1,1,0.04449663287959993,wesad,63.19741822290234,wesad-S13-e0,0,current_evidence,16.73997018416412,0,0,0,3423,1411.0,B2,1194,0,1,1,1,2,0,0.009068188024684787,test,S13,1,0,0,0,1,1,correction
0,1,2,0,wesad-S13-e0-correction-c1-B3,1,1,0,0,1,1,1,0.008228684077039361,wesad,66.40052452101372,wesad-S13-e0,0,current_evidence,16.93238742905669,0,0,0,3427,1411.0,B3,1202,0,1,1,1,2,0,0.001583837904036045,test,S13,1,0,0,0,1,1,correction
0,1,2,0,wesad-S13-e0-correction-c1-M1,1,1,0,0,1,1,1,0.03527730912901461,wesad,64.1591497270856,wesad-S13-e0,0,current_evidence,17.377195936860517,0,0,0,3427,1411.0,M1,1202,0,1,1,1,2,0,0.005614697001874447,test,S13,1,0,0,0,1,1,correction
0,1,2,1,wesad-S13-e0-correction-c2-B0,2,3,2,0,0,0,1,0.004116826923564076,wesad,50.809301482047886,wesad-S13-e0,0,current_evidence,8.31398625089787,0,0,4,1398,1471.0,B0,597,0,0,4,0,2,1,0.0016783559694886208,test,S13,1,0,1,0,1,1,correction
0,1,2,0,wesad-S13-e0-correction-c2-B1,2,1,0,0,1,1,1,0.007513607852160931,wesad,63.967039617011324,wesad-S13-e0,0,current_evidence,16.717475146986544,0,0,0,3423,1471.0,B1,1194,0,1,1,1,2,0,0.0016442870255559683,test,S13,1,0,1,0,1,1,correction
0,1,2,0,wesad-S13-e0-correction-c2-B2,2,1,0,0,1,1,1,0.04210019204765558,wesad,64.24349900707603,wesad-S13-e0,0,current_evidence,16.713647656841204,0,0,0,3423,1471.0,B2,1194,0,1,1,1,2,0,0.006223255069926381,test,S13,1,0,1,0,1,1,correction
0,1,2,0,wesad-S13-e0-correction-c2-B3,2,1,0,0,1,1,1,0.008730454137548804,wesad,67.14530732599087,wesad-S13-e0,0,current_evidence,16.45595499803312,0,0,0,3423,1471.0,B3,1194,0,1,1,1,2,0,0.0016132479067891836,test,S13,1,0,1,0,1,1,correction
0,1,2,0,wesad-S13-e0-correction-c2-M1,2,1,0,0,1,1,1,0.05480588600039482,wesad,64.39019242208451,wesad-S13-e0,0,current_evidence,16.730714551871642,0,0,0,3423,1471.0,M1,1194,0,1,1,1,2,0,0.009602196048945189,test,S13,1,0,1,0,1,1,correction
0,0,0,1,wesad-S13-e0-delayed-c0-B0,0,3,3,0,0,0,0,0.00935231102630496,wesad,35.52189575298689,wesad-S13-e0,0,current_evidence,7.8317138170823455,0,0,0,1275,1381.0,B0,557,0,0,4,0,2,0,0.001514769857749343,test,S13,0,0,0,0,0,0,delayed
1,0,0,0,wesad-S13-e0-delayed-c0-B1,0,0,0,0,0,0,0,0.019399008946493268,wesad,45.495642384979874,wesad-S13-e0,0,current_evidence,15.533124859211966,0,0,0,3145,1381.0,B1,1104,0,0,0,1,2,0,0.001501308986917138,test,S13,0,0,0,0,0,0,delayed
1,0,0,0,wesad-S13-e0-delayed-c0-B2,0,0,0,0,0,0,0,0.05354269198141992,wesad,51.001805833075196,wesad-S13-e0,0,current_evidence,15.504513145890087,0,0,0,3145,1381.0,B2,1104,0,0,0,1,2,0,0.005369431804865599,test,S13,0,0,0,0,0,0,delayed
1,0,0,0,wesad-S13-e0-delayed-c0-B3,0,0,0,0,0,0,0,0.011574466014280915,wesad,51.10224254010245,wesad-S13-e0,0,current_evidence,15.642249400960281,0,0,0,3145,1381.0,B3,1104,0,0,0,1,2,0,0.0014928400050848722,test,S13,0,0,0,0,0,0,delayed
1,0,0,0,wesad-S13-e0-delayed-c0-M1,0,0,0,0,0,0,0,0.06372870597988367,wesad,51.16749686491676,wesad-S13-e0,0,current_evidence,15.637786220991984,0,0,0,3145,1381.0,M1,1104,0,0,0,1,2,0,0.008878021966665983,test,S13,0,0,0,0,0,0,delayed
0,0,0,1,wesad-S13-e0-delayed-c1-B0,1,3,3,0,0,0,0,0.002029369119554758,wesad,47.74829172203317,wesad-S13-e0,0,current_evidence,7.842864373000339,0,0,3,1275,1411.0,B0,559,0,0,4,0,2,0,0.0016013679560273886,test,S13,0,0,0,0,0,0,delayed
1,0,0,0,wesad-S13-e0-delayed-c1-B1,1,0,0,0,0,0,0,0.003582058008760214,wesad,58.14106161193922,wesad-S13-e0,0,current_evidence,15.678551919059828,0,0,0,3155,1411.0,B1,1118,0,0,0,1,2,0,0.001529088942334056,test,S13,0,0,0,0,0,0,delayed
1,0,0,0,wesad-S13-e0-delayed-c1-B2,1,0,0,0,0,0,0,0.01241080998443067,wesad,62.989376064855605,wesad-S13-e0,0,current_evidence,15.653505813796073,0,0,0,3153,1411.0,B2,1114,0,0,0,1,2,0,0.005506798857823014,test,S13,0,0,0,0,0,0,delayed
1,0,0,0,wesad-S13-e0-delayed-c1-B3,1,0,0,0,0,0,0,0.003673386061564088,wesad,63.43491074885242,wesad-S13-e0,0,current_evidence,15.72057671379298,0,0,0,3155,1411.0,B3,1118,0,0,0,1,2,0,0.0015293890610337257,test,S13,0,0,0,0,0,0,delayed
1,0,0,0,wesad-S13-e0-delayed-c1-M1,1,0,0,0,0,0,0,0.011263373075053096,wesad,63.19619839801453,wesad-S13-e0,0,current_evidence,15.765241774031892,0,0,0,3153,1411.0,M1,1114,0,0,0,1,2,0,0.005397050874307752,test,S13,0,0,0,0,0,0,delayed
0,1,2,1,wesad-S13-e0-delayed-c2-B0,2,3,2,0,0,0,0,0.006120407022535801,wesad,50.80342391086742,wesad-S13-e0,0,current_evidence,8.485575073864311,0,0,6,1378,1471.0,B0,601,0,0,4,0,2,0,0.004084277898073196,test,S13,1,0,0,0,1,1,delayed
0,1,2,0,wesad-S13-e0-delayed-c2-B1,2,1,0,0,0,0,0,0.009880050085484982,wesad,61.599300200119615,wesad-S13-e0,0,current_evidence,17.062096554785967,0,0,0,3393,1471.0,B1,1214,0,1,1,1,2,0,0.003800594015046954,test,S13,1,0,0,0,1,1,delayed
0,1,2,0,wesad-S13-e0-delayed-c2-B2,2,1,0,0,0,0,0,0.026293350150808692,wesad,66.52621067897417,wesad-S13-e0,0,current_evidence,16.954512383090332,0,0,0,3387,1471.0,B2,1202,0,1,1,1,2,0,0.009571326896548271,test,S13,1,0,0,0,1,1,delayed
0,1,2,0,wesad-S13-e0-delayed-c2-B3,2,1,0,0,0,0,0,0.004334151977673173,wesad,67.85701566794887,wesad-S13-e0,0,current_evidence,17.14257620391436,0,0,0,3393,1471.0,B3,1214,0,1,1,1,2,0,0.0015345190186053514,test,S13,1,0,0,0,1,1,delayed
0,1,2,0,wesad-S13-e0-delayed-c2-M1,2,1,0,0,0,0,0,0.024102533934637904,wesad,67.21482505486347,wesad-S13-e0,0,current_evidence,17.144974556053057,0,0,0,3393,1471.0,M1,1214,0,1,1,1,2,0,0.005609557032585144,test,S13,1,0,0,0,1,1,delayed
0,1,2,1,wesad-S13-e1-channel_fault-c0-B0,0,2,1,0,0,0,0,0.00943759991787374,wesad,13.258270821999758,wesad-S13-e1,0,current_evidence,5.755282928002998,0,0,0,1381,4151.0,B0,407,0,0,3,0,2,0,0.001512059010565281,test,S13,1,0,0,0,1,1,channel_fault
0,1,2,0,wesad-S13-e1-channel_fault-c0-B1,0,1,0,0,0,0,0,0.01130157196894288,wesad,18.985308550065383,wesad-S13-e1,0,current_evidence,11.489812853978947,0,0,0,3195,4151.0,B1,814,0,1,1,1,2,0,0.0015180290210992098,test,S13,1,0,0,0,1,1,channel_fault
0,1,2,0,wesad-S13-e1-channel_fault-c0-B2,0,1,0,0,0,0,0,0.056325661949813366,wesad,18.957824484910816,wesad-S13-e1,0,current_evidence,11.470237959176302,0,0,0,3195,4151.0,B2,814,0,1,1,1,2,0,0.005899881012737751,test,S13,1,0,0,0,1,1,channel_fault
0,1,2,0,wesad-S13-e1-channel_fault-c0-B3,0,1,0,0,0,0,0,0.011353950947523117,wesad,25.946079944027588,wesad-S13-e1,0,current_evidence,11.576783358119428,0,0,0,3195,4151.0,B3,814,0,1,1,1,2,0,0.0015066189225763083,test,S13,1,0,0,0,1,1,channel_fault
0,1,2,0,wesad-S13-e1-channel_fault-c0-M1,0,1,0,0,0,0,0,0.05473644402809441,wesad,24.674922263948247,wesad-S13-e1,0,current_evidence,11.49767750594765,0,0,0,3195,4151.0,M1,814,0,1,1,1,2,0,0.005492648808285594,test,S13,1,0,0,0,1,1,channel_fault
0,1,2,1,wesad-S13-e1-channel_fault-c1-B0,1,3,2,0,0,0,1,0.006446569925174117,wesad,34.0302712819539,wesad-S13-e1,0,current_evidence,8.213807000080124,0,0,1,1465,4181.0,B0,582,0,0,4,0,2,1,0.0016363169997930527,test,S13,1,0,0,0,1,1,channel_fault
0,1,2,0,wesad-S13-e1-channel_fault-c1-B1,1,1,0,0,1,1,1,0.016540425829589367,wesad,44.26509452890605,wesad-S13-e1,0,current_evidence,16.648005259921774,0,0,0,3550,4181.0,B1,1172,0,1,1,1,2,0,0.0016660559922456741,test,S13,1,0,0,0,1,1,channel_fault
0,1,2,0,wesad-S13-e1-channel_fault-c1-B2,1,1,0,0,1,1,1,0.2059581410139799,wesad,44.56734887487255,wesad-S13-e1,0,current_evidence,16.575911245075986,0,0,0,3546,4181.0,B2,1164,0,1,1,1,2,0,0.009808432077988982,test,S13,1,0,0,0,1,1,channel_fault
0,1,2,0,wesad-S13-e1-channel_fault-c1-B3,1,1,0,0,1,1,1,0.017756521934643388,wesad,50.4710971750319,wesad-S13-e1,0,current_evidence,16.787325815996155,0,0,0,3546,4181.0,B3,1164,0,1,1,1,2,0,0.0016618461813777685,test,S13,1,0,0,0,1,1,channel_fault
0,1,2,0,wesad-S13-e1-channel_fault-c1-M1,1,1,0,0,1,1,1,0.1020181099884212,wesad,48.88874449906871,wesad-S13-e1,0,current_evidence,16.855366901960224,0,0,0,3546,4181.0,M1,1164,0,1,1,1,2,0,0.005753953009843826,test,S13,1,0,0,0,1,1,channel_fault
0,1,2,1,wesad-S13-e1-channel_fault-c2-B0,2,2,1,0,0,0,1,0.005225565051659942,wesad,31.7688501290977,wesad-S13-e1,0,current_evidence,5.718983471160755,0,0,3,1465,4241.0,B0,407,0,0,3,0,2,1,0.0017598841805011034,test,S13,1,0,1,0,1,1,channel_fault
0,1,2,0,wesad-S13-e1-channel_fault-c2-B1,2,1,0,0,1,1,1,0.0183516601100564,wesad,38.89096737513319,wesad-S13-e1,0,current_evidence,11.425271248910576,0,0,0,3363,4241.0,B1,814,0,1,1,1,2,0,0.0017578639090061188,test,S13,1,0,1,0,1,1,channel_fault
0,1,2,0,wesad-S13-e1-channel_fault-c2-B2,2,1,0,0,1,1,1,0.10194802097976208,wesad,40.210360741009936,wesad-S13-e1,0,current_evidence,11.496090347878635,0,0,0,3363,4241.0,B2,814,0,1,1,1,2,0,0.005893041146919131,test,S13,1,0,1,0,1,1,channel_fault
0,1,2,0,wesad-S13-e1-channel_fault-c2-B3,2,1,0,0,1,1,1,0.01942206802777946,wesad,43.64053549198434,wesad-S13-e1,0,current_evidence,11.55752055812627,0,0,0,3363,4241.0,B3,814,0,1,1,1,2,0,0.001730215037241578,test,S13,1,0,1,0,1,1,channel_fault
0,1,2,0,wesad-S13-e1-channel_fault-c2-M1,2,1,0,0,1,1,1,0.12458020402118564,wesad,43.18094178312458,wesad-S13-e1,0,current_evidence,11.537185289198533,0,0,0,3363,4241.0,M1,814,0,1,1,1,2,0,0.006112396949902177,test,S13,1,0,1,0,1,1,channel_fault
0,1,2,1,wesad-S13-e1-clean-c0-B0,0,2,1,0,0,0,0,0.009156665997579694,wesad,22.430021069943905,wesad-S13-e1,0,current_evidence,5.803273844067007,0,0,0,1381,4151.0,B0,407,0,0,3,0,2,0,0.0015318489167839289,test,S13,1,0,0,0,1,1,clean
0,1,2,0,wesad-S13-e1-clean-c0-B1,0,1,0,0,0,0,0,0.011084966827183962,wesad,28.25499952607788,wesad-S13-e1,0,current_evidence,11.61665507289581,0,0,0,3195,4151.0,B1,814,0,1,1,1,2,0,0.0015319690573960543,test,S13,1,0,0,0,1,1,clean
0,1,2,0,wesad-S13-e1-clean-c0-B2,0,1,0,0,0,0,0,0.04276151908561587,wesad,28.234377151122317,wesad-S13-e1,0,current_evidence,11.60789379896596,0,0,0,3195,4151.0,B2,814,0,1,1,1,2,0,0.0053577120415866375,test,S13,1,0,0,0,1,1,clean
0,1,2,0,wesad-S13-e1-clean-c0-B3,0,1,0,0,0,0,0,0.010903880000114441,wesad,44.57331786607392,wesad-S13-e1,0,current_evidence,16.647980618989095,0,0,0,3378,4151.0,B3,1164,0,1,1,1,2,0,0.0015090301167219877,test,S13,1,0,0,0,1,1,clean
0,1,2,0,wesad-S13-e1-clean-c0-M1,0,1,0,0,0,0,0,0.03794800606556237,wesad,33.96500891796313,wesad-S13-e1,0,current_evidence,11.589908582158387,0,0,0,3195,4151.0,M1,814,0,1,1,1,2,0,0.005245744017884135,test,S13,1,0,0,0,1,1,clean
0,1,2,1,wesad-S13-e1-clean-c1-B0,1,3,2,0,0,0,0,0.002432901179417968,wesad,49.00051505304873,wesad-S13-e1,0,current_evidence,8.181028718827292,0,0,1,1401,4181.0,B0,579,0,0,4,0,2,0,0.0015900579746812582,test,S13,1,0,1,0,1,1,clean
0,1,2,0,wesad-S13-e1-clean-c1-B1,1,1,0,0,0,0,0,0.0064649200066924095,wesad,61.308811120921746,wesad-S13-e1,0,current_evidence,16.30008926684968,0,0,0,3415,4181.0,B1,1158,0,1,1,1,2,0,0.0015638289041817188,test,S13,1,0,1,0,1,1,clean
0,1,2,0,wesad-S13-e1-clean-c1-B2,1,1,0,0,0,0,0,0.04145166487433016,wesad,63.427245282102376,wesad-S13-e1,0,current_evidence,16.49856613902375,0,0,0,3422,4181.0,B2,1172,0,1,1,1,2,0,0.007298763142898679,test,S13,1,0,1,0,1,1,clean
0,1,2,0,wesad-S13-e1-clean-c1-B3,1,1,0,0,0,0,0,0.007037017960101366,wesad,65.36985603487119,wesad-S13-e1,0,current_evidence,16.4578032810241,0,0,0,3420,4181.0,B3,1168,0,1,1,1,2,0,0.0015347290318459272,test,S13,1,0,1,0,1,1,clean
0,1,2,0,wesad-S13-e1-clean-c1-M1,1,1,0,0,0,0,0,0.029057645006105304,wesad,63.91078824107535,wesad-S13-e1,0,current_evidence,15.572106544161215,0,0,0,3393,4181.0,M1,1096,0,1,1,1,2,0,0.0054647799115628,test,S13,1,0,1,0,1,1,clean
0,1,2,1,wesad-S13-e1-clean-c2-B0,2,3,2,0,0,0,0,0.006077158031985164,wesad,49.16670695506036,wesad-S13-e1,0,current_evidence,8.262704984052107,0,0,3,1401,4241.0,B0,586,0,0,4,0,2,0,0.00408788793720305,test,S13,1,0,2,0,1,1,clean
0,1,2,0,wesad-S13-e1-clean-c2-B1,2,1,0,0,0,0,0,0.016425878973677754,wesad,60.45213020290248,wesad-S13-e1,0,current_evidence,16.497583899181336,0,0,0,3422,4241.0,B1,1172,0,1,1,1,2,0,0.0015810888726264238,test,S13,1,0,2,0,1,1,clean
0,1,2,0,wesad-S13-e1-clean-c2-B2,2,1,0,0,0,0,0,0.03390274685807526,wesad,63.521791907958686,wesad-S13-e1,0,current_evidence,16.46074704104103,0,0,0,3420,4241.0,B2,1168,0,1,1,1,2,0,0.005707375006750226,test,S13,1,0,2,0,1,1,clean
0,1,2,0,wesad-S13-e1-clean-c2-B3,2,1,0,0,0,0,0,0.007264654152095318,wesad,65.38822169601917,wesad-S13-e1,0,current_evidence,16.32568225217983,0,0,0,3415,4241.0,B3,1158,0,1,1,1,2,0,0.0016127470880746841,test,S13,1,0,2,0,1,1,clean
0,1,2,0,wesad-S13-e1-clean-c2-M1,2,1,0,0,0,0,0,0.038765828823670745,wesad,64.46623604185879,wesad-S13-e1,0,current_evidence,16.526349910069257,0,0,0,3422,4241.0,M1,1172,0,1,1,1,2,0,0.00570455496199429,test,S13,1,0,2,0,1,1,clean
0,1,2,1,wesad-S13-e1-correction-c0-B0,0,2,1,0,0,0,0,0.008739013923332095,wesad,42.79170697089285,wesad-S13-e1,0,current_evidence,5.812141604023054,0,0,0,1381,4151.0,B0,407,0,0,3,0,2,0,0.0015397679526358843,test,S13,1,0,0,0,1,1,correction
0,1,2,0,wesad-S13-e1-correction-c0-B1,0,1,0,0,0,0,0,0.010680584004148841,wesad,53.73341731284745,wesad-S13-e1,0,current_evidence,11.396535095991567,0,0,0,3195,4151.0,B1,814,0,1,1,1,2,0,0.0015120890457183123,test,S13,1,0,0,0,1,1,correction
0,1,2,0,wesad-S13-e1-correction-c0-B2,0,1,0,0,0,0,0,0.054639463778585196,wesad,54.23132795607671,wesad-S13-e1,0,current_evidence,11.45137667702511,0,0,0,3195,4151.0,B2,814,0,1,1,1,2,0,0.00549016916193068,test,S13,1,0,0,0,1,1,correction
0,1,2,0,wesad-S13-e1-correction-c0-B3,0,1,0,0,0,0,0,0.01069779391400516,wesad,56.90413365396671,wesad-S13-e1,0,current_evidence,11.707000362919644,0,0,0,3195,4151.0,B3,814,0,1,1,1,2,0,0.0015060589648783207,test,S13,1,0,0,0,1,1,correction
0,1,2,0,wesad-S13-e1-correction-c0-M1,0,1,0,0,0,0,0,0.053513187216594815,wesad,56.118657301180065,wesad-S13-e1,0,current_evidence,11.455187768908218,0,0,0,3195,4151.0,M1,814,0,1,1,1,2,0,0.005475698970258236,test,S13,1,0,0,0,1,1,correction
0,1,2,1,wesad-S13-e1-correction-c1-B0,1,3,2,0,0,0,1,0.0036221870686858892,wesad,49.440223237965256,wesad-S13-e1,0,current_evidence,8.1704447560478,0,0,1,1401,4181.0,B0,579,0,0,4,0,2,1,0.001652186969295144,test,S13,1,0,0,0,1,1,correction
0,1,2,0,wesad-S13-e1-correction-c1-B1,1,1,0,0,1,1,1,0.007511297939345241,wesad,58.638686610152945,wesad-S13-e1,0,current_evidence,15.237308196956292,0,0,0,3386,4181.0,B1,1082,0,1,1,1,2,0,0.0015770378522574902,test,S13,1,0,0,0,1,1,correction
0,1,2,0,wesad-S13-e1-correction-c1-B2,1,1,0,0,1,1,1,0.03371737711131573,wesad,64.69192683487199,wesad-S13-e1,0,current_evidence,16.387529829051346,0,0,0,3415,4181.0,B2,1158,0,1,1,1,2,0,0.005913781002163887,test,S13,1,0,0,0,1,1,correction
0,1,2,0,wesad-S13-e1-correction-c1-B3,1,1,0,0,1,1,1,0.007765832124277949,wesad,64.68375068996102,wesad-S13-e1,0,current_evidence,15.334712355164811,0,0,0,3386,4181.0,B3,1082,0,1,1,1,2,0,0.001591147854924202,test,S13,1,0,0,0,1,1,correction
0,1,2,0,wesad-S13-e1-correction-c1-M1,1,1,0,0,1,1,1,0.03424183698371053,wesad,65.15104640205391,wesad-S13-e1,0,current_evidence,16.514355633175,0,0,0,3415,4181.0,M1,1158,0,1,1,1,2,0,0.005956039996817708,test,S13,1,0,0,0,1,1,correction
0,1,2,1,wesad-S13-e1-correction-c2-B0,2,3,2,0,0,0,1,0.006101896055042744,wesad,49.3126740900334,wesad-S13-e1,0,current_evidence,8.322341421851888,0,0,3,1401,4241.0,B0,586,0,0,4,0,2,1,0.0041795161087065935,test,S13,1,0,1,0,1,1,correction
0,1,2,0,wesad-S13-e1-correction-c2-B1,2,1,0,0,1,1,1,0.017636463046073914,wesad,58.206845378968865,wesad-S13-e1,0,current_evidence,16.582999733975157,0,0,0,3422,4241.0,B1,1172,0,1,1,1,2,0,0.0029116510413587093,test,S13,1,0,1,0,1,1,correction
0,1,2,0,wesad-S13-e1-correction-c2-B2,2,1,0,0,1,1,1,0.04652879782952368,wesad,65.2052162559703,wesad-S13-e1,0,current_evidence,16.291163288988173,0,0,0,3422,4241.0,B2,1172,0,1,1,1,2,0,0.009026118088513613,test,S13,1,0,1,0,1,1,correction
0,1,2,0,wesad-S13-e1-correction-c2-B3,2,1,0,0,1,1,1,0.008018698077648878,wesad,66.22085873107426,wesad-S13-e1,0,current_evidence,15.917169817956164,0,0,0,3415,4241.0,B3,1158,0,1,1,1,2,0,0.0016412169206887484,test,S13,1,0,1,0,1,1,correction
0,1,2,0,wesad-S13-e1-correction-c2-M1,2,1,0,0,1,1,1,0.04867239505983889,wesad,65.30811444297433,wesad-S13-e1,0,current_evidence,16.07644691481255,0,0,0,3415,4241.0,M1,1158,0,1,1,1,2,0,0.008802091935649514,test,S13,1,0,1,0,1,1,correction
0,0,0,1,wesad-S13-e1-delayed-c0-B0,0,3,3,0,0,0,0,0.009254813892766833,wesad,13.530363137833774,wesad-S13-e1,0,current_evidence,7.908395063132048,0,0,0,1275,4151.0,B0,565,0,0,4,0,2,0,0.0015033590607345104,test,S13,0,0,0,0,0,0,delayed
1,0,0,0,wesad-S13-e1-delayed-c0-B1,0,0,0,0,0,0,0,0.010914511047303677,wesad,21.474639527965337,wesad-S13-e1,0,current_evidence,15.844501837156713,0,0,0,3161,4151.0,B1,1130,0,0,0,1,2,0,0.0014904800336807966,test,S13,0,0,0,0,0,0,delayed
1,0,0,0,wesad-S13-e1-delayed-c0-B2,0,0,0,0,0,0,0,0.07362161600030959,wesad,21.471560510108247,wesad-S13-e1,0,current_evidence,15.85280703799799,0,0,0,3161,4151.0,B2,1130,0,0,0,1,2,0,0.009068947983905673,test,S13,0,0,0,0,0,0,delayed
1,0,0,0,wesad-S13-e1-delayed-c0-B3,0,0,0,0,0,0,0,0.015420848969370127,wesad,29.290486644022167,wesad-S13-e1,0,current_evidence,15.991153821116313,0,0,0,3161,4151.0,B3,1130,0,0,0,1,2,0,0.0014864399563521147,test,S13,0,0,0,0,0,0,delayed
1,0,0,0,wesad-S13-e1-delayed-c0-M1,0,0,0,0,0,0,0,0.12109070015139878,wesad,26.462321841856465,wesad-S13-e1,0,current_evidence,16.07088723499328,0,0,0,3161,4151.0,M1,1130,0,0,0,1,2,0,0.008559857960790396,test,S13,0,0,0,0,0,0,delayed
0,0,0,1,wesad-S13-e1-delayed-c1-B0,1,3,3,0,0,0,0,0.004107828019186854,wesad,41.045178786851466,wesad-S13-e1,0,current_evidence,7.938103782944381,0,0,3,1275,4181.0,B0,565,0,0,4,0,2,0,0.003357031848281622,test,S13,0,0,0,0,0,0,delayed
1,0,0,0,wesad-S13-e1-delayed-c1-B1,1,0,0,0,0,0,0,0.006219425005838275,wesad,51.80006636097096,wesad-S13-e1,0,current_evidence,15.951020729029551,0,0,0,3161,4181.0,B1,1130,0,0,0,1,2,0,0.002661545993760228,test,S13,0,0,0,0,0,0,delayed
1,0,0,0,wesad-S13-e1-delayed-c1-B2,1,0,0,0,0,0,0,0.019580744905397296,wesad,53.59271060512401,wesad-S13-e1,0,current_evidence,16.033469818066806,0,0,0,3161,4181.0,B2,1130,0,0,0,1,2,0,0.009020238881930709,test,S13,0,0,0,0,0,0,delayed
1,0,0,0,wesad-S13-e1-delayed-c1-B3,1,0,0,0,0,0,0,0.0037200949154794216,wesad,56.96960176201537,wesad-S13-e1,0,current_evidence,15.986271159956232,0,0,0,3161,4181.0,B3,1130,0,0,0,1,2,0,0.0015401588752865791,test,S13,0,0,0,0,0,0,delayed
1,0,0,0,wesad-S13-e1-delayed-c1-M1,1,0,0,0,0,0,0,0.016568575985729694,wesad,54.113525052089244,wesad-S13-e1,0,current_evidence,16.20135296578519,0,0,0,3161,4181.0,M1,1130,0,0,0,1,2,0,0.00579547300003469,test,S13,0,0,0,0,0,0,delayed
0,1,2,1,wesad-S13-e1-delayed-c2-B0,2,3,2,0,0,0,0,0.006121997023001313,wesad,44.10552005213685,wesad-S13-e1,0,current_evidence,8.111588578904048,0,0,6,1381,4241.0,B0,582,0,0,4,0,2,0,0.004142086952924728,test,S13,1,0,0,0,1,1,delayed
0,1,2,0,wesad-S13-e1-delayed-c2-B1,2,1,0,0,0,0,0,0.010234523797407746,wesad,53.86489373189397,wesad-S13-e1,0,current_evidence,16.667599542997777,0,0,0,3378,4241.0,B1,1164,0,1,1,1,2,0,0.002939661033451557,test,S13,1,0,0,0,1,1,delayed
0,1,2,0,wesad-S13-e1-delayed-c2-B2,2,1,0,0,0,0,0,0.1550179359037429,wesad,54.068176086992025,wesad-S13-e1,0,current_evidence,16.40545325423591,0,0,0,3378,4241.0,B2,1164,0,1,1,1,2,0,0.006580548128113151,test,S13,1,0,0,0,1,1,delayed
0,1,2,0,wesad-S13-e1-delayed-c2-B3,2,1,0,0,0,0,0,0.00473478389903903,wesad,60.383000363828614,wesad-S13-e1,0,current_evidence,16.47968457895331,0,0,0,3378,4241.0,B3,1164,0,1,1,1,2,0,0.001571099041029811,test,S13,1,0,0,0,1,1,delayed
0,1,2,0,wesad-S13-e1-delayed-c2-M1,2,1,0,0,0,0,0,0.017186634009703994,wesad,56.97129942802712,wesad-S13-e1,0,current_evidence,16.451273451093584,0,0,0,3378,4241.0,M1,1164,0,1,1,1,2,0,0.005879200994968414,test,S13,1,0,0,0,1,1,delayed
0,1,2,1,wesad-S14-e0-channel_fault-c0-B0,0,3,2,0,0,0,0,0.0176221018191427,wesad,26.18113044090569,wesad-S14-e0,0,conflict_timing,8.003685605945066,0,0,0,1393,1386.0,B0,569,0,0,4,0,2,0,0.0014757399912923574,test,S14,1,0,0,0,1,1,channel_fault
0,1,2,0,wesad-S14-e0-channel_fault-c0-B1,0,1,0,0,0,0,0,0.010852199979126453,wesad,34.15819812915288,wesad-S14-e0,0,conflict_timing,15.988772319164127,0,0,0,3385,1386.0,B1,1138,0,1,1,1,2,0,0.0014899089001119137,test,S14,1,0,0,0,1,1,channel_fault
0,1,2,0,wesad-S14-e0-channel_fault-c0-B2,0,1,0,0,0,0,0,0.03852724703028798,wesad,39.42581606912427,wesad-S14-e0,0,conflict_timing,15.992010704940185,0,0,0,3385,1386.0,B2,1138,0,1,1,1,2,0,0.005227013025432825,test,S14,1,0,0,0,1,1,channel_fault
0,1,2,0,wesad-S14-e0-channel_fault-c0-B3,0,1,0,0,0,0,0,0.010979956947267056,wesad,42.09393356577493,wesad-S14-e0,0,conflict_timing,16.02255447418429,0,0,0,3385,1386.0,B3,1138,0,1,1,1,2,0,0.0014882499817758799,test,S14,1,0,0,0,1,1,channel_fault
0,1,2,0,wesad-S14-e0-channel_fault-c0-M1,0,1,0,0,0,0,0,0.03644746891222894,wesad,41.603821040829644,wesad-S14-e0,0,conflict_timing,16.067335184197873,0,0,0,3385,1386.0,M1,1138,0,1,1,1,2,0,0.005209743976593018,test,S14,1,0,0,0,1,1,channel_fault
0,1,2,1,wesad-S14-e0-channel_fault-c1-B0,1,3,2,0,0,0,0,0.005393079947680235,wesad,43.70332656800747,wesad-S14-e0,0,conflict_timing,7.910980141023174,0,0,2,1476,1416.0,B0,560,0,0,4,0,2,0,0.0016277669928967953,test,S14,1,0,1,0,1,1,channel_fault
0,1,2,0,wesad-S14-e0-channel_fault-c1-B1,1,1,0,0,0,0,0,0.016210870118811727,wesad,59.55400820611976,wesad-S14-e0,0,conflict_timing,19.98520573414862,0,0,0,3690,1416.0,B1,1416,0,1,1,1,2,0,0.001620827941223979,test,S14,1,0,1,0,1,1,channel_fault
0,1,2,0,wesad-S14-e0-channel_fault-c1-B2,1,1,0,0,0,0,0,0.19867157097905874,wesad,61.19340019696392,wesad-S14-e0,0,conflict_timing,20.020583025179803,0,0,0,3690,1416.0,B2,1416,0,1,1,1,2,0,0.005660315044224262,test,S14,1,0,1,0,1,1,channel_fault
0,1,2,0,wesad-S14-e0-channel_fault-c1-B3,1,1,0,0,0,0,0,0.017195400083437562,wesad,63.41237543593161,wesad-S14-e0,0,conflict_timing,20.02786779589951,0,0,0,3690,1416.0,B3,1416,0,1,1,1,2,0,0.0016609360463917255,test,S14,1,0,1,0,1,1,channel_fault
0,1,2,0,wesad-S14-e0-channel_fault-c1-M1,1,1,0,0,0,0,0,0.08800122095271945,wesad,62.54844769905321,wesad-S14-e0,0,conflict_timing,20.14305149507709,0,0,0,3690,1416.0,M1,1416,0,1,1,1,2,0,0.005631685024127364,test,S14,1,0,1,0,1,1,channel_fault
0,1,2,1,wesad-S14-e0-channel_fault-c2-B0,2,3,2,0,0,0,0,0.004643064923584461,wesad,38.371749059064314,wesad-S14-e0,0,conflict_timing,7.9478332221042365,0,0,4,1477,1476.0,B0,565,0,0,4,0,2,0,0.0018196830060333014,test,S14,1,0,2,0,1,1,channel_fault
0,1,2,0,wesad-S14-e0-channel_fault-c2-B1,2,1,0,0,0,0,0,0.017415456008166075,wesad,50.12617986300029,wesad-S14-e0,0,conflict_timing,15.915794813772663,0,0,0,3549,1476.0,B1,1130,0,1,1,1,2,0,0.0016872750129550695,test,S14,1,0,2,0,1,1,channel_fault
0,1,2,0,wesad-S14-e0-channel_fault-c2-B2,2,1,0,0,0,0,0,0.08552301093004644,wesad,50.33036752208136,wesad-S14-e0,0,conflict_timing,15.914875003974885,0,0,0,3549,1476.0,B2,1130,0,1,1,1,2,0,0.005913789849728346,test,S14,1,0,2,0,1,1,channel_fault
0,1,2,0,wesad-S14-e0-channel_fault-c2-B3,2,1,0,0,0,0,0,0.019465084187686443,wesad,54.05652102897875,wesad-S14-e0,0,conflict_timing,15.948289024177939,0,0,0,3549,1476.0,B3,1130,0,1,1,1,2,0,0.0016619469970464706,test,S14,1,0,2,0,1,1,channel_fault
0,1,2,0,wesad-S14-e0-channel_fault-c2-M1,2,1,0,0,0,0,0,0.1454394639004022,wesad,49.885423936881125,wesad-S14-e0,0,conflict_timing,15.427576760062948,0,0,0,3533,1476.0,M1,1098,0,1,1,1,2,0,0.008165523875504732,test,S14,1,0,2,0,1,1,channel_fault
0,1,2,1,wesad-S14-e0-clean-c0-B0,0,3,2,0,0,0,0,0.008670656010508537,wesad,39.43214122997597,wesad-S14-e0,0,conflict_timing,8.013385210884735,0,0,0,1393,1386.0,B0,569,0,0,4,0,2,0,0.0014931210316717625,test,S14,1,0,0,0,1,1,clean
0,1,2,0,wesad-S14-e0-clean-c0-B1,0,1,0,0,0,0,0,0.011202765861526132,wesad,53.85591118596494,wesad-S14-e0,0,conflict_timing,15.917215157998726,0,0,0,3385,1386.0,B1,1138,0,1,1,1,2,0,0.0015121700707823038,test,S14,1,0,0,0,1,1,clean
0,1,2,0,wesad-S14-e0-clean-c0-B2,0,1,0,0,0,0,0,0.05583376600407064,wesad,55.37513736309484,wesad-S14-e0,0,conflict_timing,15.955983812687919,0,0,0,3385,1386.0,B2,1138,0,1,1,1,2,0,0.005427151918411255,test,S14,1,0,0,0,1,1,clean
0,1,2,0,wesad-S14-e0-clean-c0-B3,0,1,0,0,0,0,0,0.010816904017701745,wesad,56.25494318897836,wesad-S14-e0,0,conflict_timing,16.093280224129558,0,0,0,3385,1386.0,B3,1138,0,1,1,1,2,0,0.0015264891553670168,test,S14,1,0,0,0,1,1,clean
0,1,2,0,wesad-S14-e0-clean-c0-M1,0,1,0,0,0,0,0,0.05808302108198404,wesad,55.370483736973256,wesad-S14-e0,0,conflict_timing,15.960603412007913,0,0,0,3385,1386.0,M1,1138,0,1,1,1,2,0,0.006464031059294939,test,S14,1,0,0,0,1,1,clean
0,1,2,1,wesad-S14-e0-clean-c1-B0,1,3,2,0,0,0,0,0.003013900015503168,wesad,41.925270565086976,wesad-S14-e0,0,conflict_timing,9.819004092831165,0,0,2,1413,1416.0,B0,705,0,0,4,0,2,0,0.0016187068540602922,test,S14,1,0,1,0,1,1,clean
0,1,2,0,wesad-S14-e0-clean-c1-B1,1,1,0,0,0,0,0,0.006823923904448748,wesad,54.18071783496998,wesad-S14-e0,0,conflict_timing,19.815923977876082,0,0,0,3561,1416.0,B1,1410,0,1,1,1,2,0,0.0015938680153340101,test,S14,1,0,1,0,1,1,clean
0,1,2,0,wesad-S14-e0-clean-c1-B2,1,1,0,0,0,0,0,0.02870831685140729,wesad,58.15985673107207,wesad-S14-e0,0,conflict_timing,19.702195376856253,0,0,0,3553,1416.0,B2,1394,0,1,1,1,2,0,0.0055698188953101635,test,S14,1,0,1,0,1,1,clean
0,1,2,0,wesad-S14-e0-clean-c1-B3,1,1,0,0,0,0,0,0.007183756912127137,wesad,61.784336901968345,wesad-S14-e0,0,conflict_timing,19.937878424068913,0,0,0,3561,1416.0,B3,1410,0,1,1,1,2,0,0.001549979206174612,test,S14,1,0,1,0,1,1,clean
0,1,2,0,wesad-S14-e0-clean-c1-M1,1,1,0,0,0,0,0,0.03172693704254925,wesad,59.72086786408909,wesad-S14-e0,0,conflict_timing,20.14436891512014,0,0,0,3561,1416.0,M1,1410,0,1,1,1,2,0,0.005553539143875241,test,S14,1,0,1,0,1,1,clean
0,1,2,1,wesad-S14-e0-clean-c2-B0,2,3,2,0,0,0,0,0.002746995072811842,wesad,38.56921896804124,wesad-S14-e0,0,conflict_timing,9.363771616946906,0,0,4,1413,1476.0,B0,671,0,0,4,0,2,0,0.0016607569996267557,test,S14,1,0,2,0,1,1,clean
0,1,2,0,wesad-S14-e0-clean-c2-B1,2,1,0,0,0,0,0,0.006675675977021456,wesad,50.66342494497076,wesad-S14-e0,0,conflict_timing,19.849062957102433,0,0,0,3561,1476.0,B1,1410,0,1,1,1,2,0,0.0015783589333295822,test,S14,1,0,2,0,1,1,clean
0,1,2,0,wesad-S14-e0-clean-c2-B2,2,1,0,0,0,0,0,0.03508633002638817,wesad,54.76816136413254,wesad-S14-e0,0,conflict_timing,19.773471244843677,0,0,0,3561,1476.0,B2,1410,0,1,1,1,2,0,0.006046359892934561,test,S14,1,0,2,0,1,1,clean
0,1,2,0,wesad-S14-e0-clean-c2-B3,2,1,0,0,0,0,0,0.0074350421782583,wesad,57.10202079685405,wesad-S14-e0,0,conflict_timing,18.624772404087707,0,0,0,3540,1476.0,B3,1342,0,1,1,1,2,0,0.0016227168962359428,test,S14,1,0,2,0,1,1,clean
0,1,2,0,wesad-S14-e0-clean-c2-M1,2,1,0,0,0,0,0,0.03873832710087299,wesad,55.756390227004886,wesad-S14-e0,0,conflict_timing,19.735690219094977,0,0,0,3561,1476.0,M1,1410,0,1,1,1,2,0,0.005697635933756828,test,S14,1,0,2,0,1,1,clean
0,1,2,1,wesad-S14-e0-correction-c0-B0,0,3,2,0,0,0,0,0.017036532051861286,wesad,27.780812446027994,wesad-S14-e0,0,conflict_timing,8.028555086813867,0,0,0,1393,1386.0,B0,569,0,0,4,0,2,0,0.0015026191249489784,test,S14,1,0,0,0,1,1,correction
0,1,2,0,wesad-S14-e0-correction-c0-B1,0,1,0,0,0,0,0,0.010907787131145597,wesad,35.817547945072874,wesad-S14-e0,0,conflict_timing,16.080338309984654,0,0,0,3385,1386.0,B1,1138,0,1,1,1,2,0,0.001483849948272109,test,S14,1,0,0,0,1,1,correction
0,1,2,0,wesad-S14-e0-correction-c0-B2,0,1,0,0,0,0,0,0.045319054974243045,wesad,41.88354821293615,wesad-S14-e0,0,conflict_timing,16.205483983969316,0,0,0,3385,1386.0,B2,1138,0,1,1,1,2,0,0.005263762082904577,test,S14,1,0,0,0,1,1,correction
0,1,2,0,wesad-S14-e0-correction-c0-B3,0,1,0,0,0,0,0,0.010902896989136934,wesad,47.872417415026575,wesad-S14-e0,0,conflict_timing,20.208978602895513,0,0,0,3523,1386.0,B3,1420,0,1,1,1,2,0,0.001525508938357234,test,S14,1,0,0,0,1,1,correction
0,1,2,0,wesad-S14-e0-correction-c0-M1,0,1,0,0,0,0,0,0.039128131000325084,wesad,43.63753091101535,wesad-S14-e0,0,conflict_timing,16.50965408422053,0,0,0,3385,1386.0,M1,1138,0,1,1,1,2,0,0.005537986988201737,test,S14,1,0,0,0,1,1,correction
0,1,2,1,wesad-S14-e0-correction-c1-B0,1,3,2,0,0,0,1,0.005802420899271965,wesad,43.60076840990223,wesad-S14-e0,0,conflict_timing,9.827804629923776,0,0,2,1413,1416.0,B0,705,0,0,4,0,2,1,0.0040309978649020195,test,S14,1,0,0,0,1,1,correction
0,1,2,0,wesad-S14-e0-correction-c1-B1,1,1,0,0,1,1,1,0.01641036500222981,wesad,58.21923507889733,wesad-S14-e0,0,conflict_timing,19.922944633988664,0,0,0,3561,1416.0,B1,1410,0,1,1,1,2,0,0.003951659193262458,test,S14,1,0,0,0,1,1,correction
0,1,2,0,wesad-S14-e0-correction-c1-B2,1,1,0,0,1,1,1,0.04651612997986376,wesad,59.70321117900312,wesad-S14-e0,0,conflict_timing,19.94614974898286,0,0,0,3561,1416.0,B2,1410,0,1,1,1,2,0,0.009383988799527287,test,S14,1,0,0,0,1,1,correction
0,1,2,0,wesad-S14-e0-correction-c1-B3,1,1,0,0,1,1,1,0.008074555080384016,wesad,63.42800096794963,wesad-S14-e0,0,conflict_timing,19.963275340152904,0,0,0,3561,1416.0,B3,1410,0,1,1,1,2,0,0.0015755579806864262,test,S14,1,0,0,0,1,1,correction
0,1,2,0,wesad-S14-e0-correction-c1-M1,1,1,0,0,1,1,1,0.04307913011871278,wesad,61.01226636208594,wesad-S14-e0,0,conflict_timing,20.266183966072276,0,0,0,3561,1416.0,M1,1410,0,1,1,1,2,0,0.008295290870591998,test,S14,1,0,0,0,1,1,correction
0,1,2,1,wesad-S14-e0-correction-c2-B0,2,3,2,0,0,0,1,0.0025941370986402035,wesad,39.10450687399134,wesad-S14-e0,0,conflict_timing,9.369294391945004,0,0,4,1413,1476.0,B0,671,0,0,4,0,2,1,0.0016362369060516357,test,S14,1,0,1,0,1,1,correction
0,1,2,0,wesad-S14-e0-correction-c2-B1,2,1,0,0,1,1,1,0.007687052944675088,wesad,51.36947524291463,wesad-S14-e0,0,conflict_timing,18.877428530948237,0,0,0,3540,1476.0,B1,1342,0,1,1,1,2,0,0.001635765889659524,test,S14,1,0,1,0,1,1,correction
0,1,2,0,wesad-S14-e0-correction-c2-B2,2,1,0,0,1,1,1,0.03374932100996375,wesad,53.13471998181194,wesad-S14-e0,0,conflict_timing,18.920793294906616,0,0,0,3540,1476.0,B2,1342,0,1,1,1,2,0,0.005859559867531061,test,S14,1,0,1,0,1,1,correction
0,1,2,0,wesad-S14-e0-correction-c2-B3,2,1,0,0,1,1,1,0.00820310297422111,wesad,58.92373361391947,wesad-S14-e0,0,conflict_timing,19.90488300099969,0,0,0,3561,1476.0,B3,1410,0,1,1,1,2,0,0.0016395060811191797,test,S14,1,0,1,0,1,1,correction
0,1,2,0,wesad-S14-e0-correction-c2-M1,2,1,0,0,1,1,1,0.03489009803161025,wesad,54.430413807043806,wesad-S14-e0,0,conflict_timing,19.873858275823295,0,0,0,3561,1476.0,M1,1410,0,1,1,1,2,0,0.00586122996173799,test,S14,1,0,1,0,1,1,correction
0,0,0,1,wesad-S14-e0-delayed-c0-B0,0,3,3,0,0,0,0,0.009020065888762474,wesad,28.128257879056036,wesad-S14-e0,0,conflict_timing,7.909401898039505,0,0,0,1289,1386.0,B0,557,0,0,4,0,2,0,0.0015013699885457754,test,S14,0,0,0,0,0,0,delayed
1,0,0,0,wesad-S14-e0-delayed-c0-B1,0,0,0,0,0,0,0,0.01093689794652164,wesad,36.02892712387256,wesad-S14-e0,0,conflict_timing,15.804387078853324,0,0,0,3181,1386.0,B1,1114,0,0,0,1,2,0,0.001499058911576867,test,S14,0,0,0,0,0,0,delayed
1,0,0,0,wesad-S14-e0-delayed-c0-B2,0,0,0,0,0,0,0,0.03857262386009097,wesad,36.00040041608736,wesad-S14-e0,0,conflict_timing,15.785686769988388,0,0,0,3181,1386.0,B2,1114,0,0,0,1,2,0,0.005815682001411915,test,S14,0,0,0,0,0,0,delayed
1,0,0,0,wesad-S14-e0-delayed-c0-B3,0,0,0,0,0,0,0,0.011161182075738907,wesad,45.75116274296306,wesad-S14-e0,0,conflict_timing,15.956570368027315,0,0,0,3181,1386.0,B3,1114,0,0,0,1,2,0,0.0015051399823278189,test,S14,0,0,0,0,0,0,delayed
1,0,0,0,wesad-S14-e0-delayed-c0-M1,0,0,0,0,0,0,0,0.03721838095225394,wesad,43.57675069803372,wesad-S14-e0,0,conflict_timing,15.506989296991378,0,0,0,3169,1386.0,M1,1096,0,0,0,1,2,0,0.005221954081207514,test,S14,0,0,0,0,0,0,delayed
0,0,0,1,wesad-S14-e0-delayed-c1-B0,1,3,3,0,0,0,0,0.0045861368998885155,wesad,46.40672689815983,wesad-S14-e0,0,conflict_timing,7.676644809078425,0,0,3,1289,1416.0,B0,548,0,0,4,0,2,0,0.0038947099819779396,test,S14,0,0,0,0,0,0,delayed
1,0,0,0,wesad-S14-e0-delayed-c1-B1,1,0,0,0,0,0,0,0.008697072975337505,wesad,56.21031767013483,wesad-S14-e0,0,conflict_timing,17.368407347938046,0,0,0,3243,1416.0,B1,1238,0,0,0,1,2,0,0.0037691029720008373,test,S14,0,0,0,0,0,0,delayed
1,0,0,0,wesad-S14-e0-delayed-c1-B2,1,0,0,0,0,0,0,0.020140338921919465,wesad,58.563021732028574,wesad-S14-e0,0,conflict_timing,17.390913128852844,0,0,0,3243,1416.0,B2,1238,0,0,0,1,2,0,0.009908247971907258,test,S14,0,0,0,0,0,0,delayed
1,0,0,0,wesad-S14-e0-delayed-c1-B3,1,0,0,0,0,0,0,0.0046487548388540745,wesad,64.14039449603297,wesad-S14-e0,0,conflict_timing,17.522333742817864,0,0,0,3243,1416.0,B3,1238,0,0,0,1,2,0,0.0015203990042209625,test,S14,0,0,0,0,0,0,delayed
1,0,0,0,wesad-S14-e0-delayed-c1-M1,1,0,0,0,0,0,0,0.019294756930321455,wesad,63.7719543708954,wesad-S14-e0,0,conflict_timing,17.40907047991641,0,0,0,3243,1416.0,M1,1238,0,0,0,1,2,0,0.009135833941400051,test,S14,0,0,0,0,0,0,delayed
0,1,2,1,wesad-S14-e0-delayed-c2-B0,2,3,2,0,0,0,0,0.005840400932356715,wesad,61.734377968125045,wesad-S14-e0,0,conflict_timing,9.993213488021865,0,0,6,1393,1476.0,B0,710,0,0,4,0,2,0,0.0040813470259308815,test,S14,1,0,0,0,1,1,delayed
0,1,2,0,wesad-S14-e0-delayed-c2-B1,2,1,0,0,0,0,0,0.010490416083484888,wesad,72.30192420817912,wesad-S14-e0,0,conflict_timing,19.989304237999022,0,0,0,3523,1476.0,B1,1420,0,1,1,1,2,0,0.0038129028398543596,test,S14,1,0,0,0,1,1,delayed
0,1,2,0,wesad-S14-e0-delayed-c2-B2,2,1,0,0,0,0,0,0.0245079908054322,wesad,75.04245241987519,wesad-S14-e0,0,conflict_timing,19.979475578060374,0,0,0,3521,1476.0,B2,1416,0,1,1,1,2,0,0.009050555061548948,test,S14,1,0,0,0,1,1,delayed
0,1,2,0,wesad-S14-e0-delayed-c2-B3,2,1,0,0,0,0,0,0.004366860957816243,wesad,81.68692896608263,wesad-S14-e0,0,conflict_timing,20.038519814843312,0,0,0,3523,1476.0,B3,1420,0,1,1,1,2,0,0.0015375788789242506,test,S14,1,0,0,0,1,1,delayed
0,1,2,0,wesad-S14-e0-delayed-c2-M1,2,1,0,0,0,0,0,0.02302825078368187,wesad,81.55130330799147,wesad-S14-e0,0,conflict_timing,20.046065632021055,0,0,0,3523,1476.0,M1,1420,0,1,1,1,2,0,0.008748922031372786,test,S14,1,0,0,0,1,1,delayed
0,1,2,0,wesad-S14-e1-channel_fault-c0-B0,0,3,0,0,0,0,0,0.010062427027150989,wesad,7.759857675991952,wesad-S14-e1,0,evidence_sufficiency,7.744354140013456,0,0,0,1364,4161.0,B0,507,0,1,3,0,2,0,0.0015012500807642937,test,S14,2,0,0,1,1,3,channel_fault
0,1,2,0,wesad-S14-e1-channel_fault-c0-B1,0,3,0,0,0,0,0,0.011295031988993287,wesad,7.757772849174216,wesad-S14-e1,0,evidence_sufficiency,7.741878360044211,0,0,0,1364,4161.0,B1,507,0,1,3,0,2,0,0.001502209110185504,test,S14,2,0,0,1,1,3,channel_fault
0,1,2,0,wesad-S14-e1-channel_fault-c0-B2,0,3,0,0,0,0,0,0.05496804998256266,wesad,7.7569905838463455,wesad-S14-e1,0,evidence_sufficiency,7.692390700103715,0,0,0,1364,4161.0,B2,507,0,1,3,0,2,0,0.006517837988212705,test,S14,2,0,0,1,1,3,channel_fault
0,1,2,0,wesad-S14-e1-channel_fault-c0-B3,0,3,0,0,0,0,0,0.011402128962799907,wesad,14.710962536046281,wesad-S14-e1,0,evidence_sufficiency,7.1140310568735,0,0,0,1364,4161.0,B3,507,0,1,3,0,2,0,0.0015140799805521965,test,S14,2,0,0,1,1,3,channel_fault
0,1,2,0,wesad-S14-e1-channel_fault-c0-M1,0,3,0,0,0,0,0,0.06271019321866333,wesad,7.682480139890686,wesad-S14-e1,0,evidence_sufficiency,7.6097569989506155,0,0,0,1364,4161.0,M1,507,0,1,3,0,2,0,0.006854580948129296,test,S14,2,0,0,1,1,3,channel_fault
0,1,2,0,wesad-S14-e1-channel_fault-c1-B0,1,3,0,0,0,0,1,0.012828369857743382,wesad,22.927884984994307,wesad-S14-e1,0,evidence_sufficiency,6.712096338858828,0,0,0,1448,4191.0,B0,481,0,0,3,0,2,1,0.001668106997385621,test,S14,2,0,2,1,1,3,channel_fault
0,1,2,0,wesad-S14-e1-channel_fault-c1-B1,1,3,0,0,1,1,1,0.01819762191735208,wesad,22.924065112136304,wesad-S14-e1,0,evidence_sufficiency,6.708350705215707,0,0,0,1448,4191.0,B1,481,0,0,3,0,2,0,0.0016899560578167439,test,S14,2,0,2,1,1,3,channel_fault
0,1,2,0,wesad-S14-e1-channel_fault-c1-B2,1,3,0,0,1,1,1,0.09244859195314348,wesad,22.90951517689973,wesad-S14-e1,0,evidence_sufficiency,6.702886566054076,0,0,0,1448,4191.0,B2,481,0,0,3,0,2,0,0.005940820090472698,test,S14,2,0,2,1,1,3,channel_fault
0,1,2,0,wesad-S14-e1-channel_fault-c1-B3,1,3,0,0,1,1,1,0.020281809847801924,wesad,29.41254189098254,wesad-S14-e1,0,evidence_sufficiency,6.727775373030454,0,0,0,1448,4191.0,B3,481,0,0,3,0,2,0,0.001668047159910202,test,S14,2,0,2,1,1,3,channel_fault
0,1,2,0,wesad-S14-e1-channel_fault-c1-M1,1,3,0,0,1,1,1,0.10631184093654156,wesad,27.548994230106473,wesad-S14-e1,0,evidence_sufficiency,6.825854140799493,0,0,0,1448,4191.0,M1,481,0,0,3,0,2,0,0.005797212943434715,test,S14,2,0,2,1,1,3,channel_fault
0,1,2,0,wesad-S14-e1-channel_fault-c2-B0,2,3,0,0,0,0,1,0.009250143077224493,wesad,23.420921702170745,wesad-S14-e1,0,evidence_sufficiency,6.809750946937129,0,0,0,1448,4251.0,B0,481,0,0,3,0,2,1,0.0017446440178900957,test,S14,2,0,5,1,1,3,channel_fault
0,1,2,0,wesad-S14-e1-channel_fault-c2-B1,2,3,0,0,1,1,1,0.01912204292602837,wesad,23.417433633003384,wesad-S14-e1,0,evidence_sufficiency,6.8078703039791435,0,0,0,1448,4251.0,B1,481,0,0,3,0,2,0,0.0017826540861278772,test,S14,2,0,5,1,1,3,channel_fault
0,1,2,0,wesad-S14-e1-channel_fault-c2-B2,2,3,0,0,1,1,1,0.11178130097687244,wesad,25.376676559913903,wesad-S14-e1,0,evidence_sufficiency,6.765104147838429,0,0,0,1448,4251.0,B2,481,0,0,3,0,2,0,0.006091987015679479,test,S14,2,0,5,1,1,3,channel_fault
0,1,2,0,wesad-S14-e1-channel_fault-c2-B3,2,3,0,0,1,1,1,0.029024602845311165,wesad,29.817627585027367,wesad-S14-e1,0,evidence_sufficiency,6.757584320148453,0,0,0,1448,4251.0,B3,481,0,0,3,0,2,0,0.0017923340201377869,test,S14,2,0,5,1,1,3,channel_fault
0,1,2,0,wesad-S14-e1-channel_fault-c2-M1,2,3,0,0,1,1,1,0.21085804887115955,wesad,30.02269234112464,wesad-S14-e1,0,evidence_sufficiency,6.745387406088412,0,0,0,1448,4251.0,M1,481,0,0,3,0,2,0,0.009765282971784472,test,S14,2,0,5,1,1,3,channel_fault
0,1,2,0,wesad-S14-e1-clean-c0-B0,0,3,0,0,0,0,0,0.009862409206107259,wesad,7.787707896903157,wesad-S14-e1,0,evidence_sufficiency,7.772757180966437,0,0,0,1364,4161.0,B0,507,0,1,3,0,2,0,0.0014893098268657923,test,S14,2,0,0,1,1,3,clean
0,1,2,0,wesad-S14-e1-clean-c0-B1,0,3,0,0,0,0,0,0.011080435011535883,wesad,7.7864857809618115,wesad-S14-e1,0,evidence_sufficiency,7.770903069060296,0,0,0,1364,4161.0,B1,507,0,1,3,0,2,0,0.0014825400430709124,test,S14,2,0,0,1,1,3,clean
0,1,2,0,wesad-S14-e1-clean-c0-B2,0,3,0,0,0,0,0,0.05487389396876097,wesad,7.776066174032167,wesad-S14-e1,0,evidence_sufficiency,7.71167991287075,0,0,0,1364,4161.0,B2,507,0,1,3,0,2,0,0.006476528011262417,test,S14,2,0,0,1,1,3,clean
0,1,2,0,wesad-S14-e1-clean-c0-B3,0,3,0,0,0,0,0,0.011134272906929255,wesad,14.73725563311018,wesad-S14-e1,0,evidence_sufficiency,7.106850459007546,0,0,0,1364,4161.0,B3,507,0,1,3,0,2,0,0.001489770133048296,test,S14,2,0,0,1,1,3,clean
0,1,2,0,wesad-S14-e1-clean-c0-M1,0,3,0,0,0,0,0,0.058850683039054275,wesad,7.721422774950042,wesad-S14-e1,0,evidence_sufficiency,7.653953906148672,0,0,0,1364,4161.0,M1,507,0,1,3,0,2,0,0.005527827888727188,test,S14,2,0,0,1,1,3,clean
0,1,2,0,wesad-S14-e1-clean-c1-B0,1,3,0,0,0,0,0,0.0029260311275720596,wesad,54.04283228702843,wesad-S14-e1,0,evidence_sufficiency,7.11123160016723,0,0,0,1384,4191.0,B0,507,0,1,3,0,2,0,0.0016397759318351746,test,S14,2,0,3,1,1,3,clean
0,1,2,0,wesad-S14-e1-clean-c1-B1,1,3,0,0,0,0,0,0.007085045799612999,wesad,55.558907945873216,wesad-S14-e1,0,evidence_sufficiency,7.057298425817862,0,0,0,1384,4191.0,B1,507,0,1,3,0,2,0,0.001602486940100789,test,S14,2,0,3,1,1,3,clean
0,1,2,0,wesad-S14-e1-clean-c1-B2,1,3,0,0,0,0,0,0.028664026875048876,wesad,56.63601986784488,wesad-S14-e1,0,evidence_sufficiency,7.046524276025593,0,0,0,1384,4191.0,B2,507,0,1,3,0,2,0,0.005960508948192,test,S14,2,0,3,1,1,3,clean
0,1,2,0,wesad-S14-e1-clean-c1-B3,1,3,0,0,0,0,0,0.00750321801751852,wesad,61.00911052408628,wesad-S14-e1,0,evidence_sufficiency,7.0480269449763,0,0,0,1384,4191.0,B3,507,0,1,3,0,2,0,0.0015989369712769985,test,S14,2,0,3,1,1,3,clean
0,1,2,0,wesad-S14-e1-clean-c1-M1,1,3,0,0,0,0,0,0.030357503099367023,wesad,57.168636549962685,wesad-S14-e1,0,evidence_sufficiency,7.249280303018168,0,0,0,1384,4191.0,M1,507,0,1,3,0,2,0,0.005516377976164222,test,S14,2,0,3,1,1,3,clean
0,1,2,0,wesad-S14-e1-clean-c2-B0,2,3,0,0,0,0,0,0.0033405220601707697,wesad,57.76138820988126,wesad-S14-e1,0,evidence_sufficiency,7.134399639209732,0,0,0,1384,4251.0,B0,507,0,1,3,0,2,0,0.003402380971238017,test,S14,2,0,6,1,1,3,clean
0,1,2,0,wesad-S14-e1-clean-c2-B1,2,3,0,0,0,0,0,0.01264539291150868,wesad,60.20777996489778,wesad-S14-e1,0,evidence_sufficiency,7.063210976077244,0,0,0,1384,4251.0,B1,507,0,1,3,0,2,0,0.0028885421343147755,test,S14,2,0,6,1,1,3,clean
0,1,2,0,wesad-S14-e1-clean-c2-B2,2,3,0,0,0,0,0,0.046691461000591516,wesad,62.014878357062116,wesad-S14-e1,0,evidence_sufficiency,7.092665447155014,0,0,0,1384,4251.0,B2,507,0,1,3,0,2,0,0.010252530919387937,test,S14,2,0,6,1,1,3,clean
0,1,2,0,wesad-S14-e1-clean-c2-B3,2,3,0,0,0,0,0,0.007985268021002412,wesad,64.72766445600428,wesad-S14-e1,0,evidence_sufficiency,7.09830817184411,0,0,0,1384,4251.0,B3,507,0,1,3,0,2,0,0.0016448360402137041,test,S14,2,0,6,1,1,3,clean
0,1,2,0,wesad-S14-e1-clean-c2-M1,2,3,0,0,0,0,0,0.044685411965474486,wesad,62.08172033797018,wesad-S14-e1,0,evidence_sufficiency,7.208148619858548,0,0,0,1384,4251.0,M1,507,0,1,3,0,2,0,0.008125834167003632,test,S14,2,0,6,1,1,3,clean
0,1,2,0,wesad-S14-e1-correction-c0-B0,0,3,0,0,0,0,0,0.009538557846099138,wesad,39.237140922108665,wesad-S14-e1,0,evidence_sufficiency,7.150899623055011,0,0,0,1364,4161.0,B0,507,0,1,3,0,2,0,0.001530239125713706,test,S14,2,0,0,1,1,3,correction
0,1,2,0,wesad-S14-e1-correction-c0-B1,0,3,0,0,0,0,0,0.010882951086387038,wesad,41.97731690714136,wesad-S14-e1,0,evidence_sufficiency,7.056186821078882,0,0,0,1364,4161.0,B1,507,0,1,3,0,2,0,0.0015194688457995653,test,S14,2,0,0,1,1,3,correction
0,1,2,0,wesad-S14-e1-correction-c0-B2,0,3,0,0,0,0,0,0.05376132717356086,wesad,42.28394953883253,wesad-S14-e1,0,evidence_sufficiency,7.127009683987126,0,0,0,1364,4161.0,B2,507,0,1,3,0,2,0,0.005430411081761122,test,S14,2,0,0,1,1,3,correction
0,1,2,0,wesad-S14-e1-correction-c0-B3,0,3,0,0,0,0,0,0.010860510868951678,wesad,46.247014455962926,wesad-S14-e1,0,evidence_sufficiency,7.149488750845194,0,0,0,1364,4161.0,B3,507,0,1,3,0,2,0,0.001532349968329072,test,S14,2,0,0,1,1,3,correction
0,1,2,0,wesad-S14-e1-correction-c0-M1,0,3,0,0,0,0,0,0.05271870782598853,wesad,45.478298872942105,wesad-S14-e1,0,evidence_sufficiency,7.239320260938257,0,0,0,1364,4161.0,M1,507,0,1,3,0,2,0,0.006087746936827898,test,S14,2,0,0,1,1,3,correction
0,1,2,0,wesad-S14-e1-correction-c1-B0,1,3,0,0,0,0,1,0.005938539979979396,wesad,35.64278410701081,wesad-S14-e1,0,evidence_sufficiency,7.129713200032711,0,0,0,1384,4191.0,B0,507,0,1,3,0,2,1,0.004044727887958288,test,S14,2,0,2,1,1,3,correction
0,1,2,0,wesad-S14-e1-correction-c1-B1,1,3,0,0,1,1,1,0.016255652997642756,wesad,36.50247271708213,wesad-S14-e1,0,evidence_sufficiency,7.096158416010439,0,0,0,1384,4191.0,B1,507,0,1,3,0,2,0,0.0029423299711197615,test,S14,2,0,2,1,1,3,correction
0,1,2,0,wesad-S14-e1-correction-c1-B2,1,3,0,0,1,1,1,0.04755414207465947,wesad,38.86290728091262,wesad-S14-e1,0,evidence_sufficiency,7.142434474080801,0,0,0,1384,4191.0,B2,507,0,1,3,0,2,0,0.010066736955195665,test,S14,2,0,2,1,1,3,correction
0,1,2,0,wesad-S14-e1-correction-c1-B3,1,3,0,0,1,1,1,0.007907741004601121,wesad,42.65634145680815,wesad-S14-e1,0,evidence_sufficiency,7.148650637827814,0,0,0,1384,4191.0,B3,507,0,1,3,0,2,0,0.0016045670490711927,test,S14,2,0,2,1,1,3,correction
0,1,2,0,wesad-S14-e1-correction-c1-M1,1,3,0,0,1,1,1,0.040676960023120046,wesad,42.61988249095157,wesad-S14-e1,0,evidence_sufficiency,7.262303808005527,0,0,0,1384,4191.0,M1,507,0,1,3,0,2,0,0.0055837680120021105,test,S14,2,0,2,1,1,3,correction
0,1,2,0,wesad-S14-e1-correction-c2-B0,2,3,0,0,0,0,1,0.009795803111046553,wesad,36.34499410004355,wesad-S14-e1,0,evidence_sufficiency,7.138148249825463,0,0,0,1384,4251.0,B0,507,0,1,3,0,2,1,0.001644256990402937,test,S14,2,0,5,1,1,3,correction
0,1,2,0,wesad-S14-e1-correction-c2-B1,2,3,0,0,1,1,1,0.008076646830886602,wesad,37.411277087870985,wesad-S14-e1,0,evidence_sufficiency,7.111727121984586,0,0,0,1384,4251.0,B1,507,0,1,3,0,2,0,0.001700736116617918,test,S14,2,0,5,1,1,3,correction
0,1,2,0,wesad-S14-e1-correction-c2-B2,2,3,0,0,1,1,1,0.033168331952765584,wesad,37.57017244701274,wesad-S14-e1,0,evidence_sufficiency,7.097822122974321,0,0,0,1384,4251.0,B2,507,0,1,3,0,2,0,0.005698604974895716,test,S14,2,0,5,1,1,3,correction
0,1,2,0,wesad-S14-e1-correction-c2-B3,2,3,0,0,1,1,1,0.008593217004090548,wesad,43.73934695892967,wesad-S14-e1,0,evidence_sufficiency,6.718097063014284,0,0,0,1384,4251.0,B3,507,0,1,3,0,2,0,0.0017900241073220968,test,S14,2,0,5,1,1,3,correction
0,1,2,0,wesad-S14-e1-correction-c2-M1,2,3,0,0,1,1,1,0.03479031892493367,wesad,43.08553855097853,wesad-S14-e1,0,evidence_sufficiency,6.795150900958106,0,0,0,1384,4251.0,M1,507,0,1,3,0,2,0,0.006100456928834319,test,S14,2,0,5,1,1,3,correction
0,0,1,1,wesad-S14-e1-delayed-c0-B0,0,3,1,0,0,0,0,0.008988776942715049,wesad,13.085110812913626,wesad-S14-e1,0,evidence_sufficiency,7.050994755001739,0,0,0,1260,4161.0,B0,507,0,1,3,0,2,0,0.0014885789714753628,test,S14,1,0,0,1,1,2,delayed
0,0,1,0,wesad-S14-e1-delayed-c0-B1,0,2,0,0,0,0,0,0.01069000200368464,wesad,20.250465743942186,wesad-S14-e1,0,evidence_sufficiency,14.208430357277393,0,0,0,3057,4161.0,B1,1014,0,1,2,1,2,0,0.001490699127316475,test,S14,1,0,0,1,1,2,delayed
0,0,1,0,wesad-S14-e1-delayed-c0-B2,0,2,0,0,0,0,0,0.05387879000045359,wesad,20.403901472920552,wesad-S14-e1,0,evidence_sufficiency,14.361379236215726,0,0,0,3057,4161.0,B2,1014,0,1,2,1,2,0,0.005545047111809254,test,S14,1,0,0,1,1,2,delayed
0,0,1,0,wesad-S14-e1-delayed-c0-B3,0,2,0,0,0,0,0,0.010883487993851304,wesad,27.32537256111391,wesad-S14-e1,0,evidence_sufficiency,14.38069736189209,0,0,0,3057,4161.0,B3,1014,0,1,2,1,2,0,0.0014805698301643133,test,S14,1,0,0,1,1,2,delayed
0,0,1,0,wesad-S14-e1-delayed-c0-M1,0,2,0,0,0,0,0,0.0570500458125025,wesad,20.3305583500769,wesad-S14-e1,0,evidence_sufficiency,14.34551374008879,0,0,0,3057,4161.0,M1,1014,0,1,2,1,2,0,0.005485748173668981,test,S14,1,0,0,1,1,2,delayed
0,0,1,1,wesad-S14-e1-delayed-c1-B0,1,3,1,0,0,0,0,0.002046657958999276,wesad,51.321362301008776,wesad-S14-e1,0,evidence_sufficiency,7.080007571959868,0,0,1,1260,4191.0,B0,507,0,1,3,0,2,0,0.0015736480709165335,test,S14,1,0,2,1,1,2,delayed
0,0,1,0,wesad-S14-e1-delayed-c1-B1,1,2,0,0,0,0,0,0.0037675530184060335,wesad,59.90318984305486,wesad-S14-e1,0,evidence_sufficiency,14.136503704125062,0,0,0,3057,4191.0,B1,1014,0,1,2,1,2,0,0.0015529489610344172,test,S14,1,0,2,1,1,2,delayed
0,0,1,0,wesad-S14-e1-delayed-c1-B2,1,2,0,0,0,0,0,0.012794958893209696,wesad,60.89206002000719,wesad-S14-e1,0,evidence_sufficiency,14.16501436312683,0,0,0,3057,4191.0,B2,1014,0,1,2,1,2,0,0.00575289293192327,test,S14,1,0,2,1,1,2,delayed
0,0,1,0,wesad-S14-e1-delayed-c1-B3,1,2,0,0,0,0,0,0.0036934150848537683,wesad,65.48132464685477,wesad-S14-e1,0,evidence_sufficiency,14.199048537993804,0,0,0,3057,4191.0,B3,1014,0,1,2,1,2,0,0.0015871170908212662,test,S14,1,0,2,1,1,2,delayed
0,0,1,0,wesad-S14-e1-delayed-c1-M1,1,2,0,0,0,0,0,0.011867028195410967,wesad,62.77987223188393,wesad-S14-e1,0,evidence_sufficiency,14.284222580958158,0,0,0,3057,4191.0,M1,1014,0,1,2,1,2,0,0.005671314196661115,test,S14,1,0,2,1,1,2,delayed
0,1,2,0,wesad-S14-e1-delayed-c2-B0,2,3,0,0,0,0,0,0.002640616148710251,wesad,52.549819509033114,wesad-S14-e1,0,evidence_sufficiency,7.158190727001056,0,0,2,1364,4251.0,B0,507,0,1,3,0,2,0,0.0016294869128614664,test,S14,2,0,4,1,1,3,delayed
0,1,2,0,wesad-S14-e1-delayed-c2-B1,2,3,0,0,0,0,0,0.004498547874391079,wesad,54.51915646600537,wesad-S14-e1,0,evidence_sufficiency,7.090111135970801,0,0,0,1364,4251.0,B1,507,0,1,3,0,2,0,0.0015977981965988874,test,S14,2,0,4,1,1,3,delayed
0,1,2,0,wesad-S14-e1-delayed-c2-B2,2,3,0,0,0,0,0,0.018967323005199432,wesad,57.7419329630211,wesad-S14-e1,0,evidence_sufficiency,7.070618733996525,0,0,0,1364,4251.0,B2,507,0,1,3,0,2,0,0.005938327871263027,test,S14,2,0,4,1,1,3,delayed
0,1,2,0,wesad-S14-e1-delayed-c2-B3,2,3,0,0,0,0,0,0.004532697843387723,wesad,59.57693186216056,wesad-S14-e1,0,evidence_sufficiency,7.078349637100473,0,0,0,1364,4251.0,B3,507,0,1,3,0,2,0,0.0016036371234804392,test,S14,2,0,4,1,1,3,delayed
0,1,2,0,wesad-S14-e1-delayed-c2-M1,2,3,0,0,0,0,0,0.016609681071713567,wesad,58.06406638817862,wesad-S14-e1,0,evidence_sufficiency,7.062444370938465,0,0,0,1364,4251.0,M1,507,0,1,3,0,2,0,0.005864609964191914,test,S14,2,0,4,1,1,3,delayed
0,1,2,0,wesad-S15-e0-channel_fault-c0-B0,0,3,0,0,0,0,0,0.01656796201132238,wesad,19.14100101706572,wesad-S15-e0,0,revision_impact,7.619657869916409,0,0,0,1390,1311.0,B0,536,0,1,3,0,2,0,0.0015059788711369038,test,S15,2,0,0,1,1,3,channel_fault
0,1,2,0,wesad-S15-e0-channel_fault-c0-B1,0,3,0,0,0,0,0,0.011224061017856002,wesad,19.118966246955097,wesad-S15-e0,0,revision_impact,7.613725520903245,0,0,0,1390,1311.0,B1,536,0,1,3,0,2,0,0.0015041891019791365,test,S15,2,0,0,1,1,3,channel_fault
0,1,2,0,wesad-S15-e0-channel_fault-c0-B2,0,3,0,0,0,0,0,0.0734636199194938,wesad,24.546640938846394,wesad-S15-e0,0,revision_impact,7.613601804012433,0,0,0,1390,1311.0,B2,536,0,1,3,0,2,0,0.008694382151588798,test,S15,2,0,0,1,1,3,channel_fault
0,1,2,0,wesad-S15-e0-channel_fault-c0-B3,0,3,0,0,0,0,0,0.015189779922366142,wesad,26.623421201016754,wesad-S15-e0,0,revision_impact,7.679128386080265,0,0,0,1390,1311.0,B3,536,0,1,3,0,2,0,0.0015119689051061869,test,S15,2,0,0,1,1,3,channel_fault
0,1,2,0,wesad-S15-e0-channel_fault-c0-M1,0,3,0,0,0,0,0,0.07526234281249344,wesad,25.01695736311376,wesad-S15-e0,0,revision_impact,7.729899017838761,0,0,0,1390,1311.0,M1,536,0,1,3,0,2,0,0.008677662117406726,test,S15,2,0,0,1,1,3,channel_fault
0,1,2,0,wesad-S15-e0-channel_fault-c1-B0,1,3,0,0,0,0,1,0.004440288990736008,wesad,45.85858191596344,wesad-S15-e0,0,revision_impact,7.651652176165953,0,0,0,1946,1341.0,B0,536,0,1,3,0,2,1,0.001669356133788824,test,S15,2,0,2,1,1,3,channel_fault
0,1,2,0,wesad-S15-e0-channel_fault-c1-B1,1,3,0,0,1,1,1,0.018076810985803604,wesad,46.078182209981605,wesad-S15-e0,0,revision_impact,7.565204133046791,0,0,0,1946,1341.0,B1,536,0,1,3,0,2,0,0.001694855047389865,test,S15,2,0,2,1,1,3,channel_fault
0,1,2,0,wesad-S15-e0-channel_fault-c1-B2,1,3,0,0,1,1,1,0.08788216486573219,wesad,48.85502606397495,wesad-S15-e0,0,revision_impact,7.584112385986373,0,0,0,1946,1341.0,B2,536,0,1,3,0,2,0,0.0063703597988933325,test,S15,2,0,2,1,1,3,channel_fault
0,1,2,0,wesad-S15-e0-channel_fault-c1-B3,1,3,0,0,1,1,1,0.018815394956618547,wesad,53.20516371401027,wesad-S15-e0,0,revision_impact,7.566764020128176,0,0,0,1946,1341.0,B3,536,0,1,3,0,2,0,0.0016775659751147032,test,S15,2,0,2,1,1,3,channel_fault
0,1,2,0,wesad-S15-e0-channel_fault-c1-M1,1,3,0,0,1,1,1,0.09551741904579103,wesad,52.46195780416019,wesad-S15-e0,0,revision_impact,7.73663572082296,0,0,0,1946,1341.0,M1,536,0,1,3,0,2,0,0.006173164118081331,test,S15,2,0,2,1,1,3,channel_fault
0,1,2,0,wesad-S15-e0-channel_fault-c2-B0,2,3,0,0,0,0,1,0.00452632806263864,wesad,49.335288586094975,wesad-S15-e0,0,revision_impact,7.836958431871608,0,0,0,1936,1401.0,B0,545,0,1,3,0,2,1,0.0017288140952587128,test,S15,2,0,5,1,1,3,channel_fault
0,1,2,0,wesad-S15-e0-channel_fault-c2-B1,2,3,0,0,1,1,1,0.019579780055209994,wesad,50.88697259314358,wesad-S15-e0,0,revision_impact,7.713466004002839,0,0,0,1936,1401.0,B1,545,0,1,3,0,2,0,0.0017818838823586702,test,S15,2,0,5,1,1,3,channel_fault
0,1,2,0,wesad-S15-e0-channel_fault-c2-B2,2,3,0,0,1,1,1,0.11559253884479403,wesad,51.82132501993328,wesad-S15-e0,0,revision_impact,7.746141935931519,0,0,0,1936,1401.0,B2,545,0,1,3,0,2,0,0.006214053137227893,test,S15,2,0,5,1,1,3,channel_fault
0,1,2,0,wesad-S15-e0-channel_fault-c2-B3,2,3,0,0,1,1,1,0.02117758709937334,wesad,56.775885343085974,wesad-S15-e0,0,revision_impact,7.707719661993906,0,0,0,1936,1401.0,B3,545,0,1,3,0,2,0,0.001790492795407772,test,S15,2,0,5,1,1,3,channel_fault
0,1,2,0,wesad-S15-e0-channel_fault-c2-M1,2,3,0,0,1,1,1,0.12141736992634833,wesad,54.94393041101284,wesad-S15-e0,0,revision_impact,7.715277017094195,0,0,0,1936,1401.0,M1,545,0,1,3,0,2,0,0.006159014068543911,test,S15,2,0,5,1,1,3,channel_fault
0,1,2,0,wesad-S15-e0-clean-c0-B0,0,3,0,0,0,0,0,0.018069655168801546,wesad,43.916017398936674,wesad-S15-e0,0,revision_impact,7.590219574049115,0,0,0,1390,1311.0,B0,536,0,1,3,0,2,0,0.0014797300100326538,test,S15,2,0,0,1,1,3,clean
0,1,2,0,wesad-S15-e0-clean-c0-B1,0,3,0,0,0,0,0,0.010732023045420647,wesad,43.90124871698208,wesad-S15-e0,0,revision_impact,7.591418029973283,0,0,0,1390,1311.0,B1,536,0,1,3,0,2,0,0.00149824982509017,test,S15,2,0,0,1,1,3,clean
0,1,2,0,wesad-S15-e0-clean-c0-B2,0,3,0,0,0,0,0,0.054099527187645435,wesad,51.43865538900718,wesad-S15-e0,0,revision_impact,7.551354079972953,0,0,0,1390,1311.0,B2,536,0,1,3,0,2,0,0.005469299154356122,test,S15,2,0,0,1,1,3,clean
0,1,2,0,wesad-S15-e0-clean-c0-B3,0,3,0,0,0,0,0,0.010727813001722097,wesad,51.42611190211028,wesad-S15-e0,0,revision_impact,7.51510950201191,0,0,0,1390,1311.0,B3,536,0,1,3,0,2,0,0.0015159000176936388,test,S15,2,0,0,1,1,3,clean
0,1,2,0,wesad-S15-e0-clean-c0-M1,0,3,0,0,0,0,0,0.060547246132045984,wesad,51.367943498073146,wesad-S15-e0,0,revision_impact,7.535003429977223,0,0,0,1390,1311.0,M1,536,0,1,3,0,2,0,0.005437460960820317,test,S15,2,0,0,1,1,3,clean
0,1,2,0,wesad-S15-e0-clean-c1-B0,1,3,0,0,0,0,0,0.0026176071260124445,wesad,63.37873824988492,wesad-S15-e0,0,revision_impact,7.7094800940249115,0,0,0,1872,1341.0,B0,536,0,1,3,0,2,0,0.0015915778931230307,test,S15,2,0,3,1,1,3,clean
0,1,2,0,wesad-S15-e0-clean-c1-B1,1,3,0,0,0,0,0,0.006820932030677795,wesad,68.49776712199673,wesad-S15-e0,0,revision_impact,7.533131277188659,0,0,0,1872,1341.0,B1,536,0,1,3,0,2,0,0.0015749880112707615,test,S15,2,0,3,1,1,3,clean
0,1,2,0,wesad-S15-e0-clean-c1-B2,1,3,0,0,0,0,0,0.02823534980416298,wesad,70.93600763007998,wesad-S15-e0,0,revision_impact,7.551738150883466,0,0,0,1872,1341.0,B2,536,0,1,3,0,2,0,0.005655825836583972,test,S15,2,0,3,1,1,3,clean
0,1,2,0,wesad-S15-e0-clean-c1-B3,1,3,0,0,0,0,0,0.007695975014939904,wesad,73.74835961707868,wesad-S15-e0,0,revision_impact,7.687035398092121,0,0,0,1872,1341.0,B3,536,0,1,3,0,2,0,0.001602116972208023,test,S15,2,0,3,1,1,3,clean
0,1,2,0,wesad-S15-e0-clean-c1-M1,1,3,0,0,0,0,0,0.02935953694395721,wesad,71.07155549083836,wesad-S15-e0,0,revision_impact,7.5530708050355315,0,0,0,1872,1341.0,M1,536,0,1,3,0,2,0,0.0056197859812527895,test,S15,2,0,3,1,1,3,clean
0,1,2,0,wesad-S15-e0-clean-c2-B0,2,3,0,0,0,0,0,0.0026531461626291275,wesad,67.55295612593181,wesad-S15-e0,0,revision_impact,7.6735362210311,0,0,0,1872,1401.0,B0,536,0,1,3,0,2,0,0.0016604969277977943,test,S15,2,0,6,1,1,3,clean
0,1,2,0,wesad-S15-e0-clean-c2-B1,2,3,0,0,0,0,0,0.0069136000238358974,wesad,72.09728111303411,wesad-S15-e0,0,revision_impact,7.565144310938194,0,0,0,1872,1401.0,B1,536,0,1,3,0,2,0,0.001645456999540329,test,S15,2,0,6,1,1,3,clean
0,1,2,0,wesad-S15-e0-clean-c2-B2,2,3,0,0,0,0,0,0.030931144952774048,wesad,74.41993861505762,wesad-S15-e0,0,revision_impact,7.565188189968467,0,0,0,1872,1401.0,B2,536,0,1,3,0,2,0,0.005726903909817338,test,S15,2,0,6,1,1,3,clean
0,1,2,0,wesad-S15-e0-clean-c2-B3,2,3,0,0,0,0,0,0.007597747026011348,wesad,75.01312487805262,wesad-S15-e0,0,revision_impact,7.544547226978466,0,0,0,1872,1401.0,B3,536,0,1,3,0,2,0,0.001660236157476902,test,S15,2,0,6,1,1,3,clean
0,1,2,0,wesad-S15-e0-clean-c2-M1,2,3,0,0,0,0,0,0.036340124905109406,wesad,74.91408205893822,wesad-S15-e0,0,revision_impact,7.576877953018993,0,0,0,1872,1401.0,M1,536,0,1,3,0,2,0,0.005855391966179013,test,S15,2,0,6,1,1,3,clean
0,1,2,0,wesad-S15-e0-correction-c0-B0,0,3,0,0,0,0,0,0.017314719036221504,wesad,20.717154395999387,wesad-S15-e0,0,revision_impact,7.549224909162149,0,0,0,1390,1311.0,B0,536,0,1,3,0,2,0,0.0014786010142415762,test,S15,2,0,0,1,1,3,correction
0,1,2,0,wesad-S15-e0-correction-c0-B1,0,3,0,0,0,0,0,0.010622524889186025,wesad,23.159788873046637,wesad-S15-e0,0,revision_impact,7.751085893949494,0,0,0,1390,1311.0,B1,536,0,1,3,0,2,0,0.0014906688593328,test,S15,2,0,0,1,1,3,correction
0,1,2,0,wesad-S15-e0-correction-c0-B2,0,3,0,0,0,0,0,0.05511372513137758,wesad,26.087146149016917,wesad-S15-e0,0,revision_impact,7.649581368081272,0,0,0,1390,1311.0,B2,536,0,1,3,0,2,0,0.005394031060859561,test,S15,2,0,0,1,1,3,correction
0,1,2,0,wesad-S15-e0-correction-c0-B3,0,3,0,0,0,0,0,0.010755492141470313,wesad,28.123248010873795,wesad-S15-e0,0,revision_impact,7.561504601035267,0,0,0,1390,1311.0,B3,536,0,1,3,0,2,0,0.0015013900119811296,test,S15,2,0,0,1,1,3,correction
0,1,2,0,wesad-S15-e0-correction-c0-M1,0,3,0,0,0,0,0,0.058766111033037305,wesad,26.042080770013854,wesad-S15-e0,0,revision_impact,7.65624995296821,0,0,0,1390,1311.0,M1,536,0,1,3,0,2,0,0.006749633001163602,test,S15,2,0,0,1,1,3,correction
0,1,2,0,wesad-S15-e0-correction-c1-B0,1,3,0,0,0,0,1,0.002735345158725977,wesad,39.343495605979115,wesad-S15-e0,0,revision_impact,7.580959716811776,0,0,0,1882,1341.0,B0,536,0,1,3,0,2,1,0.001604416873306036,test,S15,2,0,2,1,1,3,correction
0,1,2,0,wesad-S15-e0-correction-c1-B1,1,3,0,0,1,1,1,0.007357630878686905,wesad,42.32912609400228,wesad-S15-e0,0,revision_impact,7.541406207019463,0,0,0,1882,1341.0,B1,536,0,1,3,0,2,0,0.0016420769970864058,test,S15,2,0,2,1,1,3,correction
0,1,2,0,wesad-S15-e0-correction-c1-B2,1,3,0,0,1,1,1,0.03180450713261962,wesad,44.11731444392353,wesad-S15-e0,0,revision_impact,7.547770977951586,0,0,0,1882,1341.0,B2,536,0,1,3,0,2,0,0.005766182905063033,test,S15,2,0,2,1,1,3,correction
0,1,2,0,wesad-S15-e0-correction-c1-B3,1,3,0,0,1,1,1,0.00776382302865386,wesad,46.81295381905511,wesad-S15-e0,0,revision_impact,7.55642279307358,0,0,0,1882,1341.0,B3,536,0,1,3,0,2,0,0.0016373370308429003,test,S15,2,0,2,1,1,3,correction
0,1,2,0,wesad-S15-e0-correction-c1-M1,1,3,0,0,1,1,1,0.03248630207963288,wesad,44.62721139495261,wesad-S15-e0,0,revision_impact,7.653486337978393,0,0,0,1882,1341.0,M1,536,0,1,3,0,2,0,0.005742284003645182,test,S15,2,0,2,1,1,3,correction
0,1,2,0,wesad-S15-e0-correction-c2-B0,2,3,0,0,0,0,1,0.0027477049734443426,wesad,39.926364419050515,wesad-S15-e0,0,revision_impact,7.706559794023633,0,0,0,1872,1401.0,B0,545,0,1,3,0,2,1,0.0016871949192136526,test,S15,2,0,5,1,1,3,correction
0,1,2,0,wesad-S15-e0-correction-c2-B1,2,3,0,0,1,1,1,0.007806251989677548,wesad,42.78592677786946,wesad-S15-e0,0,revision_impact,7.648134486982599,0,0,0,1872,1401.0,B1,545,0,1,3,0,2,0,0.0016961658839136362,test,S15,2,0,5,1,1,3,correction
0,1,2,0,wesad-S15-e0-correction-c2-B2,2,3,0,0,1,1,1,0.035840845201164484,wesad,44.123880450148135,wesad-S15-e0,0,revision_impact,7.674342536833137,0,0,0,1872,1401.0,B2,545,0,1,3,0,2,0,0.005934220040217042,test,S15,2,0,5,1,1,3,correction
0,1,2,0,wesad-S15-e0-correction-c2-B3,2,3,0,0,1,1,1,0.00872553396038711,wesad,47.50252131302841,wesad-S15-e0,0,revision_impact,7.6636963919736445,0,0,0,1872,1401.0,B3,545,0,1,3,0,2,0,0.0017388740088790655,test,S15,2,0,5,1,1,3,correction
0,1,2,0,wesad-S15-e0-correction-c2-M1,2,3,0,0,1,1,1,0.03814902785234153,wesad,44.3069015070796,wesad-S15-e0,0,revision_impact,7.680696517927572,0,0,0,1872,1401.0,M1,545,0,1,3,0,2,0,0.005905940197408199,test,S15,2,0,5,1,1,3,correction
0,0,1,1,wesad-S15-e0-delayed-c0-B0,0,3,1,0,0,0,0,0.008946839021518826,wesad,49.87006778200157,wesad-S15-e0,0,revision_impact,7.492334109032527,0,0,0,1286,1311.0,B0,527,0,1,3,0,2,0,0.001486700028181076,test,S15,1,0,0,1,1,2,delayed
0,0,1,0,wesad-S15-e0-delayed-c0-B1,0,2,0,0,0,0,0,0.0792258398141712,wesad,64.87246580398642,wesad-S15-e0,0,revision_impact,15.251886392943561,0,0,0,3126,1311.0,B1,1090,0,1,2,1,2,0,0.0015969271771609783,test,S15,1,0,0,1,1,2,delayed
0,0,1,0,wesad-S15-e0-delayed-c0-B2,0,2,0,0,0,0,0,0.054961869958788157,wesad,65.06316850311123,wesad-S15-e0,0,revision_impact,15.275231333216652,0,0,0,3126,1311.0,B2,1090,0,1,2,1,2,0,0.005551618058234453,test,S15,1,0,0,1,1,2,delayed
0,0,1,0,wesad-S15-e0-delayed-c0-B3,0,2,0,0,0,0,0,0.011413798900321126,wesad,67.30835201311857,wesad-S15-e0,0,revision_impact,15.574996618088335,0,0,0,3126,1311.0,B3,1090,0,1,2,1,2,0,0.0015128699596971273,test,S15,1,0,0,1,1,2,delayed
0,0,1,0,wesad-S15-e0-delayed-c0-M1,0,2,0,0,0,0,0,0.06005954695865512,wesad,65.2699210268911,wesad-S15-e0,0,revision_impact,15.28631437709555,0,0,0,3126,1311.0,M1,1090,0,1,2,1,2,0,0.0057235739659518,test,S15,1,0,0,1,1,2,delayed
0,0,1,1,wesad-S15-e0-delayed-c1-B0,1,3,1,0,0,0,0,0.00489847082644701,wesad,47.977318053133786,wesad-S15-e0,0,revision_impact,7.458932376932353,0,0,1,1739,1341.0,B0,527,0,1,3,0,2,0,0.0040249989833682775,test,S15,1,0,2,1,1,2,delayed
0,0,1,0,wesad-S15-e0-delayed-c1-B1,1,2,0,0,0,0,0,0.009150915779173374,wesad,58.076335608027875,wesad-S15-e0,0,revision_impact,15.029375630663708,0,0,0,4032,1341.0,B1,1066,0,1,2,1,2,0,0.0025877070147544146,test,S15,1,0,2,1,1,2,delayed
0,0,1,0,wesad-S15-e0-delayed-c1-B2,1,2,0,0,0,0,0,0.019585025031119585,wesad,60.8227705960162,wesad-S15-e0,0,revision_impact,15.061634578742087,0,0,0,4032,1341.0,B2,1066,0,1,2,1,2,0,0.008785051992163062,test,S15,1,0,2,1,1,2,delayed
0,0,1,0,wesad-S15-e0-delayed-c1-B3,1,2,0,0,0,0,0,0.00372336502186954,wesad,64.2127098001074,wesad-S15-e0,0,revision_impact,15.418724112212658,0,0,0,4032,1341.0,B3,1066,0,1,2,1,2,0,0.0015997369773685932,test,S15,1,0,2,1,1,2,delayed
0,0,1,0,wesad-S15-e0-delayed-c1-M1,1,2,0,0,0,0,0,0.018346739001572132,wesad,63.000702074030414,wesad-S15-e0,0,revision_impact,15.065508541185409,0,0,0,4032,1341.0,M1,1066,0,1,2,1,2,0,0.00778742297552526,test,S15,1,0,2,1,1,2,delayed
0,1,2,0,wesad-S15-e0-delayed-c2-B0,2,3,0,0,0,0,0,0.003158035920932889,wesad,39.032087196130306,wesad-S15-e0,0,revision_impact,7.734022547956556,0,0,2,1843,1401.0,B0,542,0,1,3,0,2,0,0.0016771561931818724,test,S15,2,0,4,1,1,3,delayed
0,1,2,0,wesad-S15-e0-delayed-c2-B1,2,3,0,0,0,0,0,0.0048725411761552095,wesad,40.08835532097146,wesad-S15-e0,0,revision_impact,7.6637987869326025,0,0,0,1843,1401.0,B1,542,0,1,3,0,2,0,0.0016467468813061714,test,S15,2,0,4,1,1,3,delayed
0,1,2,0,wesad-S15-e0-delayed-c2-B2,2,3,0,0,0,0,0,0.01769484207034111,wesad,43.92806060612202,wesad-S15-e0,0,revision_impact,7.5305342299398035,0,0,0,1843,1401.0,B2,542,0,1,3,0,2,0,0.005778864026069641,test,S15,2,0,4,1,1,3,delayed
0,1,2,0,wesad-S15-e0-delayed-c2-B3,2,3,0,0,0,0,0,0.005631265928968787,wesad,47.31008186098188,wesad-S15-e0,0,revision_impact,7.266485925996676,0,0,0,1843,1401.0,B3,542,0,1,3,0,2,0,0.0016755058895796537,test,S15,2,0,4,1,1,3,delayed
0,1,2,0,wesad-S15-e0-delayed-c2-M1,2,3,0,0,0,0,0,0.016032424988225102,wesad,46.38722007116303,wesad-S15-e0,0,revision_impact,7.384318036027253,0,0,0,1843,1401.0,M1,542,0,1,3,0,2,0,0.00594671000726521,test,S15,2,0,4,1,1,3,delayed
0,1,2,0,wesad-S15-e1-channel_fault-c0-B0,0,3,0,0,0,0,0,0.00922367605380714,wesad,14.94328188081272,wesad-S15-e1,0,revision_impact,7.6411269679665565,0,0,0,1388,3936.0,B0,546,0,1,3,0,2,0,0.0015100399032235146,test,S15,2,0,0,1,1,3,channel_fault
0,1,2,0,wesad-S15-e1-channel_fault-c0-B1,0,3,0,0,0,0,0,0.01121331611648202,wesad,14.934879528125748,wesad-S15-e1,0,revision_impact,7.630808813963085,0,0,0,1388,3936.0,B1,546,0,1,3,0,2,0,0.0015202800277620554,test,S15,2,0,0,1,1,3,channel_fault
0,1,2,0,wesad-S15-e1-channel_fault-c0-B2,0,3,0,0,0,0,0,0.05449149291962385,wesad,14.92847226606682,wesad-S15-e1,0,revision_impact,7.636205176124349,0,0,0,1388,3936.0,B2,546,0,1,3,0,2,0,0.005462991073727608,test,S15,2,0,0,1,1,3,channel_fault
0,1,2,0,wesad-S15-e1-channel_fault-c0-B3,0,3,0,0,0,0,0,0.011367494007572532,wesad,22.52915628091432,wesad-S15-e1,0,revision_impact,7.7215282139368355,0,0,0,1388,3936.0,B3,546,0,1,3,0,2,0,0.001505439868196845,test,S15,2,0,0,1,1,3,channel_fault
0,1,2,0,wesad-S15-e1-channel_fault-c0-M1,0,3,0,0,0,0,0,0.052029681857675314,wesad,22.13888810807839,wesad-S15-e1,0,revision_impact,8.159181950846687,0,0,0,1388,3936.0,M1,546,0,1,3,0,2,0,0.005431152181699872,test,S15,2,0,0,1,1,3,channel_fault
0,1,2,0,wesad-S15-e1-channel_fault-c1-B0,1,3,0,0,0,0,0,0.004508879967033863,wesad,37.41286151111126,wesad-S15-e1,0,revision_impact,7.592998108128086,0,0,0,1952,3966.0,B0,536,0,1,3,0,2,0,0.0016563569661229849,test,S15,2,0,3,1,1,3,channel_fault
0,1,2,0,wesad-S15-e1-channel_fault-c1-B1,1,3,0,0,0,0,0,0.016711336094886065,wesad,38.18058111285791,wesad-S15-e1,0,revision_impact,7.536024016095325,0,0,0,1952,3966.0,B1,536,0,1,3,0,2,0,0.0016442169435322285,test,S15,2,0,3,1,1,3,channel_fault
0,1,2,0,wesad-S15-e1-channel_fault-c1-B2,1,3,0,0,0,0,0,0.09025375894270837,wesad,38.145451894029975,wesad-S15-e1,0,revision_impact,7.515124042984098,0,0,0,1952,3966.0,B2,536,0,1,3,0,2,0,0.005850022891536355,test,S15,2,0,3,1,1,3,channel_fault
0,1,2,0,wesad-S15-e1-channel_fault-c1-B3,1,3,0,0,0,0,0,0.01822385611012578,wesad,44.695339204976335,wesad-S15-e1,0,revision_impact,7.50951168499887,0,0,0,1952,3966.0,B3,536,0,1,3,0,2,0,0.001634557032957673,test,S15,2,0,3,1,1,3,channel_fault
0,1,2,0,wesad-S15-e1-channel_fault-c1-M1,1,3,0,0,0,0,0,0.10235861712135375,wesad,44.24249689094722,wesad-S15-e1,0,revision_impact,7.993556127185002,0,0,0,1952,3966.0,M1,536,0,1,3,0,2,0,0.005990291014313698,test,S15,2,0,3,1,1,3,channel_fault
0,1,2,0,wesad-S15-e1-channel_fault-c2-B0,2,3,0,0,0,0,0,0.004994389833882451,wesad,38.27827876294032,wesad-S15-e1,0,revision_impact,7.729893387062475,0,0,0,1934,4026.0,B0,546,0,1,3,0,2,0,0.001794504001736641,test,S15,2,0,6,1,1,3,channel_fault
0,1,2,0,wesad-S15-e1-channel_fault-c2-B1,2,3,0,0,0,0,0,0.018101838883012533,wesad,38.692968477960676,wesad-S15-e1,0,revision_impact,7.656361253932118,0,0,0,1934,4026.0,B1,546,0,1,3,0,2,0,0.0017906639259308577,test,S15,2,0,6,1,1,3,channel_fault
0,1,2,0,wesad-S15-e1-channel_fault-c2-B2,2,3,0,0,0,0,0,0.1325190260540694,wesad,39.43277634703554,wesad-S15-e1,0,revision_impact,7.695432754931971,0,0,0,1934,4026.0,B2,546,0,1,3,0,2,0,0.006035578902810812,test,S15,2,0,6,1,1,3,channel_fault
0,1,2,0,wesad-S15-e1-channel_fault-c2-B3,2,3,0,0,0,0,0,0.026650788029655814,wesad,45.60520792007446,wesad-S15-e1,0,revision_impact,7.691395744914189,0,0,0,1934,4026.0,B3,546,0,1,3,0,2,0,0.0017215060070157051,test,S15,2,0,6,1,1,3,channel_fault
0,1,2,0,wesad-S15-e1-channel_fault-c2-M1,2,3,0,0,0,0,0,0.19407887710258365,wesad,43.830289154779166,wesad-S15-e1,0,revision_impact,7.6982237689662725,0,0,0,1934,4026.0,M1,546,0,1,3,0,2,0,0.009598738979548216,test,S15,2,0,6,1,1,3,channel_fault
0,1,2,0,wesad-S15-e1-clean-c0-B0,0,3,0,0,0,0,0,0.01460623205639422,wesad,8.309588968055323,wesad-S15-e1,0,revision_impact,8.28859592601657,0,0,0,1388,3936.0,B0,546,0,1,3,0,2,0,0.001493270043283701,test,S15,2,0,0,1,1,3,clean
0,1,2,0,wesad-S15-e1-clean-c0-B1,0,3,0,0,0,0,0,0.01067322213202715,wesad,8.634170673787594,wesad-S15-e1,0,revision_impact,8.618254298111424,0,0,0,1388,3936.0,B1,566,0,1,3,0,2,0,0.0014820999931544065,test,S15,2,0,0,1,1,3,clean
0,1,2,0,wesad-S15-e1-clean-c0-B2,0,3,0,0,0,0,0,0.04067712998948991,wesad,8.566852107876912,wesad-S15-e1,0,revision_impact,8.515201232163236,0,0,0,1388,3936.0,B2,566,0,1,3,0,2,0,0.006554105784744024,test,S15,2,0,0,1,1,3,clean
0,1,2,0,wesad-S15-e1-clean-c0-B3,0,3,0,0,0,0,0,0.01079879910685122,wesad,15.78352342103608,wesad-S15-e1,0,revision_impact,7.618601969908923,0,0,0,1388,3936.0,B3,546,0,1,3,0,2,0,0.001498199999332428,test,S15,2,0,0,1,1,3,clean
0,1,2,0,wesad-S15-e1-clean-c0-M1,0,3,0,0,0,0,0,0.05621571303345263,wesad,8.574056210927665,wesad-S15-e1,0,revision_impact,8.50905159697868,0,0,0,1388,3936.0,M1,566,0,1,3,0,2,0,0.005639135139063001,test,S15,2,0,0,1,1,3,clean
0,1,2,0,wesad-S15-e1-clean-c1-B0,1,3,0,0,0,0,0,0.0026426760014146566,wesad,57.25280253589153,wesad-S15-e1,0,revision_impact,7.770024519879371,0,0,0,1880,3966.0,B0,546,0,1,3,0,2,0,0.0015840481501072645,test,S15,2,0,3,1,1,3,clean
0,1,2,0,wesad-S15-e1-clean-c1-B1,1,3,0,0,0,0,0,0.007523796055465937,wesad,58.455034299055114,wesad-S15-e1,0,revision_impact,7.678924169158563,0,0,0,1880,3966.0,B1,546,0,1,3,0,2,0,0.001601948169991374,test,S15,2,0,3,1,1,3,clean
0,1,2,0,wesad-S15-e1-clean-c1-B2,1,3,0,0,0,0,0,0.10275240312330425,wesad,59.889774207025766,wesad-S15-e1,0,revision_impact,7.7414252129383385,0,0,0,1880,3966.0,B2,546,0,1,3,0,2,0,0.011478246189653873,test,S15,2,0,3,1,1,3,clean
0,1,2,0,wesad-S15-e1-clean-c1-B3,1,3,0,0,0,0,0,0.009813740151003003,wesad,64.98629128187895,wesad-S15-e1,0,revision_impact,7.75968626094982,0,0,0,1880,3966.0,B3,546,0,1,3,0,2,0,0.0015838369727134705,test,S15,2,0,3,1,1,3,clean
0,1,2,0,wesad-S15-e1-clean-c1-M1,1,3,0,0,0,0,0,0.04102327208966017,wesad,61.556034029927105,wesad-S15-e1,0,revision_impact,7.841399793047458,0,0,0,1880,3966.0,M1,546,0,1,3,0,2,0,0.009540526196360588,test,S15,2,0,3,1,1,3,clean
0,1,2,0,wesad-S15-e1-clean-c2-B0,2,3,0,0,0,0,0,0.002756803994998336,wesad,58.948046176927164,wesad-S15-e1,0,revision_impact,7.830977415898815,0,0,0,1880,4026.0,B0,546,0,1,3,0,2,0,0.0016387670766562223,test,S15,2,0,6,1,1,3,clean
0,1,2,0,wesad-S15-e1-clean-c2-B1,2,3,0,0,0,0,0,0.0071351348888129,wesad,59.82444482995197,wesad-S15-e1,0,revision_impact,7.756785979028791,0,0,0,1880,4026.0,B1,546,0,1,3,0,2,0,0.001651915954425931,test,S15,2,0,6,1,1,3,clean
0,1,2,0,wesad-S15-e1-clean-c2-B2,2,3,0,0,0,0,0,0.036756719928234816,wesad,61.62924227397889,wesad-S15-e1,0,revision_impact,7.7948706520255655,0,0,0,1880,4026.0,B2,546,0,1,3,0,2,0,0.006196463946253061,test,S15,2,0,6,1,1,3,clean
0,1,2,0,wesad-S15-e1-clean-c2-B3,2,3,0,0,0,0,0,0.008081214968115091,wesad,66.59947911603376,wesad-S15-e1,0,revision_impact,7.74922795407474,0,0,0,1880,4026.0,B3,546,0,1,3,0,2,0,0.00166626600548625,test,S15,2,0,6,1,1,3,clean
0,1,2,0,wesad-S15-e1-clean-c2-M1,2,3,0,0,0,0,0,0.037438506027683616,wesad,64.42502750409767,wesad-S15-e1,0,revision_impact,7.850136184133589,0,0,0,1880,4026.0,M1,546,0,1,3,0,2,0,0.006323670968413353,test,S15,2,0,6,1,1,3,clean
0,1,2,0,wesad-S15-e1-correction-c0-B0,0,3,0,0,0,0,0,0.016858514165505767,wesad,22.558902394026518,wesad-S15-e1,0,revision_impact,7.6521806789096445,0,0,0,1388,3936.0,B0,546,0,1,3,0,2,0,0.0015227640978991985,test,S15,2,0,0,1,1,3,correction
0,1,2,0,wesad-S15-e1-correction-c0-B1,0,3,0,0,0,0,0,0.01119606290012598,wesad,23.974774352973327,wesad-S15-e1,0,revision_impact,8.077403588918969,0,0,0,1388,3936.0,B1,566,0,1,3,0,2,0,0.0015135142020881176,test,S15,2,0,0,1,1,3,correction
0,1,2,0,wesad-S15-e1-correction-c0-B2,0,3,0,0,0,0,0,0.04466559598222375,wesad,29.295387759106234,wesad-S15-e1,0,revision_impact,7.639616550179198,0,0,0,1388,3936.0,B2,546,0,1,3,0,2,0,0.005478154169395566,test,S15,2,0,0,1,1,3,correction
0,1,2,0,wesad-S15-e1-correction-c0-B3,0,3,0,0,0,0,0,0.011310321977362037,wesad,30.070401722099632,wesad-S15-e1,0,revision_impact,7.64122767210938,0,0,0,1388,3936.0,B3,546,0,1,3,0,2,0,0.0015082231257110834,test,S15,2,0,0,1,1,3,correction
0,1,2,0,wesad-S15-e1-correction-c0-M1,0,3,0,0,0,0,0,0.04403318790718913,wesad,29.356754193082452,wesad-S15-e1,0,revision_impact,7.731716803973541,0,0,0,1388,3936.0,M1,546,0,1,3,0,2,0,0.0055155830923467875,test,S15,2,0,0,1,1,3,correction
0,1,2,0,wesad-S15-e1-correction-c1-B0,1,3,0,0,0,0,1,0.0025631249882280827,wesad,34.35947997798212,wesad-S15-e1,0,revision_impact,8.067724337801337,0,0,0,1880,3966.0,B0,546,0,1,3,0,2,1,0.001610201084986329,test,S15,2,0,2,1,1,3,correction
0,1,2,0,wesad-S15-e1-correction-c1-B1,1,3,0,0,1,1,1,0.007294851820915937,wesad,34.36644237488508,wesad-S15-e1,0,revision_impact,7.733774058055133,0,0,0,1880,3966.0,B1,546,0,1,3,0,2,0,0.0016517608892172575,test,S15,2,0,2,1,1,3,correction
0,1,2,0,wesad-S15-e1-correction-c1-B2,1,3,0,0,1,1,1,0.029255296802148223,wesad,40.028424414107576,wesad-S15-e1,0,revision_impact,7.7342304398771375,0,0,0,1880,3966.0,B2,546,0,1,3,0,2,0,0.005750258918851614,test,S15,2,0,2,1,1,3,correction
0,1,2,0,wesad-S15-e1-correction-c1-B3,1,3,0,0,1,1,1,0.007995249005034566,wesad,42.00351112917997,wesad-S15-e1,0,revision_impact,7.724990501999855,0,0,0,1880,3966.0,B3,546,0,1,3,0,2,0,0.0016296920366585255,test,S15,2,0,2,1,1,3,correction
0,1,2,0,wesad-S15-e1-correction-c1-M1,1,3,0,0,1,1,1,0.029510502004995942,wesad,40.779077362967655,wesad-S15-e1,0,revision_impact,7.846552908886224,0,0,0,1880,3966.0,M1,546,0,1,3,0,2,0,0.005653370870277286,test,S15,2,0,2,1,1,3,correction
0,1,2,0,wesad-S15-e1-correction-c2-B0,2,3,0,0,0,0,1,0.002766850870102644,wesad,39.45599695807323,wesad-S15-e1,0,revision_impact,7.690002055140212,0,0,0,1880,4026.0,B0,546,0,1,3,0,2,1,0.0016829411033540964,test,S15,2,0,5,1,1,3,correction
0,1,2,0,wesad-S15-e1-correction-c2-B1,2,3,0,0,1,1,1,0.008000459987670183,wesad,40.13721999502741,wesad-S15-e1,0,revision_impact,7.628543653991073,0,0,0,1880,4026.0,B1,546,0,1,3,0,2,0,0.0017204489558935165,test,S15,2,0,5,1,1,3,correction
0,1,2,0,wesad-S15-e1-correction-c2-B2,2,3,0,0,1,1,1,0.07945016585290432,wesad,44.733268945943564,wesad-S15-e1,0,revision_impact,7.699546227930114,0,0,0,1880,4026.0,B2,546,0,1,3,0,2,0,0.009925285121425986,test,S15,2,0,5,1,1,3,correction
0,1,2,0,wesad-S15-e1-correction-c2-B3,2,3,0,0,1,1,1,0.014475935837253928,wesad,46.98740096599795,wesad-S15-e1,0,revision_impact,7.699069085996598,0,0,0,1880,4026.0,B3,546,0,1,3,0,2,0,0.0017410789150744677,test,S15,2,0,5,1,1,3,correction
0,1,2,0,wesad-S15-e1-correction-c2-M1,2,3,0,0,1,1,1,0.05828571692109108,wesad,44.9505104040727,wesad-S15-e1,0,revision_impact,7.708996571833268,0,0,0,1880,4026.0,M1,546,0,1,3,0,2,0,0.009742629015818238,test,S15,2,0,5,1,1,3,correction
0,0,1,1,wesad-S15-e1-delayed-c0-B0,0,3,1,0,0,0,0,0.010645432863384485,wesad,39.245326068019494,wesad-S15-e1,0,revision_impact,8.34251436800696,0,0,0,1284,3936.0,B0,591,0,1,3,0,2,0,0.0014940202236175537,test,S15,1,0,0,1,1,2,delayed
0,0,1,0,wesad-S15-e1-delayed-c0-B1,0,2,0,0,0,0,0,0.019741289084777236,wesad,47.52638767496683,wesad-S15-e1,0,revision_impact,16.624509767163545,0,0,0,3188,3936.0,B1,1182,0,1,2,1,2,0,0.001490849070250988,test,S15,1,0,0,1,1,2,delayed
0,0,1,0,wesad-S15-e1-delayed-c0-B2,0,2,0,0,0,0,0,0.07427364983595908,wesad,54.84970858297311,wesad-S15-e1,0,revision_impact,16.615507557755336,0,0,0,3188,3936.0,B2,1182,0,1,2,1,2,0,0.009106634883210063,test,S15,1,0,0,1,1,2,delayed
0,0,1,0,wesad-S15-e1-delayed-c0-B3,0,2,0,0,0,0,0,0.016112182987853885,wesad,55.68747234204784,wesad-S15-e1,0,revision_impact,16.64258732786402,0,0,0,3188,3936.0,B3,1182,0,1,2,1,2,0,0.001491449074819684,test,S15,1,0,0,1,1,2,delayed
0,0,1,0,wesad-S15-e1-delayed-c0-M1,0,2,0,0,0,0,0,0.08000438287854195,wesad,55.4704726038035,wesad-S15-e1,0,revision_impact,16.797378801973537,0,0,0,3188,3936.0,M1,1182,0,1,2,1,2,0,0.009966908022761345,test,S15,1,0,0,1,1,2,delayed
0,0,1,1,wesad-S15-e1-delayed-c1-B0,1,3,1,0,0,0,0,0.004687994020059705,wesad,58.37858675303869,wesad-S15-e1,0,revision_impact,8.330801015952602,0,0,1,1800,3966.0,B0,591,0,1,3,0,2,0,0.003986858995631337,test,S15,1,0,2,1,1,2,delayed
0,0,1,0,wesad-S15-e1-delayed-c1-B1,1,2,0,0,0,0,0,0.008260081987828016,wesad,68.56786734703928,wesad-S15-e1,0,revision_impact,16.686791649088264,0,0,0,4220,3966.0,B1,1182,0,1,2,1,2,0,0.002762253861874342,test,S15,1,0,2,1,1,2,delayed
0,0,1,0,wesad-S15-e1-delayed-c1-B2,1,2,0,0,0,0,0,0.020022673066705465,wesad,73.09747872012667,wesad-S15-e1,0,revision_impact,16.753735959064215,0,0,0,4220,3966.0,B2,1182,0,1,2,1,2,0,0.009316639974713326,test,S15,1,0,2,1,1,2,delayed
0,0,1,0,wesad-S15-e1-delayed-c1-B3,1,2,0,0,0,0,0,0.003693633945658803,wesad,75.070503880037,wesad-S15-e1,0,revision_impact,16.766837273025885,0,0,0,4220,3966.0,B3,1182,0,1,2,1,2,0,0.0016157578211277723,test,S15,1,0,2,1,1,2,delayed
0,0,1,0,wesad-S15-e1-delayed-c1-M1,1,2,0,0,0,0,0,0.019185859942808747,wesad,73.99854599195533,wesad-S15-e1,0,revision_impact,16.97588677308522,0,0,0,4220,3966.0,M1,1182,0,1,2,1,2,0,0.008196983952075243,test,S15,1,0,2,1,1,2,delayed
0,1,2,0,wesad-S15-e1-delayed-c2-B0,2,3,0,0,0,0,0,0.002982510020956397,wesad,50.71018128003925,wesad-S15-e1,0,revision_impact,8.381916116923094,0,0,2,1904,4026.0,B0,591,0,1,3,0,2,0,0.0017798228655010462,test,S15,2,0,4,1,1,3,delayed
0,1,2,0,wesad-S15-e1-delayed-c2-B1,2,3,0,0,0,0,0,0.004650596063584089,wesad,54.03628715011291,wesad-S15-e1,0,revision_impact,8.320958116091788,0,0,0,1904,4026.0,B1,591,0,1,3,0,2,0,0.0016414260026067495,test,S15,2,0,4,1,1,3,delayed
0,1,2,0,wesad-S15-e1-delayed-c2-B2,2,3,0,0,0,0,0,0.01751075405627489,wesad,55.701946998015046,wesad-S15-e1,0,revision_impact,8.35987088503316,0,0,0,1904,4026.0,B2,591,0,1,3,0,2,0,0.005714043974876404,test,S15,2,0,4,1,1,3,delayed
0,1,2,0,wesad-S15-e1-delayed-c2-B3,2,3,0,0,0,0,0,0.004570286953821778,wesad,58.99986779107712,wesad-S15-e1,0,revision_impact,8.340190364979208,0,0,0,1904,4026.0,B3,591,0,1,3,0,2,0,0.001598278060555458,test,S15,2,0,4,1,1,3,delayed
0,1,2,0,wesad-S15-e1-delayed-c2-M1,2,3,0,0,0,0,0,0.016321507981047034,wesad,57.30308484705165,wesad-S15-e1,0,revision_impact,8.357249547960237,0,0,0,1904,4026.0,M1,591,0,1,3,0,2,0,0.0057041640393435955,test,S15,2,0,4,1,1,3,delayed
0,1,2,0,wesad-S16-e0-channel_fault-c0-B0,0,3,0,0,0,0,0,0.017677203053608537,wesad,43.3272326879669,wesad-S16-e0,0,evidence_sufficiency,6.832506336038932,0,0,0,1378,1406.0,B0,481,0,0,3,0,2,0,0.0014978288672864437,test,S16,2,0,0,1,1,3,channel_fault
0,1,2,0,wesad-S16-e0-channel_fault-c0-B1,0,3,0,0,0,0,0,0.01229988201521337,wesad,43.326552242040634,wesad-S16-e0,0,evidence_sufficiency,6.841947226086631,0,0,0,1378,1406.0,B1,481,0,0,3,0,2,0,0.001492959912866354,test,S16,2,0,0,1,1,3,channel_fault
0,1,2,0,wesad-S16-e0-channel_fault-c0-B2,0,3,0,0,0,0,0,0.05563878593966365,wesad,50.01424581394531,wesad-S16-e0,0,evidence_sufficiency,6.776687324047089,0,0,0,1378,1406.0,B2,481,0,0,3,0,2,0,0.005567766958847642,test,S16,2,0,0,1,1,3,channel_fault
0,1,2,0,wesad-S16-e0-channel_fault-c0-B3,0,3,0,0,0,0,0,0.011102876160293818,wesad,49.98179869004525,wesad-S16-e0,0,evidence_sufficiency,6.795824866974726,0,0,0,1378,1406.0,B3,481,0,0,3,0,2,0,0.0015019997954368591,test,S16,2,0,0,1,1,3,channel_fault
0,1,2,0,wesad-S16-e0-channel_fault-c0-M1,0,3,0,0,0,0,0,0.06158315506763756,wesad,50.036131721921265,wesad-S16-e0,0,evidence_sufficiency,6.781123213935643,0,0,0,1378,1406.0,M1,481,0,0,3,0,2,0,0.008217443944886327,test,S16,2,0,0,1,1,3,channel_fault
0,1,2,0,wesad-S16-e0-channel_fault-c1-B0,1,3,0,0,0,0,2,0.0042640340980142355,wesad,41.196617434034124,wesad-S16-e0,0,evidence_sufficiency,7.2068984399084,0,0,0,1461,1436.0,B0,495,0,1,3,0,2,2,0.001622217008844018,test,S16,2,0,1,1,1,3,channel_fault
0,1,2,0,wesad-S16-e0-channel_fault-c1-B1,1,3,0,0,2,2,2,0.017576244892552495,wesad,41.34322107117623,wesad-S16-e0,0,evidence_sufficiency,6.912258324911818,0,0,0,1461,1436.0,B1,492,0,0,3,0,2,0,0.0016854859422892332,test,S16,2,0,1,1,1,3,channel_fault
0,1,2,0,wesad-S16-e0-channel_fault-c1-B2,1,3,0,0,2,2,2,0.09543633088469505,wesad,48.12482679495588,wesad-S16-e0,0,evidence_sufficiency,6.947548439959064,0,0,0,1461,1436.0,B2,495,0,1,3,0,2,0,0.006199845112860203,test,S16,2,0,1,1,1,3,channel_fault
0,1,2,0,wesad-S16-e0-channel_fault-c1-B3,1,3,0,0,2,2,2,0.019695331808179617,wesad,48.51350858993828,wesad-S16-e0,0,evidence_sufficiency,7.282565759029239,0,0,0,1461,1436.0,B3,495,0,1,3,0,2,0,0.001653927145525813,test,S16,2,0,1,1,1,3,channel_fault
0,1,2,0,wesad-S16-e0-channel_fault-c1-M1,1,3,0,0,2,2,2,0.08626953698694706,wesad,48.175567869096994,wesad-S16-e0,0,evidence_sufficiency,6.947020129999146,0,0,0,1461,1436.0,M1,495,0,1,3,0,2,0,0.005819511832669377,test,S16,2,0,1,1,1,3,channel_fault
0,1,2,0,wesad-S16-e0-channel_fault-c2-B0,2,3,0,0,0,0,2,0.004849422024562955,wesad,40.46287690009922,wesad-S16-e0,0,evidence_sufficiency,6.850367966806516,0,0,0,1462,1496.0,B0,484,0,0,3,0,2,2,0.0017688339576125145,test,S16,2,0,4,1,1,3,channel_fault
0,1,2,0,wesad-S16-e0-channel_fault-c2-B1,2,3,0,0,2,2,2,0.02471941988915205,wesad,41.031392954988405,wesad-S16-e0,0,evidence_sufficiency,6.797665253048763,0,0,0,1462,1496.0,B1,484,0,0,3,0,2,0,0.001786214066669345,test,S16,2,0,4,1,1,3,channel_fault
0,1,2,0,wesad-S16-e0-channel_fault-c2-B2,2,3,0,0,2,2,2,0.1623505800962448,wesad,47.24349780497141,wesad-S16-e0,0,evidence_sufficiency,6.80894293403253,0,0,0,1462,1496.0,B2,484,0,0,3,0,2,0,0.010193353984504938,test,S16,2,0,4,1,1,3,channel_fault
0,1,2,0,wesad-S16-e0-channel_fault-c2-B3,2,3,0,0,2,2,2,0.022951435996219516,wesad,48.09555482817814,wesad-S16-e0,0,evidence_sufficiency,6.799464959884062,0,0,0,1462,1496.0,B3,484,0,0,3,0,2,0,0.0017867239657789469,test,S16,2,0,4,1,1,3,channel_fault
0,1,2,0,wesad-S16-e0-channel_fault-c2-M1,2,3,0,0,2,2,2,0.19149607000872493,wesad,47.645041411044076,wesad-S16-e0,0,evidence_sufficiency,6.805704951053485,0,0,0,1462,1496.0,M1,484,0,0,3,0,2,0,0.010295711923390627,test,S16,2,0,4,1,1,3,channel_fault
0,1,2,0,wesad-S16-e0-clean-c0-B0,0,3,0,0,0,0,0,0.008960597915574908,wesad,46.865442821988836,wesad-S16-e0,0,evidence_sufficiency,7.186499068979174,0,0,0,1378,1406.0,B0,507,0,1,3,0,2,0,0.0015029089991003275,test,S16,2,0,0,1,1,3,clean
0,1,2,0,wesad-S16-e0-clean-c0-B1,0,3,0,0,0,0,0,0.010710211005061865,wesad,53.547670292900875,wesad-S16-e0,0,evidence_sufficiency,6.685141521971673,0,0,0,1378,1406.0,B1,481,0,0,3,0,2,0,0.0015110790263861418,test,S16,2,0,0,1,1,3,clean
0,1,2,0,wesad-S16-e0-clean-c0-B2,0,3,0,0,0,0,0,0.07456800807267427,wesad,53.980293934000656,wesad-S16-e0,0,evidence_sufficiency,6.746932219946757,0,0,0,1378,1406.0,B2,481,0,0,3,0,2,0,0.009185823146253824,test,S16,2,0,0,1,1,3,clean
0,1,2,0,wesad-S16-e0-clean-c0-B3,0,3,0,0,0,0,0,0.015445435186848044,wesad,54.432871136814356,wesad-S16-e0,0,evidence_sufficiency,6.838585790013894,0,0,0,1378,1406.0,B3,481,0,0,3,0,2,0,0.0015047688502818346,test,S16,2,0,0,1,1,3,clean
0,1,2,0,wesad-S16-e0-clean-c0-M1,0,3,0,0,0,0,0,0.0809340279083699,wesad,54.69110054685734,wesad-S16-e0,0,evidence_sufficiency,7.098879296798259,0,0,0,1378,1406.0,M1,507,0,1,3,0,2,0,0.009126543998718262,test,S16,2,0,0,1,1,3,clean
0,1,2,0,wesad-S16-e0-clean-c1-B0,1,3,0,0,0,0,0,0.006131725152954459,wesad,39.53773985686712,wesad-S16-e0,0,evidence_sufficiency,7.117703862953931,0,0,0,1398,1436.0,B0,507,0,1,3,0,2,0,0.004077427089214325,test,S16,2,0,3,1,1,3,clean
0,1,2,0,wesad-S16-e0-clean-c1-B1,1,3,0,0,0,0,0,0.015938804019242525,wesad,46.19012247398496,wesad-S16-e0,0,evidence_sufficiency,7.046703711850569,0,0,0,1398,1436.0,B1,507,0,1,3,0,2,0,0.003826762083917856,test,S16,2,0,3,1,1,3,clean
0,1,2,0,wesad-S16-e0-clean-c1-B2,1,3,0,0,0,0,0,0.10640896810218692,wesad,46.61969497916289,wesad-S16-e0,0,evidence_sufficiency,7.107460850849748,0,0,0,1398,1436.0,B2,507,0,1,3,0,2,0,0.011888778069987893,test,S16,2,0,3,1,1,3,clean
0,1,2,0,wesad-S16-e0-clean-c1-B3,1,3,0,0,0,0,0,0.007889799075201154,wesad,46.963209961075336,wesad-S16-e0,0,evidence_sufficiency,7.228468850022182,0,0,0,1398,1436.0,B3,507,0,1,3,0,2,0,0.0015805971343070269,test,S16,2,0,3,1,1,3,clean
0,1,2,0,wesad-S16-e0-clean-c1-M1,1,3,0,0,0,0,0,0.04151385207660496,wesad,46.70936973602511,wesad-S16-e0,0,evidence_sufficiency,7.115905299084261,0,0,0,1398,1436.0,M1,507,0,1,3,0,2,0,0.009057594928890467,test,S16,2,0,3,1,1,3,clean
0,1,2,0,wesad-S16-e0-clean-c2-B0,2,3,0,0,0,0,0,0.0028419720474630594,wesad,31.01085216901265,wesad-S16-e0,0,evidence_sufficiency,7.1139759491197765,0,0,0,1398,1496.0,B0,507,0,1,3,0,2,0,0.0016552871093153954,test,S16,2,0,6,1,1,3,clean
0,1,2,0,wesad-S16-e0-clean-c2-B1,2,3,0,0,0,0,0,0.007222242886200547,wesad,35.14910407690331,wesad-S16-e0,0,evidence_sufficiency,6.69037598092109,0,0,0,1398,1496.0,B1,481,0,0,3,0,2,0,0.0016720250714570284,test,S16,2,0,6,1,1,3,clean
0,1,2,0,wesad-S16-e0-clean-c2-B2,2,3,0,0,0,0,0,0.0310532059520483,wesad,35.83443322987296,wesad-S16-e0,0,evidence_sufficiency,7.019618155900389,0,0,0,1398,1496.0,B2,507,0,1,3,0,2,0,0.005947058089077473,test,S16,2,0,6,1,1,3,clean
0,1,2,0,wesad-S16-e0-clean-c2-B3,2,3,0,0,0,0,0,0.007894048932939768,wesad,37.79612708184868,wesad-S16-e0,0,evidence_sufficiency,6.86836411501281,0,0,0,1398,1496.0,B3,507,0,1,3,0,2,0,0.001630656886845827,test,S16,2,0,6,1,1,3,clean
0,1,2,0,wesad-S16-e0-clean-c2-M1,2,3,0,0,0,0,0,0.031695742858573794,wesad,36.7633390261326,wesad-S16-e0,0,evidence_sufficiency,6.989776615984738,0,0,0,1398,1496.0,M1,507,0,1,3,0,2,0,0.005974718136712909,test,S16,2,0,6,1,1,3,clean
0,1,2,0,wesad-S16-e0-correction-c0-B0,0,3,0,0,0,0,0,0.011250505922362208,wesad,7.387670964933932,wesad-S16-e0,0,evidence_sufficiency,7.369727042969316,0,0,0,1378,1406.0,B0,481,0,0,3,0,2,0,0.001531129004433751,test,S16,2,0,0,1,1,3,correction
0,1,2,0,wesad-S16-e0-correction-c0-B1,0,3,0,0,0,0,0,0.011506300885230303,wesad,7.7789366389624774,wesad-S16-e0,0,evidence_sufficiency,7.762121183797717,0,0,0,1378,1406.0,B1,507,0,1,3,0,2,0,0.001563339028507471,test,S16,2,0,0,1,1,3,correction
0,1,2,0,wesad-S16-e0-correction-c0-B2,0,3,0,0,0,0,0,0.05413130996748805,wesad,7.749610794009641,wesad-S16-e0,0,evidence_sufficiency,7.686220329022035,0,0,0,1378,1406.0,B2,507,0,1,3,0,2,0,0.005401563132181764,test,S16,2,0,0,1,1,3,correction
0,1,2,0,wesad-S16-e0-correction-c0-B3,0,3,0,0,0,0,0,0.011395832989364862,wesad,13.984643928008154,wesad-S16-e0,0,evidence_sufficiency,6.747307352023199,0,0,0,1378,1406.0,B3,481,0,0,3,0,2,0,0.0015044000465422869,test,S16,2,0,0,1,1,3,correction
0,1,2,0,wesad-S16-e0-correction-c0-M1,0,3,0,0,0,0,0,0.05226931697688997,wesad,7.66490419395268,wesad-S16-e0,0,evidence_sufficiency,7.6031314770225435,0,0,0,1378,1406.0,M1,507,0,1,3,0,2,0,0.005375903099775314,test,S16,2,0,0,1,1,3,correction
0,1,2,0,wesad-S16-e0-correction-c1-B0,1,3,0,0,0,0,1,0.005984830902889371,wesad,47.295085242949426,wesad-S16-e0,0,evidence_sufficiency,7.0979839861392975,0,0,0,1398,1436.0,B0,507,0,1,3,0,2,1,0.0040734990034252405,test,S16,2,0,2,1,1,3,correction
0,1,2,0,wesad-S16-e0-correction-c1-B1,1,3,0,0,1,1,1,0.015915372176095843,wesad,48.785081282956526,wesad-S16-e0,0,evidence_sufficiency,7.0572010388132185,0,0,0,1398,1436.0,B1,507,0,1,3,0,2,0,0.0028488030657172203,test,S16,2,0,2,1,1,3,correction
0,1,2,0,wesad-S16-e0-correction-c1-B2,1,3,0,0,1,1,1,0.04761054995469749,wesad,48.826384708983824,wesad-S16-e0,0,evidence_sufficiency,7.062589631881565,0,0,0,1398,1436.0,B2,507,0,1,3,0,2,0,0.00953115988522768,test,S16,2,0,2,1,1,3,correction
0,1,2,0,wesad-S16-e0-correction-c1-B3,1,3,0,0,1,1,1,0.008305113995447755,wesad,54.20419633691199,wesad-S16-e0,0,evidence_sufficiency,7.051454573869705,0,0,0,1398,1436.0,B3,507,0,1,3,0,2,0,0.0016316878609359264,test,S16,2,0,2,1,1,3,correction
0,1,2,0,wesad-S16-e0-correction-c1-M1,1,3,0,0,1,1,1,0.04714678903110325,wesad,49.942646756069735,wesad-S16-e0,0,evidence_sufficiency,7.293121231952682,0,0,0,1398,1436.0,M1,507,0,1,3,0,2,0,0.007897791918367147,test,S16,2,0,2,1,1,3,correction
0,1,2,0,wesad-S16-e0-correction-c2-B0,2,3,0,0,0,0,1,0.0027504260651767254,wesad,49.49978504306637,wesad-S16-e0,0,evidence_sufficiency,6.80015403800644,0,0,0,1398,1496.0,B0,481,0,0,3,0,2,1,0.0017138449475169182,test,S16,2,0,5,1,1,3,correction
0,1,2,0,wesad-S16-e0-correction-c2-B1,2,3,0,0,1,1,1,0.007959211012348533,wesad,53.74879185296595,wesad-S16-e0,0,evidence_sufficiency,7.0581553699448705,0,0,0,1398,1496.0,B1,507,0,1,3,0,2,0,0.0017379361670464277,test,S16,2,0,5,1,1,3,correction
0,1,2,0,wesad-S16-e0-correction-c2-B2,2,3,0,0,1,1,1,0.05338595504872501,wesad,55.357955475803465,wesad-S16-e0,0,evidence_sufficiency,7.081923716003075,0,0,0,1398,1496.0,B2,507,0,1,3,0,2,0,0.009952490916475654,test,S16,2,0,5,1,1,3,correction
0,1,2,0,wesad-S16-e0-correction-c2-B3,2,3,0,0,1,1,1,0.009022059850394726,wesad,57.45078558800742,wesad-S16-e0,0,evidence_sufficiency,7.211502941092476,0,0,0,1398,1496.0,B3,507,0,1,3,0,2,0,0.0016946361865848303,test,S16,2,0,5,1,1,3,correction
0,1,2,0,wesad-S16-e0-correction-c2-M1,2,3,0,0,1,1,1,0.05441996408626437,wesad,56.51837919303216,wesad-S16-e0,0,evidence_sufficiency,7.089138172101229,0,0,0,1398,1496.0,M1,507,0,1,3,0,2,0,0.009494601050391793,test,S16,2,0,5,1,1,3,correction
0,0,1,1,wesad-S16-e0-delayed-c0-B0,0,3,1,0,0,0,0,0.0090873041190207,wesad,55.78825913392939,wesad-S16-e0,0,evidence_sufficiency,6.705737767042592,0,0,0,1273,1406.0,B0,478,0,0,3,0,2,0,0.0014895598869770765,test,S16,1,0,0,1,1,2,delayed
0,0,1,0,wesad-S16-e0-delayed-c0-B1,0,2,0,0,0,0,0,0.010852738982066512,wesad,67.52371896104887,wesad-S16-e0,0,evidence_sufficiency,13.331428145058453,0,0,0,3051,1406.0,B1,956,0,1,2,1,2,0,0.00150465895421803,test,S16,1,0,0,1,1,2,delayed
0,0,1,0,wesad-S16-e0-delayed-c0-B2,0,2,0,0,0,0,0,0.05384193081408739,wesad,68.36841194494627,wesad-S16-e0,0,evidence_sufficiency,13.370353762060404,0,0,0,3051,1406.0,B2,956,0,1,2,1,2,0,0.005400360096246004,test,S16,1,0,0,1,1,2,delayed
0,0,1,0,wesad-S16-e0-delayed-c0-B3,0,2,0,0,0,0,0,0.010870868107303977,wesad,71.29658596008085,wesad-S16-e0,0,evidence_sufficiency,13.527512801112607,0,0,0,3051,1406.0,B3,956,0,1,2,1,2,0,0.001527538988739252,test,S16,1,0,0,1,1,2,delayed
0,0,1,0,wesad-S16-e0-delayed-c0-M1,0,2,0,0,0,0,0,0.05142250005155802,wesad,69.09049118799157,wesad-S16-e0,0,evidence_sufficiency,13.376044277101755,0,0,0,3051,1406.0,M1,956,0,1,2,1,2,0,0.005368680926039815,test,S16,1,0,0,1,1,2,delayed
0,0,1,1,wesad-S16-e0-delayed-c1-B0,1,3,1,0,0,0,0,0.0020346478559076786,wesad,39.55399610497989,wesad-S16-e0,0,evidence_sufficiency,6.642068183980882,0,0,1,1273,1436.0,B0,478,0,0,3,0,2,0,0.0016040881164371967,test,S16,1,0,2,1,1,2,delayed
0,0,1,0,wesad-S16-e0-delayed-c1-B1,1,2,0,0,0,0,0,0.003925040131434798,wesad,48.292456653900445,wesad-S16-e0,0,evidence_sufficiency,13.34221775480546,0,0,0,3051,1436.0,B1,956,0,1,2,1,2,0,0.0015633380971848965,test,S16,1,0,2,1,1,2,delayed
0,0,1,0,wesad-S16-e0-delayed-c1-B2,1,2,0,0,0,0,0,0.012633402831852436,wesad,50.27695250790566,wesad-S16-e0,0,evidence_sufficiency,13.392879492836073,0,0,0,3051,1436.0,B2,956,0,1,2,1,2,0,0.00555157708004117,test,S16,1,0,2,1,1,2,delayed
0,0,1,0,wesad-S16-e0-delayed-c1-B3,1,2,0,0,0,0,0,0.06717025209218264,wesad,52.92324917088263,wesad-S16-e0,0,evidence_sufficiency,13.408058833796531,0,0,0,3051,1436.0,B3,956,0,1,2,1,2,0,0.0016621858812868595,test,S16,1,0,2,1,1,2,delayed
0,0,1,0,wesad-S16-e0-delayed-c1-M1,1,2,0,0,0,0,0,0.011506346054375172,wesad,52.341178748058155,wesad-S16-e0,0,evidence_sufficiency,13.542614133097231,0,0,0,3051,1436.0,M1,956,0,1,2,1,2,0,0.00590084888972342,test,S16,1,0,2,1,1,2,delayed
0,1,2,0,wesad-S16-e0-delayed-c2-B0,2,3,0,0,0,0,0,0.002526619005948305,wesad,51.91746849892661,wesad-S16-e0,0,evidence_sufficiency,7.073176471982151,0,0,2,1378,1496.0,B0,507,0,1,3,0,2,0,0.001654026098549366,test,S16,2,0,4,1,1,3,delayed
0,1,2,0,wesad-S16-e0-delayed-c2-B1,2,3,0,0,0,0,0,0.004547917982563376,wesad,56.78366901981644,wesad-S16-e0,0,evidence_sufficiency,7.027680799132213,0,0,0,1378,1496.0,B1,507,0,1,3,0,2,0,0.0016205371357500553,test,S16,2,0,4,1,1,3,delayed
0,1,2,0,wesad-S16-e0-delayed-c2-B2,2,3,0,0,0,0,0,0.017667850013822317,wesad,57.680882901884615,wesad-S16-e0,0,evidence_sufficiency,6.988120914902538,0,0,0,1378,1496.0,B2,507,0,1,3,0,2,0,0.005701234098523855,test,S16,2,0,4,1,1,3,delayed
0,1,2,0,wesad-S16-e0-delayed-c2-B3,2,3,0,0,0,0,0,0.004551146877929568,wesad,58.769456767011434,wesad-S16-e0,0,evidence_sufficiency,6.90164226712659,0,0,0,1378,1496.0,B3,507,0,1,3,0,2,0,0.0016241371631622314,test,S16,2,0,4,1,1,3,delayed
0,1,2,0,wesad-S16-e0-delayed-c2-M1,2,3,0,0,0,0,0,0.01572245010174811,wesad,58.50778961787,wesad-S16-e0,0,evidence_sufficiency,6.947833276120946,0,0,0,1378,1496.0,M1,507,0,1,3,0,2,0,0.005692153936251998,test,S16,2,0,4,1,1,3,delayed
0,1,2,0,wesad-S16-e1-channel_fault-c0-B0,0,3,0,0,0,0,0,0.010189522989094257,wesad,7.625197481131181,wesad-S16-e1,0,evidence_sufficiency,7.608749895123765,0,0,0,1378,4221.0,B0,507,0,1,3,0,2,0,0.0014958998654037714,test,S16,2,0,0,1,1,3,channel_fault
0,1,2,0,wesad-S16-e1-channel_fault-c0-B1,0,3,0,0,0,0,0,0.011252242140471935,wesad,7.622156602796167,wesad-S16-e1,0,evidence_sufficiency,7.606373384129256,0,0,0,1378,4221.0,B1,507,0,1,3,0,2,0,0.00152333895675838,test,S16,2,0,0,1,1,3,channel_fault
0,1,2,0,wesad-S16-e1-channel_fault-c0-B2,0,3,0,0,0,0,0,0.039979188004508615,wesad,7.611635336186737,wesad-S16-e1,0,evidence_sufficiency,7.563469536136836,0,0,0,1378,4221.0,B2,507,0,1,3,0,2,0,0.005210414063185453,test,S16,2,0,0,1,1,3,channel_fault
0,1,2,0,wesad-S16-e1-channel_fault-c0-B3,0,3,0,0,0,0,0,0.011355139082297683,wesad,14.629777528112754,wesad-S16-e1,0,evidence_sufficiency,7.125007699942216,0,0,0,1378,4221.0,B3,507,0,1,3,0,2,0,0.0015047499909996986,test,S16,2,0,0,1,1,3,channel_fault
0,1,2,0,wesad-S16-e1-channel_fault-c0-M1,0,3,0,0,0,0,0,0.03737801988609135,wesad,7.572837585117668,wesad-S16-e1,0,evidence_sufficiency,7.527167564025149,0,0,0,1378,4221.0,M1,507,0,1,3,0,2,0,0.005233334144577384,test,S16,2,0,0,1,1,3,channel_fault
0,1,2,0,wesad-S16-e1-channel_fault-c1-B0,1,3,0,0,0,0,1,0.018884896067902446,wesad,52.00751377502456,wesad-S16-e1,0,evidence_sufficiency,7.132898029172793,0,0,0,1462,4251.0,B0,507,0,1,3,0,2,1,0.001655076164752245,test,S16,2,0,2,1,1,3,channel_fault
0,1,2,0,wesad-S16-e1-channel_fault-c1-B1,1,3,0,0,1,1,1,0.017492104088887572,wesad,52.81675925292075,wesad-S16-e1,0,evidence_sufficiency,7.0499218557961285,0,0,0,1462,4251.0,B1,507,0,1,3,0,2,0,0.00169794587418437,test,S16,2,0,2,1,1,3,channel_fault
0,1,2,0,wesad-S16-e1-channel_fault-c1-B2,1,3,0,0,1,1,1,0.1063815369270742,wesad,52.820572334807366,wesad-S16-e1,0,evidence_sufficiency,7.047349668107927,0,0,0,1462,4251.0,B2,507,0,1,3,0,2,0,0.005858211079612374,test,S16,2,0,2,1,1,3,channel_fault
0,1,2,0,wesad-S16-e1-channel_fault-c1-B3,1,3,0,0,1,1,1,0.02203678200021386,wesad,58.83205086388625,wesad-S16-e1,0,evidence_sufficiency,7.124706315807998,0,0,0,1462,4251.0,B3,507,0,1,3,0,2,0,0.0016861751209944487,test,S16,2,0,2,1,1,3,channel_fault
0,1,2,0,wesad-S16-e1-channel_fault-c1-M1,1,3,0,0,1,1,1,0.1406672599259764,wesad,56.373913527000695,wesad-S16-e1,0,evidence_sufficiency,7.240692287916318,0,0,0,1462,4251.0,M1,507,0,1,3,0,2,0,0.009658103808760643,test,S16,2,0,2,1,1,3,channel_fault
0,1,2,0,wesad-S16-e1-channel_fault-c2-B0,2,3,0,0,0,0,1,0.0048999611753970385,wesad,54.17951680882834,wesad-S16-e1,0,evidence_sufficiency,7.208594009978697,0,0,0,1462,4311.0,B0,507,0,1,3,0,2,1,0.001788262976333499,test,S16,2,0,5,1,1,3,channel_fault
0,1,2,0,wesad-S16-e1-channel_fault-c2-B1,2,3,0,0,1,1,1,0.019442784832790494,wesad,55.71952318097465,wesad-S16-e1,0,evidence_sufficiency,7.121637928066775,0,0,0,1462,4311.0,B1,507,0,1,3,0,2,0,0.0018068731296807528,test,S16,2,0,5,1,1,3,channel_fault
0,1,2,0,wesad-S16-e1-channel_fault-c2-B2,2,3,0,0,1,1,1,0.15469302493147552,wesad,57.365578406024724,wesad-S16-e1,0,evidence_sufficiency,7.171404035994783,0,0,0,1462,4311.0,B2,507,0,1,3,0,2,0,0.009786330861970782,test,S16,2,0,5,1,1,3,channel_fault
0,1,2,0,wesad-S16-e1-channel_fault-c2-B3,2,3,0,0,1,1,1,0.02783842384815216,wesad,61.057888243114576,wesad-S16-e1,0,evidence_sufficiency,7.280411490006372,0,0,0,1462,4311.0,B3,507,0,1,3,0,2,0,0.0017752440180629492,test,S16,2,0,5,1,1,3,channel_fault
0,1,2,0,wesad-S16-e1-channel_fault-c2-M1,2,3,0,0,1,1,1,0.21345057105645537,wesad,61.139634490944445,wesad-S16-e1,0,evidence_sufficiency,7.147162528941408,0,0,0,1462,4311.0,M1,507,0,1,3,0,2,0,0.010387928923591971,test,S16,2,0,5,1,1,3,channel_fault
0,1,2,0,wesad-S16-e1-clean-c0-B0,0,3,0,0,0,0,0,0.009823499945923686,wesad,7.934848278993741,wesad-S16-e1,0,evidence_sufficiency,7.9200548401568085,0,0,0,1378,4221.0,B0,507,0,1,3,0,2,0,0.0015118089504539967,test,S16,2,0,0,1,1,3,clean
0,1,2,0,wesad-S16-e1-clean-c0-B1,0,3,0,0,0,0,0,0.011013444978743792,wesad,7.970323767047375,wesad-S16-e1,0,evidence_sufficiency,7.953926489921287,0,0,0,1378,4221.0,B1,507,0,1,3,0,2,0,0.001502380007877946,test,S16,2,0,0,1,1,3,clean
0,1,2,0,wesad-S16-e1-clean-c0-B2,0,3,0,0,0,0,0,0.07042807480320334,wesad,7.919441953068599,wesad-S16-e1,0,evidence_sufficiency,7.835172729101032,0,0,0,1378,4221.0,B2,507,0,1,3,0,2,0,0.00895943702198565,test,S16,2,0,0,1,1,3,clean
0,1,2,0,wesad-S16-e1-clean-c0-B3,0,3,0,0,0,0,0,0.014472115086391568,wesad,14.864281210117042,wesad-S16-e1,0,evidence_sufficiency,7.124396549072117,0,0,0,1378,4221.0,B3,507,0,1,3,0,2,0,0.0014871400780975819,test,S16,2,0,0,1,1,3,clean
0,1,2,0,wesad-S16-e1-clean-c0-M1,0,3,0,0,0,0,0,0.07364850002340972,wesad,7.880316319875419,wesad-S16-e1,0,evidence_sufficiency,7.793916889932007,0,0,0,1378,4221.0,M1,507,0,1,3,0,2,0,0.008909928845241666,test,S16,2,0,0,1,1,3,clean
0,1,2,0,wesad-S16-e1-clean-c1-B0,1,3,0,0,0,0,0,0.00259581720456481,wesad,41.090928265824914,wesad-S16-e1,0,evidence_sufficiency,7.097781630931422,0,0,0,1398,4251.0,B0,507,0,1,3,0,2,0,0.0016162870451807976,test,S16,2,0,3,1,1,3,clean
0,1,2,0,wesad-S16-e1-clean-c1-B1,1,3,0,0,0,0,0,0.006823941133916378,wesad,41.091083894018084,wesad-S16-e1,0,evidence_sufficiency,7.101411846932024,0,0,0,1398,4251.0,B1,507,0,1,3,0,2,0,0.0015822178684175014,test,S16,2,0,3,1,1,3,clean
0,1,2,0,wesad-S16-e1-clean-c1-B2,1,3,0,0,0,0,0,0.21922531398013234,wesad,41.77603804995306,wesad-S16-e1,0,evidence_sufficiency,7.133032622048631,0,0,0,1398,4251.0,B2,507,0,1,3,0,2,0,0.013496045023202896,test,S16,2,0,3,1,1,3,clean
0,1,2,0,wesad-S16-e1-clean-c1-B3,1,3,0,0,0,0,0,0.01937447488307953,wesad,47.90259032603353,wesad-S16-e1,0,evidence_sufficiency,7.199255453888327,0,0,0,1398,4251.0,B3,507,0,1,3,0,2,0,0.0026429458521306515,test,S16,2,0,3,1,1,3,clean
0,1,2,0,wesad-S16-e1-clean-c1-M1,1,3,0,0,0,0,0,0.1280517210252583,wesad,44.445826614042744,wesad-S16-e1,0,evidence_sufficiency,7.244270096998662,0,0,0,1398,4251.0,M1,507,0,1,3,0,2,0,0.014952866127714515,test,S16,2,0,3,1,1,3,clean
0,1,2,0,wesad-S16-e1-clean-c2-B0,2,3,0,0,0,0,0,0.00267080613411963,wesad,41.397608988918364,wesad-S16-e1,0,evidence_sufficiency,7.132244948996231,0,0,0,1398,4311.0,B0,507,0,1,3,0,2,0,0.0016965048853307962,test,S16,2,0,6,1,1,3,clean
0,1,2,0,wesad-S16-e1-clean-c2-B1,2,3,0,0,0,0,0,0.007131404941901565,wesad,41.99039359414019,wesad-S16-e1,0,evidence_sufficiency,7.083002061815932,0,0,0,1398,4311.0,B1,507,0,1,3,0,2,0,0.0016486961394548416,test,S16,2,0,6,1,1,3,clean
0,1,2,0,wesad-S16-e1-clean-c2-B2,2,3,0,0,0,0,0,0.08144406089559197,wesad,42.34607981797308,wesad-S16-e1,0,evidence_sufficiency,7.159820767119527,0,0,0,1398,4311.0,B2,507,0,1,3,0,2,0,0.009891687892377377,test,S16,2,0,6,1,1,3,clean
0,1,2,0,wesad-S16-e1-clean-c2-B3,2,3,0,0,0,0,0,0.013139173155650496,wesad,48.3595490870066,wesad-S16-e1,0,evidence_sufficiency,7.173911310965195,0,0,0,1398,4311.0,B3,507,0,1,3,0,2,0,0.002898931037634611,test,S16,2,0,6,1,1,3,clean
0,1,2,0,wesad-S16-e1-clean-c2-M1,2,3,0,0,0,0,0,0.09492320590652525,wesad,46.21211660304107,wesad-S16-e1,0,evidence_sufficiency,7.268143211025745,0,0,0,1398,4311.0,M1,507,0,1,3,0,2,0,0.01366030192002654,test,S16,2,0,6,1,1,3,clean
0,1,2,0,wesad-S16-e1-correction-c0-B0,0,3,0,0,0,0,0,0.010249111102893949,wesad,7.781125860987231,wesad-S16-e1,0,evidence_sufficiency,7.765500699169934,0,0,0,1378,4221.0,B0,507,0,1,3,0,2,0,0.0015245790127664804,test,S16,2,0,0,1,1,3,correction
0,1,2,0,wesad-S16-e1-correction-c0-B1,0,3,0,0,0,0,0,0.011404817923903465,wesad,7.7783866168465465,wesad-S16-e1,0,evidence_sufficiency,7.762526000151411,0,0,0,1378,4221.0,B1,507,0,1,3,0,2,0,0.0015084990300238132,test,S16,2,0,0,1,1,3,correction
0,1,2,0,wesad-S16-e1-correction-c0-B2,0,3,0,0,0,0,0,0.053982880897819996,wesad,7.788053339114413,wesad-S16-e1,0,evidence_sufficiency,7.724762379191816,0,0,0,1378,4221.0,B2,507,0,1,3,0,2,0,0.005466497968882322,test,S16,2,0,0,1,1,3,correction
0,1,2,0,wesad-S16-e1-correction-c0-B3,0,3,0,0,0,0,0,0.011397548019886017,wesad,14.830055616796017,wesad-S16-e1,0,evidence_sufficiency,7.198972780024633,0,0,0,1378,4221.0,B3,507,0,1,3,0,2,0,0.001505719032138586,test,S16,2,0,0,1,1,3,correction
0,1,2,0,wesad-S16-e1-correction-c0-M1,0,3,0,0,0,0,0,0.05326082510873675,wesad,7.705044210888445,wesad-S16-e1,0,evidence_sufficiency,7.643342077964917,0,0,0,1378,4221.0,M1,507,0,1,3,0,2,0,0.005404790164902806,test,S16,2,0,0,1,1,3,correction
0,1,2,0,wesad-S16-e1-correction-c1-B0,1,3,0,0,0,0,1,0.004162774886935949,wesad,31.624616423854604,wesad-S16-e1,0,evidence_sufficiency,7.083637849194929,0,0,0,1398,4251.0,B0,507,0,1,3,0,2,1,0.002640096005052328,test,S16,2,0,2,1,1,3,correction
0,1,2,0,wesad-S16-e1-correction-c1-B1,1,3,0,0,1,1,1,0.008390808943659067,wesad,31.82544175395742,wesad-S16-e1,0,evidence_sufficiency,7.047012315131724,0,0,0,1398,4251.0,B1,507,0,1,3,0,2,0,0.0016769759822636843,test,S16,2,0,2,1,1,3,correction
0,1,2,0,wesad-S16-e1-correction-c1-B2,1,3,0,0,1,1,1,0.07212709099985659,wesad,32.150824864860624,wesad-S16-e1,0,evidence_sufficiency,7.1114113728981465,0,0,0,1398,4251.0,B2,507,0,1,3,0,2,0,0.009942288044840097,test,S16,2,0,2,1,1,3,correction
0,1,2,0,wesad-S16-e1-correction-c1-B3,1,3,0,0,1,1,1,0.015036463970318437,wesad,38.566675638081506,wesad-S16-e1,0,evidence_sufficiency,7.096770921954885,0,0,0,1398,4251.0,B3,507,0,1,3,0,2,0,0.0016617861110717058,test,S16,2,0,2,1,1,3,correction
0,1,2,0,wesad-S16-e1-correction-c1-M1,1,3,0,0,1,1,1,0.04607127094641328,wesad,35.2006181681063,wesad-S16-e1,0,evidence_sufficiency,7.254516017856076,0,0,0,1398,4251.0,M1,507,0,1,3,0,2,0,0.009574984898790717,test,S16,2,0,2,1,1,3,correction
0,1,2,0,wesad-S16-e1-correction-c2-B0,2,3,0,0,0,0,1,0.0028041228652000427,wesad,43.199805526062846,wesad-S16-e1,0,evidence_sufficiency,7.087769883917645,0,0,0,1398,4311.0,B0,507,0,1,3,0,2,1,0.0016843751072883606,test,S16,2,0,5,1,1,3,correction
0,1,2,0,wesad-S16-e1-correction-c2-B1,2,3,0,0,1,1,1,0.008090055081993341,wesad,45.030524152796715,wesad-S16-e1,0,evidence_sufficiency,7.062971180072054,0,0,0,1398,4311.0,B1,507,0,1,3,0,2,0,0.001759805018082261,test,S16,2,0,5,1,1,3,correction
0,1,2,0,wesad-S16-e1-correction-c2-B2,2,3,0,0,1,1,1,0.03495000908151269,wesad,46.86563544883393,wesad-S16-e1,0,evidence_sufficiency,7.103309319121763,0,0,0,1398,4311.0,B2,507,0,1,3,0,2,0,0.0059270288329571486,test,S16,2,0,5,1,1,3,correction
0,1,2,0,wesad-S16-e1-correction-c2-B3,2,3,0,0,1,1,1,0.008648992981761694,wesad,50.21032659499906,wesad-S16-e1,0,evidence_sufficiency,7.105188410030678,0,0,0,1398,4311.0,B3,507,0,1,3,0,2,0,0.001717184903100133,test,S16,2,0,5,1,1,3,correction
0,1,2,0,wesad-S16-e1-correction-c2-M1,2,3,0,0,1,1,1,0.03581158095039427,wesad,49.43323470489122,wesad-S16-e1,0,evidence_sufficiency,7.293711118865758,0,0,0,1398,4311.0,M1,507,0,1,3,0,2,0,0.005853479960933328,test,S16,2,0,5,1,1,3,correction
0,0,1,1,wesad-S16-e1-delayed-c0-B0,0,3,1,0,0,0,0,0.009838908910751343,wesad,7.75738291698508,wesad-S16-e1,0,evidence_sufficiency,7.742308465065435,0,0,0,1274,4221.0,B0,504,0,1,3,0,2,0,0.0014826988335698843,test,S16,1,0,0,1,1,2,delayed
0,0,1,0,wesad-S16-e1-delayed-c0-B1,0,2,0,0,0,0,0,0.05318890418857336,wesad,14.869878375902772,wesad-S16-e1,0,evidence_sufficiency,14.807595008052886,0,0,0,3082,4221.0,B1,1008,0,1,2,1,2,0,0.0015635578893125057,test,S16,1,0,0,1,1,2,delayed
0,0,1,0,wesad-S16-e1-delayed-c0-B2,0,2,0,0,0,0,0,0.05490928911603987,wesad,14.816990236053243,wesad-S16-e1,0,evidence_sufficiency,14.751461773877963,0,0,0,3082,4221.0,B2,1008,0,1,2,1,2,0,0.005496677942574024,test,S16,1,0,0,1,1,2,delayed
0,0,1,0,wesad-S16-e1-delayed-c0-B3,0,2,0,0,0,0,0,0.010953216115012765,wesad,21.0234323812183,wesad-S16-e1,0,evidence_sufficiency,13.458148170961067,0,0,0,3056,4221.0,B3,956,0,1,2,1,2,0,0.0014895100612193346,test,S16,1,0,0,1,1,2,delayed
0,0,1,0,wesad-S16-e1-delayed-c0-M1,0,2,0,0,0,0,0,0.05615961318835616,wesad,14.768935437081382,wesad-S16-e1,0,evidence_sufficiency,14.701656261924654,0,0,0,3082,4221.0,M1,1008,0,1,2,1,2,0,0.005915990099310875,test,S16,1,0,0,1,1,2,delayed
0,0,1,1,wesad-S16-e1-delayed-c1-B0,1,3,1,0,0,0,0,0.0020164791494607925,wesad,46.98317724792287,wesad-S16-e1,0,evidence_sufficiency,6.9629672730807215,0,0,1,1274,4251.0,B0,501,0,1,3,0,2,0,0.0015765279531478882,test,S16,1,0,2,1,1,2,delayed
0,0,1,0,wesad-S16-e1-delayed-c1-B1,1,2,0,0,0,0,0,0.004056666977703571,wesad,55.53059549909085,wesad-S16-e1,0,evidence_sufficiency,14.100947520928457,0,0,0,3082,4251.0,B1,1008,0,1,2,1,2,0,0.0015750578604638577,test,S16,1,0,2,1,1,2,delayed
0,0,1,0,wesad-S16-e1-delayed-c1-B2,1,2,0,0,0,0,0,0.012739819940179586,wesad,55.71970398700796,wesad-S16-e1,0,evidence_sufficiency,14.109954888233915,0,0,0,3082,4251.0,B2,1008,0,1,2,1,2,0,0.00551851699128747,test,S16,1,0,2,1,1,2,delayed
0,0,1,0,wesad-S16-e1-delayed-c1-B3,1,2,0,0,0,0,0,0.00373938400298357,wesad,61.204027011059225,wesad-S16-e1,0,evidence_sufficiency,14.260213077999651,0,0,0,3082,4251.0,B3,1008,0,1,2,1,2,0,0.001604957040399313,test,S16,1,0,2,1,1,2,delayed
0,0,1,0,wesad-S16-e1-delayed-c1-M1,1,2,0,0,0,0,0,0.012221291195601225,wesad,55.948149651056156,wesad-S16-e1,0,evidence_sufficiency,13.627571359043941,0,0,0,3056,4251.0,M1,956,0,1,2,1,2,0,0.005586945917457342,test,S16,1,0,2,1,1,2,delayed
0,1,2,0,wesad-S16-e1-delayed-c2-B0,2,3,0,0,0,0,0,0.0026099770329892635,wesad,47.951326894108206,wesad-S16-e1,0,evidence_sufficiency,7.11868858197704,0,0,2,1378,4311.0,B0,507,0,1,3,0,2,0,0.0016448460519313812,test,S16,2,0,4,1,1,3,delayed
0,1,2,0,wesad-S16-e1-delayed-c2-B1,2,3,0,0,0,0,0,0.010256450157612562,wesad,50.50799029413611,wesad-S16-e1,0,evidence_sufficiency,7.0398318329826,0,0,0,1378,4311.0,B1,507,0,1,3,0,2,0,0.0016122469678521156,test,S16,2,0,4,1,1,3,delayed
0,1,2,0,wesad-S16-e1-delayed-c2-B2,2,3,0,0,0,0,0,0.026642895070835948,wesad,50.50565527193248,wesad-S16-e1,0,evidence_sufficiency,7.047130844090134,0,0,0,1378,4311.0,B2,507,0,1,3,0,2,0,0.009550935123115778,test,S16,2,0,4,1,1,3,delayed
0,1,2,0,wesad-S16-e1-delayed-c2-B3,2,3,0,0,0,0,0,0.007929708110168576,wesad,54.926010937895626,wesad-S16-e1,0,evidence_sufficiency,7.076711990172043,0,0,0,1378,4311.0,B3,507,0,1,3,0,2,0,0.0027634429279714823,test,S16,2,0,4,1,1,3,delayed
0,1,2,0,wesad-S16-e1-delayed-c2-M1,2,3,0,0,0,0,0,0.039510914124548435,wesad,51.53121551498771,wesad-S16-e1,0,evidence_sufficiency,7.462327253073454,0,0,0,1378,4311.0,M1,507,0,1,3,0,2,0,0.011764858849346638,test,S16,2,0,4,1,1,3,delayed
0,1,2,0,wesad-S2-e0-channel_fault-c0-B0,0,3,0,0,0,0,0,0.010016054147854447,wesad,8.481867732014507,wesad-S2-e0,0,revision_impact,8.466582019813359,0,0,0,1373,1516.0,B0,556,0,1,3,0,2,0,0.001486013876274228,test,S2,2,0,0,1,1,3,channel_fault
0,1,2,0,wesad-S2-e0-channel_fault-c0-B1,0,3,0,0,0,0,0,0.011267493013292551,wesad,8.4800854830537,wesad-S2-e0,0,revision_impact,8.464343709172681,0,0,0,1373,1516.0,B1,556,0,1,3,0,2,0,0.0014947829768061638,test,S2,2,0,0,1,1,3,channel_fault
0,1,2,0,wesad-S2-e0-channel_fault-c0-B2,0,3,0,0,0,0,0,0.07231721095740795,wesad,8.469497228972614,wesad-S2-e0,0,revision_impact,8.383585716132075,0,0,0,1373,1516.0,B2,556,0,1,3,0,2,0,0.009730700170621276,test,S2,2,0,0,1,1,3,channel_fault
0,1,2,0,wesad-S2-e0-channel_fault-c0-B3,0,3,0,0,0,0,0,0.015169373946264386,wesad,16.139544144971296,wesad-S2-e0,0,revision_impact,7.856303606880829,0,0,0,1373,1516.0,B3,556,0,1,3,0,2,0,0.0014973040670156479,test,S2,2,0,0,1,1,3,channel_fault
0,1,2,0,wesad-S2-e0-channel_fault-c0-M1,0,3,0,0,0,0,0,0.07362613780423999,wesad,8.397089758887887,wesad-S2-e0,0,revision_impact,8.310468530049548,0,0,0,1373,1516.0,M1,556,0,1,3,0,2,0,0.009017431875690818,test,S2,2,0,0,1,1,3,channel_fault
0,1,2,0,wesad-S2-e0-channel_fault-c1-B0,1,3,0,0,0,0,0,0.013532212004065514,wesad,32.72757175983861,wesad-S2-e0,0,revision_impact,7.843374813906848,0,0,0,1937,1546.0,B0,556,0,1,3,0,2,0,0.001661821035668254,test,S2,2,0,3,1,1,3,channel_fault
0,1,2,0,wesad-S2-e0-channel_fault-c1-B1,1,3,0,0,0,0,0,0.016683537047356367,wesad,32.82324394094758,wesad-S2-e0,0,revision_impact,7.752030316973105,0,0,0,1937,1546.0,B1,556,0,1,3,0,2,0,0.0016687209717929363,test,S2,2,0,3,1,1,3,channel_fault
0,1,2,0,wesad-S2-e0-channel_fault-c1-B2,1,3,0,0,0,0,0,0.07294902997091413,wesad,33.14537455001846,wesad-S2-e0,0,revision_impact,7.7853168931324035,0,0,0,1937,1546.0,B2,556,0,1,3,0,2,0,0.005687901051715016,test,S2,2,0,3,1,1,3,channel_fault
0,1,2,0,wesad-S2-e0-channel_fault-c1-B3,1,3,0,0,0,0,0,0.018526764819398522,wesad,40.37926728790626,wesad-S2-e0,0,revision_impact,7.8397848380263895,0,0,0,1937,1546.0,B3,556,0,1,3,0,2,0,0.0016322820447385311,test,S2,2,0,3,1,1,3,channel_fault
0,1,2,0,wesad-S2-e0-channel_fault-c1-M1,1,3,0,0,0,0,0,0.07733027287758887,wesad,33.983965925872326,wesad-S2-e0,0,revision_impact,8.127532798796892,0,0,0,1937,1546.0,M1,556,0,1,3,0,2,0,0.005649991100654006,test,S2,2,0,3,1,1,3,channel_fault
0,1,2,0,wesad-S2-e0-channel_fault-c2-B0,2,3,0,0,0,0,0,0.005085101118311286,wesad,38.48329367302358,wesad-S2-e0,0,revision_impact,7.924587670015171,0,0,0,1935,1606.0,B0,556,0,1,3,0,2,0,0.001758138881996274,test,S2,2,0,6,1,1,3,channel_fault
0,1,2,0,wesad-S2-e0-channel_fault-c2-B1,2,3,0,0,0,0,0,0.018635732820257545,wesad,39.17854882590473,wesad-S2-e0,0,revision_impact,7.825385679956526,0,0,0,1935,1606.0,B1,556,0,1,3,0,2,0,0.00175150902941823,test,S2,2,0,6,1,1,3,channel_fault
0,1,2,0,wesad-S2-e0-channel_fault-c2-B2,2,3,0,0,0,0,0,0.10664802882820368,wesad,40.753457232844085,wesad-S2-e0,0,revision_impact,7.828481495846063,0,0,0,1935,1606.0,B2,556,0,1,3,0,2,0,0.006139321951195598,test,S2,2,0,6,1,1,3,channel_fault
0,1,2,0,wesad-S2-e0-channel_fault-c2-B3,2,3,0,0,0,0,0,0.021793438121676445,wesad,46.02252740506083,wesad-S2-e0,0,revision_impact,7.8183711029123515,0,0,0,1935,1606.0,B3,556,0,1,3,0,2,0,0.0017486889846622944,test,S2,2,0,6,1,1,3,channel_fault
0,1,2,0,wesad-S2-e0-channel_fault-c2-M1,2,3,0,0,0,0,0,0.13444345095194876,wesad,41.32415563007817,wesad-S2-e0,0,revision_impact,8.217900073854253,0,0,0,1935,1606.0,M1,556,0,1,3,0,2,0,0.006381418090313673,test,S2,2,0,6,1,1,3,channel_fault
0,1,2,0,wesad-S2-e0-clean-c0-B0,0,3,0,0,0,0,0,0.008987237932160497,wesad,31.03680560691282,wesad-S2-e0,0,revision_impact,7.8902644261252135,0,0,0,1373,1516.0,B0,556,0,1,3,0,2,0,0.0014988088514655828,test,S2,2,0,0,1,1,3,clean
0,1,2,0,wesad-S2-e0-clean-c0-B1,0,3,0,0,0,0,0,0.01933708810247481,wesad,31.030512994155288,wesad-S2-e0,0,revision_impact,7.88673795806244,0,0,0,1373,1516.0,B1,556,0,1,3,0,2,0,0.001504190033301711,test,S2,2,0,0,1,1,3,clean
0,1,2,0,wesad-S2-e0-clean-c0-B2,0,3,0,0,0,0,0,0.05773690203204751,wesad,38.18625543592498,wesad-S2-e0,0,revision_impact,7.810278666205704,0,0,0,1373,1516.0,B2,556,0,1,3,0,2,0,0.00538809085264802,test,S2,2,0,0,1,1,3,clean
0,1,2,0,wesad-S2-e0-clean-c0-B3,0,3,0,0,0,0,0,0.010665013920515776,wesad,38.7047057938762,wesad-S2-e0,0,revision_impact,7.814421622082591,0,0,0,1373,1516.0,B3,556,0,1,3,0,2,0,0.0014934688806533813,test,S2,2,0,0,1,1,3,clean
0,1,2,0,wesad-S2-e0-clean-c0-M1,0,3,0,0,0,0,0,0.054799700854346156,wesad,38.75038167904131,wesad-S2-e0,0,revision_impact,7.800537972943857,0,0,0,1373,1516.0,M1,556,0,1,3,0,2,0,0.005354681983590126,test,S2,2,0,0,1,1,3,clean
0,1,2,0,wesad-S2-e0-clean-c1-B0,1,3,0,0,0,0,0,0.002521958900615573,wesad,48.213092763209715,wesad-S2-e0,0,revision_impact,8.013934754068032,0,0,0,1874,1546.0,B0,556,0,1,3,0,2,0,0.0016016170848160982,test,S2,2,0,3,1,1,3,clean
0,1,2,0,wesad-S2-e0-clean-c1-B1,1,3,0,0,0,0,0,0.0065954860765486956,wesad,48.62324700294994,wesad-S2-e0,0,revision_impact,7.891748827183619,0,0,0,1874,1546.0,B1,556,0,1,3,0,2,0,0.0015581189654767513,test,S2,2,0,3,1,1,3,clean
0,1,2,0,wesad-S2-e0-clean-c1-B2,1,3,0,0,0,0,0,0.02670548902824521,wesad,55.59597303811461,wesad-S2-e0,0,revision_impact,7.931432213867083,0,0,0,1874,1546.0,B2,556,0,1,3,0,2,0,0.00559216714464128,test,S2,2,0,3,1,1,3,clean
0,1,2,0,wesad-S2-e0-clean-c1-B3,1,3,0,0,0,0,0,0.007232052972540259,wesad,56.47002156893723,wesad-S2-e0,0,revision_impact,7.915085264947265,0,0,0,1874,1546.0,B3,556,0,1,3,0,2,0,0.001597668044269085,test,S2,2,0,3,1,1,3,clean
0,1,2,0,wesad-S2-e0-clean-c1-M1,1,3,0,0,0,0,0,0.027793728047981858,wesad,56.09863752499223,wesad-S2-e0,0,revision_impact,7.925239818869159,0,0,0,1874,1546.0,M1,556,0,1,3,0,2,0,0.005585646955296397,test,S2,2,0,3,1,1,3,clean
0,1,2,0,wesad-S2-e0-clean-c2-B0,2,3,0,0,0,0,0,0.002715684939175844,wesad,49.60599093395285,wesad-S2-e0,0,revision_impact,8.158947349060327,0,0,0,1874,1606.0,B0,572,0,0,3,0,2,0,0.0017111150082200766,test,S2,2,0,6,1,1,3,clean
0,1,2,0,wesad-S2-e0-clean-c2-B1,2,3,0,0,0,0,0,0.007137965876609087,wesad,51.23071861197241,wesad-S2-e0,0,revision_impact,8.094846387160942,0,0,0,1874,1606.0,B1,572,0,0,3,0,2,0,0.0016530959401279688,test,S2,2,0,6,1,1,3,clean
0,1,2,0,wesad-S2-e0-clean-c2-B2,2,3,0,0,0,0,0,0.03125904710032046,wesad,51.80078832502477,wesad-S2-e0,0,revision_impact,8.125705152051523,0,0,0,1874,1606.0,B2,572,0,0,3,0,2,0,0.00582841201685369,test,S2,2,0,6,1,1,3,clean
0,1,2,0,wesad-S2-e0-clean-c2-B3,2,3,0,0,0,0,0,0.007819081889465451,wesad,58.9154045090545,wesad-S2-e0,0,revision_impact,8.057904422981665,0,0,0,1874,1606.0,B3,572,0,0,3,0,2,0,0.001622817013412714,test,S2,2,0,6,1,1,3,clean
0,1,2,0,wesad-S2-e0-clean-c2-M1,2,3,0,0,0,0,0,0.0336515789385885,wesad,57.636920012999326,wesad-S2-e0,0,revision_impact,8.074341360945255,0,0,0,1874,1606.0,M1,572,0,0,3,0,2,0,0.005798642989248037,test,S2,2,0,6,1,1,3,clean
0,1,2,0,wesad-S2-e0-correction-c0-B0,0,3,0,0,0,0,0,0.009666715050116181,wesad,27.54506538901478,wesad-S2-e0,0,revision_impact,7.753905205987394,0,0,0,1373,1516.0,B0,556,0,1,3,0,2,0,0.0015121891628950834,test,S2,2,0,0,1,1,3,correction
0,1,2,0,wesad-S2-e0-correction-c0-B1,0,3,0,0,0,0,0,0.011029416928067803,wesad,30.660470091970637,wesad-S2-e0,0,revision_impact,7.868836084147915,0,0,0,1373,1516.0,B1,556,0,1,3,0,2,0,0.0015040200669318438,test,S2,2,0,0,1,1,3,correction
0,1,2,0,wesad-S2-e0-correction-c0-B2,0,3,0,0,0,0,0,0.05364979594014585,wesad,30.671457059914246,wesad-S2-e0,0,revision_impact,7.874799022916704,0,0,0,1373,1516.0,B2,556,0,1,3,0,2,0,0.005556608084589243,test,S2,2,0,0,1,1,3,correction
0,1,2,0,wesad-S2-e0-correction-c0-B3,0,3,0,0,0,0,0,0.010904349852353334,wesad,35.164236379088834,wesad-S2-e0,0,revision_impact,7.762081091059372,0,0,0,1373,1516.0,B3,556,0,1,3,0,2,0,0.0015300188679248095,test,S2,2,0,0,1,1,3,correction
0,1,2,0,wesad-S2-e0-correction-c0-M1,0,3,0,0,0,0,0,0.057414239970967174,wesad,30.597678861115128,wesad-S2-e0,0,revision_impact,7.856278028106317,0,0,0,1373,1516.0,M1,556,0,1,3,0,2,0,0.00605527707375586,test,S2,2,0,0,1,1,3,correction
0,1,2,0,wesad-S2-e0-correction-c1-B0,1,3,0,0,0,0,1,0.0026262470055371523,wesad,24.85645996290259,wesad-S2-e0,0,revision_impact,7.834543077042326,0,0,0,1874,1546.0,B0,556,0,1,3,0,2,1,0.001634316984564066,test,S2,2,0,2,1,1,3,correction
0,1,2,0,wesad-S2-e0-correction-c1-B1,1,3,0,0,1,1,1,0.007361950818449259,wesad,25.411694471957162,wesad-S2-e0,0,revision_impact,7.780497858999297,0,0,0,1874,1546.0,B1,556,0,1,3,0,2,0,0.0016123978421092033,test,S2,2,0,2,1,1,3,correction
0,1,2,0,wesad-S2-e0-correction-c1-B2,1,3,0,0,1,1,1,0.033083101036027074,wesad,25.40842356788926,wesad-S2-e0,0,revision_impact,7.774302453966811,0,0,0,1874,1546.0,B2,556,0,1,3,0,2,0,0.00643203011713922,test,S2,2,0,2,1,1,3,correction
0,1,2,0,wesad-S2-e0-correction-c1-B3,1,3,0,0,1,1,1,0.008162955055013299,wesad,32.61335207801312,wesad-S2-e0,0,revision_impact,7.8494051261805,0,0,0,1874,1546.0,B3,556,0,1,3,0,2,0,0.0016083880327641964,test,S2,2,0,2,1,1,3,correction
0,1,2,0,wesad-S2-e0-correction-c1-M1,1,3,0,0,1,1,1,0.034931174013763666,wesad,27.385754338931292,wesad-S2-e0,0,revision_impact,7.955223128199577,0,0,0,1874,1546.0,M1,556,0,1,3,0,2,0,0.005873661953955889,test,S2,2,0,2,1,1,3,correction
0,1,2,0,wesad-S2-e0-correction-c2-B0,2,3,0,0,0,0,1,0.0027493240777403116,wesad,23.25796883390285,wesad-S2-e0,0,revision_impact,7.834038086934015,0,0,0,1874,1606.0,B0,556,0,1,3,0,2,1,0.0016918659675866365,test,S2,2,0,5,1,1,3,correction
0,1,2,0,wesad-S2-e0-correction-c2-B1,2,3,0,0,1,1,1,0.007677054964005947,wesad,24.39726661099121,wesad-S2-e0,0,revision_impact,7.788112165173516,0,0,0,1874,1606.0,B1,556,0,1,3,0,2,0,0.0017066060099750757,test,S2,2,0,5,1,1,3,correction
0,1,2,0,wesad-S2-e0-correction-c2-B2,2,3,0,0,1,1,1,0.03890134394168854,wesad,24.39107262599282,wesad-S2-e0,0,revision_impact,7.7790056499652565,0,0,0,1874,1606.0,B2,556,0,1,3,0,2,0,0.008402409963309765,test,S2,2,0,5,1,1,3,correction
0,1,2,0,wesad-S2-e0-correction-c2-B3,2,3,0,0,1,1,1,0.0087502331007272,wesad,30.207405378110707,wesad-S2-e0,0,revision_impact,7.058912100968882,0,0,0,1874,1606.0,B3,556,0,1,3,0,2,0,0.001710244920104742,test,S2,2,0,5,1,1,3,correction
0,1,2,0,wesad-S2-e0-correction-c2-M1,2,3,0,0,1,1,1,0.04569460591301322,wesad,24.576463530072942,wesad-S2-e0,0,revision_impact,7.771776285022497,0,0,0,1874,1606.0,M1,556,0,1,3,0,2,0,0.005854342132806778,test,S2,2,0,5,1,1,3,correction
0,0,1,1,wesad-S2-e0-delayed-c0-B0,0,3,1,0,0,0,0,0.00882647093385458,wesad,26.37150103203021,wesad-S2-e0,0,revision_impact,7.791280329925939,0,0,0,1271,1516.0,B0,556,0,1,3,0,2,0,0.0014967501629143953,test,S2,1,0,0,1,1,2,delayed
0,0,1,0,wesad-S2-e0-delayed-c0-B1,0,2,0,0,0,0,0,0.011764481896534562,wesad,39.40481349406764,wesad-S2-e0,0,revision_impact,15.497166708810255,0,0,0,3125,1516.0,B1,1112,0,1,2,1,2,0,0.001489599933847785,test,S2,1,0,0,1,1,2,delayed
0,0,1,0,wesad-S2-e0-delayed-c0-B2,0,2,0,0,0,0,0,0.054394769947975874,wesad,39.73652628203854,wesad-S2-e0,0,revision_impact,15.580541559960693,0,0,0,3125,1516.0,B2,1112,0,1,2,1,2,0,0.006015817867591977,test,S2,1,0,0,1,1,2,delayed
0,0,1,0,wesad-S2-e0-delayed-c0-B3,0,2,0,0,0,0,0,0.01076218206435442,wesad,41.85231272201054,wesad-S2-e0,0,revision_impact,15.623656928073615,0,0,0,3125,1516.0,B3,1112,0,1,2,1,2,0,0.0014930900651961565,test,S2,1,0,0,1,1,2,delayed
0,0,1,0,wesad-S2-e0-delayed-c0-M1,0,2,0,0,0,0,0,0.05798709695227444,wesad,41.93003690894693,wesad-S2-e0,0,revision_impact,15.867130211088806,0,0,0,3125,1516.0,M1,1112,0,1,2,1,2,0,0.0055035678669810295,test,S2,1,0,0,1,1,2,delayed
0,0,1,1,wesad-S2-e0-delayed-c1-B0,1,3,1,0,0,0,0,0.004746513208374381,wesad,26.51523690391332,wesad-S2-e0,0,revision_impact,7.941220555920154,0,0,1,1753,1546.0,B0,562,0,1,3,0,2,0,0.004121347097679973,test,S2,1,0,2,1,1,2,delayed
0,0,1,0,wesad-S2-e0-delayed-c1-B1,1,2,0,0,0,0,0,0.006521508097648621,wesad,37.48248518886976,wesad-S2-e0,0,revision_impact,15.907408326864243,0,0,0,4094,1546.0,B1,1124,0,1,2,1,2,0,0.0027361249085515738,test,S2,1,0,2,1,1,2,delayed
0,0,1,0,wesad-S2-e0-delayed-c1-B2,1,2,0,0,0,0,0,0.020356327993795276,wesad,37.96001626504585,wesad-S2-e0,0,revision_impact,15.986597134033218,0,0,0,4094,1546.0,B2,1124,0,1,2,1,2,0,0.009873331058770418,test,S2,1,0,2,1,1,2,delayed
0,0,1,0,wesad-S2-e0-delayed-c1-B3,1,2,0,0,0,0,0,0.0036911650095134974,wesad,42.45940663595684,wesad-S2-e0,0,revision_impact,16.014415649930015,0,0,0,4094,1546.0,B3,1124,0,1,2,1,2,0,0.0015659080818295479,test,S2,1,0,2,1,1,2,delayed
0,0,1,0,wesad-S2-e0-delayed-c1-M1,1,2,0,0,0,0,0,0.019860667875036597,wesad,43.94735821313225,wesad-S2-e0,0,revision_impact,17.892041280167177,0,0,0,4157,1546.0,M1,1250,0,1,2,1,2,0,0.006209523882716894,test,S2,1,0,2,1,1,2,delayed
0,1,2,0,wesad-S2-e0-delayed-c2-B0,2,3,0,0,0,0,0,0.006196234840899706,wesad,24.788907379843295,wesad-S2-e0,0,revision_impact,7.473453230923042,0,0,2,1860,1606.0,B0,526,0,1,3,0,2,0,0.004159115953370929,test,S2,2,0,4,1,1,3,delayed
0,1,2,0,wesad-S2-e0-delayed-c2-B1,2,3,0,0,0,0,0,0.010721042985096574,wesad,25.19684615195729,wesad-S2-e0,0,revision_impact,7.400775948772207,0,0,0,1860,1606.0,B1,526,0,1,3,0,2,0,0.004017048981040716,test,S2,2,0,4,1,1,3,delayed
0,1,2,0,wesad-S2-e0-delayed-c2-B2,2,3,0,0,0,0,0,0.024517653975635767,wesad,26.083451807964593,wesad-S2-e0,0,revision_impact,7.362063070992008,0,0,0,1860,1606.0,B2,526,0,1,3,0,2,0,0.009822300868108869,test,S2,2,0,4,1,1,3,delayed
0,1,2,0,wesad-S2-e0-delayed-c2-B3,2,3,0,0,0,0,0,0.00478839292190969,wesad,31.74667033785954,wesad-S2-e0,0,revision_impact,7.046489363070577,0,0,0,1860,1606.0,B3,526,0,1,3,0,2,0,0.0016300571151077747,test,S2,2,0,4,1,1,3,delayed
0,1,2,0,wesad-S2-e0-delayed-c2-M1,2,3,0,0,0,0,0,0.02226082910783589,wesad,31.651806751964614,wesad-S2-e0,0,revision_impact,7.061770104104653,0,0,0,1860,1606.0,M1,526,0,1,3,0,2,0,0.005496249068528414,test,S2,2,0,4,1,1,3,delayed
0,1,2,1,wesad-S2-e1-channel_fault-c0-B0,0,3,2,0,0,0,0,0.008869118988513947,wesad,57.14104930101894,wesad-S2-e1,0,conflict_timing,9.821644857991487,0,0,0,1371,4556.0,B0,698,0,0,4,0,2,0,0.0014872699975967407,test,S2,1,0,0,0,1,1,channel_fault
0,1,2,0,wesad-S2-e1-channel_fault-c0-B1,0,1,0,0,0,0,0,0.010889349039644003,wesad,74.32139392686076,wesad-S2-e1,0,conflict_timing,19.654439469100907,0,0,0,3475,4556.0,B1,1396,0,1,1,1,2,0,0.0015096890274435282,test,S2,1,0,0,0,1,1,channel_fault
0,1,2,0,wesad-S2-e1-channel_fault-c0-B2,0,1,0,0,0,0,0,0.0793160479515791,wesad,74.56827718787827,wesad-S2-e1,0,conflict_timing,19.21105900220573,0,0,0,3459,4556.0,B2,1364,0,1,1,1,2,0,0.009170013014227152,test,S2,1,0,0,0,1,1,channel_fault
0,1,2,0,wesad-S2-e1-channel_fault-c0-B3,0,1,0,0,0,0,0,0.011073675006628036,wesad,76.52207942702807,wesad-S2-e1,0,conflict_timing,19.665060612140223,0,0,0,3475,4556.0,B3,1396,0,1,1,1,2,0,0.0015102089382708073,test,S2,1,0,0,0,1,1,channel_fault
0,1,2,0,wesad-S2-e1-channel_fault-c0-M1,0,1,0,0,0,0,0,0.17147741420194507,wesad,75.32790149492212,wesad-S2-e1,0,conflict_timing,19.759978623129427,0,0,0,3475,4556.0,M1,1396,0,1,1,1,2,0,0.006556216860190034,test,S2,1,0,0,0,1,1,channel_fault
0,1,2,1,wesad-S2-e1-channel_fault-c1-B0,1,3,2,0,0,0,1,0.018843587022274733,wesad,57.13072102190927,wesad-S2-e1,0,conflict_timing,9.69133331719786,0,0,2,1451,4586.0,B0,689,0,0,4,0,2,1,0.0016712758224457502,test,S2,1,0,0,0,1,1,channel_fault
0,1,2,0,wesad-S2-e1-channel_fault-c1-B1,1,1,0,0,1,1,1,0.01658193301409483,wesad,71.76735572190955,wesad-S2-e1,0,conflict_timing,19.792663988890126,0,0,0,3633,4586.0,B1,1402,0,1,1,1,2,0,0.0016190072055906057,test,S2,1,0,0,0,1,1,channel_fault
0,1,2,0,wesad-S2-e1-channel_fault-c1-B2,1,1,0,0,1,1,1,0.1330706940498203,wesad,72.55545353004709,wesad-S2-e1,0,conflict_timing,19.66807560180314,0,0,0,3627,4586.0,B2,1390,0,1,1,1,2,0,0.0064008699264377356,test,S2,1,0,0,0,1,1,channel_fault
0,1,2,0,wesad-S2-e1-channel_fault-c1-B3,1,1,0,0,1,1,1,0.018817597068846226,wesad,76.31867995415814,wesad-S2-e1,0,conflict_timing,19.515660848934203,0,0,0,3625,4586.0,B3,1378,0,1,1,1,2,0,0.0016115179751068354,test,S2,1,0,0,0,1,1,channel_fault
0,1,2,0,wesad-S2-e1-channel_fault-c1-M1,1,1,0,0,1,1,1,0.14402887201867998,wesad,73.6882171810139,wesad-S2-e1,0,conflict_timing,19.852764066075906,0,0,0,3627,4586.0,M1,1390,0,1,1,1,2,0,0.009905708022415638,test,S2,1,0,0,0,1,1,channel_fault
0,1,2,1,wesad-S2-e1-channel_fault-c2-B0,2,3,2,0,0,0,1,0.006147394888103008,wesad,39.28150201309472,wesad-S2-e1,0,conflict_timing,7.802318930160254,0,0,4,1451,4646.0,B0,554,0,0,4,0,2,1,0.0017177648842334747,test,S2,1,0,1,0,1,1,channel_fault
0,1,2,0,wesad-S2-e1-channel_fault-c2-B1,2,1,0,0,1,1,1,0.025241927010938525,wesad,52.30165412509814,wesad-S2-e1,0,conflict_timing,19.146274418802932,0,0,0,3615,4646.0,B1,1366,0,1,1,1,2,0,0.0017451040912419558,test,S2,1,0,1,0,1,1,channel_fault
0,1,2,0,wesad-S2-e1-channel_fault-c2-B2,2,1,0,0,1,1,1,0.1557459831237793,wesad,50.34783837618306,wesad-S2-e1,0,conflict_timing,15.594002676894888,0,0,0,3487,4646.0,B2,1108,0,1,1,1,2,0,0.010049935895949602,test,S2,1,0,1,0,1,1,channel_fault
0,1,2,0,wesad-S2-e1-channel_fault-c2-B3,2,1,0,0,1,1,1,0.02058734092861414,wesad,54.14174941601232,wesad-S2-e1,0,conflict_timing,15.298115870915353,0,0,0,3487,4646.0,B3,1108,0,1,1,1,2,0,0.0017358448822051287,test,S2,1,0,1,0,1,1,channel_fault
0,1,2,0,wesad-S2-e1-channel_fault-c2-M1,2,1,0,0,1,1,1,0.23317415895871818,wesad,51.86549837212078,wesad-S2-e1,0,conflict_timing,15.568689261097461,0,0,0,3487,4646.0,M1,1108,0,1,1,1,2,0,0.010061855893582106,test,S2,1,0,1,0,1,1,channel_fault
0,1,2,1,wesad-S2-e1-clean-c0-B0,0,3,2,0,0,0,0,0.021651912946254015,wesad,10.456991981947795,wesad-S2-e1,0,conflict_timing,10.429123703856021,0,0,0,1371,4556.0,B0,682,0,0,4,0,2,0,0.0015117989387363195,test,S2,1,0,0,0,1,1,clean
0,1,2,0,wesad-S2-e1-clean-c0-B1,0,1,0,0,0,0,0,0.01224997197277844,wesad,20.546496169175953,wesad-S2-e1,0,conflict_timing,20.52372610894963,0,0,0,3475,4556.0,B1,1396,0,1,1,1,2,0,0.0014931100886315107,test,S2,1,0,0,0,1,1,clean
0,1,2,0,wesad-S2-e1-clean-c0-B2,0,1,0,0,0,0,0,0.07711623189970851,wesad,20.534541319822893,wesad-S2-e1,0,conflict_timing,20.440973301883787,0,0,0,3475,4556.0,B2,1396,0,1,1,1,2,0,0.00904253707267344,test,S2,1,0,0,0,1,1,clean
0,1,2,0,wesad-S2-e1-clean-c0-B3,0,1,0,0,0,0,0,0.017439277842640877,wesad,29.966184412827715,wesad-S2-e1,0,conflict_timing,19.733670484740287,0,0,0,3475,4556.0,B3,1396,0,1,1,1,2,0,0.0014892499893903732,test,S2,1,0,0,0,1,1,clean
0,1,2,0,wesad-S2-e1-clean-c0-M1,0,1,0,0,0,0,0,0.08545017312280834,wesad,20.567842638120055,wesad-S2-e1,0,conflict_timing,20.464669562177733,0,0,0,3475,4556.0,M1,1396,0,1,1,1,2,0,0.008961269166320562,test,S2,1,0,0,0,1,1,clean
0,1,2,1,wesad-S2-e1-clean-c1-B0,1,3,2,0,0,0,0,0.005984538933262229,wesad,22.059093391988426,wesad-S2-e1,0,conflict_timing,7.758496484020725,0,0,2,1390,4586.0,B0,557,0,0,4,0,2,0,0.004133566981181502,test,S2,1,0,1,0,1,1,clean
0,1,2,0,wesad-S2-e1-clean-c1-B1,1,1,0,0,0,0,0,0.015589504968374968,wesad,30.06069137295708,wesad-S2-e1,0,conflict_timing,15.62483298801817,0,0,0,3368,4586.0,B1,1114,0,1,1,1,2,0,0.0035934571642428637,test,S2,1,0,1,0,1,1,clean
0,1,2,0,wesad-S2-e1-clean-c1-B2,1,1,0,0,0,0,0,0.21759710204787552,wesad,30.044838743051514,wesad-S2-e1,0,conflict_timing,15.612298981053755,0,0,0,3368,4586.0,B2,1114,0,1,1,1,2,0,0.012942809145897627,test,S2,1,0,1,0,1,1,clean
0,1,2,0,wesad-S2-e1-clean-c1-B3,1,1,0,0,0,0,0,0.00817589508369565,wesad,37.42268559895456,wesad-S2-e1,0,conflict_timing,15.763645343948156,0,0,0,3368,4586.0,B3,1114,0,1,1,1,2,0,0.0015885878819972277,test,S2,1,0,1,0,1,1,clean
0,1,2,0,wesad-S2-e1-clean-c1-M1,1,1,0,0,0,0,0,0.12823561881668866,wesad,36.243997558020055,wesad-S2-e1,0,conflict_timing,16.010447445092723,0,0,0,3368,4586.0,M1,1114,0,1,1,1,2,0,0.01309606502763927,test,S2,1,0,1,0,1,1,clean
0,1,2,1,wesad-S2-e1-clean-c2-B0,2,3,2,0,0,0,0,0.003768244059756398,wesad,24.875582394888625,wesad-S2-e1,0,conflict_timing,8.847030986100435,0,0,4,1390,4646.0,B0,630,0,0,4,0,2,0,0.0016818458680063486,test,S2,1,0,2,0,1,1,clean
0,1,2,0,wesad-S2-e1-clean-c2-B1,2,1,0,0,0,0,0,0.006940708961337805,wesad,35.10464217280969,wesad-S2-e1,0,conflict_timing,17.763267174130306,0,0,0,3441,4646.0,B1,1260,0,1,1,1,2,0,0.001600438030436635,test,S2,1,0,2,0,1,1,clean
0,1,2,0,wesad-S2-e1-clean-c2-B2,2,1,0,0,0,0,0,0.08768813800998032,wesad,36.912591316970065,wesad-S2-e1,0,conflict_timing,18.13799363025464,0,0,0,3451,4646.0,B2,1280,0,1,1,1,2,0,0.011489356867969036,test,S2,1,0,2,0,1,1,clean
0,1,2,0,wesad-S2-e1-clean-c2-B3,2,1,0,0,0,0,0,0.012167484033852816,wesad,44.55798318609595,wesad-S2-e1,0,conflict_timing,19.901497373823076,0,0,0,3511,4646.0,B3,1402,0,1,1,1,2,0,0.0027960329316556454,test,S2,1,0,2,0,1,1,clean
0,1,2,0,wesad-S2-e1-clean-c2-M1,2,1,0,0,0,0,0,0.09695326117798686,wesad,39.60782246105373,wesad-S2-e1,0,conflict_timing,16.223396772053093,0,0,0,3368,4646.0,M1,1114,0,1,1,1,2,0,0.013089475920423865,test,S2,1,0,2,0,1,1,clean
0,1,2,1,wesad-S2-e1-correction-c0-B0,0,3,2,0,0,0,0,0.012874230043962598,wesad,10.551224768161774,wesad-S2-e1,0,conflict_timing,10.53195191686973,0,0,0,1371,4556.0,B0,698,0,0,4,0,2,0,0.0015272300224751234,test,S2,1,0,0,0,1,1,correction
0,1,2,0,wesad-S2-e1-correction-c0-B1,0,1,0,0,0,0,0,0.012796221999451518,wesad,19.927935058018193,wesad-S2-e1,0,conflict_timing,19.906697086058557,0,0,0,3459,4556.0,B1,1364,0,1,1,1,2,0,0.0015045800246298313,test,S2,1,0,0,0,1,1,correction
0,1,2,0,wesad-S2-e1-correction-c0-B2,0,1,0,0,0,0,0,0.05254434188827872,wesad,19.915983928833157,wesad-S2-e1,0,conflict_timing,19.851329042110592,0,0,0,3459,4556.0,B2,1364,0,1,1,1,2,0,0.005352652166038752,test,S2,1,0,0,0,1,1,correction
0,1,2,0,wesad-S2-e1-correction-c0-B3,0,1,0,0,0,0,0,0.011123606003820896,wesad,30.13656032900326,wesad-S2-e1,0,conflict_timing,19.73936421680264,0,0,0,3475,4556.0,B3,1396,0,1,1,1,2,0,0.0015150988474488258,test,S2,1,0,0,0,1,1,correction
0,1,2,0,wesad-S2-e1-correction-c0-M1,0,1,0,0,0,0,0,0.05851611215621233,wesad,19.82930527604185,wesad-S2-e1,0,conflict_timing,19.75715959793888,0,0,0,3459,4556.0,M1,1364,0,1,1,1,2,0,0.005836061900481582,test,S2,1,0,0,0,1,1,correction
0,1,2,1,wesad-S2-e1-correction-c1-B0,1,3,2,0,0,0,1,0.0025790079962462187,wesad,45.44556610286236,wesad-S2-e1,0,conflict_timing,7.560658538015559,0,0,2,1390,4586.0,B0,540,0,0,4,0,2,1,0.0015959879383444786,test,S2,1,0,0,0,1,1,correction
0,1,2,0,wesad-S2-e1-correction-c1-B1,1,1,0,0,1,1,1,0.006953930016607046,wesad,53.13206218602136,wesad-S2-e1,0,conflict_timing,15.107588642043993,0,0,0,3347,4586.0,B1,1080,0,1,1,1,2,0,0.0015785880386829376,test,S2,1,0,0,0,1,1,correction
0,1,2,0,wesad-S2-e1-correction-c1-B2,1,1,0,0,1,1,1,0.032435626024380326,wesad,53.39402950787917,wesad-S2-e1,0,conflict_timing,15.177138592116535,0,0,0,3347,4586.0,B2,1080,0,1,1,1,2,0,0.005557049065828323,test,S2,1,0,0,0,1,1,correction
0,1,2,0,wesad-S2-e1-correction-c1-B3,1,1,0,0,1,1,1,0.007547618122771382,wesad,60.638838469050825,wesad-S2-e1,0,conflict_timing,15.278573058079928,0,0,0,3347,4586.0,B3,1080,0,1,1,1,2,0,0.0015884379390627146,test,S2,1,0,0,0,1,1,correction
0,1,2,0,wesad-S2-e1-correction-c1-M1,1,1,0,0,1,1,1,0.034205491188913584,wesad,55.89820565702394,wesad-S2-e1,0,conflict_timing,15.411012799013406,0,0,0,3347,4586.0,M1,1080,0,1,1,1,2,0,0.005652835825458169,test,S2,1,0,0,0,1,1,correction
0,1,2,1,wesad-S2-e1-correction-c2-B0,2,3,2,0,0,0,1,0.0026196669787168503,wesad,48.13559193792753,wesad-S2-e1,0,conflict_timing,8.830584252951667,0,0,4,1390,4646.0,B0,630,0,0,4,0,2,1,0.0016782660968601704,test,S2,1,0,1,0,1,1,correction
0,1,2,0,wesad-S2-e1-correction-c2-B1,2,1,0,0,1,1,1,0.007363271899521351,wesad,57.624012139160186,wesad-S2-e1,0,conflict_timing,17.761025245068595,0,0,0,3441,4646.0,B1,1260,0,1,1,1,2,0,0.001645746873691678,test,S2,1,0,1,0,1,1,correction
0,1,2,0,wesad-S2-e1-correction-c2-B2,2,1,0,0,1,1,1,0.032872987911105156,wesad,58.24215227505192,wesad-S2-e1,0,conflict_timing,17.837731008883566,0,0,0,3441,4646.0,B2,1260,0,1,1,1,2,0,0.005564277991652489,test,S2,1,0,1,0,1,1,correction
0,1,2,0,wesad-S2-e1-correction-c2-B3,2,1,0,0,1,1,1,0.008234384004026651,wesad,66.27783896401525,wesad-S2-e1,0,conflict_timing,18.231308110058308,0,0,0,3451,4646.0,B3,1280,0,1,1,1,2,0,0.0016274270601570606,test,S2,1,0,1,0,1,1,correction
0,1,2,0,wesad-S2-e1-correction-c2-M1,2,1,0,0,1,1,1,0.03449832508340478,wesad,60.54844684083946,wesad-S2-e1,0,conflict_timing,18.073106156894937,0,0,0,3441,4646.0,M1,1260,0,1,1,1,2,0,0.006574168102815747,test,S2,1,0,1,0,1,1,correction
0,0,0,1,wesad-S2-e1-delayed-c0-B0,0,3,3,0,0,0,0,0.009989857906475663,wesad,8.255965500837192,wesad-S2-e1,0,conflict_timing,8.23965816013515,0,0,0,1269,4556.0,B0,545,0,0,4,0,2,0,0.0014808899722993374,test,S2,0,0,0,0,0,0,delayed
1,0,0,0,wesad-S2-e1-delayed-c0-B1,0,0,0,0,0,0,0,0.011383249890059233,wesad,15.924044721992686,wesad-S2-e1,0,conflict_timing,15.906083345180377,0,0,0,3130,4556.0,B1,1090,0,0,0,1,2,0,0.0014842499513179064,test,S2,0,0,0,0,0,0,delayed
1,0,0,0,wesad-S2-e1-delayed-c0-B2,0,0,0,0,0,0,0,0.05407968699000776,wesad,15.893624075921252,wesad-S2-e1,0,conflict_timing,15.828556220978498,0,0,0,3130,4556.0,B2,1090,0,0,0,1,2,0,0.005431299796327949,test,S2,0,0,0,0,0,0,delayed
1,0,0,0,wesad-S2-e1-delayed-c0-B3,0,0,0,0,0,0,0,0.01107566594146192,wesad,23.447200280148536,wesad-S2-e1,0,conflict_timing,15.340301648015156,0,0,0,3130,4556.0,B3,1090,0,0,0,1,2,0,0.0015033399686217308,test,S2,0,0,0,0,0,0,delayed
1,0,0,0,wesad-S2-e1-delayed-c0-M1,0,0,0,0,0,0,0,0.05918657290749252,wesad,15.850886200089008,wesad-S2-e1,0,conflict_timing,15.780959732830524,0,0,0,3130,4556.0,M1,1090,0,0,0,1,2,0,0.0055284888949245214,test,S2,0,0,0,0,0,0,delayed
0,0,0,1,wesad-S2-e1-delayed-c1-B0,1,3,3,0,0,0,0,0.004731184104457498,wesad,55.71751581900753,wesad-S2-e1,0,conflict_timing,7.606743409996852,0,0,3,1269,4586.0,B0,545,0,0,4,0,2,0,0.003956319997087121,test,S2,0,0,0,0,0,0,delayed
1,0,0,0,wesad-S2-e1-delayed-c1-B1,1,0,0,0,0,0,0,0.008653505006805062,wesad,63.37946317414753,wesad-S2-e1,0,conflict_timing,15.271423409925774,0,0,0,3130,4586.0,B1,1090,0,0,0,1,2,0,0.0026429868303239346,test,S2,0,0,0,0,0,0,delayed
1,0,0,0,wesad-S2-e1-delayed-c1-B2,1,0,0,0,0,0,0,0.019893288146704435,wesad,63.556961277965456,wesad-S2-e1,0,conflict_timing,15.281406488036737,0,0,0,3130,4586.0,B2,1090,0,0,0,1,2,0,0.00930044217966497,test,S2,0,0,0,0,0,0,delayed
1,0,0,0,wesad-S2-e1-delayed-c1-B3,1,0,0,0,0,0,0,0.0037836539559066296,wesad,71.01648137299344,wesad-S2-e1,0,conflict_timing,15.3690239880234,0,0,0,3130,4586.0,B3,1090,0,0,0,1,2,0,0.0015157791785895824,test,S2,0,0,0,0,0,0,delayed
1,0,0,0,wesad-S2-e1-delayed-c1-M1,1,0,0,0,0,0,0,0.019126733066514134,wesad,68.64043205906637,wesad-S2-e1,0,conflict_timing,15.407553057884797,0,0,0,3130,4586.0,M1,1090,0,0,0,1,2,0,0.009172405116260052,test,S2,0,0,0,0,0,0,delayed
0,1,2,1,wesad-S2-e1-delayed-c2-B0,2,3,2,0,0,0,0,0.005918219918385148,wesad,57.67077189893462,wesad-S2-e1,0,conflict_timing,9.607829950982705,0,0,6,1371,4646.0,B0,686,0,0,4,0,2,0,0.004049598006531596,test,S2,1,0,0,0,1,1,delayed
0,1,2,0,wesad-S2-e1-delayed-c2-B1,2,1,0,0,0,0,0,0.009736672975122929,wesad,67.30437907902524,wesad-S2-e1,0,conflict_timing,19.163954566931352,0,0,0,3459,4646.0,B1,1364,0,1,1,1,2,0,0.0038082031533122063,test,S2,1,0,0,0,1,1,delayed
0,1,2,0,wesad-S2-e1-delayed-c2-B2,2,1,0,0,0,0,0,0.024404846830293536,wesad,70.24038118706085,wesad-S2-e1,0,conflict_timing,19.35791335790418,0,0,0,3459,4646.0,B2,1372,0,1,1,1,2,0,0.00928135309368372,test,S2,1,0,0,0,1,1,delayed
0,1,2,0,wesad-S2-e1-delayed-c2-B3,2,1,0,0,0,0,0,0.08819709718227386,wesad,77.04753242596053,wesad-S2-e1,0,conflict_timing,19.462900436017662,0,0,0,3459,4646.0,B3,1375,0,1,1,1,2,0,0.0016565269324928522,test,S2,1,0,0,0,1,1,delayed
0,1,2,0,wesad-S2-e1-delayed-c2-M1,2,1,0,0,0,0,0,0.02302765380591154,wesad,74.78717171400785,wesad-S2-e1,0,conflict_timing,19.536831632256508,0,0,0,3459,4646.0,M1,1372,0,1,1,1,2,0,0.00825007283128798,test,S2,1,0,0,0,1,1,delayed
0,1,2,1,wesad-S6-e0-channel_fault-c0-B0,0,3,1,0,0,0,0,0.009219803847372532,wesad,28.106618162011728,wesad-S6-e0,0,revision_impact,7.636023119091988,0,0,0,1378,1766.0,B0,536,0,1,2,0,2,0,0.0014960889238864183,test,S6,2,0,0,1,1,2,channel_fault
0,1,2,0,wesad-S6-e0-channel_fault-c0-B1,0,3,0,0,0,0,0,0.01126418192870915,wesad,36.63847641693428,wesad-S6-e0,0,revision_impact,16.149920456809923,0,0,0,3319,1766.0,B1,1139,0,0,3,1,2,0,0.001495290081948042,test,S6,2,0,0,1,1,3,channel_fault
0,1,2,0,wesad-S6-e0-channel_fault-c0-B2,0,3,0,0,0,0,0,0.055525038158521056,wesad,36.63044371898286,wesad-S6-e0,0,revision_impact,16.151351517997682,0,0,0,3319,1766.0,B2,1139,0,0,3,1,2,0,0.005483778892084956,test,S6,2,0,0,1,1,3,channel_fault
0,1,2,0,wesad-S6-e0-channel_fault-c0-B3,0,3,0,0,0,0,0,0.011206743074581027,wesad,46.28248510695994,wesad-S6-e0,0,revision_impact,15.938458809163421,0,0,0,3297,1766.0,B3,1117,0,0,3,1,2,0,0.0015043599996715784,test,S6,2,0,0,1,1,3,channel_fault
0,1,2,0,wesad-S6-e0-channel_fault-c0-M1,0,3,0,0,0,0,0,0.053774433908984065,wesad,43.33066363888793,wesad-S6-e0,0,revision_impact,15.29972100816667,0,0,0,3305,1766.0,M1,1081,0,0,3,1,2,0,0.005423760041594505,test,S6,2,0,0,1,1,3,channel_fault
0,1,2,0,wesad-S6-e0-channel_fault-c1-B0,1,3,0,0,0,0,0,0.005037588998675346,wesad,36.71962122689001,wesad-S6-e0,0,revision_impact,8.582317305961624,0,0,1,1920,1796.0,B0,600,0,0,3,0,2,0,0.0016566561535000801,test,S6,2,0,2,1,1,3,channel_fault
0,1,2,0,wesad-S6-e0-channel_fault-c1-B1,1,3,0,0,1,1,1,0.017639354104176164,wesad,36.71780252386816,wesad-S6-e0,0,revision_impact,8.574219319038093,0,0,0,1920,1796.0,B1,600,0,0,3,0,2,0,0.0016878759488463402,test,S6,2,0,2,1,1,3,channel_fault
0,1,2,0,wesad-S6-e0-channel_fault-c1-B2,1,3,0,0,1,1,1,0.07869112002663314,wesad,38.19178818608634,wesad-S6-e0,0,revision_impact,8.549182764953002,0,0,0,1920,1796.0,B2,600,0,0,3,0,2,0,0.005820912076160312,test,S6,2,0,2,1,1,3,channel_fault
0,1,2,0,wesad-S6-e0-channel_fault-c1-B3,1,3,0,0,1,1,1,0.019523344933986664,wesad,45.04351655510254,wesad-S6-e0,0,revision_impact,8.511503695975989,0,0,0,1920,1796.0,B3,600,0,0,3,0,2,0,0.001665306044742465,test,S6,2,0,2,1,1,3,channel_fault
0,1,2,0,wesad-S6-e0-channel_fault-c1-M1,1,3,0,0,1,1,1,0.08666643896140158,wesad,45.11846064100973,wesad-S6-e0,0,revision_impact,8.497432440984994,0,0,0,1920,1796.0,M1,600,0,0,3,0,2,0,0.005774433026090264,test,S6,2,0,2,1,1,3,channel_fault
0,1,2,0,wesad-S6-e0-channel_fault-c2-B0,2,3,0,0,0,0,1,0.005945620127022266,wesad,40.426995509071276,wesad-S6-e0,0,revision_impact,8.642243537120521,0,0,1,1983,1856.0,B0,603,0,0,3,0,2,1,0.0017786440439522266,test,S6,2,0,4,1,1,3,channel_fault
0,1,2,0,wesad-S6-e0-channel_fault-c2-B1,2,3,0,0,1,1,1,0.019181821960955858,wesad,40.876220260048285,wesad-S6-e0,0,revision_impact,8.552612490020692,0,0,0,1983,1856.0,B1,603,0,0,3,0,2,0,0.0018044840544462204,test,S6,2,0,5,1,1,3,channel_fault
0,1,2,0,wesad-S6-e0-channel_fault-c2-B2,2,3,0,0,1,1,1,0.08769549801945686,wesad,41.47632825910114,wesad-S6-e0,0,revision_impact,8.607987528899685,0,0,0,1983,1856.0,B2,603,0,0,3,0,2,0,0.005989958997815847,test,S6,2,0,5,1,1,3,channel_fault
0,1,2,0,wesad-S6-e0-channel_fault-c2-B3,2,3,0,0,1,1,1,0.023277719970792532,wesad,49.10426161601208,wesad-S6-e0,0,revision_impact,8.539580158889294,0,0,0,1983,1856.0,B3,603,0,0,3,0,2,0,0.0017819239292293787,test,S6,2,0,5,1,1,3,channel_fault
0,1,2,0,wesad-S6-e0-channel_fault-c2-M1,2,3,0,0,1,1,1,0.13593013305217028,wesad,48.84137912793085,wesad-S6-e0,0,revision_impact,8.531783845974132,0,0,0,1983,1856.0,M1,603,0,0,3,0,2,0,0.006019748980179429,test,S6,2,0,5,1,1,3,channel_fault
0,1,2,1,wesad-S6-e0-clean-c0-B0,0,3,1,0,0,0,0,0.014862425858154893,wesad,8.417909556999803,wesad-S6-e0,0,revision_impact,8.396848996868357,0,0,0,1378,1766.0,B0,536,0,1,2,0,2,0,0.0015390689950436354,test,S6,2,0,0,1,1,2,clean
0,1,2,0,wesad-S6-e0-clean-c0-B1,0,3,0,0,0,0,0,0.012291779043152928,wesad,16.88921376504004,wesad-S6-e0,0,revision_impact,16.86948587698862,0,0,0,3319,1766.0,B1,1139,0,0,3,1,2,0,0.0015167389065027237,test,S6,2,0,0,1,1,3,clean
0,1,2,0,wesad-S6-e0-clean-c0-B2,0,3,0,0,0,0,0,0.08277450990863144,wesad,16.883948602015153,wesad-S6-e0,0,revision_impact,16.78597527113743,0,0,0,3319,1766.0,B2,1139,0,0,3,1,2,0,0.009243531851097941,test,S6,2,0,0,1,1,3,clean
0,1,2,0,wesad-S6-e0-clean-c0-B3,0,3,0,0,0,0,0,0.016009363811463118,wesad,23.93671704013832,wesad-S6-e0,0,revision_impact,15.749213930917904,0,0,0,3297,1766.0,B3,1117,0,0,3,1,2,0,0.001514169154688716,test,S6,2,0,0,1,1,3,clean
0,1,2,0,wesad-S6-e0-clean-c0-M1,0,3,0,0,0,0,0,0.09021341893821955,wesad,16.801895265933126,wesad-S6-e0,0,revision_impact,16.69412760506384,0,0,0,3319,1766.0,M1,1139,0,0,3,1,2,0,0.01104992488399148,test,S6,2,0,0,1,1,3,clean
0,1,2,0,wesad-S6-e0-clean-c1-B0,1,3,0,0,0,0,0,0.004043447086587548,wesad,38.57847051299177,wesad-S6-e0,0,revision_impact,8.485355240060017,0,0,1,1860,1796.0,B0,603,0,0,3,0,2,0,0.002803422976285219,test,S6,2,0,2,1,1,3,clean
0,1,2,0,wesad-S6-e0-clean-c1-B1,1,3,0,0,0,0,0,0.01034854887984693,wesad,38.96518403990194,wesad-S6-e0,0,revision_impact,8.41966869099997,0,0,0,1860,1796.0,B1,603,0,0,3,0,2,0,0.002420590026304126,test,S6,2,0,3,1,1,3,clean
0,1,2,0,wesad-S6-e0-clean-c1-B2,1,3,0,0,0,0,0,0.03073245193809271,wesad,39.635270674014464,wesad-S6-e0,0,revision_impact,8.487337379949167,0,0,0,1860,1796.0,B2,603,0,0,3,0,2,0,0.005747782997786999,test,S6,2,0,3,1,1,3,clean
0,1,2,0,wesad-S6-e0-clean-c1-B3,1,3,0,0,0,0,0,0.007323340978473425,wesad,46.99758120509796,wesad-S6-e0,0,revision_impact,8.512635314138606,0,0,0,1860,1796.0,B3,603,0,0,3,0,2,0,0.0015946270432323217,test,S6,2,0,3,1,1,3,clean
0,1,2,0,wesad-S6-e0-clean-c1-M1,1,3,0,0,0,0,0,0.03120866301469505,wesad,40.03276522108354,wesad-S6-e0,0,revision_impact,8.731642704922706,0,0,0,1860,1796.0,M1,603,0,0,3,0,2,0,0.005855591036379337,test,S6,2,0,3,1,1,3,clean
0,1,2,0,wesad-S6-e0-clean-c2-B0,2,3,0,0,0,0,0,0.006135924020782113,wesad,38.97114274511114,wesad-S6-e0,0,revision_impact,8.507657232927158,0,0,1,1925,1856.0,B0,603,0,0,3,0,2,0,0.0042258440516889095,test,S6,2,0,5,1,1,3,clean
0,1,2,0,wesad-S6-e0-clean-c2-B1,2,3,0,0,0,0,0,0.01641450496390462,wesad,39.35636975616217,wesad-S6-e0,0,revision_impact,8.439994425047189,0,0,0,1925,1856.0,B1,603,0,0,3,0,2,0,0.004102796083316207,test,S6,2,0,6,1,1,3,clean
0,1,2,0,wesad-S6-e0-clean-c2-B2,2,3,0,0,0,0,0,0.08706212299875915,wesad,39.622307053999975,wesad-S6-e0,0,revision_impact,8.519671268062666,0,0,0,1925,1856.0,B2,603,0,0,3,0,2,0,0.006665413035079837,test,S6,2,0,6,1,1,3,clean
0,1,2,0,wesad-S6-e0-clean-c2-B3,2,3,0,0,0,0,0,0.007940487936139107,wesad,47.39026383403689,wesad-S6-e0,0,revision_impact,8.585485153831542,0,0,0,1925,1856.0,B3,603,0,0,3,0,2,0,0.0016723759472370148,test,S6,2,0,6,1,1,3,clean
0,1,2,0,wesad-S6-e0-clean-c2-M1,2,3,0,0,0,0,0,0.03320913203060627,wesad,39.94196601305157,wesad-S6-e0,0,revision_impact,8.634261707076803,0,0,0,1925,1856.0,M1,603,0,0,3,0,2,0,0.006023336900398135,test,S6,2,0,6,1,1,3,clean
0,1,2,1,wesad-S6-e0-correction-c0-B0,0,3,1,0,0,0,0,0.008811099920421839,wesad,15.66035964502953,wesad-S6-e0,0,revision_impact,7.169812639942393,0,0,0,1378,1766.0,B0,514,0,1,2,0,2,0,0.0014872599858790636,test,S6,2,0,0,1,1,2,correction
0,1,2,0,wesad-S6-e0-correction-c0-B1,0,3,0,0,0,0,0,0.010794379049912095,wesad,24.14689854113385,wesad-S6-e0,0,revision_impact,15.648664924316108,0,0,0,3297,1766.0,B1,1117,0,0,3,1,2,0,0.0014915300998836756,test,S6,2,0,0,1,1,3,correction
0,1,2,0,wesad-S6-e0-correction-c0-B2,0,3,0,0,0,0,0,0.052862301003187895,wesad,24.13950783200562,wesad-S6-e0,0,revision_impact,15.653357838047668,0,0,0,3297,1766.0,B2,1117,0,0,3,1,2,0,0.005544416839256883,test,S6,2,0,0,1,1,3,correction
0,1,2,0,wesad-S6-e0-correction-c0-B3,0,3,0,0,0,0,0,0.010989536065608263,wesad,31.587197320070118,wesad-S6-e0,0,revision_impact,15.954249475849792,0,0,0,3297,1766.0,B3,1117,0,0,3,1,2,0,0.001507048960775137,test,S6,2,0,0,1,1,3,correction
0,1,2,0,wesad-S6-e0-correction-c0-M1,0,3,0,0,0,0,0,0.05931131006218493,wesad,31.396908533060923,wesad-S6-e0,0,revision_impact,15.80929474486038,0,0,0,3297,1766.0,M1,1117,0,0,3,1,2,0,0.0057475019712001085,test,S6,2,0,0,1,1,3,correction
0,1,2,0,wesad-S6-e0-correction-c1-B0,1,3,0,0,0,0,1,0.005861551035195589,wesad,51.197978019947186,wesad-S6-e0,0,revision_impact,8.561909857904539,0,0,1,1838,1796.0,B0,603,0,0,3,0,2,1,0.004052887205034494,test,S6,2,0,1,1,1,3,correction
0,1,2,0,wesad-S6-e0-correction-c1-B1,1,3,0,0,1,1,1,0.016892495099455118,wesad,59.81093134591356,wesad-S6-e0,0,revision_impact,15.86345612979494,0,0,0,4217,1796.0,B1,1117,0,0,3,1,2,0,0.003969699144363403,test,S6,2,0,2,1,1,3,correction
0,1,2,0,wesad-S6-e0-correction-c1-B2,1,3,0,0,1,1,1,0.05315276491455734,wesad,54.31431950815022,wesad-S6-e0,0,revision_impact,8.521635190118104,0,0,0,1838,1796.0,B2,603,0,0,3,0,2,0,0.00955728511326015,test,S6,2,0,2,1,1,3,correction
0,1,2,0,wesad-S6-e0-correction-c1-B3,1,3,0,0,1,1,1,0.008154053939506412,wesad,66.90811299905181,wesad-S6-e0,0,revision_impact,15.854883454972878,0,0,0,4217,1796.0,B3,1117,0,0,3,1,2,0,0.0016019570175558329,test,S6,2,0,2,1,1,3,correction
0,1,2,0,wesad-S6-e0-correction-c1-M1,1,3,0,0,1,1,1,0.04667377704754472,wesad,65.07749374979176,wesad-S6-e0,0,revision_impact,15.967571785207838,0,0,0,4217,1796.0,M1,1117,0,0,3,1,2,0,0.009532846044749022,test,S6,2,0,2,1,1,3,correction
0,1,2,0,wesad-S6-e0-correction-c2-B0,2,3,0,0,0,0,1,0.002587357070297003,wesad,50.52728419704363,wesad-S6-e0,0,revision_impact,8.545734618091956,0,0,1,1925,1856.0,B0,603,0,0,3,0,2,1,0.0016726460307836533,test,S6,2,0,4,1,1,3,correction
0,1,2,0,wesad-S6-e0-correction-c2-B1,2,3,0,0,1,1,1,0.008290681056678295,wesad,52.28502184199169,wesad-S6-e0,0,revision_impact,8.47357059107162,0,0,0,1925,1856.0,B1,603,0,0,3,0,2,0,0.001737745013087988,test,S6,2,0,5,1,1,3,correction
0,1,2,0,wesad-S6-e0-correction-c2-B2,2,3,0,0,1,1,1,0.03618789208121598,wesad,55.163280009059235,wesad-S6-e0,0,revision_impact,8.534757151966915,0,0,0,1925,1856.0,B2,603,0,0,3,0,2,0,0.006053505931049585,test,S6,2,0,5,1,1,3,correction
0,1,2,0,wesad-S6-e0-correction-c2-B3,2,3,0,0,1,1,1,0.014852997148409486,wesad,58.97666557203047,wesad-S6-e0,0,revision_impact,8.54007024387829,0,0,0,1925,1856.0,B3,603,0,0,3,0,2,0,0.0017138649709522724,test,S6,2,0,5,1,1,3,correction
0,1,2,0,wesad-S6-e0-correction-c2-M1,2,3,0,0,1,1,1,0.03392858803272247,wesad,57.33518659300171,wesad-S6-e0,0,revision_impact,8.538883809000254,0,0,0,1925,1856.0,M1,603,0,0,3,0,2,0,0.005843590013682842,test,S6,2,0,5,1,1,3,correction
0,0,1,1,wesad-S6-e0-delayed-c0-B0,0,2,1,0,0,0,0,0.009916108101606369,wesad,6.230533450143412,wesad-S6-e0,0,revision_impact,6.215648123063147,0,0,0,1276,1766.0,B0,380,0,0,2,0,2,0,0.0015113989356905222,test,S6,1,0,0,1,1,1,delayed
0,0,1,0,wesad-S6-e0-delayed-c0-B1,0,1,0,0,0,0,0,0.0108638780657202,wesad,11.534147646976635,wesad-S6-e0,0,revision_impact,11.516021876828745,0,0,0,2961,1766.0,B1,760,0,1,1,1,2,0,0.0014911689795553684,test,S6,1,0,0,1,1,1,delayed
0,0,1,0,wesad-S6-e0-delayed-c0-B2,0,1,0,0,0,0,0,0.07677957299165428,wesad,11.529077539918944,wesad-S6-e0,0,revision_impact,11.436788734048605,0,0,0,2961,1766.0,B2,760,0,1,1,1,2,0,0.00929376995190978,test,S6,1,0,0,1,1,1,delayed
0,0,1,0,wesad-S6-e0-delayed-c0-B3,0,1,0,0,0,0,0,0.01608857186511159,wesad,16.619357781950384,wesad-S6-e0,0,revision_impact,10.602034481009468,0,0,0,2961,1766.0,B3,760,0,1,1,1,2,0,0.0014818799681961536,test,S6,1,0,0,1,1,1,delayed
0,0,1,0,wesad-S6-e0-delayed-c0-M1,0,1,0,0,0,0,0,0.08696557488292456,wesad,11.457193617941812,wesad-S6-e0,0,revision_impact,11.354421786032617,0,0,0,2961,1766.0,M1,760,0,1,1,1,2,0,0.009301159996539354,test,S6,1,0,0,1,1,1,delayed
0,0,1,1,wesad-S6-e0-delayed-c1-B0,1,2,1,0,0,0,0,0.005371221108362079,wesad,41.52491864003241,wesad-S6-e0,0,revision_impact,5.16769924107939,0,0,1,1605,1796.0,B0,370,0,0,2,0,2,0,0.004041746957227588,test,S6,1,0,1,1,1,1,delayed
0,0,1,0,wesad-S6-e0-delayed-c1-B1,1,1,0,0,0,0,0,0.004623754881322384,wesad,47.1124721118249,wesad-S6-e0,0,revision_impact,10.322780160000548,0,0,0,3609,1796.0,B1,740,0,1,1,1,2,0,0.001530528999865055,test,S6,1,0,1,1,1,1,delayed
0,0,1,0,wesad-S6-e0-delayed-c1-B2,1,1,0,0,0,0,0,0.022805053973570466,wesad,49.28457428095862,wesad-S6-e0,0,revision_impact,10.356135208858177,0,0,0,3609,1796.0,B2,740,0,1,1,1,2,0,0.009752400917932391,test,S6,1,0,1,1,1,1,delayed
0,0,1,0,wesad-S6-e0-delayed-c1-B3,1,1,0,0,0,0,0,0.0037278239615261555,wesad,51.871993714012206,wesad-S6-e0,0,revision_impact,10.41424298286438,0,0,0,3609,1796.0,B3,740,0,1,1,1,2,0,0.0015485580079257488,test,S6,1,0,1,1,1,1,delayed
0,0,1,0,wesad-S6-e0-delayed-c1-M1,1,1,0,0,0,0,0,0.02073709713295102,wesad,49.73911067401059,wesad-S6-e0,0,revision_impact,10.459873073268682,0,0,0,3609,1796.0,M1,740,0,1,1,1,2,0,0.005860211094841361,test,S6,1,0,1,1,1,1,delayed
0,1,2,0,wesad-S6-e0-delayed-c2-B0,2,2,0,0,0,0,0,0.002989279106259346,wesad,52.01789362588897,wesad-S6-e0,0,revision_impact,5.279919391032308,0,0,2,1697,1856.0,B0,370,0,0,2,0,2,0,0.0016064969822764397,test,S6,2,0,2,1,1,2,delayed
0,1,2,0,wesad-S6-e0-delayed-c2-B1,2,2,0,0,0,0,0,0.004735433962196112,wesad,55.04919649893418,wesad-S6-e0,0,revision_impact,5.185052266810089,0,0,0,1697,1856.0,B1,370,0,0,2,0,2,0,0.0016056769527494907,test,S6,2,0,2,1,1,2,delayed
0,1,2,0,wesad-S6-e0-delayed-c2-B2,2,2,0,0,0,0,0,0.018579660216346383,wesad,57.220723239006475,wesad-S6-e0,0,revision_impact,5.206812693038955,0,0,0,1697,1856.0,B2,370,0,0,2,0,2,0,0.00581387197598815,test,S6,2,0,2,1,1,2,delayed
0,1,2,0,wesad-S6-e0-delayed-c2-B3,2,2,0,0,0,0,0,0.004554216982796788,wesad,59.14553150697611,wesad-S6-e0,0,revision_impact,5.37129646493122,0,0,0,1697,1856.0,B3,370,0,0,2,0,2,0,0.00160485808737576,test,S6,2,0,2,1,1,2,delayed
0,1,2,0,wesad-S6-e0-delayed-c2-M1,2,2,0,0,0,0,0,0.018106581177562475,wesad,58.00099222594872,wesad-S6-e0,0,revision_impact,5.18400437803939,0,0,0,1697,1856.0,M1,370,0,0,2,0,2,0,0.005749081959947944,test,S6,2,0,2,1,1,2,delayed
0,1,2,0,wesad-S6-e1-channel_fault-c0-B0,0,3,0,0,0,0,0,0.008983947103843093,wesad,19.897175250109285,wesad-S6-e1,0,evidence_sufficiency,7.380621446063742,0,0,0,1353,5301.0,B0,526,0,1,3,0,2,0,0.0015030899085104465,test,S6,2,0,0,1,1,3,channel_fault
0,1,2,0,wesad-S6-e1-channel_fault-c0-B1,0,3,0,0,0,0,0,0.01131341909058392,wesad,19.88880248996429,wesad-S6-e1,0,evidence_sufficiency,7.376679685898125,0,0,0,1353,5301.0,B1,526,0,1,3,0,2,0,0.0014909501187503338,test,S6,2,0,0,1,1,3,channel_fault
0,1,2,0,wesad-S6-e1-channel_fault-c0-B2,0,3,0,0,0,0,0,0.06751377088949084,wesad,19.87786010396667,wesad-S6-e1,0,evidence_sufficiency,7.374877884052694,0,0,0,1353,5301.0,B2,526,0,1,3,0,2,0,0.005420370027422905,test,S6,2,0,0,1,1,3,channel_fault
0,1,2,0,wesad-S6-e1-channel_fault-c0-B3,0,3,0,0,0,0,0,0.01134962891228497,wesad,27.2042950859759,wesad-S6-e1,0,evidence_sufficiency,7.4392878180369735,0,0,0,1353,5301.0,B3,526,0,1,3,0,2,0,0.0014873589389026165,test,S6,2,0,0,1,1,3,channel_fault
0,1,2,0,wesad-S6-e1-channel_fault-c0-M1,0,3,0,0,0,0,0,0.04511623899452388,wesad,25.75406457693316,wesad-S6-e1,0,evidence_sufficiency,7.4122919091023505,0,0,0,1353,5301.0,M1,520,0,0,3,0,2,0,0.005597284995019436,test,S6,2,0,0,1,1,3,channel_fault
0,1,2,0,wesad-S6-e1-channel_fault-c1-B0,1,3,0,0,0,0,2,0.011799478903412819,wesad,54.27696718997322,wesad-S6-e1,0,evidence_sufficiency,7.447208415949717,0,0,0,1433,5331.0,B0,526,0,1,3,0,2,2,0.0016453461721539497,test,S6,2,0,1,1,1,3,channel_fault
0,1,2,0,wesad-S6-e1-channel_fault-c1-B1,1,3,0,0,2,2,2,0.01808608090505004,wesad,54.568636673968285,wesad-S6-e1,0,evidence_sufficiency,7.395974572049454,0,0,0,1433,5331.0,B1,526,0,1,3,0,2,0,0.0016649561002850533,test,S6,2,0,1,1,1,3,channel_fault
0,1,2,0,wesad-S6-e1-channel_fault-c1-B2,1,3,0,0,2,2,2,0.08542445604689419,wesad,59.06939061009325,wesad-S6-e1,0,evidence_sufficiency,7.331565347965807,0,0,0,1433,5331.0,B2,524,0,1,3,0,2,0,0.006235061911866069,test,S6,2,0,1,1,1,3,channel_fault
0,1,2,0,wesad-S6-e1-channel_fault-c1-B3,1,3,0,0,2,2,2,0.019434253219515085,wesad,61.41825902205892,wesad-S6-e1,0,evidence_sufficiency,7.363119873218238,0,0,0,1433,5331.0,B3,526,0,1,3,0,2,0,0.0016783559694886208,test,S6,2,0,1,1,1,3,channel_fault
0,1,2,0,wesad-S6-e1-channel_fault-c1-M1,1,3,0,0,2,2,2,0.09251830098219216,wesad,60.45940892910585,wesad-S6-e1,0,evidence_sufficiency,7.406589085934684,0,0,0,1433,5331.0,M1,526,0,1,3,0,2,0,0.006144385086372495,test,S6,2,0,1,1,1,3,channel_fault
0,1,2,0,wesad-S6-e1-channel_fault-c2-B0,2,3,0,0,0,0,2,0.005269972141832113,wesad,50.579294946976006,wesad-S6-e1,0,evidence_sufficiency,7.517131048953161,0,0,0,1433,5391.0,B0,532,0,1,3,0,2,2,0.002366031985729933,test,S6,2,0,4,1,1,3,channel_fault
0,1,2,0,wesad-S6-e1-channel_fault-c2-B1,2,3,0,0,2,2,2,0.026516767917200923,wesad,52.463028016034514,wesad-S6-e1,0,evidence_sufficiency,6.757525308057666,0,0,0,1433,5391.0,B1,483,0,0,3,0,2,0,0.0018220329657196999,test,S6,2,0,4,1,1,3,channel_fault
0,1,2,0,wesad-S6-e1-channel_fault-c2-B2,2,3,0,0,2,2,2,0.1107733880635351,wesad,55.181859333999455,wesad-S6-e1,0,evidence_sufficiency,7.451285772956908,0,0,0,1433,5391.0,B2,532,0,1,3,0,2,0,0.006129485089331865,test,S6,2,0,4,1,1,3,channel_fault
0,1,2,0,wesad-S6-e1-channel_fault-c2-B3,2,3,0,0,2,2,2,0.022677587112411857,wesad,57.05813812511042,wesad-S6-e1,0,evidence_sufficiency,6.747373975813389,0,0,0,1433,5391.0,B3,483,0,0,3,0,2,0,0.0017749438993632793,test,S6,2,0,4,1,1,3,channel_fault
0,1,2,0,wesad-S6-e1-channel_fault-c2-M1,2,3,0,0,2,2,2,0.11241557518951595,wesad,56.80185753805563,wesad-S6-e1,0,evidence_sufficiency,6.772045131074265,0,0,0,1433,5391.0,M1,483,0,0,3,0,2,0,0.006036316975951195,test,S6,2,0,4,1,1,3,channel_fault
0,1,2,0,wesad-S6-e1-clean-c0-B0,0,3,0,0,0,0,0,0.01751129701733589,wesad,30.099135217024013,wesad-S6-e1,0,evidence_sufficiency,7.387391278985888,0,0,0,1353,5301.0,B0,526,0,1,3,0,2,0,0.001478459918871522,test,S6,2,0,0,1,1,3,clean
0,1,2,0,wesad-S6-e1-clean-c0-B1,0,3,0,0,0,0,0,0.010916518978774548,wesad,32.023391308961436,wesad-S6-e1,0,evidence_sufficiency,7.476168296067044,0,0,0,1353,5301.0,B1,520,0,0,3,0,2,0,0.001494989963248372,test,S6,2,0,0,1,1,3,clean
0,1,2,0,wesad-S6-e1-clean-c0-B2,0,3,0,0,0,0,0,0.05471811513416469,wesad,36.195939558092505,wesad-S6-e1,0,evidence_sufficiency,7.343828629003838,0,0,0,1353,5301.0,B2,526,0,1,3,0,2,0,0.005481439875438809,test,S6,2,0,0,1,1,3,clean
0,1,2,0,wesad-S6-e1-clean-c0-B3,0,3,0,0,0,0,0,0.010836892062798142,wesad,37.22743940795772,wesad-S6-e1,0,evidence_sufficiency,7.278036867035553,0,0,0,1353,5301.0,B3,520,0,0,3,0,2,0,0.001506598899140954,test,S6,2,0,0,1,1,3,clean
0,1,2,0,wesad-S6-e1-clean-c0-M1,0,3,0,0,0,0,0,0.05440080096013844,wesad,36.192700824001804,wesad-S6-e1,0,evidence_sufficiency,7.3785056381020695,0,0,0,1353,5301.0,M1,520,0,0,3,0,2,0,0.005459969863295555,test,S6,2,0,0,1,1,3,clean
0,1,2,0,wesad-S6-e1-clean-c1-B0,1,3,0,0,0,0,0,0.00270658521912992,wesad,42.25191374309361,wesad-S6-e1,0,evidence_sufficiency,7.557540773181245,0,0,0,1372,5331.0,B0,508,0,0,3,0,2,0,0.0016123577952384949,test,S6,2,0,3,1,1,3,clean
0,1,2,0,wesad-S6-e1-clean-c1-B1,1,3,0,0,0,0,0,0.006573196966201067,wesad,42.25836232304573,wesad-S6-e1,0,evidence_sufficiency,7.149992123013362,0,0,0,1372,5331.0,B1,508,0,0,3,0,2,0,0.0015965481288731098,test,S6,2,0,3,1,1,3,clean
0,1,2,0,wesad-S6-e1-clean-c1-B2,1,3,0,0,0,0,0,0.027157091069966555,wesad,48.6855743129272,wesad-S6-e1,0,evidence_sufficiency,7.1401934020686895,0,0,0,1372,5331.0,B2,508,0,0,3,0,2,0,0.0054609200451523066,test,S6,2,0,3,1,1,3,clean
0,1,2,0,wesad-S6-e1-clean-c1-B3,1,3,0,0,0,0,0,0.011922209057956934,wesad,49.31462721992284,wesad-S6-e1,0,evidence_sufficiency,7.166492871008813,0,0,0,1372,5331.0,B3,508,0,0,3,0,2,0,0.002423711121082306,test,S6,2,0,3,1,1,3,clean
0,1,2,0,wesad-S6-e1-clean-c1-M1,1,3,0,0,0,0,0,0.061564255971461535,wesad,49.365697948029265,wesad-S6-e1,0,evidence_sufficiency,7.153855375945568,0,0,0,1372,5331.0,M1,508,0,0,3,0,2,0,0.009912410052493215,test,S6,2,0,3,1,1,3,clean
0,1,2,0,wesad-S6-e1-clean-c2-B0,2,3,0,0,0,0,0,0.0027653442230075598,wesad,53.791272156871855,wesad-S6-e1,0,evidence_sufficiency,7.243404767010361,0,0,0,1372,5391.0,B0,513,0,0,3,0,2,0,0.0016702660359442234,test,S6,2,0,6,1,1,3,clean
0,1,2,0,wesad-S6-e1-clean-c2-B1,2,3,0,0,0,0,0,0.006934250006452203,wesad,55.59249734389596,wesad-S6-e1,0,evidence_sufficiency,7.192035014042631,0,0,0,1372,5391.0,B1,513,0,0,3,0,2,0,0.0016645360738039017,test,S6,2,0,6,1,1,3,clean
0,1,2,0,wesad-S6-e1-clean-c2-B2,2,3,0,0,0,0,0,0.030741059919819236,wesad,60.98096621921286,wesad-S6-e1,0,evidence_sufficiency,7.194442235864699,0,0,0,1372,5391.0,B2,513,0,0,3,0,2,0,0.006928350077942014,test,S6,2,0,6,1,1,3,clean
0,1,2,0,wesad-S6-e1-clean-c2-B3,2,3,0,0,0,0,0,0.007848290959373116,wesad,61.34107324690558,wesad-S6-e1,0,evidence_sufficiency,7.2074411530047655,0,0,0,1372,5391.0,B3,513,0,0,3,0,2,0,0.0016931360587477684,test,S6,2,0,6,1,1,3,clean
0,1,2,0,wesad-S6-e1-clean-c2-M1,2,3,0,0,0,0,0,0.030247529037296772,wesad,61.20885754702613,wesad-S6-e1,0,evidence_sufficiency,7.129909857874736,0,0,0,1372,5391.0,M1,508,0,0,3,0,2,0,0.005681755021214485,test,S6,2,0,6,1,1,3,clean
0,1,2,0,wesad-S6-e1-correction-c0-B0,0,3,0,0,0,0,0,0.009088554885238409,wesad,23.11667092703283,wesad-S6-e1,0,evidence_sufficiency,7.672605478903279,0,0,0,1353,5301.0,B0,526,0,1,3,0,2,0,0.0014900390524417162,test,S6,2,0,0,1,1,3,correction
0,1,2,0,wesad-S6-e1-correction-c0-B1,0,3,0,0,0,0,0,0.010911697056144476,wesad,23.119813472032547,wesad-S6-e1,0,evidence_sufficiency,7.664514284115285,0,0,0,1353,5301.0,B1,526,0,1,3,0,2,0,0.0014771700371056795,test,S6,2,0,0,1,1,3,correction
0,1,2,0,wesad-S6-e1-correction-c0-B2,0,3,0,0,0,0,0,0.05447157705202699,wesad,23.097234333865345,wesad-S6-e1,0,evidence_sufficiency,7.650629037991166,0,0,0,1353,5301.0,B2,526,0,1,3,0,2,0,0.005529446993023157,test,S6,2,0,0,1,1,3,correction
0,1,2,0,wesad-S6-e1-correction-c0-B3,0,3,0,0,0,0,0,0.01810023095458746,wesad,30.41969030397013,wesad-S6-e1,0,evidence_sufficiency,7.451941336039454,0,0,0,1353,5301.0,B3,526,0,1,3,0,2,0,0.002712263958528638,test,S6,2,0,0,1,1,3,correction
0,1,2,0,wesad-S6-e1-correction-c0-M1,0,3,0,0,0,0,0,0.05846294621005654,wesad,30.45159885310568,wesad-S6-e1,0,evidence_sufficiency,7.595375475939363,0,0,0,1353,5301.0,M1,526,0,1,3,0,2,0,0.00923181208781898,test,S6,2,0,0,1,1,3,correction
0,1,2,0,wesad-S6-e1-correction-c1-B0,1,3,0,0,0,0,1,0.0027446940075606108,wesad,57.68291156901978,wesad-S6-e1,0,evidence_sufficiency,7.161895090015605,0,0,0,1372,5331.0,B0,508,0,0,3,0,2,1,0.0016161471139639616,test,S6,2,0,2,1,1,3,correction
0,1,2,0,wesad-S6-e1-correction-c1-B1,1,3,0,0,1,1,1,0.008129263995215297,wesad,57.917601404944435,wesad-S6-e1,0,evidence_sufficiency,7.136477558873594,0,0,0,1372,5331.0,B1,508,0,0,3,0,2,0,0.0016248258762061596,test,S6,2,0,2,1,1,3,correction
0,1,2,0,wesad-S6-e1-correction-c1-B2,1,3,0,0,1,1,1,0.03860810096375644,wesad,58.35473278700374,wesad-S6-e1,0,evidence_sufficiency,7.13763908483088,0,0,0,1372,5331.0,B2,508,0,0,3,0,2,0,0.005959079135209322,test,S6,2,0,2,1,1,3,correction
0,1,2,0,wesad-S6-e1-correction-c1-B3,1,3,0,0,1,1,1,0.008407237939536572,wesad,64.94272049912252,wesad-S6-e1,0,evidence_sufficiency,7.114092266187072,0,0,0,1372,5331.0,B3,508,0,0,3,0,2,0,0.0016396869905292988,test,S6,2,0,2,1,1,3,correction
0,1,2,0,wesad-S6-e1-correction-c1-M1,1,3,0,0,1,1,1,0.03377123991958797,wesad,64.74730651895516,wesad-S6-e1,0,evidence_sufficiency,7.118304220028222,0,0,0,1372,5331.0,M1,508,0,0,3,0,2,0,0.005916309077292681,test,S6,2,0,2,1,1,3,correction
0,1,2,0,wesad-S6-e1-correction-c2-B0,2,3,0,0,0,0,1,0.005429340060800314,wesad,61.12881384813227,wesad-S6-e1,0,evidence_sufficiency,7.233875002944842,0,0,0,1372,5391.0,B0,513,0,0,3,0,2,1,0.004122234880924225,test,S6,2,0,5,1,1,3,correction
0,1,2,0,wesad-S6-e1-correction-c2-B1,2,3,0,0,1,1,1,0.01851629209704697,wesad,63.962471461854875,wesad-S6-e1,0,evidence_sufficiency,7.187673385953531,0,0,0,1372,5391.0,B1,513,0,0,3,0,2,0,0.004260662943124771,test,S6,2,0,5,1,1,3,correction
0,1,2,0,wesad-S6-e1-correction-c2-B2,2,3,0,0,1,1,1,0.05281164194457233,wesad,65.14016111684032,wesad-S6-e1,0,evidence_sufficiency,7.221092852996662,0,0,0,1372,5391.0,B2,513,0,0,3,0,2,0,0.009837958961725235,test,S6,2,0,5,1,1,3,correction
0,1,2,0,wesad-S6-e1-correction-c2-B3,2,3,0,0,1,1,1,0.009751901030540466,wesad,70.19227514602244,wesad-S6-e1,0,evidence_sufficiency,7.174380437005311,0,0,0,1372,5391.0,B3,513,0,0,3,0,2,0,0.0016938250046223402,test,S6,2,0,5,1,1,3,correction
0,1,2,0,wesad-S6-e1-correction-c2-M1,2,3,0,0,1,1,1,0.05023367400281131,wesad,68.21370823378675,wesad-S6-e1,0,evidence_sufficiency,7.177741849096492,0,0,0,1372,5391.0,M1,513,0,0,3,0,2,0,0.009859879035502672,test,S6,2,0,5,1,1,3,correction
0,0,1,1,wesad-S6-e1-delayed-c0-B0,0,3,1,0,0,0,0,0.015086923027411103,wesad,8.24914960609749,wesad-S6-e1,0,evidence_sufficiency,8.227989525999874,0,0,0,1241,5301.0,B0,520,0,0,3,0,2,0,0.0014979599509388208,test,S6,1,0,0,1,1,2,delayed
0,0,1,0,wesad-S6-e1-delayed-c0-B1,0,2,0,0,0,0,0,0.01097391708754003,wesad,15.54286709590815,wesad-S6-e1,0,evidence_sufficiency,15.524706554831937,0,0,0,3028,5301.0,B1,1040,0,1,2,1,2,0,0.0014877200592309237,test,S6,1,0,0,1,1,2,delayed
0,0,1,0,wesad-S6-e1-delayed-c0-B2,0,2,0,0,0,0,0,0.07542110700160265,wesad,15.533177573001012,wesad-S6-e1,0,evidence_sufficiency,15.443280279869214,0,0,0,3028,5301.0,B2,1040,0,1,2,1,2,0,0.009096265072003007,test,S6,1,0,0,1,1,2,delayed
0,0,1,0,wesad-S6-e1-delayed-c0-B3,0,2,0,0,0,0,0,0.014825059100985527,wesad,22.644180146977305,wesad-S6-e1,0,evidence_sufficiency,14.59807144291699,0,0,0,3028,5301.0,B3,1040,0,1,2,1,2,0,0.00147587014362216,test,S6,1,0,0,1,1,2,delayed
0,0,1,0,wesad-S6-e1-delayed-c0-M1,0,2,0,0,0,0,0,0.07567801116965711,wesad,15.490062699886039,wesad-S6-e1,0,evidence_sufficiency,15.39879399491474,0,0,0,3028,5301.0,M1,1040,0,1,2,1,2,0,0.009016796946525574,test,S6,1,0,0,1,1,2,delayed
0,0,1,1,wesad-S6-e1-delayed-c1-B0,1,3,1,0,0,0,0,0.004673025105148554,wesad,59.34734749700874,wesad-S6-e1,0,evidence_sufficiency,7.208268807036802,0,0,1,1241,5331.0,B0,520,0,0,3,0,2,0,0.003936149878427386,test,S6,1,0,2,1,1,2,delayed
0,0,1,0,wesad-S6-e1-delayed-c1-B1,1,2,0,0,0,0,0,0.008073864970356226,wesad,66.90408232109621,wesad-S6-e1,0,evidence_sufficiency,14.50978417810984,0,0,0,3028,5331.0,B1,1040,0,1,2,1,2,0,0.0027850938495248556,test,S6,1,0,2,1,1,2,delayed
0,0,1,0,wesad-S6-e1-delayed-c1-B2,1,2,0,0,0,0,0,0.02079050801694393,wesad,67.7811170311179,wesad-S6-e1,0,evidence_sufficiency,14.550181297818199,0,0,0,3028,5331.0,B2,1040,0,1,2,1,2,0,0.009335859911516309,test,S6,1,0,2,1,1,2,delayed
0,0,1,0,wesad-S6-e1-delayed-c1-B3,1,2,0,0,0,0,0,0.003870480926707387,wesad,73.88977449201047,wesad-S6-e1,0,evidence_sufficiency,14.616803063079715,0,0,0,3028,5331.0,B3,1040,0,1,2,1,2,0,0.0019694101065397263,test,S6,1,0,2,1,1,2,delayed
0,0,1,0,wesad-S6-e1-delayed-c1-M1,1,2,0,0,0,0,0,0.019302468048408628,wesad,69.52890811813995,wesad-S6-e1,0,evidence_sufficiency,14.962525705108419,0,0,0,3028,5331.0,M1,1040,0,1,2,1,2,0,0.008374659111723304,test,S6,1,0,2,1,1,2,delayed
0,1,2,0,wesad-S6-e1-delayed-c2-B0,2,3,0,0,0,0,0,0.002668625907972455,wesad,59.3935261790175,wesad-S6-e1,0,evidence_sufficiency,6.950881369877607,0,0,2,1353,5391.0,B0,496,0,0,3,0,2,0,0.0016403060872107744,test,S6,2,0,4,1,1,3,delayed
0,1,2,0,wesad-S6-e1-delayed-c2-B1,2,3,0,0,0,0,0,0.004454249981790781,wesad,60.151964199962094,wesad-S6-e1,0,evidence_sufficiency,6.898653242038563,0,0,0,1353,5391.0,B1,496,0,0,3,0,2,0,0.001619976945221424,test,S6,2,0,4,1,1,3,delayed
0,1,2,0,wesad-S6-e1-delayed-c2-B2,2,3,0,0,0,0,0,0.017631520982831717,wesad,61.43514937302098,wesad-S6-e1,0,evidence_sufficiency,6.916509948903695,0,0,0,1353,5391.0,B2,496,0,0,3,0,2,0,0.005710314027965069,test,S6,2,0,4,1,1,3,delayed
0,1,2,0,wesad-S6-e1-delayed-c2-B3,2,3,0,0,0,0,0,0.004435569979250431,wesad,66.26838426408358,wesad-S6-e1,0,evidence_sufficiency,6.927667401032522,0,0,0,1353,5391.0,B3,496,0,0,3,0,2,0,0.0015871869400143623,test,S6,2,0,4,1,1,3,delayed
0,1,2,0,wesad-S6-e1-delayed-c2-M1,2,3,0,0,0,0,0,0.015580693958327174,wesad,64.69186903396621,wesad-S6-e1,0,evidence_sufficiency,7.418539301957935,0,0,0,1353,5391.0,M1,496,0,0,3,0,2,0,0.005636365152895451,test,S6,2,0,4,1,1,3,delayed
0,1,2,0,wesad-S7-e0-channel_fault-c0-B0,0,3,0,0,0,0,0,0.01011313614435494,wesad,7.672513542929664,wesad-S7-e0,0,evidence_sufficiency,7.657358289929107,0,0,0,1366,1306.0,B0,496,0,0,3,0,2,0,0.0014797099865972996,test,S7,2,0,0,1,1,3,channel_fault
0,1,2,0,wesad-S7-e0-channel_fault-c0-B1,0,3,0,0,0,0,0,0.011095175985246897,wesad,7.68340591317974,wesad-S7-e0,0,evidence_sufficiency,7.666747079929337,0,0,0,1366,1306.0,B1,496,0,0,3,0,2,0,0.0015109390951693058,test,S7,2,0,0,1,1,3,channel_fault
0,1,2,0,wesad-S7-e0-channel_fault-c0-B2,0,3,0,0,0,0,0,0.05423737200908363,wesad,7.654104806017131,wesad-S7-e0,0,evidence_sufficiency,7.591323246015236,0,0,0,1366,1306.0,B2,496,0,0,3,0,2,0,0.005412010010331869,test,S7,2,0,0,1,1,3,channel_fault
0,1,2,0,wesad-S7-e0-channel_fault-c0-B3,0,3,0,0,0,0,0,0.011112945154309273,wesad,14.545006397878751,wesad-S7-e0,0,evidence_sufficiency,7.031274730805308,0,0,0,1366,1306.0,B3,496,0,0,3,0,2,0,0.0015432590153068304,test,S7,2,0,0,1,1,3,channel_fault
0,1,2,0,wesad-S7-e0-channel_fault-c0-M1,0,3,0,0,0,0,0,0.0589141477830708,wesad,7.606680475175381,wesad-S7-e0,0,evidence_sufficiency,7.536779190879315,0,0,0,1366,1306.0,M1,496,0,0,3,0,2,0,0.007859800942242146,test,S7,2,0,0,1,1,3,channel_fault
0,1,2,0,wesad-S7-e0-channel_fault-c1-B0,1,3,0,0,0,0,1,0.004603587090969086,wesad,45.072084920015186,wesad-S7-e0,0,evidence_sufficiency,6.969978450797498,0,0,0,1445,1336.0,B0,497,0,0,3,0,2,1,0.0016736160032451153,test,S7,2,0,2,1,1,3,channel_fault
0,1,2,0,wesad-S7-e0-channel_fault-c1-B1,1,3,0,0,1,1,1,0.019415637012571096,wesad,45.06822287896648,wesad-S7-e0,0,evidence_sufficiency,6.96470509795472,0,0,0,1445,1336.0,B1,497,0,0,3,0,2,0,0.0016729061026126146,test,S7,2,0,2,1,1,3,channel_fault
0,1,2,0,wesad-S7-e0-channel_fault-c1-B2,1,3,0,0,1,1,1,0.09041195991449058,wesad,45.17604763596319,wesad-S7-e0,0,evidence_sufficiency,6.9642564370296896,0,0,0,1445,1336.0,B2,497,0,0,3,0,2,0,0.005915750982239842,test,S7,2,0,2,1,1,3,channel_fault
0,1,2,0,wesad-S7-e0-channel_fault-c1-B3,1,3,0,0,1,1,1,0.027150261215865612,wesad,51.86137883900665,wesad-S7-e0,0,evidence_sufficiency,7.0117951950524,0,0,0,1445,1336.0,B3,497,0,0,3,0,2,0,0.0016456770244985819,test,S7,2,0,2,1,1,3,channel_fault
0,1,2,0,wesad-S7-e0-channel_fault-c1-M1,1,3,0,0,1,1,1,0.09779394115321338,wesad,45.488938704831526,wesad-S7-e0,0,evidence_sufficiency,7.083606241969392,0,0,0,1445,1336.0,M1,497,0,0,3,0,2,0,0.0060068778693675995,test,S7,2,0,2,1,1,3,channel_fault
0,1,2,0,wesad-S7-e0-channel_fault-c2-B0,2,3,0,0,0,0,1,0.0044375399593263865,wesad,45.654293108033016,wesad-S7-e0,0,evidence_sufficiency,7.112426549196243,0,0,0,1446,1396.0,B0,505,0,0,3,0,2,1,0.0017133757937699556,test,S7,2,0,5,1,1,3,channel_fault
0,1,2,0,wesad-S7-e0-channel_fault-c2-B1,2,3,0,0,1,1,1,0.02471403987146914,wesad,50.03613024810329,wesad-S7-e0,0,evidence_sufficiency,7.0349696460179985,0,0,0,1446,1396.0,B1,505,0,0,3,0,2,0,0.0018204841762781143,test,S7,2,0,5,1,1,3,channel_fault
0,1,2,0,wesad-S7-e0-channel_fault-c2-B2,2,3,0,0,1,1,1,0.10188138810917735,wesad,50.56642352603376,wesad-S7-e0,0,evidence_sufficiency,7.080549624050036,0,0,0,1446,1396.0,B2,505,0,0,3,0,2,0,0.006172204855829477,test,S7,2,0,5,1,1,3,channel_fault
0,1,2,0,wesad-S7-e0-channel_fault-c2-B3,2,3,0,0,1,1,1,0.024013493908569217,wesad,52.446223572827876,wesad-S7-e0,0,evidence_sufficiency,7.100070058833808,0,0,0,1446,1396.0,B3,505,0,0,3,0,2,0,0.0018159730825573206,test,S7,2,0,5,1,1,3,channel_fault
0,1,2,0,wesad-S7-e0-channel_fault-c2-M1,2,3,0,0,1,1,1,0.15907561010681093,wesad,52.06233494193293,wesad-S7-e0,0,evidence_sufficiency,7.227424131007865,0,0,0,1446,1396.0,M1,505,0,0,3,0,2,0,0.010201023891568184,test,S7,2,0,5,1,1,3,channel_fault
0,1,2,0,wesad-S7-e0-clean-c0-B0,0,3,0,0,0,0,0,0.008987816981971264,wesad,22.22836470603943,wesad-S7-e0,0,evidence_sufficiency,6.972963294014335,0,0,0,1366,1306.0,B0,496,0,0,3,0,2,0,0.0015025490429252386,test,S7,2,0,0,1,1,3,clean
0,1,2,0,wesad-S7-e0-clean-c0-B1,0,3,0,0,0,0,0,0.01944695389829576,wesad,22.223300268873572,wesad-S7-e0,0,evidence_sufficiency,6.974942713975906,0,0,0,1366,1306.0,B1,496,0,0,3,0,2,0,0.001495949923992157,test,S7,2,0,0,1,1,3,clean
0,1,2,0,wesad-S7-e0-clean-c0-B2,0,3,0,0,0,0,0,0.07237488497048616,wesad,29.15556929190643,wesad-S7-e0,0,evidence_sufficiency,6.947350446134806,0,0,0,1366,1306.0,B2,496,0,0,3,0,2,0,0.008917928906157613,test,S7,2,0,0,1,1,3,clean
0,1,2,0,wesad-S7-e0-clean-c0-B3,0,3,0,0,0,0,0,0.015143942087888718,wesad,29.46636527008377,wesad-S7-e0,0,evidence_sufficiency,6.948283486999571,0,0,0,1366,1306.0,B3,496,0,0,3,0,2,0,0.0015123889315873384,test,S7,2,0,0,1,1,3,clean
0,1,2,0,wesad-S7-e0-clean-c0-M1,0,3,0,0,0,0,0,0.07368539902381599,wesad,29.085612207185477,wesad-S7-e0,0,evidence_sufficiency,6.958100866992027,0,0,0,1366,1306.0,M1,496,0,0,3,0,2,0,0.008875050116330385,test,S7,2,0,0,1,1,3,clean
0,1,2,0,wesad-S7-e0-clean-c1-B0,1,3,0,0,0,0,0,0.0036689548287540674,wesad,41.63885148521513,wesad-S7-e0,0,evidence_sufficiency,7.060337733943015,0,0,0,1385,1336.0,B0,502,0,1,3,0,2,0,0.0016057079192250967,test,S7,2,0,3,1,1,3,clean
0,1,2,0,wesad-S7-e0-clean-c1-B1,1,3,0,0,0,0,0,0.0071542938239872456,wesad,44.46471863985062,wesad-S7-e0,0,evidence_sufficiency,6.958480209112167,0,0,0,1385,1336.0,B1,499,0,1,3,0,2,0,0.001621396979317069,test,S7,2,0,3,1,1,3,clean
0,1,2,0,wesad-S7-e0-clean-c1-B2,1,3,0,0,0,0,0,0.027667185990139842,wesad,48.28817610186525,wesad-S7-e0,0,evidence_sufficiency,6.9690159449819475,0,0,0,1385,1336.0,B2,499,0,1,3,0,2,0,0.006696572992950678,test,S7,2,0,3,1,1,3,clean
0,1,2,0,wesad-S7-e0-clean-c1-B3,1,3,0,0,0,0,0,0.00762906507588923,wesad,48.73448174004443,wesad-S7-e0,0,evidence_sufficiency,7.076381596969441,0,0,0,1385,1336.0,B3,499,0,1,3,0,2,0,0.0015960969030857086,test,S7,2,0,3,1,1,3,clean
0,1,2,0,wesad-S7-e0-clean-c1-M1,1,3,0,0,0,0,0,0.02785185305401683,wesad,48.60143325990066,wesad-S7-e0,0,evidence_sufficiency,7.007856743177399,0,0,0,1385,1336.0,M1,502,0,1,3,0,2,0,0.0056294649839401245,test,S7,2,0,3,1,1,3,clean
0,1,2,0,wesad-S7-e0-clean-c2-B0,2,3,0,0,0,0,0,0.0027918738778680563,wesad,41.729678174015135,wesad-S7-e0,0,evidence_sufficiency,7.123994797002524,0,0,0,1385,1396.0,B0,505,0,0,3,0,2,0,0.0016894950531423092,test,S7,2,0,6,1,1,3,clean
0,1,2,0,wesad-S7-e0-clean-c2-B1,2,3,0,0,0,0,0,0.007020346820354462,wesad,45.974398255115375,wesad-S7-e0,0,evidence_sufficiency,7.344228410860524,0,0,0,1385,1396.0,B1,526,0,1,3,0,2,0,0.0016410870011895895,test,S7,2,0,6,1,1,3,clean
0,1,2,0,wesad-S7-e0-clean-c2-B2,2,3,0,0,0,0,0,0.02961306693032384,wesad,48.23031297000125,wesad-S7-e0,0,evidence_sufficiency,7.358111848123372,0,0,0,1385,1396.0,B2,526,0,1,3,0,2,0,0.005781701998785138,test,S7,2,0,6,1,1,3,clean
0,1,2,0,wesad-S7-e0-clean-c2-B3,2,3,0,0,0,0,0,0.00794423813931644,wesad,49.39231618004851,wesad-S7-e0,0,evidence_sufficiency,7.352155859116465,0,0,0,1385,1396.0,B3,526,0,1,3,0,2,0,0.0016611060127615929,test,S7,2,0,6,1,1,3,clean
0,1,2,0,wesad-S7-e0-clean-c2-M1,2,3,0,0,0,0,0,0.03183786105364561,wesad,48.73737593111582,wesad-S7-e0,0,evidence_sufficiency,7.050706840120256,0,0,0,1385,1396.0,M1,505,0,0,3,0,2,0,0.006000597961246967,test,S7,2,0,6,1,1,3,clean
0,1,2,0,wesad-S7-e0-correction-c0-B0,0,3,0,0,0,0,0,0.009917430114001036,wesad,7.648988606175408,wesad-S7-e0,0,evidence_sufficiency,7.6285299700684845,0,0,0,1366,1306.0,B0,496,0,0,3,0,2,0,0.0014873200561851263,test,S7,2,0,0,1,1,3,correction
0,1,2,0,wesad-S7-e0-correction-c0-B1,0,3,0,0,0,0,0,0.011209993856027722,wesad,7.663994872942567,wesad-S7-e0,0,evidence_sufficiency,7.6481607630848885,0,0,0,1366,1306.0,B1,496,0,0,3,0,2,0,0.0015037001576274633,test,S7,2,0,0,1,1,3,correction
0,1,2,0,wesad-S7-e0-correction-c0-B2,0,3,0,0,0,0,0,0.05427218391560018,wesad,7.637315421830863,wesad-S7-e0,0,evidence_sufficiency,7.574075299082324,0,0,0,1366,1306.0,B2,496,0,0,3,0,2,0,0.005609947023913264,test,S7,2,0,0,1,1,3,correction
0,1,2,0,wesad-S7-e0-correction-c0-B3,0,3,0,0,0,0,0,0.011801932007074356,wesad,14.521036881022155,wesad-S7-e0,0,evidence_sufficiency,7.031946646980941,0,0,0,1366,1306.0,B3,496,0,0,3,0,2,0,0.0015215289313346148,test,S7,2,0,0,1,1,3,correction
0,1,2,0,wesad-S7-e0-correction-c0-M1,0,3,0,0,0,0,0,0.061107855988666415,wesad,7.5623851348645985,wesad-S7-e0,0,evidence_sufficiency,7.4903250799980015,0,0,0,1366,1306.0,M1,496,0,0,3,0,2,0,0.007659006165340543,test,S7,2,0,0,1,1,3,correction
0,1,2,0,wesad-S7-e0-correction-c1-B0,1,3,0,0,0,0,1,0.002705835970118642,wesad,36.784998402930796,wesad-S7-e0,0,evidence_sufficiency,6.952002561884001,0,0,0,1385,1336.0,B0,499,0,1,3,0,2,1,0.0015907969791442156,test,S7,2,0,2,1,1,3,correction
0,1,2,0,wesad-S7-e0-correction-c1-B1,1,3,0,0,1,1,1,0.0073881910648196936,wesad,37.39804938295856,wesad-S7-e0,0,evidence_sufficiency,6.933739129919559,0,0,0,1385,1336.0,B1,499,0,1,3,0,2,0,0.001616637920960784,test,S7,2,0,2,1,1,3,correction
0,1,2,0,wesad-S7-e0-correction-c1-B2,1,3,0,0,1,1,1,0.03387790615670383,wesad,39.184371198993176,wesad-S7-e0,0,evidence_sufficiency,7.026438758010045,0,0,0,1385,1336.0,B2,499,0,1,3,0,2,0,0.0057226240169256926,test,S7,2,0,2,1,1,3,correction
0,1,2,0,wesad-S7-e0-correction-c1-B3,1,3,0,0,1,1,1,0.016465947963297367,wesad,43.76816182490438,wesad-S7-e0,0,evidence_sufficiency,7.074065076187253,0,0,0,1385,1336.0,B3,499,0,1,3,0,2,0,0.00164035614579916,test,S7,2,0,2,1,1,3,correction
0,1,2,0,wesad-S7-e0-correction-c1-M1,1,3,0,0,1,1,1,0.034577651880681515,wesad,39.54422775306739,wesad-S7-e0,0,evidence_sufficiency,7.3099108641035855,0,0,0,1385,1336.0,M1,499,0,1,3,0,2,0,0.005701265064999461,test,S7,2,0,2,1,1,3,correction
0,1,2,0,wesad-S7-e0-correction-c2-B0,2,3,0,0,0,0,1,0.0027674140874296427,wesad,43.90661582816392,wesad-S7-e0,0,evidence_sufficiency,7.017132435925305,0,0,0,1385,1396.0,B0,505,0,0,3,0,2,1,0.0017321549821645021,test,S7,2,0,5,1,1,3,correction
0,1,2,0,wesad-S7-e0-correction-c2-B1,2,3,0,0,1,1,1,0.007977848872542381,wesad,44.68893934995867,wesad-S7-e0,0,evidence_sufficiency,6.97823191084899,0,0,0,1385,1396.0,B1,505,0,0,3,0,2,0,0.0017431541346013546,test,S7,2,0,5,1,1,3,correction
0,1,2,0,wesad-S7-e0-correction-c2-B2,2,3,0,0,1,1,1,0.03689441503956914,wesad,46.09177191206254,wesad-S7-e0,0,evidence_sufficiency,7.145837776828557,0,0,0,1385,1396.0,B2,513,0,0,3,0,2,0,0.006677245022729039,test,S7,2,0,5,1,1,3,correction
0,1,2,0,wesad-S7-e0-correction-c2-B3,2,3,0,0,1,1,1,0.009233103832229972,wesad,50.88440528907813,wesad-S7-e0,0,evidence_sufficiency,7.08108696504496,0,0,0,1385,1396.0,B3,505,0,0,3,0,2,0,0.0017313151620328426,test,S7,2,0,5,1,1,3,correction
0,1,2,0,wesad-S7-e0-correction-c2-M1,2,3,0,0,1,1,1,0.041165007976815104,wesad,47.32090638088994,wesad-S7-e0,0,evidence_sufficiency,7.758705880958587,0,0,0,1385,1396.0,M1,526,0,1,3,0,2,0,0.0063510921318084,test,S7,2,0,5,1,1,3,correction
0,0,1,1,wesad-S7-e0-delayed-c0-B0,0,3,1,0,0,0,0,0.009079104056581855,wesad,18.470329934963956,wesad-S7-e0,0,evidence_sufficiency,7.154563190881163,0,0,0,1255,1306.0,B0,511,0,0,3,0,2,0,0.0014656900893896818,test,S7,1,0,0,1,1,2,delayed
0,0,1,0,wesad-S7-e0-delayed-c0-B1,0,2,0,0,0,0,0,0.010543574811890721,wesad,25.65745243197307,wesad-S7-e0,0,evidence_sufficiency,14.332020215224475,0,0,0,3047,1306.0,B1,1025,0,1,2,1,2,0,0.0014858401846140623,test,S7,1,0,0,1,1,2,delayed
0,0,1,0,wesad-S7-e0-delayed-c0-B2,0,2,0,0,0,0,0,0.07606657803989947,wesad,25.652627310017124,wesad-S7-e0,0,evidence_sufficiency,14.324761903146282,0,0,0,3047,1306.0,B2,1025,0,1,2,1,2,0,0.05810948391444981,test,S7,1,0,0,1,1,2,delayed
0,0,1,0,wesad-S7-e0-delayed-c0-B3,0,2,0,0,0,0,0,0.012049883836880326,wesad,32.61964813899249,wesad-S7-e0,0,evidence_sufficiency,14.375390710076317,0,0,0,3047,1306.0,B3,1025,0,1,2,1,2,0,0.0014975201338529587,test,S7,1,0,0,1,1,2,delayed
0,0,1,0,wesad-S7-e0-delayed-c0-M1,0,2,0,0,0,0,0,0.0762542940210551,wesad,30.884649007814005,wesad-S7-e0,0,evidence_sufficiency,14.431084962096065,0,0,0,3047,1306.0,M1,1025,0,1,2,1,2,0,0.009294249815866351,test,S7,1,0,0,1,1,2,delayed
0,0,1,1,wesad-S7-e0-delayed-c1-B0,1,3,1,0,0,0,0,0.002023017965257168,wesad,38.01408090302721,wesad-S7-e0,0,evidence_sufficiency,7.139234233880416,0,0,1,1255,1336.0,B0,511,0,0,3,0,2,0,0.0019606498535722494,test,S7,1,0,2,1,1,2,delayed
0,0,1,0,wesad-S7-e0-delayed-c1-B1,1,2,0,0,0,0,0,0.004042738117277622,wesad,47.3855629588943,wesad-S7-e0,0,evidence_sufficiency,14.326061187079176,0,0,0,3047,1336.0,B1,1025,0,1,2,1,2,0,0.0016937048640102148,test,S7,1,0,2,1,1,2,delayed
0,0,1,0,wesad-S7-e0-delayed-c1-B2,1,2,0,0,0,0,0,0.01365230092778802,wesad,47.913415055023506,wesad-S7-e0,0,evidence_sufficiency,14.372752255061641,0,0,0,3047,1336.0,B2,1025,0,1,2,1,2,0,0.006717513082548976,test,S7,1,0,2,1,1,2,delayed
0,0,1,0,wesad-S7-e0-delayed-c1-B3,1,2,0,0,0,0,0,0.003760184161365032,wesad,52.34360546898097,wesad-S7-e0,0,evidence_sufficiency,14.367970800725743,0,0,0,3047,1336.0,B3,1025,0,1,2,1,2,0,0.0015731868334114552,test,S7,1,0,2,1,1,2,delayed
0,0,1,0,wesad-S7-e0-delayed-c1-M1,1,2,0,0,0,0,0,0.012010434875264764,wesad,49.408740386832505,wesad-S7-e0,0,evidence_sufficiency,13.699821766931564,0,0,0,3024,1336.0,M1,974,0,1,2,1,2,0,0.005760562140494585,test,S7,1,0,2,1,1,2,delayed
0,1,2,0,wesad-S7-e0-delayed-c2-B0,2,3,0,0,0,0,0,0.004109077155590057,wesad,45.2789602719713,wesad-S7-e0,0,evidence_sufficiency,6.909676779061556,0,0,2,1366,1396.0,B0,496,0,0,3,0,2,0,0.0023872011806815863,test,S7,2,0,4,1,1,3,delayed
0,1,2,0,wesad-S7-e0-delayed-c2-B1,2,3,0,0,0,0,0,0.00665407394990325,wesad,47.41239447006956,wesad-S7-e0,0,evidence_sufficiency,6.867590137990192,0,0,0,1366,1396.0,B1,496,0,0,3,0,2,0,0.0023594119120389223,test,S7,2,0,4,1,1,3,delayed
0,1,2,0,wesad-S7-e0-delayed-c2-B2,2,3,0,0,0,0,0,0.02114903787150979,wesad,48.230312186991796,wesad-S7-e0,0,evidence_sufficiency,6.8940777878742665,0,0,0,1366,1396.0,B2,496,0,0,3,0,2,0,0.007282710867002606,test,S7,2,0,4,1,1,3,delayed
0,1,2,0,wesad-S7-e0-delayed-c2-B3,2,3,0,0,0,0,0,0.0045375770423561335,wesad,52.118071131175384,wesad-S7-e0,0,evidence_sufficiency,6.895597736118361,0,0,0,1366,1396.0,B3,496,0,0,3,0,2,0,0.001590687083080411,test,S7,2,0,4,1,1,3,delayed
0,1,2,0,wesad-S7-e0-delayed-c2-M1,2,3,0,0,0,0,0,0.017466994002461433,wesad,49.36077942396514,wesad-S7-e0,0,evidence_sufficiency,6.893870951142162,0,0,0,1366,1396.0,M1,496,0,0,3,0,2,0,0.005869480082765222,test,S7,2,0,4,1,1,3,delayed
0,1,2,1,wesad-S7-e1-channel_fault-c0-B0,0,3,2,0,0,0,0,0.00984784890897572,wesad,8.666314357193187,wesad-S7-e1,0,current_evidence,8.651354232104495,0,0,0,1364,3926.0,B0,558,0,0,4,0,2,0,0.0014869701117277145,test,S7,1,0,0,0,1,1,channel_fault
0,1,2,0,wesad-S7-e1-channel_fault-c0-B1,0,1,0,0,0,0,0,0.011001415085047483,wesad,16.503040155861527,wesad-S7-e1,0,current_evidence,16.485014114063233,0,0,0,3317,3926.0,B1,1116,0,1,1,1,2,0,0.0014913799241185188,test,S7,1,0,0,0,1,1,channel_fault
0,1,2,0,wesad-S7-e1-channel_fault-c0-B2,0,1,0,0,0,0,0,0.18731164699420333,wesad,16.49230916495435,wesad-S7-e1,0,current_evidence,16.28608246264048,0,0,0,3317,3926.0,B2,1116,0,1,1,1,2,0,0.012551694177091122,test,S7,1,0,0,0,1,1,channel_fault
0,1,2,0,wesad-S7-e1-channel_fault-c0-B3,0,1,0,0,0,0,0,0.01602908316999674,wesad,24.05254821688868,wesad-S7-e1,0,current_evidence,15.701777399051934,0,0,0,3317,3926.0,B3,1116,0,1,1,1,2,0,0.0014877698849886656,test,S7,1,0,0,0,1,1,channel_fault
0,1,2,0,wesad-S7-e1-channel_fault-c0-M1,0,1,0,0,0,0,0,0.07479791296645999,wesad,16.386187261203304,wesad-S7-e1,0,current_evidence,16.29501202190295,0,0,0,3317,3926.0,M1,1116,0,1,1,1,2,0,0.009170023025944829,test,S7,1,0,0,0,1,1,channel_fault
0,1,2,1,wesad-S7-e1-channel_fault-c1-B0,1,3,2,0,0,0,0,0.005897589959204197,wesad,35.21726300287992,wesad-S7-e1,0,current_evidence,8.19961979216896,0,0,2,1445,3956.0,B0,589,0,0,4,0,2,0,0.0016529860440641642,test,S7,1,0,1,0,1,1,channel_fault
0,1,2,0,wesad-S7-e1-channel_fault-c1-B1,1,1,0,0,0,0,0,0.023918550927191973,wesad,44.586448315065354,wesad-S7-e1,0,current_evidence,15.757953432854265,0,0,0,3487,3956.0,B1,1126,0,1,1,1,2,0,0.00158363813534379,test,S7,1,0,1,0,1,1,channel_fault
0,1,2,0,wesad-S7-e1-channel_fault-c1-B2,1,1,0,0,0,0,0,0.27629805100150406,wesad,44.565231177955866,wesad-S7-e1,0,current_evidence,15.759293924784288,0,0,0,3487,3956.0,B2,1126,0,1,1,1,2,0,0.011864356929436326,test,S7,1,0,1,0,1,1,channel_fault
0,1,2,0,wesad-S7-e1-channel_fault-c1-B3,1,1,0,0,0,0,0,0.023658477002754807,wesad,50.58396821981296,wesad-S7-e1,0,current_evidence,15.855220627039671,0,0,0,3487,3956.0,B3,1126,0,1,1,1,2,0,0.001585987163707614,test,S7,1,0,1,0,1,1,channel_fault
0,1,2,0,wesad-S7-e1-channel_fault-c1-M1,1,1,0,0,0,0,0,0.18027110095135868,wesad,45.12883304501884,wesad-S7-e1,0,current_evidence,16.084221003809944,0,0,0,3487,3956.0,M1,1126,0,1,1,1,2,0,0.009687722194939852,test,S7,1,0,1,0,1,1,channel_fault
0,1,2,1,wesad-S7-e1-channel_fault-c2-B0,2,3,2,0,0,0,0,0.013491915073245764,wesad,36.07758828508668,wesad-S7-e1,0,current_evidence,8.289481427986175,0,0,4,1444,4016.0,B0,595,0,0,4,0,2,0,0.0017222550231963396,test,S7,1,0,2,0,1,1,channel_fault
0,1,2,0,wesad-S7-e1-channel_fault-c2-B1,2,1,0,0,0,0,0,0.017077850876376033,wesad,44.96657821792178,wesad-S7-e1,0,current_evidence,16.768302652984858,0,0,0,3519,4016.0,B1,1194,0,1,1,1,2,0,0.0016524470411241055,test,S7,1,0,2,0,1,1,channel_fault
0,1,2,0,wesad-S7-e1-channel_fault-c2-B2,2,1,0,0,0,0,0,0.16192035609856248,wesad,44.52950975787826,wesad-S7-e1,0,current_evidence,15.783259426010773,0,0,0,3485,4016.0,B2,1126,0,1,1,1,2,0,0.009873597882688046,test,S7,1,0,2,0,1,1,channel_fault
0,1,2,0,wesad-S7-e1-channel_fault-c2-B3,2,1,0,0,0,0,0,0.022004200145602226,wesad,51.6218639689032,wesad-S7-e1,0,current_evidence,15.931129647884518,0,0,0,3485,4016.0,B3,1126,0,1,1,1,2,0,0.0016586671117693186,test,S7,1,0,2,0,1,1,channel_fault
0,1,2,0,wesad-S7-e1-channel_fault-c2-M1,2,1,0,0,0,0,0,0.17471889406442642,wesad,46.02035774011165,wesad-S7-e1,0,current_evidence,16.168423034949228,0,0,0,3485,4016.0,M1,1126,0,1,1,1,2,0,0.009886577958241105,test,S7,1,0,2,0,1,1,channel_fault
0,1,2,1,wesad-S7-e1-clean-c0-B0,0,3,2,0,0,0,0,0.009103865129873157,wesad,23.246307256165892,wesad-S7-e1,0,current_evidence,7.870108401868492,0,0,0,1364,3926.0,B0,558,0,0,4,0,2,0,0.0015052689705044031,test,S7,1,0,0,0,1,1,clean
0,1,2,0,wesad-S7-e1-clean-c0-B1,0,1,0,0,0,0,0,0.011444457108154893,wesad,31.095863215858117,wesad-S7-e1,0,current_evidence,15.724427734967321,0,0,0,3317,3926.0,B1,1116,0,1,1,1,2,0,0.00153455906547606,test,S7,1,0,0,0,1,1,clean
0,1,2,0,wesad-S7-e1-clean-c0-B2,0,1,0,0,0,0,0,0.07299485616385937,wesad,31.09235844691284,wesad-S7-e1,0,current_evidence,15.717179012019187,0,0,0,3317,3926.0,B2,1116,0,1,1,1,2,0,0.009080796036869287,test,S7,1,0,0,0,1,1,clean
0,1,2,0,wesad-S7-e1-clean-c0-B3,0,1,0,0,0,0,0,0.015027083922177553,wesad,38.79849644191563,wesad-S7-e1,0,current_evidence,15.738610536092892,0,0,0,3317,3926.0,B3,1116,0,1,1,1,2,0,0.0015137898735702038,test,S7,1,0,0,0,1,1,clean
0,1,2,0,wesad-S7-e1-clean-c0-M1,0,1,0,0,0,0,0,0.07685112697072327,wesad,38.36023232201114,wesad-S7-e1,0,current_evidence,15.829398999921978,0,0,0,3317,3926.0,M1,1116,0,1,1,1,2,0,0.009088606107980013,test,S7,1,0,0,0,1,1,clean
0,1,2,1,wesad-S7-e1-clean-c1-B0,1,3,2,0,0,0,0,0.005998298060148954,wesad,58.39091459312476,wesad-S7-e1,0,current_evidence,7.837032894138247,0,0,2,1383,3956.0,B0,558,0,0,4,0,2,0,0.0040632078889757395,test,S7,1,0,1,0,1,1,clean
0,1,2,0,wesad-S7-e1-clean-c1-B1,1,1,0,0,0,0,0,0.0152439100202173,wesad,67.14945912291296,wesad-S7-e1,0,current_evidence,15.70249086106196,0,0,0,3355,3956.0,B1,1116,0,1,1,1,2,0,0.0028925109654664993,test,S7,1,0,1,0,1,1,clean
0,1,2,0,wesad-S7-e1-clean-c1-B2,1,1,0,0,0,0,0,0.0447333010379225,wesad,68.95770127186552,wesad-S7-e1,0,current_evidence,15.748472735285759,0,0,0,3355,3956.0,B2,1116,0,1,1,1,2,0,0.009264891035854816,test,S7,1,0,1,0,1,1,clean
0,1,2,0,wesad-S7-e1-clean-c1-B3,1,1,0,0,0,0,0,0.008953057928010821,wesad,74.0371359270066,wesad-S7-e1,0,current_evidence,15.781869547907263,0,0,0,3355,3956.0,B3,1116,0,1,1,1,2,0,0.0015296491328626871,test,S7,1,0,1,0,1,1,clean
0,1,2,0,wesad-S7-e1-clean-c1-M1,1,1,0,0,0,0,0,0.045978215988725424,wesad,73.37605308694765,wesad-S7-e1,0,current_evidence,15.84497474390082,0,0,0,3355,3956.0,M1,1116,0,1,1,1,2,0,0.009294671006500721,test,S7,1,0,1,0,1,1,clean
0,1,2,1,wesad-S7-e1-clean-c2-B0,2,3,2,0,0,0,0,0.006903319852426648,wesad,51.36964135314338,wesad-S7-e1,0,current_evidence,7.792649426031858,0,0,4,1383,4016.0,B0,558,0,0,4,0,2,0,0.004683585138991475,test,S7,1,0,2,0,1,1,clean
0,1,2,0,wesad-S7-e1-clean-c2-B1,2,1,0,0,0,0,0,0.018073403043672442,wesad,60.46990585606545,wesad-S7-e1,0,current_evidence,15.603100361069664,0,0,0,3355,4016.0,B1,1116,0,1,1,1,2,0,0.004579767119139433,test,S7,1,0,2,0,1,1,clean
0,1,2,0,wesad-S7-e1-clean-c2-B2,2,1,0,0,0,0,0,0.06081908312626183,wesad,63.82886795885861,wesad-S7-e1,0,current_evidence,15.706829621922225,0,0,0,3355,4016.0,B2,1116,0,1,1,1,2,0,0.009029786800965667,test,S7,1,0,2,0,1,1,clean
0,1,2,0,wesad-S7-e1-clean-c2-B3,2,1,0,0,0,0,0,0.010818559909239411,wesad,66.96430905605666,wesad-S7-e1,0,current_evidence,15.756508752238005,0,0,0,3355,4016.0,B3,1116,0,1,1,1,2,0,0.0016073270235210657,test,S7,1,0,2,0,1,1,clean
0,1,2,0,wesad-S7-e1-clean-c2-M1,2,1,0,0,0,0,0,0.05434614489786327,wesad,65.39291853317991,wesad-S7-e1,0,current_evidence,15.752426556078717,0,0,0,3355,4016.0,M1,1116,0,1,1,1,2,0,0.008974416879937053,test,S7,1,0,2,0,1,1,clean
0,1,2,1,wesad-S7-e1-correction-c0-B0,0,3,2,0,0,0,0,0.008898538071662188,wesad,25.919691625982523,wesad-S7-e1,0,current_evidence,7.916131105041131,0,0,0,1364,3926.0,B0,558,0,0,4,0,2,0,0.0015102289617061615,test,S7,1,0,0,0,1,1,correction
0,1,2,0,wesad-S7-e1-correction-c0-B1,0,1,0,0,0,0,0,0.011518305167555809,wesad,33.786760062910616,wesad-S7-e1,0,current_evidence,15.787671671016142,0,0,0,3317,3926.0,B1,1116,0,1,1,1,2,0,0.0015046889893710613,test,S7,1,0,0,0,1,1,correction
0,1,2,0,wesad-S7-e1-correction-c0-B2,0,1,0,0,0,0,0,0.03844616492278874,wesad,33.78681412199512,wesad-S7-e1,0,current_evidence,15.792572440113872,0,0,0,3317,3926.0,B2,1116,0,1,1,1,2,0,0.005418209126219153,test,S7,1,0,0,0,1,1,correction
0,1,2,0,wesad-S7-e1-correction-c0-B3,0,1,0,0,0,0,0,0.010997905163094401,wesad,42.74906207900494,wesad-S7-e1,0,current_evidence,16.019829128868878,0,0,0,3317,3926.0,B3,1116,0,1,1,1,2,0,0.0014975001104176044,test,S7,1,0,0,0,1,1,correction
0,1,2,0,wesad-S7-e1-correction-c0-M1,0,1,0,0,0,0,0,0.04518279689364135,wesad,41.638212848920375,wesad-S7-e1,0,current_evidence,15.776018057949841,0,0,0,3317,3926.0,M1,1116,0,1,1,1,2,0,0.0055218779016286135,test,S7,1,0,0,0,1,1,correction
0,1,2,1,wesad-S7-e1-correction-c1-B0,1,3,2,0,0,0,1,0.005925449077039957,wesad,48.432660442078486,wesad-S7-e1,0,current_evidence,7.83760773902759,0,0,2,1383,3956.0,B0,556,0,0,4,0,2,1,0.0039933479856699705,test,S7,1,0,0,0,1,1,correction
0,1,2,0,wesad-S7-e1-correction-c1-B1,1,1,0,0,1,1,1,0.01616932009346783,wesad,56.71038253093138,wesad-S7-e1,0,current_evidence,15.61736817820929,0,0,0,3349,3956.0,B1,1112,0,1,1,1,2,0,0.0038948298897594213,test,S7,1,0,0,0,1,1,correction
0,1,2,0,wesad-S7-e1-correction-c1-B2,1,1,0,0,1,1,1,0.047762994188815355,wesad,58.57410689513199,wesad-S7-e1,0,current_evidence,15.699654346797615,0,0,0,3349,3956.0,B2,1112,0,1,1,1,2,0,0.009303650120273232,test,S7,1,0,0,0,1,1,correction
0,1,2,0,wesad-S7-e1-correction-c1-B3,1,1,0,0,1,1,1,0.008740350836887956,wesad,65.69272275897674,wesad-S7-e1,0,current_evidence,16.0418165193405,0,0,0,3349,3956.0,B3,1112,0,1,1,1,2,0,0.0015849678311496973,test,S7,1,0,0,0,1,1,correction
0,1,2,0,wesad-S7-e1-correction-c1-M1,1,1,0,0,1,1,1,0.04444995219819248,wesad,64.06142325792462,wesad-S7-e1,0,current_evidence,15.710053495131433,0,0,0,3349,3956.0,M1,1112,0,1,1,1,2,0,0.009309920016676188,test,S7,1,0,0,0,1,1,correction
0,1,2,1,wesad-S7-e1-correction-c2-B0,2,3,2,0,0,0,1,0.005950829014182091,wesad,48.47626176197082,wesad-S7-e1,0,current_evidence,7.890641195001081,0,0,4,1383,4016.0,B0,558,0,0,4,0,2,1,0.004187943879514933,test,S7,1,0,1,0,1,1,correction
0,1,2,0,wesad-S7-e1-correction-c2-B1,2,1,0,0,1,1,1,0.017462624004110694,wesad,58.25341720483266,wesad-S7-e1,0,current_evidence,15.742556722136214,0,0,0,3355,4016.0,B1,1116,0,1,1,1,2,0,0.004091446055099368,test,S7,1,0,1,0,1,1,correction
0,1,2,0,wesad-S7-e1-correction-c2-B2,2,1,0,0,1,1,1,0.05675555090419948,wesad,58.875141706783324,wesad-S7-e1,0,current_evidence,15.804829699918628,0,0,0,3355,4016.0,B2,1116,0,1,1,1,2,0,0.009931347100064158,test,S7,1,0,1,0,1,1,correction
0,1,2,0,wesad-S7-e1-correction-c2-B3,2,1,0,0,1,1,1,0.015019302954897285,wesad,65.42867323197424,wesad-S7-e1,0,current_evidence,15.849185874219984,0,0,0,3355,4016.0,B3,1116,0,1,1,1,2,0,0.0016535869799554348,test,S7,1,0,1,0,1,1,correction
0,1,2,0,wesad-S7-e1-correction-c2-M1,2,1,0,0,1,1,1,0.05250560701824725,wesad,64.26939777098596,wesad-S7-e1,0,current_evidence,15.885742707177997,0,0,0,3355,4016.0,M1,1116,0,1,1,1,2,0,0.009547225199639797,test,S7,1,0,1,0,1,1,correction
0,0,0,1,wesad-S7-e1-delayed-c0-B0,0,3,3,0,0,0,0,0.013550193049013615,wesad,8.222768687875941,wesad-S7-e1,0,current_evidence,8.203981420956552,0,0,0,1262,3926.0,B0,535,0,0,4,0,2,0,0.001506539061665535,test,S7,0,0,0,0,0,0,delayed
1,0,0,0,wesad-S7-e1-delayed-c0-B1,0,0,0,0,0,0,0,0.010595493949949741,wesad,15.757841764949262,wesad-S7-e1,0,current_evidence,15.741507947910577,0,0,0,3102,3926.0,B1,1070,0,0,0,1,2,0,0.0014846289996057749,test,S7,0,0,0,0,0,0,delayed
1,0,0,0,wesad-S7-e1-delayed-c0-B2,0,0,0,0,0,0,0,0.06220408086664975,wesad,15.724867567885667,wesad-S7-e1,0,current_evidence,15.649043994024396,0,0,0,3102,3926.0,B2,1070,0,0,0,1,2,0,0.007805019849911332,test,S7,0,0,0,0,0,0,delayed
1,0,0,0,wesad-S7-e1-delayed-c0-B3,0,0,0,0,0,0,0,0.010574363870546222,wesad,23.131253689993173,wesad-S7-e1,0,current_evidence,15.076112032867968,0,0,0,3102,3926.0,B3,1070,0,0,0,1,2,0,0.001479610102251172,test,S7,0,0,0,0,0,0,delayed
1,0,0,0,wesad-S7-e1-delayed-c0-M1,0,0,0,0,0,0,0,0.05814859410747886,wesad,15.663775844033808,wesad-S7-e1,0,current_evidence,15.593126964988187,0,0,0,3102,3926.0,M1,1070,0,0,0,1,2,0,0.00804078602232039,test,S7,0,0,0,0,0,0,delayed
0,0,0,1,wesad-S7-e1-delayed-c1-B0,1,3,3,0,0,0,0,0.004959938814863563,wesad,41.83146470109932,wesad-S7-e1,0,current_evidence,7.440439376980066,0,0,3,1262,3956.0,B0,535,0,0,4,0,2,0,0.003950609127059579,test,S7,0,0,0,0,0,0,delayed
1,0,0,0,wesad-S7-e1-delayed-c1-B1,1,0,0,0,0,0,0,0.008923757821321487,wesad,49.36788045614958,wesad-S7-e1,0,current_evidence,14.961171232163906,0,0,0,3102,3956.0,B1,1070,0,0,0,1,2,0,0.003806652035564184,test,S7,0,0,0,0,0,0,delayed
1,0,0,0,wesad-S7-e1-delayed-c1-B2,1,0,0,0,0,0,0,0.02963125496171415,wesad,50.050035373074934,wesad-S7-e1,0,current_evidence,14.99001086782664,0,0,0,3102,3956.0,B2,1070,0,0,0,1,2,0,0.011643812991678715,test,S7,0,0,0,0,0,0,delayed
1,0,0,0,wesad-S7-e1-delayed-c1-B3,1,0,0,0,0,0,0,0.006030457094311714,wesad,56.82093710382469,wesad-S7-e1,0,current_evidence,15.077636714791879,0,0,0,3102,3956.0,B3,1070,0,0,0,1,2,0,0.0018160329200327396,test,S7,0,0,0,0,0,0,delayed
1,0,0,0,wesad-S7-e1-delayed-c1-M1,1,0,0,0,0,0,0,0.01992354285903275,wesad,53.18924557394348,wesad-S7-e1,0,current_evidence,15.237359811086208,0,0,0,3102,3956.0,M1,1070,0,0,0,1,2,0,0.009394638938829303,test,S7,0,0,0,0,0,0,delayed
0,1,2,1,wesad-S7-e1-delayed-c2-B0,2,3,2,0,0,0,0,0.006634195102378726,wesad,38.924801284912974,wesad-S7-e1,0,current_evidence,7.875539136119187,0,0,6,1364,4016.0,B0,558,0,0,4,0,2,0,0.004143774975091219,test,S7,1,0,0,0,1,1,delayed
0,1,2,0,wesad-S7-e1-delayed-c2-B1,2,1,0,0,0,0,0,0.010076903970912099,wesad,48.67027536802925,wesad-S7-e1,0,current_evidence,15.673931597033516,0,0,0,3317,4016.0,B1,1116,0,1,1,1,2,0,0.003903880948200822,test,S7,1,0,0,0,1,1,delayed
0,1,2,0,wesad-S7-e1-delayed-c2-B2,2,1,0,0,0,0,0,0.03540353802964091,wesad,50.101546227000654,wesad-S7-e1,0,current_evidence,15.712003491120413,0,0,0,3317,4016.0,B2,1116,0,1,1,1,2,0,0.008953926851972938,test,S7,1,0,0,0,1,1,delayed
0,1,2,0,wesad-S7-e1-delayed-c2-B3,2,1,0,0,0,0,0,0.0045582568272948265,wesad,54.53123547998257,wesad-S7-e1,0,current_evidence,15.7063244569581,0,0,0,3317,4016.0,B3,1116,0,1,1,1,2,0,0.0015516187995672226,test,S7,1,0,0,0,1,1,delayed
0,1,2,0,wesad-S7-e1-delayed-c2-M1,2,1,0,0,0,0,0,0.023947712033987045,wesad,54.00073731690645,wesad-S7-e1,0,current_evidence,15.853655690094456,0,0,0,3317,4016.0,M1,1116,0,1,1,1,2,0,0.010144422994926572,test,S7,1,0,0,0,1,1,delayed
0,1,2,1,wesad-S8-e0-channel_fault-c0-B0,0,3,2,0,0,0,0,0.015558054903522134,wesad,8.332256632158533,wesad-S8-e0,0,current_evidence,8.311005972092971,0,0,0,1365,1366.0,B0,547,0,0,4,0,2,0,0.0014885100536048412,test,S8,1,0,0,0,1,1,channel_fault
0,1,2,0,wesad-S8-e0-channel_fault-c0-B1,0,1,0,0,0,0,0,0.011208594078198075,wesad,16.093907232163474,wesad-S8-e0,0,current_evidence,16.074876505881548,0,0,0,3304,1366.0,B1,1094,0,1,1,1,2,0,0.0015067390631884336,test,S8,1,0,0,0,1,1,channel_fault
0,1,2,0,wesad-S8-e0-channel_fault-c0-B2,0,1,0,0,0,0,0,0.06678497791290283,wesad,16.061336821177974,wesad-S8-e0,0,current_evidence,15.980512415990233,0,0,0,3304,1366.0,B2,1094,0,1,1,1,2,0,0.008567207027226686,test,S8,1,0,0,0,1,1,channel_fault
0,1,2,0,wesad-S8-e0-channel_fault-c0-B3,0,1,0,0,0,0,0,0.011212043929845095,wesad,23.61716320598498,wesad-S8-e0,0,current_evidence,15.46345002995804,0,0,0,3304,1366.0,B3,1094,0,1,1,1,2,0,0.0014957492239773273,test,S8,1,0,0,0,1,1,channel_fault
0,1,2,0,wesad-S8-e0-channel_fault-c0-M1,0,1,0,0,0,0,0,0.061391097959131,wesad,15.96505784895271,wesad-S8-e0,0,current_evidence,15.888491458026692,0,0,0,3304,1366.0,M1,1094,0,1,1,1,2,0,0.008596105966717005,test,S8,1,0,0,0,1,1,channel_fault
0,1,2,1,wesad-S8-e0-channel_fault-c1-B0,1,3,2,0,0,0,1,0.0053757110144943,wesad,44.61368099786341,wesad-S8-e0,0,current_evidence,7.915265930816531,0,0,2,1445,1396.0,B0,564,0,0,4,0,2,1,0.0016333770472556353,test,S8,1,0,0,0,1,1,channel_fault
0,1,2,0,wesad-S8-e0-channel_fault-c1-B1,1,1,0,0,1,1,1,0.023951485054567456,wesad,55.52839767606929,wesad-S8-e0,0,current_evidence,15.83540389384143,0,0,0,3484,1396.0,B1,1128,0,1,1,1,2,0,0.0016495869494974613,test,S8,1,0,0,0,1,1,channel_fault
0,1,2,0,wesad-S8-e0-channel_fault-c1-B2,1,1,0,0,1,1,1,0.09178784303367138,wesad,55.50728599401191,wesad-S8-e0,0,current_evidence,15.824076011776924,0,0,0,3484,1396.0,B2,1128,0,1,1,1,2,0,0.005744762951508164,test,S8,1,0,0,0,1,1,channel_fault
0,1,2,0,wesad-S8-e0-channel_fault-c1-B3,1,1,0,0,1,1,1,0.01802150602452457,wesad,60.26027278206311,wesad-S8-e0,0,current_evidence,15.869756818050519,0,0,0,3484,1396.0,B3,1128,0,1,1,1,2,0,0.0016268070321530104,test,S8,1,0,0,0,1,1,channel_fault
0,1,2,0,wesad-S8-e0-channel_fault-c1-M1,1,1,0,0,1,1,1,0.09286267100833356,wesad,55.593668525107205,wesad-S8-e0,0,current_evidence,15.87215152895078,0,0,0,3484,1396.0,M1,1128,0,1,1,1,2,0,0.005765723064541817,test,S8,1,0,0,0,1,1,channel_fault
0,1,2,1,wesad-S8-e0-channel_fault-c2-B0,2,3,2,0,0,0,1,0.006272932980209589,wesad,47.742710501886904,wesad-S8-e0,0,current_evidence,7.697558345971629,0,0,4,1445,1456.0,B0,547,0,0,4,0,2,1,0.0017717541195452213,test,S8,1,0,1,0,1,1,channel_fault
0,1,2,0,wesad-S8-e0-channel_fault-c2-B1,2,1,0,0,1,1,1,0.01838831789791584,wesad,55.880595648195595,wesad-S8-e0,0,current_evidence,15.35819341079332,0,0,0,3464,1456.0,B1,1094,0,1,1,1,2,0,0.0017196449916809797,test,S8,1,0,1,0,1,1,channel_fault
0,1,2,0,wesad-S8-e0-channel_fault-c2-B2,2,1,0,0,1,1,1,0.125291233882308,wesad,57.78018127405085,wesad-S8-e0,0,current_evidence,15.37218347704038,0,0,0,3464,1456.0,B2,1094,0,1,1,1,2,0,0.006017909152433276,test,S8,1,0,1,0,1,1,channel_fault
0,1,2,0,wesad-S8-e0-channel_fault-c2-B3,2,1,0,0,1,1,1,0.026333326939493418,wesad,62.859026927966624,wesad-S8-e0,0,current_evidence,15.417379532940686,0,0,0,3464,1456.0,B3,1094,0,1,1,1,2,0,0.002375992015004158,test,S8,1,0,1,0,1,1,channel_fault
0,1,2,0,wesad-S8-e0-channel_fault-c2-M1,2,1,0,0,1,1,1,0.1385640751104802,wesad,58.53231441206299,wesad-S8-e0,0,current_evidence,15.445992304943502,0,0,0,3464,1456.0,M1,1094,0,1,1,1,2,0,0.007532218005508184,test,S8,1,0,1,0,1,1,channel_fault
0,1,2,1,wesad-S8-e0-clean-c0-B0,0,3,2,0,0,0,0,0.009021050063893199,wesad,39.56204070802778,wesad-S8-e0,0,current_evidence,7.722485614940524,0,0,0,1365,1366.0,B0,547,0,0,4,0,2,0,0.0014903401024639606,test,S8,1,0,0,0,1,1,clean
0,1,2,0,wesad-S8-e0-clean-c0-B1,0,1,0,0,0,0,0,0.019542320165783167,wesad,47.22809037892148,wesad-S8-e0,0,current_evidence,15.390337549848482,0,0,0,3304,1366.0,B1,1094,0,1,1,1,2,0,0.0014728209935128689,test,S8,1,0,0,0,1,1,clean
0,1,2,0,wesad-S8-e0-clean-c0-B2,0,1,0,0,0,0,0,0.05266187014058232,wesad,54.44277380593121,wesad-S8-e0,0,current_evidence,15.398122634738684,0,0,0,3304,1366.0,B2,1094,0,1,1,1,2,0,0.005278224125504494,test,S8,1,0,0,0,1,1,clean
0,1,2,0,wesad-S8-e0-clean-c0-B3,0,1,0,0,0,0,0,0.010925201931968331,wesad,54.987147375009954,wesad-S8-e0,0,current_evidence,15.463978501036763,0,0,0,3304,1366.0,B3,1094,0,1,1,1,2,0,0.0014954900834709406,test,S8,1,0,0,0,1,1,clean
0,1,2,0,wesad-S8-e0-clean-c0-M1,0,1,0,0,0,0,0,0.05073956795968115,wesad,54.88865297893062,wesad-S8-e0,0,current_evidence,15.409168865066022,0,0,0,3304,1366.0,M1,1094,0,1,1,1,2,0,0.005325373960658908,test,S8,1,0,0,0,1,1,clean
0,1,2,1,wesad-S8-e0-clean-c1-B0,1,3,2,0,0,0,0,0.006026239134371281,wesad,44.53449688409455,wesad-S8-e0,0,current_evidence,7.755643483018503,0,0,2,1384,1396.0,B0,547,0,0,4,0,2,0,0.00398248084820807,test,S8,1,0,1,0,1,1,clean
0,1,2,0,wesad-S8-e0-clean-c1-B1,1,1,0,0,0,0,0,0.015477011911571026,wesad,57.59714809805155,wesad-S8-e0,0,current_evidence,15.344898936105892,0,0,0,3342,1396.0,B1,1094,0,1,1,1,2,0,0.0027079361025243998,test,S8,1,0,1,0,1,1,clean
0,1,2,0,wesad-S8-e0-clean-c1-B2,1,1,0,0,0,0,0,0.03750745207071304,wesad,59.11997116403654,wesad-S8-e0,0,current_evidence,15.372340559959412,0,0,0,3342,1396.0,B2,1094,0,1,1,1,2,0,0.009072658838704228,test,S8,1,0,1,0,1,1,clean
0,1,2,0,wesad-S8-e0-clean-c1-B3,1,1,0,0,0,0,0,0.0070868979673832655,wesad,62.83948542014696,wesad-S8-e0,0,current_evidence,15.489464912097901,0,0,0,3342,1396.0,B3,1094,0,1,1,1,2,0,0.0015363101847469807,test,S8,1,0,1,0,1,1,clean
0,1,2,0,wesad-S8-e0-clean-c1-M1,1,1,0,0,0,0,0,0.028971241787075996,wesad,59.830306509975344,wesad-S8-e0,0,current_evidence,15.3649448659271,0,0,0,3342,1396.0,M1,1094,0,1,1,1,2,0,0.005393062951043248,test,S8,1,0,1,0,1,1,clean
0,1,2,1,wesad-S8-e0-clean-c2-B0,2,3,2,0,0,0,0,0.004029349889606237,wesad,53.971476200036705,wesad-S8-e0,0,current_evidence,7.711567712947726,0,0,4,1384,1456.0,B0,547,0,0,4,0,2,0,0.0016876959707587957,test,S8,1,0,2,0,1,1,clean
0,1,2,0,wesad-S8-e0-clean-c2-B1,2,1,0,0,0,0,0,0.00681674387305975,wesad,64.0999899879098,wesad-S8-e0,0,current_evidence,15.475044080987573,0,0,0,3350,1456.0,B1,1104,0,1,1,1,2,0,0.001583697972819209,test,S8,1,0,2,0,1,1,clean
0,1,2,0,wesad-S8-e0-clean-c2-B2,2,1,0,0,0,0,0,0.035282505908980966,wesad,65.634532189928,wesad-S8-e0,0,current_evidence,15.499194739153609,0,0,0,3350,1456.0,B2,1104,0,1,1,1,2,0,0.005962200928479433,test,S8,1,0,2,0,1,1,clean
0,1,2,0,wesad-S8-e0-clean-c2-B3,2,1,0,0,0,0,0,0.007503079948946834,wesad,69.36868310300633,wesad-S8-e0,0,current_evidence,15.504116120981053,0,0,0,3350,1456.0,B3,1104,0,1,1,1,2,0,0.0015861690044403076,test,S8,1,0,2,0,1,1,clean
0,1,2,0,wesad-S8-e0-clean-c2-M1,2,1,0,0,0,0,0,0.05113637004978955,wesad,66.64227044279687,wesad-S8-e0,0,current_evidence,15.520395505009219,0,0,0,3350,1456.0,M1,1104,0,1,1,1,2,0,0.008080217987298965,test,S8,1,0,2,0,1,1,clean
0,1,2,1,wesad-S8-e0-correction-c0-B0,0,3,2,0,0,0,0,0.009511017007753253,wesad,27.09906061505899,wesad-S8-e0,0,current_evidence,7.632306112907827,0,0,0,1365,1366.0,B0,547,0,0,4,0,2,0,0.0014951189514249563,test,S8,1,0,0,0,1,1,correction
0,1,2,0,wesad-S8-e0-correction-c0-B1,0,1,0,0,0,0,0,0.010404097847640514,wesad,38.94738800195046,wesad-S8-e0,0,current_evidence,15.279232955770567,0,0,0,3304,1366.0,B1,1094,0,1,1,1,2,0,0.0014856799971312284,test,S8,1,0,0,0,1,1,correction
0,1,2,0,wesad-S8-e0-correction-c0-B2,0,1,0,0,0,0,0,0.05315316701307893,wesad,39.1730149560608,wesad-S8-e0,0,current_evidence,15.314196533989161,0,0,0,3304,1366.0,B2,1094,0,1,1,1,2,0,0.005367290927097201,test,S8,1,0,0,0,1,1,correction
0,1,2,0,wesad-S8-e0-correction-c0-B3,0,1,0,0,0,0,0,0.01063561299815774,wesad,42.3154686819762,wesad-S8-e0,0,current_evidence,15.35686147492379,0,0,0,3304,1366.0,B3,1094,0,1,1,1,2,0,0.0015003900043666363,test,S8,1,0,0,0,1,1,correction
0,1,2,0,wesad-S8-e0-correction-c0-M1,0,1,0,0,0,0,0,0.05767531506717205,wesad,39.385531937005,wesad-S8-e0,0,current_evidence,15.564427146920934,0,0,0,3304,1366.0,M1,1094,0,1,1,1,2,0,0.00792635791003704,test,S8,1,0,0,0,1,1,correction
0,1,2,1,wesad-S8-e0-correction-c1-B0,1,3,2,0,0,0,1,0.00583695201203227,wesad,36.2382936689537,wesad-S8-e0,0,current_evidence,7.687826270936057,0,0,2,1384,1396.0,B0,552,0,0,4,0,2,1,0.003993568010628223,test,S8,1,0,0,0,1,1,correction
0,1,2,0,wesad-S8-e0-correction-c1-B1,1,1,0,0,1,1,1,0.016302538104355335,wesad,46.77161689498462,wesad-S8-e0,0,current_evidence,16.56141508789733,0,0,0,3387,1396.0,B1,1184,0,1,1,1,2,0,0.003946970216929913,test,S8,1,0,0,0,1,1,correction
0,1,2,0,wesad-S8-e0-correction-c1-B2,1,1,0,0,1,1,1,0.04420444997958839,wesad,48.598958839895204,wesad-S8-e0,0,current_evidence,16.575258345110342,0,0,0,3387,1396.0,B2,1184,0,1,1,1,2,0,0.009328390005975962,test,S8,1,0,0,0,1,1,correction
0,1,2,0,wesad-S8-e0-correction-c1-B3,1,1,0,0,1,1,1,0.01251848484389484,wesad,52.72276173392311,wesad-S8-e0,0,current_evidence,16.618688880000263,0,0,0,3387,1396.0,B3,1184,0,1,1,1,2,0,0.0015569580718874931,test,S8,1,0,0,0,1,1,correction
0,1,2,0,wesad-S8-e0-correction-c1-M1,1,1,0,0,1,1,1,0.04340322595089674,wesad,50.34849737002514,wesad-S8-e0,0,current_evidence,16.98616895498708,0,0,0,3387,1396.0,M1,1184,0,1,1,1,2,0,0.00817447411827743,test,S8,1,0,0,0,1,1,correction
0,1,2,1,wesad-S8-e0-correction-c2-B0,2,3,2,0,0,0,1,0.0031100669875741005,wesad,32.54392771818675,wesad-S8-e0,0,current_evidence,7.627546390052885,0,0,4,1384,1456.0,B0,547,0,0,4,0,2,1,0.0016786258202046156,test,S8,1,0,1,0,1,1,correction
0,1,2,0,wesad-S8-e0-correction-c2-B1,2,1,0,0,1,1,1,0.007726113079115748,wesad,41.37627278501168,wesad-S8-e0,0,current_evidence,15.426658902782947,0,0,0,3350,1456.0,B1,1104,0,1,1,1,2,0,0.0016252859495580196,test,S8,1,0,1,0,1,1,correction
0,1,2,0,wesad-S8-e0-correction-c2-B2,2,1,0,0,1,1,1,0.03402108605951071,wesad,43.19737908709794,wesad-S8-e0,0,current_evidence,15.389668378047645,0,0,0,3350,1456.0,B2,1104,0,1,1,1,2,0,0.006150244968011975,test,S8,1,0,1,0,1,1,correction
0,1,2,0,wesad-S8-e0-correction-c2-B3,2,1,0,0,1,1,1,0.008038945961743593,wesad,47.463395952945575,wesad-S8-e0,0,current_evidence,15.006595651153475,0,0,0,3350,1456.0,B3,1104,0,1,1,1,2,0,0.001630967017263174,test,S8,1,0,1,0,1,1,correction
0,1,2,0,wesad-S8-e0-correction-c2-M1,2,1,0,0,1,1,1,0.03562793484888971,wesad,44.65697635198012,wesad-S8-e0,0,current_evidence,15.335469640092924,0,0,0,3350,1456.0,M1,1104,0,1,1,1,2,0,0.005713312886655331,test,S8,1,0,1,0,1,1,correction
0,0,0,1,wesad-S8-e0-delayed-c0-B0,0,3,3,0,0,0,0,0.016686480026692152,wesad,43.64884118898772,wesad-S8-e0,0,current_evidence,7.73790016095154,0,0,0,1263,1366.0,B0,547,0,0,4,0,2,0,0.0014927100855857134,test,S8,0,0,0,0,0,0,delayed
1,0,0,0,wesad-S8-e0-delayed-c0-B1,0,0,0,0,0,0,0,0.010596573818475008,wesad,51.351254022913054,wesad-S8-e0,0,current_evidence,15.44841761002317,0,0,0,3116,1366.0,B1,1094,0,0,0,1,2,0,0.0014690300449728966,test,S8,0,0,0,0,0,0,delayed
1,0,0,0,wesad-S8-e0-delayed-c0-B2,0,0,0,0,0,0,0,0.039119232911616564,wesad,58.960664201993495,wesad-S8-e0,0,current_evidence,15.458262969972566,0,0,0,3116,1366.0,B2,1094,0,0,0,1,2,0,0.005231824005022645,test,S8,0,0,0,0,0,0,delayed
1,0,0,0,wesad-S8-e0-delayed-c0-B3,0,0,0,0,0,0,0,0.010626564035192132,wesad,61.144215310923755,wesad-S8-e0,0,current_evidence,15.515072862617671,0,0,0,3116,1366.0,B3,1094,0,0,0,1,2,0,0.0015010589268058538,test,S8,0,0,0,0,0,0,delayed
1,0,0,0,wesad-S8-e0-delayed-c0-M1,0,0,0,0,0,0,0,0.036775171058252454,wesad,59.03192083002068,wesad-S8-e0,0,current_evidence,15.449055665871128,0,0,0,3116,1366.0,M1,1094,0,0,0,1,2,0,0.005208923015743494,test,S8,0,0,0,0,0,0,delayed
0,0,0,1,wesad-S8-e0-delayed-c1-B0,1,3,3,0,0,0,0,0.004604337038472295,wesad,48.402631080010906,wesad-S8-e0,0,current_evidence,7.7015869410242885,0,0,3,1263,1396.0,B0,547,0,0,4,0,2,0,0.0039465290028601885,test,S8,0,0,0,0,0,0,delayed
1,0,0,0,wesad-S8-e0-delayed-c1-B1,1,0,0,0,0,0,0,0.00880932086147368,wesad,58.39557422394864,wesad-S8-e0,0,current_evidence,15.332026989897713,0,0,0,3116,1396.0,B1,1094,0,0,0,1,2,0,0.003793352982029319,test,S8,0,0,0,0,0,0,delayed
1,0,0,0,wesad-S8-e0-delayed-c1-B2,1,0,0,0,0,0,0,0.02021897817030549,wesad,63.64634763984941,wesad-S8-e0,0,current_evidence,15.353337227134034,0,0,0,3116,1396.0,B2,1094,0,0,0,1,2,0,0.00955263595096767,test,S8,0,0,0,0,0,0,delayed
1,0,0,0,wesad-S8-e0-delayed-c1-B3,1,0,0,0,0,0,0,0.004435720155015588,wesad,64.0897074479144,wesad-S8-e0,0,current_evidence,15.465725877787918,0,0,0,3116,1396.0,B3,1094,0,0,0,1,2,0,0.0015030389185994864,test,S8,0,0,0,0,0,0,delayed
1,0,0,0,wesad-S8-e0-delayed-c1-M1,1,0,0,0,0,0,0,0.019613241078332067,wesad,63.7001315751113,wesad-S8-e0,0,current_evidence,15.341887570219114,0,0,0,3116,1396.0,M1,1094,0,0,0,1,2,0,0.009545695036649704,test,S8,0,0,0,0,0,0,delayed
0,1,2,1,wesad-S8-e0-delayed-c2-B0,2,3,2,0,0,0,0,0.0060014978516846895,wesad,64.58659330592491,wesad-S8-e0,0,current_evidence,7.7408274919725955,0,0,6,1365,1456.0,B0,547,0,0,4,0,2,0,0.004103225888684392,test,S8,1,0,0,0,1,1,delayed
0,1,2,0,wesad-S8-e0-delayed-c2-B1,2,1,0,0,0,0,0,0.010969226015731692,wesad,74.94911045092158,wesad-S8-e0,0,current_evidence,15.352386505808681,0,0,0,3304,1456.0,B1,1094,0,1,1,1,2,0,0.003879411146044731,test,S8,1,0,0,0,1,1,delayed
0,1,2,0,wesad-S8-e0-delayed-c2-B2,2,1,0,0,0,0,0,0.02536099310964346,wesad,79.94711889699101,wesad-S8-e0,0,current_evidence,15.377788488054648,0,0,0,3304,1456.0,B2,1094,0,1,1,1,2,0,0.009049686137586832,test,S8,1,0,0,0,1,1,delayed
0,1,2,0,wesad-S8-e0-delayed-c2-B3,2,1,0,0,0,0,0,0.004339972045272589,wesad,81.61566964583471,wesad-S8-e0,0,current_evidence,15.395383159862831,0,0,0,3304,1456.0,B3,1094,0,1,1,1,2,0,0.0015188888646662235,test,S8,1,0,0,0,1,1,delayed
0,1,2,0,wesad-S8-e0-delayed-c2-M1,2,1,0,0,0,0,0,0.022794235963374376,wesad,81.47827023500577,wesad-S8-e0,0,current_evidence,15.388267854927108,0,0,0,3304,1456.0,M1,1094,0,1,1,1,2,0,0.007813419913873076,test,S8,1,0,0,0,1,1,delayed
0,1,2,0,wesad-S8-e1-channel_fault-c0-B0,0,3,0,0,0,0,0,0.008819312090054154,wesad,42.569140407955274,wesad-S8-e1,0,revision_impact,7.401317361975089,0,0,0,1375,4096.0,B0,529,0,1,3,0,2,0,0.0015049888752400875,test,S8,2,0,0,1,1,3,channel_fault
0,1,2,0,wesad-S8-e1-channel_fault-c0-B1,0,3,0,0,0,0,0,0.010666304966434836,wesad,43.75069574103691,wesad-S8-e1,0,revision_impact,7.3609568369574845,0,0,0,1375,4096.0,B1,529,0,1,3,0,2,0,0.0014881901443004608,test,S8,2,0,0,1,1,3,channel_fault
0,1,2,0,wesad-S8-e1-channel_fault-c0-B2,0,3,0,0,0,0,0,0.07538385619409382,wesad,43.868629578035325,wesad-S8-e1,0,revision_impact,7.4706442900933325,0,0,0,1375,4096.0,B2,529,0,1,3,0,2,0,0.008590546902269125,test,S8,2,0,0,1,1,3,channel_fault
0,1,2,0,wesad-S8-e1-channel_fault-c0-B3,0,3,0,0,0,0,0,0.015439968090504408,wesad,49.74940388579853,wesad-S8-e1,0,revision_impact,7.381323465146124,0,0,0,1375,4096.0,B3,529,0,1,3,0,2,0,0.0015149188693612814,test,S8,2,0,0,1,1,3,channel_fault
0,1,2,0,wesad-S8-e1-channel_fault-c0-M1,0,3,0,0,0,0,0,0.08741647400893271,wesad,43.80581849720329,wesad-S8-e1,0,revision_impact,7.491165826097131,0,0,0,1375,4096.0,M1,529,0,1,3,0,2,0,0.008643804816529155,test,S8,2,0,0,1,1,3,channel_fault
0,1,2,0,wesad-S8-e1-channel_fault-c1-B0,1,3,0,0,0,0,1,0.004517929162830114,wesad,33.37360015511513,wesad-S8-e1,0,revision_impact,7.48314263811335,0,0,0,1910,4126.0,B0,529,0,1,3,0,2,1,0.0016657060477882624,test,S8,2,0,2,1,1,3,channel_fault
0,1,2,0,wesad-S8-e1-channel_fault-c1-B1,1,3,0,0,1,1,1,0.01691079791635275,wesad,33.369786782190204,wesad-S8-e1,0,revision_impact,7.484632478095591,0,0,0,1910,4126.0,B1,529,0,1,3,0,2,0,0.0017100751865655184,test,S8,2,0,2,1,1,3,channel_fault
0,1,2,0,wesad-S8-e1-channel_fault-c1-B2,1,3,0,0,1,1,1,0.09466791688464582,wesad,34.65388560201973,wesad-S8-e1,0,revision_impact,7.435367713915184,0,0,0,1910,4126.0,B2,529,0,1,3,0,2,0,0.005807423032820225,test,S8,2,0,2,1,1,3,channel_fault
0,1,2,0,wesad-S8-e1-channel_fault-c1-B3,1,3,0,0,1,1,1,0.01912182313390076,wesad,40.599437491968274,wesad-S8-e1,0,revision_impact,7.44723418308422,0,0,0,1910,4126.0,B3,529,0,1,3,0,2,0,0.0016714471857994795,test,S8,2,0,2,1,1,3,channel_fault
0,1,2,0,wesad-S8-e1-channel_fault-c1-M1,1,3,0,0,1,1,1,0.09568089595995843,wesad,35.99455504002981,wesad-S8-e1,0,revision_impact,7.654731759801507,0,0,0,1910,4126.0,M1,529,0,1,3,0,2,0,0.005846712039783597,test,S8,2,0,2,1,1,3,channel_fault
0,1,2,0,wesad-S8-e1-channel_fault-c2-B0,2,3,0,0,0,0,1,0.004587297094985843,wesad,34.81429338082671,wesad-S8-e1,0,revision_impact,7.483545079827309,0,0,0,1910,4186.0,B0,529,0,1,3,0,2,1,0.0017496750224381685,test,S8,2,0,5,1,1,3,channel_fault
0,1,2,0,wesad-S8-e1-channel_fault-c2-B1,2,3,0,0,1,1,1,0.01902320492081344,wesad,35.93985586403869,wesad-S8-e1,0,revision_impact,7.40892201801762,0,0,0,1910,4186.0,B1,529,0,1,3,0,2,0,0.0017904741689562798,test,S8,2,0,5,1,1,3,channel_fault
0,1,2,0,wesad-S8-e1-channel_fault-c2-B2,2,3,0,0,1,1,1,0.14034667401574552,wesad,37.620963021880016,wesad-S8-e1,0,revision_impact,7.35172949405387,0,0,0,1910,4186.0,B2,529,0,1,3,0,2,0,0.006320292130112648,test,S8,2,0,5,1,1,3,channel_fault
0,1,2,0,wesad-S8-e1-channel_fault-c2-B3,2,3,0,0,1,1,1,0.026975545100867748,wesad,41.469329653074965,wesad-S8-e1,0,revision_impact,6.987336586927995,0,0,0,1910,4186.0,B3,529,0,1,3,0,2,0,0.001787163782864809,test,S8,2,0,5,1,1,3,channel_fault
0,1,2,0,wesad-S8-e1-channel_fault-c2-M1,2,3,0,0,1,1,1,0.15486949984915555,wesad,39.28161302302033,wesad-S8-e1,0,revision_impact,7.278729747980833,0,0,0,1910,4186.0,M1,529,0,1,3,0,2,0,0.008317362051457167,test,S8,2,0,5,1,1,3,channel_fault
0,1,2,0,wesad-S8-e1-clean-c0-B0,0,3,0,0,0,0,0,0.009370028972625732,wesad,41.17934830999002,wesad-S8-e1,0,revision_impact,7.51083651301451,0,0,0,1375,4096.0,B0,529,0,1,3,0,2,0,0.001508628949522972,test,S8,2,0,0,1,1,3,clean
0,1,2,0,wesad-S8-e1-clean-c0-B1,0,3,0,0,0,0,0,0.01924681686796248,wesad,41.17825884302147,wesad-S8-e1,0,revision_impact,7.502649829955772,0,0,0,1375,4096.0,B1,529,0,1,3,0,2,0,0.001493839081376791,test,S8,2,0,0,1,1,3,clean
0,1,2,0,wesad-S8-e1-clean-c0-B2,0,3,0,0,0,0,0,0.04701749002560973,wesad,48.58482307498343,wesad-S8-e1,0,revision_impact,7.429887515958399,0,0,0,1375,4096.0,B2,529,0,1,3,0,2,0,0.005610284861177206,test,S8,2,0,0,1,1,3,clean
0,1,2,0,wesad-S8-e1-clean-c0-B3,0,3,0,0,0,0,0,0.010416637174785137,wesad,48.8726600559894,wesad-S8-e1,0,revision_impact,7.4189027298707515,0,0,0,1375,4096.0,B3,529,0,1,3,0,2,0,0.0015017788391560316,test,S8,2,0,0,1,1,3,clean
0,1,2,0,wesad-S8-e1-clean-c0-M1,0,3,0,0,0,0,0,0.0469992698635906,wesad,48.54444049089216,wesad-S8-e1,0,revision_impact,7.433972273021936,0,0,0,1375,4096.0,M1,529,0,1,3,0,2,0,0.006303560920059681,test,S8,2,0,0,1,1,3,clean
0,1,2,0,wesad-S8-e1-clean-c1-B0,1,3,0,0,0,0,0,0.00586945004761219,wesad,57.97618073783815,wesad-S8-e1,0,revision_impact,7.526618959847838,0,0,0,1849,4126.0,B0,529,0,1,3,0,2,0,0.003981478046625853,test,S8,2,0,3,1,1,3,clean
0,1,2,0,wesad-S8-e1-clean-c1-B1,1,3,0,0,0,0,0,0.016036172863096,wesad,59.76617611688562,wesad-S8-e1,0,revision_impact,7.437381072901189,0,0,0,1849,4126.0,B1,529,0,1,3,0,2,0,0.004410659894347191,test,S8,2,0,3,1,1,3,clean
0,1,2,0,wesad-S8-e1-clean-c1-B2,1,3,0,0,0,0,0,0.04342011292465031,wesad,65.31954876007512,wesad-S8-e1,0,revision_impact,7.461800245102495,0,0,0,1849,4126.0,B2,529,0,1,3,0,2,0,0.009459087159484625,test,S8,2,0,3,1,1,3,clean
0,1,2,0,wesad-S8-e1-clean-c1-B3,1,3,0,0,0,0,0,0.0070993551053106785,wesad,67.07230321108364,wesad-S8-e1,0,revision_impact,7.6406490311492234,0,0,0,1849,4126.0,B3,529,0,1,3,0,2,0,0.0015749579761177301,test,S8,2,0,3,1,1,3,clean
0,1,2,0,wesad-S8-e1-clean-c1-M1,1,3,0,0,0,0,0,0.0415595609229058,wesad,65.35003182804212,wesad-S8-e1,0,revision_impact,7.455627280054614,0,0,0,1849,4126.0,M1,529,0,1,3,0,2,0,0.008089784998446703,test,S8,2,0,3,1,1,3,clean
0,1,2,0,wesad-S8-e1-clean-c2-B0,2,3,0,0,0,0,0,0.0027386341243982315,wesad,58.18963920790702,wesad-S8-e1,0,revision_impact,7.561436509015039,0,0,0,1849,4186.0,B0,529,0,1,3,0,2,0,0.0016773161478340626,test,S8,2,0,6,1,1,3,clean
0,1,2,0,wesad-S8-e1-clean-c2-B1,2,3,0,0,0,0,0,0.007176523795351386,wesad,58.75679938402027,wesad-S8-e1,0,revision_impact,7.481490041827783,0,0,0,1849,4186.0,B1,529,0,1,3,0,2,0,0.0016799750737845898,test,S8,2,0,6,1,1,3,clean
0,1,2,0,wesad-S8-e1-clean-c2-B2,2,3,0,0,0,0,0,0.03032979997806251,wesad,64.23129236907698,wesad-S8-e1,0,revision_impact,7.5062266369350255,0,0,0,1849,4186.0,B2,529,0,1,3,0,2,0,0.00629681209102273,test,S8,2,0,6,1,1,3,clean
0,1,2,0,wesad-S8-e1-clean-c2-B3,2,3,0,0,0,0,0,0.007953147171065211,wesad,65.61034149187617,wesad-S8-e1,0,revision_impact,7.5104883189778775,0,0,0,1849,4186.0,B3,529,0,1,3,0,2,0,0.001663376810029149,test,S8,2,0,6,1,1,3,clean
0,1,2,0,wesad-S8-e1-clean-c2-M1,2,3,0,0,0,0,0,0.035342378076165915,wesad,65.40898356493562,wesad-S8-e1,0,revision_impact,7.505653809057549,0,0,0,1849,4186.0,M1,529,0,1,3,0,2,0,0.005921778967604041,test,S8,2,0,6,1,1,3,clean
0,1,2,0,wesad-S8-e1-correction-c0-B0,0,3,0,0,0,0,0,0.010378279956057668,wesad,8.06658248603344,wesad-S8-e1,0,revision_impact,8.050958610139787,0,0,0,1375,4096.0,B0,529,0,1,3,0,2,0,0.0015332100447267294,test,S8,2,0,0,1,1,3,correction
0,1,2,0,wesad-S8-e1-correction-c0-B1,0,3,0,0,0,0,0,0.011220284039154649,wesad,8.082318948116153,wesad-S8-e1,0,revision_impact,8.066634753951803,0,0,0,1375,4096.0,B1,529,0,1,3,0,2,0,0.001499030040577054,test,S8,2,0,0,1,1,3,correction
0,1,2,0,wesad-S8-e1-correction-c0-B2,0,3,0,0,0,0,0,0.0534407130908221,wesad,8.059356150915846,wesad-S8-e1,0,revision_impact,7.996255501871929,0,0,0,1375,4096.0,B2,529,0,1,3,0,2,0,0.006539087975397706,test,S8,2,0,0,1,1,3,correction
0,1,2,0,wesad-S8-e1-correction-c0-B3,0,3,0,0,0,0,0,0.011247114045545459,wesad,15.378220410086215,wesad-S8-e1,0,revision_impact,7.464302798965946,0,0,0,1375,4096.0,B3,529,0,1,3,0,2,0,0.0015128289815038443,test,S8,2,0,0,1,1,3,correction
0,1,2,0,wesad-S8-e1-correction-c0-M1,0,3,0,0,0,0,0,0.055510750971734524,wesad,7.98483501188457,wesad-S8-e1,0,revision_impact,7.9207904930226505,0,0,0,1375,4096.0,M1,529,0,1,3,0,2,0,0.005427101161330938,test,S8,2,0,0,1,1,3,correction
0,1,2,0,wesad-S8-e1-correction-c1-B0,1,3,0,0,0,0,1,0.002640256891027093,wesad,34.45668403292075,wesad-S8-e1,0,revision_impact,7.503112067002803,0,0,0,1849,4126.0,B0,529,0,1,3,0,2,1,0.0016002580523490906,test,S8,2,0,2,1,1,3,correction
0,1,2,0,wesad-S8-e1-correction-c1-B1,1,3,0,0,1,1,1,0.007199704879894853,wesad,34.70741216093302,wesad-S8-e1,0,revision_impact,7.4275296200066805,0,0,0,1849,4126.0,B1,529,0,1,3,0,2,0,0.0016241180710494518,test,S8,2,0,2,1,1,3,correction
0,1,2,0,wesad-S8-e1-correction-c1-B2,1,3,0,0,1,1,1,0.03939146711491048,wesad,38.03178528603166,wesad-S8-e1,0,revision_impact,7.490816085133702,0,0,0,1849,4126.0,B2,529,0,1,3,0,2,0,0.005676905158907175,test,S8,2,0,2,1,1,3,correction
0,1,2,0,wesad-S8-e1-correction-c1-B3,1,3,0,0,1,1,1,0.008052048040553927,wesad,41.85628503491171,wesad-S8-e1,0,revision_impact,7.496062058955431,0,0,0,1849,4126.0,B3,529,0,1,3,0,2,0,0.001632906962186098,test,S8,2,0,2,1,1,3,correction
0,1,2,0,wesad-S8-e1-correction-c1-M1,1,3,0,0,1,1,1,0.034262759843841195,wesad,38.96733512706123,wesad-S8-e1,0,revision_impact,7.668945595854893,0,0,0,1849,4126.0,M1,529,0,1,3,0,2,0,0.005621165968477726,test,S8,2,0,2,1,1,3,correction
0,1,2,0,wesad-S8-e1-correction-c2-B0,2,3,0,0,0,0,1,0.00284875207580626,wesad,33.382401125039905,wesad-S8-e1,0,revision_impact,7.452907069120556,0,0,0,1849,4186.0,B0,529,0,1,3,0,2,1,0.0016798460856080055,test,S8,2,0,5,1,1,3,correction
0,1,2,0,wesad-S8-e1-correction-c2-B1,2,3,0,0,1,1,1,0.00840066117234528,wesad,35.740433369996026,wesad-S8-e1,0,revision_impact,7.424626049818471,0,0,0,1849,4186.0,B1,529,0,1,3,0,2,0,0.0017131748609244823,test,S8,2,0,5,1,1,3,correction
0,1,2,0,wesad-S8-e1-correction-c2-B2,2,3,0,0,1,1,1,0.03128621890209615,wesad,39.672371885040775,wesad-S8-e1,0,revision_impact,7.551122510805726,0,0,0,1849,4186.0,B2,529,0,1,3,0,2,0,0.0058431129436939955,test,S8,2,0,5,1,1,3,correction
0,1,2,0,wesad-S8-e1-correction-c2-B3,2,3,0,0,1,1,1,0.0089320398401469,wesad,40.87988070701249,wesad-S8-e1,0,revision_impact,7.587450488936156,0,0,0,1849,4186.0,B3,529,0,1,3,0,2,0,0.0017290750984102488,test,S8,2,0,5,1,1,3,correction
0,1,2,0,wesad-S8-e1-correction-c2-M1,2,3,0,0,1,1,1,0.034348468063399196,wesad,39.83748823800124,wesad-S8-e1,0,revision_impact,7.678924456005916,0,0,0,1849,4186.0,M1,529,0,1,3,0,2,0,0.005954999942332506,test,S8,2,0,5,1,1,3,correction
1,0,1,0,wesad-S8-e1-delayed-c0-B0,0,0,0,0,0,0,0,0.00934434006921947,wesad,0.8744038469158113,wesad-S8-e1,1,revision_impact,0.8593704630620778,1,0,0,0,4096.0,B0,0,0,0,0,0,2,0,0.0014992691576480865,test,S8,0,0,0,0,1,0,delayed
0,0,1,0,wesad-S8-e1-delayed-c0-B1,0,2,0,0,0,0,0,0.010795270092785358,wesad,15.593864177819341,wesad-S8-e1,0,revision_impact,15.574214348103851,0,0,0,3099,4096.0,B1,1052,0,1,2,1,2,0,0.001501929946243763,test,S8,1,0,0,1,1,2,delayed
0,0,1,0,wesad-S8-e1-delayed-c0-B2,0,2,0,0,0,0,0,0.05498232995159924,wesad,15.622191141126677,wesad-S8-e1,0,revision_impact,15.556475878925994,0,0,0,3099,4096.0,B2,1052,0,1,2,1,2,0,0.005454089026898146,test,S8,1,0,0,1,1,2,delayed
0,0,1,0,wesad-S8-e1-delayed-c0-B3,0,2,0,0,0,0,0,0.015871447045356035,wesad,15.417579499073327,wesad-S8-e1,0,revision_impact,14.744289963971823,0,0,0,3099,4096.0,B3,1052,0,1,2,1,2,0,0.0024339600931853056,test,S8,1,0,0,1,1,2,delayed
0,0,1,0,wesad-S8-e1-delayed-c0-M1,0,2,0,0,0,0,0,0.09943241416476667,wesad,15.540961595019326,wesad-S8-e1,0,revision_impact,15.426892278948799,0,0,0,3099,4096.0,M1,1052,0,1,2,1,2,0,0.008590614888817072,test,S8,1,0,0,1,1,2,delayed
0,0,1,1,wesad-S8-e1-delayed-c1-B0,1,3,1,0,0,0,0,0.004335792036727071,wesad,59.21737786196172,wesad-S8-e1,0,revision_impact,7.456487562973052,0,0,0,1273,4126.0,B0,526,0,1,3,0,2,0,0.0027044450398534536,test,S8,1,0,0,1,1,2,delayed
0,0,1,0,wesad-S8-e1-delayed-c1-B1,1,2,0,0,0,0,0,0.006560937035828829,wesad,73.89897627406754,wesad-S8-e1,0,revision_impact,14.679422124987468,0,0,0,3099,4126.0,B1,1052,0,1,2,1,2,0,0.002769912825897336,test,S8,1,0,2,1,1,2,delayed
0,0,1,0,wesad-S8-e1-delayed-c1-B2,1,2,0,0,0,0,0,0.020120100118219852,wesad,75.33190447301604,wesad-S8-e1,0,revision_impact,14.75655308412388,0,0,0,3099,4126.0,B2,1052,0,1,2,1,2,0,0.009974246844649315,test,S8,1,0,2,1,1,2,delayed
0,0,1,0,wesad-S8-e1-delayed-c1-B3,1,2,0,0,0,0,0,0.0038290019147098064,wesad,76.615083002951,wesad-S8-e1,0,revision_impact,15.035993702011183,0,0,0,3099,4126.0,B3,1052,0,1,2,1,2,0,0.0015659579075872898,test,S8,1,0,2,1,1,2,delayed
0,0,1,0,wesad-S8-e1-delayed-c1-M1,1,2,0,0,0,0,0,0.017944224178791046,wesad,75.32098270603456,wesad-S8-e1,0,revision_impact,14.773956919787452,0,0,0,3099,4126.0,M1,1052,0,1,2,1,2,0,0.0058078819420188665,test,S8,1,0,2,1,1,2,delayed
0,1,2,0,wesad-S8-e1-delayed-c2-B0,2,3,0,0,0,0,0,0.0025909480173140764,wesad,59.759394170949236,wesad-S8-e1,0,revision_impact,7.535857476992533,0,0,1,1827,4186.0,B0,526,0,1,3,0,2,0,0.001578447176143527,test,S8,2,0,2,1,1,3,delayed
0,1,2,0,wesad-S8-e1-delayed-c2-B1,2,3,0,0,0,0,0,0.004958019126206636,wesad,65.69416735391133,wesad-S8-e1,0,revision_impact,7.3581956760026515,0,0,0,1827,4186.0,B1,526,0,1,3,0,2,0,0.0016571269370615482,test,S8,2,0,4,1,1,3,delayed
0,1,2,0,wesad-S8-e1-delayed-c2-B2,2,3,0,0,0,0,0,0.01836534612812102,wesad,66.7945454979781,wesad-S8-e1,0,revision_impact,7.410369003890082,0,0,0,1827,4186.0,B2,526,0,1,3,0,2,0,0.005865461193025112,test,S8,2,0,4,1,1,3,delayed
0,1,2,0,wesad-S8-e1-delayed-c2-B3,2,3,0,0,0,0,0,0.009725621901452541,wesad,68.71231764205731,wesad-S8-e1,0,revision_impact,7.744256720878184,0,0,0,1827,4186.0,B3,526,0,1,3,0,2,0,0.0015793780330568552,test,S8,2,0,4,1,1,3,delayed
0,1,2,0,wesad-S8-e1-delayed-c2-M1,2,3,0,0,0,0,0,0.015925616025924683,wesad,67.1325177939143,wesad-S8-e1,0,revision_impact,7.403543803142384,0,0,0,1827,4186.0,M1,526,0,1,3,0,2,0,0.0057062439154833555,test,S8,2,0,4,1,1,3,delayed
