origin,retention,N,method,device,conditioning_setup_seconds,sampling_seconds,residual_gather_seconds,fine_seconds,device_seconds,transfer_seconds,event_seconds,total_seconds,enclosure_seconds,compaction_seconds
31409,0.0,256,fine_mc,cuda,0.0061157941818237305,0.05010596849024296,0.001613778993487358,0.002159843221306801,0.002116096019744873,0.005026305094361305,0.0004283040761947632,0.0656268261373043,,
31409,0.0,256,empirical_selective,cuda,0.0061157941818237305,0.05010596849024296,0.001613778993487358,0.0010650772601366043,,0.005603233352303505,,0.0729473140090704,0.005575681105256081,0.0026909485459327698
31409,0.0,256,certified_fallback,cuda,0.0061157941818237305,0.05010596849024296,0.001613778993487358,0.0009748153388500214,,0.00479644350707531,,0.06991971842944622,0.005575681105256081,0.0
31409,0.0,256,fine_mc,cpu,0.0042605921626091,0.046488672494888306,0.00256393663585186,0.018040936440229416,0.0,0.0,0.0003883522003889084,0.07183769159018993,,
31409,0.0,1024,fine_mc,cuda,0.004125550389289856,0.18940514139831066,0.0035782624036073685,0.002321958541870117,0.0022890241146087645,0.010270358994603157,0.001450890675187111,0.2112550027668476,,
31409,0.0,1024,empirical_selective,cuda,0.004125550389289856,0.18940514139831066,0.0035782624036073685,0.00241105817258358,,0.01679336465895176,,0.24477095901966095,0.0232782531529665,0.005076488479971886
31409,0.0,1024,certified_fallback,cuda,0.004125550389289856,0.18940514139831066,0.0035782624036073685,0.0023048035800457,,0.005702393129467964,,0.230459438636899,0.0232782531529665,0.0
31409,0.0,1024,fine_mc,cpu,0.005258277058601379,0.19186484813690186,0.008581578731536865,0.042782675474882126,0.0,0.0,0.0013045109808444977,0.2501626741141081,,
31409,0.15,256,fine_mc,cuda,0.005574988201260567,0.027631891891360283,0.001114698126912117,0.0011086463928222656,0.001066975951194763,0.0017160121351480484,0.0005531739443540573,0.037850162014365196,,
31409,0.15,256,empirical_selective,cuda,0.005574988201260567,0.027631891891360283,0.001114698126912117,0.0011378377676010132,,0.0027410276234149933,,0.05242734029889107,0.008180595934391022,0.005895549431443214
31409,0.15,256,certified_fallback,cuda,0.005574988201260567,0.027631891891360283,0.001114698126912117,0.0009257160127162933,,0.002095825970172882,,0.046345410868525505,0.008180595934391022,0.0
31409,0.15,256,fine_mc,cpu,0.004899565130472183,0.033321820199489594,0.0014696009457111359,0.009454792365431786,0.0,0.0,0.0005144719034433365,0.04978231340646744,,
31409,0.15,1024,fine_mc,cuda,0.004863793030381203,0.21122290194034576,0.004095679149031639,0.002353886142373085,0.0023141438961029053,0.006969008594751358,0.002192895859479904,0.23177853599190712,,
31409,0.15,1024,empirical_selective,cuda,0.004863793030381203,0.21122290194034576,0.004095679149031639,0.0025040265172719955,,0.006978588178753853,,0.26820862852036953,0.028199685737490654,0.010263582691550255
31409,0.15,1024,certified_fallback,cuda,0.004863793030381203,0.21122290194034576,0.004095679149031639,0.0023673363029956818,,0.006981721147894859,,0.259691946208477,0.028199685737490654,0.0
31409,0.15,1024,fine_mc,cpu,0.005774252116680145,0.21282069385051727,0.003429025411605835,0.04105827584862709,0.0,0.0,0.001405050978064537,0.26479033567011356,,
31409,1.0,256,fine_mc,cuda,0.006865760311484337,0.04007613845169544,0.0014212466776371002,0.0010506771504878998,0.0010120960474014281,0.0017894115298986435,0.000444142147898674,0.051739687100052834,,
31409,1.0,256,empirical_selective,cuda,0.006865760311484337,0.04007613845169544,0.0014212466776371002,0.00094650499522686,,0.001635335385799408,,0.05697888880968094,0.005151096731424332,0.0007904954254627228
31409,1.0,256,certified_fallback,cuda,0.006865760311484337,0.04007613845169544,0.0014212466776371002,0.0009532775729894638,,0.0018825232982635498,,0.05716335028409958,0.005151096731424332,0.0
31409,1.0,256,fine_mc,cpu,0.005797112360596657,0.04488525539636612,0.0011298786848783493,0.007561692968010902,0.0,0.0,0.0003536008298397064,0.05984172597527504,,
31409,1.0,1024,fine_mc,cuda,0.007382860407233238,0.2626285031437874,0.0037843063473701477,0.0023193955421447754,0.002284287929534912,0.006256483495235443,0.001522080972790718,0.2840110417455435,,
31409,1.0,1024,empirical_selective,cuda,0.007382860407233238,0.2626285031437874,0.0037843063473701477,0.00232013501226902,,0.006492676213383675,,0.3151201792061329,0.026179613545536995,0.006214672699570656
31409,1.0,1024,certified_fallback,cuda,0.007382860407233238,0.2626285031437874,0.0037843063473701477,0.0023094862699508667,,0.010585468262434006,,0.3147855903953314,0.026179613545536995,0.0
31409,1.0,1024,fine_mc,cpu,0.006080253049731255,0.26537291146814823,0.002671359106898308,0.030835317447781563,0.0,0.0,0.0015281718224287033,0.3066161014139652,,
31490,0.0,256,fine_mc,cuda,0.004779864102602005,0.026815379038453102,0.0019018948078155518,0.0010860078036785126,0.0010450559854507447,0.0031256917864084244,0.00043725408613681793,0.0382388886064291,,
31490,0.0,256,empirical_selective,cuda,0.004779864102602005,0.026815379038453102,0.0019018948078155518,0.0010269954800605774,,0.0016406122595071793,,0.04276007600128651,0.005570488050580025,0.0009320452809333801
31490,0.0,256,certified_fallback,cuda,0.004779864102602005,0.026815379038453102,0.0019018948078155518,0.0009232182055711746,,0.001799488440155983,,0.042447496205568314,0.005570488050580025,0.0
31490,0.0,256,fine_mc,cpu,0.005887072533369064,0.023221401497721672,0.000878525897860527,0.007445963099598885,0.0,0.0,0.00033980049192905426,0.04549133777618408,,
31490,0.0,1024,fine_mc,cuda,0.004324888810515404,0.13150694966316223,0.0025196783244609833,0.0023086853325366974,0.0022740480899810793,0.006907617673277855,0.0017677005380392075,0.14943590015172958,,
31490,0.0,1024,empirical_selective,cuda,0.004324888810515404,0.13150694966316223,0.0025196783244609833,0.0023099370300769806,,0.004048656672239304,,0.18005120567977428,0.028103603050112724,0.007137112319469452
31490,0.0,1024,certified_fallback,cuda,0.004324888810515404,0.13150694966316223,0.0025196783244609833,0.0023315362632274628,,0.005245517939329147,,0.17586935497820377,0.028103603050112724,0.0
31490,0.0,1024,fine_mc,cpu,0.004346862435340881,0.17425726540386677,0.0026742685586214066,0.03370601683855057,0.0,0.0,0.0014780201017856598,0.21667242050170898,,
31490,0.15,256,fine_mc,cuda,0.0055738575756549835,0.02731001190841198,0.001350540667772293,0.0013478193432092667,0.001301184058189392,0.0017218682914972305,0.0004990808665752411,0.0379362478852272,,
31490,0.15,256,empirical_selective,cuda,0.0055738575756549835,0.02731001190841198,0.001350540667772293,0.0011690407991409302,,0.0016022194176912308,,0.04303056187927723,0.0051783062517642975,0.0007135160267353058
31490,0.15,256,certified_fallback,cuda,0.0055738575756549835,0.02731001190841198,0.001350540667772293,0.0009618848562240601,,0.001779632642865181,,0.04284611716866493,0.0051783062517642975,0.0
31490,0.15,256,fine_mc,cpu,0.0050087738782167435,0.031610291451215744,0.0011941473931074142,0.008803432807326317,0.0,0.0,0.00033531151711940765,0.04846976697444916,,
31490,0.15,1024,fine_mc,cuda,0.004668042063713074,0.13594460859894753,0.0035185832530260086,0.0023251771926879883,0.0022889280319213865,0.0055892206728458405,0.0015658903867006302,0.1536896526813507,,
31490,0.15,1024,empirical_selective,cuda,0.004668042063713074,0.13594460859894753,0.0035185832530260086,0.00231262668967247,,0.0048101842403411865,,0.17684509232640266,0.020870504900813103,0.004642412066459656
31490,0.15,1024,certified_fallback,cuda,0.004668042063713074,0.13594460859894753,0.0035185832530260086,0.0023207888007164,,0.0102513637393713,,0.17932384833693504,0.020870504900813103,0.0
31490,0.15,1024,fine_mc,cpu,0.0049846842885017395,0.19555928371846676,0.002941211685538292,0.03936689347028732,0.0,0.0,0.002044694498181343,0.2450418584048748,,
31490,1.0,256,fine_mc,cuda,0.006761057302355766,0.05519132688641548,0.0010262168943881989,0.0013884399086236954,0.0013275840282440186,0.002145737409591675,0.0004700515419244766,0.06718765944242477,,
31490,1.0,256,empirical_selective,cuda,0.006761057302355766,0.05519132688641548,0.0010262168943881989,0.000988498330116272,,0.0015906896442174911,,0.07152850739657879,0.004991304129362106,0.0007745847105979919
31490,1.0,256,certified_fallback,cuda,0.006761057302355766,0.05519132688641548,0.0010262168943881989,0.0009784866124391556,,0.0017089322209358215,,0.0714376550167799,0.004991304129362106,0.0
31490,1.0,256,fine_mc,cpu,0.006190292537212372,0.042916439473629,0.0007259156554937363,0.007410002872347832,0.0,0.0,0.0003602132201194763,0.05772324278950691,,
31490,1.0,1024,fine_mc,cuda,0.006388593465089798,0.283046405762434,0.005899909883737564,0.0023209471255540848,0.002287616014480591,0.006027070805430412,0.0015663299709558487,0.30536602810025215,,
31490,1.0,1024,empirical_selective,cuda,0.006388593465089798,0.283046405762434,0.005899909883737564,0.0023087169975042343,,0.007030509412288666,,0.33334764651954174,0.02246413566172123,0.006092604249715805
31490,1.0,1024,certified_fallback,cuda,0.006388593465089798,0.283046405762434,0.005899909883737564,0.0023034755140542984,,0.00970509834587574,,0.3317859712988138,0.02246413566172123,0.0
31490,1.0,1024,fine_mc,cpu,0.006586315110325813,0.26874675415456295,0.00370192714035511,0.03199724107980728,0.0,0.0,0.0014289692044258118,0.3126157186925411,,
31571,0.0,256,fine_mc,cuda,0.00421249121427536,0.02518528886139393,0.001248091459274292,0.0010262075811624527,0.0009911680221557618,0.003628203645348549,0.0011388380080461502,0.03652484342455864,,
31571,0.0,256,empirical_selective,cuda,0.00421249121427536,0.02518528886139393,0.001248091459274292,0.0010386370122432709,,0.005229497328400612,,0.043834537267684937,0.005688169971108437,0.0011466387659311295
31571,0.0,256,certified_fallback,cuda,0.00421249121427536,0.02518528886139393,0.001248091459274292,0.0009282678365707397,,0.005422957241535187,,0.043542804196476936,0.005688169971108437,0.0
31571,0.0,256,fine_mc,cpu,0.004220299422740936,0.02218860387802124,0.0007456522434949875,0.007248209789395332,0.0,0.0,0.00035124458372592926,0.04315341264009476,,
31571,0.0,1024,fine_mc,cuda,0.004263250157237053,0.1292299311608076,0.002539306879043579,0.002321304753422737,0.0022745280265808105,0.004597915336489677,0.0015782210975885391,0.14462336152791977,,
31571,0.0,1024,empirical_selective,cuda,0.004263250157237053,0.1292299311608076,0.002539306879043579,0.002297505736351013,,0.005538150668144226,,0.1800022292882204,0.029213404282927513,0.006827248260378838
31571,0.0,1024,certified_fallback,cuda,0.004263250157237053,0.1292299311608076,0.002539306879043579,0.0023366454988718033,,0.006396835669875145,,0.17574044689536095,0.029213404282927513,0.0
31571,0.0,1024,fine_mc,cpu,0.004370510578155518,0.17191310971975327,0.0037331487983465195,0.03972099535167217,0.0,0.0,0.0014081187546253204,0.2212804313749075,,
31571,0.15,256,fine_mc,cuda,0.0049177855253219604,0.024543650448322296,0.0008628349751234055,0.0010160282254219055,0.0009811199903488159,0.0017009098082780838,0.000439964234828949,0.03358658403158188,,
31571,0.15,256,empirical_selective,cuda,0.0049177855253219604,0.024543650448322296,0.0008628349751234055,0.0009818244725465775,,0.0016004722565412521,,0.03884922154247761,0.005085956305265427,0.0007512867450714111
31571,0.15,256,certified_fallback,cuda,0.0049177855253219604,0.024543650448322296,0.0008628349751234055,0.0009009148925542831,,0.0017212629318237305,,0.038686150684952736,0.005085956305265427,0.0
31571,0.15,256,fine_mc,cpu,0.004843853414058685,0.030275410041213036,0.0008202437311410904,0.011509740725159645,0.0,0.0,0.00034272298216819763,0.04788356274366379,,
31571,0.15,1024,fine_mc,cuda,0.00476173497736454,0.13220837153494358,0.003420494496822357,0.002291543409228325,0.002261023998260498,0.006581535562872887,0.0016107019037008286,0.15096517093479633,,
31571,0.15,1024,empirical_selective,cuda,0.00476173497736454,0.13220837153494358,0.003420494496822357,0.0023048482835292816,,0.0072486791759729385,,0.184299623593688,0.028109543025493622,0.006155163049697876
31571,0.15,1024,certified_fallback,cuda,0.00476173497736454,0.13220837153494358,0.003420494496822357,0.0023000556975603104,,0.005996353924274445,,0.17864874377846718,0.028109543025493622,0.0
31571,0.15,1024,fine_mc,cpu,0.005086986348032951,0.19027899578213692,0.006309434771537781,0.035015784204006195,0.0,0.0,0.0014508310705423355,0.23828266188502312,,
31571,1.0,256,fine_mc,cuda,0.00603526271879673,0.04249519854784012,0.0007438734173774719,0.001055847853422165,0.001020416021347046,0.0017273034900426865,0.0004212241619825363,0.05255996994674206,,
31571,1.0,256,empirical_selective,cuda,0.00603526271879673,0.04249519854784012,0.0007438734173774719,0.0011803600937128067,,0.0016918443143367767,,0.058065250515937805,0.005081716924905777,0.0007557347416877747
31571,1.0,256,certified_fallback,cuda,0.00603526271879673,0.04249519854784012,0.0007438734173774719,0.0009170044213533401,,0.0016990695148706436,,0.057628143578767776,0.005081716924905777,0.0
31571,1.0,256,fine_mc,cpu,0.005981050431728363,0.05727623961865902,0.000921616330742836,0.007961675524711609,0.0,0.0,0.0003304537385702133,0.07261819951236248,,
31571,1.0,1024,fine_mc,cuda,0.006453007459640503,0.23908975906670094,0.00716705247759819,0.0022960957139730453,0.0022644801139831542,0.0060697440057992935,0.002612028270959854,0.2638168316334486,,
31571,1.0,1024,empirical_selective,cuda,0.006453007459640503,0.23908975906670094,0.00716705247759819,0.0022925157099962234,,0.004712611436843872,,0.2836803253740072,0.019635455682873726,0.004200778901576996
31571,1.0,1024,certified_fallback,cuda,0.006453007459640503,0.23908975906670094,0.00716705247759819,0.00229780375957489,,0.004038708284497261,,0.28048697486519814,0.019635455682873726,0.0
31571,1.0,1024,fine_mc,cpu,0.006119772791862488,0.2508934698998928,0.0027126893401145935,0.027887705713510513,0.0,0.0,0.0013993103057146072,0.2891732379794121,,
31652,0.0,256,fine_mc,cuda,0.004234831780195236,0.022619860246777534,0.0009732376784086227,0.0010311994701623917,0.0009928640127182006,0.0017204321920871735,0.00043304450809955597,0.031092092394828796,,
31652,0.0,256,empirical_selective,cuda,0.004234831780195236,0.022619860246777534,0.0009732376784086227,0.00109182670712471,,0.004872094839811325,,0.04009493067860603,0.005372688174247742,0.0008509047329425812
31652,0.0,256,certified_fallback,cuda,0.004234831780195236,0.022619860246777534,0.0009732376784086227,0.001153917983174324,,0.004064647480845451,,0.03907586447894573,0.005372688174247742,0.0
31652,0.0,256,fine_mc,cpu,0.0042798519134521484,0.021673019975423813,0.0007179956883192062,0.007074197754263878,0.0,0.0,0.0003283228725194931,0.038652317598462105,,
31652,0.0,1024,fine_mc,cuda,0.004312710836529732,0.11236801370978355,0.004952995106577873,0.00231146439909935,0.0022681920528411863,0.007063230499625206,0.001456739380955696,0.13255438394844532,,
31652,0.0,1024,empirical_selective,cuda,0.004312710836529732,0.11236801370978355,0.004952995106577873,0.0023068562150001526,,0.006643258035182953,,0.16855884715914726,0.02934468351304531,0.008541099727153778
31652,0.0,1024,certified_fallback,cuda,0.004312710836529732,0.11236801370978355,0.004952995106577873,0.002298075705766678,,0.004443550482392311,,0.15951448120176792,0.02934468351304531,0.0
31652,0.0,1024,fine_mc,cpu,0.004343342036008835,0.19011609442532063,0.0035632848739624023,0.037499113008379936,0.0,0.0,0.0014616306871175766,0.23712064512073994,,
31652,0.15,256,fine_mc,cuda,0.005059124901890755,0.02570071816444397,0.0010024961084127426,0.0010268986225128174,0.0009902719855308534,0.0017446335405111313,0.000417172908782959,0.035062387585639954,,
31652,0.15,256,empirical_selective,cuda,0.005059124901890755,0.02570071816444397,0.0010024961084127426,0.0009817276149988174,,0.0016185510903596878,,0.040402842685580254,0.005142504349350929,0.0007863771170377731
31652,0.15,256,certified_fallback,cuda,0.005059124901890755,0.02570071816444397,0.0010024961084127426,0.0009123366326093674,,0.0017661750316619873,,0.04025940038263798,0.005142504349350929,0.0
31652,0.15,256,fine_mc,cpu,0.0050032660365104675,0.032937100157141685,0.0006493367254734039,0.011014368385076523,0.0,0.0,0.0003361739218235016,0.05004412122070789,,
31652,0.15,1024,fine_mc,cuda,0.00471506267786026,0.13975371420383453,0.0050577446818351746,0.002308763563632965,0.0022744319438934325,0.008003612980246544,0.0023684557527303696,0.16227584704756737,,
31652,0.15,1024,empirical_selective,cuda,0.00471506267786026,0.13975371420383453,0.0050577446818351746,0.002299116924405098,,0.005785271525382996,,0.1953021753579378,0.030629603192210197,0.006993168964982033
31652,0.15,1024,certified_fallback,cuda,0.00471506267786026,0.13975371420383453,0.0050577446818351746,0.0022931843996047974,,0.007926901802420616,,0.19215079955756664,0.030629603192210197,0.0
31652,0.15,1024,fine_mc,cpu,0.004983276128768921,0.19899392873048782,0.0025874394923448563,0.042771847918629646,0.0,0.0,0.0015596598386764526,0.2510649412870407,,
31652,1.0,256,fine_mc,cuda,0.00741267204284668,0.036811718717217445,0.0029062125831842422,0.0010621249675750732,0.00102566397190094,0.004755282774567604,0.00044815242290496826,0.053488560020923615,,
31652,1.0,256,empirical_selective,cuda,0.00741267204284668,0.036811718717217445,0.0029062125831842422,0.0010255277156829834,,0.004666270688176155,,0.05898110009729862,0.004882313311100006,0.0011839885264635086
31652,1.0,256,certified_fallback,cuda,0.00741267204284668,0.036811718717217445,0.0029062125831842422,0.0009296759963035583,,0.004523593932390213,,0.058117786422371864,0.004882313311100006,0.0
31652,1.0,256,fine_mc,cpu,0.0071424394845962524,0.04638183303177357,0.0009665358811616898,0.008123809471726418,0.0,0.0,0.00033273547887802124,0.06303722597658634,,
31652,1.0,1024,fine_mc,cuda,0.00587180070579052,0.2584441937506199,0.004819124937057495,0.0022941362112760544,0.002263551950454712,0.005975032225251198,0.00158780999481678,0.27908395417034626,,
31652,1.0,1024,empirical_selective,cuda,0.00587180070579052,0.2584441937506199,0.004819124937057495,0.0022948645055294037,,0.008131377398967743,,0.3062263950705528,0.019048672169446945,0.007524505257606506
31652,1.0,1024,certified_fallback,cuda,0.00587180070579052,0.2584441937506199,0.004819124937057495,0.002297665923833847,,0.01086670346558094,,0.3030999694019556,0.019048672169446945,0.0
31652,1.0,1024,fine_mc,cpu,0.006018122658133507,0.2516137044876814,0.002744792029261589,0.02765931561589241,0.0,0.0,0.0013324897736310959,0.2895150054246187,,
31733,0.0,256,fine_mc,cuda,0.004192110151052475,0.02672869898378849,0.0012143757194280624,0.001019435003399849,0.0009853119850158692,0.0018074531108140945,0.0005444567650556564,0.03558710776269436,,
31733,0.0,256,empirical_selective,cuda,0.004192110151052475,0.02672869898378849,0.0012143757194280624,0.0010034684091806412,,0.0018352903425693512,,0.04170805774629116,0.005214076489210129,0.0014394596219062805
31733,0.0,256,certified_fallback,cuda,0.004192110151052475,0.02672869898378849,0.0012143757194280624,0.0008880551904439926,,0.006524035707116127,,0.04619293846189976,0.005214076489210129,0.0
31733,0.0,256,fine_mc,cpu,0.0042614806443452835,0.035933662205934525,0.0009727869182825089,0.008681399747729301,0.0,0.0,0.0005188640207052231,0.05900917202234268,,
31733,0.0,1024,fine_mc,cuda,0.005117995664477348,0.16619953140616417,0.0071102287620306015,0.0023244861513376236,0.002284543991088867,0.007133500650525093,0.0017855633050203323,0.18977610394358635,,
31733,0.0,1024,empirical_selective,cuda,0.005117995664477348,0.16619953140616417,0.0071102287620306015,0.0022926349192857742,,0.005831491202116013,,0.22302302531898022,0.028884481638669968,0.007481863722205162
31733,0.0,1024,certified_fallback,cuda,0.005117995664477348,0.16619953140616417,0.0071102287620306015,0.0023130159825086594,,0.006650624796748161,,0.21806603856384754,0.028884481638669968,0.0
31733,0.0,1024,fine_mc,cpu,0.004357520490884781,0.18119920417666435,0.0048288218677043915,0.03329838067293167,0.0,0.0,0.0011794883757829666,0.22501306049525738,,
31733,0.15,256,fine_mc,cuda,0.005081607028841972,0.026459870859980583,0.0015749428421258926,0.0010440852493047714,0.0010089919567108155,0.0017823223024606705,0.0005815830081701279,0.03663252107799053,,
31733,0.15,256,empirical_selective,cuda,0.005081607028841972,0.026459870859980583,0.0015749428421258926,0.0009749885648488998,,0.0016643442213535309,,0.0425308495759964,0.0054077282547950745,0.0012592580169439316
31733,0.15,256,certified_fallback,cuda,0.005081607028841972,0.026459870859980583,0.0015749428421258926,0.0009059067815542221,,0.0019619446247816086,,0.04221445322036743,0.0054077282547950745,0.0
31733,0.15,256,fine_mc,cpu,0.005157414823770523,0.03958390653133392,0.0017717722803354263,0.009107224643230438,0.0,0.0,0.0003240928053855896,0.05603327229619026,,
31733,0.15,1024,fine_mc,cuda,0.004614671692252159,0.137540090829134,0.004409909248352051,0.0022960174828767776,0.0022621119022369386,0.007438113912940025,0.001501603052020073,0.1578668560832739,,
31733,0.15,1024,empirical_selective,cuda,0.004614671692252159,0.137540090829134,0.004409909248352051,0.002296796068549156,,0.004096979275345802,,0.18852567672729492,0.02887086197733879,0.006629917770624161
31733,0.15,1024,certified_fallback,cuda,0.004614671692252159,0.137540090829134,0.004409909248352051,0.0022910553961992264,,0.005026388913393021,,0.1846819780766964,0.02887086197733879,0.0
31733,0.15,1024,fine_mc,cpu,0.004943292587995529,0.17243147268891335,0.008666880428791046,0.03986534662544727,0.0,0.0,0.0018395744264125824,0.22787840105593204,,
31733,1.0,256,fine_mc,cuda,0.005941461771726608,0.048300717025995255,0.0009038150310516357,0.001014716923236847,0.0009806079864501953,0.0018005818128585815,0.000451134517788887,0.05850197747349739,,
31733,1.0,256,empirical_selective,cuda,0.005941461771726608,0.048300717025995255,0.0009038150310516357,0.0009430665522813797,,0.001640520989894867,,0.06359901465475559,0.005006106570363045,0.0007737763226032257
31733,1.0,256,certified_fallback,cuda,0.005941461771726608,0.048300717025995255,0.0009038150310516357,0.0009114239364862442,,0.0017318036407232285,,0.06347452290356159,0.005006106570363045,0.0
31733,1.0,256,fine_mc,cpu,0.0059178899973630905,0.03717915900051594,0.0006247144192457199,0.008185656741261482,0.0,0.0,0.0003285445272922516,0.052322736009955406,,
31733,1.0,1024,fine_mc,cuda,0.006340323016047478,0.26634868793189526,0.004922444000840187,0.002306366339325905,0.0022697598934173584,0.007463643327355385,0.0016286112368106842,0.2891133762896061,,
31733,1.0,1024,empirical_selective,cuda,0.006340323016047478,0.26634868793189526,0.004922444000840187,0.0023559462279081345,,0.00953354686498642,,0.31813303753733635,0.02251552790403366,0.006013261154294014
31733,1.0,1024,certified_fallback,cuda,0.006340323016047478,0.26634868793189526,0.004922444000840187,0.0023001953959465027,,0.0067974962294101715,,0.31157243251800537,0.02251552790403366,0.0
31733,1.0,1024,fine_mc,cpu,0.006129583343863487,0.27014585584402084,0.00337868370115757,0.02737795189023018,0.0,0.0,0.0013303477317094803,0.30849616415798664,,
31815,0.0,256,fine_mc,cuda,0.005631638690829277,0.024043746292591095,0.0014114901423454285,0.001009095460176468,0.000974016010761261,0.0018133725970983505,0.00044994428753852844,0.03444290906190872,,
31815,0.0,256,empirical_selective,cuda,0.005631638690829277,0.024043746292591095,0.0014114901423454285,0.0009768195450305939,,0.0028503425419330597,,0.040925661101937294,0.005170024931430817,0.0007579773664474487
31815,0.0,256,certified_fallback,cuda,0.005631638690829277,0.024043746292591095,0.0014114901423454285,0.0009068157523870468,,0.005450775846838951,,0.04324912838637829,0.005170024931430817,0.0
31815,0.0,256,fine_mc,cpu,0.0042914096266031265,0.02828296832740307,0.0009109359234571457,0.008331647142767906,0.0,0.0,0.00037195347249507904,0.0498909093439579,,
31815,0.0,1024,fine_mc,cuda,0.005642609670758247,0.16899129003286362,0.004984475672245026,0.0022970549762248993,0.0022649281024932862,0.0062424615025520325,0.0023701265454292297,0.19063327834010124,,
31815,0.0,1024,empirical_selective,cuda,0.005642609670758247,0.16899129003286362,0.004984475672245026,0.002295706421136856,,0.006616348400712013,,0.21875978261232376,0.021304599940776825,0.008819492533802986
31815,0.0,1024,certified_fallback,cuda,0.005642609670758247,0.16899129003286362,0.004984475672245026,0.0022963564842939377,,0.00606711208820343,,0.21121678687632084,0.021304599940776825,0.0
31815,0.0,1024,fine_mc,cpu,0.004359813407063484,0.17445452697575092,0.003203442320227623,0.042306313291192055,0.0,0.0,0.0014018602669239044,0.2258499227464199,,
31815,0.15,256,fine_mc,cuda,0.0049576666206121445,0.025566427037119865,0.0010345764458179474,0.001019975170493126,0.0009847999811172486,0.0017398223280906677,0.0004679635167121887,0.03489135019481182,,
31815,0.15,256,empirical_selective,cuda,0.0049576666206121445,0.025566427037119865,0.0010345764458179474,0.001184660941362381,,0.0018824394792318344,,0.04054422117769718,0.005045386031270027,0.0007681455463171005
31815,0.15,256,certified_fallback,cuda,0.0049576666206121445,0.025566427037119865,0.0010345764458179474,0.000992046669125557,,0.001738591119647026,,0.0400437880307436,0.005045386031270027,0.0
31815,0.15,256,fine_mc,cpu,0.004895973950624466,0.04161400906741619,0.0008961763232946396,0.007134368643164635,0.0,0.0,0.0003351997584104538,0.05725424364209175,,
31815,0.15,1024,fine_mc,cuda,0.004724172875285149,0.14264272339642048,0.004242626950144768,0.0022981762886047363,0.0022651839256286623,0.008059956133365631,0.0018281042575836182,0.16386814415454865,,
31815,0.15,1024,empirical_selective,cuda,0.004724172875285149,0.14264272339642048,0.004242626950144768,0.0022936761379241943,,0.004044288769364357,,0.19224333204329014,0.026957716792821884,0.007265742868185043
31815,0.15,1024,certified_fallback,cuda,0.004724172875285149,0.14264272339642048,0.004242626950144768,0.0022886674851179123,,0.005229135975241661,,0.18798588775098324,0.026957716792821884,0.0
31815,0.15,1024,fine_mc,cpu,0.0049668848514556885,0.1931335274130106,0.0027252286672592163,0.03479520045220852,0.0,0.0,0.0014269202947616577,0.23719649203121662,,
31815,1.0,256,fine_mc,cuda,0.006585665047168732,0.04093218594789505,0.0012736879289150238,0.0009982381016016006,0.0009548479914665223,0.0018834639340639114,0.0004294831305742264,0.05218014679849148,,
31815,1.0,256,empirical_selective,cuda,0.006585665047168732,0.04093218594789505,0.0012736879289150238,0.0009849946945905685,,0.0015808604657649994,,0.05734782852232456,0.0051729679107666016,0.0007400438189506531
31815,1.0,256,certified_fallback,cuda,0.006585665047168732,0.04093218594789505,0.0012736879289150238,0.0011276155710220337,,0.0029337331652641296,,0.05912262573838234,0.0051729679107666016,0.0
31815,1.0,256,fine_mc,cpu,0.007682690396904945,0.0550212636590004,0.0011465288698673248,0.007729444652795792,0.0,0.0,0.00033190101385116577,0.07200844399631023,,
31815,1.0,1024,fine_mc,cuda,0.0060225315392017365,0.26005115546286106,0.0038204453885555267,0.0022997651249170303,0.0022681920528411863,0.007227681577205658,0.002301296219229698,0.2818173263221979,,
31815,1.0,1024,empirical_selective,cuda,0.0060225315392017365,0.26005115546286106,0.0038204453885555267,0.0022966470569372177,,0.005842149257659912,,0.30819243006408215,0.0263261329382658,0.0037389174103736877
31815,1.0,1024,certified_fallback,cuda,0.0060225315392017365,0.26005115546286106,0.0038204453885555267,0.002296455204486847,,0.011951664462685585,,0.31236210837960243,0.0263261329382658,0.0
31815,1.0,1024,fine_mc,cpu,0.006568785756826401,0.26245009899139404,0.002879120409488678,0.03237166628241539,0.0,0.0,0.0013257469981908798,0.3057225625962019,,
31896,0.0,256,fine_mc,cuda,0.004580821841955185,0.024473629891872406,0.0016867388039827347,0.0010087359696626663,0.0009752960205078125,0.0017632413655519485,0.0005115941166877747,0.034106599166989326,,
31896,0.0,256,empirical_selective,cuda,0.004580821841955185,0.024473629891872406,0.0016867388039827347,0.000976642593741417,,0.001699291169643402,,0.03954935446381569,0.005190577358007431,0.0008598156273365021
31896,0.0,256,certified_fallback,cuda,0.004580821841955185,0.024473629891872406,0.0016867388039827347,0.00091581791639328,,0.006039561703801155,,0.04438595473766327,0.005190577358007431,0.0
31896,0.0,256,fine_mc,cpu,0.005918422713875771,0.0306128840893507,0.0009532477706670761,0.009372629225254059,0.0,0.0,0.0003548525273799896,0.05581398122012615,,
31896,0.0,1024,fine_mc,cuda,0.004258546978235245,0.16734131798148155,0.004313008859753609,0.0022872965782880783,0.0022584319114685057,0.008511081337928772,0.002236615866422653,0.189042741432786,,
31896,0.0,1024,empirical_selective,cuda,0.004258546978235245,0.16734131798148155,0.004313008859753609,0.0023013558238744736,,0.009325085207819939,,0.2128425482660532,0.02051156386733055,0.004696795716881752
31896,0.0,1024,certified_fallback,cuda,0.004258546978235245,0.16734131798148155,0.004313008859753609,0.002338707447052002,,0.006119005382061005,,0.20690449140965939,0.02051156386733055,0.0
31896,0.0,1024,fine_mc,cpu,0.0054366085678339005,0.1739924345165491,0.00749451108276844,0.038405317813158035,0.0,0.0,0.0019405540078878403,0.22739072889089584,,
31896,0.15,256,fine_mc,cuda,0.008772172033786774,0.029784519225358963,0.0008618086576461792,0.0010680649429559708,0.0010301439762115479,0.002145295962691307,0.00043124333024024963,0.04317654110491276,,
31896,0.15,256,empirical_selective,cuda,0.008772172033786774,0.029784519225358963,0.0008618086576461792,0.0011791884899139404,,0.0029093995690345764,,0.049968548119068146,0.005515487864613533,0.0008325353264808655
31896,0.15,256,certified_fallback,cuda,0.008772172033786774,0.029784519225358963,0.0008618086576461792,0.0010893680155277252,,0.005203636363148689,,0.051910193637013435,0.005515487864613533,0.0
31896,0.15,256,fine_mc,cpu,0.0048355646431446075,0.030659934505820274,0.0009850189089775085,0.009889740496873856,0.0,0.0,0.0003426913172006607,0.05036524869501591,,
31896,0.15,1024,fine_mc,cuda,0.0047219619154930115,0.13032552041113377,0.005023667588829994,0.002328786998987198,0.0022924160957336426,0.007184460759162903,0.002303054556250572,0.15196549147367477,,
31896,0.15,1024,empirical_selective,cuda,0.0047219619154930115,0.13032552041113377,0.005023667588829994,0.002290545031428337,,0.006478046998381615,,0.18521294184029102,0.02757476083934307,0.0087203998118639
31896,0.15,1024,certified_fallback,cuda,0.0047219619154930115,0.13032552041113377,0.005023667588829994,0.0023230165243148804,,0.006518706679344177,,0.17847337573766708,0.02757476083934307,0.0
31896,0.15,1024,fine_mc,cpu,0.005216196179389954,0.17983527295291424,0.004175610840320587,0.0408298559486866,0.0,0.0,0.0018738750368356705,0.23207421228289604,,
31896,1.0,256,fine_mc,cuda,0.006934858858585358,0.04866340011358261,0.0012569688260555267,0.0010950863361358643,0.0010584959983825685,0.0046539753675460815,0.0004359930753707886,0.06311942264437675,,
31896,1.0,256,empirical_selective,cuda,0.006934858858585358,0.04866340011358261,0.0012569688260555267,0.0011835172772407532,,0.00336272269487381,,0.07000155933201313,0.005152447149157524,0.0033685043454170227
31896,1.0,256,certified_fallback,cuda,0.006934858858585358,0.04866340011358261,0.0012569688260555267,0.0008971281349658966,,0.001655111089348793,,0.0652819462120533,0.005152447149157524,0.0
31896,1.0,256,fine_mc,cpu,0.0071328915655612946,0.042036980390548706,0.0011621080338954926,0.006749296560883522,0.0,0.0,0.0003195125609636307,0.05748884007334709,,
31896,1.0,1024,fine_mc,cuda,0.005922049283981323,0.2517326567322016,0.004364870488643646,0.0022872760891914368,0.002257280111312866,0.0061949025839567184,0.0023480746895074844,0.2729451321065426,,
31896,1.0,1024,empirical_selective,cuda,0.005922049283981323,0.2517326567322016,0.004364870488643646,0.0023093856871128082,,0.0061018019914627075,,0.29303174279630184,0.018296975642442703,0.004208700731396675
31896,1.0,1024,certified_fallback,cuda,0.005922049283981323,0.2517326567322016,0.004364870488643646,0.0022892672568559647,,0.01046634092926979,,0.29494538344442844,0.018296975642442703,0.0
31896,1.0,1024,fine_mc,cpu,0.00608501210808754,0.24852847680449486,0.003698883578181267,0.028880160301923752,0.0,0.0,0.0013493597507476807,0.2886571418493986,,
31977,0.0,256,fine_mc,cuda,0.004170559346675873,0.02684643492102623,0.0013612769544124603,0.0012895185500383377,0.0012519999742507935,0.0033115092664957047,0.0009780842810869217,0.03804180957376957,,
31977,0.0,256,empirical_selective,cuda,0.004170559346675873,0.02684643492102623,0.0013612769544124603,0.0010495875030755997,,0.004735419526696205,,0.045453665778040886,0.006026502698659897,0.001179458573460579
31977,0.0,256,certified_fallback,cuda,0.004170559346675873,0.02684643492102623,0.0013612769544124603,0.0009343381971120834,,0.005095174536108971,,0.04510197415947914,0.006026502698659897,0.0
31977,0.0,256,fine_mc,cpu,0.004254711791872978,0.02947346679866314,0.0008624829351902008,0.009303595870733261,0.0,0.0,0.0005442630499601364,0.051522258669137955,,
31977,0.0,1024,fine_mc,cuda,0.004436848685145378,0.12184841930866241,0.00370599702000618,0.0022837352007627487,0.002254784107208252,0.007655153051018715,0.0019137635827064514,0.1419474184513092,,
31977,0.0,1024,empirical_selective,cuda,0.004436848685145378,0.12184841930866241,0.00370599702000618,0.002312285825610161,,0.004108220338821411,,0.17863039672374725,0.030641144141554832,0.01147397980093956
31977,0.0,1024,certified_fallback,cuda,0.004436848685145378,0.12184841930866241,0.00370599702000618,0.002284277230501175,,0.005031753331422806,,0.16979515366256237,0.030641144141554832,0.0
31977,0.0,1024,fine_mc,cpu,0.006445623934268951,0.1803333070129156,0.00244932621717453,0.041592082008719444,0.0,0.0,0.0013446304947137833,0.23234965465962887,,
31977,0.15,256,fine_mc,cuda,0.004971923306584358,0.028182724490761757,0.0007601156830787659,0.0010420680046081543,0.0010056320428848266,0.0017757713794708252,0.0004445035010576248,0.037273650988936424,,
31977,0.15,256,empirical_selective,cuda,0.004971923306584358,0.028182724490761757,0.0007601156830787659,0.0009928569197654724,,0.0017457716166973114,,0.04276798106729984,0.005200248211622238,0.0008177962154150009
31977,0.15,256,certified_fallback,cuda,0.004971923306584358,0.028182724490761757,0.0007601156830787659,0.0009443368762731552,,0.0017468295991420746,,0.04246790148317814,0.005200248211622238,0.0
31977,0.15,256,fine_mc,cpu,0.005080945789813995,0.031933145597577095,0.0008148942142724991,0.0074690524488687515,0.0,0.0,0.00037345290184020996,0.04575681872665882,,
31977,0.15,1024,fine_mc,cuda,0.0047097355127334595,0.13888825848698616,0.0026874691247940063,0.0025180596858263016,0.0024792959690093995,0.007689604535698891,0.001469118520617485,0.15897681191563606,,
31977,0.15,1024,empirical_selective,cuda,0.0047097355127334595,0.13888825848698616,0.0026874691247940063,0.002298116683959961,,0.00671599805355072,,0.19065826572477818,0.02532978728413582,0.00901433452963829
31977,0.15,1024,certified_fallback,cuda,0.0047097355127334595,0.13888825848698616,0.0026874691247940063,0.0023041758686304092,,0.006548326462507248,,0.1832442507147789,0.02532978728413582,0.0
31977,0.15,1024,fine_mc,cpu,0.005329106003046036,0.1864069104194641,0.0027616191655397415,0.0316286813467741,0.0,0.0,0.001463359221816063,0.22773263789713383,,
31977,1.0,256,fine_mc,cuda,0.005967499688267708,0.03428277000784874,0.0007706489413976669,0.0010221563279628754,0.0009870399832725525,0.001779140904545784,0.00044493377208709717,0.04435744695365429,,
31977,1.0,256,empirical_selective,cuda,0.005967499688267708,0.03428277000784874,0.0007706489413976669,0.0009925644844770432,,0.0016096960753202438,,0.04941331781446934,0.005028905346989632,0.0006709359586238861
31977,1.0,256,certified_fallback,cuda,0.005967499688267708,0.03428277000784874,0.0007706489413976669,0.000954795628786087,,0.001674693077802658,,0.049331193789839745,0.005028905346989632,0.0
31977,1.0,256,fine_mc,cpu,0.00648217648267746,0.046971725299954414,0.0008452348411083221,0.007532460615038872,0.0,0.0,0.00033875927329063416,0.0669887326657772,,
31977,1.0,1024,fine_mc,cuda,0.006024584174156189,0.2512276042252779,0.0044057611376047134,0.0023061074316501617,0.0022738559246063233,0.00675426609814167,0.002351917326450348,0.27316461503505707,,
31977,1.0,1024,empirical_selective,cuda,0.006024584174156189,0.2512276042252779,0.0044057611376047134,0.0022950060665607452,,0.005780421197414398,,0.29715545289218426,0.023685596883296967,0.0036421045660972595
31977,1.0,1024,certified_fallback,cuda,0.006024584174156189,0.2512276042252779,0.0044057611376047134,0.002300987020134926,,0.011939238756895065,,0.3014454934746027,0.023685596883296967,0.0
31977,1.0,1024,fine_mc,cpu,0.006110170856118202,0.2294875904917717,0.0030008014291524887,0.031323257833719254,0.0,0.0,0.001303020864725113,0.2726802919059992,,
32058,0.0,256,fine_mc,cuda,0.004247946664690971,0.024908924475312233,0.001128997653722763,0.0010638069361448288,0.0010274560451507568,0.0046145133674144745,0.0004220344126224518,0.03650327958166599,,
32058,0.0,256,empirical_selective,cuda,0.004247946664690971,0.024908924475312233,0.001128997653722763,0.0010184179991483688,,0.004570523276925087,,0.041616225615143776,0.005000734701752663,0.0006236247718334198
32058,0.0,256,certified_fallback,cuda,0.004247946664690971,0.024908924475312233,0.001128997653722763,0.0009261462837457657,,0.004965867847204208,,0.04186105541884899,0.005000734701752663,0.0
32058,0.0,256,fine_mc,cpu,0.004272406920790672,0.04785214550793171,0.0007647853344678879,0.006159702315926552,0.0,0.0,0.00033812038600444794,0.06725805997848511,,
32058,0.0,1024,fine_mc,cuda,0.00434768944978714,0.11128457635641098,0.0025685280561447144,0.0022931769490242004,0.002258687973022461,0.010254200547933578,0.0015108101069927216,0.13237124495208263,,
32058,0.0,1024,empirical_selective,cuda,0.00434768944978714,0.11128457635641098,0.0025685280561447144,0.0022925660014152527,,0.005757240578532219,,0.1506410911679268,0.02099156565964222,0.0032866615802049637
32058,0.0,1024,certified_fallback,cuda,0.00434768944978714,0.11128457635641098,0.0025685280561447144,0.0022911354899406433,,0.011075926944613457,,0.15439285710453987,0.02099156565964222,0.0
32058,0.0,1024,fine_mc,cpu,0.0043634697794914246,0.16619490087032318,0.0025342553853988647,0.034436751157045364,0.0,0.0,0.0013655498623847961,0.20904259011149406,,
32058,0.15,256,fine_mc,cuda,0.005041865631937981,0.023053370416164398,0.0008984971791505814,0.0010796468704938889,0.0010320639610290527,0.004704486578702927,0.00043811462819576263,0.03533477149903774,,
32058,0.15,256,empirical_selective,cuda,0.005041865631937981,0.023053370416164398,0.0008984971791505814,0.0010167844593524933,,0.004675054922699928,,0.04049157164990902,0.005022255703806877,0.0006649531424045563
32058,0.15,256,certified_fallback,cuda,0.005041865631937981,0.023053370416164398,0.0008984971791505814,0.0009722262620925903,,0.004623234272003174,,0.04077165387570858,0.005022255703806877,0.0
32058,0.15,256,fine_mc,cpu,0.0049005839973688126,0.02356373518705368,0.0006439872086048126,0.0058939699083566666,0.0,0.0,0.0003497134894132614,0.03543746843934059,,
32058,0.15,1024,fine_mc,cuda,0.004684731364250183,0.11445365846157074,0.0032431110739707947,0.0022901874035596848,0.0022599680423736573,0.010831566527485847,0.0014440082013607025,0.13701814599335194,,
32058,0.15,1024,empirical_selective,cuda,0.004684731364250183,0.11445365846157074,0.0032431110739707947,0.0022961553186178207,,0.010295761749148369,,0.1595558002591133,0.020695922896265984,0.003815576434135437
32058,0.15,1024,certified_fallback,cuda,0.004684731364250183,0.11445365846157074,0.0032431110739707947,0.002288995310664177,,0.006168404594063759,,0.1532928366214037,0.020695922896265984,0.0
32058,0.15,1024,fine_mc,cpu,0.005903970450162888,0.18643192015588284,0.0024056676775217056,0.028546050190925598,0.0,0.0,0.0014703795313835144,0.22487655095756054,,
32058,1.0,256,fine_mc,cuda,0.006987389177083969,0.03460400179028511,0.0012883786112070084,0.0010753292590379715,0.0010390080213546753,0.004899343475699425,0.0004345439374446869,0.0493775550276041,,
32058,1.0,256,empirical_selective,cuda,0.006987389177083969,0.03460400179028511,0.0012883786112070084,0.0009866151958703995,,0.004713485017418861,,0.05417707748711109,0.00490606389939785,0.0006025750190019608
32058,1.0,256,certified_fallback,cuda,0.006987389177083969,0.03460400179028511,0.0012883786112070084,0.001030419021844864,,0.0048839859664440155,,0.0544348880648613,0.00490606389939785,0.0
32058,1.0,256,fine_mc,cpu,0.007043320685625076,0.036556923761963844,0.0006786268204450607,0.006145002320408821,0.0,0.0,0.00032310374081134796,0.05085039511322975,,
32058,1.0,1024,fine_mc,cuda,0.006060119718313217,0.23125890083611012,0.002810221165418625,0.00232037715613842,0.002284096002578735,0.010059179738163948,0.0016200728714466095,0.2542677968740463,,
32058,1.0,1024,empirical_selective,cuda,0.006060119718313217,0.23125890083611012,0.002810221165418625,0.0022936761379241943,,0.005763215944170952,,0.27116222120821476,0.019549967721104622,0.0032871942967176437
32058,1.0,1024,certified_fallback,cuda,0.006060119718313217,0.23125890083611012,0.002810221165418625,0.002447487786412239,,0.009070128202438354,,0.2730592768639326,0.019549967721104622,0.0
32058,1.0,1024,fine_mc,cpu,0.0061759427189826965,0.23472180776298046,0.0027192775160074234,0.027085497975349426,0.0,0.0,0.0014448706060647964,0.2722820695489645,,
32139,0.0,256,fine_mc,cuda,0.0042141396552324295,0.02138368971645832,0.0010073985904455185,0.001066315919160843,0.0010292160511016846,0.004644244909286499,0.0004467237740755081,0.03285598009824753,,
32139,0.0,256,empirical_selective,cuda,0.0042141396552324295,0.02138368971645832,0.0010073985904455185,0.0009543560445308685,,0.00452423095703125,,0.03774704970419407,0.0049810148775577545,0.0005887523293495178
32139,0.0,256,certified_fallback,cuda,0.0042141396552324295,0.02138368971645832,0.0010073985904455185,0.0009604468941688538,,0.004971673712134361,,0.038190726190805435,0.0049810148775577545,0.0
32139,0.0,256,fine_mc,cpu,0.004619339480996132,0.0215817391872406,0.0008440073579549789,0.006458045914769173,0.0,0.0,0.00032576173543930054,0.041641369462013245,,
32139,0.0,1024,fine_mc,cuda,0.004322478547692299,0.10245222598314285,0.00232708640396595,0.00230349600315094,0.002272831916809082,0.0059695765376091,0.0014552995562553406,0.11893171444535255,,
32139,0.0,1024,empirical_selective,cuda,0.004322478547692299,0.10245222598314285,0.00232708640396595,0.0023339558392763138,,0.011032016947865486,,0.1449044719338417,0.018662340939044952,0.0036728158593177795
32139,0.0,1024,certified_fallback,cuda,0.004322478547692299,0.10245222598314285,0.00232708640396595,0.0022934656590223312,,0.005703907459974289,,0.13749514892697334,0.018662340939044952,0.0
32139,0.0,1024,fine_mc,cpu,0.00438690185546875,0.17610968090593815,0.003412822261452675,0.0329228974878788,0.0,0.0,0.001622924581170082,0.21859355457127094,,
32139,0.15,256,fine_mc,cuda,0.005926230922341347,0.025256985798478127,0.0008795149624347687,0.001096656545996666,0.0010592639446258545,0.004779284819960594,0.0004905536770820618,0.03854658827185631,,
32139,0.15,256,empirical_selective,cuda,0.005926230922341347,0.025256985798478127,0.0008795149624347687,0.001027556136250496,,0.0045750923454761505,,0.04364658519625664,0.0050658173859119415,0.0007980260998010635
32139,0.15,256,certified_fallback,cuda,0.005926230922341347,0.025256985798478127,0.0008795149624347687,0.0009391289204359055,,0.004547044634819031,,0.043313588947057724,0.0050658173859119415,0.0
32139,0.15,256,fine_mc,cpu,0.004891091957688332,0.024976735934615135,0.0010295789688825607,0.006344616413116455,0.0,0.0,0.0003358330577611923,0.03973405808210373,,
32139,0.15,1024,fine_mc,cuda,0.006127312779426575,0.11737111024558544,0.002595968544483185,0.0023215748369693756,0.0022854719161987305,0.011838959529995918,0.0016346331685781479,0.14197819866240025,,
32139,0.15,1024,empirical_selective,cuda,0.006127312779426575,0.11737111024558544,0.002595968544483185,0.0023259874433279037,,0.010870225727558136,,0.16411208547651768,0.021195368841290474,0.0035374723374843597
32139,0.15,1024,certified_fallback,cuda,0.006127312779426575,0.11737111024558544,0.002595968544483185,0.002292575314640999,,0.005990052595734596,,0.15734229981899261,0.021195368841290474,0.0
32139,0.15,1024,fine_mc,cpu,0.004951244220137596,0.18237537145614624,0.0029174797236919403,0.03518355451524258,0.0,0.0,0.0013823602348566055,0.22697563469409943,,
32139,1.0,256,fine_mc,cuda,0.006167173385620117,0.034228648990392685,0.001219049096107483,0.0011022556573152542,0.001055616021156311,0.004729943349957466,0.0004346538335084915,0.04796544276177883,,
32139,1.0,256,empirical_selective,cuda,0.006167173385620117,0.034228648990392685,0.001219049096107483,0.001019766554236412,,0.0045949313789606094,,0.05339911952614784,0.005316687747836113,0.0007691439241170883
32139,1.0,256,certified_fallback,cuda,0.006167173385620117,0.034228648990392685,0.001219049096107483,0.0010060183703899384,,0.005396883934736252,,0.05396442674100399,0.005316687747836113,0.0
32139,1.0,256,fine_mc,cpu,0.005932023748755455,0.033369531854987144,0.0006926972419023514,0.006321771070361137,0.0,0.0,0.00032791122794151306,0.0467333123087883,,
32139,1.0,1024,fine_mc,cuda,0.006161851808428764,0.23444743640720844,0.003060581162571907,0.002289876341819763,0.0022593278884887697,0.00948784314095974,0.001431681215763092,0.2570052593946457,,
32139,1.0,1024,empirical_selective,cuda,0.006161851808428764,0.23444743640720844,0.003060581162571907,0.0022984053939580917,,0.005530171096324921,,0.27424268424510956,0.019184604287147522,0.0034336447715759277
32139,1.0,1024,certified_fallback,cuda,0.006161851808428764,0.23444743640720844,0.003060581162571907,0.002293715253472328,,0.005622740834951401,,0.272627180442214,0.019184604287147522,0.0
32139,1.0,1024,fine_mc,cpu,0.006806826218962669,0.22916322760283947,0.0029173195362091064,0.024652061983942986,0.0,0.0,0.0013545118272304535,0.26501636020839214,,
32221,0.0,256,fine_mc,cuda,0.004440130665898323,0.021467300131917,0.0010292567312717438,0.0010947603732347488,0.001055616021156311,0.005216185003519058,0.0004306826740503311,0.03376724757254124,,
32221,0.0,256,empirical_selective,cuda,0.004440130665898323,0.021467300131917,0.0010292567312717438,0.001047445461153984,,0.004605099558830261,,0.03869013488292694,0.005335986614227295,0.000675983726978302
32221,0.0,256,certified_fallback,cuda,0.004440130665898323,0.021467300131917,0.0010292567312717438,0.000979546457529068,,0.004454292356967926,,0.038385117426514626,0.005335986614227295,0.0
32221,0.0,256,fine_mc,cpu,0.004284299910068512,0.02088266611099243,0.0007144063711166382,0.006521036848425865,0.0,0.0,0.0003352835774421692,0.04204224795103073,,
32221,0.0,1024,fine_mc,cuda,0.006270023062825203,0.10817979648709297,0.0025980286300182343,0.002296995371580124,0.0022667200565338135,0.009632736444473267,0.0015219617635011673,0.13062870875000954,,
32221,0.0,1024,empirical_selective,cuda,0.006270023062825203,0.10817979648709297,0.0025980286300182343,0.0023290570825338364,,0.009301034733653069,,0.1552505511790514,0.022233715280890465,0.004209728911519051
32221,0.0,1024,certified_fallback,cuda,0.006270023062825203,0.10817979648709297,0.0025980286300182343,0.0022915545850992203,,0.005635999143123627,,0.14943642169237137,0.022233715280890465,0.0
32221,0.0,1024,fine_mc,cpu,0.00479007326066494,0.17267736420035362,0.002543596550822258,0.03267720714211464,0.0,0.0,0.0012702010571956635,0.21410556696355343,,
32221,0.15,256,fine_mc,cuda,0.005136124789714813,0.02304884046316147,0.0008841957896947861,0.001079728826880455,0.0010423040390014648,0.0047287531197071075,0.0004296116530895233,0.03542000614106655,,
32221,0.15,256,empirical_selective,cuda,0.005136124789714813,0.02304884046316147,0.0008841957896947861,0.0010389480739831924,,0.004824383184313774,,0.04062125273048878,0.004968283697962761,0.0006077252328395844
32221,0.15,256,certified_fallback,cuda,0.005136124789714813,0.02304884046316147,0.0008841957896947861,0.0009495671838521957,,0.0050483811646699905,,0.040724873542785645,0.004968283697962761,0.0
32221,0.15,256,fine_mc,cpu,0.004878183826804161,0.023464174941182137,0.0007077455520629883,0.006533065810799599,0.0,0.0,0.0003688223659992218,0.036050764843821526,,
32221,0.15,1024,fine_mc,cuda,0.004619399085640907,0.11686675623059273,0.0025203879922628403,0.0022992193698883057,0.002265984058380127,0.009635724127292633,0.001460012048482895,0.13747494108974934,,
32221,0.15,1024,empirical_selective,cuda,0.004619399085640907,0.11686675623059273,0.0025203879922628403,0.0023018959909677505,,0.005662970244884491,,0.1574715692549944,0.021876322105526924,0.003550395369529724
32221,0.15,1024,certified_fallback,cuda,0.004619399085640907,0.11686675623059273,0.0025203879922628403,0.00229637511074543,,0.0055919792503118515,,0.1555524356663227,0.021876322105526924,0.0
32221,0.15,1024,fine_mc,cpu,0.005095195025205612,0.17980752512812614,0.002477027475833893,0.02312043122947216,0.0,0.0,0.0014004092663526535,0.21200534887611866,,
32221,1.0,256,fine_mc,cuda,0.005901779979467392,0.055573347955942154,0.0007603652775287628,0.001088688150048256,0.00105241596698761,0.0047309063374996185,0.00042498111724853516,0.06855894066393375,,
32221,1.0,256,empirical_selective,cuda,0.005901779979467392,0.055573347955942154,0.0007603652775287628,0.0010179877281188965,,0.004691094160079956,,0.07381941005587578,0.005000194534659386,0.0007957685738801956
32221,1.0,256,certified_fallback,cuda,0.005901779979467392,0.055573347955942154,0.0007603652775287628,0.0009245071560144424,,0.004980102181434631,,0.07377654500305653,0.005000194534659386,0.0
32221,1.0,256,fine_mc,cpu,0.006423842161893845,0.039801785722374916,0.00070241279900074,0.006538465619087219,0.0,0.0,0.00032235123217105865,0.053878165781497955,,
32221,1.0,1024,fine_mc,cuda,0.006046591326594353,0.22570695355534554,0.003129091113805771,0.0022964365780353546,0.002264096021652222,0.009690118953585625,0.0014231186360120773,0.24840239435434341,,
32221,1.0,1024,empirical_selective,cuda,0.006046591326594353,0.22570695355534554,0.003129091113805771,0.0022986065596342087,,0.005552176386117935,,0.2685854732990265,0.022418906912207603,0.0033230632543563843
32221,1.0,1024,certified_fallback,cuda,0.006046591326594353,0.22570695355534554,0.003129091113805771,0.002306075766682625,,0.011413060128688812,,0.27304012700915337,0.022418906912207603,0.0
32221,1.0,1024,fine_mc,cpu,0.006104610860347748,0.23246637172996998,0.003278762102127075,0.025900691747665405,0.0,0.0,0.0015376005321741104,0.2694215811789036,,
32302,0.0,256,fine_mc,cuda,0.0041922107338905334,0.02186938188970089,0.001000717282295227,0.0011259987950325012,0.0010873600244522095,0.004641011357307434,0.0004259403795003891,0.03333800099790096,,
32302,0.0,256,empirical_selective,cuda,0.0041922107338905334,0.02186938188970089,0.001000717282295227,0.0010167378932237625,,0.004716552793979645,,0.03866728022694588,0.005120575428009033,0.0006683636456727982
32302,0.0,256,certified_fallback,cuda,0.0041922107338905334,0.02186938188970089,0.001000717282295227,0.0009272880852222443,,0.00466100312769413,,0.03842061012983322,0.005120575428009033,0.0
32302,0.0,256,fine_mc,cpu,0.0042283497750759125,0.02297097258269787,0.000825837254524231,0.007151613011956215,0.0,0.0,0.0003615133464336395,0.04411853104829788,,
32302,0.0,1024,fine_mc,cuda,0.004408009350299835,0.10538885556161404,0.00326337106525898,0.002299036830663681,0.0022633919715881346,0.00935378111898899,0.0014362800866365433,0.12625949643552303,,
32302,0.0,1024,empirical_selective,cuda,0.004408009350299835,0.10538885556161404,0.00326337106525898,0.002301035448908806,,0.009127974510192871,,0.1502571851015091,0.022508816793560982,0.0031489599496126175
32302,0.0,1024,certified_fallback,cuda,0.004408009350299835,0.10538885556161404,0.00326337106525898,0.002314036712050438,,0.00568552128970623,,0.1453486829996109,0.022508816793560982,0.0
32302,0.0,1024,fine_mc,cpu,0.004432039335370064,0.17114093340933323,0.0025390982627868652,0.02431625872850418,0.0,0.0,0.0014010872691869736,0.20396730117499828,,
32302,0.15,256,fine_mc,cuda,0.00507560558617115,0.023738356307148933,0.0009881574660539627,0.0010818466544151306,0.0010418879985809326,0.004822835326194763,0.00043816305696964264,0.03625377453863621,,
32302,0.15,256,empirical_selective,cuda,0.00507560558617115,0.023738356307148933,0.0009881574660539627,0.0010211244225502014,,0.004621453583240509,,0.041243838146328926,0.004998896270990372,0.0006914343684911728
32302,0.15,256,certified_fallback,cuda,0.00507560558617115,0.023738356307148933,0.0009881574660539627,0.0009441450238227844,,0.0044904183596372604,,0.04091525636613369,0.004998896270990372,0.0
32302,0.15,256,fine_mc,cpu,0.0050175245851278305,0.02302796021103859,0.0006220974028110504,0.006077241152524948,0.0,0.0,0.00033402256667613983,0.035177046433091164,,
32302,0.15,1024,fine_mc,cuda,0.004685582593083382,0.1145742405205965,0.003494584932923317,0.0023044757544994354,0.002269824028015137,0.009560687467455864,0.0014309193938970566,0.13612435944378376,,
32302,0.15,1024,empirical_selective,cuda,0.004685582593083382,0.1145742405205965,0.003494584932923317,0.0022942963987588882,,0.009277213364839554,,0.15729184821248055,0.019597087055444717,0.0032949745655059814
32302,0.15,1024,certified_fallback,cuda,0.004685582593083382,0.1145742405205965,0.003494584932923317,0.002293655648827553,,0.005654808133840561,,0.15203421004116535,0.019597087055444717,0.0
32302,0.15,1024,fine_mc,cpu,0.004870470613241196,0.1862778179347515,0.0029765311628580093,0.033855946734547615,0.0,0.0,0.0015248805284500122,0.22962397150695324,,
32302,1.0,256,fine_mc,cuda,0.005948120728135109,0.03683439642190933,0.0008848961442708969,0.001062115654349327,0.0010258239507675172,0.004610493779182434,0.00042259320616722107,0.0498425867408514,,
32302,1.0,256,empirical_selective,cuda,0.005948120728135109,0.03683439642190933,0.0008848961442708969,0.0010096784681081772,,0.004520321264863014,,0.054935622960329056,0.004882402718067169,0.0007758364081382751
32302,1.0,256,certified_fallback,cuda,0.005948120728135109,0.03683439642190933,0.0008848961442708969,0.000937875360250473,,0.004408182576298714,,0.054514238610863686,0.004882402718067169,0.0
32302,1.0,256,fine_mc,cpu,0.006217464804649353,0.03300691023468971,0.0008384045213460922,0.006175534799695015,0.0,0.0,0.0003198329359292984,0.04665371961891651,,
32302,1.0,1024,fine_mc,cuda,0.006274215877056122,0.22271542437374592,0.0034400131553411484,0.002293424680829048,0.0022636799812316894,0.010339604690670967,0.0014897286891937256,0.24666772969067097,,
32302,1.0,1024,empirical_selective,cuda,0.006274215877056122,0.22271542437374592,0.0034400131553411484,0.0022954680025577545,,0.0057503413408994675,,0.2626902088522911,0.01915227435529232,0.0029471535235643387
32302,1.0,1024,certified_fallback,cuda,0.006274215877056122,0.22271542437374592,0.0034400131553411484,0.0023655295372009277,,0.005638478323817253,,0.26153116300702095,0.01915227435529232,0.0
32302,1.0,1024,fine_mc,cpu,0.006423564627766609,0.23349547013640404,0.0030114520341157913,0.02518639713525772,0.0,0.0,0.001383259892463684,0.26962587237358093,,
32383,0.0,256,fine_mc,cuda,0.004200218245387077,0.02077011577785015,0.0009619276970624924,0.001080946996808052,0.001042464017868042,0.004601571708917618,0.00043712370097637177,0.03214137442409992,,
32383,0.0,256,empirical_selective,cuda,0.004200218245387077,0.02077011577785015,0.0009619276970624924,0.001025557518005371,,0.004533199593424797,,0.03754990175366402,0.0053352490067481995,0.0006341636180877686
32383,0.0,256,certified_fallback,cuda,0.004200218245387077,0.02077011577785015,0.0009619276970624924,0.0011552199721336365,,0.005208076909184456,,0.03831445053219795,0.0053352490067481995,0.0
32383,0.0,256,fine_mc,cpu,0.005855632945895195,0.02091224491596222,0.0007662959396839142,0.0057267192751169205,0.0,0.0,0.00032573193311691284,0.038234565407037735,,
32383,0.0,1024,fine_mc,cuda,0.004287047311663628,0.1045378502458334,0.002460317686200142,0.002302408218383789,0.0022650558948516847,0.010054850950837135,0.0014451313763856888,0.12519195675849915,,
32383,0.0,1024,empirical_selective,cuda,0.004287047311663628,0.1045378502458334,0.002460317686200142,0.002301996573805809,,0.01039046235382557,,0.15050444938242435,0.022556396201252937,0.0038660280406475067
32383,0.0,1024,certified_fallback,cuda,0.004287047311663628,0.1045378502458334,0.002460317686200142,0.002293415367603302,,0.0056600868701934814,,0.14355244860053062,0.022556396201252937,0.0
32383,0.0,1024,fine_mc,cpu,0.004347093403339386,0.15654903277754784,0.0027991794049739838,0.033691637217998505,0.0,0.0,0.0012839697301387787,0.19880523160099983,,
32383,0.15,256,fine_mc,cuda,0.005000514909625053,0.022623687982559204,0.0009791161864995956,0.001072445884346962,0.0010346879959106446,0.004972333088517189,0.0004453025758266449,0.03520670905709267,,
32383,0.15,256,empirical_selective,cuda,0.005000514909625053,0.022623687982559204,0.0009791161864995956,0.0010416079312562943,,0.004610894247889519,,0.04024676978588104,0.00518682599067688,0.0006908141076564789
32383,0.15,256,certified_fallback,cuda,0.005000514909625053,0.022623687982559204,0.0009791161864995956,0.0009086765348911285,,0.0045600999146699905,,0.03994595445692539,0.00518682599067688,0.0
32383,0.15,256,fine_mc,cpu,0.004918035119771957,0.026881957426667213,0.0007918458431959152,0.006029920652508736,0.0,0.0,0.00033186376094818115,0.039039742201566696,,
32383,0.15,1024,fine_mc,cuda,0.004737162962555885,0.11967089399695396,0.0037441886961460114,0.0023064948618412018,0.0022691519260406496,0.008964663371443748,0.001619439572095871,0.1411322634667158,,
32383,0.15,1024,empirical_selective,cuda,0.004737162962555885,0.11967089399695396,0.0037441886961460114,0.0023159366101026535,,0.009922867640852928,,0.16640974767506123,0.022448355332016945,0.003480922430753708
32383,0.15,1024,certified_fallback,cuda,0.004737162962555885,0.11967089399695396,0.0037441886961460114,0.0022888947278261185,,0.005613379180431366,,0.1602674275636673,0.022448355332016945,0.0
32383,0.15,1024,fine_mc,cpu,0.006403854116797447,0.1846901886165142,0.003364911302924156,0.03512039594352245,0.0,0.0,0.0012900494039058685,0.23098715022206306,,
32383,1.0,256,fine_mc,cuda,0.0062056053429841995,0.037335870787501335,0.0009516458958387375,0.0010724477469921112,0.0010321919918060303,0.005204053595662117,0.000670112669467926,0.051524706184864044,,
32383,1.0,256,empirical_selective,cuda,0.0062056053429841995,0.037335870787501335,0.0009516458958387375,0.0011204350739717484,,0.001593591645359993,,0.05338284373283386,0.00541980005800724,0.0006709247827529907
32383,1.0,256,certified_fallback,cuda,0.0062056053429841995,0.037335870787501335,0.0009516458958387375,0.0009062755852937698,,0.0015790313482284546,,0.05305655300617218,0.00541980005800724,0.0
32383,1.0,256,fine_mc,cpu,0.006990458816289902,0.03294086083769798,0.0007462240755558014,0.005741599947214127,0.0,0.0,0.0003233402967453003,0.046833595260977745,,
32383,1.0,1024,fine_mc,cuda,0.0060155317187309265,0.2339888047426939,0.0033971238881349564,0.0023188237100839615,0.0022792000770568846,0.009780790656805038,0.001424180343747139,0.2570278812199831,,
32383,1.0,1024,empirical_selective,cuda,0.0060155317187309265,0.2339888047426939,0.0033971238881349564,0.0022974051535129547,,0.005642548203468323,,0.27389548532664776,0.019181733950972557,0.003269711509346962
32383,1.0,1024,certified_fallback,cuda,0.0060155317187309265,0.2339888047426939,0.0033971238881349564,0.002296317368745804,,0.00555700808763504,,0.2726158183068037,0.019181733950972557,0.0
32383,1.0,1024,fine_mc,cpu,0.006181331351399422,0.2359152752906084,0.0031624212861061096,0.02543964795768261,0.0,0.0,0.0012842901051044464,0.27215187810361385,,
32464,0.0,256,fine_mc,cuda,0.0041976869106292725,0.02102568745613098,0.0009451266378164291,0.0010717883706092834,0.0010321919918060303,0.004579192027449608,0.00044664181768894196,0.032349295914173126,,
32464,0.0,256,empirical_selective,cuda,0.0041976869106292725,0.02102568745613098,0.0009451266378164291,0.000964118167757988,,0.00449703074991703,,0.03732948936522007,0.004985654726624489,0.0006310120224952698
32464,0.0,256,certified_fallback,cuda,0.0041976869106292725,0.02102568745613098,0.0009451266378164291,0.0011939555406570435,,0.0048157647252082825,,0.03785322420299053,0.004985654726624489,0.0
32464,0.0,256,fine_mc,cpu,0.00428956001996994,0.022312015295028687,0.0006804149597883224,0.006299806758761406,0.0,0.0,0.0003375634551048279,0.04137339070439339,,
32464,0.0,1024,fine_mc,cuda,0.004349229857325554,0.10694681480526924,0.0026748087257146835,0.0023075751960277557,0.0022780799865722654,0.005571169778704643,0.0015069525688886642,0.12346161156892776,,
32464,0.0,1024,empirical_selective,cuda,0.004349229857325554,0.10694681480526924,0.0026748087257146835,0.002305656671524048,,0.009663553908467293,,0.14886519499123096,0.019074004143476486,0.003746066242456436
32464,0.0,1024,certified_fallback,cuda,0.004349229857325554,0.10694681480526924,0.0026748087257146835,0.0022937487810850143,,0.005802420899271965,,0.14295877516269684,0.019074004143476486,0.0
32464,0.0,1024,fine_mc,cpu,0.0042993780225515366,0.1695098653435707,0.002672949805855751,0.032261934131383896,0.0,0.0,0.0012625586241483688,0.2101150918751955,,
32464,0.15,256,fine_mc,cuda,0.004943812265992165,0.024738391861319542,0.0010057687759399414,0.0010544788092374802,0.0010173120498657227,0.004613121971487999,0.0004368741065263748,0.03689927980303764,,
32464,0.15,256,empirical_selective,cuda,0.004943812265992165,0.024738391861319542,0.0010057687759399414,0.0010143090039491653,,0.004480673000216484,,0.04200927913188934,0.0050231460481882095,0.0006963461637496948
32464,0.15,256,certified_fallback,cuda,0.004943812265992165,0.024738391861319542,0.0010057687759399414,0.0009447857737541199,,0.004530992358922958,,0.041864143684506416,0.0050231460481882095,0.0
32464,0.15,256,fine_mc,cpu,0.004914514720439911,0.023460451513528824,0.0006821360439062119,0.006314346566796303,0.0,0.0,0.00033470429480075836,0.03676261007785797,,
32464,0.15,1024,fine_mc,cuda,0.004653351381421089,0.1196146048605442,0.002397404983639717,0.0023062843829393387,0.002268768072128296,0.009910009801387787,0.0014611613005399704,0.14041326195001602,,
32464,0.15,1024,empirical_selective,cuda,0.004653351381421089,0.1196146048605442,0.002397404983639717,0.002305585891008377,,0.011082038283348083,,0.16340392269194126,0.019913777709007263,0.0033667143434286118
32464,0.15,1024,certified_fallback,cuda,0.004653351381421089,0.1196146048605442,0.002397404983639717,0.002290487289428711,,0.005697408691048622,,0.15646162256598473,0.019913777709007263,0.0
32464,0.15,1024,fine_mc,cpu,0.0049149710685014725,0.17450753971934319,0.0042328499257564545,0.03361732326447964,0.0,0.0,0.0013233795762062073,0.21871531382203102,,
32464,1.0,256,fine_mc,cuda,0.006251754239201546,0.037230709567666054,0.0010389387607574463,0.0011354684829711914,0.001088256001472473,0.0047268345952034,0.00045132264494895935,0.05091421864926815,,
32464,1.0,256,empirical_selective,cuda,0.006251754239201546,0.037230709567666054,0.0010389387607574463,0.0010383669286966324,,0.0045546311885118484,,0.05570240691304207,0.004936324432492256,0.0005724914371967316
32464,1.0,256,certified_fallback,cuda,0.006251754239201546,0.037230709567666054,0.0010389387607574463,0.0010153371840715408,,0.004496879875659943,,0.05564408004283905,0.004936324432492256,0.0
32464,1.0,256,fine_mc,cpu,0.006059760227799416,0.036813585087656975,0.0008297450840473175,0.007020680233836174,0.0,0.0,0.000334741547703743,0.05115251615643501,,
32464,1.0,1024,fine_mc,cuda,0.006739916279911995,0.22730733267962933,0.002874620258808136,0.0023024659603834152,0.0022655999660491943,0.00991641916334629,0.001461980864405632,0.25070763006806374,,
32464,1.0,1024,empirical_selective,cuda,0.006739916279911995,0.22730733267962933,0.002874620258808136,0.0023291967809200287,,0.005534268915653229,,0.2702107857912779,0.022083163261413574,0.0032373927533626556
32464,1.0,1024,certified_fallback,cuda,0.006739916279911995,0.22730733267962933,0.002874620258808136,0.0023259446024894714,,0.00907895341515541,,0.272171039134264,0.022083163261413574,0.0
32464,1.0,1024,fine_mc,cpu,0.006423473358154297,0.23256272077560425,0.0026706866919994354,0.025045452639460564,0.0,0.0,0.0013673510402441025,0.26820497028529644,,
32545,0.0,256,fine_mc,cuda,0.005531691014766693,0.021643169224262238,0.0010119974613189697,0.0010815076529979706,0.0010428160429000854,0.004737367853522301,0.00043814070522785187,0.03453671373426914,,
32545,0.0,256,empirical_selective,cuda,0.005531691014766693,0.021643169224262238,0.0010119974613189697,0.0010254662483930588,,0.004608500748872757,,0.039420824497938156,0.004890935495495796,0.0006162244826555252
32545,0.0,256,certified_fallback,cuda,0.005531691014766693,0.021643169224262238,0.0010119974613189697,0.0009221844375133514,,0.00473206490278244,,0.03939208388328552,0.004890935495495796,0.0
32545,0.0,256,fine_mc,cpu,0.004277888685464859,0.021470408886671066,0.0007551256567239761,0.006837587803602219,0.0,0.0,0.0003516320139169693,0.04226914420723915,,
32545,0.0,1024,fine_mc,cuda,0.005928192287683487,0.109511723741889,0.002775028347969055,0.0024222061038017273,0.002378335952758789,0.009511644020676613,0.0014859605580568314,0.13179405592381954,,
32545,0.0,1024,empirical_selective,cuda,0.005928192287683487,0.109511723741889,0.002775028347969055,0.0023047663271427155,,0.005606668069958687,,0.1478840708732605,0.018711019307374954,0.002887371927499771
32545,0.0,1024,certified_fallback,cuda,0.005928192287683487,0.109511723741889,0.002775028347969055,0.002301035448908806,,0.009928049519658089,,0.15113631263375282,0.018711019307374954,0.0
32545,0.0,1024,fine_mc,cpu,0.004469601437449455,0.17345973290503025,0.002686530351638794,0.026765218004584312,0.0,0.0,0.001331167295575142,0.20889753475785255,,
32545,0.15,256,fine_mc,cuda,0.0051008351147174835,0.023539545014500618,0.0013597607612609863,0.0010999366641044617,0.001060960054397583,0.0048937611281871796,0.000447884202003479,0.036559874191880226,,
32545,0.15,256,empirical_selective,cuda,0.0051008351147174835,0.023539545014500618,0.0013597607612609863,0.0010284874588251114,,0.00458608940243721,,0.04143257811665535,0.0049570538103580475,0.0007426552474498749
32545,0.15,256,certified_fallback,cuda,0.0051008351147174835,0.023539545014500618,0.0013597607612609863,0.0009361263364553452,,0.004483990371227264,,0.0410737581551075,0.0049570538103580475,0.0
32545,0.15,256,fine_mc,cpu,0.004925783723592758,0.025262968614697456,0.0007058177143335342,0.006385102868080139,0.0,0.0,0.0003051329404115677,0.03768581338226795,,
32545,0.15,1024,fine_mc,cuda,0.004878515377640724,0.11247822269797325,0.004166197031736374,0.0023024361580610275,0.0022714240550994872,0.009675707668066025,0.0015651416033506393,0.13514197245240211,,
32545,0.15,1024,empirical_selective,cuda,0.004878515377640724,0.11247822269797325,0.004166197031736374,0.0023086145520210266,,0.005509296432137489,,0.15419979207217693,0.021568242460489273,0.003214951604604721
32545,0.15,1024,certified_fallback,cuda,0.004878515377640724,0.11247822269797325,0.004166197031736374,0.0023028161376714706,,0.005637090653181076,,0.152775464579463,0.021568242460489273,0.0
32545,0.15,1024,fine_mc,cpu,0.005070285871624947,0.1803310178220272,0.003199175000190735,0.03563091717660427,0.0,0.0,0.0012142490595579147,0.22559904493391514,,
32545,1.0,256,fine_mc,cuda,0.00598757341504097,0.03713035024702549,0.0007880441844463348,0.0010777562856674194,0.0010409599542617798,0.004785438999533653,0.0004627630114555359,0.0503128245472908,,
32545,1.0,256,empirical_selective,cuda,0.00598757341504097,0.03713035024702549,0.0007880441844463348,0.001071808859705925,,0.004769112914800644,,0.056106120347976685,0.005023345351219177,0.001254986971616745
32545,1.0,256,certified_fallback,cuda,0.00598757341504097,0.03713035024702549,0.0007880441844463348,0.000891396775841713,,0.004628274589776993,,0.055089324712753296,0.005023345351219177,0.0
32545,1.0,256,fine_mc,cpu,0.006052311509847641,0.03991705924272537,0.0007792636752128601,0.0060730911791324615,0.0,0.0,0.0003559328615665436,0.05326987989246845,,
32545,1.0,1024,fine_mc,cuda,0.006083264946937561,0.2343233935534954,0.004170868545770645,0.0023144837468862534,0.0022814080715179443,0.009622585028409958,0.0014705788344144821,0.2580908741801977,,
32545,1.0,1024,empirical_selective,cuda,0.006083264946937561,0.2343233935534954,0.004170868545770645,0.0023083556443452835,,0.0055664293467998505,,0.27428824454545975,0.01878245174884796,0.0029477812349796295
32545,1.0,1024,certified_fallback,cuda,0.006083264946937561,0.2343233935534954,0.004170868545770645,0.002307794988155365,,0.0056009478867053986,,0.2732957061380148,0.01878245174884796,0.0
32545,1.0,1024,fine_mc,cpu,0.006193673238158226,0.23372248001396656,0.0026972591876983643,0.02480410411953926,0.0,0.0,0.0014575198292732239,0.268995925784111,,
32627,0.0,256,fine_mc,cuda,0.004221627488732338,0.022482097148895264,0.0007520727813243866,0.0010772477835416794,0.0010371520519256593,0.00461004301905632,0.0004413444548845291,0.033669477328658104,,
32627,0.0,256,empirical_selective,cuda,0.004221627488732338,0.022482097148895264,0.0007520727813243866,0.0010153762996196747,,0.004571558907628059,,0.03896234929561615,0.005117414519190788,0.0007171574980020523
32627,0.0,256,certified_fallback,cuda,0.004221627488732338,0.022482097148895264,0.0007520727813243866,0.0009406749159097672,,0.004790155217051506,,0.03897088021039963,0.005117414519190788,0.0
32627,0.0,256,fine_mc,cpu,0.004285519942641258,0.020915435627102852,0.00070168636739254,0.006414275616407394,0.0,0.0,0.00032205134630203247,0.0404482614248991,,
32627,0.0,1024,fine_mc,cuda,0.004455292597413063,0.10863304510712624,0.0030800998210906982,0.0023119263350963593,0.0022776639461517334,0.009325776249170303,0.001426728442311287,0.12934844940900803,,
32627,0.0,1024,empirical_selective,cuda,0.004455292597413063,0.10863304510712624,0.0030800998210906982,0.002306463196873665,,0.009800327941775322,,0.15519812516868114,0.02294807881116867,0.0038592368364334106
32627,0.0,1024,certified_fallback,cuda,0.004455292597413063,0.10863304510712624,0.0030800998210906982,0.0022965669631958008,,0.005652489140629768,,0.14892303384840488,0.02294807881116867,0.0
32627,0.0,1024,fine_mc,cpu,0.0043729618191719055,0.1761933583766222,0.002522766590118408,0.03343266434967518,0.0,0.0,0.0013012196868658066,0.21794703230261803,,
32627,0.15,256,fine_mc,cuda,0.004973273724317551,0.023637736216187477,0.000951496884226799,0.0010678451508283615,0.0010293439626693727,0.004855714738368988,0.0004633236676454544,0.03606265224516392,,
32627,0.15,256,empirical_selective,cuda,0.004973273724317551,0.023637736216187477,0.000951496884226799,0.0009902045130729675,,0.004669182002544403,,0.041882168501615524,0.0059562306851148605,0.0005907826125621796
32627,0.15,256,certified_fallback,cuda,0.004973273724317551,0.023637736216187477,0.000951496884226799,0.0009569432586431503,,0.00477544404566288,,0.041921740397810936,0.0059562306851148605,0.0
32627,0.15,256,fine_mc,cpu,0.0049490537494421005,0.023664802312850952,0.0007633455097675323,0.005885230377316475,0.0,0.0,0.0003338325768709183,0.035691337659955025,,
32627,0.15,1024,fine_mc,cuda,0.004725422710180283,0.11513214185833931,0.0032746847718954086,0.002300456166267395,0.0022659199237823487,0.010624082759022713,0.001451319083571434,0.13758504576981068,,
32627,0.15,1024,empirical_selective,cuda,0.004725422710180283,0.11513214185833931,0.0032746847718954086,0.002316335216164589,,0.009685268625617027,,0.1598487552255392,0.021464720368385315,0.0031732432544231415
32627,0.15,1024,certified_fallback,cuda,0.004725422710180283,0.11513214185833931,0.0032746847718954086,0.0022984258830547333,,0.005621477961540222,,0.1544718574732542,0.021464720368385315,0.0
32627,0.15,1024,fine_mc,cpu,0.005000876262784004,0.18615850992500782,0.0024899691343307495,0.036286402493715286,0.0,0.0,0.0015322919934988022,0.23158355616033077,,
32627,1.0,256,fine_mc,cuda,0.006799178197979927,0.03845521807670593,0.0008047353476285934,0.0010770075023174286,0.0010374079942703247,0.004812564700841904,0.000420350581407547,0.052448904141783714,,
32627,1.0,256,empirical_selective,cuda,0.006799178197979927,0.03845521807670593,0.0008047353476285934,0.0010255388915538788,,0.00483076274394989,,0.05770114064216614,0.0049310531467199326,0.0007748045027256012
32627,1.0,256,certified_fallback,cuda,0.006799178197979927,0.03845521807670593,0.0008047353476285934,0.0009219758212566376,,0.004729794338345528,,0.05728350952267647,0.0049310531467199326,0.0
32627,1.0,256,fine_mc,cpu,0.005919832736253738,0.03611200302839279,0.0008377060294151306,0.007363239303231239,0.0,0.0,0.0005384143441915512,0.050858886912465096,,
32627,1.0,1024,fine_mc,cuda,0.005947910249233246,0.220776179805398,0.002644188702106476,0.0022866856306791306,0.002254944086074829,0.005501167848706245,0.0014198608696460724,0.2386706229299307,,
32627,1.0,1024,empirical_selective,cuda,0.005947910249233246,0.220776179805398,0.002644188702106476,0.002309836447238922,,0.005575910210609436,,0.26077819988131523,0.020419344305992126,0.003010200336575508
32627,1.0,1024,certified_fallback,cuda,0.005947910249233246,0.220776179805398,0.002644188702106476,0.002299463376402855,,0.010875346139073372,,0.2648073174059391,0.020419344305992126,0.0
32627,1.0,1024,fine_mc,cpu,0.00652446411550045,0.2373086642473936,0.0036126356571912766,0.024170756340026855,0.0,0.0,0.001322828233242035,0.2730824537575245,,
32708,0.0,256,fine_mc,cuda,0.00422038696706295,0.02286345325410366,0.001043807715177536,0.001078147441148758,0.0010386240482330323,0.004951493814587593,0.00043630413711071014,0.03468018211424351,,
32708,0.0,256,empirical_selective,cuda,0.00422038696706295,0.02286345325410366,0.001043807715177536,0.0017029419541358948,,0.0036308653652668,,0.03933313488960266,0.004966074600815773,0.0008190162479877472
32708,0.0,256,certified_fallback,cuda,0.00422038696706295,0.02286345325410366,0.001043807715177536,0.0009073745459318161,,0.0012959111481904984,,0.03595801256597042,0.004966074600815773,0.0
32708,0.0,256,fine_mc,cpu,0.004229210317134857,0.02051013521850109,0.0006553959101438522,0.005785401910543442,0.0,0.0,0.00031989067792892456,0.03889383003115654,,
32708,0.0,1024,fine_mc,cuda,0.004341971129179001,0.10439622774720192,0.0025628358125686646,0.0022866465151309967,0.0022568318843841553,0.009670237079262733,0.0014487523585557938,0.12481424398720264,,
32708,0.0,1024,empirical_selective,cuda,0.004341971129179001,0.10439622774720192,0.0025628358125686646,0.00231141597032547,,0.009502610191702843,,0.14651339501142502,0.020056961104273796,0.003233799710869789
32708,0.0,1024,certified_fallback,cuda,0.004341971129179001,0.10439622774720192,0.0025628358125686646,0.002293534576892853,,0.005551571026444435,,0.14097837544977665,0.020056961104273796,0.0
32708,0.0,1024,fine_mc,cpu,0.004385601729154587,0.17494609020650387,0.0035720746964216232,0.034442340955138206,0.0,0.0,0.0013186372816562653,0.2188019249588251,,
32708,0.15,256,fine_mc,cuda,0.004956817254424095,0.023987695574760437,0.0009828358888626099,0.0010690372437238693,0.001030303955078125,0.004573233425617218,0.00044499151408672333,0.036129193380475044,,
32708,0.15,256,empirical_selective,cuda,0.004956817254424095,0.023987695574760437,0.0009828358888626099,0.0010234881192445755,,0.004954461008310318,,0.04169144853949547,0.004981234669685364,0.0006903335452079773
32708,0.15,256,certified_fallback,cuda,0.004956817254424095,0.023987695574760437,0.0009828358888626099,0.0009314659982919693,,0.004469562321901321,,0.040980296209454536,0.004981234669685364,0.0
32708,0.15,256,fine_mc,cpu,0.00478290393948555,0.02258051559329033,0.000613844022154808,0.00609217956662178,0.0,0.0,0.0003621447831392288,0.03451582044363022,,
32708,0.15,1024,fine_mc,cuda,0.004636364057660103,0.11265556514263153,0.002555767074227333,0.002303995192050934,0.0022674241065979003,0.010234607383608818,0.0014399997889995575,0.13389774970710278,,
32708,0.15,1024,empirical_selective,cuda,0.004636364057660103,0.11265556514263153,0.002555767074227333,0.0023046955466270447,,0.005540028214454651,,0.15379243344068527,0.022794488817453384,0.003234073519706726
32708,0.15,1024,certified_fallback,cuda,0.004636364057660103,0.11265556514263153,0.002555767074227333,0.0022939257323741913,,0.00992385670542717,,0.15678501315414906,0.022794488817453384,0.0
32708,0.15,1024,fine_mc,cpu,0.00499974749982357,0.12070885114371777,0.0027571599930524826,0.03201211243867874,0.0,0.0,0.0015560314059257507,0.1621877122670412,,
32708,1.0,256,fine_mc,cuda,0.007487252354621887,0.05238521657884121,0.0014004595577716827,0.0010583680123090744,0.0010210880041122436,0.004686623811721802,0.0004362538456916809,0.067533353343606,,
32708,1.0,256,empirical_selective,cuda,0.007487252354621887,0.05238521657884121,0.0014004595577716827,0.0010129772126674652,,0.004588058218359947,,0.07260712422430515,0.004900572821497917,0.0007534082978963852
32708,1.0,256,certified_fallback,cuda,0.007487252354621887,0.05238521657884121,0.0014004595577716827,0.0009339265525341034,,0.0046569909900426865,,0.07287241704761982,0.004900572821497917,0.0
32708,1.0,256,fine_mc,cpu,0.008221888914704323,0.035300975665450096,0.0007071066647768021,0.00716605968773365,0.0,0.0,0.00032678060233592987,0.051818329840898514,,
32708,1.0,1024,fine_mc,cuda,0.006091240793466568,0.2322964109480381,0.002998979762196541,0.002313457429409027,0.0022760319709777834,0.010393522679805756,0.0014967583119869232,0.2556948736310005,,
32708,1.0,1024,empirical_selective,cuda,0.006091240793466568,0.2322964109480381,0.002998979762196541,0.002295086160302162,,0.005506657063961029,,0.27200152166187763,0.01968318037688732,0.0030254628509283066
32708,1.0,1024,certified_fallback,cuda,0.006091240793466568,0.2322964109480381,0.002998979762196541,0.0022919438779354095,,0.0056687649339437485,,0.27097682282328606,0.01968318037688732,0.0
32708,1.0,1024,fine_mc,cpu,0.00635751336812973,0.2335730902850628,0.0029100924730300903,0.024228379130363464,0.0,0.0,0.0018359329551458359,0.2690409179776907,,
32789,0.0,256,fine_mc,cuda,0.005405327305197716,0.022008763626217842,0.0009940285235643387,0.001299288123846054,0.0012573440074920654,0.004651889204978943,0.00045718252658843994,0.034913958981633186,,
32789,0.0,256,empirical_selective,cuda,0.005405327305197716,0.022008763626217842,0.0009940285235643387,0.0010207872837781906,,0.004492415115237236,,0.03985007107257843,0.00516868568956852,0.0006625838577747345
32789,0.0,256,certified_fallback,cuda,0.005405327305197716,0.022008763626217842,0.0009940285235643387,0.0009234882891178131,,0.0044729989022016525,,0.039634088054299355,0.00516868568956852,0.0
32789,0.0,256,fine_mc,cpu,0.004327358677983284,0.022623425349593163,0.0007620658725500107,0.006229422986507416,0.0,0.0,0.0003205128014087677,0.043540772050619125,,
32789,0.0,1024,fine_mc,cuda,0.004757311195135117,0.1040014773607254,0.0026896893978118896,0.002295607700943947,0.002262592077255249,0.01027810201048851,0.0014575794339179993,0.1255871970206499,,
32789,0.0,1024,empirical_selective,cuda,0.004757311195135117,0.1040014773607254,0.0026896893978118896,0.002328885719180107,,0.011107947677373886,,0.14982984587550163,0.021652761846780777,0.0031843427568674088
32789,0.0,1024,certified_fallback,cuda,0.004757311195135117,0.1040014773607254,0.0026896893978118896,0.002300255000591278,,0.005582192912697792,,0.14281650632619858,0.021652761846780777,0.0
32789,0.0,1024,fine_mc,cpu,0.004350621253252029,0.17119600623846054,0.003777114674448967,0.03452129848301411,0.0,0.0,0.001528700813651085,0.21549511142075062,,
32789,0.15,256,fine_mc,cuda,0.005205186083912849,0.023800356313586235,0.0009242165833711624,0.0010599177330732346,0.0010234880447387695,0.0045770928263664246,0.00043631158769130707,0.03612431138753891,,
32789,0.15,256,empirical_selective,cuda,0.005205186083912849,0.023800356313586235,0.0009242165833711624,0.0010412894189357758,,0.004880562424659729,,0.04155343770980835,0.004944333806633949,0.0006362628191709518
32789,0.15,256,certified_fallback,cuda,0.005205186083912849,0.023800356313586235,0.0009242165833711624,0.0009880587458610535,,0.0045271217823028564,,0.04110020771622658,0.004944333806633949,0.0
32789,0.15,256,fine_mc,cpu,0.0048827845603227615,0.024860935285687447,0.0008131265640258789,0.006360985338687897,0.0,0.0,0.0003410112112760544,0.03735317103564739,,
32789,0.15,1024,fine_mc,cuda,0.004647333174943924,0.11596726812422276,0.0026959888637065887,0.0022889655083417892,0.002258271932601929,0.010355804115533829,0.0016737114638090134,0.13770375214517117,,
32789,0.15,1024,empirical_selective,cuda,0.004647333174943924,0.11596726812422276,0.0026959888637065887,0.002304375171661377,,0.010221462696790695,,0.16027972102165222,0.021379869431257248,0.0029887426644563675
32789,0.15,1024,certified_fallback,cuda,0.004647333174943924,0.11596726812422276,0.0026959888637065887,0.002292037010192871,,0.005669457837939262,,0.15439484640955925,0.021379869431257248,0.0
32789,0.15,1024,fine_mc,cpu,0.005027325823903084,0.18416239693760872,0.005590727552771568,0.028116555884480476,0.0,0.0,0.0011732690036296844,0.2242099642753601,,
32789,1.0,256,fine_mc,cuda,0.005999250337481499,0.04318620450794697,0.0011875554919242859,0.0010044258087873459,0.0009696959853172303,0.0017153918743133545,0.0004454907029867172,0.05361228063702583,,
32789,1.0,256,empirical_selective,cuda,0.005999250337481499,0.04318620450794697,0.0011875554919242859,0.0009674262255430222,,0.0016619302332401276,,0.05884602852165699,0.004979584366083145,0.0007901154458522797
32789,1.0,256,certified_fallback,cuda,0.005999250337481499,0.04318620450794697,0.0011875554919242859,0.0008983463048934937,,0.0016153417527675629,,0.058476608246564865,0.004979584366083145,0.0
32789,1.0,256,fine_mc,cpu,0.005920540541410446,0.03662266582250595,0.000746704638004303,0.005654849112033844,0.0,0.0,0.00032092444598674774,0.04935714602470398,,
32789,1.0,1024,fine_mc,cuda,0.006145872175693512,0.2239711508154869,0.0028571002185344696,0.0022945161908864975,0.0022649281024932862,0.01110183633863926,0.0015242714434862137,0.24799991957843304,,
32789,1.0,1024,empirical_selective,cuda,0.006145872175693512,0.2239711508154869,0.0028571002185344696,0.0022980570793151855,,0.005684930831193924,,0.2626236639916897,0.01850202865898609,0.0030593518167734146
32789,1.0,1024,certified_fallback,cuda,0.006145872175693512,0.2239711508154869,0.0028571002185344696,0.0022939350455999374,,0.006199833005666733,,0.26195660792291164,0.01850202865898609,0.0
32789,1.0,1024,fine_mc,cpu,0.0061782728880643845,0.23219959065318108,0.002902880311012268,0.02371731586754322,0.0,0.0,0.001608213409781456,0.26672956161201,,
32870,0.0,256,fine_mc,cuda,0.004172388464212418,0.021298928186297417,0.0010129474103450775,0.001069469377398491,0.0010312639474868775,0.0047042835503816605,0.00045318156480789185,0.032796530053019524,,
32870,0.0,256,empirical_selective,cuda,0.004172388464212418,0.021298928186297417,0.0010129474103450775,0.001034654676914215,,0.00451786071062088,,0.03770774230360985,0.004923846572637558,0.0006617847830057144
32870,0.0,256,certified_fallback,cuda,0.004172388464212418,0.021298928186297417,0.0010129474103450775,0.0009370855987071991,,0.004977215081453323,,0.037982428446412086,0.004923846572637558,0.0
32870,0.0,256,fine_mc,cpu,0.004333270713686943,0.025749819353222847,0.000985078513622284,0.0062845926731824875,0.0,0.0,0.000326031818985939,0.04627923108637333,,
32870,0.0,1024,fine_mc,cuda,0.0043420083820819855,0.10590223968029022,0.0026216190308332443,0.0023010652512311935,0.002270944118499756,0.010205680504441261,0.0015117675065994263,0.12698663212358952,,
32870,0.0,1024,empirical_selective,cuda,0.0043420083820819855,0.10590223968029022,0.0026216190308332443,0.002299964427947998,,0.013322383165359497,,0.15092574059963226,0.01918717287480831,0.003148101270198822
32870,0.0,1024,certified_fallback,cuda,0.0043420083820819855,0.10590223968029022,0.0026216190308332443,0.0023003052920103073,,0.006333382800221443,,0.14255817607045174,0.01918717287480831,0.0
32870,0.0,1024,fine_mc,cpu,0.0046223122626543045,0.16692549362778664,0.0031274519860744476,0.03322596289217472,0.0,0.0,0.0011521968990564346,0.20916414819657803,,
32870,0.15,256,fine_mc,cuda,0.004978464916348457,0.026406416669487953,0.0009421762079000473,0.001077568158507347,0.0010297919511795045,0.004607111215591431,0.0004498139023780823,0.03857174888253212,,
32870,0.15,256,empirical_selective,cuda,0.004978464916348457,0.026406416669487953,0.0009421762079000473,0.0010307058691978455,,0.004617650061845779,,0.043762270361185074,0.004997314885258675,0.0006793439388275146
32870,0.15,256,certified_fallback,cuda,0.004978464916348457,0.026406416669487953,0.0009421762079000473,0.0009459946304559708,,0.004804806783795357,,0.043724965304136276,0.004997314885258675,0.0
32870,0.15,256,fine_mc,cpu,0.004916004836559296,0.022776208817958832,0.0007504969835281372,0.008177017793059349,0.0,0.0,0.0003298819065093994,0.0370415598154068,,
32870,0.15,1024,fine_mc,cuda,0.0050538163632154465,0.11417288519442081,0.0031636133790016174,0.0022884849458932877,0.0022576639652252197,0.009600406512618065,0.0015115495771169662,0.13588065467774868,,
32870,0.15,1024,empirical_selective,cuda,0.0050538163632154465,0.11417288519442081,0.0031636133790016174,0.0023106448352336884,,0.010710814967751503,,0.1598804071545601,0.021226439625024796,0.003152294084429741
32870,0.15,1024,certified_fallback,cuda,0.0050538163632154465,0.11417288519442081,0.0031636133790016174,0.002293908968567848,,0.006169235333800316,,0.15390128456056118,0.021226439625024796,0.0
32870,0.15,1024,fine_mc,cpu,0.0050430744886398315,0.1829289086163044,0.002985810860991478,0.03384734317660332,0.0,0.0,0.0013437606394290924,0.2262756060808897,,
32870,1.0,256,fine_mc,cuda,0.006072362884879112,0.03485555201768875,0.0010963287204504013,0.0011835377663373947,0.0011439679861068727,0.004885025322437286,0.00045974552631378174,0.048631513491272926,,
32870,1.0,256,empirical_selective,cuda,0.006072362884879112,0.03485555201768875,0.0010963287204504013,0.0010079164057970047,,0.004605023190379143,,0.053360590711236,0.005012452602386475,0.0006319936364889145
32870,1.0,256,certified_fallback,cuda,0.006072362884879112,0.03485555201768875,0.0010963287204504013,0.0010130386799573898,,0.004717515781521797,,0.053417449817061424,0.005012452602386475,0.0
32870,1.0,256,fine_mc,cpu,0.00628836452960968,0.03547493740916252,0.0008609164506196976,0.006492754444479942,0.0,0.0,0.00033149123191833496,0.04954551346600056,,
32870,1.0,1024,fine_mc,cuda,0.006250904873013496,0.17512693256139755,0.002819150686264038,0.0023018773645162582,0.0022673280239105223,0.011153038591146469,0.0014442801475524902,0.20040746964514256,,
32870,1.0,1024,empirical_selective,cuda,0.006250904873013496,0.17512693256139755,0.002819150686264038,0.002301909029483795,,0.0059723928570747375,,0.2167543675750494,0.019815407693386078,0.003156384453177452
32870,1.0,1024,certified_fallback,cuda,0.006250904873013496,0.17512693256139755,0.002819150686264038,0.0022957753390073776,,0.00961819663643837,,0.2189078163355589,0.019815407693386078,0.0
32870,1.0,1024,fine_mc,cpu,0.006114961579442024,0.23696471191942692,0.0035905838012695312,0.026180479675531387,0.0,0.0,0.001399252563714981,0.2743858639150858,,
32952,0.0,256,fine_mc,cuda,0.004280140623450279,0.022248003631830215,0.0010921694338321686,0.0010714754462242126,0.0010344959497451782,0.004889210686087608,0.00045730359852313995,0.03412126377224922,,
32952,0.0,256,empirical_selective,cuda,0.004280140623450279,0.022248003631830215,0.0010921694338321686,0.0010354183614253998,,0.004608552902936935,,0.039077822118997574,0.005096852779388428,0.00063372403383255
32952,0.0,256,certified_fallback,cuda,0.004280140623450279,0.022248003631830215,0.0010921694338321686,0.0009606238454580307,,0.0046242401003837585,,0.03894353099167347,0.005096852779388428,0.0
32952,0.0,256,fine_mc,cpu,0.004374822601675987,0.020381812006235123,0.0007034838199615479,0.0062515344470739365,0.0,0.0,0.0004295520484447479,0.0371105782687664,,
32952,0.0,1024,fine_mc,cuda,0.004508651793003082,0.10396659560501575,0.002842877060174942,0.0022885240614414215,0.0022581119537353517,0.010471763089299202,0.0015477314591407776,0.12574832700192928,,
32952,0.0,1024,empirical_selective,cuda,0.004508651793003082,0.10396659560501575,0.002842877060174942,0.0023101866245269775,,0.012113014236092567,,0.14947441220283508,0.020299511030316353,0.003311391919851303
32952,0.0,1024,certified_fallback,cuda,0.004508651793003082,0.10396659560501575,0.002842877060174942,0.0022922437638044357,,0.0061086732894182205,,0.1418173685669899,0.020299511030316353,0.0
32952,0.0,1024,fine_mc,cpu,0.004297299310564995,0.1676686368882656,0.0027586016803979874,0.03358311578631401,0.0,0.0,0.0012695267796516418,0.20969954319298267,,
32952,0.15,256,fine_mc,cuda,0.0049552228301763535,0.024107269942760468,0.0010113082826137543,0.0011415686458349228,0.0011039040088653565,0.005257356911897659,0.00047902390360832214,0.037067610770463943,,
32952,0.15,256,empirical_selective,cuda,0.0049552228301763535,0.024107269942760468,0.0010113082826137543,0.001006387174129486,,0.004910474643111229,,0.042016204446554184,0.005276376381516457,0.0006333049386739731
32952,0.15,256,certified_fallback,cuda,0.0049552228301763535,0.024107269942760468,0.0010113082826137543,0.0009988285601139069,,0.005258096382021904,,0.04230310581624508,0.005276376381516457,0.0
32952,0.15,256,fine_mc,cpu,0.005025934427976608,0.024688081815838814,0.000962546095252037,0.006380714476108551,0.0,0.0,0.00034254416823387146,0.039783889427781105,,
32952,0.15,1024,fine_mc,cuda,0.004688695073127747,0.11717313900589943,0.0034319236874580383,0.0022985562682151794,0.002268320083618164,0.010489417240023613,0.0014418791979551315,0.1396054569631815,,
32952,0.15,1024,empirical_selective,cuda,0.004688695073127747,0.11717313900589943,0.0034319236874580383,0.002293488010764122,,0.011064209043979645,,0.16277704015374184,0.021144960075616837,0.0028987787663936615
32952,0.15,1024,certified_fallback,cuda,0.004688695073127747,0.11717313900589943,0.0034319236874580383,0.0022904854267835617,,0.006112691015005112,,0.15657307393848896,0.021144960075616837,0.0
32952,0.15,1024,fine_mc,cpu,0.004937203601002693,0.17660322412848473,0.003597905859351158,0.025116275995969772,0.0,0.0,0.0013028793036937714,0.21166868694126606,,
32952,1.0,256,fine_mc,cuda,0.006029162555932999,0.043791767209768295,0.0010532289743423462,0.0010397061705589294,0.0010032320022583007,0.003640003502368927,0.0004467163234949112,0.056084753945469856,,
32952,1.0,256,empirical_selective,cuda,0.006029162555932999,0.043791767209768295,0.0010532289743423462,0.001023685559630394,,0.0016923528164625168,,0.05945611000061035,0.0049679577350616455,0.0008137859404087067
32952,1.0,256,certified_fallback,cuda,0.006029162555932999,0.043791767209768295,0.0010532289743423462,0.0009061358869075775,,0.0016393586993217468,,0.05902906879782677,0.0049679577350616455,0.0
32952,1.0,256,fine_mc,cpu,0.006000792607665062,0.03308757022023201,0.0007895249873399734,0.005636679008603096,0.0,0.0,0.0003164205700159073,0.04591895826160908,,
32952,1.0,1024,fine_mc,cuda,0.006057381629943848,0.2283775545656681,0.0030747316777706146,0.002287834882736206,0.002258687973022461,0.011625060811638832,0.001445479691028595,0.2529705837368965,,
32952,1.0,1024,empirical_selective,cuda,0.006057381629943848,0.2283775545656681,0.0030747316777706146,0.0023028161376714706,,0.005757909268140793,,0.2679843604564667,0.019176915287971497,0.003134511411190033
32952,1.0,1024,certified_fallback,cuda,0.006057381629943848,0.2283775545656681,0.0030747316777706146,0.002292996272444725,,0.006254762411117554,,0.2670652028173208,0.019176915287971497,0.0
32952,1.0,1024,fine_mc,cpu,0.006119634956121445,0.23196917586028576,0.0028893984854221344,0.02420854941010475,0.0,0.0,0.0012779291719198227,0.2665849197655916,,
33033,0.0,256,fine_mc,cuda,0.004173820838332176,0.021049726754426956,0.0007754452526569366,0.0010671578347682953,0.0010308799743652343,0.004574371501803398,0.00042596273124217987,0.032151103019714355,,
33033,0.0,256,empirical_selective,cuda,0.004173820838332176,0.021049726754426956,0.0007754452526569366,0.0010408181697130203,,0.00481170229613781,,0.037612101063132286,0.004869123920798302,0.0008068457245826721
33033,0.0,256,certified_fallback,cuda,0.004173820838332176,0.021049726754426956,0.0007754452526569366,0.0009523071348667145,,0.004663750529289246,,0.03712431900203228,0.004869123920798302,0.0
33033,0.0,256,fine_mc,cpu,0.004253638908267021,0.02089557610452175,0.0007129441946744919,0.006726078689098358,0.0,0.0,0.00032491981983184814,0.03812154568731785,,
33033,0.0,1024,fine_mc,cuda,0.004342259839177132,0.1036338321864605,0.0024747978895902634,0.0022854041308164597,0.002256191968917847,0.010882455855607986,0.0015014801174402237,0.12522763013839722,,
33033,0.0,1024,empirical_selective,cuda,0.004342259839177132,0.1036338321864605,0.0024747978895902634,0.0022980235517024994,,0.009967660531401634,,0.1493127103894949,0.023157890886068344,0.003330845385789871
33033,0.0,1024,certified_fallback,cuda,0.004342259839177132,0.1036338321864605,0.0024747978895902634,0.0022904761135578156,,0.006210304796695709,,0.14388857409358025,0.023157890886068344,0.0
33033,0.0,1024,fine_mc,cpu,0.004396868869662285,0.16643949039280415,0.0029326211661100388,0.033230071887373924,0.0,0.0,0.001248987391591072,0.20839336328208447,,
33033,0.15,256,fine_mc,cuda,0.005035215988755226,0.02354937233030796,0.0007136855274438858,0.0010844077914953232,0.0010404479503631592,0.004851711913943291,0.00043750181794166565,0.03579875826835632,,
33033,0.15,256,empirical_selective,cuda,0.005035215988755226,0.02354937233030796,0.0007136855274438858,0.0010260771960020065,,0.00505315326154232,,0.041385089978575706,0.005181696265935898,0.0006990265101194382
33033,0.15,256,certified_fallback,cuda,0.005035215988755226,0.02354937233030796,0.0007136855274438858,0.0008865240961313248,,0.001641964539885521,,0.037682365626096725,0.005181696265935898,0.0
33033,0.15,256,fine_mc,cpu,0.004914954304695129,0.022112315520644188,0.0006883330643177032,0.006102422252297401,0.0,0.0,0.00031121261417865753,0.035550838336348534,,
33033,0.15,1024,fine_mc,cuda,0.005275998264551163,0.11969971470534801,0.0032175518572330475,0.0022935960441827774,0.0022630081176757814,0.010577553883194923,0.001442939043045044,0.14258321560919285,,
33033,0.15,1024,empirical_selective,cuda,0.005275998264551163,0.11969971470534801,0.0032175518572330475,0.002301465719938278,,0.01067439466714859,,0.16386130452156067,0.01876778155565262,0.003848535940051079
33033,0.15,1024,certified_fallback,cuda,0.005275998264551163,0.11969971470534801,0.0032175518572330475,0.0022967662662267685,,0.00613626092672348,,0.15784209407866,0.01876778155565262,0.0
33033,0.15,1024,fine_mc,cpu,0.0049669742584228516,0.17489707097411156,0.0027438290417194366,0.031622860580682755,0.0,0.0,0.0012859702110290527,0.21563179604709148,,
33033,1.0,256,fine_mc,cuda,0.006067533046007156,0.03376386873424053,0.0007850266993045807,0.001068977639079094,0.0010329920053482055,0.00170852430164814,0.0004397239536046982,0.04390869848430157,,
33033,1.0,256,empirical_selective,cuda,0.006067533046007156,0.03376386873424053,0.0007850266993045807,0.0009603369981050491,,0.0016312915831804276,,0.04897516965866089,0.004948774352669716,0.0007432941347360611
33033,1.0,256,certified_fallback,cuda,0.006067533046007156,0.03376386873424053,0.0007850266993045807,0.0008949451148509979,,0.0015863105654716492,,0.048675818368792534,0.004948774352669716,0.0
33033,1.0,256,fine_mc,cpu,0.005981801077723503,0.034140460193157196,0.0006946567445993423,0.006079854443669319,0.0,0.0,0.0003197416663169861,0.047305840998888016,,
33033,1.0,1024,fine_mc,cuda,0.00615866482257843,0.18296226859092712,0.003502963110804558,0.002216195687651634,0.002185823917388916,0.010855574160814285,0.0014282278716564178,0.2098228894174099,,
33033,1.0,1024,empirical_selective,cuda,0.00615866482257843,0.18296226859092712,0.003502963110804558,0.002305245026946068,,0.005759252235293388,,0.22607161663472652,0.01964898593723774,0.003035241737961769
33033,1.0,1024,certified_fallback,cuda,0.00615866482257843,0.18296226859092712,0.003502963110804558,0.0022927168756723404,,0.006052056327462196,,0.2250905204564333,0.01964898593723774,0.0
33033,1.0,1024,fine_mc,cpu,0.006259864196181297,0.2328273244202137,0.002747969701886177,0.0242625679820776,0.0,0.0,0.00138913094997406,0.2676112465560436,,
33114,0.0,256,fine_mc,cuda,0.004180509597063065,0.021203918382525444,0.0009949151426553726,0.0010692290961742401,0.0010323840379714965,0.0048005953431129456,0.00043613091111183167,0.03276866860687733,,
33114,0.0,256,empirical_selective,cuda,0.004180509597063065,0.021203918382525444,0.0009949151426553726,0.0010237768292427063,,0.004619952291250229,,0.03774801269173622,0.004904543980956078,0.0007370263338088989
33114,0.0,256,certified_fallback,cuda,0.004180509597063065,0.021203918382525444,0.0009949151426553726,0.0009318757802248001,,0.004758892580866814,,0.037629302591085434,0.004904543980956078,0.0
33114,0.0,256,fine_mc,cpu,0.004264209419488907,0.02099727652966976,0.0007119961082935333,0.007054688408970833,0.0,0.0,0.0003441423177719116,0.03862479142844677,,
33114,0.0,1024,fine_mc,cuda,0.00510677695274353,0.10305383801460266,0.003032909706234932,0.002309884876012802,0.0022787199020385743,0.010877745226025581,0.0014264881610870361,0.12593230605125427,,
33114,0.0,1024,empirical_selective,cuda,0.00510677695274353,0.10305383801460266,0.003032909706234932,0.0023114681243896484,,0.011109355837106705,,0.15029952861368656,0.022071924060583115,0.003488592803478241
33114,0.0,1024,certified_fallback,cuda,0.00510677695274353,0.10305383801460266,0.003032909706234932,0.0022914763540029526,,0.006127113476395607,,0.14346003159880638,0.022071924060583115,0.0
33114,0.0,1024,fine_mc,cpu,0.004575742408633232,0.16903629899024963,0.003618372604250908,0.033926548436284065,0.0,0.0,0.0013547800481319427,0.21263219602406025,,
33114,0.15,256,fine_mc,cuda,0.005107596516609192,0.024349048733711243,0.0009489972144365311,0.0010805297642946243,0.0010442240238189696,0.004758922383189201,0.00044439733028411865,0.03679811395704746,,
33114,0.15,256,empirical_selective,cuda,0.005107596516609192,0.024349048733711243,0.0009489972144365311,0.001063268631696701,,0.0050149839371442795,,0.0427201297134161,0.005313035100698471,0.0008145775645971298
33114,0.15,256,certified_fallback,cuda,0.005107596516609192,0.024349048733711243,0.0009489972144365311,0.0009588375687599182,,0.0016605183482170105,,0.03903774172067642,0.005313035100698471,0.0
33114,0.15,256,fine_mc,cpu,0.004931015893816948,0.022836828604340553,0.0007452964782714844,0.005883932113647461,0.0,0.0,0.00031998008489608765,0.034810662269592285,,
33114,0.15,1024,fine_mc,cuda,0.005087114870548248,0.1178715918213129,0.0032149627804756165,0.0022916141897439957,0.002261215925216675,0.010380040854215622,0.0014309901744127274,0.14035390503704548,,
33114,0.15,1024,empirical_selective,cuda,0.005087114870548248,0.1178715918213129,0.0032149627804756165,0.002326255664229393,,0.010589536279439926,,0.16370812989771366,0.02152835950255394,0.0030127186328172684
33114,0.15,1024,certified_fallback,cuda,0.005087114870548248,0.1178715918213129,0.0032149627804756165,0.0022885240614414215,,0.006198061630129814,,0.15794195793569088,0.02152835950255394,0.0
33114,0.15,1024,fine_mc,cpu,0.005158435553312302,0.17840374261140823,0.002737339586019516,0.029088282957673073,0.0,0.0,0.0011749379336833954,0.2167214620858431,,
33114,1.0,256,fine_mc,cuda,0.007631933316588402,0.0345345102250576,0.0011970996856689453,0.0010729357600212097,0.0010352959632873534,0.004583751782774925,0.0004347842186689377,0.04953944683074951,,
33114,1.0,256,empirical_selective,cuda,0.007631933316588402,0.0345345102250576,0.0011970996856689453,0.0010261479765176773,,0.004507690668106079,,0.054661521688103676,0.00490301288664341,0.0007766950875520706
33114,1.0,256,certified_fallback,cuda,0.007631933316588402,0.0345345102250576,0.0011970996856689453,0.0011724568903446198,,0.004552880302071571,,0.05467645265161991,0.00490301288664341,0.0
33114,1.0,256,fine_mc,cpu,0.007620951160788536,0.0351021122187376,0.0007091257721185684,0.005754780024290085,0.0,0.0,0.00032663531601428986,0.04960740730166435,,
33114,1.0,1024,fine_mc,cuda,0.006142694503068924,0.22770851850509644,0.0026327483355998993,0.002307496964931488,0.0022763519287109374,0.005531430244445801,0.0015128199011087418,0.2459382265806198,,
33114,1.0,1024,empirical_selective,cuda,0.006142694503068924,0.22770851850509644,0.0026327483355998993,0.0023080073297023773,,0.010064568370580673,,0.2727088611572981,0.020562874153256416,0.0031869318336248398
33114,1.0,1024,certified_fallback,cuda,0.006142694503068924,0.22770851850509644,0.0026327483355998993,0.002311006188392639,,0.0057120900601148605,,0.2668549306690693,0.020562874153256416,0.0
33114,1.0,1024,fine_mc,cpu,0.006510654464364052,0.2278859093785286,0.002843279391527176,0.0243181511759758,0.0,0.0,0.0012796781957149506,0.2629542164504528,,
33195,0.0,256,fine_mc,cuda,0.004162058234214783,0.020577821880578995,0.0010038074105978012,0.0010666679590940475,0.00102947199344635,0.004643062129616737,0.00042774342000484467,0.03196869418025017,,
33195,0.0,256,empirical_selective,cuda,0.004162058234214783,0.020577821880578995,0.0010038074105978012,0.001024685800075531,,0.004509570077061653,,0.03702578693628311,0.004961704835295677,0.000698605552315712
33195,0.0,256,certified_fallback,cuda,0.004162058234214783,0.020577821880578995,0.0010038074105978012,0.0009282156825065613,,0.004544783383607864,,0.03681427799165249,0.004961704835295677,0.0
33195,0.0,256,fine_mc,cpu,0.004290059208869934,0.020858196541666985,0.0007224045693874359,0.005918540060520172,0.0,0.0,0.00031910091638565063,0.04023968614637852,,
33195,0.0,1024,fine_mc,cuda,0.004402611404657364,0.11016251146793365,0.002552587538957596,0.0023000165820121765,0.0022685439586639404,0.009373966604471207,0.0015357192605733871,0.13044245168566704,,
33195,0.0,1024,empirical_selective,cuda,0.004402611404657364,0.11016251146793365,0.002552587538957596,0.002310754731297493,,0.009976349771022797,,0.15715370513498783,0.023081570863723755,0.004552280530333519
33195,0.0,1024,certified_fallback,cuda,0.004402611404657364,0.11016251146793365,0.002552587538957596,0.002294875681400299,,0.005647407844662666,,0.14992360770702362,0.023081570863723755,0.0
33195,0.0,1024,fine_mc,cpu,0.004731444641947746,0.17158318683505058,0.0025602392852306366,0.03456120193004608,0.0,0.0,0.0016627926379442215,0.21523400396108627,,
33195,0.15,256,fine_mc,cuda,0.006973095238208771,0.024041928350925446,0.0009192954748868942,0.0010187271982431412,0.0009843840003013612,0.001622641459107399,0.0004488639533519745,0.035140395164489746,,
33195,0.15,256,empirical_selective,cuda,0.006973095238208771,0.024041928350925446,0.0009192954748868942,0.0009937956929206848,,0.001592438668012619,,0.04030873626470566,0.0049585942178964615,0.0007137451320886612
33195,0.15,256,certified_fallback,cuda,0.006973095238208771,0.024041928350925446,0.0009192954748868942,0.0008793249726295471,,0.0015258882194757462,,0.03997572511434555,0.0049585942178964615,0.0
33195,0.15,256,fine_mc,cpu,0.004880562424659729,0.02312862128019333,0.0007169358432292938,0.006923608481884003,0.0,0.0,0.0003927033394575119,0.03703350014984608,,
33195,0.15,1024,fine_mc,cuda,0.005806230008602142,0.11867476627230644,0.003280503675341606,0.0022869277745485306,0.002256864070892334,0.010160207748413086,0.0015916209667921066,0.14188639633357525,,
33195,0.15,1024,empirical_selective,cuda,0.005806230008602142,0.11867476627230644,0.003280503675341606,0.0023130085319280624,,0.010123280808329582,,0.16462347656488419,0.020370151847600937,0.003969395533204079
33195,0.15,1024,certified_fallback,cuda,0.005806230008602142,0.11867476627230644,0.003280503675341606,0.0023082364350557327,,0.005714111030101776,,0.15816662274301052,0.020370151847600937,0.0
33195,0.15,1024,fine_mc,cpu,0.004988646134734154,0.17497555911540985,0.002549329772591591,0.032365916296839714,0.0,0.0,0.0013272687792778015,0.2163564283400774,,
33195,1.0,256,fine_mc,cuda,0.006041310727596283,0.03273536637425423,0.0010601077228784561,0.0010313782840967178,0.0009966080188751221,0.0016171298921108246,0.00042617321014404297,0.042989930137991905,,
33195,1.0,256,empirical_selective,cuda,0.006041310727596283,0.03273536637425423,0.0010601077228784561,0.0009732358157634735,,0.0015819910913705826,,0.048093196004629135,0.004870995879173279,0.0007517244666814804
33195,1.0,256,certified_fallback,cuda,0.006041310727596283,0.03273536637425423,0.0010601077228784561,0.00087694451212883,,0.001561831682920456,,0.04776802472770214,0.004870995879173279,0.0
33195,1.0,256,fine_mc,cpu,0.005960201844573021,0.03653506375849247,0.0006989743560552597,0.006152622401714325,0.0,0.0,0.00031208060681819916,0.04974623583257198,,
33195,1.0,1024,fine_mc,cuda,0.006160171702504158,0.17335201986134052,0.0034814532846212387,0.00230424664914608,0.0022732160091400145,0.009545424953103065,0.00151720829308033,0.19646982848644257,,
33195,1.0,1024,empirical_selective,cuda,0.006160171702504158,0.17335201986134052,0.0034814532846212387,0.0022983569651842117,,0.005498236045241356,,0.21394040435552597,0.019974391907453537,0.0030664708465337753
33195,1.0,1024,certified_fallback,cuda,0.006160171702504158,0.17335201986134052,0.0034814532846212387,0.0022954270243644714,,0.005783781409263611,,0.21322694793343544,0.019974391907453537,0.0
33195,1.0,1024,fine_mc,cpu,0.006171712651848793,0.23483308777213097,0.002842819318175316,0.024806901812553406,0.0,0.0,0.0013824999332427979,0.27016133442521095,,
33276,0.0,256,fine_mc,cuda,0.0041557494550943375,0.020900636911392212,0.0009804163128137589,0.0010786373168230057,0.0010419520139694214,0.004669293761253357,0.0004251934587955475,0.03229657560586929,,
33276,0.0,256,empirical_selective,cuda,0.0041557494550943375,0.020900636911392212,0.0009804163128137589,0.0010226666927337646,,0.004573311656713486,,0.03720947913825512,0.004838105291128159,0.0006519444286823273
33276,0.0,256,certified_fallback,cuda,0.0041557494550943375,0.020900636911392212,0.0009804163128137589,0.0009343475103378296,,0.0046422649174928665,,0.037124739959836006,0.004838105291128159,0.0
33276,0.0,256,fine_mc,cpu,0.004845743998885155,0.021018827334046364,0.0007886644452810287,0.006166424602270126,0.0,0.0,0.00032438337802886963,0.0389694944024086,,
33276,0.0,1024,fine_mc,cuda,0.004401141777634621,0.10489627160131931,0.0026555266231298447,0.0022966545075178146,0.002265536069869995,0.00959598645567894,0.0015265122056007385,0.1254821941256523,,
33276,0.0,1024,empirical_selective,cuda,0.004401141777634621,0.10489627160131931,0.0026555266231298447,0.002301955595612526,,0.009018093347549438,,0.1494795922189951,0.022733379155397415,0.0033631231635808945
33276,0.0,1024,certified_fallback,cuda,0.004401141777634621,0.10489627160131931,0.0026555266231298447,0.002299487590789795,,0.005584631115198135,,0.14443090744316578,0.022733379155397415,0.0
33276,0.0,1024,fine_mc,cpu,0.004649585112929344,0.16715165600180626,0.003314763307571411,0.030074018985033035,0.0,0.0,0.0013617295771837234,0.20668435283005238,,
33276,0.15,256,fine_mc,cuda,0.005063006654381752,0.023816736415028572,0.000923817977309227,0.0010709688067436218,0.001035807967185974,0.0012430865317583084,0.00042447447776794434,0.032654767856001854,,
33276,0.15,256,empirical_selective,cuda,0.005063006654381752,0.023816736415028572,0.000923817977309227,0.0010460074990987778,,0.0012086089700460434,,0.038079554215073586,0.005161534994840622,0.000747164711356163
33276,0.15,256,certified_fallback,cuda,0.005063006654381752,0.023816736415028572,0.000923817977309227,0.0009595584124326706,,0.0012267976999282837,,0.03783691115677357,0.005161534994840622,0.0
33276,0.15,256,fine_mc,cpu,0.005025748163461685,0.023917369544506073,0.0007469858974218369,0.006258143112063408,0.0,0.0,0.0003127399832010269,0.03635615110397339,,
33276,0.15,1024,fine_mc,cuda,0.004784112796187401,0.11379892379045486,0.0034973137080669403,0.002303183078765869,0.002272223949432373,0.010001668706536293,0.0015073008835315704,0.1359636653214693,,
33276,0.15,1024,empirical_selective,cuda,0.004784112796187401,0.11379892379045486,0.0034973137080669403,0.0023118946701288223,,0.010211221873760223,,0.15670992992818356,0.019199393689632416,0.0028359070420265198
33276,0.15,1024,certified_fallback,cuda,0.004784112796187401,0.11379892379045486,0.0034973137080669403,0.002298923209309578,,0.005626572296023369,,0.15092254243791103,0.019199393689632416,0.0
33276,0.15,1024,fine_mc,cpu,0.005019966512918472,0.17347713001072407,0.003882266581058502,0.02868581935763359,0.0,0.0,0.0013253800570964813,0.2125117238610983,,
33276,1.0,256,fine_mc,cuda,0.006078943610191345,0.03534736484289169,0.0008018556982278824,0.001118447631597519,0.0010813119411468505,0.005129184573888779,0.00043289363384246826,0.048989810049533844,,
33276,1.0,256,empirical_selective,cuda,0.006078943610191345,0.03534736484289169,0.0008018556982278824,0.0010251160711050034,,0.004644451662898064,,0.05355558358132839,0.004974896088242531,0.0006018355488777161
33276,1.0,256,certified_fallback,cuda,0.006078943610191345,0.03534736484289169,0.0008018556982278824,0.0009720157831907272,,0.004509853199124336,,0.053347023203969,0.004974896088242531,0.0
33276,1.0,256,fine_mc,cpu,0.006088351830840111,0.03495319187641144,0.0007491558790206909,0.006342396140098572,0.0,0.0,0.0003650318831205368,0.04859120026230812,,
33276,1.0,1024,fine_mc,cuda,0.006159413605928421,0.22248965315520763,0.0030684825032949448,0.0022932961583137512,0.0022632958889007566,0.010094922035932541,0.0014675408601760864,0.2456711959093809,,
33276,1.0,1024,empirical_selective,cuda,0.006159413605928421,0.22248965315520763,0.0030684825032949448,0.0023088548332452774,,0.005587521940469742,,0.26146999187767506,0.01873156800866127,0.003026610240340233
33276,1.0,1024,certified_fallback,cuda,0.006159413605928421,0.22248965315520763,0.0030684825032949448,0.002306247130036354,,0.005555659532546997,,0.2600568626075983,0.01873156800866127,0.0
33276,1.0,1024,fine_mc,cpu,0.00619395449757576,0.23378251865506172,0.0027591101825237274,0.024179870262742043,0.0,0.0,0.001267947256565094,0.26829405315220356,,
33358,0.0,256,fine_mc,cuda,0.004507631063461304,0.02523510716855526,0.0012447275221347809,0.0010226573795080185,0.0009882879853248597,0.0016540195792913437,0.0004256833344697952,0.034171078354120255,,
33358,0.0,256,empirical_selective,cuda,0.004507631063461304,0.02523510716855526,0.0012447275221347809,0.0009306184947490692,,0.0015558786690235138,,0.039122454822063446,0.004960095509886742,0.0006071440875530243
33358,0.0,256,certified_fallback,cuda,0.004507631063461304,0.02523510716855526,0.0012447275221347809,0.0009161289781332016,,0.0015745405107736588,,0.03907199390232563,0.004960095509886742,0.0
33358,0.0,256,fine_mc,cpu,0.004272768273949623,0.021374549716711044,0.000827224925160408,0.006448952481150627,0.0,0.0,0.00033655017614364624,0.04135885275900364,,
33358,0.0,1024,fine_mc,cuda,0.0050964076071977615,0.10807021148502827,0.0025298893451690674,0.0022947434335947037,0.00226476788520813,0.009486263617873192,0.001466400921344757,0.12905584461987019,,
33358,0.0,1024,empirical_selective,cuda,0.0050964076071977615,0.10807021148502827,0.0025298893451690674,0.0023102648556232452,,0.010560734197497368,,0.15473178960382938,0.022098764777183533,0.003953589126467705
33358,0.0,1024,certified_fallback,cuda,0.0050964076071977615,0.10807021148502827,0.0025298893451690674,0.0023053865879774094,,0.005660979077219963,,0.14759625680744648,0.022098764777183533,0.0
33358,0.0,1024,fine_mc,cpu,0.004333199933171272,0.1730321478098631,0.002824891358613968,0.03376690670847893,0.0,0.0,0.0012842603027820587,0.2153590340167284,,
33358,0.15,256,fine_mc,cuda,0.00498945452272892,0.023765845224261284,0.0009989570826292038,0.0010698288679122925,0.0010343040227890014,0.004581870511174202,0.0004342850297689438,0.03594932332634926,,
33358,0.15,256,empirical_selective,cuda,0.00498945452272892,0.023765845224261284,0.0009989570826292038,0.000951036810874939,,0.004574533551931381,,0.04106372967362404,0.005105316638946533,0.0005695037543773651
33358,0.15,256,certified_fallback,cuda,0.00498945452272892,0.023765845224261284,0.0009989570826292038,0.0012485794723033905,,0.00482463464140892,,0.042169054970145226,0.005105316638946533,0.0
33358,0.15,256,fine_mc,cpu,0.004925724118947983,0.02261986769735813,0.0007071364670991898,0.005997182801365852,0.0,0.0,0.0003387909382581711,0.034672150388360023,,
33358,0.15,1024,fine_mc,cuda,0.004688192158937454,0.12268157489597797,0.003097211942076683,0.002292165532708168,0.00226198410987854,0.01015716977417469,0.001514539122581482,0.1445083748549223,,
33358,0.15,1024,empirical_selective,cuda,0.004688192158937454,0.12268157489597797,0.003097211942076683,0.0023059844970703125,,0.009541166946291924,,0.16594304889440536,0.01949004828929901,0.004061348736286163
33358,0.15,1024,certified_fallback,cuda,0.004688192158937454,0.12268157489597797,0.003097211942076683,0.002299794927239418,,0.005688460543751717,,0.1596856266260147,0.01949004828929901,0.0
33358,0.15,1024,fine_mc,cpu,0.005039133131504059,0.18161937780678272,0.0026154275983572006,0.027557823807001114,0.0,0.0,0.0012498404830694199,0.2182279359549284,,
33358,1.0,256,fine_mc,cuda,0.00594664178788662,0.034285999834537506,0.0007907338440418243,0.0010736584663391113,0.0010375360250473023,0.004579862579703331,0.0004577320069074631,0.047215260565280914,,
33358,1.0,256,empirical_selective,cuda,0.00594664178788662,0.034285999834537506,0.0007907338440418243,0.000969255343079567,,0.004504678770899773,,0.052090803161263466,0.004871826618909836,0.0006410349160432816
33358,1.0,256,certified_fallback,cuda,0.00594664178788662,0.034285999834537506,0.0007907338440418243,0.0009653083980083466,,0.004450583830475807,,0.05196697264909744,0.004871826618909836,0.0
33358,1.0,256,fine_mc,cpu,0.005991790443658829,0.03529687598347664,0.0007608160376548767,0.005898809060454369,0.0,0.0,0.000319531187415123,0.04835971258580685,,
33358,1.0,1024,fine_mc,cuda,0.006413374096155167,0.22908868826925755,0.0027727000415325165,0.002303175628185272,0.002272576093673706,0.010090237483382225,0.0014811605215072632,0.2522571459412575,,
33358,1.0,1024,empirical_selective,cuda,0.006413374096155167,0.22908868826925755,0.0027727000415325165,0.0022918041795492172,,0.00555109977722168,,0.27064849622547626,0.021216176450252533,0.0032068435102701187
33358,1.0,1024,certified_fallback,cuda,0.006413374096155167,0.22908868826925755,0.0027727000415325165,0.0022977441549301147,,0.008512839674949646,,0.27208820544183254,0.021216176450252533,0.0
33358,1.0,1024,fine_mc,cpu,0.006093611940741539,0.22749621607363224,0.004391882568597794,0.024705952033400536,0.0,0.0,0.001429809257388115,0.26422588154673576,,
33439,0.0,256,fine_mc,cuda,0.004216469824314117,0.024388190358877182,0.0009460356086492538,0.0014444682747125626,0.0014019199609756469,0.005181433632969856,0.0005717631429433823,0.036831893026828766,,
33439,0.0,256,empirical_selective,cuda,0.004216469824314117,0.024388190358877182,0.0009460356086492538,0.0010168366134166718,,0.004624824970960617,,0.041340868920087814,0.005376096814870834,0.0006888825446367264
33439,0.0,256,certified_fallback,cuda,0.004216469824314117,0.024388190358877182,0.0009460356086492538,0.0010858476161956787,,0.004747474566102028,,0.04141438752412796,0.005376096814870834,0.0
33439,0.0,256,fine_mc,cpu,0.0044923387467861176,0.021052977070212364,0.0007497649639844894,0.006611896678805351,0.0,0.0,0.0003359522670507431,0.041196348145604134,,
33439,0.0,1024,fine_mc,cuda,0.004653710871934891,0.10791093297302723,0.002681529149413109,0.0022976677864789963,0.0022673919200897215,0.01008940301835537,0.0014492794871330261,0.12919701635837555,,
33439,0.0,1024,empirical_selective,cuda,0.004653710871934891,0.10791093297302723,0.002681529149413109,0.00230216421186924,,0.009700266644358635,,0.1499948650598526,0.019627157598733902,0.003004610538482666
33439,0.0,1024,certified_fallback,cuda,0.004653710871934891,0.10791093297302723,0.002681529149413109,0.002315916121006012,,0.005741726607084274,,0.14477743953466415,0.019627157598733902,0.0
33439,0.0,1024,fine_mc,cpu,0.004369821399450302,0.17218201979994774,0.0029190927743911743,0.03324889950454235,0.0,0.0,0.0012766998261213303,0.21412771940231323,,
33439,0.15,256,fine_mc,cuda,0.005007635802030563,0.023850254714488983,0.0008052568882703781,0.001115875318646431,0.0010783360004425048,0.0049886032938957214,0.0005166921764612198,0.036394987255334854,,
33439,0.15,256,empirical_selective,cuda,0.005007635802030563,0.023850254714488983,0.0008052568882703781,0.0011968407779932022,,0.004854584112763405,,0.04150000028312206,0.005051353946328163,0.0006234049797058105
33439,0.15,256,certified_fallback,cuda,0.005007635802030563,0.023850254714488983,0.0008052568882703781,0.0009659156203269958,,0.004535151645541191,,0.04084719158709049,0.005051353946328163,0.0
33439,0.15,256,fine_mc,cpu,0.004965342581272125,0.02240714430809021,0.0006754249334335327,0.006268976256251335,0.0,0.0,0.00031691044569015503,0.03629246540367603,,
33439,0.15,1024,fine_mc,cuda,0.00470135360956192,0.11713280528783798,0.0032767336815595627,0.002290142700076103,0.0022604479789733885,0.009716756641864777,0.0014273673295974731,0.13862155936658382,,
33439,0.15,1024,empirical_selective,cuda,0.00470135360956192,0.11713280528783798,0.0032767336815595627,0.0022983551025390625,,0.009128853678703308,,0.1642095148563385,0.023890847340226173,0.0037041660398244858
33439,0.15,1024,certified_fallback,cuda,0.00470135360956192,0.11713280528783798,0.0032767336815595627,0.0023191235959529877,,0.005621975287795067,,0.15898530930280685,0.023890847340226173,0.0
33439,0.15,1024,fine_mc,cpu,0.005228755995631218,0.1804357599467039,0.00276746042072773,0.033569034188985825,0.0,0.0,0.0012990795075893402,0.22345387935638428,,
33439,1.0,256,fine_mc,cuda,0.005938980728387833,0.03475776128470898,0.0012172404676675797,0.0010756086558103561,0.0010370240211486817,0.005119413137435913,0.0004400331526994705,0.04864363931119442,,
33439,1.0,256,empirical_selective,cuda,0.005938980728387833,0.03475776128470898,0.0012172404676675797,0.0010210666805505753,,0.004602501168847084,,0.05320976302027702,0.004877906292676926,0.0006997045129537582
33439,1.0,256,certified_fallback,cuda,0.005938980728387833,0.03475776128470898,0.0012172404676675797,0.0009913574904203415,,0.004579730331897736,,0.05304279178380966,0.004877906292676926,0.0
33439,1.0,256,fine_mc,cpu,0.005946319550275803,0.034010156989097595,0.0006360150873661041,0.005883319303393364,0.0,0.0,0.00030538253486156464,0.0468725860118866,,
33439,1.0,1024,fine_mc,cuda,0.006068171933293343,0.22601758874952793,0.002755260095000267,0.0022977162152528763,0.0022677760124206543,0.00945894606411457,0.0015454292297363281,0.24825364165008068,,
33439,1.0,1024,empirical_selective,cuda,0.006068171933293343,0.22601758874952793,0.002755260095000267,0.002298036590218544,,0.005676198750734329,,0.26618632674217224,0.0200139582157135,0.003246583044528961
33439,1.0,1024,certified_fallback,cuda,0.006068171933293343,0.22601758874952793,0.002755260095000267,0.0023057665675878525,,0.009066663682460785,,0.2680219691246748,0.0200139582157135,0.0
33439,1.0,1024,fine_mc,cpu,0.006359504535794258,0.2290696483105421,0.002957921475172043,0.026530954986810684,0.0,0.0,0.0014114808291196823,0.2664486486464739,,
33520,0.0,256,fine_mc,cuda,0.004224097356200218,0.021483149379491806,0.0011175181716680527,0.0011362265795469284,0.0010992000102996826,0.004758691415190697,0.00047475099563598633,0.033277686685323715,,
33520,0.0,256,empirical_selective,cuda,0.004224097356200218,0.021483149379491806,0.0011175181716680527,0.0010900665074586868,,0.0045991260558366776,,0.03866705112159252,0.005372287705540657,0.0006975531578063965
33520,0.0,256,certified_fallback,cuda,0.004224097356200218,0.021483149379491806,0.0011175181716680527,0.0010569076985120773,,0.0045640598982572556,,0.038489747792482376,0.005372287705540657,0.0
33520,0.0,256,fine_mc,cpu,0.004625741392374039,0.02118672803044319,0.0008471161127090454,0.0066610462963581085,0.0,0.0,0.0003391243517398834,0.03940267488360405,,
33520,0.0,1024,fine_mc,cuda,0.004580222070217133,0.10912703163921833,0.002810938283801079,0.0023121554404497147,0.0022783679962158202,0.005646420642733574,0.0016496814787387848,0.12623794004321098,,
33520,0.0,1024,empirical_selective,cuda,0.004580222070217133,0.10912703163921833,0.002810938283801079,0.0023033171892166138,,0.00969022884964943,,0.1520425919443369,0.020435551181435585,0.002983812242746353
33520,0.0,1024,certified_fallback,cuda,0.004580222070217133,0.10912703163921833,0.002810938283801079,0.0023195650428533554,,0.005820119753479958,,0.1471098940819502,0.020435551181435585,0.0
33520,0.0,1024,fine_mc,cpu,0.004810921847820282,0.17316636070609093,0.002840859815478325,0.034175969660282135,0.0,0.0,0.0012750178575515747,0.21639873832464218,,
33520,0.15,256,fine_mc,cuda,0.0049829743802547455,0.023663805797696114,0.0010444074869155884,0.0016868114471435547,0.001649183988571167,0.004781024530529976,0.00043820030987262726,0.036719923838973045,,
33520,0.15,256,empirical_selective,cuda,0.0049829743802547455,0.023663805797696114,0.0010444074869155884,0.0010532960295677185,,0.004697030410170555,,0.04252039082348347,0.006240472197532654,0.0007157046347856522
33520,0.15,256,certified_fallback,cuda,0.0049829743802547455,0.023663805797696114,0.0010444074869155884,0.0009477492421865463,,0.0044848304241895676,,0.04206209070980549,0.006240472197532654,0.0
33520,0.15,256,fine_mc,cpu,0.006161022931337357,0.02249184623360634,0.0008428357541561127,0.006128622218966484,0.0,0.0,0.00031088292598724365,0.03699829988181591,,
33520,0.15,1024,fine_mc,cuda,0.004894904792308807,0.18041826970875263,0.0024663470685482025,0.002285502851009369,0.0022572479248046877,0.009994229301810265,0.0014392808079719543,0.2015771921724081,,
33520,0.15,1024,empirical_selective,cuda,0.004894904792308807,0.18041826970875263,0.0024663470685482025,0.0022986270487308502,,0.008891480043530464,,0.22628484666347504,0.023486444726586342,0.0037501156330108643
33520,0.15,1024,certified_fallback,cuda,0.004894904792308807,0.18041826970875263,0.0024663470685482025,0.0022890251129865646,,0.005618928000330925,,0.22091453149914742,0.023486444726586342,0.0
33520,0.15,1024,fine_mc,cpu,0.005192896351218224,0.1865788120776415,0.0031148623675107956,0.03368142433464527,0.0,0.0,0.0012928489595651627,0.22999738156795502,,
33520,1.0,256,fine_mc,cuda,0.006044631823897362,0.035792212933301926,0.0008014440536499023,0.0010825488716363907,0.001045632004737854,0.004649173468351364,0.0005750246345996857,0.049024224281311035,,
33520,1.0,256,empirical_selective,cuda,0.006044631823897362,0.035792212933301926,0.0008014440536499023,0.0009870659559965134,,0.004682034254074097,,0.05383949913084507,0.004881046712398529,0.0005718749016523361
33520,1.0,256,certified_fallback,cuda,0.006044631823897362,0.035792212933301926,0.0008014440536499023,0.0009623654186725616,,0.004511082544922829,,0.053633635863661766,0.004881046712398529,0.0
33520,1.0,256,fine_mc,cpu,0.0064825862646102905,0.03650037571787834,0.0006641428917646408,0.0061995163559913635,0.0,0.0,0.0003765430301427841,0.05031110532581806,,
33520,1.0,1024,fine_mc,cuda,0.007073869928717613,0.2232704684138298,0.0029356200248003006,0.0022978559136390686,0.0022656960487365723,0.008781304582953453,0.0014556478708982468,0.2459281776100397,,
33520,1.0,1024,empirical_selective,cuda,0.007073869928717613,0.2232704684138298,0.0029356200248003006,0.002298787236213684,,0.005543256178498268,,0.263259707018733,0.019146505743265152,0.002877788618206978
33520,1.0,1024,certified_fallback,cuda,0.007073869928717613,0.2232704684138298,0.0029356200248003006,0.002295868471264839,,0.005614116787910461,,0.26209300197660923,0.019146505743265152,0.0
33520,1.0,1024,fine_mc,cpu,0.0064924973994493484,0.23266740329563618,0.0028470009565353394,0.024506069719791412,0.0,0.0,0.0014099795371294022,0.26804613694548607,,
33601,0.0,256,fine_mc,cuda,0.004154408350586891,0.02260548807680607,0.0007640141993761063,0.0012929793447256088,0.0012527999877929687,0.004726024344563484,0.00044822320342063904,0.034076420590281487,,
33601,0.0,256,empirical_selective,cuda,0.004154408350586891,0.02260548807680607,0.0007640141993761063,0.00123639777302742,,0.004975751042366028,,0.04057682119309902,0.006110591813921928,0.0006448868662118912
33601,0.0,256,certified_fallback,cuda,0.004154408350586891,0.02260548807680607,0.0007640141993761063,0.0009564477950334549,,0.004469849169254303,,0.03970240615308285,0.006110591813921928,0.0
33601,0.0,256,fine_mc,cpu,0.004294058308005333,0.02021818235516548,0.0007305555045604706,0.006338063627481461,0.0,0.0,0.0003380216658115387,0.03914661146700382,,
33601,0.0,1024,fine_mc,cuda,0.004659513011574745,0.10856497660279274,0.0026561785489320755,0.002305375412106514,0.0022720959186553957,0.009682584553956985,0.0014444105327129364,0.1294389609247446,,
33601,0.0,1024,empirical_selective,cuda,0.004659513011574745,0.10856497660279274,0.0026561785489320755,0.0022992845624685287,,0.009740250185132027,,0.1547197289764881,0.02332180179655552,0.0033518020063638687
33601,0.0,1024,certified_fallback,cuda,0.004659513011574745,0.10856497660279274,0.0026561785489320755,0.0022920481860637665,,0.00572391040623188,,0.14928220212459564,0.02332180179655552,0.0
33601,0.0,1024,fine_mc,cpu,0.004416331648826599,0.1728806346654892,0.0026598572731018066,0.033112192526459694,0.0,0.0,0.0012653172016143799,0.21444721519947052,,
33601,0.15,256,fine_mc,cuda,0.0054763685911893845,0.02319287322461605,0.0009935162961483002,0.0013097189366817474,0.001266528010368347,0.0050087571144104,0.0004962645471096039,0.03659072890877724,,
33601,0.15,256,empirical_selective,cuda,0.0054763685911893845,0.02319287322461605,0.0009935162961483002,0.0012447983026504517,,0.004873260855674744,,0.0415116548538208,0.004943503066897392,0.000674104318022728
33601,0.15,256,certified_fallback,cuda,0.0054763685911893845,0.02319287322461605,0.0009935162961483002,0.000950666144490242,,0.004713302478194237,,0.04094419442117214,0.004943503066897392,0.0
33601,0.15,256,fine_mc,cpu,0.005212778225541115,0.022724498063325882,0.0006632767617702484,0.006516747176647186,0.0,0.0,0.000336281955242157,0.03554848954081535,,
33601,0.15,1024,fine_mc,cuda,0.004857152700424194,0.11462337896227837,0.0031564030796289444,0.002287287265062332,0.0022575039863586424,0.00958263874053955,0.0015798993408679962,0.13617537170648575,,
33601,0.15,1024,empirical_selective,cuda,0.004857152700424194,0.11462337896227837,0.0031564030796289444,0.0023208241909742355,,0.009204763919115067,,0.15871673822402954,0.021050048992037773,0.0034155547618865967
33601,0.15,1024,certified_fallback,cuda,0.004857152700424194,0.11462337896227837,0.0031564030796289444,0.002295456826686859,,0.0057005491107702255,,0.15344690158963203,0.021050048992037773,0.0
33601,0.15,1024,fine_mc,cpu,0.006311144679784775,0.1808704510331154,0.003018263727426529,0.025202345103025436,0.0,0.0,0.0015027206391096115,0.21700998209416866,,
33601,1.0,256,fine_mc,cuda,0.0060018617659807205,0.03240641765296459,0.0010579265654087067,0.001008758321404457,0.0009741119742393494,0.0016592293977737427,0.00044130347669124603,0.04264937900006771,,
33601,1.0,256,empirical_selective,cuda,0.0060018617659807205,0.03240641765296459,0.0010579265654087067,0.0009483080357313156,,0.001552322879433632,,0.047419434413313866,0.0048242248594760895,0.0005544908344745636
33601,1.0,256,certified_fallback,cuda,0.0060018617659807205,0.03240641765296459,0.0010579265654087067,0.0009048283100128174,,0.001549961045384407,,0.0474381148815155,0.0048242248594760895,0.0
33601,1.0,256,fine_mc,cpu,0.007233593612909317,0.03628724254667759,0.0007714871317148209,0.005806939676403999,0.0,0.0,0.0002950988709926605,0.050488850101828575,,
33601,1.0,1024,fine_mc,cuda,0.006038092076778412,0.23106353171169758,0.0027206484228372574,0.002331618219614029,0.002297791957855225,0.00954417884349823,0.0015143193304538727,0.25331318005919456,,
33601,1.0,1024,empirical_selective,cuda,0.006038092076778412,0.23106353171169758,0.0027206484228372574,0.0022965967655181885,,0.005515534430742264,,0.27356523275375366,0.022784966975450516,0.003045070916414261
33601,1.0,1024,certified_fallback,cuda,0.006038092076778412,0.23106353171169758,0.0027206484228372574,0.0023083165287971497,,0.010838543996214867,,0.277690714225173,0.022784966975450516,0.0
33601,1.0,1024,fine_mc,cpu,0.006165251135826111,0.23657958023250103,0.002945961430668831,0.025556840002536774,0.0,0.0,0.0012716595083475113,0.272647263482213,,
33682,0.0,256,fine_mc,cuda,0.004213038831949234,0.020993784070014954,0.0009990483522415161,0.0010659582912921906,0.0010289920568466186,0.0045751724392175674,0.0004796348512172699,0.032413410022854805,,
33682,0.0,256,empirical_selective,cuda,0.004213038831949234,0.020993784070014954,0.0009990483522415161,0.001258309930562973,,0.005046745762228966,,0.038916025310754776,0.005656028166413307,0.0006622970104217529
33682,0.0,256,certified_fallback,cuda,0.004213038831949234,0.020993784070014954,0.0009990483522415161,0.0009550284594297409,,0.004631221294403076,,0.03811758570373058,0.005656028166413307,0.0
33682,0.0,256,fine_mc,cpu,0.005103796720504761,0.02093530260026455,0.0007014740258455276,0.006596323102712631,0.0,0.0,0.00033493153750896454,0.041445933282375336,,
33682,0.0,1024,fine_mc,cuda,0.00439986027777195,0.15569715574383736,0.002695739269256592,0.0022956952452659607,0.002264575958251953,0.009076753631234169,0.0014680009335279465,0.17948437109589577,,
33682,0.0,1024,empirical_selective,cuda,0.00439986027777195,0.15569715574383736,0.002695739269256592,0.0022996068000793457,,0.010329112410545349,,0.2030276283621788,0.020763656124472618,0.0029913317412137985
33682,0.0,1024,certified_fallback,cuda,0.00439986027777195,0.15569715574383736,0.002695739269256592,0.0022975970059633255,,0.005662908777594566,,0.19704128243029118,0.020763656124472618,0.0
33682,0.0,1024,fine_mc,cpu,0.00438787043094635,0.17477749101817608,0.004237620159983635,0.03334403969347477,0.0,0.0,0.001352081075310707,0.21821377985179424,,
33682,0.15,256,fine_mc,cuda,0.005107242614030838,0.02296041138470173,0.0009281057864427567,0.001070236787199974,0.001033471941947937,0.005069190636277199,0.00043153204023838043,0.03567887283861637,,
33682,0.15,256,empirical_selective,cuda,0.005107242614030838,0.02296041138470173,0.0009281057864427567,0.0010421071201562881,,0.004707843065261841,,0.04046833515167236,0.004975335672497749,0.0006351359188556671
33682,0.15,256,certified_fallback,cuda,0.005107242614030838,0.02296041138470173,0.0009281057864427567,0.0009278655052185059,,0.004606451839208603,,0.04018080048263073,0.004975335672497749,0.0
33682,0.15,256,fine_mc,cpu,0.004978034645318985,0.02300737239420414,0.000872274860739708,0.008137647062540054,0.0,0.0,0.0003338214010000229,0.03742054104804993,,
33682,0.15,1024,fine_mc,cuda,0.0047020018100738525,0.11549089476466179,0.002659788355231285,0.0022861044853925705,0.002256704092025757,0.00965624488890171,0.0015069413930177689,0.13637515902519226,,
33682,0.15,1024,empirical_selective,cuda,0.0047020018100738525,0.11549089476466179,0.002659788355231285,0.00230487622320652,,0.010102709755301476,,0.15977199375629425,0.021109728142619133,0.003328811377286911
33682,0.15,1024,certified_fallback,cuda,0.0047020018100738525,0.11549089476466179,0.002659788355231285,0.00229528546333313,,0.005641411989927292,,0.15361793525516987,0.021109728142619133,0.0
33682,0.15,1024,fine_mc,cpu,0.005013825371861458,0.17914139851927757,0.002659829333424568,0.026841048151254654,0.0,0.0,0.0011806879192590714,0.21495677158236504,,
33682,1.0,256,fine_mc,cuda,0.005976701155304909,0.034835392609238625,0.0012453701347112656,0.001084187999367714,0.001046239972114563,0.004877043887972832,0.0004417840391397476,0.04854113981127739,,
33682,1.0,256,empirical_selective,cuda,0.005976701155304909,0.034835392609238625,0.0012453701347112656,0.0010290592908859253,,0.005398569628596306,,0.05428701266646385,0.004911314696073532,0.0008099451661109924
33682,1.0,256,certified_fallback,cuda,0.005976701155304909,0.034835392609238625,0.0012453701347112656,0.0009083244949579239,,0.0015342701226472855,,0.05004283972084522,0.004911314696073532,0.0
33682,1.0,256,fine_mc,cpu,0.00678509846329689,0.03291182778775692,0.000780036672949791,0.006184905767440796,0.0,0.0,0.0003042910248041153,0.04705299064517021,,
33682,1.0,1024,fine_mc,cuda,0.006054311990737915,0.2327615451067686,0.002863159403204918,0.002302175387740135,0.002271167993545532,0.00992494821548462,0.0014428198337554932,0.2554499190300703,,
33682,1.0,1024,empirical_selective,cuda,0.006054311990737915,0.2327615451067686,0.002863159403204918,0.0023076459765434265,,0.005590029060840607,,0.2717433739453554,0.018686670809984207,0.0033790525048971176
33682,1.0,1024,certified_fallback,cuda,0.006054311990737915,0.2327615451067686,0.002863159403204918,0.0022958051413297653,,0.005594952031970024,,0.2700344938784838,0.018686670809984207,0.0
33682,1.0,1024,fine_mc,cpu,0.006232814863324165,0.23202716931700706,0.0029767081141471863,0.024048108607530594,0.0,0.0,0.001277197152376175,0.2666846998035908,,
33764,0.0,256,fine_mc,cuda,0.004154600203037262,0.022031893953680992,0.0011276807636022568,0.0013059992343187332,0.0012608319520950317,0.0051359254866838455,0.0004820115864276886,0.03432932868599892,,
33764,0.0,256,empirical_selective,cuda,0.004154600203037262,0.022031893953680992,0.0011276807636022568,0.0012481492012739182,,0.00510883703827858,,0.039539188146591187,0.005025634542107582,0.0007511749863624573
33764,0.0,256,certified_fallback,cuda,0.004154600203037262,0.022031893953680992,0.0011276807636022568,0.0009578783065080643,,0.004806464537978172,,0.03951333649456501,0.005025634542107582,0.0
33764,0.0,256,fine_mc,cpu,0.004276379942893982,0.020815014839172363,0.0007463060319423676,0.006524788215756416,0.0,0.0,0.0003371387720108032,0.040256740525364876,,
33764,0.0,1024,fine_mc,cuda,0.005765330046415329,0.10572834871709347,0.002750920131802559,0.0023004859685897827,0.002267904043197632,0.009642038494348526,0.0014534704387187958,0.12775144167244434,,
33764,0.0,1024,empirical_selective,cuda,0.005765330046415329,0.10572834871709347,0.002750920131802559,0.002307325601577759,,0.009457426145672798,,0.14979827404022217,0.02049262262880802,0.0031854528933763504
33764,0.0,1024,certified_fallback,cuda,0.005765330046415329,0.10572834871709347,0.002750920131802559,0.0022969860583543777,,0.005546387284994125,,0.1443503461778164,0.02049262262880802,0.0
33764,0.0,1024,fine_mc,cpu,0.004421468824148178,0.17185737751424313,0.0026936400681734085,0.02533738873898983,0.0,0.0,0.0013149306178092957,0.20577573962509632,,
33764,0.15,256,fine_mc,cuda,0.005029246211051941,0.02328217215836048,0.0009504370391368866,0.0010696183890104294,0.0010339200496673584,0.005046181380748749,0.00045366398990154266,0.03594717010855675,,
33764,0.15,256,empirical_selective,cuda,0.005029246211051941,0.02328217215836048,0.0009504370391368866,0.001013297587633133,,0.004750510677695274,,0.040876479819417,0.0050229523330926895,0.0007120128720998764
33764,0.15,256,certified_fallback,cuda,0.005029246211051941,0.02328217215836048,0.0009504370391368866,0.0009272638708353043,,0.004720265045762062,,0.04068770259618759,0.0050229523330926895,0.0
33764,0.15,256,fine_mc,cpu,0.005012063309550285,0.024165339767932892,0.0008681956678628922,0.006283624097704887,0.0,0.0,0.0003467928618192673,0.03676740825176239,,
33764,0.15,1024,fine_mc,cuda,0.005529757589101791,0.10987027548253536,0.003238663077354431,0.0022993143647909164,0.0022681279182434084,0.009242065250873566,0.0015172101557254791,0.1318023893982172,,
33764,0.15,1024,empirical_selective,cuda,0.005529757589101791,0.10987027548253536,0.003238663077354431,0.0023038890212774277,,0.009974472224712372,,0.15313072502613068,0.01943003572523594,0.0026785284280776978
33764,0.15,1024,certified_fallback,cuda,0.005529757589101791,0.10987027548253536,0.003238663077354431,0.0022962260991334915,,0.005629697814583778,,0.1477661244571209,0.01943003572523594,0.0
33764,0.15,1024,fine_mc,cpu,0.005050864070653915,0.11486666835844517,0.003442632034420967,0.029512424021959305,0.0,0.0,0.0013234280049800873,0.15598859637975693,,
33764,1.0,256,fine_mc,cuda,0.005982872098684311,0.039008211344480515,0.0007663089781999588,0.001012386754155159,0.0009785280227661132,0.00168699212372303,0.00043397583067417145,0.0489678755402565,,
33764,1.0,256,empirical_selective,cuda,0.005982872098684311,0.039008211344480515,0.0007663089781999588,0.0009627882391214371,,0.0015710704028606415,,0.054201679304242134,0.005125716328620911,0.0007075835019350052
33764,1.0,256,certified_fallback,cuda,0.005982872098684311,0.039008211344480515,0.0007663089781999588,0.0009013563394546509,,0.0015270523726940155,,0.05394940823316574,0.005125716328620911,0.0
33764,1.0,256,fine_mc,cpu,0.005881430581212044,0.03270782716572285,0.0007596239447593689,0.006158372387290001,0.0,0.0,0.0003139916807413101,0.045908330008387566,,
33764,1.0,1024,fine_mc,cuda,0.007701372727751732,0.2277743872255087,0.0027766190469264984,0.0022928770631551743,0.002262399911880493,0.011420786380767822,0.0014295987784862518,0.25350315496325493,,
33764,1.0,1024,empirical_selective,cuda,0.007701372727751732,0.2277743872255087,0.0027766190469264984,0.002308715134859085,,0.00563129223883152,,0.27196029759943485,0.022655118256807327,0.00300527922809124
33764,1.0,1024,certified_fallback,cuda,0.007701372727751732,0.2277743872255087,0.0027766190469264984,0.0023021064698696136,,0.009087314829230309,,0.27427664399147034,0.022655118256807327,0.0
33764,1.0,1024,fine_mc,cpu,0.00668424554169178,0.22871538624167442,0.002931099385023117,0.023999564349651337,0.0,0.0,0.0014392491430044174,0.2638916689902544,,
33845,0.0,256,fine_mc,cuda,0.004147380590438843,0.02080279216170311,0.0009732954204082489,0.0010107457637786865,0.0009773120284080506,0.0016202833503484726,0.0005973335355520248,0.029233815148472786,,
33845,0.0,256,empirical_selective,cuda,0.004147380590438843,0.02080279216170311,0.0009732954204082489,0.0010376647114753723,,0.004627803340554237,,0.03736066818237305,0.0050017740577459335,0.0006879735738039017
33845,0.0,256,certified_fallback,cuda,0.004147380590438843,0.02080279216170311,0.0009732954204082489,0.0009089037775993347,,0.004478851333260536,,0.036929428577423096,0.0050017740577459335,0.0
33845,0.0,256,fine_mc,cpu,0.004839494824409485,0.021563731133937836,0.0008256752043962479,0.006660347804427147,0.0,0.0,0.00044088251888751984,0.03993119113147259,,
33845,0.0,1024,fine_mc,cuda,0.00493144616484642,0.10526157356798649,0.0026496872305870056,0.0022933054715394974,0.0022638399600982666,0.009625108912587166,0.0015310794115066528,0.1264277622103691,,
33845,0.0,1024,empirical_selective,cuda,0.00493144616484642,0.10526157356798649,0.0026496872305870056,0.0022966954857110977,,0.00995774008333683,,0.1484556570649147,0.020093141123652458,0.0031298119574785233
33845,0.0,1024,certified_fallback,cuda,0.00493144616484642,0.10526157356798649,0.0026496872305870056,0.002344684675335884,,0.005528539419174194,,0.1426832154393196,0.020093141123652458,0.0
33845,0.0,1024,fine_mc,cpu,0.004364080727100372,0.1660568881779909,0.002638690173625946,0.03252389654517174,0.0,0.0,0.0012776684015989304,0.20697324350476265,,
33845,0.15,256,fine_mc,cuda,0.005505267530679703,0.023088568821549416,0.0011766999959945679,0.0010665971785783768,0.0010300480127334595,0.0048178620636463165,0.00044115446507930756,0.03620963357388973,,
33845,0.15,256,empirical_selective,cuda,0.005505267530679703,0.023088568821549416,0.0011766999959945679,0.00102170929312706,,0.004696261137723923,,0.04164864122867584,0.005347495898604393,0.0006991550326347351
33845,0.15,256,certified_fallback,cuda,0.005505267530679703,0.023088568821549416,0.0011766999959945679,0.0009363032877445221,,0.004531163722276688,,0.04133527912199497,0.005347495898604393,0.0
33845,0.15,256,fine_mc,cpu,0.004954954609274864,0.022692400962114334,0.0008604954928159714,0.006243672221899033,0.0,0.0,0.00035915151238441467,0.03519980050623417,,
33845,0.15,1024,fine_mc,cuda,0.004670634865760803,0.11161212809383869,0.0025917813181877136,0.0022863466292619705,0.0022573440074920652,0.008319154381752014,0.0014350805431604385,0.13098896108567715,,
33845,0.15,1024,empirical_selective,cuda,0.004670634865760803,0.11161212809383869,0.0025917813181877136,0.0022943858057260513,,0.008955473080277443,,0.15407919138669968,0.020543891936540604,0.003337061032652855
33845,0.15,1024,certified_fallback,cuda,0.004670634865760803,0.11161212809383869,0.0025917813181877136,0.002294303849339485,,0.005604935809969902,,0.1490277498960495,0.020543891936540604,0.0
33845,0.15,1024,fine_mc,cpu,0.005039175972342491,0.11931370384991169,0.002629188820719719,0.03268436715006828,0.0,0.0,0.001349007710814476,0.1611259300261736,,
33845,1.0,256,fine_mc,cuda,0.005913840606808662,0.04879700019955635,0.0010878276079893112,0.0010156072676181793,0.000981216013431549,0.0017160028219223022,0.0004493221640586853,0.05906638316810131,,
33845,1.0,256,empirical_selective,cuda,0.005913840606808662,0.04879700019955635,0.0010878276079893112,0.0009930431842803955,,0.0016725827008485794,,0.06446310505270958,0.005087865516543388,0.0008241627365350723
33845,1.0,256,certified_fallback,cuda,0.005913840606808662,0.04879700019955635,0.0010878276079893112,0.0009087361395359039,,0.0015396419912576675,,0.06396753713488579,0.005087865516543388,0.0
33845,1.0,256,fine_mc,cpu,0.008108295500278473,0.034520240500569344,0.0007905438542366028,0.00594102218747139,0.0,0.0,0.00031505338847637177,0.04977049119770527,,
33845,1.0,1024,fine_mc,cuda,0.00633702427148819,0.22913828119635582,0.003519183024764061,0.0022950228303670883,0.0022573440074920652,0.00968007743358612,0.001617882400751114,0.2526950016617775,,
33845,1.0,1024,empirical_selective,cuda,0.00633702427148819,0.22913828119635582,0.003519183024764061,0.0023011062294244766,,0.005526445806026459,,0.2714638840407133,0.021278539672493935,0.0032557733356952667
33845,1.0,1024,certified_fallback,cuda,0.00633702427148819,0.22913828119635582,0.003519183024764061,0.002295495942234993,,0.006364732980728149,,0.27132941596210003,0.021278539672493935,0.0
33845,1.0,1024,fine_mc,cpu,0.006183521822094917,0.22385555133223534,0.002620166167616844,0.02425542101264,0.0,0.0,0.0014676526188850403,0.2585443500429392,,
33926,0.0,256,fine_mc,cuda,0.005446437746286392,0.02103528566658497,0.0010643471032381058,0.0010751467198133469,0.0010380159616470337,0.00454154796898365,0.0004331320524215698,0.03368069976568222,,
33926,0.0,256,empirical_selective,cuda,0.005446437746286392,0.02103528566658497,0.0010643471032381058,0.0010185949504375458,,0.004524489864706993,,0.03880426846444607,0.004861906170845032,0.0007684044539928436
33926,0.0,256,certified_fallback,cuda,0.005446437746286392,0.02103528566658497,0.0010643471032381058,0.0009102970361709595,,0.004885952919721603,,0.0388522632420063,0.004861906170845032,0.0
33926,0.0,256,fine_mc,cpu,0.00430154986679554,0.022082874551415443,0.0007875058799982071,0.006932657212018967,0.0,0.0,0.0003764219582080841,0.03950359299778938,,
33926,0.0,1024,fine_mc,cuda,0.004380321130156517,0.10091173462569714,0.002814279869198799,0.0022940076887607574,0.0022647359371185303,0.009868741035461426,0.0014660712331533432,0.12184377573430538,,
33926,0.0,1024,empirical_selective,cuda,0.004380321130156517,0.10091173462569714,0.002814279869198799,0.0023028869181871414,,0.011088913306593895,,0.14479568600654602,0.019944706931710243,0.0032442230731248856
33926,0.0,1024,certified_fallback,cuda,0.004380321130156517,0.10091173462569714,0.002814279869198799,0.002307295799255371,,0.005637427791953087,,0.137794841080904,0.019944706931710243,0.0
33926,0.0,1024,fine_mc,cpu,0.004442112520337105,0.16670947149395943,0.003046322613954544,0.032620619982481,0.0,0.0,0.0013861320912837982,0.20832232013344765,,
33926,0.15,256,fine_mc,cuda,0.005058484151959419,0.023830806836485863,0.0012257285416126251,0.0010871496051549911,0.0010480639934539796,0.004607630893588066,0.0004340019077062607,0.03635230474174023,,
33926,0.15,256,empirical_selective,cuda,0.005058484151959419,0.023830806836485863,0.0012257285416126251,0.0010013952851295471,,0.004571862518787384,,0.041989512741565704,0.005530696362257004,0.0006620362401008606
33926,0.15,256,certified_fallback,cuda,0.005058484151959419,0.023830806836485863,0.0012257285416126251,0.0009725484997034073,,0.004474848508834839,,0.041766202077269554,0.005530696362257004,0.0
33926,0.15,256,fine_mc,cpu,0.006619216874241829,0.023206433281302452,0.0008415523916482925,0.005957461893558502,0.0,0.0,0.0003235526382923126,0.038117436692118645,,
33926,0.15,1024,fine_mc,cuda,0.005681999027729034,0.11595119908452034,0.0034551024436950684,0.0022897087037563324,0.002259455919265747,0.010089298710227013,0.0014422405511140823,0.13900137320160866,,
33926,0.15,1024,empirical_selective,cuda,0.005681999027729034,0.11595119908452034,0.0034551024436950684,0.00232749804854393,,0.010024487972259521,,0.16285372711718082,0.022242095321416855,0.0030795205384492874
33926,0.15,1024,certified_fallback,cuda,0.005681999027729034,0.11595119908452034,0.0034551024436950684,0.002316875383257866,,0.005607418715953827,,0.1571115180850029,0.022242095321416855,0.0
33926,0.15,1024,fine_mc,cpu,0.0050248559564352036,0.18395904265344143,0.006594276055693626,0.03351958282291889,0.0,0.0,0.0012680497020483017,0.23050496727228165,,
33926,1.0,256,fine_mc,cuda,0.005925528705120087,0.03600483015179634,0.0010372046381235123,0.0010700151324272156,0.001031615972518921,0.004658961668610573,0.0004315916448831558,0.04920714907348156,,
33926,1.0,256,empirical_selective,cuda,0.005925528705120087,0.03600483015179634,0.0010372046381235123,0.0010347571223974228,,0.004931194707751274,,0.05537424609065056,0.005670806393027306,0.0006909072399139404
33926,1.0,256,certified_fallback,cuda,0.005925528705120087,0.03600483015179634,0.0010372046381235123,0.0009539145976305008,,0.004427773877978325,,0.054679347202181816,0.005670806393027306,0.0
33926,1.0,256,fine_mc,cpu,0.006038380786776543,0.034803373739123344,0.0008194167166948318,0.006349936127662659,0.0,0.0,0.00032156147062778473,0.048420511186122894,,
33926,1.0,1024,fine_mc,cuda,0.007960082963109016,0.22282722406089306,0.0027543380856513977,0.00228910893201828,0.0022594239711761473,0.009062711149454117,0.0014539193361997604,0.24645759910345078,,
33926,1.0,1024,empirical_selective,cuda,0.007960082963109016,0.22282722406089306,0.0027543380856513977,0.0023056063801050186,,0.005645686760544777,,0.2650334257632494,0.020307181403040886,0.003123091533780098
33926,1.0,1024,certified_fallback,cuda,0.007960082963109016,0.22282722406089306,0.0027543380856513977,0.002303754910826683,,0.005547488108277321,,0.2634791396558285,0.020307181403040886,0.0
33926,1.0,1024,fine_mc,cpu,0.007334113121032715,0.2304857261478901,0.002520507201552391,0.026216862723231316,0.0,0.0,0.0013857204467058182,0.2680778708308935,,
34007,0.0,256,fine_mc,cuda,0.004183096811175346,0.02435975894331932,0.0010246597230434418,0.0010777972638607025,0.0010412160158157348,0.00464010052382946,0.0004533044993877411,0.035833198577165604,,
34007,0.0,256,empirical_selective,cuda,0.004183096811175346,0.02435975894331932,0.0010246597230434418,0.0011890586465597153,,0.004861211404204369,,0.041230132803320885,0.00493285059928894,0.0005850158631801605
34007,0.0,256,certified_fallback,cuda,0.004183096811175346,0.02435975894331932,0.0010246597230434418,0.0009616874158382416,,0.0045777298510074615,,0.040690457448363304,0.00493285059928894,0.0
34007,0.0,256,fine_mc,cpu,0.004364291206002235,0.02125246822834015,0.0013139881193637848,0.006164964288473129,0.0,0.0,0.00032111257314682007,0.03707375191152096,,
34007,0.0,1024,fine_mc,cuda,0.004424121230840683,0.1011298056691885,0.0027936790138483047,0.00228920578956604,0.0022595839500427245,0.010213889181613922,0.0014676693826913834,0.12242570333182812,,
34007,0.0,1024,empirical_selective,cuda,0.004424121230840683,0.1011298056691885,0.0027936790138483047,0.0023209359496831894,,0.010191025212407112,,0.14745771698653698,0.022519677877426147,0.003971138969063759
34007,0.0,1024,certified_fallback,cuda,0.004424121230840683,0.1011298056691885,0.0027936790138483047,0.002315027639269829,,0.005716757848858833,,0.14075117371976376,0.022519677877426147,0.0
34007,0.0,1024,fine_mc,cpu,0.004398468881845474,0.10633513145148754,0.0030538514256477356,0.03380937501788139,0.0,0.0,0.00150236114859581,0.153540700674057,,
34007,0.15,256,fine_mc,cuda,0.006297444924712181,0.02432703785598278,0.0010488368570804596,0.0010710880160331726,0.001034432053565979,0.004746563732624054,0.0005187708884477615,0.038125842809677124,,
34007,0.15,256,empirical_selective,cuda,0.006297444924712181,0.02432703785598278,0.0010488368570804596,0.0009811483323574066,,0.004744943231344223,,0.04307243041694164,0.004986705258488655,0.0005702134221792221
34007,0.15,256,certified_fallback,cuda,0.006297444924712181,0.02432703785598278,0.0010488368570804596,0.0009490661323070526,,0.004460833966732025,,0.04273904487490654,0.004986705258488655,0.0
34007,0.15,256,fine_mc,cpu,0.004932435229420662,0.024109408259391785,0.0009582359343767166,0.006529336795210838,0.0,0.0,0.0003234725445508957,0.036943819373846054,,
34007,0.15,1024,fine_mc,cuda,0.004689672961831093,0.1195104643702507,0.0031681619584560394,0.0022926758974790573,0.002262399911880493,0.009654765948653221,0.0016853325068950653,0.1410783026367426,,
34007,0.15,1024,empirical_selective,cuda,0.004689672961831093,0.1195104643702507,0.0031681619584560394,0.0023017041385173798,,0.009757569059729576,,0.1629539653658867,0.019478045403957367,0.003971118479967117
34007,0.15,1024,certified_fallback,cuda,0.004689672961831093,0.1195104643702507,0.0031681619584560394,0.002296488732099533,,0.005684800446033478,,0.15658430196344852,0.019478045403957367,0.0
34007,0.15,1024,fine_mc,cpu,0.005023526027798653,0.1745587084442377,0.003145139664411545,0.03359191678464413,0.0,0.0,0.0012229681015014648,0.21767114102840424,,
34007,1.0,256,fine_mc,cuda,0.006174115464091301,0.039683323353528976,0.0010082367807626724,0.001101108267903328,0.001063647985458374,0.00478244386613369,0.0004697423428297043,0.05329565517604351,,
34007,1.0,256,empirical_selective,cuda,0.006174115464091301,0.039683323353528976,0.0010082367807626724,0.0009967274963855743,,0.004507130011916161,,0.05802401714026928,0.004961514845490456,0.0006162840873003006
34007,1.0,256,certified_fallback,cuda,0.006174115464091301,0.039683323353528976,0.0010082367807626724,0.0010441392660140991,,0.004459330812096596,,0.05795994773507118,0.004961514845490456,0.0
34007,1.0,256,fine_mc,cpu,0.005956368520855904,0.03599314019083977,0.0007641427218914032,0.006391134113073349,0.0,0.0,0.00033767521381378174,0.04953826777637005,,
34007,1.0,1024,fine_mc,cuda,0.007049547508358955,0.21923385001718998,0.0027768798172473907,0.0022873654961586,0.002255712032318115,0.010174660012125969,0.0015050899237394333,0.24313733354210854,,
34007,1.0,1024,empirical_selective,cuda,0.007049547508358955,0.21923385001718998,0.0027768798172473907,0.0023078862577676773,,0.009397335350513458,,0.2647747043520212,0.02070937305688858,0.0031898915767669678
34007,1.0,1024,certified_fallback,cuda,0.007049547508358955,0.21923385001718998,0.0027768798172473907,0.0023023970425128937,,0.005759678781032562,,0.25980687141418457,0.02070937305688858,0.0
34007,1.0,1024,fine_mc,cpu,0.006181282922625542,0.22781487926840782,0.002888651564717293,0.027100740000605583,0.0,0.0,0.0013170596212148666,0.2654080521315336,,
34089,0.0,256,fine_mc,cuda,0.004208989441394806,0.02146473154425621,0.0010880474001169205,0.0012800581753253937,0.0012384639978408813,0.005201546475291252,0.0005012433975934982,0.03384139575064182,,
34089,0.0,256,empirical_selective,cuda,0.004208989441394806,0.02146473154425621,0.0010880474001169205,0.0010465476661920547,,0.004912015050649643,,0.038605162873864174,0.005006855353713036,0.0007811971008777618
34089,0.0,256,certified_fallback,cuda,0.004208989441394806,0.02146473154425621,0.0010880474001169205,0.0009481869637966156,,0.004493130370974541,,0.037874141708016396,0.005006855353713036,0.0
34089,0.0,256,fine_mc,cpu,0.004345022141933441,0.020259102806448936,0.0008163768798112869,0.006117822602391243,0.0,0.0,0.000346992164850235,0.03992885909974575,,
34089,0.0,1024,fine_mc,cuda,0.00447608157992363,0.11088217422366142,0.0023469850420951843,0.0023278165608644485,0.002293792009353638,0.010064801201224327,0.0016238298267126083,0.13182719983160496,,
34089,0.0,1024,empirical_selective,cuda,0.00447608157992363,0.11088217422366142,0.0023469850420951843,0.0022999346256256104,,0.010166771709918976,,0.15577384643256664,0.022128386422991753,0.0033680014312267303
34089,0.0,1024,certified_fallback,cuda,0.00447608157992363,0.11088217422366142,0.0023469850420951843,0.002299744635820389,,0.005512956529855728,,0.1493929736316204,0.022128386422991753,0.0
34089,0.0,1024,fine_mc,cpu,0.0044532716274261475,0.1719196606427431,0.005421437323093414,0.030613843351602554,0.0,0.0,0.0012141596525907516,0.21375655382871628,,
34089,0.15,256,fine_mc,cuda,0.005542300641536713,0.02276923879981041,0.001081107184290886,0.00106893852353096,0.0010315840244293213,0.004581432789564133,0.0004209522157907486,0.035608889535069466,,
34089,0.15,256,empirical_selective,cuda,0.005542300641536713,0.02276923879981041,0.001081107184290886,0.0009844191372394562,,0.004487952217459679,,0.040566105395555496,0.0050298962742090225,0.0005262717604637146
34089,0.15,256,certified_fallback,cuda,0.005542300641536713,0.02276923879981041,0.001081107184290886,0.0011417753994464874,,0.004735654219985008,,0.041022466495633125,0.0050298962742090225,0.0
34089,0.15,256,fine_mc,cpu,0.0049568060785532,0.02356671541929245,0.00067906454205513,0.0059914421290159225,0.0,0.0,0.0003271307796239853,0.035608185455203056,,
34089,0.15,1024,fine_mc,cuda,0.006517166271805763,0.12265319749712944,0.003256363794207573,0.0022858157753944397,0.002256416082382202,0.010122817009687424,0.001418301835656166,0.14632750675082207,,
34089,0.15,1024,empirical_selective,cuda,0.006517166271805763,0.12265319749712944,0.003256363794207573,0.002313109114766121,,0.010157164186239243,,0.1742984801530838,0.02588103897869587,0.0034465957432985306
34089,0.15,1024,certified_fallback,cuda,0.006517166271805763,0.12265319749712944,0.003256363794207573,0.002299696207046509,,0.005747640505433083,,0.16810415871441364,0.02588103897869587,0.0
34089,0.15,1024,fine_mc,cpu,0.005638010799884796,0.18446057848632336,0.002672947943210602,0.03397028520703316,0.0,0.0,0.0013163387775421143,0.228182228282094,,
34089,1.0,256,fine_mc,cuda,0.006041519343852997,0.0352154765278101,0.0010563172399997711,0.0010698884725570679,0.0010324480533599853,0.004724014550447464,0.0004858337342739105,0.04868571273982525,,
34089,1.0,256,empirical_selective,cuda,0.006041519343852997,0.0352154765278101,0.0010563172399997711,0.0010196473449468613,,0.0045692212879657745,,0.05357844941318035,0.004894651472568512,0.0006889533251523972
34089,1.0,256,certified_fallback,cuda,0.006041519343852997,0.0352154765278101,0.0010563172399997711,0.00116632878780365,,0.004622556269168854,,0.05374228022992611,0.004894651472568512,0.0
34089,1.0,256,fine_mc,cpu,0.006259184330701828,0.03488670289516449,0.0006125755608081818,0.006197353824973106,0.0,0.0,0.00040801241993904114,0.048449790105223656,,
34089,1.0,1024,fine_mc,cuda,0.008275888860225677,0.224598478525877,0.0030296500772237778,0.0022962167859077454,0.00226582407951355,0.01021231897175312,0.0015108678489923477,0.25003382191061974,,
34089,1.0,1024,empirical_selective,cuda,0.008275888860225677,0.224598478525877,0.0030296500772237778,0.0022961683571338654,,0.005475606769323349,,0.2649099286645651,0.01837068796157837,0.0027530472725629807
34089,1.0,1024,certified_fallback,cuda,0.008275888860225677,0.224598478525877,0.0030296500772237778,0.0023033861070871353,,0.005686428397893906,,0.2640752028673887,0.01837068796157837,0.0
34089,1.0,1024,fine_mc,cpu,0.006198534741997719,0.2392838466912508,0.0029118675738573074,0.02558058872818947,0.0,0.0,0.001277649775147438,0.27538583241403103,,
34170,0.0,256,fine_mc,cuda,0.004212519153952599,0.023348692804574966,0.0010469965636730194,0.001134498044848442,0.0010963200330734253,0.00486893393099308,0.0004937518388032913,0.03518975339829922,,
34170,0.0,256,empirical_selective,cuda,0.004212519153952599,0.023348692804574966,0.0010469965636730194,0.001049049198627472,,0.004658501595258713,,0.040236202999949455,0.005211459472775459,0.0006246231496334076
34170,0.0,256,certified_fallback,cuda,0.004212519153952599,0.023348692804574966,0.0010469965636730194,0.0009654872119426727,,0.004508420825004578,,0.039948783814907074,0.005211459472775459,0.0
34170,0.0,256,fine_mc,cpu,0.004394451156258583,0.020176179707050323,0.0006687343120574951,0.006646769121289253,0.0,0.0,0.00037210434675216675,0.037788404151797295,,
34170,0.0,1024,fine_mc,cuda,0.004506392404437065,0.15842466428875923,0.0027188584208488464,0.0023377686738967896,0.00230294394493103,0.00971892848610878,0.001687522977590561,0.17950242571532726,,
34170,0.0,1024,empirical_selective,cuda,0.004506392404437065,0.15842466428875923,0.0027188584208488464,0.0023036878556013107,,0.00990605354309082,,0.2056814506649971,0.02388416789472103,0.003829335793852806
34170,0.0,1024,certified_fallback,cuda,0.004506392404437065,0.15842466428875923,0.0027188584208488464,0.0022933948785066605,,0.005573699250817299,,0.19919154047966003,0.02388416789472103,0.0
34170,0.0,1024,fine_mc,cpu,0.004890585318207741,0.1657266691327095,0.0029380805790424347,0.034139808267354965,0.0,0.0,0.0015880223363637924,0.20940745249390602,,
34170,0.15,256,fine_mc,cuda,0.005132455378770828,0.023557083681225777,0.0009028054773807526,0.0010658670216798782,0.0010296640396118164,0.004707343876361847,0.0004540141671895981,0.035951705649495125,,
34170,0.15,256,empirical_selective,cuda,0.005132455378770828,0.023557083681225777,0.0009028054773807526,0.0011520348489284515,,0.004723440855741501,,0.0416633989661932,0.005343737080693245,0.0007197055965662003
34170,0.15,256,certified_fallback,cuda,0.005132455378770828,0.023557083681225777,0.0009028054773807526,0.0009783487766981125,,0.004522213712334633,,0.04115138202905655,0.005343737080693245,0.0
34170,0.15,256,fine_mc,cpu,0.005059296265244484,0.023624595254659653,0.0009425841271877289,0.006307283416390419,0.0,0.0,0.0003938525915145874,0.03644665330648422,,
34170,0.15,1024,fine_mc,cuda,0.004797261208295822,0.11856036819517612,0.0032718218863010406,0.0023119058459997177,0.002277983903884888,0.010180329903960228,0.0014780499041080475,0.1406741887331009,,
34170,0.15,1024,empirical_selective,cuda,0.004797261208295822,0.11856036819517612,0.0032718218863010406,0.002299254760146141,,0.009750107303261757,,0.1648727674037218,0.022508807480335236,0.003610694780945778
34170,0.15,1024,certified_fallback,cuda,0.004797261208295822,0.11856036819517612,0.0032718218863010406,0.0023320969194173813,,0.005704658105969429,,0.15891805849969387,0.022508807480335236,0.0
34170,0.15,1024,fine_mc,cpu,0.005045784637331963,0.17590129747986794,0.0032087936997413635,0.03073161095380783,0.0,0.0,0.0013255588710308075,0.21632486581802368,,
34170,1.0,256,fine_mc,cuda,0.007120369002223015,0.03651886433362961,0.0008795373141765594,0.0010814443230628967,0.0010443520545959472,0.004380673170089722,0.000440722331404686,0.05050596036016941,,
34170,1.0,256,empirical_selective,cuda,0.007120369002223015,0.03651886433362961,0.0008795373141765594,0.0009558051824569702,,0.001184951514005661,,0.05241495557129383,0.004897013306617737,0.0007740650326013565
34170,1.0,256,certified_fallback,cuda,0.007120369002223015,0.03651886433362961,0.0008795373141765594,0.0009285788983106613,,0.0011806059628725052,,0.05218332260847092,0.004897013306617737,0.0
34170,1.0,256,fine_mc,cpu,0.0060235317796468735,0.03378365747630596,0.0006638728082180023,0.0067196860909461975,0.0,0.0,0.0003266129642724991,0.04760311357676983,,
34170,1.0,1024,fine_mc,cuda,0.006570104509592056,0.21463101543486118,0.0028038304299116135,0.0022920258343219757,0.0022620160579681398,0.009904090315103531,0.0015512090176343918,0.23784963600337505,,
34170,1.0,1024,empirical_selective,cuda,0.006570104509592056,0.21463101543486118,0.0028038304299116135,0.0022973064333200455,,0.005561169236898422,,0.2541595324873924,0.018809091299772263,0.0033896546810865402
34170,1.0,1024,certified_fallback,cuda,0.006570104509592056,0.21463101543486118,0.0028038304299116135,0.0022950954735279083,,0.005672508850693703,,0.2525785379111767,0.018809091299772263,0.0
34170,1.0,1024,fine_mc,cpu,0.006225302815437317,0.23202046938240528,0.0028913281857967377,0.025217436254024506,0.0,0.0,0.0012618675827980042,0.26772070676088333,,
34251,0.0,256,fine_mc,cuda,0.004246760159730911,0.021618200466036797,0.0011098477989435196,0.0012995190918445587,0.001257248044013977,0.004787992686033249,0.0004855021834373474,0.03364030085504055,,
34251,0.0,256,empirical_selective,cuda,0.004246760159730911,0.021618200466036797,0.0011098477989435196,0.0012155883014202118,,0.004691656678915024,,0.03874006122350693,0.005091136321425438,0.0006743930280208588
34251,0.0,256,certified_fallback,cuda,0.004246760159730911,0.021618200466036797,0.0011098477989435196,0.0009576175361871719,,0.004734694957733154,,0.038420336320996284,0.005091136321425438,0.0
34251,0.0,256,fine_mc,cpu,0.004340451210737228,0.021185828372836113,0.0007589366286993027,0.006311696022748947,0.0,0.0,0.00034695304930210114,0.04033500328660011,,
34251,0.0,1024,fine_mc,cuda,0.004469379782676697,0.10541176609694958,0.003295430913567543,0.0023059770464897156,0.0022712318897247312,0.010210948064923286,0.0016376804560422897,0.12744544446468353,,
34251,0.0,1024,empirical_selective,cuda,0.004469379782676697,0.10541176609694958,0.003295430913567543,0.002298586070537567,,0.009903384372591972,,0.15031368099153042,0.02189202420413494,0.002928847447037697
34251,0.0,1024,certified_fallback,cuda,0.004469379782676697,0.10541176609694958,0.003295430913567543,0.0023286473006010056,,0.00574645958840847,,0.1449578795582056,0.02189202420413494,0.0
34251,0.0,1024,fine_mc,cpu,0.004385419189929962,0.17254256270825863,0.0027340371161699295,0.032278234139084816,0.0,0.0,0.0013532880693674088,0.21340676583349705,,
34251,0.15,256,fine_mc,cuda,0.005053296685218811,0.02199932374060154,0.0008443742990493774,0.0010647177696228027,0.0010281599760055542,0.004668733105063438,0.000459425151348114,0.03420708887279034,,
34251,0.15,256,empirical_selective,cuda,0.005053296685218811,0.02199932374060154,0.0008443742990493774,0.0010174382477998734,,0.004911554977297783,,0.039558034390211105,0.004888664931058884,0.000726163387298584
34251,0.15,256,certified_fallback,cuda,0.005053296685218811,0.02199932374060154,0.0008443742990493774,0.0009627081453800201,,0.004757074639201164,,0.03920690156519413,0.004888664931058884,0.0
34251,0.15,256,fine_mc,cpu,0.006133534014225006,0.03451758995652199,0.0015346705913543701,0.006463591009378433,0.0,0.0,0.0003434326499700546,0.050210140645504,,
34251,0.15,1024,fine_mc,cuda,0.004729574546217918,0.11395494639873505,0.0030063707381486893,0.002301247790455818,0.0022693760395050048,0.011039480566978455,0.0015186220407485962,0.13662189058959484,,
34251,0.15,1024,empirical_selective,cuda,0.004729574546217918,0.11395494639873505,0.0030063707381486893,0.0022979360073804855,,0.005973894149065018,,0.1539473794400692,0.02107369899749756,0.0028393100947141647
34251,0.15,1024,certified_fallback,cuda,0.004729574546217918,0.11395494639873505,0.0030063707381486893,0.0023011155426502228,,0.006128501147031784,,0.15295957773923874,0.02107369899749756,0.0
34251,0.15,1024,fine_mc,cpu,0.005118425935506821,0.17821890488266945,0.0026552267372608185,0.03162532299757004,0.0,0.0,0.0012323372066020966,0.21898564882576466,,
34251,1.0,256,fine_mc,cuda,0.006198054179549217,0.03528042882680893,0.0010385476052761078,0.0011466965079307556,0.0011085439920425415,0.004736579954624176,0.0004567038267850876,0.048939887434244156,,
34251,1.0,256,empirical_selective,cuda,0.006198054179549217,0.03528042882680893,0.0010385476052761078,0.001032315194606781,,0.004590701311826706,,0.05395090393722057,0.004932144656777382,0.0007958356291055679
34251,1.0,256,certified_fallback,cuda,0.006198054179549217,0.03528042882680893,0.0010385476052761078,0.0009198486804962158,,0.004752835258841515,,0.05376332625746727,0.004932144656777382,0.0
34251,1.0,256,fine_mc,cpu,0.006164252758026123,0.034745361655950546,0.0006450042128562927,0.00616954080760479,0.0,0.0,0.0003337934613227844,0.0481411162763834,,
34251,1.0,1024,fine_mc,cuda,0.0062630437314510345,0.2148087676614523,0.0033832043409347534,0.0022923648357391357,0.002261280059814453,0.011535519734025002,0.0014656595885753632,0.23984873294830322,,
34251,1.0,1024,empirical_selective,cuda,0.0062630437314510345,0.2148087676614523,0.0033832043409347534,0.0022941958159208298,,0.005753351375460625,,0.25540799275040627,0.019467363134026527,0.003337893635034561
34251,1.0,1024,certified_fallback,cuda,0.0062630437314510345,0.2148087676614523,0.0033832043409347534,0.002294367179274559,,0.00805598683655262,,0.25604464672505856,0.019467363134026527,0.0
34251,1.0,1024,fine_mc,cpu,0.006223674863576889,0.22746015712618828,0.0027409102767705917,0.024040568619966507,0.0,0.0,0.0014589298516511917,0.2620607279241085,,
34332,0.0,256,fine_mc,cuda,0.004198547452688217,0.021076396107673645,0.0010586772114038467,0.0010625682771205902,0.0010262080430984497,0.004666812717914581,0.00044026225805282593,0.032596688717603683,,
34332,0.0,256,empirical_selective,cuda,0.004198547452688217,0.021076396107673645,0.0010586772114038467,0.001032339408993721,,0.004991913214325905,,0.03825290873646736,0.004993055015802383,0.0008085556328296661
34332,0.0,256,certified_fallback,cuda,0.004198547452688217,0.021076396107673645,0.0010586772114038467,0.0008939970284700394,,0.00474129430949688,,0.03760393336415291,0.004993055015802383,0.0
34332,0.0,256,fine_mc,cpu,0.004416570067405701,0.02071307599544525,0.0007040668278932571,0.006041191518306732,0.0,0.0,0.000325692817568779,0.039257653057575226,,
34332,0.0,1024,fine_mc,cuda,0.004599623382091522,0.10703420825302601,0.002585858106613159,0.002288343384861946,0.002259040117263794,0.01047603227198124,0.0014607682824134827,0.12854990363121033,,
34332,0.0,1024,empirical_selective,cuda,0.004599623382091522,0.10703420825302601,0.002585858106613159,0.002302763983607292,,0.009447889402508736,,0.14856312237679958,0.01946556568145752,0.003022143617272377
34332,0.0,1024,certified_fallback,cuda,0.004599623382091522,0.10703420825302601,0.002585858106613159,0.002294875681400299,,0.006249390542507172,,0.14407205022871494,0.01946556568145752,0.0
34332,0.0,1024,fine_mc,cpu,0.004457339644432068,0.16569904796779156,0.0028696786612272263,0.03385658748447895,0.0,0.0,0.0012944210320711136,0.2082849256694317,,
34332,0.15,256,fine_mc,cuda,0.0050313156098127365,0.02335457317531109,0.0010158345103263855,0.0010915696620941162,0.0010527039766311645,0.0049193426966667175,0.0004656743258237839,0.03599361330270767,,
34332,0.15,256,empirical_selective,cuda,0.0050313156098127365,0.02335457317531109,0.0010158345103263855,0.0010463781654834747,,0.004813622683286667,,0.04111397825181484,0.005120027810335159,0.0006169229745864868
34332,0.15,256,certified_fallback,cuda,0.0050313156098127365,0.02335457317531109,0.0010158345103263855,0.0009528268128633499,,0.004662062972784042,,0.040830207988619804,0.005120027810335159,0.0
34332,0.15,256,fine_mc,cpu,0.005088476464152336,0.023686565458774567,0.0008273851126432419,0.006249461323022842,0.0,0.0,0.0003596339374780655,0.03630145080387592,,
34332,0.15,1024,fine_mc,cuda,0.004838394001126289,0.11348948255181313,0.0034029968082904816,0.0022926777601242065,0.0022605440616607665,0.010670134797692299,0.0014307890087366104,0.13620842061936855,,
34332,0.15,1024,empirical_selective,cuda,0.004838394001126289,0.11348948255181313,0.0034029968082904816,0.0023320894688367844,,0.009868411347270012,,0.1583644486963749,0.02079051360487938,0.0035586152225732803
34332,0.15,1024,certified_fallback,cuda,0.004838394001126289,0.11348948255181313,0.0034029968082904816,0.002305826172232628,,0.005808042362332344,,0.1523896399885416,0.02079051360487938,0.0
34332,0.15,1024,fine_mc,cpu,0.005161436274647713,0.17232264392077923,0.0026057083159685135,0.03280369006097317,0.0,0.0,0.0014150701463222504,0.21445012837648392,,
34332,1.0,256,fine_mc,cuda,0.006129441782832146,0.035739436745643616,0.0009904466569423676,0.0011252779513597488,0.0010847359895706176,0.004842763766646385,0.0004412941634654999,0.04935113526880741,,
34332,1.0,256,empirical_selective,cuda,0.006129441782832146,0.035739436745643616,0.0009904466569423676,0.0010368265211582184,,0.004633953794836998,,0.05445157736539841,0.0050439126789569855,0.0007950849831104279
34332,1.0,256,certified_fallback,cuda,0.006129441782832146,0.035739436745643616,0.0009904466569423676,0.000912664458155632,,0.0046729352325201035,,0.05414756387472153,0.0050439126789569855,0.0
34332,1.0,256,fine_mc,cpu,0.006128953769803047,0.03581744804978371,0.0007208548486232758,0.005991561338305473,0.0,0.0,0.00030309148132801056,0.04906471073627472,,
34332,1.0,1024,fine_mc,cuda,0.006200172007083893,0.22998747415840626,0.00281435064971447,0.002303415909409523,0.002270495891571045,0.006081150844693184,0.0014375708997249603,0.24892578460276127,,
34332,1.0,1024,empirical_selective,cuda,0.006200172007083893,0.22998747415840626,0.00281435064971447,0.002314126119017601,,0.010611072182655334,,0.27423193119466305,0.0191587433218956,0.0030443426221609116
34332,1.0,1024,certified_fallback,cuda,0.006200172007083893,0.22998747415840626,0.00281435064971447,0.0023310352116823196,,0.005796557292342186,,0.2680156175047159,0.0191587433218956,0.0
34332,1.0,1024,fine_mc,cpu,0.006215821951627731,0.2256085742264986,0.002826780080795288,0.024004867300391197,0.0,0.0,0.0013938602060079575,0.2601629253476858,,
34413,0.0,256,fine_mc,cuda,0.004178779199719429,0.02221602387726307,0.001191047951579094,0.0010911189019680023,0.0010532480478286743,0.0051199570298194885,0.0004491358995437622,0.034336993470788,,
34413,0.0,256,empirical_selective,cuda,0.004178779199719429,0.02221602387726307,0.001191047951579094,0.0010489951819181442,,0.004613490775227547,,0.039300499483942986,0.005185626447200775,0.0007756054401397705
34413,0.0,256,certified_fallback,cuda,0.004178779199719429,0.02221602387726307,0.001191047951579094,0.0009396281093358994,,0.00474904291331768,,0.03913618065416813,0.005185626447200775,0.0
34413,0.0,256,fine_mc,cpu,0.0042986199259757996,0.021067576482892036,0.0007490366697311401,0.0061705633997917175,0.0,0.0,0.00032115355134010315,0.041104529052972794,,
34413,0.0,1024,fine_mc,cuda,0.004513168707489967,0.10693029686808586,0.002706460654735565,0.0023133568465709686,0.002281440019607544,0.011297037824988365,0.0015000700950622559,0.1293704528361559,,
34413,0.0,1024,empirical_selective,cuda,0.004513168707489967,0.10693029686808586,0.002706460654735565,0.0023046862334012985,,0.01108860969543457,,0.15275702625513077,0.021962663158774376,0.0031410790979862213
34413,0.0,1024,certified_fallback,cuda,0.004513168707489967,0.10693029686808586,0.002706460654735565,0.0023024454712867737,,0.005774930119514465,,0.14597898721694946,0.021962663158774376,0.0
34413,0.0,1024,fine_mc,cpu,0.004468299448490143,0.1666497327387333,0.0032042916864156723,0.023513885214924812,0.0,0.0,0.001308700069785118,0.19926264323294163,,
34413,0.15,256,fine_mc,cuda,0.005066584795713425,0.023241162300109863,0.0010531265288591385,0.0010652188211679459,0.0010292479991912842,0.00508994422852993,0.00044131092727184296,0.03607076033949852,,
34413,0.15,256,empirical_selective,cuda,0.005066584795713425,0.023241162300109863,0.0010531265288591385,0.0009776372462511063,,0.005022112280130386,,0.04105326719582081,0.004976416006684303,0.0006028153002262115
34413,0.15,256,certified_fallback,cuda,0.005066584795713425,0.023241162300109863,0.0010531265288591385,0.0009619276970624924,,0.00487588532269001,,0.040861086919903755,0.004976416006684303,0.0
34413,0.15,256,fine_mc,cpu,0.005006786435842514,0.023465372622013092,0.0007797963917255402,0.005898158997297287,0.0,0.0,0.0003082919865846634,0.03555069491267204,,
34413,0.15,1024,fine_mc,cuda,0.004790704697370529,0.1158575788140297,0.003226332366466522,0.002296086400747299,0.002265376091003418,0.00960385613143444,0.0014389287680387497,0.13728822581470013,,
34413,0.15,1024,empirical_selective,cuda,0.004790704697370529,0.1158575788140297,0.003226332366466522,0.0023073554039001465,,0.010380543768405914,,0.16200550086796284,0.02154707908630371,0.0038211680948734283
34413,0.15,1024,certified_fallback,cuda,0.004790704697370529,0.1158575788140297,0.003226332366466522,0.0022971630096435547,,0.0056398119777441025,,0.155050840228796,0.02154707908630371,0.0
34413,0.15,1024,fine_mc,cpu,0.0051136258989572525,0.17345814034342766,0.0030932091176509857,0.03194141387939453,0.0,0.0,0.001273689791560173,0.2149993907660246,,
34413,1.0,256,fine_mc,cuda,0.0060912128537893295,0.03503492474555969,0.0009834058582782745,0.0010828971862792969,0.0010450559854507447,0.004554592072963715,0.0004355423152446747,0.04826277680695057,,
34413,1.0,256,empirical_selective,cuda,0.0060912128537893295,0.03503492474555969,0.0009834058582782745,0.0010279174894094467,,0.004514448344707489,,0.05347895249724388,0.004973426461219788,0.0007734149694442749
34413,1.0,256,certified_fallback,cuda,0.0060912128537893295,0.03503492474555969,0.0009834058582782745,0.00093836709856987,,0.004487590864300728,,0.05314142443239689,0.004973426461219788,0.0
34413,1.0,256,fine_mc,cpu,0.006033211946487427,0.0353788360953331,0.0007740836590528488,0.0055496301501989365,0.0,0.0,0.0003365613520145416,0.04816823825240135,,
34413,1.0,1024,fine_mc,cuda,0.006136782467365265,0.2252216599881649,0.0027358289808034897,0.002291405573487282,0.002261343955993652,0.009752128273248672,0.0014564115554094315,0.2476916890591383,,
34413,1.0,1024,empirical_selective,cuda,0.006136782467365265,0.2252216599881649,0.0027358289808034897,0.002305246889591217,,0.005672639235854149,,0.26491809636354446,0.019825827330350876,0.00292263925075531
34413,1.0,1024,certified_fallback,cuda,0.006136782467365265,0.2252216599881649,0.0027358289808034897,0.0023041553795337677,,0.008781719952821732,,0.26687040738761425,0.019825827330350876,0.0
34413,1.0,1024,fine_mc,cpu,0.006447814404964447,0.22584728710353374,0.002888299524784088,0.023494133725762367,0.0,0.0,0.0012678299099206924,0.2600753325968981,,
34495,0.0,256,fine_mc,cuda,0.004208927974104881,0.021664563566446304,0.0009631682187318802,0.0010679606348276138,0.0010321600437164307,0.005677066743373871,0.00045807287096977234,0.0341221559792757,,
34495,0.0,256,empirical_selective,cuda,0.004208927974104881,0.021664563566446304,0.0009631682187318802,0.001055896282196045,,0.004963196814060211,,0.038706738501787186,0.00506400503218174,0.0007045846432447433
34495,0.0,256,certified_fallback,cuda,0.004208927974104881,0.021664563566446304,0.0009631682187318802,0.000955706462264061,,0.0053445566445589066,,0.03898048773407936,0.00506400503218174,0.0
34495,0.0,256,fine_mc,cpu,0.004319451749324799,0.02079186402261257,0.0006645955145359039,0.005960581824183464,0.0,0.0,0.0003365408629179001,0.03913293406367302,,
34495,0.0,1024,fine_mc,cuda,0.004476951435208321,0.10201057232916355,0.0026418957859277725,0.002297487109899521,0.0022647039890289307,0.008838880807161331,0.0014742203056812286,0.12184187211096287,,
34495,0.0,1024,empirical_selective,cuda,0.004476951435208321,0.10201057232916355,0.0026418957859277725,0.002317095175385475,,0.00797741487622261,,0.14478724636137486,0.0218077190220356,0.0034537333995103836
34495,0.0,1024,certified_fallback,cuda,0.004476951435208321,0.10201057232916355,0.0026418957859277725,0.0022909659892320633,,0.005732141435146332,,0.14075708203017712,0.0218077190220356,0.0
34495,0.0,1024,fine_mc,cpu,0.004690784960985184,0.16611741669476032,0.003141239285469055,0.023724457249045372,0.0,0.0,0.0012830477207899094,0.19907440058887005,,
34495,0.15,256,fine_mc,cuda,0.00508478656411171,0.022539619356393814,0.0008860770612955093,0.0011020079255104065,0.001067296028137207,0.0016575604677200317,0.0004414040595293045,0.03182181157171726,,
34495,0.15,256,empirical_selective,cuda,0.00508478656411171,0.022539619356393814,0.0008860770612955093,0.00107501819729805,,0.0016192328184843063,,0.03727499209344387,0.005280055105686188,0.000679846853017807
34495,0.15,256,certified_fallback,cuda,0.00508478656411171,0.022539619356393814,0.0008860770612955093,0.0008939467370510101,,0.0015522483736276627,,0.03689388372004032,0.005280055105686188,0.0
34495,0.15,256,fine_mc,cpu,0.005114886909723282,0.022556757554411888,0.0008214749395847321,0.005632156506180763,0.0,0.0,0.00034298188984394073,0.03455743566155434,,
34495,0.15,1024,fine_mc,cuda,0.004906903952360153,0.11609889008104801,0.0028325002640485764,0.00229569710791111,0.002264319896697998,0.00568138062953949,0.0014544520527124405,0.1333377044647932,,
34495,0.15,1024,empirical_selective,cuda,0.004906903952360153,0.11609889008104801,0.0028325002640485764,0.0023083165287971497,,0.010125640779733658,,0.15831025503575802,0.018413439393043518,0.003556683659553528
34495,0.15,1024,certified_fallback,cuda,0.004906903952360153,0.11609889008104801,0.0028325002640485764,0.0022941362112760544,,0.005620630457997322,,0.15184973366558552,0.018413439393043518,0.0
34495,0.15,1024,fine_mc,cpu,0.00502859428524971,0.17551937513053417,0.0025294888764619827,0.03397161513566971,0.0,0.0,0.001443980261683464,0.2185986116528511,,
34495,1.0,256,fine_mc,cuda,0.006035691127181053,0.0338305551558733,0.0010009165853261948,0.0010619387030601501,0.0010248639583587647,0.004734009504318237,0.00044987350702285767,0.04719230905175209,,
34495,1.0,256,empirical_selective,cuda,0.006035691127181053,0.0338305551558733,0.0010009165853261948,0.0010164864361286163,,0.004792934283614159,,0.052285388112068176,0.004846714437007904,0.0006827656179666519
34495,1.0,256,certified_fallback,cuda,0.006035691127181053,0.0338305551558733,0.0010009165853261948,0.000993676483631134,,0.005188925191760063,,0.052555717527866364,0.004846714437007904,0.0
34495,1.0,256,fine_mc,cpu,0.006024163216352463,0.0333639420568943,0.0006287358701229095,0.00598825141787529,0.0,0.0,0.00032966211438179016,0.04642520286142826,,
34495,1.0,1024,fine_mc,cuda,0.006175512447953224,0.22173390537500381,0.003485044464468956,0.0022890642285346985,0.0022596800327301025,0.00992550142109394,0.0014418791979551315,0.24516114965081215,,
34495,1.0,1024,empirical_selective,cuda,0.006175512447953224,0.22173390537500381,0.003485044464468956,0.002296583727002144,,0.0056677404791116714,,0.26122988015413284,0.018638309091329575,0.003122542053461075
34495,1.0,1024,certified_fallback,cuda,0.006175512447953224,0.22173390537500381,0.003485044464468956,0.0022946447134017944,,0.005649099126458168,,0.2597461901605129,0.018638309091329575,0.0
34495,1.0,1024,fine_mc,cpu,0.006235653534531593,0.22750147804617882,0.0026714783161878586,0.023878196254372597,0.0,0.0,0.0013045594096183777,0.2617629747837782,,
34576,0.0,256,fine_mc,cuda,0.004180919378995895,0.02123488113284111,0.0011192001402378082,0.0010760948061943054,0.0010397119522094727,0.004588441923260689,0.0005149338394403458,0.03279677405953407,,
34576,0.0,256,empirical_selective,cuda,0.004180919378995895,0.02123488113284111,0.0011192001402378082,0.0012193378061056137,,0.0047226399183273315,,0.03819798864424229,0.004947304725646973,0.0006914027035236359
34576,0.0,256,certified_fallback,cuda,0.004180919378995895,0.02123488113284111,0.0011192001402378082,0.0009511057287454605,,0.004471324384212494,,0.037543391808867455,0.004947304725646973,0.0
34576,0.0,256,fine_mc,cpu,0.004318200051784515,0.02006961964070797,0.0008337441831827164,0.006111053749918938,0.0,0.0,0.0003102123737335205,0.03969915956258774,,
34576,0.0,1024,fine_mc,cuda,0.004416018724441528,0.10621434077620506,0.002543468028306961,0.0022951848804950714,0.0022644479274749755,0.009840341284871101,0.0014228690415620804,0.12684443593025208,,
34576,0.0,1024,empirical_selective,cuda,0.004416018724441528,0.10621434077620506,0.002543468028306961,0.0023112446069717407,,0.00978124886751175,,0.1497005857527256,0.02131343074142933,0.0030086208134889603
34576,0.0,1024,certified_fallback,cuda,0.004416018724441528,0.10621434077620506,0.002543468028306961,0.002295196056365967,,0.005562080070376396,,0.14428471960127354,0.02131343074142933,0.0
34576,0.0,1024,fine_mc,cpu,0.004386698827147484,0.1657822635024786,0.002818947657942772,0.03494165278971195,0.0,0.0,0.0012213271111249924,0.20927050709724426,,
34576,0.15,256,fine_mc,cuda,0.005063584074378014,0.02297241985797882,0.0010509677231311798,0.0010726489126682281,0.0010367039442062379,0.0049561746418476105,0.0004540625959634781,0.035677991807460785,,
34576,0.15,256,empirical_selective,cuda,0.005063584074378014,0.02297241985797882,0.0010509677231311798,0.0010321084409952164,,0.00473206490278244,,0.040661200881004333,0.004958495497703552,0.0007434263825416565
34576,0.15,256,certified_fallback,cuda,0.005063584074378014,0.02297241985797882,0.0010509677231311798,0.0009564068168401718,,0.0057496801018714905,,0.04143608920276165,0.004958495497703552,0.0
34576,0.15,256,fine_mc,cpu,0.004985516890883446,0.02268388867378235,0.0008062254637479782,0.005993204191327095,0.0,0.0,0.0003714524209499359,0.034924084320664406,,
34576,0.15,1024,fine_mc,cuda,0.0047883931547403336,0.16613490879535675,0.0033928435295820236,0.002299755811691284,0.0022689919471740724,0.011171320453286171,0.001560460776090622,0.18942424468696117,,
34576,0.15,1024,empirical_selective,cuda,0.0047883931547403336,0.16613490879535675,0.0033928435295820236,0.002521514892578125,,0.009871389716863632,,0.20922098867595196,0.019187724217772484,0.0032476522028446198
34576,0.15,1024,certified_fallback,cuda,0.0047883931547403336,0.16613490879535675,0.0033928435295820236,0.0022902153432369232,,0.004574611783027649,,0.20214827917516232,0.019187724217772484,0.0
34576,0.15,1024,fine_mc,cpu,0.005048705264925957,0.16999724879860878,0.002578236162662506,0.024703102186322212,0.0,0.0,0.0012499578297138214,0.20368663221597672,,
34576,1.0,256,fine_mc,cuda,0.006025420501828194,0.03532208874821663,0.0007971636950969696,0.0010742973536252975,0.0010380159616470337,0.005273787304759026,0.0004326123744249344,0.04900612309575081,,
34576,1.0,256,empirical_selective,cuda,0.006025420501828194,0.03532208874821663,0.0007971636950969696,0.0010163262486457825,,0.004722924903035164,,0.05375438369810581,0.005003323778510094,0.0007863827049732208
34576,1.0,256,certified_fallback,cuda,0.006025420501828194,0.03532208874821663,0.0007971636950969696,0.0009161569178104401,,0.004604518413543701,,0.05332876183092594,0.005003323778510094,0.0
34576,1.0,256,fine_mc,cpu,0.0060534123331308365,0.03373931534588337,0.0007922742515802383,0.006197784096002579,0.0,0.0,0.0003368314355611801,0.05057644471526146,,
34576,1.0,1024,fine_mc,cuda,0.006143631413578987,0.23259666375815868,0.0029542725533246994,0.0022902153432369232,0.002260416030883789,0.010129028931260109,0.0014377497136592865,0.25565726310014725,,
34576,1.0,1024,empirical_selective,cuda,0.006143631413578987,0.23259666375815868,0.0029542725533246994,0.002300156280398369,,0.005513394251465797,,0.2716797236353159,0.01873776875436306,0.00332813523709774
34576,1.0,1024,certified_fallback,cuda,0.006143631413578987,0.23259666375815868,0.0029542725533246994,0.0023059453815221786,,0.005557479336857796,,0.27005179412662983,0.01873776875436306,0.0
34576,1.0,1024,fine_mc,cpu,0.006132612004876137,0.22659160010516644,0.002969849854707718,0.024412989616394043,0.0,0.0,0.0013158190995454788,0.2615372147411108,,
34657,0.0,256,fine_mc,cuda,0.004207350313663483,0.021082088351249695,0.001057768240571022,0.0010701380670070648,0.001033184051513672,0.004710383713245392,0.00043930113315582275,0.03265145793557167,,
34657,0.0,256,empirical_selective,cuda,0.004207350313663483,0.021082088351249695,0.001057768240571022,0.0009850971400737762,,0.0045264605432748795,,0.0376347117125988,0.005052443593740463,0.0006390754133462906
34657,0.0,256,certified_fallback,cuda,0.004207350313663483,0.021082088351249695,0.001057768240571022,0.0009684786200523376,,0.004488889127969742,,0.03752788342535496,0.005052443593740463,0.0
34657,0.0,256,fine_mc,cpu,0.004324089735746384,0.02106630615890026,0.0007258541882038116,0.006618466228246689,0.0,0.0,0.000325741246342659,0.04115437716245651,,
34657,0.0,1024,fine_mc,cuda,0.004842543974518776,0.10605187900364399,0.0023615173995494843,0.002304336056113243,0.002272223949432373,0.01039918139576912,0.0014342814683914185,0.1275058276951313,,
34657,0.0,1024,empirical_selective,cuda,0.004842543974518776,0.10605187900364399,0.0023615173995494843,0.0023150667548179626,,0.009393936023116112,,0.14826763421297073,0.019217073917388916,0.003973528742790222
34657,0.0,1024,certified_fallback,cuda,0.004842543974518776,0.10605187900364399,0.0023615173995494843,0.0022955648601055145,,0.005666837096214294,,0.142276581376791,0.019217073917388916,0.0
34657,0.0,1024,fine_mc,cpu,0.004398630931973457,0.16665245220065117,0.0028258319944143295,0.033346764743328094,0.0,0.0,0.001444350928068161,0.20880013145506382,,
34657,0.15,256,fine_mc,cuda,0.005045734345912933,0.02341536432504654,0.0007337741553783417,0.0010661892592906952,0.0010297280550003052,0.0046056415885686874,0.0004445817321538925,0.03542382828891277,,
34657,0.15,256,empirical_selective,cuda,0.005045734345912933,0.02341536432504654,0.0007337741553783417,0.0010237786918878555,,0.004501041024923325,,0.04068315960466862,0.005039846524596214,0.0008110776543617249
34657,0.15,256,certified_fallback,cuda,0.005045734345912933,0.02341536432504654,0.0007337741553783417,0.0009236857295036316,,0.00502457469701767,,0.040876951068639755,0.005039846524596214,0.0
34657,0.15,256,fine_mc,cpu,0.004959803074598312,0.022823721170425415,0.000718364492058754,0.006072644144296646,0.0,0.0,0.00031803175806999207,0.0349824633449316,,
34657,0.15,1024,fine_mc,cuda,0.00530540756881237,0.11406044475734234,0.0031630806624889374,0.0023031365126371384,0.0022716801166534424,0.00990603119134903,0.0014410912990570068,0.1362771224230528,,
34657,0.15,1024,empirical_selective,cuda,0.00530540756881237,0.11406044475734234,0.0031630806624889374,0.002314489334821701,,0.011363394558429718,,0.16180673614144325,0.022505516186356544,0.002996472641825676
34657,0.15,1024,certified_fallback,cuda,0.00530540756881237,0.11406044475734234,0.0031630806624889374,0.0022962242364883423,,0.0063491929322481155,,0.1555086299777031,0.022505516186356544,0.0
34657,0.15,1024,fine_mc,cpu,0.00518321618437767,0.17836349084973335,0.0032523125410079956,0.03437592089176178,0.0,0.0,0.0013481080532073975,0.22267547249794006,,
34657,1.0,256,fine_mc,cuda,0.006022481247782707,0.03260613605380058,0.0012544896453619003,0.0010253377258777618,0.0009699839949607849,0.0017899908125400543,0.0004393626004457474,0.04321632906794548,,
34657,1.0,256,empirical_selective,cuda,0.006022481247782707,0.03260613605380058,0.0012544896453619003,0.0010026171803474426,,0.0016842316836118698,,0.04865898936986923,0.005104575306177139,0.0009059272706508636
34657,1.0,256,certified_fallback,cuda,0.006022481247782707,0.03260613605380058,0.0012544896453619003,0.0009244289249181747,,0.001622229814529419,,0.048172105103731155,0.005104575306177139,0.0
34657,1.0,256,fine_mc,cpu,0.0060447510331869125,0.03539222478866577,0.0009323470294475555,0.006388254463672638,0.0,0.0,0.00039675459265708923,0.04925703443586826,,
34657,1.0,1024,fine_mc,cuda,0.006199635565280914,0.17862307466566563,0.0029361601918935776,0.002305028960108757,0.002273632049560547,0.006368763744831085,0.0015688613057136536,0.2002888098359108,,
34657,1.0,1024,empirical_selective,cuda,0.006199635565280914,0.17862307466566563,0.0029361601918935776,0.002301665022969246,,0.005946751683950424,,0.22216259688138962,0.020775223150849342,0.003092801198363304
34657,1.0,1024,certified_fallback,cuda,0.006199635565280914,0.17862307466566563,0.0029361601918935776,0.002298714593052864,,0.006076989695429802,,0.2208728976547718,0.020775223150849342,0.0
34657,1.0,1024,fine_mc,cpu,0.006230432540178299,0.23575254529714584,0.003335850313305855,0.025006983429193497,0.0,0.0,0.0013828705996274948,0.27183868549764156,,
34738,0.0,256,fine_mc,cuda,0.004344962537288666,0.02179684117436409,0.0009353887289762497,0.0011184383183717728,0.0010778239965438842,0.004643585532903671,0.00045745261013507843,0.0333835668861866,,
34738,0.0,256,empirical_selective,cuda,0.004344962537288666,0.02179684117436409,0.0009353887289762497,0.00105360709130764,,0.0047698430716991425,,0.03915601409971714,0.005269676446914673,0.0008987970650196075
34738,0.0,256,certified_fallback,cuda,0.004344962537288666,0.02179684117436409,0.0009353887289762497,0.0012085791677236557,,0.0047931428998708725,,0.03914830461144447,0.005269676446914673,0.0
34738,0.0,256,fine_mc,cpu,0.004443680867552757,0.020807765424251556,0.0007584560662508011,0.006458435207605362,0.0,0.0,0.00036029331386089325,0.03858027048408985,,
34738,0.0,1024,fine_mc,cuda,0.004570072516798973,0.10428610630333424,0.00270862877368927,0.002313915640115738,0.002281888008117676,0.010943897068500519,0.001546420156955719,0.1264838334172964,,
34738,0.0,1024,empirical_selective,cuda,0.004570072516798973,0.10428610630333424,0.00270862877368927,0.0023301057517528534,,0.010727673768997192,,0.14784733206033707,0.01966126821935177,0.0034486837685108185
34738,0.0,1024,certified_fallback,cuda,0.004570072516798973,0.10428610630333424,0.00270862877368927,0.0022955164313316345,,0.0055636391043663025,,0.14083418436348438,0.01966126821935177,0.0
34738,0.0,1024,fine_mc,cpu,0.004398312419652939,0.1659818608313799,0.0028620194643735886,0.03210154175758362,0.0,0.0,0.001289818435907364,0.2067632209509611,,
34738,0.15,256,fine_mc,cuda,0.005063895136117935,0.022927191108465195,0.0010584574192762375,0.001070268452167511,0.0010332159996032716,0.005137864500284195,0.0004580654203891754,0.03583085350692272,,
34738,0.15,256,empirical_selective,cuda,0.005063895136117935,0.022927191108465195,0.0010584574192762375,0.0010545477271080017,,0.004629472270607948,,0.040685052052140236,0.005116444081068039,0.0007199328392744064
34738,0.15,256,certified_fallback,cuda,0.005063895136117935,0.022927191108465195,0.0010584574192762375,0.0009277891367673874,,0.004472989588975906,,0.04079907387495041,0.005116444081068039,0.0
34738,0.15,256,fine_mc,cpu,0.0050720758736133575,0.023321660235524178,0.0008526351302862167,0.006015762686729431,0.0,0.0,0.0003287810832262039,0.03569113835692406,,
34738,0.15,1024,fine_mc,cuda,0.004847915843129158,0.11205869913101196,0.00256304070353508,0.002297826111316681,0.002266400098800659,0.01031230203807354,0.001484852284193039,0.13364782370626926,,
34738,0.15,1024,empirical_selective,cuda,0.004847915843129158,0.11205869913101196,0.00256304070353508,0.00231228768825531,,0.01017598807811737,,0.1549731083214283,0.01922062411904335,0.0037113651633262634
34738,0.15,1024,certified_fallback,cuda,0.004847915843129158,0.11205869913101196,0.00256304070353508,0.0022997260093688965,,0.006198393180966377,,0.14894146658480167,0.01922062411904335,0.0
34738,0.15,1024,fine_mc,cpu,0.005039535462856293,0.1743268482387066,0.002618076279759407,0.031784551218152046,0.0,0.0,0.0014235377311706543,0.21530962735414505,,
34738,1.0,256,fine_mc,cuda,0.006073782220482826,0.03255360573530197,0.0009156465530395508,0.0010356288403272629,0.0010018880367279053,0.0016593318432569504,0.00044330209493637085,0.04276967979967594,,
34738,1.0,256,empirical_selective,cuda,0.006073782220482826,0.03255360573530197,0.0009156465530395508,0.0009741056710481644,,0.0016221627593040466,,0.047952085733413696,0.004921324551105499,0.0008030757308006287
34738,1.0,256,certified_fallback,cuda,0.006073782220482826,0.03255360573530197,0.0009156465530395508,0.0009310878813266754,,0.001569751650094986,,0.04763379320502281,0.004921324551105499,0.0
34738,1.0,256,fine_mc,cpu,0.006010919809341431,0.03229369595646858,0.0006231050938367844,0.0070531126111745834,0.0,0.0,0.0005428344011306763,0.04660979099571705,,
34738,1.0,1024,fine_mc,cuda,0.006198134273290634,0.22875831462442875,0.0029795896261930466,0.002296576276421547,0.0022650880813598635,0.009580530226230621,0.0015441328287124634,0.2514648102223873,,
34738,1.0,1024,empirical_selective,cuda,0.006198134273290634,0.22875831462442875,0.0029795896261930466,0.00230521522462368,,0.005715269595384598,,0.26879336312413216,0.019500356167554855,0.003228951245546341
34738,1.0,1024,certified_fallback,cuda,0.006198134273290634,0.22875831462442875,0.0029795896261930466,0.0022958554327487946,,0.008823642507195473,,0.2703389339148998,0.019500356167554855,0.0
34738,1.0,1024,fine_mc,cpu,0.006195152178406715,0.2277742587029934,0.004237977787852287,0.024972854182124138,0.0,0.0,0.001281287521123886,0.2646098453551531,,
34819,0.0,256,fine_mc,cuda,0.004171529784798622,0.02140187844634056,0.000986514613032341,0.0010858867317438126,0.001038912057876587,0.004584392532706261,0.00043785199522972107,0.03275397606194019,,
34819,0.0,256,empirical_selective,cuda,0.004171529784798622,0.02140187844634056,0.000986514613032341,0.0010272767394781113,,0.00456349179148674,,0.03788691200315952,0.0049575138837099075,0.0006927847862243652
34819,0.0,256,certified_fallback,cuda,0.004171529784798622,0.02140187844634056,0.000986514613032341,0.0009294264018535614,,0.004408571869134903,,0.03751809895038605,0.0049575138837099075,0.0
34819,0.0,256,fine_mc,cpu,0.004386981949210167,0.020629005506634712,0.0007716268301010132,0.006107732653617859,0.0,0.0,0.00033313222229480743,0.04031948931515217,,
34819,0.0,1024,fine_mc,cuda,0.004448931664228439,0.10706649534404278,0.0026014577597379684,0.0023089051246643066,0.0022770559787750246,0.009933557361364365,0.001459440216422081,0.12793953157961369,,
34819,0.0,1024,empirical_selective,cuda,0.004448931664228439,0.10706649534404278,0.0026014577597379684,0.002305697649717331,,0.010004840791225433,,0.1506045050919056,0.021040188148617744,0.003016149625182152
34819,0.0,1024,certified_fallback,cuda,0.004448931664228439,0.10706649534404278,0.0026014577597379684,0.0022965166717767715,,0.005656039342284203,,0.14489370211958885,0.021040188148617744,0.0
34819,0.0,1024,fine_mc,cpu,0.004453768953680992,0.1646456979215145,0.0027371998876333237,0.033098550513386726,0.0,0.0,0.0012834817171096802,0.20633122138679028,,
34819,0.15,256,fine_mc,cuda,0.005133986473083496,0.023524155840277672,0.0011082086712121964,0.0011688172817230225,0.0011245440244674683,0.004872504621744156,0.0004883930087089539,0.036413004621863365,,
34819,0.15,256,empirical_selective,cuda,0.005133986473083496,0.023524155840277672,0.0011082086712121964,0.0009744446724653244,,0.0016535446047782898,,0.03842417150735855,0.005280857905745506,0.0006320346146821976
34819,0.15,256,certified_fallback,cuda,0.005133986473083496,0.023524155840277672,0.0011082086712121964,0.0009052455425262451,,0.0015530101954936981,,0.03820662945508957,0.005280857905745506,0.0
34819,0.15,256,fine_mc,cpu,0.0050393566489219666,0.02252005599439144,0.0006867758929729462,0.006142072379589081,0.0,0.0,0.0003439728170633316,0.03481793403625488,,
34819,0.15,1024,fine_mc,cuda,0.004808954894542694,0.11810365505516529,0.0031923819333314896,0.002302777022123337,0.002271104097366333,0.00956166535615921,0.0014529414474964142,0.13949484378099442,,
34819,0.15,1024,empirical_selective,cuda,0.004808954894542694,0.11810365505516529,0.0031923819333314896,0.002307634800672531,,0.009953565895557404,,0.16144422069191933,0.019221384078264236,0.0037841759622097015
34819,0.15,1024,certified_fallback,cuda,0.004808954894542694,0.11810365505516529,0.0031923819333314896,0.0022954680025577545,,0.005578294396400452,,0.15493739023804665,0.019221384078264236,0.0
34819,0.15,1024,fine_mc,cpu,0.005070725455880165,0.17790472321212292,0.00470069982111454,0.0330541618168354,0.0,0.0,0.0013208407908678055,0.2222127616405487,,
34819,1.0,256,fine_mc,cuda,0.00636647641658783,0.03356487303972244,0.0010939203202724457,0.0010960064828395844,0.0010589120388031007,0.0046151913702487946,0.0004612244665622711,0.04731243662536144,,
34819,1.0,256,empirical_selective,cuda,0.00636647641658783,0.03356487303972244,0.0010939203202724457,0.0010312069207429886,,0.0045692697167396545,,0.05282365344464779,0.0052374862134456635,0.0008456762880086899
34819,1.0,256,certified_fallback,cuda,0.00636647641658783,0.03356487303972244,0.0010939203202724457,0.0010117273777723312,,0.004444042220711708,,0.05238688178360462,0.0052374862134456635,0.0
34819,1.0,256,fine_mc,cpu,0.006135344505310059,0.03325629234313965,0.0006194934248924255,0.006897579878568649,0.0,0.0,0.00035087205469608307,0.04737507179379463,,
34819,1.0,1024,fine_mc,cuda,0.006409674882888794,0.1847034189850092,0.0028433315455913544,0.002308746799826622,0.00226963210105896,0.009763237088918686,0.0015101395547389984,0.20913785509765148,,
34819,1.0,1024,empirical_selective,cuda,0.006409674882888794,0.1847034189850092,0.0028433315455913544,0.0022954773157835007,,0.005528459325432777,,0.22511772066354752,0.018797043710947037,0.0029410086572170258
34819,1.0,1024,certified_fallback,cuda,0.006409674882888794,0.1847034189850092,0.0028433315455913544,0.0022958051413297653,,0.005646767094731331,,0.2239561602473259,0.018797043710947037,0.0
34819,1.0,1024,fine_mc,cpu,0.006258651614189148,0.23294435441493988,0.002918969839811325,0.02447563037276268,0.0,0.0,0.0012734998017549515,0.267992889508605,,
34901,0.0,256,fine_mc,cuda,0.004197578877210617,0.02208668366074562,0.0011015478521585464,0.001082027330994606,0.0010429439544677734,0.004652280360460281,0.0004320424050092697,0.03363636136054993,,
34901,0.0,256,empirical_selective,cuda,0.004197578877210617,0.02208668366074562,0.0011015478521585464,0.0010380465537309647,,0.004578692838549614,,0.0408581867814064,0.0051004476845264435,0.002670988440513611
34901,0.0,256,certified_fallback,cuda,0.004197578877210617,0.02208668366074562,0.0011015478521585464,0.0009296275675296783,,0.004476454108953476,,0.03852066025137901,0.0051004476845264435,0.0
34901,0.0,256,fine_mc,cpu,0.004341788589954376,0.0204327329993248,0.001402178779244423,0.006296873092651367,0.0,0.0,0.000304151326417923,0.03815313242375851,,
34901,0.0,1024,fine_mc,cuda,0.0045185815542936325,0.11023231968283653,0.002361997961997986,0.0022998973727226257,0.0022647359371185303,0.005558749660849571,0.0014633294194936752,0.12654012441635132,,
34901,0.0,1024,empirical_selective,cuda,0.0045185815542936325,0.11023231968283653,0.002361997961997986,0.002293987199664116,,0.0090484619140625,,0.15250838361680508,0.020308060571551323,0.0036397259682416916
34901,0.0,1024,certified_fallback,cuda,0.0045185815542936325,0.11023231968283653,0.002361997961997986,0.002296736463904381,,0.00577826052904129,,0.14778795279562473,0.020308060571551323,0.0
34901,0.0,1024,fine_mc,cpu,0.004746634513139725,0.17334211990237236,0.002775389701128006,0.03338749147951603,0.0,0.0,0.001292359083890915,0.21567105129361153,,
34901,0.15,256,fine_mc,cuda,0.005582468584179878,0.02335580252110958,0.000985676422715187,0.0010659750550985336,0.001027392029762268,0.0050077904015779495,0.0004383046180009842,0.03654833696782589,,
34901,0.15,256,empirical_selective,cuda,0.005582468584179878,0.02335580252110958,0.000985676422715187,0.001089857891201973,,0.004601990804076195,,0.04163854755461216,0.005076397210359573,0.0008340347558259964
34901,0.15,256,certified_fallback,cuda,0.005582468584179878,0.02335580252110958,0.000985676422715187,0.0009275432676076889,,0.004522381350398064,,0.041155194863677025,0.005076397210359573,0.0
34901,0.15,256,fine_mc,cpu,0.00511268712580204,0.022780898958444595,0.0006846729665994644,0.007018599659204483,0.0,0.0,0.0003186110407114029,0.03731979988515377,,
34901,0.15,1024,fine_mc,cuda,0.004754364490509033,0.11535278335213661,0.0024319663643836975,0.0023058559745550156,0.0022703680992126464,0.009000621736049652,0.0014723297208547592,0.13539002276957035,,
34901,0.15,1024,empirical_selective,cuda,0.004754364490509033,0.11535278335213661,0.0024319663643836975,0.0023154262453317642,,0.010006852447986603,,0.15852339006960392,0.019946958869695663,0.0036429371684789658
34901,0.15,1024,certified_fallback,cuda,0.004754364490509033,0.11535278335213661,0.0024319663643836975,0.002297215163707733,,0.005692441016435623,,0.15218559093773365,0.019946958869695663,0.0
34901,0.15,1024,fine_mc,cpu,0.005146736279129982,0.1846224181354046,0.0026208385825157166,0.027699755504727364,0.0,0.0,0.0011864081025123596,0.22139990516006947,,
34901,1.0,256,fine_mc,cuda,0.006030842661857605,0.036055292934179306,0.001097366213798523,0.0010809581726789474,0.0010393600463867187,0.0045569054782390594,0.00043360330164432526,0.049337949603796005,,
34901,1.0,256,empirical_selective,cuda,0.006030842661857605,0.036055292934179306,0.001097366213798523,0.001023685559630394,,0.004531599581241608,,0.05445985868573189,0.004971584305167198,0.0006665065884590149
34901,1.0,256,certified_fallback,cuda,0.006030842661857605,0.036055292934179306,0.001097366213798523,0.0009356159716844559,,0.0044553205370903015,,0.05420617572963238,0.004971584305167198,0.0
34901,1.0,256,fine_mc,cpu,0.0060599613934755325,0.033675193786621094,0.0008363667875528336,0.006063932552933693,0.0,0.0,0.000305691733956337,0.04703139699995518,,
34901,1.0,1024,fine_mc,cuda,0.006107062101364136,0.23067768849432468,0.002827810123562813,0.0023118238896131516,0.0022752320766448973,0.005631258711218834,0.0015643388032913208,0.24922039173543453,,
34901,1.0,1024,empirical_selective,cuda,0.006107062101364136,0.23067768849432468,0.002827810123562813,0.0023006871342658997,,0.00552159920334816,,0.2706159595400095,0.020011069253087044,0.0030696336179971695
34901,1.0,1024,certified_fallback,cuda,0.006107062101364136,0.23067768849432468,0.002827810123562813,0.0022984687238931656,,0.009790919721126556,,0.27350156381726265,0.020011069253087044,0.0
34901,1.0,1024,fine_mc,cpu,0.006206493824720383,0.22940197959542274,0.0025020577013492584,0.024257877841591835,0.0,0.0,0.0012993589043617249,0.26377928256988525,,
34982,0.0,256,fine_mc,cuda,0.0041760411113500595,0.02112305909395218,0.0010074377059936523,0.0010797884315252304,0.0010398720502853393,0.004604721441864967,0.00043118372559547424,0.032505789771676064,,
34982,0.0,256,empirical_selective,cuda,0.0041760411113500595,0.02112305909395218,0.0010074377059936523,0.0010273177176713943,,0.004577523097395897,,0.037701938301324844,0.004991985857486725,0.0007150154560804367
34982,0.0,256,certified_fallback,cuda,0.0041760411113500595,0.02112305909395218,0.0010074377059936523,0.0009446963667869568,,0.0044409409165382385,,0.0373484343290329,0.004991985857486725,0.0
34982,0.0,256,fine_mc,cpu,0.004337979480624199,0.024074267596006393,0.0009443573653697968,0.006158225238323212,0.0,0.0,0.000313442200422287,0.043505456298589706,,
34982,0.0,1024,fine_mc,cuda,0.004783403128385544,0.10225583426654339,0.0026663970202207565,0.0022998470813035965,0.002268959999084473,0.009838936850428581,0.0014357194304466248,0.12339133955538273,,
34982,0.0,1024,empirical_selective,cuda,0.004783403128385544,0.10225583426654339,0.0026663970202207565,0.0023189224302768707,,0.009882830083370209,,0.14780608750879765,0.02274971827864647,0.003037780523300171
34982,0.0,1024,certified_fallback,cuda,0.004783403128385544,0.10225583426654339,0.0026663970202207565,0.002303408458828926,,0.005598001182079315,,0.1422323528677225,0.02274971827864647,0.0
34982,0.0,1024,fine_mc,cpu,0.004494670778512955,0.17866118624806404,0.0026653464883565903,0.03173547238111496,0.0,0.0,0.0012908484786748886,0.21898534893989563,,
34982,0.15,256,fine_mc,cuda,0.005628407001495361,0.02294785901904106,0.0010123774409294128,0.0010694582015275955,0.0010294400453567504,0.004820544272661209,0.0004315711557865143,0.03601337969303131,,
34982,0.15,256,empirical_selective,cuda,0.005628407001495361,0.02294785901904106,0.0010123774409294128,0.0010386966168880463,,0.0046782903373241425,,0.04111759178340435,0.0050759874284267426,0.0006328113377094269
34982,0.15,256,certified_fallback,cuda,0.005628407001495361,0.02294785901904106,0.0010123774409294128,0.0009411871433258057,,0.00467798113822937,,0.040954647585749626,0.0050759874284267426,0.0
34982,0.15,256,fine_mc,cpu,0.005020275712013245,0.02330073155462742,0.0006413832306861877,0.006249753758311272,0.0,0.0,0.0003162603825330734,0.03561330586671829,,
34982,0.15,1024,fine_mc,cuda,0.00480981171131134,0.11486219242215157,0.0025801174342632294,0.002292415127158165,0.0022589759826660157,0.00918145477771759,0.0015323702245950699,0.13532929494976997,,
34982,0.15,1024,empirical_selective,cuda,0.00480981171131134,0.11486219242215157,0.0025801174342632294,0.002299215644598007,,0.009979980066418648,,0.1565854474902153,0.019108524546027184,0.0028746724128723145
34982,0.15,1024,certified_fallback,cuda,0.00480981171131134,0.11486219242215157,0.0025801174342632294,0.002303764224052429,,0.00571589358150959,,0.15113579668104649,0.019108524546027184,0.0
34982,0.15,1024,fine_mc,cpu,0.005252918228507042,0.17703771591186523,0.0033408738672733307,0.033773016184568405,0.0,0.0,0.0013831406831741333,0.22092593275010586,,
34982,1.0,256,fine_mc,cuda,0.005996344611048698,0.03743178956210613,0.0009622480720281601,0.0010244473814964294,0.000986944019794464,0.0016539394855499268,0.0004522949457168579,0.0476000402122736,,
34982,1.0,256,empirical_selective,cuda,0.005996344611048698,0.03743178956210613,0.0009622480720281601,0.0009604562073945999,,0.0015713218599557877,,0.05274050869047642,0.00507451593875885,0.0006648562848567963
34982,1.0,256,certified_fallback,cuda,0.005996344611048698,0.03743178956210613,0.0009622480720281601,0.0009178463369607925,,0.0015590731054544449,,0.05257500521838665,0.00507451593875885,0.0
34982,1.0,256,fine_mc,cpu,0.00597294420003891,0.03376477397978306,0.0007426049560308456,0.005908692255616188,0.0,0.0,0.00032343901693820953,0.046802422031760216,,
34982,1.0,1024,fine_mc,cuda,0.006102163344621658,0.1668999344110489,0.0029652584344148636,0.0023010168224573135,0.0022660160064697267,0.009820407256484032,0.0014668814837932587,0.1896543651819229,,
34982,1.0,1024,empirical_selective,cuda,0.006102163344621658,0.1668999344110489,0.0029652584344148636,0.0022995658218860626,,0.005592059344053268,,0.2129662074148655,0.02563846856355667,0.003370054066181183
34982,1.0,1024,certified_fallback,cuda,0.006102163344621658,0.1668999344110489,0.0029652584344148636,0.0023019369691610336,,0.009108263999223709,,0.2158162072300911,0.02563846856355667,0.0
34982,1.0,1024,fine_mc,cpu,0.006248531863093376,0.23545381240546703,0.0032429322600364685,0.024648552760481834,0.0,0.0,0.001346498727798462,0.271071121096611,,
35063,0.0,256,fine_mc,cuda,0.004203081130981445,0.021628502756357193,0.0009864773601293564,0.001088026911020279,0.0010486400127410888,0.004757372662425041,0.0004121121019124985,0.03316148929297924,,
35063,0.0,256,empirical_selective,cuda,0.004203081130981445,0.021628502756357193,0.0009864773601293564,0.0009987987577915192,,0.00460965558886528,,0.038241080939769745,0.005058214068412781,0.000670434907078743
35063,0.0,256,certified_fallback,cuda,0.004203081130981445,0.021628502756357193,0.0009864773601293564,0.0009475052356719971,,0.004537982866168022,,0.038027796894311905,0.005058214068412781,0.0
35063,0.0,256,fine_mc,cpu,0.0043244920670986176,0.020749125629663467,0.0007971357554197311,0.006412815302610397,0.0,0.0,0.000333612784743309,0.03817989490926266,,
35063,0.0,1024,fine_mc,cuda,0.00442122109234333,0.10353205166757107,0.003084832802414894,0.002299996092915535,0.0022659521102905275,0.009933928027749062,0.001487160101532936,0.12486959062516689,,
35063,0.0,1024,empirical_selective,cuda,0.00442122109234333,0.10353205166757107,0.003084832802414894,0.002300875261425972,,0.009450593963265419,,0.1485939845442772,0.021593259647488594,0.004100749269127846
35063,0.0,1024,certified_fallback,cuda,0.00442122109234333,0.10353205166757107,0.003084832802414894,0.0022928453981876373,,0.005599599331617355,,0.14227260276675224,0.021593259647488594,0.0
35063,0.0,1024,fine_mc,cpu,0.004785193130373955,0.17096059396862984,0.002780649811029434,0.03381000831723213,0.0,0.0,0.001689281314611435,0.21417120657861233,,
35063,0.15,256,fine_mc,cuda,0.005832290276885033,0.024199610576033592,0.0010373275727033615,0.0011891666799783707,0.0011456320285797119,0.004843233153223991,0.0004834122955799103,0.037721460685133934,,
35063,0.15,256,empirical_selective,cuda,0.005832290276885033,0.024199610576033592,0.0010373275727033615,0.0010884087532758713,,0.005284817889332771,,0.04336336627602577,0.005193077027797699,0.0005914140492677689
35063,0.15,256,certified_fallback,cuda,0.005832290276885033,0.024199610576033592,0.0010373275727033615,0.0008805654942989349,,0.004943421110510826,,0.042816877365112305,0.005193077027797699,0.0
35063,0.15,256,fine_mc,cpu,0.005155155435204506,0.022604847326874733,0.0007832255214452744,0.0059359315782785416,0.0,0.0,0.00032783299684524536,0.036213092505931854,,
35063,0.15,1024,fine_mc,cuda,0.004938824102282524,0.16749434918165207,0.003116041421890259,0.002304255962371826,0.0022616961002349853,0.010800594463944435,0.001459931954741478,0.19021260738372803,,
35063,0.15,1024,empirical_selective,cuda,0.004938824102282524,0.16749434918165207,0.003116041421890259,0.0022972431033849716,,0.009597785770893097,,0.213367884978652,0.02173859253525734,0.004086438566446304
35063,0.15,1024,certified_fallback,cuda,0.004938824102282524,0.16749434918165207,0.003116041421890259,0.002305157482624054,,0.006653837859630585,,0.21129627339541912,0.02173859253525734,0.0
35063,0.15,1024,fine_mc,cpu,0.005065936595201492,0.18293180502951145,0.0025526881217956543,0.03328528255224228,0.0,0.0,0.0013679079711437225,0.22534357011318207,,
35063,1.0,256,fine_mc,cuda,0.006017172709107399,0.046901047229766846,0.0009019486606121063,0.0010184962302446365,0.000982047975063324,0.001782543957233429,0.0004379451274871826,0.057135602459311485,,
35063,1.0,256,empirical_selective,cuda,0.006017172709107399,0.046901047229766846,0.0009019486606121063,0.0009647160768508911,,0.0016377121210098267,,0.062376465648412704,0.00511801615357399,0.0007594041526317596
35063,1.0,256,certified_fallback,cuda,0.006017172709107399,0.046901047229766846,0.0009019486606121063,0.0009026359766721725,,0.0016084816306829453,,0.06210635416209698,0.00511801615357399,0.0
35063,1.0,256,fine_mc,cpu,0.00594940222799778,0.0345940999686718,0.0008427966386079788,0.005958952009677887,0.0,0.0,0.0003179628401994705,0.047751523554325104,,
35063,1.0,1024,fine_mc,cuda,0.006111472845077515,0.23105512373149395,0.0033278223127126694,0.0022981371730566025,0.002261023998260498,0.01034008152782917,0.001537838950753212,0.25477819703519344,,
35063,1.0,1024,empirical_selective,cuda,0.006111472845077515,0.23105512373149395,0.0033278223127126694,0.0023013148456811905,,0.005770683288574219,,0.27020286954939365,0.018758350983262062,0.002770381048321724
35063,1.0,1024,certified_fallback,cuda,0.006111472845077515,0.23105512373149395,0.0033278223127126694,0.002321464940905571,,0.010485541075468063,,0.2739031407982111,0.018758350983262062,0.0
35063,1.0,1024,fine_mc,cpu,0.006133211776614189,0.23059829883277416,0.004381900653243065,0.025510936975479126,0.0,0.0,0.0014169476926326752,0.26818333752453327,,
35144,0.0,256,fine_mc,cuda,0.004218848422169685,0.028713447973132133,0.0009939782321453094,0.0010157357901334763,0.0009803199768066407,0.0016936305910348892,0.000432601198554039,0.037156444042921066,,
35144,0.0,256,empirical_selective,cuda,0.004218848422169685,0.028713447973132133,0.0009939782321453094,0.0009672679007053375,,0.001656198874115944,,0.04246842488646507,0.005047805607318878,0.0007826760411262512
35144,0.0,256,certified_fallback,cuda,0.004218848422169685,0.028713447973132133,0.0009939782321453094,0.0014957394450902939,,0.0016416124999523163,,0.04272581823170185,0.005047805607318878,0.0
35144,0.0,256,fine_mc,cpu,0.004327071830630302,0.02031361125409603,0.0007544625550508499,0.005872469395399094,0.0,0.0,0.0003634728491306305,0.034826021641492844,,
35144,0.0,1024,fine_mc,cuda,0.004500113427639008,0.10554137639701366,0.0029725413769483566,0.0022875964641571045,0.002257215976715088,0.011013278737664223,0.0014990400522947311,0.12792115658521652,,
35144,0.0,1024,empirical_selective,cuda,0.004500113427639008,0.10554137639701366,0.0029725413769483566,0.0023061372339725494,,0.010264502838253975,,0.15013463236391544,0.02042369171977043,0.004019059240818024
35144,0.0,1024,certified_fallback,cuda,0.004500113427639008,0.10554137639701366,0.0029725413769483566,0.0023003965616226196,,0.0062296465039253235,,0.14380729384720325,0.02042369171977043,0.0
35144,0.0,1024,fine_mc,cpu,0.0044641513377428055,0.17367698065936565,0.0027994103729724884,0.02882024087011814,0.0,0.0,0.0011836085468530655,0.2110796608030796,,
35144,0.15,256,fine_mc,cuda,0.005138706415891647,0.023226793855428696,0.001025928184390068,0.0010742880403995514,0.0010347199440002442,0.00467524491250515,0.0004413910210132599,0.03569713979959488,,
35144,0.15,256,empirical_selective,cuda,0.005138706415891647,0.023226793855428696,0.001025928184390068,0.001027427613735199,,0.004654070362448692,,0.04095930606126785,0.00505511648952961,0.0007164757698774338
35144,0.15,256,certified_fallback,cuda,0.005138706415891647,0.023226793855428696,0.001025928184390068,0.0008999761193990707,,0.0045898836106061935,,0.04062030464410782,0.00505511648952961,0.0
35144,0.15,256,fine_mc,cpu,0.005015244707465172,0.023514514788985252,0.0007328055799007416,0.006212024018168449,0.0,0.0,0.0003434326499700546,0.0359168816357851,,
35144,0.15,1024,fine_mc,cuda,0.004846792668104172,0.1125536561012268,0.003502422943711281,0.0023014843463897705,0.0022660479545593263,0.006149571388959885,0.0014850534498691559,0.1309095434844494,,
35144,0.15,1024,empirical_selective,cuda,0.004846792668104172,0.1125536561012268,0.003502422943711281,0.002325257286429405,,0.011171029880642891,,0.1582127083092928,0.019867099821567535,0.003875887021422386
35144,0.15,1024,certified_fallback,cuda,0.004846792668104172,0.1125536561012268,0.003502422943711281,0.0023063551634550095,,0.00621805340051651,,0.1510655377060175,0.019867099821567535,0.0
35144,0.15,1024,fine_mc,cpu,0.005415467545390129,0.18660268373787403,0.0036957766860723495,0.03438255004584789,0.0,0.0,0.0013950895518064499,0.23163523524999619,,
35144,1.0,256,fine_mc,cuda,0.006084194406867027,0.033363981172442436,0.0009988769888877869,0.0010771006345748901,0.001037727952003479,0.00497097335755825,0.0004541650414466858,0.04703257046639919,,
35144,1.0,256,empirical_selective,cuda,0.006084194406867027,0.033363981172442436,0.0009988769888877869,0.0010309386998414993,,0.004538359120488167,,0.051912134513258934,0.004977762699127197,0.0008347425609827042
35144,1.0,256,certified_fallback,cuda,0.006084194406867027,0.033363981172442436,0.0009988769888877869,0.0009211171418428421,,0.00451011024415493,,0.051502006128430367,0.004977762699127197,0.0
35144,1.0,256,fine_mc,cpu,0.006089283153414726,0.03638593479990959,0.0008579343557357788,0.006180603057146072,0.0,0.0,0.00033582188189029694,0.04994422756135464,,
35144,1.0,1024,fine_mc,cuda,0.006226280704140663,0.22731238789856434,0.0028834696859121323,0.0022986959666013718,0.0022659199237823487,0.011666294187307358,0.0014772675931453705,0.2519679870456457,,
35144,1.0,1024,empirical_selective,cuda,0.006226280704140663,0.22731238789856434,0.0028834696859121323,0.0023572463542222977,,0.006989598274230957,,0.2702999822795391,0.020721813663840294,0.003705594688653946
35144,1.0,1024,certified_fallback,cuda,0.006226280704140663,0.22731238789856434,0.0028834696859121323,0.002305706962943077,,0.008820831775665283,,0.27005239203572273,0.020721813663840294,0.0
35144,1.0,1024,fine_mc,cpu,0.006170300766825676,0.2385613638907671,0.0027733389288187027,0.026348792016506195,0.0,0.0,0.001277027651667595,0.2752849590033293,,
35225,0.0,256,fine_mc,cuda,0.004241999238729477,0.021308697760105133,0.0011662282049655914,0.0010917987674474716,0.0010522880554199219,0.005228227004408836,0.0004559755325317383,0.03358413651585579,,
35225,0.0,256,empirical_selective,cuda,0.004241999238729477,0.021308697760105133,0.0011662282049655914,0.0009975079447031021,,0.0016910936683416367,,0.035288549959659576,0.005048787221312523,0.0007430259138345718
35225,0.0,256,certified_fallback,cuda,0.004241999238729477,0.021308697760105133,0.0011662282049655914,0.0009101033210754395,,0.0016740243881940842,,0.035038143396377563,0.005048787221312523,0.0
35225,0.0,256,fine_mc,cpu,0.0043901726603507996,0.020753163844347,0.0007871761918067932,0.006297016516327858,0.0,0.0,0.00032463856041431427,0.039706047624349594,,
35225,0.0,1024,fine_mc,cuda,0.0044537801295518875,0.10802918300032616,0.00254189595580101,0.002295834943652153,0.002262592077255249,0.010335331782698631,0.00148727186024189,0.12926373071968555,,
35225,0.0,1024,empirical_selective,cuda,0.0044537801295518875,0.10802918300032616,0.00254189595580101,0.002304244786500931,,0.01017192006111145,,0.1515038926154375,0.020579922944307327,0.003302512690424919
35225,0.0,1024,certified_fallback,cuda,0.0044537801295518875,0.10802918300032616,0.00254189595580101,0.0023132245987653732,,0.005804501473903656,,0.1455720253288746,0.020579922944307327,0.0
35225,0.0,1024,fine_mc,cpu,0.004500791430473328,0.17719605565071106,0.003813019022345543,0.03380931727588177,0.0,0.0,0.0013077780604362488,0.22076033800840378,,
35225,0.15,256,fine_mc,cuda,0.00516323558986187,0.02317597158253193,0.0011469479650259018,0.0010806974023580551,0.0010441279411315919,0.005087904632091522,0.00044742412865161896,0.03622773475944996,,
35225,0.15,256,empirical_selective,cuda,0.00516323558986187,0.02317597158253193,0.0011469479650259018,0.0010714568197727203,,0.0045770201832056046,,0.041246870532631874,0.00519510917365551,0.0007915757596492767
35225,0.15,256,certified_fallback,cuda,0.00516323558986187,0.02317597158253193,0.0011469479650259018,0.0009511057287454605,,0.004732523113489151,,0.041075391694903374,0.00519510917365551,0.0
35225,0.15,256,fine_mc,cpu,0.005260996520519257,0.022982919588685036,0.0007216352969408035,0.006401024758815765,0.0,0.0,0.0003557223826646805,0.03582097217440605,,
35225,0.15,1024,fine_mc,cuda,0.005101645365357399,0.12068625167012215,0.0028629302978515625,0.0022951774299144745,0.002259455919265747,0.010550303384661674,0.001459650695323944,0.14304574951529503,,
35225,0.15,1024,empirical_selective,cuda,0.005101645365357399,0.12068625167012215,0.0028629302978515625,0.0023039765655994415,,0.008547499775886536,,0.16650970838963985,0.02331465110182762,0.00360296294093132
35225,0.15,1024,certified_fallback,cuda,0.005101645365357399,0.12068625167012215,0.0028629302978515625,0.002314135432243347,,0.006104853004217148,,0.16215809993445873,0.02331465110182762,0.0
35225,0.15,1024,fine_mc,cpu,0.005180768668651581,0.17270203679800034,0.0033572912216186523,0.03276519663631916,0.0,0.0,0.0013176407665014267,0.21544120088219643,,
35225,1.0,256,fine_mc,cuda,0.00602276436984539,0.0320881512016058,0.0008659083396196365,0.0010329578071832657,0.0009968640208244323,0.0017724130302667618,0.0004516132175922394,0.0423132348805666,,
35225,1.0,256,empirical_selective,cuda,0.00602276436984539,0.0320881512016058,0.0008659083396196365,0.000963335856795311,,0.0016087815165519714,,0.04733501560986042,0.00501275435090065,0.0006938930600881577
35225,1.0,256,certified_fallback,cuda,0.00602276436984539,0.0320881512016058,0.0008659083396196365,0.0009057559072971344,,0.0016523413360118866,,0.0471855066716671,0.00501275435090065,0.0
35225,1.0,256,fine_mc,cpu,0.005998840555548668,0.03646390698850155,0.0007193125784397125,0.00866621918976307,0.0,0.0,0.0003774333745241165,0.05231306329369545,,
35225,1.0,1024,fine_mc,cuda,0.00635865330696106,0.17544248327612877,0.0029314421117305756,0.0022900551557540894,0.002258080005645752,0.009968554601073265,0.001421051099896431,0.19853232987225056,,
35225,1.0,1024,empirical_selective,cuda,0.00635865330696106,0.17544248327612877,0.0029314421117305756,0.0022951066493988037,,0.005750630050897598,,0.21448382548987865,0.018453307449817657,0.0031321123242378235
35225,1.0,1024,certified_fallback,cuda,0.00635865330696106,0.17544248327612877,0.0029314421117305756,0.0022952239960432053,,0.005738170817494392,,0.21302269585430622,0.018453307449817657,0.0
35225,1.0,1024,fine_mc,cpu,0.006249981001019478,0.2326566707342863,0.0027653295546770096,0.02434616908431053,0.0,0.0,0.0013593006879091263,0.2675026971846819,,
35307,0.0,256,fine_mc,cuda,0.004227019846439362,0.022041043266654015,0.0010606981813907623,0.001098915934562683,0.0010474560260772705,0.004812460392713547,0.00043856166303157806,0.03376794792711735,,
35307,0.0,256,empirical_selective,cuda,0.004227019846439362,0.022041043266654015,0.0010606981813907623,0.0010284651070833206,,0.004749564453959465,,0.038930559530854225,0.005052113905549049,0.0006824061274528503
35307,0.0,256,certified_fallback,cuda,0.004227019846439362,0.022041043266654015,0.0010606981813907623,0.000918189063668251,,0.004522422328591347,,0.038461389020085335,0.005052113905549049,0.0
35307,0.0,256,fine_mc,cpu,0.0043668001890182495,0.021280435845255852,0.0008382350206375122,0.006183654069900513,0.0,0.0,0.0003354120999574661,0.03952335566282272,,
35307,0.0,1024,fine_mc,cuda,0.004491562023758888,0.10378066450357437,0.003187311813235283,0.002291196957230568,0.0022553920745849608,0.010665994137525558,0.001486441120505333,0.12601174972951412,,
35307,0.0,1024,empirical_selective,cuda,0.004491562023758888,0.10378066450357437,0.003187311813235283,0.0022970475256443024,,0.011421717703342438,,0.15190821699798107,0.022447854280471802,0.004173479974269867
35307,0.0,1024,certified_fallback,cuda,0.004491562023758888,0.10378066450357437,0.003187311813235283,0.0022913459688425064,,0.006035821512341499,,0.14403285272419453,0.022447854280471802,0.0
35307,0.0,1024,fine_mc,cpu,0.00443900004029274,0.17260285280644894,0.003349384292960167,0.03405318781733513,0.0,0.0,0.0012825187295675278,0.21584326401352882,,
35307,0.15,256,fine_mc,cuda,0.005195096135139465,0.02347748354077339,0.0012120585888624191,0.0011112876236438751,0.0010616960525512695,0.004787391051650047,0.0004311036318540573,0.03632688149809837,,
35307,0.15,256,empirical_selective,cuda,0.005195096135139465,0.02347748354077339,0.0012120585888624191,0.0010348092764616013,,0.004962872713804245,,0.041864920407533646,0.005095714703202248,0.0007744245231151581
35307,0.15,256,certified_fallback,cuda,0.005195096135139465,0.02347748354077339,0.0012120585888624191,0.0009167268872261047,,0.004692142829298973,,0.041245557367801666,0.005095714703202248,0.0
35307,0.15,256,fine_mc,cpu,0.005097227171063423,0.023226620629429817,0.0008358974009752274,0.00613815151154995,0.0,0.0,0.0003079548478126526,0.035696880891919136,,
35307,0.15,1024,fine_mc,cuda,0.0050117336213588715,0.11445594765245914,0.003560064360499382,0.0022947359830141068,0.002260767936706543,0.011210387572646141,0.001440407708287239,0.13805856928229332,,
35307,0.15,1024,empirical_selective,cuda,0.0050117336213588715,0.11445594765245914,0.003560064360499382,0.0023204255849123,,0.01019001193344593,,0.15865248814225197,0.020255932584404945,0.0027730800211429596
35307,0.15,1024,certified_fallback,cuda,0.0050117336213588715,0.11445594765245914,0.003560064360499382,0.002294084057211876,,0.005955100059509277,,0.1533113308250904,0.020255932584404945,0.0
35307,0.15,1024,fine_mc,cpu,0.005134684965014458,0.18676439300179482,0.0024189576506614685,0.02467845194041729,0.0,0.0,0.0011983588337898254,0.22031547874212265,,
35307,1.0,256,fine_mc,cuda,0.006029091775417328,0.033100249245762825,0.000751035287976265,0.0010177083313465118,0.0009791359901428222,0.001725153997540474,0.0004335343837738037,0.04313363693654537,,
35307,1.0,256,empirical_selective,cuda,0.006029091775417328,0.033100249245762825,0.000751035287976265,0.0009790565818548203,,0.0016210433095693588,,0.04805956780910492,0.004845364019274712,0.0006568636745214462
35307,1.0,256,certified_fallback,cuda,0.006029091775417328,0.033100249245762825,0.000751035287976265,0.000893348827958107,,0.0016424693167209625,,0.04788531735539436,0.004845364019274712,0.0
35307,1.0,256,fine_mc,cpu,0.005942223593592644,0.032067324966192245,0.000779496505856514,0.005970761179924011,0.0,0.0,0.00034306198358535767,0.04519197531044483,,
35307,1.0,1024,fine_mc,cuda,0.006084183230996132,0.2290646079927683,0.0028943009674549103,0.002295376732945442,0.002260672092437744,0.01201944425702095,0.0014785286039113998,0.25393680296838284,,
35307,1.0,1024,empirical_selective,cuda,0.006084183230996132,0.2290646079927683,0.0028943009674549103,0.002291915938258171,,0.005662849172949791,,0.26788255758583546,0.0186099074780941,0.003174431622028351
35307,1.0,1024,certified_fallback,cuda,0.006084183230996132,0.2290646079927683,0.0028943009674549103,0.002296535298228264,,0.007799262180924416,,0.2687083762139082,0.0186099074780941,0.0
35307,1.0,1024,fine_mc,cpu,0.006204474717378616,0.2311156913638115,0.002840569242835045,0.03347521275281906,0.0,0.0,0.0012977179139852524,0.2750514689832926,,
35388,0.0,256,fine_mc,cuda,0.005293678492307663,0.021154027432203293,0.0007523130625486374,0.001077115535736084,0.001039520025253296,0.004572330042719841,0.0004742033779621124,0.03341483697295189,,
35388,0.0,256,empirical_selective,cuda,0.005293678492307663,0.021154027432203293,0.0007523130625486374,0.0010469760745763779,,0.004755256697535515,,0.03863491676747799,0.004878971725702286,0.0006625242531299591
35388,0.0,256,certified_fallback,cuda,0.005293678492307663,0.021154027432203293,0.0007523130625486374,0.0009329561144113541,,0.004947753623127937,,0.038612253963947296,0.004878971725702286,0.0
35388,0.0,256,fine_mc,cpu,0.004418758675456047,0.020646562799811363,0.0007119067013263702,0.006113331764936447,0.0,0.0,0.00031365081667900085,0.03991177678108215,,
35388,0.0,1024,fine_mc,cuda,0.0044213999062776566,0.10741511918604374,0.002523917704820633,0.002295536920428276,0.0022640640735626222,0.00903245434165001,0.0014675501734018326,0.1272777710109949,,
35388,0.0,1024,empirical_selective,cuda,0.0044213999062776566,0.10741511918604374,0.002523917704820633,0.0023000184446573257,,0.010343590751290321,,0.1514441892504692,0.020876765251159668,0.0034415852278470993
35388,0.0,1024,certified_fallback,cuda,0.0044213999062776566,0.10741511918604374,0.002523917704820633,0.0023013073951005936,,0.0061175525188446045,,0.14543894492089748,0.020876765251159668,0.0
35388,0.0,1024,fine_mc,cpu,0.004489593207836151,0.1749304812401533,0.0026583950966596603,0.03324076347053051,0.0,0.0,0.001300150528550148,0.21673602610826492,,
35388,0.15,256,fine_mc,cuda,0.0050697773694992065,0.024444470182061195,0.0011577978730201721,0.001078357920050621,0.0010399359464645385,0.005031164735555649,0.000451553612947464,0.037345802411437035,,
35388,0.15,256,empirical_selective,cuda,0.0050697773694992065,0.024444470182061195,0.0011577978730201721,0.0010309480130672455,,0.004500610753893852,,0.042004065588116646,0.005064716562628746,0.0006230641156435013
35388,0.15,256,certified_fallback,cuda,0.0050697773694992065,0.024444470182061195,0.0011577978730201721,0.000904446467757225,,0.004533890634775162,,0.041841473430395126,0.005064716562628746,0.0
35388,0.15,256,fine_mc,cpu,0.004995845258235931,0.02255757711827755,0.0008501559495925903,0.005986932665109634,0.0,0.0,0.00031308457255363464,0.035766733810305595,,
35388,0.15,1024,fine_mc,cuda,0.004753412678837776,0.14492724277079105,0.003041239455342293,0.002301495522260666,0.0022706239223480224,0.01076943427324295,0.001484692096710205,0.1673508882522583,,
35388,0.15,1024,empirical_selective,cuda,0.004753412678837776,0.14492724277079105,0.003041239455342293,0.002306664362549782,,0.010690193623304367,,0.19037695787847042,0.02167724072933197,0.0029075928032398224
35388,0.15,1024,certified_fallback,cuda,0.004753412678837776,0.14492724277079105,0.003041239455342293,0.0022960640490055084,,0.005858641117811203,,0.1843606662005186,0.02167724072933197,0.0
35388,0.15,1024,fine_mc,cpu,0.00509270466864109,0.18102151155471802,0.0032075922936201096,0.033077970147132874,0.0,0.0,0.0012963972985744476,0.22383243218064308,,
35388,1.0,256,fine_mc,cuda,0.005951739847660065,0.034063927829265594,0.0011229775846004486,0.001061607152223587,0.0010229439735412597,0.004990050569176674,0.0004450734704732895,0.04771578870713711,,
35388,1.0,256,empirical_selective,cuda,0.005951739847660065,0.034063927829265594,0.0011229775846004486,0.0010202489793300629,,0.004576323553919792,,0.05248823203146458,0.004974445328116417,0.0006981566548347473
35388,1.0,256,certified_fallback,cuda,0.005951739847660065,0.034063927829265594,0.0011229775846004486,0.0009469091892242432,,0.00477641262114048,,0.0530781801789999,0.004974445328116417,0.0
35388,1.0,256,fine_mc,cpu,0.006092844530940056,0.03866760805249214,0.0006917137652635574,0.00605437159538269,0.0,0.0,0.0003368016332387924,0.05192786082625389,,
35388,1.0,1024,fine_mc,cuda,0.006121594458818436,0.2205675970762968,0.002711137756705284,0.0023246966302394867,0.0022921600341796874,0.008823493495583534,0.0014300402253866196,0.24208288080990314,,
35388,1.0,1024,empirical_selective,cuda,0.006121594458818436,0.2205675970762968,0.002711137756705284,0.002314787358045578,,0.006072409451007843,,0.2617967799305916,0.020836833864450455,0.003068098798394203
35388,1.0,1024,certified_fallback,cuda,0.006121594458818436,0.2205675970762968,0.002711137756705284,0.0023357849568128586,,0.009799016639590263,,0.26423067040741444,0.020836833864450455,0.0
35388,1.0,1024,fine_mc,cpu,0.0061876121908426285,0.2355017140507698,0.0028027910739183426,0.024411410093307495,0.0,0.0,0.001265786588191986,0.27027683332562447,,
35469,0.0,256,fine_mc,cuda,0.004228068515658379,0.022001363337039948,0.0010474883019924164,0.0010699871927499771,0.0010339200496673584,0.005510259419679642,0.0004333406686782837,0.03437523730099201,,
35469,0.0,256,empirical_selective,cuda,0.004228068515658379,0.022001363337039948,0.0010474883019924164,0.001040024682879448,,0.004923306405544281,,0.0390662532299757,0.004905316978693008,0.0008359551429748535
35469,0.0,256,certified_fallback,cuda,0.004228068515658379,0.022001363337039948,0.0010474883019924164,0.0009220167994499207,,0.0046263206750154495,,0.03836005926132202,0.004905316978693008,0.0
35469,0.0,256,fine_mc,cpu,0.0043691303580999374,0.02071971446275711,0.0007441844791173935,0.006345683708786964,0.0,0.0,0.0003519318997859955,0.039133138954639435,,
35469,0.0,1024,fine_mc,cuda,0.004456993192434311,0.10913476161658764,0.002653859555721283,0.0023000873625278473,0.0022707200050354004,0.011131439357995987,0.0014369208365678787,0.13122394680976868,,
35469,0.0,1024,empirical_selective,cuda,0.004456993192434311,0.10913476161658764,0.002653859555721283,0.00230521522462368,,0.00968114659190178,,0.15820522792637348,0.026873836293816566,0.002989530563354492
35469,0.0,1024,certified_fallback,cuda,0.004456993192434311,0.10913476161658764,0.002653859555721283,0.0023295674473047256,,0.006495097652077675,,0.15382963977754116,0.026873836293816566,0.0
35469,0.0,1024,fine_mc,cpu,0.004494139924645424,0.1654126923531294,0.002989931032061577,0.033700766041874886,0.0,0.0,0.0012958887964487076,0.2080436758697033,,
35469,0.15,256,fine_mc,cuda,0.00551728717982769,0.023195650428533554,0.0010174475610256195,0.0011264197528362274,0.001086400032043457,0.004697883501648903,0.0004916414618492126,0.03615959361195564,,
35469,0.15,256,empirical_selective,cuda,0.00551728717982769,0.023195650428533554,0.0010174475610256195,0.001067398115992546,,0.0047532543540000916,,0.04226492717862129,0.005908971652388573,0.000691654160618782
35469,0.15,256,certified_fallback,cuda,0.00551728717982769,0.023195650428533554,0.0010174475610256195,0.0009338371455669403,,0.004638735204935074,,0.04193785414099693,0.005908971652388573,0.0
35469,0.15,256,fine_mc,cpu,0.00573590025305748,0.025500928983092308,0.0007627643644809723,0.006359763443470001,0.0,0.0,0.0003406982868909836,0.038788458332419395,,
35469,0.15,1024,fine_mc,cuda,0.004954162985086441,0.1144025381654501,0.002547677606344223,0.0022913552820682526,0.002260416030883789,0.01059950701892376,0.002116182819008827,0.13698780722916126,,
35469,0.15,1024,empirical_selective,cuda,0.004954162985086441,0.1144025381654501,0.002547677606344223,0.002307996153831482,,0.011116836220026016,,0.16067713871598244,0.02156258001923561,0.0037089642137289047
35469,0.15,1024,certified_fallback,cuda,0.004954162985086441,0.1144025381654501,0.002547677606344223,0.0022934749722480774,,0.006364503875374794,,0.15401536598801613,0.02156258001923561,0.0
35469,0.15,1024,fine_mc,cpu,0.005083825439214706,0.1730783674865961,0.004004478454589844,0.03366054408252239,0.0,0.0,0.0012425892055034637,0.21722782589495182,,
35469,1.0,256,fine_mc,cuda,0.0060494206845760345,0.035060834139585495,0.0012082681059837341,0.0010779481381177902,0.0010399359464645385,0.004854584112763405,0.000451674684882164,0.04878906346857548,,
35469,1.0,256,empirical_selective,cuda,0.0060494206845760345,0.035060834139585495,0.0012082681059837341,0.0011547151952981949,,0.00455683097243309,,0.053579751402139664,0.004805244505405426,0.000658104196190834
35469,1.0,256,certified_fallback,cuda,0.0060494206845760345,0.035060834139585495,0.0012082681059837341,0.0009365174919366837,,0.004566794261336327,,0.05326414294540882,0.004805244505405426,0.0
35469,1.0,256,fine_mc,cpu,0.006036341190338135,0.04233695566654205,0.000778665766119957,0.006083684042096138,0.0,0.0,0.00032666511833667755,0.055656882002949715,,
35469,1.0,1024,fine_mc,cuda,0.00625709630548954,0.22343946807086468,0.0030470117926597595,0.002292744815349579,0.002262752056121826,0.005606764927506447,0.0014549195766448975,0.24221543222665787,,
35469,1.0,1024,empirical_selective,cuda,0.00625709630548954,0.22343946807086468,0.0030470117926597595,0.002322304993867874,,0.010384434834122658,,0.2686047926545143,0.020192168653011322,0.0028448812663555145
35469,1.0,1024,certified_fallback,cuda,0.00625709630548954,0.22343946807086468,0.0030470117926597595,0.002295656129717827,,0.0056990403681993484,,0.26281805895268917,0.020192168653011322,0.0
35469,1.0,1024,fine_mc,cpu,0.00848923996090889,0.22857298329472542,0.0028153304010629654,0.024484651163220406,0.0,0.0,0.001274140551686287,0.26577775552868843,,
35550,0.0,256,fine_mc,cuda,0.004222080111503601,0.020837293937802315,0.0010516364127397537,0.0010741762816905975,0.0010359359979629516,0.004921143874526024,0.00045737437903881073,0.03265748918056488,,
35550,0.0,256,empirical_selective,cuda,0.004222080111503601,0.020837293937802315,0.0010516364127397537,0.0010348651558160782,,0.00467563234269619,,0.03817910701036453,0.005593819543719292,0.0006699953228235245
35550,0.0,256,certified_fallback,cuda,0.004222080111503601,0.020837293937802315,0.0010516364127397537,0.0011262297630310059,,0.00471046008169651,,0.03822614997625351,0.005593819543719292,0.0
35550,0.0,256,fine_mc,cpu,0.0044044796377420425,0.020817266777157784,0.0010322574526071548,0.006700748577713966,0.0,0.0,0.00041117146611213684,0.038329316303133965,,
35550,0.0,1024,fine_mc,cuda,0.0057148803025484085,0.10176189988851547,0.002742348238825798,0.002293776720762253,0.002263520002365112,0.00994800217449665,0.0014592017978429794,0.12405030988156796,,
35550,0.0,1024,empirical_selective,cuda,0.0057148803025484085,0.10176189988851547,0.002742348238825798,0.0022987760603427887,,0.009882567450404167,,0.15012532845139503,0.023341814056038857,0.00425284169614315
35550,0.0,1024,certified_fallback,cuda,0.0057148803025484085,0.10176189988851547,0.002742348238825798,0.002322595566511154,,0.005726339295506477,,0.1434632781893015,0.023341814056038857,0.0
35550,0.0,1024,fine_mc,cpu,0.004409130662679672,0.11273241601884365,0.0026915408670902252,0.026691876351833344,0.0,0.0,0.0014234110713005066,0.1511225365102291,,
35550,0.15,256,fine_mc,cuda,0.007948996499180794,0.024188579991459846,0.00110720656812191,0.001087365671992302,0.0010515840053558349,0.004698144271969795,0.0004368238151073456,0.0395792480558157,,
35550,0.15,256,empirical_selective,cuda,0.007948996499180794,0.024188579991459846,0.00110720656812191,0.0010541751980781555,,0.004868723452091217,,0.045008113607764244,0.0050742365419864655,0.0006540641188621521
35550,0.15,256,certified_fallback,cuda,0.007948996499180794,0.024188579991459846,0.00110720656812191,0.001041017472743988,,0.004555022343993187,,0.044631585478782654,0.0050742365419864655,0.0
35550,0.15,256,fine_mc,cpu,0.006750978529453278,0.024210147559642792,0.0008377134799957275,0.006959507241845131,0.0,0.0,0.0003454834222793579,0.03920344263315201,,
35550,0.15,1024,fine_mc,cuda,0.0047683510929346085,0.18177071772515774,0.002820180729031563,0.002306303009390831,0.0022730879783630373,0.00914117693901062,0.0016062725335359573,0.20249895378947258,,
35550,0.15,1024,empirical_selective,cuda,0.0047683510929346085,0.18177071772515774,0.002820180729031563,0.0023046154528856277,,0.009936820715665817,,0.22602373734116554,0.020977487787604332,0.003359612077474594
35550,0.15,1024,certified_fallback,cuda,0.0047683510929346085,0.18177071772515774,0.002820180729031563,0.0023204255849123,,0.005685698240995407,,0.22008959762752056,0.020977487787604332,0.0
35550,0.15,1024,fine_mc,cpu,0.005202576518058777,0.1861178744584322,0.0027885865420103073,0.02580900676548481,0.0,0.0,0.0011806078255176544,0.22122303023934364,,
35550,1.0,256,fine_mc,cuda,0.007662743330001831,0.0406576432287693,0.0008099675178527832,0.0012739002704620361,0.0012333760261535646,0.004870016127824783,0.0005074553191661835,0.05586596578359604,,
35550,1.0,256,empirical_selective,cuda,0.007662743330001831,0.0406576432287693,0.0008099675178527832,0.0012129265815019608,,0.0046784039586782455,,0.06083611398935318,0.004921633750200272,0.0008085556328296661
35550,1.0,256,certified_fallback,cuda,0.007662743330001831,0.0406576432287693,0.0008099675178527832,0.0011605285108089447,,0.005137179046869278,,0.061027636751532555,0.004921633750200272,0.0
35550,1.0,256,fine_mc,cpu,0.006272412836551666,0.03220311366021633,0.0006985347718000412,0.005819527432322502,0.0,0.0,0.00032333098351955414,0.045406144112348557,,
35550,1.0,1024,fine_mc,cuda,0.006138594821095467,0.2309043612331152,0.003567444160580635,0.0022916365414857864,0.0022597439289093017,0.010238779708743095,0.0015327315777540207,0.25478164479136467,,
35550,1.0,1024,empirical_selective,cuda,0.006138594821095467,0.2309043612331152,0.003567444160580635,0.002299197018146515,,0.005549490451812744,,0.27171212434768677,0.020028667524456978,0.0031162723898887634
35550,1.0,1024,certified_fallback,cuda,0.006138594821095467,0.2309043612331152,0.003567444160580635,0.0023238975554704666,,0.0056733377277851105,,0.27043918147683144,0.020028667524456978,0.0
35550,1.0,1024,fine_mc,cpu,0.006296943873167038,0.2342971060425043,0.003140084445476532,0.02615795098245144,0.0,0.0,0.0015116799622774124,0.2715225927531719,,
35632,0.0,256,fine_mc,cuda,0.004179477691650391,0.021263249218463898,0.0009832177311182022,0.001032976433634758,0.0009974719882011414,0.001624109223484993,0.00043265335261821747,0.029597515240311623,,
35632,0.0,256,empirical_selective,cuda,0.004179477691650391,0.021263249218463898,0.0009832177311182022,0.001750422641634941,,0.001779383048415184,,0.0378082562237978,0.006856415420770645,0.0009142588824033737
35632,0.0,256,certified_fallback,cuda,0.004179477691650391,0.021263249218463898,0.0009832177311182022,0.0017371810972690582,,0.0017533265054225922,,0.03754527121782303,0.006856415420770645,0.0
35632,0.0,256,fine_mc,cpu,0.004461422562599182,0.02145494893193245,0.000993724912405014,0.0065160952508449554,0.0,0.0,0.00033706240355968475,0.04776469245553017,,
35632,0.0,1024,fine_mc,cuda,0.00445442833006382,0.17016369476914406,0.0029799118638038635,0.00229082815349102,0.0022629759311676026,0.010554404929280281,0.0015043113380670547,0.19207329489290714,,
35632,0.0,1024,empirical_selective,cuda,0.00445442833006382,0.17016369476914406,0.0029799118638038635,0.002307245507836342,,0.010810697451233864,,0.2152776550501585,0.020869765430688858,0.0035661961883306503
35632,0.0,1024,certified_fallback,cuda,0.00445442833006382,0.17016369476914406,0.0029799118638038635,0.0023076962679624557,,0.0056509170681238174,,0.2083250731229782,0.020869765430688858,0.0
35632,0.0,1024,fine_mc,cpu,0.004464929923415184,0.17505047284066677,0.0034243129193782806,0.03379925712943077,0.0,0.0,0.0015071909874677658,0.2183861844241619,,
35632,0.15,256,fine_mc,cuda,0.005115745589137077,0.026179462671279907,0.001140577718615532,0.0011693760752677917,0.0011304960250854493,0.001722758635878563,0.0004367828369140625,0.03590315580368042,,
35632,0.15,256,empirical_selective,cuda,0.005115745589137077,0.026179462671279907,0.001140577718615532,0.001145360991358757,,0.0016138851642608643,,0.04175765626132488,0.005710426717996597,0.0007137451320886612
35632,0.15,256,certified_fallback,cuda,0.005115745589137077,0.026179462671279907,0.001140577718615532,0.0008981563150882721,,0.0015704426914453506,,0.04130414500832558,0.005710426717996597,0.0
35632,0.15,256,fine_mc,cpu,0.00495053268969059,0.023182742297649384,0.0007637552917003632,0.0064149461686611176,0.0,0.0,0.00033337995409965515,0.03949129395186901,,
35632,0.15,1024,fine_mc,cuda,0.004825985059142113,0.11391068249940872,0.002565968781709671,0.0023007355630397797,0.0022705280780792236,0.009934049099683762,0.0015241671353578568,0.1351432204246521,,
35632,0.15,1024,empirical_selective,cuda,0.004825985059142113,0.11391068249940872,0.002565968781709671,0.0023020952939987183,,0.009831089526414871,,0.15682656690478325,0.019694900140166283,0.003614213317632675
35632,0.15,1024,certified_fallback,cuda,0.004825985059142113,0.11391068249940872,0.002565968781709671,0.0023078564554452896,,0.005541419610381126,,0.15058008395135403,0.019694900140166283,0.0
35632,0.15,1024,fine_mc,cpu,0.005614247173070908,0.185054749250412,0.0040594954043626785,0.0352924857288599,0.0,0.0,0.0014153607189655304,0.2315762173384428,,
35632,1.0,256,fine_mc,cuda,0.006097652018070221,0.0363848228007555,0.0008049439638853073,0.0010231956839561462,0.0009883840084075927,0.0016412530094385147,0.00043976306915283203,0.0464793648570776,,
35632,1.0,256,empirical_selective,cuda,0.006097652018070221,0.0363848228007555,0.0008049439638853073,0.0009655747562646866,,0.0016051102429628372,,0.051500026136636734,0.004879223182797432,0.0006749648600816727
35632,1.0,256,certified_fallback,cuda,0.006097652018070221,0.0363848228007555,0.0008049439638853073,0.0008793435990810394,,0.0015302877873182297,,0.05120997875928879,0.004879223182797432,0.0
35632,1.0,256,fine_mc,cpu,0.0060645826160907745,0.0347709022462368,0.0008619669824838638,0.006754869595170021,0.0,0.0,0.00033230148255825043,0.04887475073337555,,
35632,1.0,1024,fine_mc,cuda,0.006175383925437927,0.19723842665553093,0.0029815416783094406,0.002299964427947998,0.002268224000930786,0.010238772258162498,0.0014485809952020645,0.22048771753907204,,
35632,1.0,1024,empirical_selective,cuda,0.006175383925437927,0.19723842665553093,0.0029815416783094406,0.0023161564022302628,,0.005638279020786285,,0.2404897566884756,0.022655466571450233,0.0033794548362493515
35632,1.0,1024,certified_fallback,cuda,0.006175383925437927,0.19723842665553093,0.0029815416783094406,0.002299118787050247,,0.00858822837471962,,0.24177943542599678,0.022655466571450233,0.0
35632,1.0,1024,fine_mc,cpu,0.006711076945066452,0.22478042915463448,0.0028266198933124542,0.023725077509880066,0.0,0.0,0.0013356804847717285,0.259508254006505,,
35713,0.0,256,fine_mc,cuda,0.004219707101583481,0.021305890753865242,0.0010356977581977844,0.001089518889784813,0.0010522559881210327,0.004708625376224518,0.00046126171946525574,0.0329158753156662,,
35713,0.0,256,empirical_selective,cuda,0.004219707101583481,0.021305890753865242,0.0010356977581977844,0.0010477080941200256,,0.004518082365393639,,0.0378425195813179,0.0048917848616838455,0.0007284749299287796
35713,0.0,256,certified_fallback,cuda,0.004219707101583481,0.021305890753865242,0.0010356977581977844,0.0011205784976482391,,0.00461542047560215,,0.03791413828730583,0.0048917848616838455,0.0
35713,0.0,256,fine_mc,cpu,0.004910223186016083,0.02446613274514675,0.0009131766855716705,0.006157154217362404,0.0,0.0,0.0003421138972043991,0.045646922662854195,,
35713,0.0,1024,fine_mc,cuda,0.004960095509886742,0.1058449987322092,0.0025109276175498962,0.0022957976907491684,0.0022634880542755126,0.00560675747692585,0.0014384686946868896,0.12276310659945011,,
35713,0.0,1024,empirical_selective,cuda,0.004960095509886742,0.1058449987322092,0.0025109276175498962,0.002322876825928688,,0.0056088827550411224,,0.14833319373428822,0.02392543852329254,0.0030539128929376602
35713,0.0,1024,certified_fallback,cuda,0.004960095509886742,0.1058449987322092,0.0025109276175498962,0.0022985655814409256,,0.005514476448297501,,0.14685512706637383,0.02392543852329254,0.0
35713,0.0,1024,fine_mc,cpu,0.0046763308346271515,0.17554681561887264,0.002789778634905815,0.036762576550245285,0.0,0.0,0.00141172856092453,0.22131526470184326,,
35713,0.15,256,fine_mc,cuda,0.008124636486172676,0.025035666301846504,0.0010406989604234695,0.0010800082236528397,0.0010420160293579102,0.004629211500287056,0.00042759254574775696,0.0404778104275465,,
35713,0.15,256,empirical_selective,cuda,0.008124636486172676,0.025035666301846504,0.0010406989604234695,0.0010398179292678833,,0.004746945574879646,,0.0458160899579525,0.005037873983383179,0.0006504543125629425
35713,0.15,256,certified_fallback,cuda,0.008124636486172676,0.025035666301846504,0.0010406989604234695,0.0009386874735355377,,0.004552548751235008,,0.04543996416032314,0.005037873983383179,0.0
35713,0.15,256,fine_mc,cpu,0.0049973055720329285,0.023808404803276062,0.0007706768810749054,0.007170660421252251,0.0,0.0,0.00032968074083328247,0.03716747835278511,,
35713,0.15,1024,fine_mc,cuda,0.004798434674739838,0.1165494229644537,0.0026446785777807236,0.0022920481860637665,0.0022607359886169433,0.009141415357589722,0.001623271033167839,0.1371272299438715,,
35713,0.15,1024,empirical_selective,cuda,0.004798434674739838,0.1165494229644537,0.0026446785777807236,0.0023235157132148743,,0.009550705552101135,,0.1601063869893551,0.020836375653743744,0.003325294703245163
35713,0.15,1024,certified_fallback,cuda,0.004798434674739838,0.1165494229644537,0.0026446785777807236,0.0023009851574897766,,0.005633575841784477,,0.15531616285443306,0.020836375653743744,0.0
35713,0.15,1024,fine_mc,cpu,0.005441179499030113,0.172295443713665,0.002597406506538391,0.02795865572988987,0.0,0.0,0.0012845806777477264,0.20969727635383606,,
35713,1.0,256,fine_mc,cuda,0.006571745499968529,0.035685520619153976,0.0010903775691986084,0.0010849684476852417,0.0010471359491348268,0.004710212349891663,0.00044984370470046997,0.04968280903995037,,
35713,1.0,256,empirical_selective,cuda,0.006571745499968529,0.035685520619153976,0.0010903775691986084,0.0010269153863191605,,0.004597891122102737,,0.0547739639878273,0.0048518069088459015,0.0008595660328865051
35713,1.0,256,certified_fallback,cuda,0.006571745499968529,0.035685520619153976,0.0010903775691986084,0.0009408984333276749,,0.004484482109546661,,0.05428394302725792,0.0048518069088459015,0.0
35713,1.0,256,fine_mc,cpu,0.006171343848109245,0.035864340141415596,0.0007632244378328323,0.006043711677193642,0.0,0.0,0.0003149528056383133,0.04924650490283966,,
35713,1.0,1024,fine_mc,cuda,0.006195472553372383,0.17590809799730778,0.0027701687067747116,0.0023147445172071457,0.0022817599773406983,0.009525487199425697,0.0014553684741258621,0.19827540777623653,,
35713,1.0,1024,empirical_selective,cuda,0.006195472553372383,0.17590809799730778,0.0027701687067747116,0.002295086160302162,,0.005550287663936615,,0.21626130491495132,0.02034972421824932,0.0030863992869853973
35713,1.0,1024,certified_fallback,cuda,0.006195472553372383,0.17590809799730778,0.0027701687067747116,0.002295956015586853,,0.005946623161435127,,0.21546765230596066,0.02034972421824932,0.0
35713,1.0,1024,fine_mc,cpu,0.006401635706424713,0.23523841239511967,0.003128252923488617,0.026991887018084526,0.0,0.0,0.0013945400714874268,0.2733002360910177,,
35794,0.0,256,fine_mc,cuda,0.004162611439824104,0.02136983908712864,0.0010082796216011047,0.0011990610510110855,0.001162816047668457,0.0012494679540395737,0.0004917457699775696,0.029564144089818,,
35794,0.0,256,empirical_selective,cuda,0.004162611439824104,0.02136983908712864,0.0010082796216011047,0.0013704188168048859,,0.004736181348562241,,0.03842553682625294,0.005092993378639221,0.0006020739674568176
35794,0.0,256,certified_fallback,cuda,0.004162611439824104,0.02136983908712864,0.0010082796216011047,0.0009697787463665009,,0.004423787817358971,,0.03766927309334278,0.005092993378639221,0.0
35794,0.0,256,fine_mc,cpu,0.0043225474655628204,0.020678723230957985,0.000835048034787178,0.006155293434858322,0.0,0.0,0.0003116931766271591,0.039434706792235374,,
35794,0.0,1024,fine_mc,cuda,0.00453135184943676,0.10563968680799007,0.0029383208602666855,0.0023205969482660294,0.0022874560356140137,0.009878909215331078,0.0015125870704650879,0.12693947181105614,,
35794,0.0,1024,empirical_selective,cuda,0.00453135184943676,0.10563968680799007,0.0029383208602666855,0.0023057665675878525,,0.009890660643577576,,0.14645600132644176,0.018073055893182755,0.00295913964509964
35794,0.0,1024,certified_fallback,cuda,0.00453135184943676,0.10563968680799007,0.0029383208602666855,0.0022966675460338593,,0.005573848262429237,,0.1408645324409008,0.018073055893182755,0.0
35794,0.0,1024,fine_mc,cpu,0.004276519641280174,0.16814224235713482,0.0034566856920719147,0.03333585895597935,0.0,0.0,0.0013458002358675003,0.2106930874288082,,
35794,0.15,256,fine_mc,cuda,0.004982633516192436,0.023257451131939888,0.001015765592455864,0.001078277826309204,0.0010411839485168458,0.00462639145553112,0.000448053702712059,0.03551635704934597,,
35794,0.15,256,empirical_selective,cuda,0.004982633516192436,0.023257451131939888,0.001015765592455864,0.0009733270853757858,,0.004487019032239914,,0.040388140827417374,0.0049508847296237946,0.0006132759153842926
35794,0.15,256,certified_fallback,cuda,0.004982633516192436,0.023257451131939888,0.001015765592455864,0.0009461957961320877,,0.004534408450126648,,0.04036391153931618,0.0049508847296237946,0.0
35794,0.15,256,fine_mc,cpu,0.005001174286007881,0.022878039628267288,0.0006753057241439819,0.0061028990894556046,0.0,0.0,0.00032163411378860474,0.03506845235824585,,
35794,0.15,1024,fine_mc,cuda,0.004842991009354591,0.11580058000981808,0.0026255492120981216,0.0023182760924100876,0.0022838399410247804,0.010217713192105293,0.0014695599675178528,0.13735978864133358,,
35794,0.15,1024,empirical_selective,cuda,0.004842991009354591,0.11580058000981808,0.0026255492120981216,0.002300497144460678,,0.010437089949846268,,0.16009609401226044,0.02077922597527504,0.003225041553378105
35794,0.15,1024,certified_fallback,cuda,0.004842991009354591,0.11580058000981808,0.0026255492120981216,0.002297287806868553,,0.005592096596956253,,0.15367474034428596,0.02077922597527504,0.0
35794,0.15,1024,fine_mc,cpu,0.005178134888410568,0.11906984075903893,0.002669036388397217,0.028867438435554504,0.0,0.0,0.0013114102184772491,0.15723874606192112,,
35794,1.0,256,fine_mc,cuda,0.0063383132219314575,0.03138635866343975,0.0007511749863624573,0.0010152887552976608,0.0009809280037879945,0.0016587991267442703,0.00043099187314510345,0.041674086824059486,,
35794,1.0,256,empirical_selective,cuda,0.0063383132219314575,0.03138635866343975,0.0007511749863624573,0.00099116750061512,,0.001584099605679512,,0.04724873602390289,0.005406925454735756,0.0006975363940000534
35794,1.0,256,certified_fallback,cuda,0.0063383132219314575,0.03138635866343975,0.0007511749863624573,0.0009183771908283234,,0.0015397612005472183,,0.04700326547026634,0.005406925454735756,0.0
35794,1.0,256,fine_mc,cpu,0.006069444119930267,0.03195244260132313,0.0010312758386135101,0.0067570991814136505,0.0,0.0,0.00033057481050491333,0.04623976722359657,,
35794,1.0,1024,fine_mc,cuda,0.006318435072898865,0.23046118766069412,0.0033240336924791336,0.002302795648574829,0.0022713921070098876,0.010054245591163635,0.0014617331326007843,0.2540331892669201,,
35794,1.0,1024,empirical_selective,cuda,0.006318435072898865,0.23046118766069412,0.0033240336924791336,0.0023095570504665375,,0.005515279248356819,,0.2693993542343378,0.018661241978406906,0.002698861062526703
35794,1.0,1024,certified_fallback,cuda,0.006318435072898865,0.23046118766069412,0.0033240336924791336,0.002292465418577194,,0.0056669749319553375,,0.26876754499971867,0.018661241978406906,0.0
35794,1.0,1024,fine_mc,cpu,0.006260363385081291,0.22984312288463116,0.002680448815226555,0.023952815681695938,0.0,0.0,0.001302819699048996,0.2641581613570452,,
35875,0.0,256,fine_mc,cuda,0.0041783396154642105,0.021561380475759506,0.0007469244301319122,0.0010922476649284363,0.0010542080402374267,0.004835834726691246,0.0004446841776371002,0.03294301964342594,,
35875,0.0,256,empirical_selective,cuda,0.0041783396154642105,0.021561380475759506,0.0007469244301319122,0.0010719262063503265,,0.004727065563201904,,0.03795764409005642,0.00495702400803566,0.0006313752382993698
35875,0.0,256,certified_fallback,cuda,0.0041783396154642105,0.021561380475759506,0.0007469244301319122,0.001116948202252388,,0.004180647432804108,,0.037380047142505646,0.00495702400803566,0.0
35875,0.0,256,fine_mc,cpu,0.004327848553657532,0.02044956386089325,0.000833926722407341,0.005867209285497665,0.0,0.0,0.0003201216459274292,0.036415521055459976,,
35875,0.0,1024,fine_mc,cuda,0.004438290372490883,0.10278935730457306,0.0026271771639585495,0.0022945962846279144,0.002264512062072754,0.010167250409722328,0.0014479197561740875,0.1268289741128683,,
35875,0.0,1024,empirical_selective,cuda,0.004438290372490883,0.10278935730457306,0.0026271771639585495,0.0022967346012592316,,0.009983858093619347,,0.15208042785525322,0.023854995146393776,0.0030256323516368866
35875,0.0,1024,certified_fallback,cuda,0.004438290372490883,0.10278935730457306,0.0026271771639585495,0.002288203686475754,,0.005589697510004044,,0.14642420038580894,0.023854995146393776,0.0
35875,0.0,1024,fine_mc,cpu,0.004441140219569206,0.1742723360657692,0.002690820023417473,0.0285479873418808,0.0,0.0,0.001279229298233986,0.21135270223021507,,
35875,0.15,256,fine_mc,cuda,0.005089504644274712,0.023085888475179672,0.0009537078440189362,0.0011092480272054672,0.001071679949760437,0.005346816033124924,0.00042731501162052155,0.03612561337649822,,
35875,0.15,256,empirical_selective,cuda,0.005089504644274712,0.023085888475179672,0.0009537078440189362,0.0010338686406612396,,0.005111491307616234,,0.04097014479339123,0.00492403469979763,0.0006585158407688141
35875,0.15,256,certified_fallback,cuda,0.005089504644274712,0.023085888475179672,0.0009537078440189362,0.0009409673511981964,,0.004714310169219971,,0.04040011391043663,0.00492403469979763,0.0
35875,0.15,256,fine_mc,cpu,0.005708400160074234,0.023799706250429153,0.0006373859941959381,0.006418565288186073,0.0,0.0,0.00033656321465969086,0.037014439702034,,
35875,0.15,1024,fine_mc,cuda,0.006709255278110504,0.11762978136539459,0.0025673694908618927,0.002299156039953232,0.0022673919200897215,0.00556669756770134,0.0015095602720975876,0.13636185973882675,,
35875,0.15,1024,empirical_selective,cuda,0.006709255278110504,0.11762978136539459,0.0025673694908618927,0.0023238565772771835,,0.009931618347764015,,0.16835987381637096,0.02606170065701008,0.0030562523752450943
35875,0.15,1024,certified_fallback,cuda,0.006709255278110504,0.11762978136539459,0.0025673694908618927,0.002292575314640999,,0.00556378997862339,,0.16257911175489426,0.02606170065701008,0.0
35875,0.15,1024,fine_mc,cpu,0.005658259615302086,0.11333191208541393,0.0026551876217126846,0.02792583405971527,0.0,0.0,0.001301158219575882,0.15101016126573086,,
35875,1.0,256,fine_mc,cuda,0.006007339805364609,0.03584343194961548,0.001314368098974228,0.0010855775326490402,0.001048799991607666,0.005113394930958748,0.0004791710525751114,0.04992562532424927,,
35875,1.0,256,empirical_selective,cuda,0.006007339805364609,0.03584343194961548,0.001314368098974228,0.0009607169777154922,,0.001608390361070633,,0.05163531005382538,0.005035385489463806,0.000783335417509079
35875,1.0,256,certified_fallback,cuda,0.006007339805364609,0.03584343194961548,0.001314368098974228,0.0009061172604560852,,0.0015271753072738647,,0.05127590894699097,0.005035385489463806,0.0
35875,1.0,256,fine_mc,cpu,0.006018752232193947,0.032588616013526917,0.0009345430880784988,0.006550375372171402,0.0,0.0,0.0003639720380306244,0.04654860682785511,,
35875,1.0,1024,fine_mc,cuda,0.006145382300019264,0.21958176419138908,0.002954447641968727,0.0022931359708309174,0.002261215925216675,0.009393516927957535,0.0014362204819917679,0.24191850051283836,,
35875,1.0,1024,empirical_selective,cuda,0.006145382300019264,0.21958176419138908,0.002954447641968727,0.002295255661010742,,0.005517840385437012,,0.2584907039999962,0.018763329833745956,0.0031186509877443314
35875,1.0,1024,certified_fallback,cuda,0.006145382300019264,0.21958176419138908,0.002954447641968727,0.0022996757179498672,,0.005568677559494972,,0.25717270374298096,0.018763329833745956,0.0
35875,1.0,1024,fine_mc,cpu,0.006342871114611626,0.23085417971014977,0.0028080493211746216,0.024092309176921844,0.0,0.0,0.0012636072933673859,0.265499509871006,,
35956,0.0,256,fine_mc,cuda,0.004185628145933151,0.02188154309988022,0.0009768083691596985,0.0010768063366413116,0.0010395840406417847,0.004577910527586937,0.00043581053614616394,0.03322033770382404,,
35956,0.0,256,empirical_selective,cuda,0.004185628145933151,0.02188154309988022,0.0009768083691596985,0.0010369960218667984,,0.004557030275464058,,0.03949076309800148,0.0061080120503902435,0.0006589144468307495
35956,0.0,256,certified_fallback,cuda,0.004185628145933151,0.02188154309988022,0.0009768083691596985,0.0009327568113803864,,0.004475420340895653,,0.039221880957484245,0.0061080120503902435,0.0
35956,0.0,256,fine_mc,cpu,0.004354480654001236,0.020952286198735237,0.00079384446144104,0.0061430539935827255,0.0,0.0,0.0003095623105764389,0.03972652740776539,,
35956,0.0,1024,fine_mc,cuda,0.004431391134858131,0.16246595047414303,0.0024865474551916122,0.002293247729539871,0.002262079954147339,0.01021663099527359,0.001487312838435173,0.18348433263599873,,
35956,0.0,1024,empirical_selective,cuda,0.004431391134858131,0.16246595047414303,0.0024865474551916122,0.002322643995285034,,0.009896738454699516,,0.20528820157051086,0.02050105296075344,0.0030806250870227814
35956,0.0,1024,certified_fallback,cuda,0.004431391134858131,0.16246595047414303,0.0024865474551916122,0.002294423058629036,,0.005585361272096634,,0.19956928119063377,0.02050105296075344,0.0
35956,0.0,1024,fine_mc,cpu,0.004471801221370697,0.168403884395957,0.0027758199721574783,0.023950805887579918,0.0,0.0,0.0013264603912830353,0.20104734413325787,,
35956,0.15,256,fine_mc,cuda,0.006021272391080856,0.024849191308021545,0.0009835679084062576,0.0010226685553789139,0.000988416016101837,0.0016298815608024597,0.0004732441157102585,0.035084037110209465,,
35956,0.15,256,empirical_selective,cuda,0.006021272391080856,0.024849191308021545,0.0009835679084062576,0.0009799282997846603,,0.0015855487436056137,,0.04056709259748459,0.005387088283896446,0.0006562843918800354
35956,0.15,256,certified_fallback,cuda,0.006021272391080856,0.024849191308021545,0.0009835679084062576,0.0009064860641956329,,0.001533636823296547,,0.040338244289159775,0.005387088283896446,0.0
35956,0.15,256,fine_mc,cpu,0.004960931837558746,0.022727329283952713,0.0008024461567401886,0.0057538095861673355,0.0,0.0,0.0003022514283657074,0.03463355265557766,,
35956,0.15,1024,fine_mc,cuda,0.006095323711633682,0.11490651033818722,0.0032981745898723602,0.0023093950003385544,0.0022785279750823974,0.010205831378698349,0.0014472473412752151,0.13834082894027233,,
35956,0.15,1024,empirical_selective,cuda,0.006095323711633682,0.11490651033818722,0.0032981745898723602,0.0023199040442705154,,0.010368535295128822,,0.1622827686369419,0.02135215513408184,0.003863818943500519
35956,0.15,1024,certified_fallback,cuda,0.006095323711633682,0.11490651033818722,0.0032981745898723602,0.002303875982761383,,0.0055917780846357346,,0.155306875705719,0.02135215513408184,0.0
35956,0.15,1024,fine_mc,cpu,0.005151025950908661,0.11826850660145283,0.0025410596281290054,0.028248397633433342,0.0,0.0,0.0013740397989749908,0.15572669729590416,,
35956,1.0,256,fine_mc,cuda,0.005974102765321732,0.03428502939641476,0.0008810646831989288,0.0010469071567058563,0.0010109119415283203,0.004599804058670998,0.00041396357119083405,0.047280723229050636,,
35956,1.0,256,empirical_selective,cuda,0.005974102765321732,0.03428502939641476,0.0008810646831989288,0.0010085273534059525,,0.004541948437690735,,0.052386511117219925,0.004823632538318634,0.0007923543453216553
35956,1.0,256,certified_fallback,cuda,0.005974102765321732,0.03428502939641476,0.0008810646831989288,0.0009241662919521332,,0.0045354533940553665,,0.05209183320403099,0.004823632538318634,0.0
35956,1.0,256,fine_mc,cpu,0.006063882261514664,0.03307957015931606,0.0006962455809116364,0.006072741001844406,0.0,0.0,0.0003197304904460907,0.04632497951388359,,
35956,1.0,1024,fine_mc,cuda,0.006257133558392525,0.2261522375047207,0.0032048840075731277,0.0023158472031354904,0.0022854719161987305,0.005662901327013969,0.001620190218091011,0.2453114353120327,,
35956,1.0,1024,empirical_selective,cuda,0.006257133558392525,0.2261522375047207,0.0032048840075731277,0.0022940654307603836,,0.010043127462267876,,0.27360497787594795,0.02190651372075081,0.0036487746983766556
35956,1.0,1024,certified_fallback,cuda,0.006257133558392525,0.2261522375047207,0.0032048840075731277,0.0023172255605459213,,0.005677197128534317,,0.26731947623193264,0.02190651372075081,0.0
35956,1.0,1024,fine_mc,cpu,0.006316483020782471,0.2361237946897745,0.0029321517795324326,0.025573549792170525,0.0,0.0,0.0013000089675188065,0.27236259914934635,,
36038,0.0,256,fine_mc,cuda,0.004215551540255547,0.021364828571677208,0.001102028414607048,0.0010663587599992752,0.0010292799472808839,0.004568787291646004,0.00043310411274433136,0.0328446589410305,,
36038,0.0,256,empirical_selective,cuda,0.004215551540255547,0.021364828571677208,0.001102028414607048,0.0010258164256811142,,0.004530411213636398,,0.03935273736715317,0.006193295121192932,0.0008268058300018311
36038,0.0,256,certified_fallback,cuda,0.004215551540255547,0.021364828571677208,0.001102028414607048,0.0009356755763292313,,0.0048633236438035965,,0.039370158687233925,0.006193295121192932,0.0
36038,0.0,256,fine_mc,cpu,0.005370335653424263,0.021346457302570343,0.0007337052375078201,0.006324043497443199,0.0,0.0,0.0003401339054107666,0.04322258196771145,,
36038,0.0,1024,fine_mc,cuda,0.004444640129804611,0.10849161632359028,0.0026402994990348816,0.002296285703778267,0.0022661440372467043,0.0055780187249183655,0.001631433144211769,0.1251908726990223,,
36038,0.0,1024,empirical_selective,cuda,0.004444640129804611,0.10849161632359028,0.0026402994990348816,0.00229516439139843,,0.010063279420137405,,0.15236577950417995,0.02160085178911686,0.0027213487774133682
36038,0.0,1024,certified_fallback,cuda,0.004444640129804611,0.10849161632359028,0.0026402994990348816,0.0023000556975603104,,0.005472678691148758,,0.14671123027801514,0.02160085178911686,0.0
36038,0.0,1024,fine_mc,cpu,0.005798898637294769,0.16610726714134216,0.0028184503316879272,0.03355042263865471,0.0,0.0,0.0015621017664670944,0.20997070521116257,,
36038,0.15,256,fine_mc,cuda,0.005300655961036682,0.023612413555383682,0.0010831579566001892,0.0010640975087881088,0.0010263040065765382,0.0045540183782577515,0.0004482436925172806,0.03617455996572971,,
36038,0.15,256,empirical_selective,cuda,0.005300655961036682,0.023612413555383682,0.0010831579566001892,0.0010229963809251785,,0.0045515019446611404,,0.041445719078183174,0.005073856562376022,0.0006891638040542603
36038,0.15,256,certified_fallback,cuda,0.005300655961036682,0.023612413555383682,0.0010831579566001892,0.0009491275995969772,,0.004600580781698227,,0.04188160598278046,0.005073856562376022,0.0
36038,0.15,256,fine_mc,cpu,0.006798585876822472,0.025596510618925095,0.0009815376251935959,0.006439384073019028,0.0,0.0,0.0003177933394908905,0.040236931294202805,,
36038,0.15,1024,fine_mc,cuda,0.004880225285887718,0.11868822760879993,0.002561848610639572,0.002321198582649231,0.0022854080200195312,0.00995037890970707,0.001435801386833191,0.13991067185997963,,
36038,0.15,1024,empirical_selective,cuda,0.004880225285887718,0.11868822760879993,0.002561848610639572,0.002306496724486351,,0.009943151846528053,,0.1641234029084444,0.022583968937397003,0.003086492419242859
36038,0.15,1024,certified_fallback,cuda,0.004880225285887718,0.11868822760879993,0.002561848610639572,0.002305375412106514,,0.00558684766292572,,0.1583412867039442,0.022583968937397003,0.0
36038,0.15,1024,fine_mc,cpu,0.00514344684779644,0.1180537436157465,0.0026447102427482605,0.028712650761008263,0.0,0.0,0.0012847315520048141,0.1559564806520939,,
36038,1.0,256,fine_mc,cuda,0.006043970584869385,0.0355905182659626,0.0013103187084197998,0.0010788794606924057,0.0010411520004272462,0.0046008434146642685,0.00042931176722049713,0.04913485422730446,,
36038,1.0,256,empirical_selective,cuda,0.006043970584869385,0.0355905182659626,0.0013103187084197998,0.0010120589286088943,,0.004544463008642197,,0.0543923731893301,0.005022235214710236,0.0007877964526414871
36038,1.0,256,certified_fallback,cuda,0.006043970584869385,0.0355905182659626,0.0013103187084197998,0.0009470377117395401,,0.004822453483939171,,0.05436659790575504,0.005022235214710236,0.0
36038,1.0,256,fine_mc,cpu,0.006093272939324379,0.03270161896944046,0.0007075034081935883,0.005843270570039749,0.0,0.0,0.0003177020698785782,0.045751867815852165,,
36038,1.0,1024,fine_mc,cuda,0.006158193573355675,0.2322257813066244,0.0035505741834640503,0.0022970866411924362,0.00226092791557312,0.009458936750888824,0.0015124920755624771,0.25531103275716305,,
36038,1.0,1024,empirical_selective,cuda,0.006158193573355675,0.2322257813066244,0.0035505741834640503,0.0023018959909677505,,0.005523761734366417,,0.27261009253561497,0.019814547151327133,0.0029273703694343567
36038,1.0,1024,certified_fallback,cuda,0.006158193573355675,0.2322257813066244,0.0035505741834640503,0.0022934693843126297,,0.005529608577489853,,0.27134664356708527,0.019814547151327133,0.0
36038,1.0,1024,fine_mc,cpu,0.006412426009774208,0.2264969702810049,0.0030148103833198547,0.025845753028988838,0.0,0.0,0.0012847092002630234,0.2631916496902704,,
36119,0.0,256,fine_mc,cuda,0.004222666844725609,0.021370356902480125,0.0011597685515880585,0.0012920498847961426,0.0012494399547576904,0.005184968933463097,0.000491822138428688,0.03381031006574631,,
36119,0.0,256,empirical_selective,cuda,0.004222666844725609,0.021370356902480125,0.0011597685515880585,0.0011619795113801956,,0.004860006272792816,,0.038444364443421364,0.00498533621430397,0.0005955733358860016
36119,0.0,256,certified_fallback,cuda,0.004222666844725609,0.021370356902480125,0.0011597685515880585,0.0011231862008571625,,0.004760578274726868,,0.03837721049785614,0.00498533621430397,0.0
36119,0.0,256,fine_mc,cpu,0.0043283794075250626,0.02073017507791519,0.0007325652986764908,0.006466995924711227,0.0,0.0,0.000350363552570343,0.039332445710897446,,
36119,0.0,1024,fine_mc,cuda,0.004461131989955902,0.10782785154879093,0.0025296397507190704,0.0023182667791843414,0.00228438401222229,0.009991679340600967,0.0014478601515293121,0.1286864262074232,,
36119,0.0,1024,empirical_selective,cuda,0.004461131989955902,0.10782785154879093,0.0025296397507190704,0.002297796308994293,,0.009760240092873573,,0.1516903005540371,0.021831272169947624,0.0028723720461130142
36119,0.0,1024,certified_fallback,cuda,0.004461131989955902,0.10782785154879093,0.0025296397507190704,0.0022980552166700363,,0.005752839148044586,,0.14657844975590706,0.021831272169947624,0.0
36119,0.0,1024,fine_mc,cpu,0.004524800926446915,0.16593259572982788,0.0029715411365032196,0.03615166060626507,0.0,0.0,0.00127452053129673,0.21101651154458523,,
36119,0.15,256,fine_mc,cuda,0.005072364583611488,0.02347012236714363,0.001104898750782013,0.0012893378734588623,0.0012507519721984862,0.004922686144709587,0.0004459526389837265,0.036413202062249184,,
36119,0.15,256,empirical_selective,cuda,0.005072364583611488,0.02347012236714363,0.001104898750782013,0.0009730570018291473,,0.00458284467458725,,0.04205445200204849,0.0061537716537714005,0.0005895532667636871
36119,0.15,256,certified_fallback,cuda,0.005072364583611488,0.02347012236714363,0.001104898750782013,0.0011138878762722015,,0.004779014736413956,,0.04235927201807499,0.0061537716537714005,0.0
36119,0.15,256,fine_mc,cpu,0.00502033531665802,0.02312770113348961,0.0007166154682636261,0.005954280495643616,0.0,0.0,0.0003062523901462555,0.035214103758335114,,
36119,0.15,1024,fine_mc,cuda,0.00660327635705471,0.11667197197675705,0.002603735774755478,0.0023040547966957092,0.002271615982055664,0.010815206915140152,0.001489531248807907,0.14058158174157143,,
36119,0.15,1024,empirical_selective,cuda,0.00660327635705471,0.11667197197675705,0.002603735774755478,0.0023150574415922165,,0.009358266368508339,,0.16108915582299232,0.020150838419795036,0.003292204812169075
36119,0.15,1024,certified_fallback,cuda,0.00660327635705471,0.11667197197675705,0.002603735774755478,0.002314215525984764,,0.00561697781085968,,0.15569326281547546,0.020150838419795036,0.0
36119,0.15,1024,fine_mc,cpu,0.005044147372245789,0.17092393524944782,0.0023784954100847244,0.024227166548371315,0.0,0.0,0.0012590177357196808,0.20396461710333824,,
36119,1.0,256,fine_mc,cuda,0.006123725324869156,0.03327343426644802,0.0013423003256320953,0.0011965278536081314,0.0011571520566940308,0.005320647731423378,0.0004494544118642807,0.04779442586004734,,
36119,1.0,256,empirical_selective,cuda,0.006123725324869156,0.03327343426644802,0.0013423003256320953,0.0010408367961645126,,0.004736660048365593,,0.05220778472721577,0.0049582552164793015,0.0006442368030548096
36119,1.0,256,certified_fallback,cuda,0.006123725324869156,0.03327343426644802,0.0013423003256320953,0.0010256581008434296,,0.004857121035456657,,0.052280254662036896,0.0049582552164793015,0.0
36119,1.0,256,fine_mc,cpu,0.006164403632283211,0.033985188230872154,0.0007638242095708847,0.006179153919219971,0.0,0.0,0.0003183037042617798,0.04750874079763889,,
36119,1.0,1024,fine_mc,cuda,0.006326775997877121,0.22220931202173233,0.0027752574533224106,0.0022994857281446457,0.0022682559490203856,0.009659415110945702,0.0014115702360868454,0.24479415453970432,,
36119,1.0,1024,empirical_selective,cuda,0.006326775997877121,0.22220931202173233,0.0027752574533224106,0.0023010559380054474,,0.005554597824811935,,0.2608810067176819,0.018435277044773102,0.00316639244556427
36119,1.0,1024,certified_fallback,cuda,0.006326775997877121,0.22220931202173233,0.0027752574533224106,0.002306124195456505,,0.008011773228645325,,0.2618886139243841,0.018435277044773102,0.0
36119,1.0,1024,fine_mc,cpu,0.0063561443239450455,0.2238559816032648,0.002747049555182457,0.02368251606822014,0.0,0.0,0.001277560368180275,0.25805283337831497,,
36200,0.0,256,fine_mc,cuda,0.0044298190623521805,0.020449873059988022,0.000971747562289238,0.001091446727514267,0.0010529919862747193,0.004585569724440575,0.0004484746605157852,0.03207710385322571,,
36200,0.0,256,empirical_selective,cuda,0.0044298190623521805,0.020449873059988022,0.000971747562289238,0.0010785479098558426,,0.0045320335775613785,,0.037383465096354485,0.005084075033664703,0.0007371958345174789
36200,0.0,256,certified_fallback,cuda,0.0044298190623521805,0.020449873059988022,0.000971747562289238,0.0009276159107685089,,0.004636820405721664,,0.037154607474803925,0.005084075033664703,0.0
36200,0.0,256,fine_mc,cpu,0.004403086379170418,0.02032935991883278,0.0007058139890432358,0.005833189934492111,0.0,0.0,0.0003137141466140747,0.04046465456485748,,
36200,0.0,1024,fine_mc,cuda,0.004480250179767609,0.10136487893760204,0.0025832876563072205,0.002301463857293129,0.0022705280780792236,0.010308293625712395,0.0014325529336929321,0.12258162535727024,,
36200,0.0,1024,empirical_selective,cuda,0.004480250179767609,0.10136487893760204,0.0025832876563072205,0.002304255962371826,,0.01020234264433384,,0.14408103562891483,0.019702117890119553,0.00333300419151783
36200,0.0,1024,certified_fallback,cuda,0.004480250179767609,0.10136487893760204,0.0025832876563072205,0.0023014862090349197,,0.005596978589892387,,0.13780808076262474,0.019702117890119553,0.0
36200,0.0,1024,fine_mc,cpu,0.004442999139428139,0.161428427323699,0.0027230195701122284,0.024210339412093163,0.0,0.0,0.0012578200548887253,0.19418007507920265,,
36200,0.15,256,fine_mc,cuda,0.005119265988469124,0.02281768061220646,0.0008977558463811874,0.0017068441957235336,0.0016697920560836792,0.0046098437160253525,0.00042492151260375977,0.03568696230649948,,
36200,0.15,256,empirical_selective,cuda,0.005119265988469124,0.02281768061220646,0.0008977558463811874,0.0010337159037590027,,0.004621671512722969,,0.04024011269211769,0.005001574754714966,0.0006377976387739182
36200,0.15,256,certified_fallback,cuda,0.005119265988469124,0.02281768061220646,0.0008977558463811874,0.0009532850235700607,,0.004639502614736557,,0.04013168066740036,0.005001574754714966,0.0
36200,0.15,256,fine_mc,cpu,0.005642538890242577,0.02258266881108284,0.0008236095309257507,0.005859678611159325,0.0,0.0,0.00030443258583545685,0.035301243886351585,,
36200,0.15,1024,fine_mc,cuda,0.004768924787640572,0.11408543586730957,0.00227215513586998,0.0022966228425502777,0.002265984058380127,0.00999213196337223,0.0015214402228593826,0.13500838167965412,,
36200,0.15,1024,empirical_selective,cuda,0.004768924787640572,0.11408543586730957,0.00227215513586998,0.00229465588927269,,0.009905274957418442,,0.15511934645473957,0.01901021972298622,0.002711009234189987
36200,0.15,1024,certified_fallback,cuda,0.004768924787640572,0.11408543586730957,0.00227215513586998,0.0022934265434741974,,0.005608279258012772,,0.149784155189991,0.01901021972298622,0.0
36200,0.15,1024,fine_mc,cpu,0.005095556378364563,0.17028306797146797,0.0023099668323993683,0.028905371204018593,0.0,0.0,0.0012996699661016464,0.2080350611358881,,
36200,1.0,256,fine_mc,cuda,0.005976073443889618,0.03330015204846859,0.000995974987745285,0.0011065006256103516,0.0010672320127487183,0.0046564023941755295,0.00043670274317264557,0.046550625935196877,,
36200,1.0,256,empirical_selective,cuda,0.005976073443889618,0.03330015204846859,0.000995974987745285,0.0009990856051445007,,0.004504909738898277,,0.05168897844851017,0.005073707550764084,0.0007602553814649582
36200,1.0,256,certified_fallback,cuda,0.005976073443889618,0.03330015204846859,0.000995974987745285,0.001310231164097786,,0.004605831578373909,,0.05191292241215706,0.005073707550764084,0.0
36200,1.0,256,fine_mc,cpu,0.006072619929909706,0.034299448132514954,0.0007230564951896667,0.0058282893151044846,0.0,0.0,0.0003061611205339432,0.04731824994087219,,
36200,1.0,1024,fine_mc,cuda,0.006094232201576233,0.2240971103310585,0.0027763396501541138,0.0022866670042276382,0.0022567999362945556,0.011057388037443161,0.0014471709728240967,0.24786990322172642,,
36200,1.0,1024,empirical_selective,cuda,0.006094232201576233,0.2240971103310585,0.0027763396501541138,0.002303425222635269,,0.005510309711098671,,0.26284264773130417,0.018820302560925484,0.0031299330294132233
36200,1.0,1024,certified_fallback,cuda,0.006094232201576233,0.2240971103310585,0.0027763396501541138,0.00229678675532341,,0.008505590260028839,,0.2644007280468941,0.018820302560925484,0.0
36200,1.0,1024,fine_mc,cpu,0.006194710731506348,0.22801096364855766,0.0027846097946166992,0.023775815963745117,0.0,0.0,0.001312578096985817,0.2621980104595423,,
36281,0.0,256,fine_mc,cuda,0.004200667142868042,0.020669855177402496,0.0010597165673971176,0.001073768362402916,0.0010373439788818359,0.004932384938001633,0.00044213421642780304,0.032464927062392235,,
36281,0.0,256,empirical_selective,cuda,0.004200667142868042,0.020669855177402496,0.0010597165673971176,0.001034775748848915,,0.004721682518720627,,0.03739476762712002,0.004967266693711281,0.0006544031202793121
36281,0.0,256,certified_fallback,cuda,0.004200667142868042,0.020669855177402496,0.0010597165673971176,0.000930076465010643,,0.004817459732294083,,0.03730640187859535,0.004967266693711281,0.0
36281,0.0,256,fine_mc,cpu,0.004325490444898605,0.020245350897312164,0.0007141251116991043,0.006663067266345024,0.0,0.0,0.0003453735262155533,0.039815278723835945,,
36281,0.0,1024,fine_mc,cuda,0.004448121413588524,0.1569030862301588,0.0028314683586359024,0.002296384423971176,0.002264960050582886,0.009040605276823044,0.0014744903892278671,0.17710569687187672,,
36281,0.0,1024,empirical_selective,cuda,0.004448121413588524,0.1569030862301588,0.0028314683586359024,0.0022956356406211853,,0.010554874315857887,,0.19978431425988674,0.019247863441705704,0.003391724079847336
36281,0.0,1024,certified_fallback,cuda,0.004448121413588524,0.1569030862301588,0.0028314683586359024,0.0022925958037376404,,0.005660632625222206,,0.19314525835216045,0.019247863441705704,0.0
36281,0.0,1024,fine_mc,cpu,0.004797032102942467,0.161643847823143,0.004424002021551132,0.03691824711859226,0.0,0.0,0.001277020201086998,0.20918793231248856,,
36281,0.15,256,fine_mc,cuda,0.0051502566784620285,0.022787321358919144,0.0009827986359596252,0.0010694582015275955,0.0010322560071945191,0.004545481875538826,0.0004503633826971054,0.03509860672056675,,
36281,0.15,256,empirical_selective,cuda,0.0051502566784620285,0.022787321358919144,0.0009827986359596252,0.0010115765035152435,,0.0046349987387657166,,0.04022829420864582,0.004930103197693825,0.0006183125078678131
36281,0.15,256,certified_fallback,cuda,0.0051502566784620285,0.022787321358919144,0.0009827986359596252,0.0009540170431137085,,0.004599619656801224,,0.04007047042250633,0.004930103197693825,0.0
36281,0.15,256,fine_mc,cpu,0.005075974389910698,0.022759955376386642,0.0008021891117095947,0.005884610116481781,0.0,0.0,0.00032136403024196625,0.03493030183017254,,
36281,0.15,1024,fine_mc,cuda,0.004761803895235062,0.11302302777767181,0.0025508608669042587,0.0023006051778793335,0.0022701120376586916,0.008624570444226265,0.0016076508909463882,0.13295299373567104,,
36281,0.15,1024,empirical_selective,cuda,0.004761803895235062,0.11302302777767181,0.0025508608669042587,0.0023026354610919952,,0.00556277297437191,,0.15052735060453415,0.0193298552185297,0.002911919727921486
36281,0.15,1024,certified_fallback,cuda,0.004761803895235062,0.11302302777767181,0.0025508608669042587,0.0022956766188144684,,0.009898120537400246,,0.15360449813306332,0.0193298552185297,0.0
36281,0.15,1024,fine_mc,cpu,0.00512317568063736,0.1133786104619503,0.0024875663220882416,0.027147799730300903,0.0,0.0,0.0013602003455162048,0.14962962456047535,,
36281,1.0,256,fine_mc,cuda,0.006757238879799843,0.03383186645805836,0.0012914277613162994,0.0010266564786434174,0.0009929919838905334,0.0017867963761091232,0.0004225838929414749,0.045205699279904366,,
36281,1.0,256,empirical_selective,cuda,0.006757238879799843,0.03383186645805836,0.0012914277613162994,0.0011610891669988632,,0.0016673598438501358,,0.05071184225380421,0.005205675959587097,0.0007080547511577606
36281,1.0,256,certified_fallback,cuda,0.006757238879799843,0.03383186645805836,0.0012914277613162994,0.0009115152060985565,,0.0016525723040103912,,0.05033385008573532,0.005205675959587097,0.0
36281,1.0,256,fine_mc,cpu,0.006165042519569397,0.03266051784157753,0.0005889236927032471,0.005946202203631401,0.0,0.0,0.0003238823264837265,0.04577038995921612,,
36281,1.0,1024,fine_mc,cuda,0.006166012957692146,0.2289956472814083,0.002867400646209717,0.002290695905685425,0.0022594881057739257,0.010495152324438095,0.0015080031007528305,0.25242817029356956,,
36281,1.0,1024,empirical_selective,cuda,0.006166012957692146,0.2289956472814083,0.002867400646209717,0.0022948067635297775,,0.005751829594373703,,0.26749488711357117,0.018358079716563225,0.0029558520764112473
36281,1.0,1024,certified_fallback,cuda,0.006166012957692146,0.2289956472814083,0.002867400646209717,0.0023072678595781326,,0.0061135925352573395,,0.26669367030262947,0.018358079716563225,0.0
36281,1.0,1024,fine_mc,cpu,0.006318913772702217,0.22870944626629353,0.0026873070746660233,0.02372145652770996,0.0,0.0,0.0014912616461515427,0.263073218986392,,
36362,0.0,256,fine_mc,cuda,0.004231076687574387,0.02089528739452362,0.0009618084877729416,0.0010700076818466187,0.001034335970878601,0.004544330760836601,0.0004434138536453247,0.0322404969483614,,
36362,0.0,256,empirical_selective,cuda,0.004231076687574387,0.02089528739452362,0.0009618084877729416,0.0010198578238487244,,0.004556924104690552,,0.03735906444489956,0.004867123439908028,0.0007324144244194031
36362,0.0,256,certified_fallback,cuda,0.004231076687574387,0.02089528739452362,0.0009618084877729416,0.000919736921787262,,0.004545120522379875,,0.03706426918506622,0.004867123439908028,0.0
36362,0.0,256,fine_mc,cpu,0.00432169996201992,0.02057931385934353,0.0010969992727041245,0.006326504051685333,0.0,0.0,0.000336991623044014,0.04268834553658962,,
36362,0.0,1024,fine_mc,cuda,0.004524201154708862,0.10575977712869644,0.002623068168759346,0.0022891834378242493,0.0022598719596862793,0.009742297232151031,0.001412639394402504,0.12648511119186878,,
36362,0.0,1024,empirical_selective,cuda,0.004524201154708862,0.10575977712869644,0.002623068168759346,0.0022982079535722733,,0.011160390451550484,,0.14869279228150845,0.019313354045152664,0.0028798487037420273
36362,0.0,1024,certified_fallback,cuda,0.004524201154708862,0.10575977712869644,0.002623068168759346,0.0023052673786878586,,0.0046051498502492905,,0.14092737436294556,0.019313354045152664,0.0
36362,0.0,1024,fine_mc,cpu,0.0044824108481407166,0.1574276965111494,0.0036521367728710175,0.03323497250676155,0.0,0.0,0.0012763794511556625,0.20021479576826096,,
36362,0.15,256,fine_mc,cuda,0.005205664783716202,0.023191193118691444,0.0009704288095235825,0.0010657180100679398,0.0010279040336608886,0.004637874662876129,0.0004284027963876724,0.035623691976070404,,
36362,0.15,256,empirical_selective,cuda,0.005205664783716202,0.023191193118691444,0.0009704288095235825,0.0012934878468513489,,0.004783831536769867,,0.041315825656056404,0.005008265376091003,0.0007385443896055222
36362,0.15,256,certified_fallback,cuda,0.005205664783716202,0.023191193118691444,0.0009704288095235825,0.0009121950715780258,,0.004567934200167656,,0.04057091660797596,0.005008265376091003,0.0
36362,0.15,256,fine_mc,cpu,0.005096836015582085,0.022500189021229744,0.000662483274936676,0.005695730447769165,0.0,0.0,0.0003441218286752701,0.03438602015376091,,
36362,0.15,1024,fine_mc,cuda,0.004771921783685684,0.11675725504755974,0.002350805327296257,0.0023194588720798492,0.002286400079727173,0.010600060224533081,0.0014751609414815903,0.13834929466247559,,
36362,0.15,1024,empirical_selective,cuda,0.004771921783685684,0.11675725504755974,0.002350805327296257,0.0023059360682964325,,0.010486304759979248,,0.16132571548223495,0.021268635988235474,0.0033102240413427353
36362,0.15,1024,certified_fallback,cuda,0.004771921783685684,0.11675725504755974,0.002350805327296257,0.002295706421136856,,0.006212590262293816,,0.1554071493446827,0.021268635988235474,0.0
36362,0.15,1024,fine_mc,cpu,0.0057326797395944595,0.11153336800634861,0.00246523879468441,0.026954377070069313,0.0,0.0,0.001306207850575447,0.14813361130654812,,
36362,1.0,256,fine_mc,cuda,0.006018541753292084,0.03253292851150036,0.0009353887289762497,0.0010941959917545319,0.0010571199655532836,0.004804864525794983,0.00046451203525066376,0.0459420271217823,,
36362,1.0,256,empirical_selective,cuda,0.006018541753292084,0.03253292851150036,0.0009353887289762497,0.00105193629860878,,0.004700900986790657,,0.05115634948015213,0.0050181131809949875,0.0008069444447755814
36362,1.0,256,certified_fallback,cuda,0.006018541753292084,0.03253292851150036,0.0009353887289762497,0.0009177867323160172,,0.004719492048025131,,0.050790948793292046,0.0050181131809949875,0.0
36362,1.0,256,fine_mc,cpu,0.006071923300623894,0.03294652886688709,0.0006914064288139343,0.005944984033703804,0.0,0.0,0.0003115236759185791,0.04605560563504696,,
36362,1.0,1024,fine_mc,cuda,0.006128022447228432,0.2240715716034174,0.002821778878569603,0.0022880975157022476,0.002257983922958374,0.011099757626652718,0.001429140567779541,0.24794741161167622,,
36362,1.0,1024,empirical_selective,cuda,0.006128022447228432,0.2240715716034174,0.002821778878569603,0.0022924374788999557,,0.005655966699123383,,0.2650370392948389,0.020765187218785286,0.003193031996488571
36362,1.0,1024,certified_fallback,cuda,0.006128022447228432,0.2240715716034174,0.002821778878569603,0.0022915489971637726,,0.008846253156661987,,0.26669282279908657,0.020765187218785286,0.0
36362,1.0,1024,fine_mc,cpu,0.00618872232735157,0.22943178936839104,0.0027496591210365295,0.02427300065755844,0.0,0.0,0.0014015212655067444,0.26416322588920593,,
36444,0.0,256,fine_mc,cuda,0.004214998334646225,0.022408315911889076,0.0009885448962450027,0.0010955370962619781,0.0010574719905853272,0.004741823300719261,0.0004224032163619995,0.03395662643015385,,
36444,0.0,256,empirical_selective,cuda,0.004214998334646225,0.022408315911889076,0.0009885448962450027,0.0010831598192453384,,0.004670761525630951,,0.0392032265663147,0.005105337128043175,0.0006471052765846252
36444,0.0,256,certified_fallback,cuda,0.004214998334646225,0.022408315911889076,0.0009885448962450027,0.0009363070130348206,,0.004588671028614044,,0.03952955827116966,0.005105337128043175,0.0
36444,0.0,256,fine_mc,cpu,0.0043154507875442505,0.020876066759228706,0.000708702951669693,0.006437582895159721,0.0,0.0,0.0003231111913919449,0.04084759019315243,,
36444,0.0,1024,fine_mc,cuda,0.0044363923370838165,0.16548940539360046,0.0027273502200841904,0.0022792350500822067,0.0022506239414215087,0.010512812063097954,0.001462891697883606,0.1870127134025097,,
36444,0.0,1024,empirical_selective,cuda,0.0044363923370838165,0.16548940539360046,0.0027273502200841904,0.002293504774570465,,0.010317321866750717,,0.21025275625288486,0.021498151123523712,0.0033860038965940475
36444,0.0,1024,certified_fallback,cuda,0.0044363923370838165,0.16548940539360046,0.0027273502200841904,0.0023001283407211304,,0.005748871713876724,,0.20398963429033756,0.021498151123523712,0.0
36444,0.0,1024,fine_mc,cpu,0.004532899707555771,0.169586893171072,0.0026069674640893936,0.036392273381352425,0.0,0.0,0.001311279833316803,0.21455529518425465,,
36444,0.15,256,fine_mc,cuda,0.0051749087870121,0.02270824834704399,0.0009666271507740021,0.0010657384991645813,0.001028864026069641,0.004603112116456032,0.00042810291051864624,0.035057615488767624,,
36444,0.15,256,empirical_selective,cuda,0.0051749087870121,0.02270824834704399,0.0009666271507740021,0.0010372065007686615,,0.004536014050245285,,0.040318502113223076,0.005125196650624275,0.0006594229489564896
36444,0.15,256,certified_fallback,cuda,0.0051749087870121,0.02270824834704399,0.0009666271507740021,0.0009558461606502533,,0.004671614617109299,,0.04030449129641056,0.005125196650624275,0.0
36444,0.15,256,fine_mc,cpu,0.005076145753264427,0.023269204422831535,0.0008128266781568527,0.0061999838799238205,0.0,0.0,0.00034544430673122406,0.03579305298626423,,
36444,0.15,1024,fine_mc,cuda,0.004929093644022942,0.11338869109749794,0.0024633165448904037,0.0022943560034036636,0.002262847900390625,0.010929403826594353,0.0014345720410346985,0.13552211597561836,,
36444,0.15,1024,empirical_selective,cuda,0.004929093644022942,0.11338869109749794,0.0024633165448904037,0.002300756052136421,,0.010877659544348717,,0.16120336949825287,0.023681126534938812,0.003480043262243271
36444,0.15,1024,certified_fallback,cuda,0.004929093644022942,0.11338869109749794,0.0024633165448904037,0.0022923555225133896,,0.006344903260469437,,0.1549035720527172,0.023681126534938812,0.0
36444,0.15,1024,fine_mc,cpu,0.005094883963465691,0.12674381211400032,0.002611275762319565,0.030207371339201927,0.0,0.0,0.0012624189257621765,0.16607269831001759,,
36444,1.0,256,fine_mc,cuda,0.005990121513605118,0.03360588476061821,0.001244381070137024,0.0010827742516994476,0.001045791983604431,0.005434587597846985,0.00044833123683929443,0.0478855986148119,,
36444,1.0,256,empirical_selective,cuda,0.005990121513605118,0.03360588476061821,0.001244381070137024,0.00104505755007267,,0.004649214446544647,,0.05216762609779835,0.004887433722615242,0.0006660148501396179
36444,1.0,256,certified_fallback,cuda,0.005990121513605118,0.03360588476061821,0.001244381070137024,0.000980876386165619,,0.004717715084552765,,0.05210080370306969,0.004887433722615242,0.0
36444,1.0,256,fine_mc,cpu,0.006125804036855698,0.035089895129203796,0.0006205961108207703,0.0059509240090847015,0.0,0.0,0.0003133118152618408,0.04819309711456299,,
36444,1.0,1024,fine_mc,cuda,0.0064256154000759125,0.23141182772815228,0.002804739400744438,0.002290375530719757,0.0022561280727386476,0.011068029329180717,0.0015359017997980118,0.25564270466566086,,
36444,1.0,1024,empirical_selective,cuda,0.0064256154000759125,0.23141182772815228,0.002804739400744438,0.0022948868572711945,,0.0057457126677036285,,0.2704478669911623,0.01872744970023632,0.002931419759988785
36444,1.0,1024,certified_fallback,cuda,0.0064256154000759125,0.23141182772815228,0.002804739400744438,0.002293875440955162,,0.006854616105556488,,0.2703225202858448,0.01872744970023632,0.0
36444,1.0,1024,fine_mc,cpu,0.006203103810548782,0.2281257100403309,0.002763509750366211,0.0235702246427536,0.0,0.0,0.0014898665249347687,0.2622747253626585,,
36525,0.0,256,fine_mc,cuda,0.004147738218307495,0.02097894623875618,0.0010917074978351593,0.0010654665529727936,0.0010275520086288452,0.0046164486557245255,0.00046014226973056793,0.03244438022375107,,
36525,0.0,256,empirical_selective,cuda,0.004147738218307495,0.02097894623875618,0.0010917074978351593,0.0009736381471157074,,0.0044679902493953705,,0.037287939339876175,0.00497802346944809,0.0005659647285938263
36525,0.0,256,certified_fallback,cuda,0.004147738218307495,0.02097894623875618,0.0010917074978351593,0.000941988080739975,,0.0045456234365701675,,0.03730621747672558,0.00497802346944809,0.0
36525,0.0,256,fine_mc,cpu,0.004308810457587242,0.0204775407910347,0.000657983124256134,0.006157051771879196,0.0,0.0,0.00039776042103767395,0.039623161777853966,,
36525,0.0,1024,fine_mc,cuda,0.004489852115511894,0.1599051970988512,0.0024930257350206375,0.0022874362766742706,0.0022580480575561525,0.010048812255263329,0.0014485903084278107,0.18077749200165272,,
36525,0.0,1024,empirical_selective,cuda,0.004489852115511894,0.1599051970988512,0.0024930257350206375,0.0023103058338165283,,0.010093562304973602,,0.20357136987149715,0.01997164823114872,0.004203200340270996
36525,0.0,1024,certified_fallback,cuda,0.004489852115511894,0.1599051970988512,0.0024930257350206375,0.002286316826939583,,0.006228052079677582,,0.19716419279575348,0.01997164823114872,0.0
36525,0.0,1024,fine_mc,cpu,0.004380451515316963,0.16942698322236538,0.0026502180844545364,0.02496020495891571,0.0,0.0,0.0014059189707040787,0.20295092649757862,,
36525,0.15,256,fine_mc,cuda,0.005174368619918823,0.023284532129764557,0.0010765176266431808,0.0011059865355491638,0.0010682879686355591,0.004745123907923698,0.0004264339804649353,0.03592441976070404,,
36525,0.15,256,empirical_selective,cuda,0.005174368619918823,0.023284532129764557,0.0010765176266431808,0.0012282077223062515,,0.005076685920357704,,0.041772035881876945,0.005131533369421959,0.0006887335330247879
36525,0.15,256,certified_fallback,cuda,0.005174368619918823,0.023284532129764557,0.0010765176266431808,0.0009258855134248734,,0.004990981891751289,,0.041278813034296036,0.005131533369421959,0.0
36525,0.15,256,fine_mc,cpu,0.005097655579447746,0.023584285750985146,0.000765535980463028,0.006257005035877228,0.0,0.0,0.00031364336609840393,0.03610500507056713,,
36525,0.15,1024,fine_mc,cuda,0.004786230623722076,0.11289873905479908,0.0032478421926498413,0.002302005887031555,0.0022703680992126464,0.01006653904914856,0.0014548003673553467,0.1348370686173439,,
36525,0.15,1024,empirical_selective,cuda,0.004786230623722076,0.11289873905479908,0.0032478421926498413,0.0023145154118537903,,0.010804586112499237,,0.15675441175699234,0.019695434719324112,0.0029261521995067596
36525,0.15,1024,certified_fallback,cuda,0.004786230623722076,0.11289873905479908,0.0032478421926498413,0.0022888053208589554,,0.006201492622494698,,0.15088852867484093,0.019695434719324112,0.0
36525,0.15,1024,fine_mc,cpu,0.0053584761917591095,0.12374939396977425,0.002441937103867531,0.0285112876445055,0.0,0.0,0.0011668484658002853,0.1613602712750435,,
36525,1.0,256,fine_mc,cuda,0.006008172407746315,0.03293870948255062,0.0011294987052679062,0.001069638878107071,0.001033344030380249,0.00467955507338047,0.0004490632563829422,0.04635365679860115,,
36525,1.0,256,empirical_selective,cuda,0.006008172407746315,0.03293870948255062,0.0011294987052679062,0.0009718257933855057,,0.004608321934938431,,0.05127313360571861,0.00492023304104805,0.0006173532456159592
36525,1.0,256,certified_fallback,cuda,0.006008172407746315,0.03293870948255062,0.0011294987052679062,0.0009714588522911072,,0.005169497802853584,,0.05177750997245312,0.00492023304104805,0.0
36525,1.0,256,fine_mc,cpu,0.006192514672875404,0.033671703189611435,0.0007159262895584106,0.005892589688301086,0.0,0.0,0.0002977028489112854,0.04686923697590828,,
36525,1.0,1024,fine_mc,cuda,0.006122702732682228,0.2196211814880371,0.0028697606176137924,0.002305665984749794,0.0022710080146789552,0.01072375476360321,0.001493619754910469,0.24323750659823418,,
36525,1.0,1024,empirical_selective,cuda,0.006122702732682228,0.2196211814880371,0.0028697606176137924,0.002305576577782631,,0.005859792232513428,,0.2596622258424759,0.019671577960252762,0.0031108129769563675
36525,1.0,1024,certified_fallback,cuda,0.006122702732682228,0.2196211814880371,0.0028697606176137924,0.0022945143282413483,,0.009775957092642784,,0.2626855429261923,0.019671577960252762,0.0
36525,1.0,1024,fine_mc,cpu,0.006294034421443939,0.23479610867798328,0.0034146327525377274,0.024018827825784683,0.0,0.0,0.0012805182486772537,0.26994855143129826,,
36606,0.0,256,fine_mc,cuda,0.004219967871904373,0.02221817523241043,0.0009554848074913025,0.0010871775448322296,0.0010473920106887817,0.00518050417304039,0.00044752098619937897,0.03419376537203789,,
36606,0.0,256,empirical_selective,cuda,0.004219967871904373,0.02221817523241043,0.0009554848074913025,0.0009929165244102478,,0.004661204293370247,,0.03911532461643219,0.005409397184848785,0.0005732439458370209
36606,0.0,256,certified_fallback,cuda,0.004219967871904373,0.02221817523241043,0.0009554848074913025,0.0009721275418996811,,0.004863079637289047,,0.03929566405713558,0.005409397184848785,0.0
36606,0.0,256,fine_mc,cpu,0.004373028874397278,0.020406614989042282,0.0007109344005584717,0.005964459851384163,0.0,0.0,0.00031366385519504547,0.038517700508236885,,
36606,0.0,1024,fine_mc,cuda,0.0055299606174230576,0.1050112135708332,0.0025597084313631058,0.0023152660578489304,0.002278496026992798,0.010013079270720482,0.0014309901744127274,0.1269717551767826,,
36606,0.0,1024,empirical_selective,cuda,0.0055299606174230576,0.1050112135708332,0.0025597084313631058,0.00230620801448822,,0.010372312739491463,,0.1500414963811636,0.021162277087569237,0.002988278865814209
36606,0.0,1024,certified_fallback,cuda,0.0055299606174230576,0.1050112135708332,0.0025597084313631058,0.0022957157343626022,,0.00627206452190876,,0.14464750699698925,0.021162277087569237,0.0
36606,0.0,1024,fine_mc,cpu,0.004452580586075783,0.1621900126338005,0.003195464611053467,0.033926986157894135,0.0,0.0,0.0013043582439422607,0.20522082038223743,,
36606,0.15,256,fine_mc,cuda,0.0055090393871068954,0.02310379222035408,0.0011941678822040558,0.0010709986090660095,0.0010323200225830077,0.005201337859034538,0.000445561483502388,0.03664197400212288,,
36606,0.15,256,empirical_selective,cuda,0.0055090393871068954,0.02310379222035408,0.0011941678822040558,0.0009769890457391739,,0.004938255995512009,,0.042898042127490044,0.006345564499497414,0.0007131565362215042
36606,0.15,256,certified_fallback,cuda,0.0055090393871068954,0.02310379222035408,0.0011941678822040558,0.0011277087032794952,,0.005068102851510048,,0.04306170903146267,0.006345564499497414,0.0
36606,0.15,256,fine_mc,cpu,0.005014397203922272,0.022617537528276443,0.000989636406302452,0.00648738257586956,0.0,0.0,0.000325862318277359,0.03552636504173279,,
36606,0.15,1024,fine_mc,cuda,0.004751773551106453,0.11341335251927376,0.0031414609402418137,0.0022945962846279144,0.0022616961002349853,0.01097799651324749,0.001423809677362442,0.13607891835272312,,
36606,0.15,1024,empirical_selective,cuda,0.004751773551106453,0.11341335251927376,0.0031414609402418137,0.0023264270275831223,,0.010183492675423622,,0.15620427951216698,0.01909284107387066,0.0032190028578042984
36606,0.15,1024,certified_fallback,cuda,0.004751773551106453,0.11341335251927376,0.0031414609402418137,0.002293383702635765,,0.005747608840465546,,0.15016675740480423,0.01909284107387066,0.0
36606,0.15,1024,fine_mc,cpu,0.005520259961485863,0.11474720947444439,0.002545539289712906,0.029784828424453735,0.0,0.0,0.0013285204768180847,0.15405765548348427,,
36606,1.0,256,fine_mc,cuda,0.006072623655200005,0.0343772005289793,0.0010332074016332626,0.001065397635102272,0.0010243519544601441,0.0048578232526779175,0.0004314519464969635,0.047921665012836456,,
36606,1.0,256,empirical_selective,cuda,0.006072623655200005,0.0343772005289793,0.0010332074016332626,0.001037348061800003,,0.004638925194740295,,0.05296815745532513,0.00506080687046051,0.0006640851497650146
36606,1.0,256,certified_fallback,cuda,0.006072623655200005,0.0343772005289793,0.0010332074016332626,0.0009588170796632767,,0.00462862104177475,,0.05278649367392063,0.00506080687046051,0.0
36606,1.0,256,fine_mc,cpu,0.007524231448769569,0.03417684696614742,0.0008057765662670135,0.006059624254703522,0.0,0.0,0.00037306174635887146,0.04903899319469929,,
36606,1.0,1024,fine_mc,cuda,0.00785583071410656,0.2245156690478325,0.002700177952647209,0.0022992566227912903,0.002264096021652222,0.01127174124121666,0.0015148930251598358,0.2502778619527817,,
36606,1.0,1024,empirical_selective,cuda,0.00785583071410656,0.2245156690478325,0.002700177952647209,0.0022959746420383453,,0.005797421559691429,,0.2669526506215334,0.020776735618710518,0.00289054773747921
36606,1.0,1024,certified_fallback,cuda,0.00785583071410656,0.2245156690478325,0.002700177952647209,0.002296365797519684,,0.006106782704591751,,0.26620147936046124,0.020776735618710518,0.0
36606,1.0,1024,fine_mc,cpu,0.0083256084471941,0.2264845985919237,0.0029682405292987823,0.024369999766349792,0.0,0.0,0.0012930314987897873,0.2636135183274746,,
36687,0.0,256,fine_mc,cuda,0.004479561001062393,0.023486623540520668,0.0010002553462982178,0.001103907823562622,0.001064352035522461,0.004750611260533333,0.0004534721374511719,0.035381415858864784,,
36687,0.0,256,empirical_selective,cuda,0.004479561001062393,0.023486623540520668,0.0010002553462982178,0.0010551605373620987,,0.004603251814842224,,0.04050861671566963,0.005079314112663269,0.0006974656134843826
36687,0.0,256,certified_fallback,cuda,0.004479561001062393,0.023486623540520668,0.0010002553462982178,0.0011574961245059967,,0.004900386556982994,,0.04085918515920639,0.005079314112663269,0.0
36687,0.0,256,fine_mc,cpu,0.0044859629124403,0.02010175958275795,0.0007322244346141815,0.006357414647936821,0.0,0.0,0.00032315216958522797,0.04009602963924408,,
36687,0.0,1024,fine_mc,cuda,0.004607761278748512,0.10869342647492886,0.0026384107768535614,0.0022950470447540283,0.0022641279697418215,0.01047387346625328,0.0014204327017068863,0.13023452274501324,,
36687,0.0,1024,empirical_selective,cuda,0.004607761278748512,0.10869342647492886,0.0026384107768535614,0.0023127440363168716,,0.011809483170509338,,0.1554814614355564,0.022247403860092163,0.003066660836338997
36687,0.0,1024,certified_fallback,cuda,0.004607761278748512,0.10869342647492886,0.0026384107768535614,0.0022968165576457977,,0.006207894533872604,,0.14847423322498798,0.022247403860092163,0.0
36687,0.0,1024,fine_mc,cpu,0.0052290186285972595,0.15693877637386322,0.0028358008712530136,0.033208223059773445,0.0,0.0,0.0016318820416927338,0.19999341666698456,,
36687,0.15,256,fine_mc,cuda,0.0056534986943006516,0.023369072005152702,0.0007353667169809341,0.0010898169130086899,0.0010495359897613526,0.004874285310506821,0.0004321206361055374,0.03628513216972351,,
36687,0.15,256,empirical_selective,cuda,0.0056534986943006516,0.023369072005152702,0.0007353667169809341,0.001025388017296791,,0.004949923604726791,,0.04159794934093952,0.005057133734226227,0.0006765946745872498
36687,0.15,256,certified_fallback,cuda,0.0056534986943006516,0.023369072005152702,0.0007353667169809341,0.0011284388601779938,,0.00485842302441597,,0.041661618277430534,0.005057133734226227,0.0
36687,0.15,256,fine_mc,cpu,0.0050882454961538315,0.024019796401262283,0.0007156040519475937,0.006817948073148727,0.0,0.0,0.00047623366117477417,0.03720815107226372,,
36687,0.15,1024,fine_mc,cuda,0.00475483201444149,0.11601937003433704,0.002549288794398308,0.0023015234619379044,0.002270303964614868,0.010145280510187149,0.0014505386352539062,0.13729501329362392,,
36687,0.15,1024,empirical_selective,cuda,0.00475483201444149,0.11601937003433704,0.002549288794398308,0.0023002568632364273,,0.005735248327255249,,0.15821719355881214,0.023724587634205818,0.0030594300478696823
36687,0.15,1024,certified_fallback,cuda,0.00475483201444149,0.11601937003433704,0.002549288794398308,0.002291906625032425,,0.00615241564810276,,0.1573100909590721,0.023724587634205818,0.0
36687,0.15,1024,fine_mc,cpu,0.005270484834909439,0.11352123133838177,0.002392934635281563,0.02802075631916523,0.0,0.0,0.0012607704848051071,0.15059511363506317,,
36687,1.0,256,fine_mc,cuda,0.00783076323568821,0.03489232435822487,0.0010546967387199402,0.0010844767093658447,0.0010426239967346192,0.00464104488492012,0.000432843342423439,0.05002494156360626,,
36687,1.0,256,empirical_selective,cuda,0.00783076323568821,0.03489232435822487,0.0010546967387199402,0.0009848754853010178,,0.004470521584153175,,0.05497971922159195,0.005037354305386543,0.0006203912198543549
36687,1.0,256,certified_fallback,cuda,0.00783076323568821,0.03489232435822487,0.0010546967387199402,0.0009564384818077087,,0.004514802247285843,,0.054934604093432426,0.005037354305386543,0.0
36687,1.0,256,fine_mc,cpu,0.00715634785592556,0.03520309552550316,0.0008061360567808151,0.006673527881503105,0.0,0.0,0.00032225437462329865,0.05026398226618767,,
36687,1.0,1024,fine_mc,cuda,0.006163293495774269,0.22414474189281464,0.004248889163136482,0.00231882743537426,0.002280735969543457,0.009735027328133583,0.0016239434480667114,0.24834303557872772,,
36687,1.0,1024,empirical_selective,cuda,0.006163293495774269,0.22414474189281464,0.004248889163136482,0.0023056156933307648,,0.005588239058852196,,0.26557587273418903,0.020170390605926514,0.0028463900089263916
36687,1.0,1024,certified_fallback,cuda,0.006163293495774269,0.22414474189281464,0.004248889163136482,0.002309175208210945,,0.010753056034445763,,0.2695813700556755,0.020170390605926514,0.0
36687,1.0,1024,fine_mc,cpu,0.006339093670248985,0.22672159224748611,0.004072338342666626,0.02466193400323391,0.0,0.0,0.0012767687439918518,0.26321759819984436,,
36769,0.0,256,fine_mc,cuda,0.004197597503662109,0.022642098367214203,0.0009497255086898804,0.0010998472571372986,0.0010582400560379028,0.005060134455561638,0.00043795444071292877,0.03448539227247238,,
36769,0.0,256,empirical_selective,cuda,0.004197597503662109,0.022642098367214203,0.0009497255086898804,0.0010303277522325516,,0.004686027765274048,,0.040072545409202576,0.005840269848704338,0.0006284639239311218
36769,0.0,256,certified_fallback,cuda,0.004197597503662109,0.022642098367214203,0.0009497255086898804,0.0009368062019348145,,0.004562243819236755,,0.03983860835433006,0.005840269848704338,0.0
36769,0.0,256,fine_mc,cpu,0.005676990374922752,0.023196754977107048,0.0007883552461862564,0.006666535511612892,0.0,0.0,0.0003057718276977539,0.04410489462316036,,
36769,0.0,1024,fine_mc,cuda,0.004502562806010246,0.10874592885375023,0.002471286803483963,0.0022981762886047363,0.0022635838985443114,0.010263392701745033,0.0015494301915168762,0.12994451820850372,,
36769,0.0,1024,empirical_selective,cuda,0.004502562806010246,0.10874592885375023,0.002471286803483963,0.0023284684866666794,,0.00569760799407959,,0.14846026711165905,0.021779371425509453,0.0028213001787662506
36769,0.0,1024,certified_fallback,cuda,0.004502562806010246,0.10874592885375023,0.002471286803483963,0.00229603610932827,,0.005640778690576553,,0.14721974544227123,0.021779371425509453,0.0
36769,0.0,1024,fine_mc,cpu,0.00472286157310009,0.16885202936828136,0.0029221028089523315,0.03606858104467392,0.0,0.0,0.001434149220585823,0.2141318954527378,,
36769,0.15,256,fine_mc,cuda,0.005448337644338608,0.023413551971316338,0.000993756577372551,0.0010845288634300232,0.001045151948928833,0.0045624226331710815,0.0004430636763572693,0.03606932610273361,,
36769,0.15,256,empirical_selective,cuda,0.005448337644338608,0.023413551971316338,0.000993756577372551,0.0010413378477096558,,0.004493052139878273,,0.041190849617123604,0.005070064216852188,0.0006070844829082489
36769,0.15,256,certified_fallback,cuda,0.005448337644338608,0.023413551971316338,0.000993756577372551,0.0011460594832897186,,0.00449913926422596,,0.04134102910757065,0.005070064216852188,0.0
36769,0.15,256,fine_mc,cpu,0.005370916798710823,0.023172171786427498,0.0008563268929719925,0.006492363288998604,0.0,0.0,0.0003467835485935211,0.03632956184446812,,
36769,0.15,1024,fine_mc,cuda,0.006748728454113007,0.11675399541854858,0.0034264642745256424,0.0023080967366695404,0.0022685439586639404,0.01019204780459404,0.0014669708907604218,0.14099999144673347,,
36769,0.15,1024,empirical_selective,cuda,0.006748728454113007,0.11675399541854858,0.0034264642745256424,0.00236639566719532,,0.010112058371305466,,0.1672445312142372,0.024854572489857674,0.002878628671169281
36769,0.15,1024,certified_fallback,cuda,0.006748728454113007,0.11675399541854858,0.0034264642745256424,0.002301035448908806,,0.005678769201040268,,0.1615606863051653,0.024854572489857674,0.0
36769,0.15,1024,fine_mc,cpu,0.0069479383528232574,0.17462305910885334,0.0027132704854011536,0.031047437340021133,0.0,0.0,0.0013093296438455582,0.21676389500498772,,
36769,1.0,256,fine_mc,cuda,0.0076774246990680695,0.032438747584819794,0.0008037146180868149,0.0010435562580823898,0.0010033279657363891,0.0016306303441524506,0.00044279173016548157,0.04411689378321171,,
36769,1.0,256,empirical_selective,cuda,0.0076774246990680695,0.032438747584819794,0.0008037146180868149,0.000987878069281578,,0.0015838909894227982,,0.0490740854293108,0.004857854917645454,0.0006445460021495819
36769,1.0,256,certified_fallback,cuda,0.0076774246990680695,0.032438747584819794,0.0008037146180868149,0.001095607876777649,,0.0015521515160799026,,0.04983672685921192,0.004857854917645454,0.0
36769,1.0,256,fine_mc,cpu,0.0060219913721084595,0.034079646691679955,0.0007848348468542099,0.005879491567611694,0.0,0.0,0.0003278404474258423,0.04718349687755108,,
36769,1.0,1024,fine_mc,cuda,0.006313452497124672,0.22930203936994076,0.0035266168415546417,0.0023062769323587418,0.0022678399085998536,0.009500924497842789,0.0014502014964818954,0.25253765285015106,,
36769,1.0,1024,empirical_selective,cuda,0.006313452497124672,0.22930203936994076,0.0035266168415546417,0.002311956137418747,,0.005533440038561821,,0.2726521324366331,0.02251768670976162,0.0030087996274232864
36769,1.0,1024,certified_fallback,cuda,0.006313452497124672,0.22930203936994076,0.0035266168415546417,0.00235726498067379,,0.011166278272867203,,0.27703990414738655,0.02251768670976162,0.0
36769,1.0,1024,fine_mc,cpu,0.007524712011218071,0.22793828137218952,0.00261099636554718,0.02364235371351242,0.0,0.0,0.001494111493229866,0.2633584067225456,,
36850,0.0,256,fine_mc,cuda,0.004243548959493637,0.021780531853437424,0.0010115578770637512,0.0013045202940702438,0.0012579200267791748,0.004786103963851929,0.0005244538187980652,0.03374108672142029,,
36850,0.0,256,empirical_selective,cuda,0.004243548959493637,0.021780531853437424,0.0010115578770637512,0.0010719876736402512,,0.004607191309332848,,0.03911351412534714,0.005618799477815628,0.0006895270198583603
36850,0.0,256,certified_fallback,cuda,0.004243548959493637,0.021780531853437424,0.0010115578770637512,0.0011445675045251846,,0.004749622195959091,,0.03943784348666668,0.005618799477815628,0.0
36850,0.0,256,fine_mc,cpu,0.004402250051498413,0.02138700895011425,0.00078633613884449,0.005982311442494392,0.0,0.0,0.00034647248685359955,0.037704164162278175,,
36850,0.0,1024,fine_mc,cuda,0.00445626862347126,0.10526730306446552,0.0027864407747983932,0.002324916422367096,0.0022881278991699217,0.010221300646662712,0.0015980284661054611,0.12676843255758286,,
36850,0.0,1024,empirical_selective,cuda,0.00445626862347126,0.10526730306446552,0.0027864407747983932,0.002308197319507599,,0.009610144421458244,,0.15008054673671722,0.022189706563949585,0.00334831140935421
36850,0.0,1024,certified_fallback,cuda,0.00445626862347126,0.10526730306446552,0.0027864407747983932,0.0023146867752075195,,0.005538638681173325,,0.1443734709173441,0.022189706563949585,0.0
36850,0.0,1024,fine_mc,cpu,0.004667593166232109,0.14716296270489693,0.0026600398123264313,0.03023132123053074,0.0,0.0,0.0013313926756381989,0.18618297204375267,,
36850,0.15,256,fine_mc,cuda,0.006778517737984657,0.0273369699716568,0.000834144651889801,0.0011009667068719864,0.0010582400560379028,0.00491507351398468,0.0004587322473526001,0.04153861664235592,,
36850,0.15,256,empirical_selective,cuda,0.006778517737984657,0.0273369699716568,0.000834144651889801,0.0010589659214019775,,0.004714025184512138,,0.046762118116021156,0.005278186872601509,0.0006470959633588791
36850,0.15,256,certified_fallback,cuda,0.006778517737984657,0.0273369699716568,0.000834144651889801,0.0009710192680358887,,0.004574744030833244,,0.04644434526562691,0.005278186872601509,0.0
36850,0.15,256,fine_mc,cpu,0.0063683949410915375,0.023776644840836525,0.0008493475615978241,0.006572576239705086,0.0,0.0,0.0003344714641571045,0.03799472562968731,,
36850,0.15,1024,fine_mc,cuda,0.0052075255662202835,0.11605884693562984,0.0025738291442394257,0.0023113172501325607,0.0022749121189117433,0.005603289231657982,0.001451060175895691,0.1332829613238573,,
36850,0.15,1024,empirical_selective,cuda,0.0052075255662202835,0.11605884693562984,0.0025738291442394257,0.0023314673453569412,,0.008299978449940681,,0.15921305865049362,0.020687943324446678,0.003976374864578247
36850,0.15,1024,certified_fallback,cuda,0.0052075255662202835,0.11605884693562984,0.0025738291442394257,0.0023104269057512283,,0.006025224924087524,,0.15464122965931892,0.020687943324446678,0.0
36850,0.15,1024,fine_mc,cpu,0.005166534334421158,0.1701469086110592,0.003237679600715637,0.030237242579460144,0.0,0.0,0.0011835582554340363,0.2102906797081232,,
36850,1.0,256,fine_mc,cuda,0.005987599492073059,0.031868163496255875,0.0010262560099363327,0.0010290257632732391,0.0009919040203094482,0.001720622181892395,0.0006275642663240433,0.042338063940405846,,
36850,1.0,256,empirical_selective,cuda,0.005987599492073059,0.031868163496255875,0.0010262560099363327,0.0010480750352144241,,0.004729142412543297,,0.05065881088376045,0.005050376057624817,0.0008703656494617462
36850,1.0,256,certified_fallback,cuda,0.005987599492073059,0.031868163496255875,0.0010262560099363327,0.0009760353714227676,,0.004699233919382095,,0.05023038201034069,0.005050376057624817,0.0
36850,1.0,256,fine_mc,cpu,0.006138063967227936,0.03430799953639507,0.0007739532738924026,0.006164424121379852,0.0,0.0,0.0003322400152683258,0.04781089350581169,,
36850,1.0,1024,fine_mc,cuda,0.006373876705765724,0.22558081150054932,0.002968182787299156,0.0023200958967208862,0.0022808640003204347,0.00914374366402626,0.0014508385211229324,0.24795088917016983,,
36850,1.0,1024,empirical_selective,cuda,0.006373876705765724,0.22558081150054932,0.002968182787299156,0.0021345634013414383,,0.00563717819750309,,0.2688436433672905,0.023140719160437584,0.0028949715197086334
36850,1.0,1024,certified_fallback,cuda,0.006373876705765724,0.22558081150054932,0.002968182787299156,0.0021216757595539093,,0.005763331428170204,,0.2678914573043585,0.023140719160437584,0.0
36850,1.0,1024,fine_mc,cpu,0.006332796066999435,0.2306148912757635,0.002759106457233429,0.024715792387723923,0.0,0.0,0.0013071298599243164,0.26588114723563194,,
36931,0.0,256,fine_mc,cuda,0.004225587472319603,0.021426059305667877,0.0007956251502037048,0.0011060871183872223,0.0010629119873046876,0.004890188574790955,0.0004528611898422241,0.03299661912024021,,
36931,0.0,256,empirical_selective,cuda,0.004225587472319603,0.021426059305667877,0.0007956251502037048,0.0010551661252975464,,0.004674749448895454,,0.038050705567002296,0.005068732425570488,0.0007045753300189972
36931,0.0,256,certified_fallback,cuda,0.004225587472319603,0.021426059305667877,0.0007956251502037048,0.0009698569774627686,,0.004473181441426277,,0.03762438707053661,0.005068732425570488,0.0
36931,0.0,256,fine_mc,cpu,0.005502659827470779,0.020665524527430534,0.0009757671505212784,0.006170652806758881,0.0,0.0,0.0003391820937395096,0.0375673733651638,,
36931,0.0,1024,fine_mc,cuda,0.0045048631727695465,0.10376614332199097,0.002584986388683319,0.00212225504219532,0.0020857601165771484,0.009729849174618721,0.0014812089502811432,0.12430576607584953,,
36931,0.0,1024,empirical_selective,cuda,0.0045048631727695465,0.10376614332199097,0.002584986388683319,0.002127876505255699,,0.008357210084795952,,0.14574068039655685,0.02086481638252735,0.003418324515223503
36931,0.0,1024,certified_fallback,cuda,0.0045048631727695465,0.10376614332199097,0.002584986388683319,0.0021169446408748627,,0.005688058212399483,,0.14138394594192505,0.02086481638252735,0.0
36931,0.0,1024,fine_mc,cpu,0.0044584013521671295,0.17000091634690762,0.0032063033431768417,0.03350626304745674,0.0,0.0,0.0012739207595586777,0.21257604472339153,,
36931,0.15,256,fine_mc,cuda,0.005249315872788429,0.023622583597898483,0.0011068359017372131,0.0011057276278734207,0.0010566719770431518,0.004842232912778854,0.00043976306915283203,0.03648555278778076,,
36931,0.15,256,empirical_selective,cuda,0.005249315872788429,0.023622583597898483,0.0011068359017372131,0.0010115057229995728,,0.00161735899746418,,0.041413893923163414,0.00788949616253376,0.0007977038621902466
36931,0.15,256,certified_fallback,cuda,0.005249315872788429,0.023622583597898483,0.0011068359017372131,0.0009023565798997879,,0.0015474222600460052,,0.040995657444000244,0.00788949616253376,0.0
36931,0.15,256,fine_mc,cpu,0.005037976428866386,0.022199327126145363,0.0008243266493082047,0.0057993084192276,0.0,0.0,0.00031463243067264557,0.03427247889339924,,
36931,0.15,1024,fine_mc,cuda,0.005601687356829643,0.11081072315573692,0.0025346968322992325,0.0021332651376724243,0.002093120098114014,0.0059477780014276505,0.0016450434923171997,0.12876532599329948,,
36931,0.15,1024,empirical_selective,cuda,0.005601687356829643,0.11081072315573692,0.0025346968322992325,0.002307506278157234,,0.00985579565167427,,0.1574816331267357,0.02276218682527542,0.0035169050097465515
36931,0.15,1024,certified_fallback,cuda,0.005601687356829643,0.11081072315573692,0.0025346968322992325,0.0023142658174037933,,0.005640186369419098,,0.15164151601493359,0.02276218682527542,0.0
36931,0.15,1024,fine_mc,cpu,0.005140325054526329,0.12408255599439144,0.0028295014053583145,0.029177624732255936,0.0,0.0,0.0013658497482538223,0.16273926571011543,,
36931,1.0,256,fine_mc,cuda,0.006445437669754028,0.035953739657998085,0.001170007511973381,0.0011050570756196976,0.0010625280141830444,0.004857564345002174,0.0005284827202558517,0.050156909972429276,,
36931,1.0,256,empirical_selective,cuda,0.006445437669754028,0.035953739657998085,0.001170007511973381,0.0010959990322589874,,0.004678893834352493,,0.05514657869935036,0.004978576675057411,0.0007273033261299133
36931,1.0,256,certified_fallback,cuda,0.006445437669754028,0.035953739657998085,0.001170007511973381,0.0009638145565986633,,0.004515241831541061,,0.05470919422805309,0.004978576675057411,0.0
36931,1.0,256,fine_mc,cpu,0.0063178446143865585,0.03558426909148693,0.000786755234003067,0.005999419838190079,0.0,0.0,0.0003175046294927597,0.04910167492926121,,
36931,1.0,1024,fine_mc,cuda,0.007818534970283508,0.21321847662329674,0.003349052742123604,0.002370676025748253,0.0023321919441223146,0.010145198553800583,0.0014749784022569656,0.23850934952497482,,
36931,1.0,1024,empirical_selective,cuda,0.007818534970283508,0.21321847662329674,0.003349052742123604,0.002325264737010002,,0.005704307928681374,,0.2569834478199482,0.02168039046227932,0.0027549881488084793
36931,1.0,1024,certified_fallback,cuda,0.007818534970283508,0.21321847662329674,0.003349052742123604,0.002301488071680069,,0.005571376532316208,,0.2557507436722517,0.02168039046227932,0.0
36931,1.0,1024,fine_mc,cpu,0.006487127393484116,0.237389475107193,0.0028394069522619247,0.024459220468997955,0.0,0.0,0.0013397801667451859,0.27268278039991856,,
37012,0.0,256,fine_mc,cuda,0.005784172564744949,0.02154543250799179,0.001004757359623909,0.0010268781334161758,0.0009899839758872985,0.0016185492277145386,0.0004562642425298691,0.031520089134573936,,
37012,0.0,256,empirical_selective,cuda,0.005784172564744949,0.02154543250799179,0.001004757359623909,0.0009869281202554703,,0.0015867315232753754,,0.03660827502608299,0.004870923236012459,0.0007452946156263351
37012,0.0,256,certified_fallback,cuda,0.005784172564744949,0.02154543250799179,0.001004757359623909,0.0011254679411649704,,0.0030931606888771057,,0.03806309588253498,0.004870923236012459,0.0
37012,0.0,256,fine_mc,cpu,0.0055464766919612885,0.022553808987140656,0.0007749050855636597,0.007426721975207329,0.0,0.0,0.00033493153750896454,0.04339844174683094,,
37012,0.0,1024,fine_mc,cuda,0.004771143198013306,0.10712435655295849,0.0026434287428855896,0.00230366550385952,0.0022675518989562988,0.00959191843867302,0.0015100818127393723,0.12805369310081005,,
37012,0.0,1024,empirical_selective,cuda,0.004771143198013306,0.10712435655295849,0.0026434287428855896,0.002304406836628914,,0.005574336275458336,,0.14749571308493614,0.021493658423423767,0.0034752842038869858
37012,0.0,1024,certified_fallback,cuda,0.004771143198013306,0.10712435655295849,0.0026434287428855896,0.0023019369691610336,,0.01072469912469387,,0.1508934088051319,0.021493658423423767,0.0
37012,0.0,1024,fine_mc,cpu,0.0045302510261535645,0.1710957121104002,0.004499439150094986,0.03386940807104111,0.0,0.0,0.001406172290444374,0.21553250774741173,,
37012,0.15,256,fine_mc,cuda,0.00564785860478878,0.022516898810863495,0.0011278782039880753,0.0010638441890478134,0.0010247679948806763,0.004632150754332542,0.0004385225474834442,0.03555457107722759,,
37012,0.15,256,empirical_selective,cuda,0.00564785860478878,0.022516898810863495,0.0011278782039880753,0.0010213684290647507,,0.00461738184094429,,0.040756143629550934,0.004910895600914955,0.0007864441722631454
37012,0.15,256,certified_fallback,cuda,0.00564785860478878,0.022516898810863495,0.0011278782039880753,0.0009381957352161407,,0.004892604425549507,,0.040757834911346436,0.004910895600914955,0.0
37012,0.15,256,fine_mc,cpu,0.004996605217456818,0.02247621677815914,0.0008279085159301758,0.006053101271390915,0.0,0.0,0.00033760257065296173,0.03477899171411991,,
37012,0.15,1024,fine_mc,cuda,0.004769382998347282,0.11543531529605389,0.0029920805245637894,0.002307675778865814,0.002271039962768555,0.009667593985795975,0.0014592595398426056,0.13670425862073898,,
37012,0.15,1024,empirical_selective,cuda,0.004769382998347282,0.11543531529605389,0.0029920805245637894,0.0023042354732751846,,0.010158669203519821,,0.15938505344092846,0.02044525556266308,0.0032071638852357864
37012,0.15,1024,certified_fallback,cuda,0.004769382998347282,0.11543531529605389,0.0029920805245637894,0.0022966358810663223,,0.005667969584465027,,0.15333139151334763,0.02044525556266308,0.0
37012,0.15,1024,fine_mc,cpu,0.0050942860543727875,0.12169425748288631,0.002691539004445076,0.030458632856607437,0.0,0.0,0.0013130586594343185,0.16137748584151268,,
37012,1.0,256,fine_mc,cuda,0.006056623533368111,0.03505289368331432,0.0008120574057102203,0.0011812280863523483,0.0011407359838485718,0.0018086917698383331,0.0005001109093427658,0.045488493517041206,,
37012,1.0,256,empirical_selective,cuda,0.006056623533368111,0.03505289368331432,0.0008120574057102203,0.0009724181145429611,,0.0016391091048717499,,0.05037323571741581,0.004952477291226387,0.0008107684552669525
37012,1.0,256,certified_fallback,cuda,0.006056623533368111,0.03505289368331432,0.0008120574057102203,0.0009124558418989182,,0.0015798918902873993,,0.05001465044915676,0.004952477291226387,0.0
37012,1.0,256,fine_mc,cpu,0.0060132648795843124,0.03142646886408329,0.0007080137729644775,0.005907872691750526,0.0,0.0,0.00038729235529899597,0.04453025013208389,,
37012,1.0,1024,fine_mc,cuda,0.007629811763763428,0.22046264819800854,0.003422694280743599,0.0022953562438488007,0.002259999990463257,0.008680911734700203,0.0016129687428474426,0.24422886222600937,,
37012,1.0,1024,empirical_selective,cuda,0.007629811763763428,0.22046264819800854,0.003422694280743599,0.002309216186404228,,0.005670171231031418,,0.2658620458096266,0.023355592042207718,0.0028874408453702927
37012,1.0,1024,certified_fallback,cuda,0.007629811763763428,0.22046264819800854,0.003422694280743599,0.0023143254220485687,,0.00814104825258255,,0.2673397120088339,0.023355592042207718,0.0
37012,1.0,1024,fine_mc,cpu,0.006235051900148392,0.22576273418962955,0.002534298226237297,0.022974200546741486,0.0,0.0,0.001276521012187004,0.2589151579886675,,
37093,0.0,256,fine_mc,cuda,0.004178188741207123,0.020727334544062614,0.0010954085737466812,0.0010710544884204865,0.001030751943588257,0.0049840472638607025,0.0004349611699581146,0.032579455524683,,
37093,0.0,256,empirical_selective,cuda,0.004178188741207123,0.020727334544062614,0.0010954085737466812,0.0012498889118432999,,0.00531885027885437,,0.03842574171721935,0.005079666152596474,0.000687943771481514
37093,0.0,256,certified_fallback,cuda,0.004178188741207123,0.020727334544062614,0.0010954085737466812,0.0010927673429250717,,0.001681830734014511,,0.034527163952589035,0.005079666152596474,0.0
37093,0.0,256,fine_mc,cpu,0.00567198172211647,0.021567510440945625,0.000705936923623085,0.006225861608982086,0.0,0.0,0.0003408621996641159,0.04209232144057751,,
37093,0.0,1024,fine_mc,cuda,0.004377549514174461,0.10662072338163853,0.002582717686891556,0.0023052766919136047,0.0022672319412231443,0.009205183014273643,0.0014339536428451538,0.1266317144036293,,
37093,0.0,1024,empirical_selective,cuda,0.004377549514174461,0.10662072338163853,0.002582717686891556,0.0023037251085042953,,0.011091748252511024,,0.1501662526279688,0.020101727917790413,0.0029817502945661545
37093,0.0,1024,certified_fallback,cuda,0.004377549514174461,0.10662072338163853,0.002582717686891556,0.002307465299963951,,0.005714830011129379,,0.14369474723935127,0.020101727917790413,0.0
37093,0.0,1024,fine_mc,cpu,0.0044091492891311646,0.1727115660905838,0.0033155232667922974,0.03485051356256008,0.0,0.0,0.0014016330242156982,0.21684254705905914,,
37093,0.15,256,fine_mc,cuda,0.005380958318710327,0.023481233045458794,0.0008978769183158875,0.0010644085705280304,0.0010238399505615235,0.0048042479902505875,0.0004243813455104828,0.0363636389374733,,
37093,0.15,256,empirical_selective,cuda,0.005380958318710327,0.023481233045458794,0.0008978769183158875,0.0011988598853349686,,0.004996605217456818,,0.0418924055993557,0.0050244443118572235,0.0006018951535224915
37093,0.15,256,certified_fallback,cuda,0.005380958318710327,0.023481233045458794,0.0008978769183158875,0.000897115096449852,,0.0038294512778520584,,0.04040130041539669,0.0050244443118572235,0.0
37093,0.15,256,fine_mc,cpu,0.005109794437885284,0.022368846461176872,0.0008226428180932999,0.006093442440032959,0.0,0.0,0.000369025394320488,0.034851985052227974,,
37093,0.15,1024,fine_mc,cuda,0.005738832056522369,0.11223827116191387,0.0028643906116485596,0.0023056678473949432,0.0022675840854644775,0.008519235998392105,0.0014761406928300858,0.13322151824831963,,
37093,0.15,1024,empirical_selective,cuda,0.005738832056522369,0.11223827116191387,0.0028643906116485596,0.002310296520590782,,0.007282299920916557,,0.15778623893857002,0.023669395595788956,0.0036037731915712357
37093,0.15,1024,certified_fallback,cuda,0.005738832056522369,0.11223827116191387,0.0028643906116485596,0.002294156700372696,,0.0041795764118433,,0.15339053235948086,0.023669395595788956,0.0
37093,0.15,1024,fine_mc,cpu,0.005678160116076469,0.12114121578633785,0.002613518387079239,0.02920912392437458,0.0,0.0,0.0013363603502511978,0.1601256988942623,,
37093,1.0,256,fine_mc,cuda,0.006052933633327484,0.03483613207936287,0.0011618491262197495,0.0010781362652778625,0.001038655996322632,0.0058926865458488464,0.00045400485396385193,0.04955979995429516,,
37093,1.0,256,empirical_selective,cuda,0.006052933633327484,0.03483613207936287,0.0011618491262197495,0.0010450556874275208,,0.0015843436121940613,,0.05059502460062504,0.005211047828197479,0.0006196051836013794
37093,1.0,256,certified_fallback,cuda,0.006052933633327484,0.03483613207936287,0.0011618491262197495,0.0009435433894395828,,0.0015762411057949066,,0.05046048015356064,0.005211047828197479,0.0
37093,1.0,256,fine_mc,cpu,0.0060676224529743195,0.033809956163167953,0.000603964552283287,0.005893180146813393,0.0,0.0,0.0003560837358236313,0.04681844636797905,,
37093,1.0,1024,fine_mc,cuda,0.0067680273205041885,0.22638586722314358,0.002777460962533951,0.0022961758077144623,0.0022610559463500978,0.010158933699131012,0.0014409814029932022,0.24993829801678658,,
37093,1.0,1024,empirical_selective,cuda,0.0067680273205041885,0.22638586722314358,0.002777460962533951,0.0023081358522176743,,0.005602296441793442,,0.267962284386158,0.020697124302387238,0.003312520682811737
37093,1.0,1024,certified_fallback,cuda,0.0067680273205041885,0.22638586722314358,0.002777460962533951,0.0022974442690610886,,0.009261185303330421,,0.2700137458741665,0.020697124302387238,0.0
37093,1.0,1024,fine_mc,cpu,0.006211662665009499,0.2327431831508875,0.0027935877442359924,0.02427826076745987,0.0,0.0,0.0012966003268957138,0.26745701022446156,,
37175,0.0,256,fine_mc,cuda,0.004221547394990921,0.020957663655281067,0.0010908003896474838,0.001072729006409645,0.0010332159996032716,0.004916243255138397,0.0004317723214626312,0.0327764805406332,,
37175,0.0,256,empirical_selective,cuda,0.004221547394990921,0.020957663655281067,0.0010908003896474838,0.0012687910348176956,,0.005134826526045799,,0.03840763308107853,0.0049429237842559814,0.000705355778336525
37175,0.0,256,certified_fallback,cuda,0.004221547394990921,0.020957663655281067,0.0010908003896474838,0.0009434763342142105,,0.0016181115061044693,,0.03444045968353748,0.0049429237842559814,0.0
37175,0.0,256,fine_mc,cpu,0.004283919930458069,0.02106073684990406,0.0007536150515079498,0.0061173345893621445,0.0,0.0,0.00032631121575832367,0.03955993801355362,,
37175,0.0,1024,fine_mc,cuda,0.004544790834188461,0.10838003642857075,0.0029042474925518036,0.00229511596262455,0.00226144003868103,0.009647026658058167,0.0014507491141557693,0.129324559122324,,
37175,0.0,1024,empirical_selective,cuda,0.004544790834188461,0.10838003642857075,0.0029042474925518036,0.0022986754775047302,,0.009981648996472359,,0.15087694115936756,0.01936541683971882,0.0032995324581861496
37175,0.0,1024,certified_fallback,cuda,0.004544790834188461,0.10838003642857075,0.0029042474925518036,0.002320576459169388,,0.005697179585695267,,0.14504804462194443,0.01936541683971882,0.0
37175,0.0,1024,fine_mc,cpu,0.004387101158499718,0.16549463383853436,0.003257380798459053,0.034035127609968185,0.0,0.0,0.001276286318898201,0.20856524258852005,,
37175,0.15,256,fine_mc,cuda,0.005085146054625511,0.023301031440496445,0.0007362235337495804,0.0010761171579360962,0.0010373120307922363,0.004751903936266899,0.00048799440264701843,0.035549068823456764,,
37175,0.15,256,empirical_selective,cuda,0.005085146054625511,0.023301031440496445,0.0007362235337495804,0.001041298732161522,,0.005021804943680763,,0.041356051340699196,0.00536532886326313,0.00069456547498703
37175,0.15,256,certified_fallback,cuda,0.005085146054625511,0.023301031440496445,0.0007362235337495804,0.0009338092058897018,,0.004628121852874756,,0.040724433958530426,0.00536532886326313,0.0
37175,0.15,256,fine_mc,cpu,0.004976894706487656,0.024134768173098564,0.000681564211845398,0.006037941202521324,0.0,0.0,0.0003139916807413101,0.036230551078915596,,
37175,0.15,1024,fine_mc,cuda,0.004734111949801445,0.11671684309840202,0.0027843881398439407,0.0024994947016239166,0.0024492480754852294,0.008475931361317635,0.001522451639175415,0.1368157546967268,,
37175,0.15,1024,empirical_selective,cuda,0.004734111949801445,0.11671684309840202,0.0027843881398439407,0.002298116683959961,,0.0101679228246212,,0.1623927839100361,0.02220134250819683,0.003407524898648262
37175,0.15,1024,certified_fallback,cuda,0.004734111949801445,0.11671684309840202,0.0027843881398439407,0.002298707142472267,,0.0058089811354875565,,0.15631556697189808,0.02220134250819683,0.0
37175,0.15,1024,fine_mc,cpu,0.005453728139400482,0.12262491509318352,0.003047345206141472,0.03144005127251148,0.0,0.0,0.0012692604213953018,0.16397495567798615,,
37175,1.0,256,fine_mc,cuda,0.007123908028006554,0.035707710310816765,0.0013129990547895432,0.0010795071721076965,0.001040608048439026,0.004620417952537537,0.00045445188879966736,0.050381116569042206,,
37175,1.0,256,empirical_selective,cuda,0.007123908028006554,0.035707710310816765,0.0013129990547895432,0.0010117478668689728,,0.004614692181348801,,0.05554721876978874,0.0049994029104709625,0.0006946362555027008
37175,1.0,256,certified_fallback,cuda,0.007123908028006554,0.035707710310816765,0.0013129990547895432,0.001162176951766014,,0.004674011841416359,,0.05573528818786144,0.0049994029104709625,0.0
37175,1.0,256,fine_mc,cpu,0.007758922874927521,0.03493422456085682,0.0006126333028078079,0.00596214272081852,0.0,0.0,0.0003205724060535431,0.04967737756669521,,
37175,1.0,1024,fine_mc,cuda,0.006275095045566559,0.223545229062438,0.002889370545744896,0.0022923555225133896,0.0022614080905914305,0.010401122272014618,0.0014550909399986267,0.2469644509255886,,
37175,1.0,1024,empirical_selective,cuda,0.006275095045566559,0.223545229062438,0.002889370545744896,0.002295196056365967,,0.0055213812738657,,0.2649488542228937,0.021297575905919075,0.0030188187956809998
37175,1.0,1024,certified_fallback,cuda,0.006275095045566559,0.223545229062438,0.002889370545744896,0.002308938652276993,,0.01101679541170597,,0.2693847734481096,0.021297575905919075,0.0
37175,1.0,1024,fine_mc,cpu,0.0065515972673892975,0.24266577139496803,0.002845587208867073,0.02514423429965973,0.0,0.0,0.0015368498861789703,0.27885737270116806,,
37256,0.0,256,fine_mc,cuda,0.0041454993188381195,0.021611031144857407,0.0011055488139390945,0.0012775678187608719,0.0012361600399017334,0.005099168047308922,0.00043973326683044434,0.03376823663711548,,
37256,0.0,256,empirical_selective,cuda,0.0041454993188381195,0.021611031144857407,0.0011055488139390945,0.00118258036673069,,0.004560982808470726,,0.038472723215818405,0.005123157054185867,0.0006542354822158813
37256,0.0,256,certified_fallback,cuda,0.0041454993188381195,0.021611031144857407,0.0011055488139390945,0.001128368079662323,,0.004481803625822067,,0.038336148485541344,0.005123157054185867,0.0
37256,0.0,256,fine_mc,cpu,0.0046594031155109406,0.02035542204976082,0.00074770487844944,0.006148753687739372,0.0,0.0,0.00034554116427898407,0.03711673058569431,,
37256,0.0,1024,fine_mc,cuda,0.004390351474285126,0.16203851997852325,0.0028928611427545547,0.002296648919582367,0.002265631914138794,0.009760020300745964,0.0014446191489696503,0.18293331190943718,,
37256,0.0,1024,empirical_selective,cuda,0.004390351474285126,0.16203851997852325,0.0028928611427545547,0.0023117046803236008,,0.010588325560092926,,0.2069635447114706,0.02027188055217266,0.004359610378742218
37256,0.0,1024,certified_fallback,cuda,0.004390351474285126,0.16203851997852325,0.0028928611427545547,0.002306027337908745,,0.005660349503159523,,0.19933372363448143,0.02027188055217266,0.0
37256,0.0,1024,fine_mc,cpu,0.004450680688023567,0.16984820365905762,0.0033130552619695663,0.04009036906063557,0.0,0.0,0.0012980606406927109,0.21913764998316765,,
37256,0.15,256,fine_mc,cuda,0.005094505846500397,0.02600911073386669,0.0011410601437091827,0.0010399967432022095,0.0010006719827651978,0.0013784635812044144,0.0004301927983760834,0.03519986942410469,,
37256,0.15,256,empirical_selective,cuda,0.005094505846500397,0.02600911073386669,0.0011410601437091827,0.0009632967412471771,,0.0012260004878044128,,0.04035670682787895,0.005036577582359314,0.0007796157151460648
37256,0.15,256,certified_fallback,cuda,0.005094505846500397,0.02600911073386669,0.0011410601437091827,0.0008881054818630219,,0.0012742392718791962,,0.04010763391852379,0.005036577582359314,0.0
37256,0.15,256,fine_mc,cpu,0.005040954798460007,0.031465670093894005,0.0006547253578901291,0.007222069427371025,0.0,0.0,0.0003736913204193115,0.046791234984993935,,
37256,0.15,1024,fine_mc,cuda,0.005462648347020149,0.18591075763106346,0.004043616354465485,0.0022896677255630493,0.0022560639381408692,0.00996570847928524,0.0014303289353847504,0.20918687991797924,,
37256,0.15,1024,empirical_selective,cuda,0.005462648347020149,0.18591075763106346,0.004043616354465485,0.002297075465321541,,0.005572360008955002,,0.2287011854350567,0.022333115339279175,0.0029974598437547684
37256,0.15,1024,certified_fallback,cuda,0.005462648347020149,0.18591075763106346,0.004043616354465485,0.002302585169672966,,0.005647478625178337,,0.2275342270731926,0.022333115339279175,0.0
37256,0.15,1024,fine_mc,cpu,0.005129866302013397,0.18315941654145718,0.0027505122125148773,0.028164004907011986,0.0,0.0,0.0012958087027072906,0.22062340565025806,,
37256,1.0,256,fine_mc,cuda,0.00612468458712101,0.035966742783784866,0.000887356698513031,0.0010164771229028702,0.0009786239862442016,0.0016813334077596664,0.00046329572796821594,0.04621889442205429,,
37256,1.0,256,empirical_selective,cuda,0.00612468458712101,0.035966742783784866,0.000887356698513031,0.0009655654430389404,,0.0015744883567094803,,0.0524795837700367,0.006213665008544922,0.0006680767983198166
37256,1.0,256,certified_fallback,cuda,0.00612468458712101,0.035966742783784866,0.000887356698513031,0.00107506662607193,,0.00155649334192276,,0.05250261351466179,0.006213665008544922,0.0
37256,1.0,256,fine_mc,cpu,0.008313145488500595,0.03358115255832672,0.0007795542478561401,0.005589697510004044,0.0,0.0,0.0003234837204217911,0.0486960094422102,,
37256,1.0,1024,fine_mc,cuda,0.006147492676973343,0.2284703440964222,0.0029239393770694733,0.002294965088367462,0.00226092791557312,0.010189281776547432,0.0014613494277000427,0.251608744263649,,
37256,1.0,1024,empirical_selective,cuda,0.006147492676973343,0.2284703440964222,0.0029239393770694733,0.0023103076964616776,,0.005530728027224541,,0.2673893701285124,0.018913784995675087,0.0029714014381170273
37256,1.0,1024,certified_fallback,cuda,0.006147492676973343,0.2284703440964222,0.0029239393770694733,0.0023192353546619415,,0.005620000883936882,,0.2662602700293064,0.018913784995675087,0.0
37256,1.0,1024,fine_mc,cpu,0.006296314299106598,0.1687075775116682,0.0028406884521245956,0.022670701146125793,0.0,0.0,0.0013183467090129852,0.20195972733199596,,
37337,0.0,256,fine_mc,cuda,0.00417519174516201,0.020436324179172516,0.0007790159434080124,0.0010574683547019958,0.0010196160078048706,0.004539793357253075,0.0004373714327812195,0.0315104816108942,,
37337,0.0,256,empirical_selective,cuda,0.00417519174516201,0.020436324179172516,0.0007790159434080124,0.001021774485707283,,0.004526350647211075,,0.03666071407496929,0.004886854439973831,0.0007498860359191895
37337,0.0,256,certified_fallback,cuda,0.00417519174516201,0.020436324179172516,0.0007790159434080124,0.0009319987148046494,,0.004435339942574501,,0.03629228472709656,0.004886854439973831,0.0
37337,0.0,256,fine_mc,cpu,0.004372229799628258,0.022307267412543297,0.0008423551917076111,0.006086213514208794,0.0,0.0,0.0003269631415605545,0.038522420451045036,,
37337,0.0,1024,fine_mc,cuda,0.004595981910824776,0.10653169453144073,0.002603108063340187,0.0023002754896879196,0.0022650558948516847,0.005526989698410034,0.0014430992305278778,0.12310531921684742,,
37337,0.0,1024,empirical_selective,cuda,0.004595981910824776,0.10653169453144073,0.002603108063340187,0.0023018158972263336,,0.010212132707238197,,0.14867034927010536,0.019383985549211502,0.002937460318207741
37337,0.0,1024,certified_fallback,cuda,0.004595981910824776,0.10653169453144073,0.002603108063340187,0.002298938110470772,,0.005592681467533112,,0.1427860576659441,0.019383985549211502,0.0
37337,0.0,1024,fine_mc,cpu,0.004385329782962799,0.16828213445842266,0.0028435103595256805,0.02795262448489666,0.0,0.0,0.0012799892574548721,0.20485367998480797,,
37337,0.15,256,fine_mc,cuda,0.0050382670015096664,0.023627594113349915,0.0011103861033916473,0.0010859165340662003,0.0010434240102767944,0.004683041945099831,0.0004815347492694855,0.03614202328026295,,
37337,0.15,256,empirical_selective,cuda,0.0050382670015096664,0.023627594113349915,0.0011103861033916473,0.0012354161590337753,,0.004582950845360756,,0.04139510355889797,0.005009263753890991,0.0006759427487850189
37337,0.15,256,certified_fallback,cuda,0.0050382670015096664,0.023627594113349915,0.0011103861033916473,0.0009388774633407593,,0.0044996291399002075,,0.04091695696115494,0.005009263753890991,0.0
37337,0.15,256,fine_mc,cpu,0.005014033988118172,0.022577796131372452,0.0010062959045171738,0.006007542833685875,0.0,0.0,0.00031891465187072754,0.03501300700008869,,
37337,0.15,1024,fine_mc,cuda,0.004924355074763298,0.1144876480102539,0.0032297633588314056,0.0023010466247797012,0.002263551950454712,0.00999586284160614,0.0014409087598323822,0.13646157458424568,,
37337,0.15,1024,empirical_selective,cuda,0.004924355074763298,0.1144876480102539,0.0032297633588314056,0.0023010652512311935,,0.009887361899018288,,0.15675406716763973,0.019159555435180664,0.002682328224182129
37337,0.15,1024,certified_fallback,cuda,0.004924355074763298,0.1144876480102539,0.0032297633588314056,0.0023011770099401474,,0.005514856427907944,,0.15143359638750553,0.019159555435180664,0.0
37337,0.15,1024,fine_mc,cpu,0.0051119159907102585,0.17485200054943562,0.0034710150212049484,0.02818845771253109,0.0,0.0,0.001330249011516571,0.2130722776055336,,
37337,1.0,256,fine_mc,cuda,0.007250670343637466,0.03194979391992092,0.0007314030081033707,0.0010185781866312027,0.0009811519980430603,0.0016681794077157974,0.00046286359429359436,0.04316609166562557,,
37337,1.0,256,empirical_selective,cuda,0.007250670343637466,0.03194979391992092,0.0007314030081033707,0.0009677670896053314,,0.001592470332980156,,0.04834011010825634,0.0050339046865701675,0.0007294975221157074
37337,1.0,256,certified_fallback,cuda,0.007250670343637466,0.03194979391992092,0.0007314030081033707,0.0009185988456010818,,0.0015735868364572525,,0.04809366725385189,0.0050339046865701675,0.0
37337,1.0,256,fine_mc,cpu,0.005995562300086021,0.033685702830553055,0.0007350333034992218,0.006559846922755241,0.0,0.0,0.00033112242817878723,0.04739367216825485,,
37337,1.0,1024,fine_mc,cuda,0.006166713312268257,0.2302983868867159,0.003375723958015442,0.0022918228060007095,0.002257823944091797,0.010014642030000687,0.0014526192098855972,0.25370289757847786,,
37337,1.0,1024,empirical_selective,cuda,0.006166713312268257,0.2302983868867159,0.003375723958015442,0.002297084778547287,,0.005566967651247978,,0.2695211675018072,0.018777640536427498,0.0029356610029935837
37337,1.0,1024,certified_fallback,cuda,0.006166713312268257,0.2302983868867159,0.003375723958015442,0.00228864885866642,,0.005506396293640137,,0.2681481894105673,0.018777640536427498,0.0
37337,1.0,1024,fine_mc,cpu,0.006707297638058662,0.2312715407460928,0.002878893166780472,0.02472745254635811,0.0,0.0,0.0012997481971979141,0.26704090274870396,,
37418,0.0,256,fine_mc,cuda,0.004174249246716499,0.021706022322177887,0.0010287649929523468,0.0010880287736654282,0.001047711968421936,0.004969246685504913,0.0004662536084651947,0.03351953811943531,,
37418,0.0,256,empirical_selective,cuda,0.004174249246716499,0.021706022322177887,0.0010287649929523468,0.001042298972606659,,0.0050349049270153046,,0.0388683695346117,0.00513499416410923,0.0006601624190807343
37418,0.0,256,certified_fallback,cuda,0.004174249246716499,0.021706022322177887,0.0010287649929523468,0.0009571369737386703,,0.004569321870803833,,0.0382088553160429,0.00513499416410923,0.0
37418,0.0,256,fine_mc,cpu,0.004339668899774551,0.020616792142391205,0.0007263943552970886,0.006443295627832413,0.0,0.0,0.0003303214907646179,0.040748314931988716,,
37418,0.0,1024,fine_mc,cuda,0.004370259121060371,0.10227622464299202,0.002466786652803421,0.002301923930644989,0.0022646079063415527,0.010459402576088905,0.0014562085270881653,0.12344427593052387,,
37418,0.0,1024,empirical_selective,cuda,0.004370259121060371,0.10227622464299202,0.002466786652803421,0.0023012347519397736,,0.010134251788258553,,0.148051081225276,0.023204881697893143,0.003183972090482712
37418,0.0,1024,certified_fallback,cuda,0.004370259121060371,0.10227622464299202,0.002466786652803421,0.002303376793861389,,0.005569886416196823,,0.14204831048846245,0.023204881697893143,0.0
37418,0.0,1024,fine_mc,cpu,0.005304107442498207,0.17174462974071503,0.002987980842590332,0.0257989801466465,0.0,0.0,0.0015155412256717682,0.2075027972459793,,
37418,0.15,256,fine_mc,cuda,0.005345655605196953,0.022914309054613113,0.0009811557829380035,0.001078316941857338,0.001038591980934143,0.004535643383860588,0.0004623532295227051,0.0354289673268795,,
37418,0.15,256,empirical_selective,cuda,0.005345655605196953,0.022914309054613113,0.0009811557829380035,0.0010597649961709976,,0.00469038262963295,,0.04076109267771244,0.0049116965383291245,0.0007465947419404984
37418,0.15,256,certified_fallback,cuda,0.005345655605196953,0.022914309054613113,0.0009811557829380035,0.0009316857904195786,,0.004446361213922501,,0.04127499833703041,0.0049116965383291245,0.0
37418,0.15,256,fine_mc,cpu,0.005053557455539703,0.024162657558918,0.0007230471819639206,0.006383072584867477,0.0,0.0,0.00035395286977291107,0.036772893741726875,,
37418,0.15,1024,fine_mc,cuda,0.004714861512184143,0.11717318929731846,0.003344673663377762,0.0023143161088228226,0.00227676796913147,0.009432744234800339,0.001438511535525322,0.1384994350373745,,
37418,0.15,1024,empirical_selective,cuda,0.004714861512184143,0.11717318929731846,0.003344673663377762,0.002325957641005516,,0.009555328637361526,,0.16335624270141125,0.023033520206809044,0.0031275730580091476
37418,0.15,1024,certified_fallback,cuda,0.004714861512184143,0.11717318929731846,0.003344673663377762,0.0022915955632925034,,0.005681611597537994,,0.1579967513680458,0.023033520206809044,0.0
37418,0.15,1024,fine_mc,cpu,0.005817040801048279,0.18621818162500858,0.0026274994015693665,0.030442465096712112,0.0,0.0,0.0012834202498197556,0.22654492408037186,,
37418,1.0,256,fine_mc,cuda,0.005996912717819214,0.032875532284379005,0.0009078551083803177,0.0010679960250854492,0.001027359962463379,0.004548344761133194,0.00044969283044338226,0.045929133892059326,,
37418,1.0,256,empirical_selective,cuda,0.005996912717819214,0.032875532284379005,0.0009078551083803177,0.001228170469403267,,0.005106806755065918,,0.051811639219522476,0.004931895062327385,0.0006816666573286057
37418,1.0,256,certified_fallback,cuda,0.005996912717819214,0.032875532284379005,0.0009078551083803177,0.00112156942486763,,0.004970824345946312,,0.05166016332805157,0.004931895062327385,0.0
37418,1.0,256,fine_mc,cpu,0.007287459447979927,0.03301778994500637,0.0007305052131414413,0.005952252075076103,0.0,0.0,0.00031401216983795166,0.04739532060921192,,
37418,1.0,1024,fine_mc,cuda,0.0061222221702337265,0.23398399353027344,0.0027567781507968903,0.002292236313223839,0.002259232044219971,0.010042348876595497,0.0015062205493450165,0.2568056620657444,,
37418,1.0,1024,empirical_selective,cuda,0.0061222221702337265,0.23398399353027344,0.0027567781507968903,0.0022981762886047363,,0.00551183894276619,,0.2720897011458874,0.018406009301543236,0.0029088202863931656
37418,1.0,1024,certified_fallback,cuda,0.0061222221702337265,0.23398399353027344,0.0027567781507968903,0.002339676022529602,,0.005638770759105682,,0.27106120251119137,0.018406009301543236,0.0
37418,1.0,1024,fine_mc,cpu,0.006323704496026039,0.2315546553581953,0.0032969750463962555,0.024938493967056274,0.0,0.0,0.0013197511434555054,0.26758237928152084,,
37499,0.0,256,fine_mc,cuda,0.004228539764881134,0.020956525579094887,0.0007570236921310425,0.0010888781398534775,0.0010498559474945068,0.005353109911084175,0.0006338749080896378,0.033102771267294884,,
37499,0.0,256,empirical_selective,cuda,0.004228539764881134,0.020956525579094887,0.0007570236921310425,0.001178257167339325,,0.0016179811209440231,,0.03504909947514534,0.005553100258111954,0.0006728526204824448
37499,0.0,256,certified_fallback,cuda,0.004228539764881134,0.020956525579094887,0.0007570236921310425,0.0008963160216808319,,0.0016076024621725082,,0.03465062938630581,0.005553100258111954,0.0
37499,0.0,256,fine_mc,cpu,0.0044086407870054245,0.021264348179101944,0.000773092731833458,0.006257832050323486,0.0,0.0,0.0003432519733905792,0.04005272872745991,,
37499,0.0,1024,fine_mc,cuda,0.00446288101375103,0.104416748508811,0.002711959183216095,0.0023004356771707535,0.0022666239738464355,0.009972987696528435,0.0014508496969938278,0.12543496303260326,,
37499,0.0,1024,empirical_selective,cuda,0.00446288101375103,0.104416748508811,0.002711959183216095,0.0023196469992399216,,0.009967440739274025,,0.14636315405368805,0.01908998377621174,0.0032753925770521164
37499,0.0,1024,certified_fallback,cuda,0.00446288101375103,0.104416748508811,0.002711959183216095,0.0022941455245018005,,0.005626697093248367,,0.1403812523931265,0.01908998377621174,0.0
37499,0.0,1024,fine_mc,cpu,0.004510201513767242,0.16437913849949837,0.003869256004691124,0.03429890796542168,0.0,0.0,0.0012790393084287643,0.20849683322012424,,
37499,0.15,256,fine_mc,cuda,0.005066573619842529,0.023061541840434074,0.0007494166493415833,0.0010664965957403183,0.001027616024017334,0.004820013418793678,0.0004421621561050415,0.03531673364341259,,
37499,0.15,256,empirical_selective,cuda,0.005066573619842529,0.023061541840434074,0.0007494166493415833,0.001024298369884491,,0.004515383392572403,,0.04009941220283508,0.004896523430943489,0.0006751455366611481
37499,0.15,256,certified_fallback,cuda,0.005066573619842529,0.023061541840434074,0.0007494166493415833,0.0011567678302526474,,0.004746193066239357,,0.04039496183395386,0.004896523430943489,0.0
37499,0.15,256,fine_mc,cpu,0.006175840273499489,0.023852186277508736,0.0007598474621772766,0.005914822220802307,0.0,0.0,0.0003220830112695694,0.037120820954442024,,
37499,0.15,1024,fine_mc,cuda,0.006572786718606949,0.11075570434331894,0.0031846128404140472,0.002293696627020836,0.0022587199211120605,0.005662359297275543,0.0016108620911836624,0.1301524881273508,,
37499,0.15,1024,empirical_selective,cuda,0.006572786718606949,0.11075570434331894,0.0031846128404140472,0.0023085474967956543,,0.00990745984017849,,0.15747343003749847,0.021493660286068916,0.003178192302584648
37499,0.15,1024,certified_fallback,cuda,0.006572786718606949,0.11075570434331894,0.0031846128404140472,0.0023024845868349075,,0.005551828071475029,,0.15165829844772816,0.021493660286068916,0.0
37499,0.15,1024,fine_mc,cpu,0.005667340010404587,0.11966334283351898,0.0027045197784900665,0.030423862859606743,0.0,0.0,0.0013079103082418442,0.15992079488933086,,
37499,1.0,256,fine_mc,cuda,0.006365116685628891,0.034479742869734764,0.0010725371539592743,0.0010900460183620453,0.0010484479665756226,0.004968825727701187,0.0004497729241847992,0.04850761964917183,,
37499,1.0,256,empirical_selective,cuda,0.006365116685628891,0.034479742869734764,0.0010725371539592743,0.0010935086756944656,,0.004911996424198151,,0.05427056550979614,0.005450597032904625,0.0008154883980751038
37499,1.0,256,certified_fallback,cuda,0.006365116685628891,0.034479742869734764,0.0010725371539592743,0.0009798966348171234,,0.004984017461538315,,0.05403980799019337,0.005450597032904625,0.0
37499,1.0,256,fine_mc,cpu,0.007125981152057648,0.034666139632463455,0.0007878933101892471,0.006143603473901749,0.0,0.0,0.00033194199204444885,0.04915336146950722,,
37499,1.0,1024,fine_mc,cuda,0.006241802126169205,0.22527160309255123,0.003412073478102684,0.00230257585644722,0.002261215925216675,0.010217942297458649,0.0015113484114408493,0.24908478558063507,,
37499,1.0,1024,empirical_selective,cuda,0.006241802126169205,0.22527160309255123,0.003412073478102684,0.0023038350045681,,0.005556456744670868,,0.26480032317340374,0.018875982612371445,0.0030111297965049744
37499,1.0,1024,certified_fallback,cuda,0.006241802126169205,0.22527160309255123,0.003412073478102684,0.0022953879088163376,,0.005579197779297829,,0.2635837085545063,0.018875982612371445,0.0
37499,1.0,1024,fine_mc,cpu,0.00784558430314064,0.23980138450860977,0.0028460584580898285,0.024883922189474106,0.0,0.0,0.0013702791184186935,0.27690202184021473,,
37581,0.0,256,fine_mc,cuda,0.004219239577651024,0.021389251574873924,0.0010221097618341446,0.0010635275393724442,0.001024415969848633,0.004629991948604584,0.0004501640796661377,0.03285728208720684,,
37581,0.0,256,empirical_selective,cuda,0.004219239577651024,0.021389251574873924,0.0010221097618341446,0.001037348061800003,,0.00484137237071991,,0.03825332038104534,0.004915244877338409,0.0007457565516233444
37581,0.0,256,certified_fallback,cuda,0.004219239577651024,0.021389251574873924,0.0010221097618341446,0.0009473487734794617,,0.004440680146217346,,0.03758586384356022,0.004915244877338409,0.0
37581,0.0,256,fine_mc,cpu,0.004321800544857979,0.021433787420392036,0.0010643880814313889,0.0065553560853004456,0.0,0.0,0.00032176263630390167,0.040642984211444855,,
37581,0.0,1024,fine_mc,cuda,0.004431718960404396,0.10555105656385422,0.002631979063153267,0.002289196476340294,0.002258687973022461,0.009930739179253578,0.001538742333650589,0.12647739425301552,,
37581,0.0,1024,empirical_selective,cuda,0.004431718960404396,0.10555105656385422,0.002631979063153267,0.0023075882345438004,,0.010300921276211739,,0.1513991355895996,0.02281220816075802,0.003259701654314995
37581,0.0,1024,certified_fallback,cuda,0.004431718960404396,0.10555105656385422,0.002631979063153267,0.002305183559656143,,0.005648970603942871,,0.14531871117651463,0.02281220816075802,0.0
37581,0.0,1024,fine_mc,cpu,0.004340158775448799,0.1642969362437725,0.0028530098497867584,0.03372672572731972,0.0,0.0,0.0012697186321020126,0.2065996192395687,,
37581,0.15,256,fine_mc,cuda,0.005076665431261063,0.02531401440501213,0.0009490083903074265,0.00102168507874012,0.0009827200174331665,0.002376038581132889,0.00042315199971199036,0.03527294471859932,,
37581,0.15,256,empirical_selective,cuda,0.005076665431261063,0.02531401440501213,0.0009490083903074265,0.0009746663272380829,,0.0015993639826774597,,0.04086518660187721,0.0060745719820261,0.0007645152509212494
37581,0.15,256,certified_fallback,cuda,0.005076665431261063,0.02531401440501213,0.0009490083903074265,0.0010707583278417587,,0.0015517529100179672,,0.040799422189593315,0.0060745719820261,0.0
37581,0.15,256,fine_mc,cpu,0.005348397418856621,0.022417504340410233,0.0007116552442312241,0.006264453753829002,0.0,0.0,0.00032887235283851624,0.03517024591565132,,
37581,0.15,1024,fine_mc,cuda,0.006415985524654388,0.11389452405273914,0.002621518447995186,0.002303915098309517,0.0022659199237823487,0.010114172473549843,0.0014448519796133041,0.13687023892998695,,
37581,0.15,1024,empirical_selective,cuda,0.006415985524654388,0.11389452405273914,0.002621518447995186,0.0023036450147628784,,0.003883887082338333,,0.15433539636433125,0.022243663668632507,0.0028969012200832367
37581,0.15,1024,certified_fallback,cuda,0.006415985524654388,0.11389452405273914,0.002621518447995186,0.002302156761288643,,0.0044183917343616486,,0.1536706406623125,0.022243663668632507,0.0
37581,0.15,1024,fine_mc,cpu,0.007006138563156128,0.11915910989046097,0.0032579246908426285,0.024411149322986603,0.0,0.0,0.0012755375355482101,0.1552321407943964,,
37581,1.0,256,fine_mc,cuda,0.006083112210035324,0.03262254782021046,0.0011508986353874207,0.0012146085500717163,0.0011739840507507325,0.0017302203923463821,0.00048799440264701843,0.043371181935071945,,
37581,1.0,256,empirical_selective,cuda,0.006083112210035324,0.03262254782021046,0.0011508986353874207,0.0009722169488668442,,0.001599423587322235,,0.04876973293721676,0.00546649843454361,0.0007932353764772415
37581,1.0,256,certified_fallback,cuda,0.006083112210035324,0.03262254782021046,0.0011508986353874207,0.001111488789319992,,0.005278339609503746,,0.05242285691201687,0.00546649843454361,0.0
37581,1.0,256,fine_mc,cpu,0.0063914954662323,0.03427625074982643,0.0007023345679044724,0.0063852835446596146,0.0,0.0,0.00031518004834651947,0.04816236346960068,,
37581,1.0,1024,fine_mc,cuda,0.0062049757689237595,0.22868285700678825,0.002890579402446747,0.0022817756980657578,0.002249919891357422,0.010124238207936287,0.0014725998044013977,0.25176392309367657,,
37581,1.0,1024,empirical_selective,cuda,0.0062049757689237595,0.22868285700678825,0.002890579402446747,0.0022974051535129547,,0.005545279011130333,,0.2706936467438936,0.022179564461112022,0.0027860887348651886
37581,1.0,1024,certified_fallback,cuda,0.0062049757689237595,0.22868285700678825,0.002890579402446747,0.0023016054183244705,,0.006235923618078232,,0.2702949158847332,0.022179564461112022,0.0
37581,1.0,1024,fine_mc,cpu,0.006270892918109894,0.23424987494945526,0.003039781004190445,0.024379128590226173,0.0,0.0,0.00128990039229393,0.2693757899105549,,
37662,0.0,256,fine_mc,cuda,0.005024835467338562,0.02232060581445694,0.000993087887763977,0.0010931864380836487,0.0010517760515213013,0.00461515411734581,0.00043289363384246826,0.03457128256559372,,
37662,0.0,256,empirical_selective,cuda,0.005024835467338562,0.02232060581445694,0.000993087887763977,0.001024847850203514,,0.004587460309267044,,0.04067646153271198,0.005958279594779015,0.0006758254021406174
37662,0.0,256,certified_fallback,cuda,0.005024835467338562,0.02232060581445694,0.000993087887763977,0.0009378287941217422,,0.00451282225549221,,0.040403248742222786,0.005958279594779015,0.0
37662,0.0,256,fine_mc,cpu,0.004340251907706261,0.023055611178278923,0.0006787348538637161,0.007678471505641937,0.0,0.0,0.00041333213448524475,0.045101212337613106,,
37662,0.0,1024,fine_mc,cuda,0.004732336848974228,0.10192263126373291,0.0028369873762130737,0.002297956496477127,0.0022640318870544435,0.0098551195114851,0.0015028994530439377,0.12326754257082939,,
37662,0.0,1024,empirical_selective,cuda,0.004732336848974228,0.10192263126373291,0.0028369873762130737,0.0023015495389699936,,0.009911790490150452,,0.1461793463677168,0.02142098918557167,0.0029334500432014465
37662,0.0,1024,certified_fallback,cuda,0.004732336848974228,0.10192263126373291,0.0028369873762130737,0.0022963453084230423,,0.005720369517803192,,0.1407542433589697,0.02142098918557167,0.0
37662,0.0,1024,fine_mc,cpu,0.004520611837506294,0.16936187259852886,0.003468824550509453,0.034152738749980927,0.0,0.0,0.001318490132689476,0.21294508501887321,,
37662,0.15,256,fine_mc,cuda,0.005150755867362022,0.024442490190267563,0.0011230874806642532,0.001224389299750328,0.001181663990020752,0.0036862120032310486,0.00047487393021583557,0.0362163707613945,,
37662,0.15,256,empirical_selective,cuda,0.005150755867362022,0.024442490190267563,0.0011230874806642532,0.0009645354002714157,,0.001603512093424797,,0.03909845091402531,0.0050251539796590805,0.0006743539124727249
37662,0.15,256,certified_fallback,cuda,0.005150755867362022,0.024442490190267563,0.0011230874806642532,0.0009246058762073517,,0.0015699267387390137,,0.03894103318452835,0.0050251539796590805,0.0
37662,0.15,256,fine_mc,cpu,0.005116546526551247,0.023550773039460182,0.0008282344788312912,0.005669897422194481,0.0,0.0,0.0003074929118156433,0.03555634617805481,,
37662,0.15,1024,fine_mc,cuda,0.004794437438249588,0.11257673427462578,0.0031254924833774567,0.0023078564554452896,0.0022709119319915773,0.010021140798926353,0.001432189717888832,0.1343320980668068,,
37662,0.15,1024,empirical_selective,cuda,0.004794437438249588,0.11257673427462578,0.0031254924833774567,0.0023066066205501556,,0.010069279000163078,,0.15625644102692604,0.02038196288049221,0.0029276814311742783
37662,0.15,1024,certified_fallback,cuda,0.004794437438249588,0.11257673427462578,0.0031254924833774567,0.002312915399670601,,0.005616748705506325,,0.1506290528923273,0.02038196288049221,0.0
37662,0.15,1024,fine_mc,cpu,0.005138777196407318,0.11935054324567318,0.002486918121576309,0.028842059895396233,0.0,0.0,0.0012757889926433563,0.15722543559968472,,
37662,1.0,256,fine_mc,cuda,0.006573926657438278,0.036531683057546616,0.0009314175695180893,0.0010842755436897278,0.0010431360006332398,0.004769094288349152,0.00043584220111370087,0.050402840599417686,,
37662,1.0,256,empirical_selective,cuda,0.006573926657438278,0.036531683057546616,0.0009314175695180893,0.0010334979742765427,,0.004536904394626617,,0.055307840928435326,0.004839044064283371,0.0007847659289836884
37662,1.0,256,certified_fallback,cuda,0.006573926657438278,0.036531683057546616,0.0009314175695180893,0.0009419657289981842,,0.0044976212084293365,,0.054942285642027855,0.004839044064283371,0.0
37662,1.0,256,fine_mc,cpu,0.006094181910157204,0.036728447303175926,0.0007201358675956726,0.006118983030319214,0.0,0.0,0.00032721273601055145,0.050077300518751144,,
37662,1.0,1024,fine_mc,cuda,0.006376156583428383,0.2329299282282591,0.0030324868857860565,0.0022938959300518036,0.002260767936706543,0.009500646963715553,0.0016080830246210098,0.2558417581021786,,
37662,1.0,1024,empirical_selective,cuda,0.006376156583428383,0.2329299282282591,0.0030324868857860565,0.0022969357669353485,,0.005520820617675781,,0.27638393454253674,0.023016642779111862,0.0031104031950235367
37662,1.0,1024,certified_fallback,cuda,0.006376156583428383,0.2329299282282591,0.0030324868857860565,0.002320175990462303,,0.01132063940167427,,0.28097306191921234,0.023016642779111862,0.0
37662,1.0,1024,fine_mc,cpu,0.00616341270506382,0.2523340526968241,0.0032038725912570953,0.029085932299494743,0.0,0.0,0.0014414265751838684,0.2923728469759226,,
37743,0.0,256,fine_mc,cuda,0.004167776554822922,0.022268565371632576,0.0012160278856754303,0.0010129082947969437,0.00097680002450943,0.0017041228711605072,0.0004468541592359543,0.03090018965303898,,
37743,0.0,256,empirical_selective,cuda,0.004167776554822922,0.022268565371632576,0.0012160278856754303,0.0009360071271657944,,0.0015867706388235092,,0.03588492050766945,0.005001284182071686,0.000624554231762886
37743,0.0,256,certified_fallback,cuda,0.004167776554822922,0.022268565371632576,0.0012160278856754303,0.0009373370558023453,,0.004928264766931534,,0.03916323557496071,0.005001284182071686,0.0
37743,0.0,256,fine_mc,cpu,0.004313290119171143,0.026492103934288025,0.0007113460451364517,0.010556522756814957,0.0,0.0,0.00035380199551582336,0.04720248840749264,,
37743,0.0,1024,fine_mc,cuda,0.004475289955735207,0.11067863181233406,0.0026057567447423935,0.00230429507791996,0.0022694079875946044,0.0103580541908741,0.001510903239250183,0.13203897699713707,,
37743,0.0,1024,empirical_selective,cuda,0.004475289955735207,0.11067863181233406,0.0026057567447423935,0.0023047272115945816,,0.010462602600455284,,0.1534828431904316,0.01945781707763672,0.0033919718116521835
37743,0.0,1024,certified_fallback,cuda,0.004475289955735207,0.11067863181233406,0.0026057567447423935,0.0022965557873249054,,0.005706259980797768,,0.14698744751513004,0.01945781707763672,0.0
37743,0.0,1024,fine_mc,cpu,0.004495242610573769,0.17521996051073074,0.0034179743379354477,0.04010346904397011,0.0,0.0,0.0014514680951833725,0.22481264546513557,,
37743,0.15,256,fine_mc,cuda,0.005143536254763603,0.02501668408513069,0.0010185353457927704,0.001006878912448883,0.0009695680141448975,0.001736324280500412,0.0004252716898918152,0.03446014225482941,,
37743,0.15,256,empirical_selective,cuda,0.005143536254763603,0.02501668408513069,0.0010185353457927704,0.0009516756981611252,,0.0015929397195577621,,0.03969143517315388,0.005029166117310524,0.0008259862661361694
37743,0.15,256,certified_fallback,cuda,0.005143536254763603,0.02501668408513069,0.0010185353457927704,0.0008978061378002167,,0.0016648415476083755,,0.03944159485399723,0.005029166117310524,0.0
37743,0.15,256,fine_mc,cpu,0.004977462813258171,0.031061915680766106,0.0006942562758922577,0.010337591171264648,0.0,0.0,0.00033617205917835236,0.04749828204512596,,
37743,0.15,1024,fine_mc,cuda,0.004743494093418121,0.12833419628441334,0.0036190543323755264,0.0023077651858329773,0.002270751953125,0.005824480205774307,0.0014427676796913147,0.1463383175432682,,
37743,0.15,1024,empirical_selective,cuda,0.004743494093418121,0.12833419628441334,0.0036190543323755264,0.0022985562682151794,,0.009739028289914131,,0.17131942696869373,0.019373327493667603,0.0031452104449272156
37743,0.15,1024,certified_fallback,cuda,0.004743494093418121,0.12833419628441334,0.0036190543323755264,0.0022933557629585266,,0.005648858845233917,,0.16571194864809513,0.019373327493667603,0.0
37743,0.15,1024,fine_mc,cpu,0.005078284069895744,0.13013473898172379,0.0026254188269376755,0.03501499444246292,0.0,0.0,0.0013110004365444183,0.17430767603218555,,
37743,1.0,256,fine_mc,cuda,0.006212003529071808,0.06150176003575325,0.0009339954704046249,0.0010837875306606293,0.0010441919565200805,0.0019280929118394852,0.0004335027188062668,0.07217290252447128,,
37743,1.0,256,empirical_selective,cuda,0.006212003529071808,0.06150176003575325,0.0009339954704046249,0.0009954962879419327,,0.001594342291355133,,0.07735138013958931,0.005157375708222389,0.000876646488904953
37743,1.0,256,certified_fallback,cuda,0.006212003529071808,0.06150176003575325,0.0009339954704046249,0.000929415225982666,,0.001683572307229042,,0.07715024054050446,0.005157375708222389,0.0
37743,1.0,256,fine_mc,cpu,0.0061120931059122086,0.04278621822595596,0.0008026454597711563,0.007089478895068169,0.0,0.0,0.00030870363116264343,0.05718608945608139,,
37743,1.0,1024,fine_mc,cuda,0.006146050989627838,0.27980205975472927,0.002840060740709305,0.0023013856261968613,0.0022610559463500978,0.009682998061180115,0.0016881320625543594,0.3025836907327175,,
37743,1.0,1024,empirical_selective,cuda,0.006146050989627838,0.27980205975472927,0.002840060740709305,0.002299744635820389,,0.005570247769355774,,0.3196895271539688,0.01951410621404648,0.0033942535519599915
37743,1.0,1024,certified_fallback,cuda,0.006146050989627838,0.27980205975472927,0.002840060740709305,0.0024822410196065903,,0.00901351124048233,,0.32162404246628284,0.01951410621404648,0.0
37743,1.0,1024,fine_mc,cpu,0.008025595918297768,0.2692358270287514,0.0058858320116996765,0.027412761002779007,0.0,0.0,0.0012893583625555038,0.3119865767657757,,
37824,0.0,256,fine_mc,cuda,0.006089981645345688,0.021359488368034363,0.001550460234284401,0.001092229038476944,0.001052896022796631,0.004768041893839836,0.0004459936171770096,0.03539403900504112,,
37824,0.0,256,empirical_selective,cuda,0.006089981645345688,0.021359488368034363,0.001550460234284401,0.001032387837767601,,0.004781413823366165,,0.04091035760939121,0.005218535661697388,0.0007902458310127258
37824,0.0,256,certified_fallback,cuda,0.006089981645345688,0.021359488368034363,0.001550460234284401,0.0009432975202798843,,0.004667682573199272,,0.041244277730584145,0.005218535661697388,0.0
37824,0.0,256,fine_mc,cpu,0.004477810114622116,0.02591090276837349,0.0019106045365333557,0.006833028048276901,0.0,0.0,0.00032999366521835327,0.04805465787649155,,
37824,0.0,1024,fine_mc,cuda,0.004780244082212448,0.1609427034854889,0.002833416685461998,0.0022921282798051834,0.0022591679096221925,0.011006904765963554,0.0016818828880786896,0.1836562231183052,,
37824,0.0,1024,empirical_selective,cuda,0.004780244082212448,0.1609427034854889,0.002833416685461998,0.002318756654858589,,0.010450432077050209,,0.20397311262786388,0.019546326249837875,0.0029822904616594315
37824,0.0,1024,certified_fallback,cuda,0.004780244082212448,0.1609427034854889,0.002833416685461998,0.0022846441715955734,,0.006199151277542114,,0.19864336773753166,0.019546326249837875,0.0
37824,0.0,1024,fine_mc,cpu,0.004597840830683708,0.11534631438553333,0.002782270312309265,0.030852053314447403,0.0,0.0,0.001486441120505333,0.15519697032868862,,
37824,0.15,256,fine_mc,cuda,0.005482949316501617,0.024321889504790306,0.0010103452950716019,0.0011008679866790771,0.0010584640502929689,0.005060967057943344,0.00043769367039203644,0.03752972558140755,,
37824,0.15,256,empirical_selective,cuda,0.005482949316501617,0.024321889504790306,0.0010103452950716019,0.001034848392009735,,0.004552528262138367,,0.042484257370233536,0.0051420871168375015,0.0008245967328548431
37824,0.15,256,certified_fallback,cuda,0.005482949316501617,0.024321889504790306,0.0010103452950716019,0.0009053479880094528,,0.0045451875776052475,,0.04213775508105755,0.0051420871168375015,0.0
37824,0.15,256,fine_mc,cpu,0.005099145695567131,0.02371489629149437,0.000909317284822464,0.006599234417080879,0.0,0.0,0.00033647194504737854,0.036764154210686684,,
37824,0.15,1024,fine_mc,cuda,0.0047499313950538635,0.11600012704730034,0.003449583426117897,0.002329643815755844,0.0022887039184570314,0.009773429483175278,0.0014537815004587173,0.13783404231071472,,
37824,0.15,1024,empirical_selective,cuda,0.0047499313950538635,0.11600012704730034,0.003449583426117897,0.0023040026426315308,,0.011307219043374062,,0.16033616662025452,0.019266564399003983,0.003181193023920059
37824,0.15,1024,certified_fallback,cuda,0.0047499313950538635,0.11600012704730034,0.003449583426117897,0.002308625727891922,,0.006217895075678825,,0.15384830348193645,0.019266564399003983,0.0
37824,0.15,1024,fine_mc,cpu,0.005273949354887009,0.11975225619971752,0.0024051573127508163,0.030764956027269363,0.0,0.0,0.0013910476118326187,0.15974227339029312,,
37824,1.0,256,fine_mc,cuda,0.006236623972654343,0.03477401286363602,0.001083187758922577,0.0011481959372758865,0.0011093120574951173,0.00504390150308609,0.0004413444548845291,0.04881019704043865,,
37824,1.0,256,empirical_selective,cuda,0.006236623972654343,0.03477401286363602,0.001083187758922577,0.001011338084936142,,0.004866834729909897,,0.05486444570124149,0.006016042083501816,0.0007934756577014923
37824,1.0,256,certified_fallback,cuda,0.006236623972654343,0.03477401286363602,0.001083187758922577,0.0011627208441495895,,0.004909703508019447,,0.055177656933665276,0.006016042083501816,0.0
37824,1.0,256,fine_mc,cpu,0.006645657122135162,0.035807641223073006,0.0006973035633563995,0.005989599972963333,0.0,0.0,0.00032174400985240936,0.049554575234651566,,
37824,1.0,1024,fine_mc,cuda,0.006278233602643013,0.22602025605738163,0.0029087532311677933,0.0023035146296024323,0.0022690880298614504,0.012102724984288216,0.0016211848706007004,0.2513525765389204,,
37824,1.0,1024,empirical_selective,cuda,0.006278233602643013,0.22602025605738163,0.0029087532311677933,0.002295568585395813,,0.005814060568809509,,0.2652769833803177,0.01890261098742485,0.002939591184258461
37824,1.0,1024,certified_fallback,cuda,0.006278233602643013,0.22602025605738163,0.0029087532311677933,0.0023200344294309616,,0.006264165043830872,,0.26449117437005043,0.01890261098742485,0.0
37824,1.0,1024,fine_mc,cpu,0.006193501874804497,0.23186476901173592,0.0028091073036193848,0.023568514734506607,0.0,0.0,0.0012694187462329865,0.2658544648438692,,
37906,0.0,256,fine_mc,cuda,0.004219289869070053,0.02201540395617485,0.0010476987808942795,0.001297159120440483,0.0012559679746627808,0.004748541861772537,0.00044320523738861084,0.033864328637719154,,
37906,0.0,256,empirical_selective,cuda,0.004219289869070053,0.02201540395617485,0.0010476987808942795,0.0010424964129924774,,0.004694731906056404,,0.0388961136341095,0.005087926983833313,0.0006955359131097794
37906,0.0,256,certified_fallback,cuda,0.004219289869070053,0.02201540395617485,0.0010476987808942795,0.0009408146142959595,,0.00457502156496048,,0.03852744959294796,0.005087926983833313,0.0
37906,0.0,256,fine_mc,cpu,0.0044068023562431335,0.021276546642184258,0.0007627643644809723,0.006435085088014603,0.0,0.0,0.00033437274396419525,0.041188569739460945,,
37906,0.0,1024,fine_mc,cuda,0.004586022347211838,0.16625593975186348,0.002611948177218437,0.002305375412106514,0.002267168045043945,0.006128925830125809,0.0014674607664346695,0.18347252160310745,,
37906,0.0,1024,empirical_selective,cuda,0.004586022347211838,0.16625593975186348,0.002611948177218437,0.002306237816810608,,0.010784795507788658,,0.21054011024534702,0.0201021209359169,0.003776196390390396
37906,0.0,1024,certified_fallback,cuda,0.004586022347211838,0.16625593975186348,0.002611948177218437,0.00229649618268013,,0.00613788329064846,,0.20378336124122143,0.0201021209359169,0.0
37906,0.0,1024,fine_mc,cpu,0.0043131206184625626,0.1669906061142683,0.0030208099633455276,0.03860553726553917,0.0,0.0,0.001306319609284401,0.21435185335576534,,
37906,0.15,256,fine_mc,cuda,0.005636619403958321,0.023208390921354294,0.0012225676327943802,0.0010674763470888138,0.0010274879932403564,0.00467214360833168,0.0004556644707918167,0.03637244366109371,,
37906,0.15,256,empirical_selective,cuda,0.005636619403958321,0.023208390921354294,0.0012225676327943802,0.0010250471532344818,,0.004585191607475281,,0.041541578248143196,0.005068346858024597,0.0006858333945274353
37906,0.15,256,certified_fallback,cuda,0.005636619403958321,0.023208390921354294,0.0012225676327943802,0.0010935552418231964,,0.004630763083696365,,0.04160892032086849,0.005068346858024597,0.0
37906,0.15,256,fine_mc,cpu,0.006556766107678413,0.024888833984732628,0.0011749081313610077,0.007432540878653526,0.0,0.0,0.00032387301325798035,0.04047464206814766,,
37906,0.15,1024,fine_mc,cuda,0.006396254524588585,0.11673837527632713,0.0034197643399238586,0.002298625186085701,0.002264096021652222,0.009864257648587227,0.0016476623713970184,0.14045570977032185,,
37906,0.15,1024,empirical_selective,cuda,0.006396254524588585,0.11673837527632713,0.0034197643399238586,0.0023044757544994354,,0.010783897712826729,,0.16253282688558102,0.01975639909505844,0.0030428897589445114
37906,0.15,1024,certified_fallback,cuda,0.006396254524588585,0.11673837527632713,0.0034197643399238586,0.0022925063967704773,,0.006176561117172241,,0.15663759410381317,0.01975639909505844,0.0
37906,0.15,1024,fine_mc,cpu,0.006414823234081268,0.1190860103815794,0.0027383696287870407,0.03027339093387127,0.0,0.0,0.0013002697378396988,0.15995445474982262,,
37906,1.0,256,fine_mc,cuda,0.006582185626029968,0.034859512001276016,0.0012001879513263702,0.0010401662439107895,0.0010020480155944825,0.0017173215746879578,0.0004380643367767334,0.0459203589707613,,
37906,1.0,256,empirical_selective,cuda,0.006582185626029968,0.034859512001276016,0.0012001879513263702,0.0010474082082509995,,0.0016539916396141052,,0.05107331648468971,0.004929324612021446,0.0007177852094173431
37906,1.0,256,certified_fallback,cuda,0.006582185626029968,0.034859512001276016,0.0012001879513263702,0.0009348578751087189,,0.00164727121591568,,0.050786472856998444,0.004929324612021446,0.0
37906,1.0,256,fine_mc,cpu,0.006010752171278,0.03585151955485344,0.0013335589319467545,0.006452783942222595,0.0,0.0,0.0003318320959806442,0.050080280750989914,,
37906,1.0,1024,fine_mc,cuda,0.006772128865122795,0.22799018025398254,0.0027888379991054535,0.0022976957261562347,0.0022616639137268066,0.011401483789086342,0.001562291756272316,0.25292312912642956,,
37906,1.0,1024,empirical_selective,cuda,0.006772128865122795,0.22799018025398254,0.0027888379991054535,0.002306116744875908,,0.005785662680864334,,0.26831828616559505,0.019631098955869675,0.0029337499290704727
37906,1.0,1024,certified_fallback,cuda,0.006772128865122795,0.22799018025398254,0.0027888379991054535,0.0023277755826711655,,0.012437386438250542,,0.27460176683962345,0.019631098955869675,0.0
37906,1.0,1024,fine_mc,cpu,0.006731266155838966,0.2285682838410139,0.0028731096535921097,0.025162963196635246,0.0,0.0,0.0015584193170070648,0.2650357838720083,,
37987,0.0,256,fine_mc,cuda,0.004422690719366074,0.02100764773786068,0.0010707061737775803,0.0011074282228946686,0.001064352035522461,0.005147455260157585,0.0004795137792825699,0.03332415409386158,,
37987,0.0,256,empirical_selective,cuda,0.004422690719366074,0.02100764773786068,0.0010707061737775803,0.0010598264634609222,,0.004725491628050804,,0.03884842060506344,0.0058334097266197205,0.0006399359554052353
37987,0.0,256,certified_fallback,cuda,0.004422690719366074,0.02100764773786068,0.0010707061737775803,0.0009153969585895538,,0.004743773490190506,,0.03863036073744297,0.0058334097266197205,0.0
37987,0.0,256,fine_mc,cpu,0.004339080303907394,0.02061908319592476,0.0007041655480861664,0.006294902414083481,0.0,0.0,0.00032537244260311127,0.04190352372825146,,
37987,0.0,1024,fine_mc,cuda,0.004475541412830353,0.10519248247146606,0.002621416002511978,0.0023158248513936996,0.0022755839824676514,0.01074349507689476,0.001586519181728363,0.12705421447753906,,
37987,0.0,1024,empirical_selective,cuda,0.004475541412830353,0.10519248247146606,0.002621416002511978,0.0023108571767807007,,0.009448535740375519,,0.1514095589518547,0.024103548377752304,0.0031382422894239426
37987,0.0,1024,certified_fallback,cuda,0.004475541412830353,0.10519248247146606,0.002621416002511978,0.002310223877429962,,0.005824610590934753,,0.1464276947081089,0.024103548377752304,0.0
37987,0.0,1024,fine_mc,cpu,0.005550669506192207,0.1684336345642805,0.0026138070970773697,0.0288799200206995,0.0,0.0,0.001286027953028679,0.20690185017883778,,
37987,0.15,256,fine_mc,cuda,0.005668869242072105,0.02264595776796341,0.0007537864148616791,0.001072937622666359,0.0010310399532318115,0.00456625409424305,0.0004415437579154968,0.03527824953198433,,
37987,0.15,256,empirical_selective,cuda,0.005668869242072105,0.02264595776796341,0.0007537864148616791,0.001026855781674385,,0.004727791994810104,,0.04052064195275307,0.00492105633020401,0.0006474237889051437
37987,0.15,256,certified_fallback,cuda,0.005668869242072105,0.02264595776796341,0.0007537864148616791,0.0009268671274185181,,0.004409639164805412,,0.040014440193772316,0.00492105633020401,0.0
37987,0.15,256,fine_mc,cpu,0.006810640916228294,0.024161888286471367,0.0006990432739257812,0.006391884759068489,0.0,0.0,0.0003176853060722351,0.03848041966557503,,
37987,0.15,1024,fine_mc,cuda,0.00477435439825058,0.11733744665980339,0.0025481190532445908,0.002341046929359436,0.0022916479110717774,0.005634557455778122,0.0015507489442825317,0.1342556532472372,,
37987,0.15,1024,empirical_selective,cuda,0.00477435439825058,0.11733744665980339,0.0025481190532445908,0.00231187604367733,,0.010247863829135895,,0.15998938865959644,0.019468016922473907,0.003232331946492195
37987,0.15,1024,certified_fallback,cuda,0.00477435439825058,0.11733744665980339,0.0025481190532445908,0.0022995658218860626,,0.00560436025261879,,0.15377329289913177,0.019468016922473907,0.0
37987,0.15,1024,fine_mc,cpu,0.005475468933582306,0.14572038687765598,0.0023747961968183517,0.03140402026474476,0.0,0.0,0.001293407753109932,0.18639080971479416,,
37987,1.0,256,fine_mc,cuda,0.006045259535312653,0.035070886835455894,0.001272737979888916,0.0013092197477817535,0.0012685120105743407,0.0052060652524232864,0.00046343356370925903,0.049454376101493835,,
37987,1.0,256,empirical_selective,cuda,0.006045259535312653,0.035070886835455894,0.001272737979888916,0.0009900480508804321,,0.004615241661667824,,0.053731026127934456,0.0050023868680000305,0.000647692009806633
37987,1.0,256,certified_fallback,cuda,0.006045259535312653,0.035070886835455894,0.001272737979888916,0.0009804368019104004,,0.0045923031866550446,,0.05363495647907257,0.0050023868680000305,0.0
37987,1.0,256,fine_mc,cpu,0.007171131670475006,0.03388325497508049,0.0006109345704317093,0.006097273901104927,0.0,0.0,0.0003241710364818573,0.04817587696015835,,
37987,1.0,1024,fine_mc,cuda,0.006205843761563301,0.2302123848348856,0.002808809280395508,0.0022949762642383575,0.002260960102081299,0.01017802394926548,0.0015072524547576904,0.2533153500407934,,
37987,1.0,1024,empirical_selective,cuda,0.006205843761563301,0.2302123848348856,0.002808809280395508,0.0022957250475883484,,0.005562299862504005,,0.2698882706463337,0.019124014303088188,0.0035711340606212616
37987,1.0,1024,certified_fallback,cuda,0.006205843761563301,0.2302123848348856,0.002808809280395508,0.002300996333360672,,0.005547849461436272,,0.26816385984420776,0.019124014303088188,0.0
37987,1.0,1024,fine_mc,cpu,0.0065301563590765,0.2302070464938879,0.002746809273958206,0.024639183655381203,0.0,0.0,0.0012598279863595963,0.26549777388572693,,
38068,0.0,256,fine_mc,cuda,0.004201827570796013,0.020887622609734535,0.0007505044341087341,0.001078728586435318,0.001038815975189209,0.004630614072084427,0.0004476308822631836,0.03207964263856411,,
38068,0.0,256,empirical_selective,cuda,0.004201827570796013,0.020887622609734535,0.0007505044341087341,0.0009762495756149292,,0.0044762082397937775,,0.03691307455301285,0.004966063424944878,0.0005718842148780823
38068,0.0,256,certified_fallback,cuda,0.004201827570796013,0.020887622609734535,0.0007505044341087341,0.0009553469717502594,,0.0044687408953905106,,0.03686598502099514,0.004966063424944878,0.0
38068,0.0,256,fine_mc,cpu,0.004345390945672989,0.020504042506217957,0.0007001068443059921,0.006406703963875771,0.0,0.0,0.0003147833049297333,0.03937319479882717,,
38068,0.0,1024,fine_mc,cuda,0.004446292296051979,0.10246950574219227,0.0025320667773485184,0.00231279619038105,0.0022764160633087158,0.0055320169776678085,0.0014891810715198517,0.1188976801931858,,
38068,0.0,1024,empirical_selective,cuda,0.004446292296051979,0.10246950574219227,0.0025320667773485184,0.0023058783262968063,,0.00975162722170353,,0.14709613099694252,0.021536899730563164,0.003938039764761925
38068,0.0,1024,certified_fallback,cuda,0.004446292296051979,0.10246950574219227,0.0025320667773485184,0.0023034662008285522,,0.0055525172501802444,,0.14061995223164558,0.021536899730563164,0.0
38068,0.0,1024,fine_mc,cpu,0.004746582359075546,0.16980934515595436,0.002673717215657234,0.031557388603687286,0.0,0.0,0.001299109309911728,0.2102131024003029,,
38068,0.15,256,fine_mc,cuda,0.005314057692885399,0.027163060382008553,0.001009184867143631,0.0011014807969331741,0.001055456042289734,0.004905331879854202,0.0004765540361404419,0.04008540138602257,,
38068,0.15,256,empirical_selective,cuda,0.005314057692885399,0.027163060382008553,0.001009184867143631,0.0010516345500946045,,0.004654325544834137,,0.04508204385638237,0.005076464265584946,0.0006975848227739334
38068,0.15,256,certified_fallback,cuda,0.005314057692885399,0.027163060382008553,0.001009184867143631,0.0009332951158285141,,0.004557885229587555,,0.04474169202148914,0.005076464265584946,0.0
38068,0.15,256,fine_mc,cpu,0.0065902285277843475,0.02349526435136795,0.0008450951427221298,0.006616303697228432,0.0,0.0,0.0003306809812784195,0.0379645936191082,,
38068,0.15,1024,fine_mc,cuda,0.004896175116300583,0.1143231987953186,0.003062492236495018,0.0022965259850025177,0.002261728048324585,0.009989909827709198,0.0014349278062582016,0.1360829472541809,,
38068,0.15,1024,empirical_selective,cuda,0.004896175116300583,0.1143231987953186,0.003062492236495018,0.002305237576365471,,0.010121490806341171,,0.1588252019137144,0.021297680214047432,0.002739209681749344
38068,0.15,1024,certified_fallback,cuda,0.004896175116300583,0.1143231987953186,0.003062492236495018,0.0023350659757852554,,0.005658311769366264,,0.15340263210237026,0.021297680214047432,0.0
38068,0.15,1024,fine_mc,cpu,0.005569320172071457,0.17002286575734615,0.0032513942569494247,0.031539421528577805,0.0,0.0,0.0013670995831489563,0.21188992820680141,,
38068,1.0,256,fine_mc,cuda,0.0060950592160224915,0.03720303997397423,0.001055009663105011,0.0010878555476665497,0.0010459840297698975,0.004705723375082016,0.00042074546217918396,0.05064704455435276,,
38068,1.0,256,empirical_selective,cuda,0.0060950592160224915,0.03720303997397423,0.001055009663105011,0.0012547001242637634,,0.004588549956679344,,0.05642200447618961,0.005407588556408882,0.0007384456694126129
38068,1.0,256,certified_fallback,cuda,0.0060950592160224915,0.03720303997397423,0.001055009663105011,0.0009600985795259476,,0.004464339464902878,,0.05586082115769386,0.005407588556408882,0.0
38068,1.0,256,fine_mc,cpu,0.006262965500354767,0.036748725920915604,0.00080084428191185,0.007004557177424431,0.0,0.0,0.000319112092256546,0.051233815029263496,,
38068,1.0,1024,fine_mc,cuda,0.006731325760483742,0.22011019475758076,0.0029303599148988724,0.0022933948785066605,0.002256191968917847,0.010147027671337128,0.0014888700097799301,0.24381695687770844,,
38068,1.0,1024,empirical_selective,cuda,0.006731325760483742,0.22011019475758076,0.0029303599148988724,0.0023010559380054474,,0.00564047135412693,,0.26200471073389053,0.021355919539928436,0.0028195995837450027
38068,1.0,1024,certified_fallback,cuda,0.006731325760483742,0.22011019475758076,0.0029303599148988724,0.0023002158850431442,,0.005701329559087753,,0.2609587609767914,0.021355919539928436,0.0
38068,1.0,1024,fine_mc,cpu,0.00626487098634243,0.2260066568851471,0.0029193516820669174,0.024187810719013214,0.0,0.0,0.0013698488473892212,0.26090289279818535,,
38149,0.0,256,fine_mc,cuda,0.004175269976258278,0.02153870090842247,0.0009305961430072784,0.0010207556188106537,0.0009844160079956054,0.0016354192048311234,0.00043611228466033936,0.029825273901224136,,
38149,0.0,256,empirical_selective,cuda,0.004175269976258278,0.02153870090842247,0.0009305961430072784,0.0009699258953332901,,0.001573510468006134,,0.03481261990964413,0.004882983863353729,0.0006532128900289536
38149,0.0,256,certified_fallback,cuda,0.004175269976258278,0.02153870090842247,0.0009305961430072784,0.0008996874094009399,,0.0015438999980688095,,0.034627821296453476,0.004882983863353729,0.0
38149,0.0,256,fine_mc,cpu,0.004321020096540451,0.02059406414628029,0.0007183440029621124,0.006883939728140831,0.0,0.0,0.0003295335918664932,0.04028408229351044,,
38149,0.0,1024,fine_mc,cuda,0.0045458730310201645,0.10758290812373161,0.0026596877723932266,0.002309069037437439,0.002271359920501709,0.0058495234698057175,0.001552041620016098,0.12462808564305305,,
38149,0.0,1024,empirical_selective,cuda,0.0045458730310201645,0.10758290812373161,0.0026596877723932266,0.0022994447499513626,,0.009189963340759277,,0.1499813012778759,0.019746406003832817,0.003828035667538643
38149,0.0,1024,certified_fallback,cuda,0.0045458730310201645,0.10758290812373161,0.0026596877723932266,0.0022939443588256836,,0.005618328228592873,,0.14425328373908997,0.019746406003832817,0.0
38149,0.0,1024,fine_mc,cpu,0.004289727658033371,0.1674654744565487,0.002785447984933853,0.024797001853585243,0.0,0.0,0.0012747999280691147,0.20078240893781185,,
38149,0.15,256,fine_mc,cuda,0.00516558438539505,0.0235556960105896,0.0007701627910137177,0.0011191759258508682,0.0010774400234222412,0.004913415759801865,0.00044355355203151703,0.036100370809435844,,
38149,0.15,256,empirical_selective,cuda,0.00516558438539505,0.0235556960105896,0.0007701627910137177,0.0010437257587909698,,0.004619592800736427,,0.04100441373884678,0.0050895847380161285,0.0006272848695516586
38149,0.15,256,certified_fallback,cuda,0.00516558438539505,0.0235556960105896,0.0007701627910137177,0.000954868271946907,,0.004656041041016579,,0.04093052260577679,0.0050895847380161285,0.0
38149,0.15,256,fine_mc,cpu,0.0050643440335989,0.023547731339931488,0.0008482430130243301,0.006022023037075996,0.0,0.0,0.0003044642508029938,0.035875335335731506,,
38149,0.15,1024,fine_mc,cuda,0.004748303443193436,0.11268703639507294,0.0024985577911138535,0.0023014750331640244,0.0022622399330139162,0.009564198553562164,0.001451408490538597,0.13331996090710163,,
38149,0.15,1024,empirical_selective,cuda,0.004748303443193436,0.11268703639507294,0.0024985577911138535,0.0023039560765028,,0.009392153471708298,,0.1602307576686144,0.024908743798732758,0.003623025491833687
38149,0.15,1024,certified_fallback,cuda,0.004748303443193436,0.11268703639507294,0.0024985577911138535,0.0023027751594781876,,0.005668239668011665,,0.15455119870603085,0.024908743798732758,0.0
38149,0.15,1024,fine_mc,cpu,0.005373897030949593,0.1760294884443283,0.002354484051465988,0.03159005008637905,0.0,0.0,0.0012944899499416351,0.2167795728892088,,
38149,1.0,256,fine_mc,cuda,0.0060445331037044525,0.035084012895822525,0.0012974981218576431,0.0010674241930246353,0.0010320639610290527,0.00461624376475811,0.00043354183435440063,0.04862281680107117,,
38149,1.0,256,empirical_selective,cuda,0.0060445331037044525,0.035084012895822525,0.0012974981218576431,0.0010184384882450104,,0.004565069451928139,,0.053617363795638084,0.0048369113355875015,0.0006913375109434128
38149,1.0,256,certified_fallback,cuda,0.0060445331037044525,0.035084012895822525,0.0012974981218576431,0.0009225159883499146,,0.004578821361064911,,0.053970713168382645,0.0048369113355875015,0.0
38149,1.0,256,fine_mc,cpu,0.006050582975149155,0.033827465027570724,0.0007220357656478882,0.006284613162279129,0.0,0.0,0.00031585991382598877,0.04728993773460388,,
38149,1.0,1024,fine_mc,cuda,0.006259435787796974,0.21913453750312328,0.002663319930434227,0.0023026149719953537,0.0022647039890289307,0.010134126991033554,0.0015255734324455261,0.2421243768185377,,
38149,1.0,1024,empirical_selective,cuda,0.006259435787796974,0.21913453750312328,0.002663319930434227,0.002306586131453514,,0.005599638447165489,,0.2584425024688244,0.019476676359772682,0.002897540107369423
38149,1.0,1024,certified_fallback,cuda,0.006259435787796974,0.21913453750312328,0.002663319930434227,0.002313004806637764,,0.00556110218167305,,0.25738879665732384,0.019476676359772682,0.0
38149,1.0,1024,fine_mc,cpu,0.00639917328953743,0.23133335448801517,0.0029210392385721207,0.024688271805644035,0.0,0.0,0.0014137737452983856,0.26687486469745636,,
38230,0.0,256,fine_mc,cuda,0.0044520702213048935,0.02188943885266781,0.0011266879737377167,0.0011038072407245636,0.0010614720582962035,0.004745883867144585,0.00047280453145504,0.03388022072613239,,
38230,0.0,256,empirical_selective,cuda,0.0044520702213048935,0.02188943885266781,0.0011266879737377167,0.0012039169669151306,,0.005037121474742889,,0.03973854519426823,0.005227185785770416,0.0007125958800315857
38230,0.0,256,certified_fallback,cuda,0.0044520702213048935,0.02188943885266781,0.0011266879737377167,0.0009265951812267303,,0.004558974876999855,,0.03883671388030052,0.005227185785770416,0.0
38230,0.0,256,fine_mc,cpu,0.004807630553841591,0.02204793319106102,0.0007672272622585297,0.006209412589669228,0.0,0.0,0.00031105242669582367,0.03909258358180523,,
38230,0.0,1024,fine_mc,cuda,0.004696523770689964,0.10308901779353619,0.002473745495080948,0.00229821540415287,0.002262079954147339,0.012688148766756058,0.0015339013189077377,0.12689638696610928,,
38230,0.0,1024,empirical_selective,cuda,0.004696523770689964,0.10308901779353619,0.002473745495080948,0.002303844317793846,,0.010404072701931,,0.14755832962691784,0.021030226722359657,0.0034440644085407257
38230,0.0,1024,certified_fallback,cuda,0.004696523770689964,0.10308901779353619,0.002473745495080948,0.0023071356117725372,,0.005628630518913269,,0.14102075435221195,0.021030226722359657,0.0
38230,0.0,1024,fine_mc,cpu,0.004432789981365204,0.1705073993653059,0.002810448408126831,0.03435062803328037,0.0,0.0,0.0014237090945243835,0.2136413175612688,,
38230,0.15,256,fine_mc,cuda,0.0054221078753471375,0.024176117032766342,0.0012082476168870926,0.0012605786323547363,0.001217535972595215,0.004851421341300011,0.0004330649971961975,0.037465160712599754,,
38230,0.15,256,empirical_selective,cuda,0.0054221078753471375,0.024176117032766342,0.0012082476168870926,0.0011918265372514725,,0.004598172381520271,,0.042880427092313766,0.005472589284181595,0.000697743147611618
38230,0.15,256,certified_fallback,cuda,0.0054221078753471375,0.024176117032766342,0.0012082476168870926,0.0009656660258769989,,0.005495691671967506,,0.04341517575085163,0.005472589284181595,0.0
38230,0.15,256,fine_mc,cpu,0.005072053521871567,0.023634565994143486,0.0007100049406290054,0.006256133317947388,0.0,0.0,0.0003214403986930847,0.036091629415750504,,
38230,0.15,1024,fine_mc,cuda,0.0049631912261247635,0.11675930395722389,0.00328875333070755,0.002300804480910301,0.002265343904495239,0.009578024968504906,0.001445109024643898,0.13841360062360764,,
38230,0.15,1024,empirical_selective,cuda,0.0049631912261247635,0.11675930395722389,0.00328875333070755,0.0022960659116506577,,0.009993532672524452,,0.16305029205977917,0.02290085144340992,0.002770179882645607
38230,0.15,1024,certified_fallback,cuda,0.0049631912261247635,0.11675930395722389,0.00328875333070755,0.002310778945684433,,0.005644489079713821,,0.15758546069264412,0.02290085144340992,0.0
38230,0.15,1024,fine_mc,cpu,0.00511864572763443,0.12152829766273499,0.002566887065768242,0.02948881685733795,0.0,0.0,0.0012771598994731903,0.16012457944452763,,
38230,1.0,256,fine_mc,cuda,0.006287533789873123,0.03531884402036667,0.0010410994291305542,0.0011583752930164337,0.0011147520542144776,0.004630621522665024,0.00047443434596061707,0.0489908903837204,,
38230,1.0,256,empirical_selective,cuda,0.006287533789873123,0.03531884402036667,0.0010410994291305542,0.001393081620335579,,0.002985382452607155,,0.05495631508529186,0.0063949041068553925,0.001455487683415413
38230,1.0,256,certified_fallback,cuda,0.006287533789873123,0.03531884402036667,0.0010410994291305542,0.0009250771254301071,,0.001552727073431015,,0.05212920531630516,0.0063949041068553925,0.0
38230,1.0,256,fine_mc,cpu,0.006068192422389984,0.032799096778035164,0.0006755422800779343,0.0058958325535058975,0.0,0.0,0.0003046412020921707,0.04582513868808746,,
38230,1.0,1024,fine_mc,cuda,0.006230572238564491,0.22981926426291466,0.002694457769393921,0.002298334613442421,0.0022614080905914305,0.005662640556693077,0.0014409888535737991,0.24824540875852108,,
38230,1.0,1024,empirical_selective,cuda,0.006230572238564491,0.22981926426291466,0.002694457769393921,0.0023039449006319046,,0.010235272347927094,,0.2764630764722824,0.021908022463321686,0.003172392025589943
38230,1.0,1024,certified_fallback,cuda,0.006230572238564491,0.22981926426291466,0.002694457769393921,0.002295304089784622,,0.005671447142958641,,0.27040633372962475,0.021908022463321686,0.0
38230,1.0,1024,fine_mc,cpu,0.006410315632820129,0.23400261998176575,0.002818407490849495,0.023687325417995453,0.0,0.0,0.0012965090572834015,0.2683515418320894,,
38312,0.0,256,fine_mc,cuda,0.0045830123126506805,0.02123536728322506,0.0011010877788066864,0.001075398176908493,0.0010345920324325562,0.005044782534241676,0.00046218372881412506,0.033586153760552406,,
38312,0.0,256,empirical_selective,cuda,0.0045830123126506805,0.02123536728322506,0.0011010877788066864,0.0009744949638843536,,0.004739701747894287,,0.03838597610592842,0.005036955699324608,0.0006310343742370605
38312,0.0,256,certified_fallback,cuda,0.0045830123126506805,0.02123536728322506,0.0011010877788066864,0.0009489972144365311,,0.005162948742508888,,0.038710013031959534,0.005036955699324608,0.0
38312,0.0,256,fine_mc,cpu,0.004394201561808586,0.020776454359292984,0.0007707364857196808,0.006738645955920219,0.0,0.0,0.0003332514315843582,0.036651356145739555,,
38312,0.0,1024,fine_mc,cuda,0.0043827686458826065,0.1051684319972992,0.0024829860776662827,0.002308005467057228,0.0022731521129608153,0.009691968560218811,0.0014750994741916656,0.12562056630849838,,
38312,0.0,1024,empirical_selective,cuda,0.0043827686458826065,0.1051684319972992,0.0024829860776662827,0.002304965630173683,,0.009712077677249908,,0.14630656875669956,0.018576519563794136,0.0035675130784511566
38312,0.0,1024,certified_fallback,cuda,0.0043827686458826065,0.1051684319972992,0.0024829860776662827,0.0022953376173973083,,0.00558173842728138,,0.14027216844260693,0.018576519563794136,0.0
38312,0.0,1024,fine_mc,cpu,0.007006548345088959,0.16811238415539265,0.002651318907737732,0.03307654149830341,0.0,0.0,0.0013735070824623108,0.21238498762249947,,
38312,0.15,256,fine_mc,cuda,0.005082104355096817,0.02379712462425232,0.0010691769421100616,0.0010890886187553406,0.001047711968421936,0.004609361290931702,0.00042753107845783234,0.036181600764393806,,
38312,0.15,256,empirical_selective,cuda,0.005082104355096817,0.02379712462425232,0.0010691769421100616,0.001071985810995102,,0.0046535637229681015,,0.041631899774074554,0.005142316222190857,0.0007084142416715622
38312,0.15,256,certified_fallback,cuda,0.005082104355096817,0.02379712462425232,0.0010691769421100616,0.0009537972509860992,,0.004452379420399666,,0.04115695878863335,0.005142316222190857,0.0
38312,0.15,256,fine_mc,cpu,0.004990074783563614,0.022786227986216545,0.0006752125918865204,0.006118513643741608,0.0,0.0,0.0003120042383670807,0.034972215071320534,,
38312,0.15,1024,fine_mc,cuda,0.0047464519739151,0.11963271349668503,0.0044629015028476715,0.0023055151104927063,0.002266592025756836,0.01001415029168129,0.0014586485922336578,0.14269119501113892,,
38312,0.15,1024,empirical_selective,cuda,0.0047464519739151,0.11963271349668503,0.0044629015028476715,0.002313608303666115,,0.010486630722880363,,0.1675217393785715,0.022331146523356438,0.003477472811937332
38312,0.15,1024,certified_fallback,cuda,0.0047464519739151,0.11963271349668503,0.0044629015028476715,0.0022990964353084564,,0.005796711891889572,,0.16098659485578537,0.022331146523356438,0.0
38312,0.15,1024,fine_mc,cpu,0.005687130615115166,0.12230219319462776,0.0026793982833623886,0.028885092586278915,0.0,0.0,0.0012821201235055923,0.16096624359488487,,
38312,1.0,256,fine_mc,cuda,0.006146283820271492,0.0332158412784338,0.0010328255593776703,0.0011125952005386353,0.0010722559690475465,0.0048663318157196045,0.0004377923905849457,0.04689927212893963,,
38312,1.0,256,empirical_selective,cuda,0.006146283820271492,0.0332158412784338,0.0010328255593776703,0.001087108626961708,,0.00484064407646656,,0.052647436037659645,0.00537128746509552,0.0008658431470394135
38312,1.0,256,certified_fallback,cuda,0.006146283820271492,0.0332158412784338,0.0010328255593776703,0.0009454973042011261,,0.004663674160838127,,0.052045995369553566,0.00537128746509552,0.0
38312,1.0,256,fine_mc,cpu,0.0061996933072805405,0.03463416360318661,0.0007222648710012436,0.006146281957626343,0.0,0.0,0.0003155115991830826,0.04811757430434227,,
38312,1.0,1024,fine_mc,cuda,0.006230596452951431,0.22790656797587872,0.0028847400099039078,0.002296166494488716,0.002262304067611694,0.010538380593061447,0.0014320295304059982,0.25140225142240524,,
38312,1.0,1024,empirical_selective,cuda,0.006230596452951431,0.22790656797587872,0.0028847400099039078,0.0022991150617599487,,0.0058824121952056885,,0.2688379529863596,0.020114248618483543,0.0034065023064613342
38312,1.0,1024,certified_fallback,cuda,0.006230596452951431,0.22790656797587872,0.0028847400099039078,0.0025128666311502457,,0.008535459637641907,,0.2701686639338732,0.020114248618483543,0.0
38312,1.0,1024,fine_mc,cpu,0.006627427414059639,0.2455411534756422,0.0028435494750738144,0.024013537913560867,0.0,0.0,0.001289447769522667,0.28045475482940674,,
38393,0.0,256,fine_mc,cuda,0.004145070910453796,0.020350562408566475,0.00077030248939991,0.001009467989206314,0.0009729920029640198,0.001707572489976883,0.00043878331780433655,0.0285031795501709,,
38393,0.0,256,empirical_selective,cuda,0.004145070910453796,0.020350562408566475,0.00077030248939991,0.000991499051451683,,0.0016047470271587372,,0.03347190096974373,0.004876004531979561,0.0006522946059703827
38393,0.0,256,certified_fallback,cuda,0.004145070910453796,0.020350562408566475,0.00077030248939991,0.0008826069533824921,,0.0016230326145887375,,0.0332809891551733,0.004876004531979561,0.0
38393,0.0,256,fine_mc,cpu,0.0043492503464221954,0.02076798491179943,0.0006824750453233719,0.006640695035457611,0.0,0.0,0.0003199223428964615,0.040613142773509026,,
38393,0.0,1024,fine_mc,cuda,0.004489440470933914,0.10303293727338314,0.0026881005614995956,0.00231199711561203,0.0022799999713897707,0.010022036731243134,0.0014540702104568481,0.12411765567958355,,
38393,0.0,1024,empirical_selective,cuda,0.004489440470933914,0.10303293727338314,0.0026881005614995956,0.0022952165454626083,,0.011206159368157387,,0.14739946275949478,0.020090678706765175,0.0034778565168380737
38393,0.0,1024,certified_fallback,cuda,0.004489440470933914,0.10303293727338314,0.0026881005614995956,0.0022908244282007217,,0.006069310009479523,,0.14048808254301548,0.020090678706765175,0.0
38393,0.0,1024,fine_mc,cpu,0.004452729597687721,0.17007281631231308,0.003183361142873764,0.033473262563347816,0.0,0.0,0.0012569986283779144,0.21257257275283337,,
38393,0.15,256,fine_mc,cuda,0.005145523697137833,0.023195691406726837,0.0010102074593305588,0.0010706763714551926,0.0010300480127334595,0.005008215084671974,0.0004408620297908783,0.03598985821008682,,
38393,0.15,256,empirical_selective,cuda,0.005145523697137833,0.023195691406726837,0.0010102074593305588,0.0010245386511087418,,0.0048127807676792145,,0.040994470939040184,0.005040053278207779,0.0006469935178756714
38393,0.15,256,certified_fallback,cuda,0.005145523697137833,0.023195691406726837,0.0010102074593305588,0.000998426228761673,,0.0046804528683424,,0.04074682109057903,0.005040053278207779,0.0
38393,0.15,256,fine_mc,cpu,0.0050546955317258835,0.022376496344804764,0.000806933268904686,0.0062500834465026855,0.0,0.0,0.0003236010670661926,0.03490528091788292,,
38393,0.15,1024,fine_mc,cuda,0.004820065572857857,0.11125179566442966,0.0025039277970790863,0.002295447513461113,0.002263231992721558,0.010973043739795685,0.0016169417649507523,0.13353922963142395,,
38393,0.15,1024,empirical_selective,cuda,0.004820065572857857,0.11125179566442966,0.0025039277970790863,0.002303149551153183,,0.010933518409729004,,0.15391077660024166,0.01883024163544178,0.003190070390701294
38393,0.15,1024,certified_fallback,cuda,0.004820065572857857,0.11125179566442966,0.0025039277970790863,0.002289995551109314,,0.006045743823051453,,0.14753200858831406,0.01883024163544178,0.0
38393,0.15,1024,fine_mc,cpu,0.005127144977450371,0.17388823442161083,0.002727709710597992,0.02462279237806797,0.0,0.0,0.0012975409626960754,0.20780512318015099,,
38393,1.0,256,fine_mc,cuda,0.006068872287869453,0.03343816287815571,0.0008036065846681595,0.001065107062458992,0.0010240960121154785,0.005038024857640266,0.0004505924880504608,0.04694318771362305,,
38393,1.0,256,empirical_selective,cuda,0.006068872287869453,0.03343816287815571,0.0008036065846681595,0.0012225285172462463,,0.00517849437892437,,0.05321546085178852,0.005661439150571823,0.0007635354995727539
38393,1.0,256,certified_fallback,cuda,0.006068872287869453,0.03343816287815571,0.0008036065846681595,0.0011073090136051178,,0.001666652038693428,,0.04941664636135101,0.005661439150571823,0.0
38393,1.0,256,fine_mc,cpu,0.006055071949958801,0.03308169171214104,0.0008007083088159561,0.005729531869292259,0.0,0.0,0.0003053806722164154,0.04605814069509506,,
38393,1.0,1024,fine_mc,cuda,0.006167303770780563,0.230205737054348,0.002869170159101486,0.0022966284304857254,0.002259360074996948,0.011328279972076416,0.00147177092730999,0.25444248877465725,,
38393,1.0,1024,empirical_selective,cuda,0.006167303770780563,0.230205737054348,0.002869170159101486,0.0023039355874061584,,0.005725113674998283,,0.2717677764594555,0.021664099767804146,0.0027288179844617844
38393,1.0,1024,certified_fallback,cuda,0.006167303770780563,0.230205737054348,0.002869170159101486,0.0023024436086416245,,0.006083359941840172,,0.2711327616125345,0.021664099767804146,0.0
38393,1.0,1024,fine_mc,cpu,0.006405504420399666,0.22820177301764488,0.0027283169329166412,0.024794071912765503,0.0,0.0,0.0013960804790258408,0.26364098861813545,,
38474,0.0,256,fine_mc,cuda,0.005481768399477005,0.022097444161772728,0.0010660961270332336,0.0013565681874752045,0.0013100160360336303,0.005529420450329781,0.0004517044872045517,0.036080252379179,,
38474,0.0,256,empirical_selective,cuda,0.005481768399477005,0.022097444161772728,0.0010660961270332336,0.0010444968938827515,,0.004824891686439514,,0.041043596342206,0.005563840270042419,0.0008678082376718521
38474,0.0,256,certified_fallback,cuda,0.005481768399477005,0.022097444161772728,0.0010660961270332336,0.001028468832373619,,0.004892582073807716,,0.04080989584326744,0.005563840270042419,0.0
38474,0.0,256,fine_mc,cpu,0.004315769299864769,0.023166220635175705,0.000802723690867424,0.006282711401581764,0.0,0.0,0.00035346485674381256,0.03861338086426258,,
38474,0.0,1024,fine_mc,cuda,0.004365758970379829,0.10225643590092659,0.00282965786755085,0.0023296959698200226,0.0022945919036865235,0.008875152096152306,0.0015145428478717804,0.12232244573533535,,
38474,0.0,1024,empirical_selective,cuda,0.004365758970379829,0.10225643590092659,0.00282965786755085,0.002294447273015976,,0.010652946308255196,,0.14591719396412373,0.020500805228948593,0.0028659403324127197
38474,0.0,1024,certified_fallback,cuda,0.004365758970379829,0.10225643590092659,0.00282965786755085,0.0022887568920850754,,0.004627581685781479,,0.13889092952013016,0.020500805228948593,0.0
38474,0.0,1024,fine_mc,cpu,0.004450151696801186,0.1117577999830246,0.0038788262754678726,0.03590739890933037,0.0,0.0,0.0015028119087219238,0.16199603863060474,,
38474,0.15,256,fine_mc,cuda,0.005322575569152832,0.023959457874298096,0.0009903572499752045,0.0010905861854553223,0.0010501760244369506,0.004665158689022064,0.0004401933401823044,0.036597030237317085,,
38474,0.15,256,empirical_selective,cuda,0.005322575569152832,0.023959457874298096,0.0009903572499752045,0.0010249186307191849,,0.004741821438074112,,0.041849859058856964,0.005018603056669235,0.0006634239107370377
38474,0.15,256,certified_fallback,cuda,0.005322575569152832,0.023959457874298096,0.0009903572499752045,0.000890856608748436,,0.004661325365304947,,0.04153946787118912,0.005018603056669235,0.0
38474,0.15,256,fine_mc,cpu,0.005092475563287735,0.02410481497645378,0.0006812643259763718,0.006369013339281082,0.0,0.0,0.0003626123070716858,0.03671230562031269,,
38474,0.15,1024,fine_mc,cuda,0.004708683118224144,0.11326667293906212,0.0026138294488191605,0.0023073963820934296,0.002271967887878418,0.011308101937174797,0.0016137119382619858,0.1361166015267372,,
38474,0.15,1024,empirical_selective,cuda,0.004708683118224144,0.11326667293906212,0.0026138294488191605,0.002298206090927124,,0.010256621986627579,,0.15910609811544418,0.02261233888566494,0.00305153988301754
38474,0.15,1024,certified_fallback,cuda,0.004708683118224144,0.11326667293906212,0.0026138294488191605,0.0023108161985874176,,0.006345003843307495,,0.15489028953015804,0.02261233888566494,0.0
38474,0.15,1024,fine_mc,cpu,0.005254516378045082,0.11694321595132351,0.0026516392827033997,0.03766046278178692,0.0,0.0,0.001289987936615944,0.16391776129603386,,
38474,1.0,256,fine_mc,cuda,0.006215015426278114,0.03336932137608528,0.0010538175702095032,0.001063317060470581,0.0010246399641036987,0.004859725013375282,0.0004508215934038162,0.04709440842270851,,
38474,1.0,256,empirical_selective,cuda,0.006215015426278114,0.03336932137608528,0.0010538175702095032,0.0010127145797014236,,0.005040057003498077,,0.052525315433740616,0.0049322545528411865,0.0008197445422410965
38474,1.0,256,certified_fallback,cuda,0.006215015426278114,0.03336932137608528,0.0010538175702095032,0.0008910577744245529,,0.004542993381619453,,0.05166377127170563,0.0049322545528411865,0.0
38474,1.0,256,fine_mc,cpu,0.006134035065770149,0.03571526147425175,0.0006768330931663513,0.005927689373493195,0.0,0.0,0.0003046635538339615,0.04884893074631691,,
38474,1.0,1024,fine_mc,cuda,0.006264476105570793,0.22703845612704754,0.0027725473046302795,0.0023098457604646683,0.002271552085876465,0.011218149214982986,0.0015264786779880524,0.2512448616325855,,
38474,1.0,1024,empirical_selective,cuda,0.006264476105570793,0.22703845612704754,0.0027725473046302795,0.0023004356771707535,,0.005672989413142204,,0.2690934091806412,0.021782563999295235,0.0031470321118831635
38474,1.0,1024,certified_fallback,cuda,0.006264476105570793,0.22703845612704754,0.0027725473046302795,0.0022985152900218964,,0.006158323958516121,,0.26812248304486275,0.021782563999295235,0.0
38474,1.0,1024,fine_mc,cpu,0.00635182298719883,0.22492961958050728,0.003045951947569847,0.02481372095644474,0.0,0.0,0.0013704579323530197,0.2606588136404753,,
38555,0.0,256,fine_mc,cuda,0.004284650087356567,0.021272430196404457,0.0010645873844623566,0.0010908059775829315,0.0010514559745788575,0.004812972620129585,0.00042400136590003967,0.033033955842256546,,
38555,0.0,256,empirical_selective,cuda,0.004284650087356567,0.021272430196404457,0.0010645873844623566,0.001319199800491333,,0.004757022485136986,,0.03869943879544735,0.005219075828790665,0.0006979648023843765
38555,0.0,256,certified_fallback,cuda,0.004284650087356567,0.021272430196404457,0.0010645873844623566,0.0009258557111024857,,0.004705313593149185,,0.03813644498586655,0.005219075828790665,0.0
38555,0.0,256,fine_mc,cpu,0.004362650215625763,0.02085917629301548,0.0008418168872594833,0.0063432566821575165,0.0,0.0,0.00031963177025318146,0.03684384934604168,,
38555,0.0,1024,fine_mc,cuda,0.0047882962971925735,0.10536238737404346,0.0026380885392427444,0.0023096762597560883,0.0022721600532531736,0.006025783717632294,0.0014620386064052582,0.12269128672778606,,
38555,0.0,1024,empirical_selective,cuda,0.0047882962971925735,0.10536238737404346,0.0026380885392427444,0.002292826771736145,,0.010204711928963661,,0.14973814599215984,0.021286115050315857,0.0030607040971517563
38555,0.0,1024,certified_fallback,cuda,0.0047882962971925735,0.10536238737404346,0.0026380885392427444,0.0022980663925409317,,0.006124462932348251,,0.14428186416625977,0.021286115050315857,0.0
38555,0.0,1024,fine_mc,cpu,0.004411909729242325,0.10513763315975666,0.002707000821828842,0.029214924201369286,0.0,0.0,0.001296238973736763,0.14638079144060612,,
38555,0.15,256,fine_mc,cuda,0.005055442452430725,0.022541215643286705,0.001037895679473877,0.0010703280568122864,0.0010297280550003052,0.004630031064152718,0.00044162385165691376,0.03488777577877045,,
38555,0.15,256,empirical_selective,cuda,0.005055442452430725,0.022541215643286705,0.001037895679473877,0.0010143592953681946,,0.004592644050717354,,0.039976904168725014,0.004958733916282654,0.0006653741002082825
38555,0.15,256,certified_fallback,cuda,0.005055442452430725,0.022541215643286705,0.001037895679473877,0.0009078159928321838,,0.004587089642882347,,0.03974885120987892,0.004958733916282654,0.0
38555,0.15,256,fine_mc,cpu,0.0049655623733997345,0.022700170055031776,0.0008201953023672104,0.006261715665459633,0.0,0.0,0.0003253743052482605,0.03516329079866409,,
38555,0.15,1024,fine_mc,cuda,0.004684804007411003,0.11403486505150795,0.0026444178074598312,0.002296736463904381,0.0022589120864868165,0.010229691863059998,0.00144193135201931,0.13542218878865242,,
38555,0.15,1024,empirical_selective,cuda,0.004684804007411003,0.11403486505150795,0.0026444178074598312,0.0023013371974229813,,0.009370896965265274,,0.15631114318966866,0.019531995058059692,0.003653084859251976
38555,0.15,1024,certified_fallback,cuda,0.004684804007411003,0.11403486505150795,0.0026444178074598312,0.0022963155061006546,,0.006260175257921219,,0.15121043287217617,0.019531995058059692,0.0
38555,0.15,1024,fine_mc,cpu,0.005061844363808632,0.17144697532057762,0.0030872244387865067,0.031186098232865334,0.0,0.0,0.001294609159231186,0.21221899054944515,,
38555,1.0,256,fine_mc,cuda,0.0061320532113313675,0.03406362049281597,0.001002047210931778,0.0012891683727502823,0.0012416960000991822,0.004960544407367706,0.000528750941157341,0.048055801540613174,,
38555,1.0,256,empirical_selective,cuda,0.0061320532113313675,0.03406362049281597,0.001002047210931778,0.0012069400399923325,,0.0049491822719573975,,0.0531011875718832,0.005001462996006012,0.0006662644445896149
38555,1.0,256,certified_fallback,cuda,0.0061320532113313675,0.03406362049281597,0.001002047210931778,0.000928318127989769,,0.004536312073469162,,0.05231418460607529,0.005001462996006012,0.0
38555,1.0,256,fine_mc,cpu,0.006361164152622223,0.032596128061413765,0.0006312355399131775,0.006961969658732414,0.0,0.0,0.0003619808703660965,0.04699884541332722,,
38555,1.0,1024,fine_mc,cuda,0.006869897246360779,0.22672922164201736,0.002854779362678528,0.0023014042526483536,0.002265439987182617,0.009492987766861916,0.001412712037563324,0.24982668459415436,,
38555,1.0,1024,empirical_selective,cuda,0.006869897246360779,0.22672922164201736,0.002854779362678528,0.002328045666217804,,0.005789889022707939,,0.26688195765018463,0.01915140263736248,0.0029930397868156433
38555,1.0,1024,certified_fallback,cuda,0.006869897246360779,0.22672922164201736,0.002854779362678528,0.0022987350821495056,,0.006154714152216911,,0.2660038024187088,0.01915140263736248,0.0
38555,1.0,1024,fine_mc,cpu,0.006377017125487328,0.22148234583437443,0.0029677003622055054,0.023480262607336044,0.0,0.0,0.0012950096279382706,0.2557698544114828,,
38636,0.0,256,fine_mc,cuda,0.004213219508528709,0.020956607535481453,0.0010817181318998337,0.0010731760412454605,0.0010325119495391845,0.0049037449061870575,0.0004476848989725113,0.032773928716778755,,
38636,0.0,256,empirical_selective,cuda,0.004213219508528709,0.020956607535481453,0.0010817181318998337,0.00102921761572361,,0.004721451550722122,,0.0376757625490427,0.0049469955265522,0.0006287749856710434
38636,0.0,256,certified_fallback,cuda,0.004213219508528709,0.020956607535481453,0.0010817181318998337,0.0009383261203765869,,0.004674464464187622,,0.03747167997062206,0.0049469955265522,0.0
38636,0.0,256,fine_mc,cpu,0.004383280873298645,0.020304862409830093,0.0008318237960338593,0.006322816014289856,0.0,0.0,0.0003227256238460541,0.03960922174155712,,
38636,0.0,1024,fine_mc,cuda,0.004889411851763725,0.15810850262641907,0.0027312617748975754,0.0022904258221387863,0.0022575039863586424,0.009566927328705788,0.0014297496527433395,0.17912439815700054,,
38636,0.0,1024,empirical_selective,cuda,0.004889411851763725,0.15810850262641907,0.0027312617748975754,0.002301326021552086,,0.010114630684256554,,0.2046834323555231,0.02295650728046894,0.003473673015832901
38636,0.0,1024,certified_fallback,cuda,0.004889411851763725,0.15810850262641907,0.0027312617748975754,0.002302156761288643,,0.006166452541947365,,0.19894375279545784,0.02295650728046894,0.0
38636,0.0,1024,fine_mc,cpu,0.004550561308860779,0.16548071429133415,0.0027329884469509125,0.023929595947265625,0.0,0.0,0.0012840405106544495,0.1980953123420477,,
38636,0.15,256,fine_mc,cuda,0.0059908125549554825,0.023869404569268227,0.0010372065007686615,0.0011884476989507675,0.0011462080478668213,0.004706790670752525,0.0004918333142995834,0.037392688915133476,,
38636,0.15,256,empirical_selective,cuda,0.0059908125549554825,0.023869404569268227,0.0010372065007686615,0.001048646867275238,,0.00478532537817955,,0.042658718302845955,0.0050499942153692245,0.0007691346108913422
38636,0.15,256,certified_fallback,cuda,0.0059908125549554825,0.023869404569268227,0.0010372065007686615,0.0009291823953390121,,0.004510432481765747,,0.04203590378165245,0.0050499942153692245,0.0
38636,0.15,256,fine_mc,cpu,0.004989694803953171,0.02344394475221634,0.0009225960820913315,0.006814027205109596,0.0,0.0,0.00037739239633083344,0.03664337284862995,,
38636,0.15,1024,fine_mc,cuda,0.005422048270702362,0.11163079924881458,0.0030634701251983643,0.0023193564265966415,0.002283263921737671,0.009826796129345894,0.0014474093914031982,0.13380091078579426,,
38636,0.15,1024,empirical_selective,cuda,0.005422048270702362,0.11163079924881458,0.0030634701251983643,0.0023018065840005875,,0.010742565616965294,,0.15577862970530987,0.01937650516629219,0.0031504034996032715
38636,0.15,1024,certified_fallback,cuda,0.005422048270702362,0.11163079924881458,0.0030634701251983643,0.0022989436984062195,,0.00578935444355011,,0.14932197146117687,0.01937650516629219,0.0
38636,0.15,1024,fine_mc,cpu,0.005137387663125992,0.12377455458045006,0.0031227320432662964,0.025254346430301666,0.0,0.0,0.0015846118330955505,0.1590154506266117,,
38636,1.0,256,fine_mc,cuda,0.0062108952552080154,0.03475136309862137,0.0010737180709838867,0.00109170563519001,0.0010480959415435792,0.004684152081608772,0.0004543643444776535,0.048351725563406944,,
38636,1.0,256,empirical_selective,cuda,0.0062108952552080154,0.03475136309862137,0.0010737180709838867,0.0010127779096364975,,0.004645342007279396,,0.053457532078027725,0.004886843264102936,0.0007910653948783875
38636,1.0,256,certified_fallback,cuda,0.0062108952552080154,0.03475136309862137,0.0010737180709838867,0.0010813958942890167,,0.004640741273760796,,0.05337086133658886,0.004886843264102936,0.0
38636,1.0,256,fine_mc,cpu,0.0060975030064582825,0.03479323163628578,0.0007141567766666412,0.0058695003390312195,0.0,0.0,0.0003128107637166977,0.04787915386259556,,
38636,1.0,1024,fine_mc,cuda,0.006192903965711594,0.22887381725013256,0.0029133185744285583,0.002334076911211014,0.0022960638999938963,0.010868899524211884,0.001450512558221817,0.25274701975286007,,
38636,1.0,1024,empirical_selective,cuda,0.006192903965711594,0.22887381725013256,0.0029133185744285583,0.002301286906003952,,0.006539503112435341,,0.26816856674849987,0.018290385603904724,0.0029438603669404984
38636,1.0,1024,certified_fallback,cuda,0.006192903965711594,0.22887381725013256,0.0029133185744285583,0.002354048192501068,,0.010407667607069016,,0.2708234265446663,0.018290385603904724,0.0
38636,1.0,1024,fine_mc,cpu,0.00637301430106163,0.2256801724433899,0.0027099382132291794,0.024902693927288055,0.0,0.0,0.0013172011822462082,0.2611173056066036,,
38718,0.0,256,fine_mc,cuda,0.004213210195302963,0.02233225479722023,0.0009918361902236938,0.0010664686560630798,0.0010272639989852906,0.004602542147040367,0.00042883120477199554,0.03372139483690262,,
38718,0.0,256,empirical_selective,cuda,0.004213210195302963,0.02233225479722023,0.0009918361902236938,0.0010211262851953506,,0.004586013033986092,,0.03973117284476757,0.0058577898889780045,0.0006426908075809479
38718,0.0,256,certified_fallback,cuda,0.004213210195302963,0.02233225479722023,0.0009918361902236938,0.0010987687855958939,,0.0047326646745204926,,0.03987070545554161,0.0058577898889780045,0.0
38718,0.0,256,fine_mc,cpu,0.004373852163553238,0.02059399150311947,0.0007139742374420166,0.006442863494157791,0.0,0.0,0.00032600201666355133,0.04046110808849335,,
38718,0.0,1024,fine_mc,cuda,0.004567611962556839,0.10996968857944012,0.0027606692165136337,0.0022983774542808533,0.0022643520832061766,0.010326620191335678,0.0016595330089330673,0.1316996105015278,,
38718,0.0,1024,empirical_selective,cuda,0.004567611962556839,0.10996968857944012,0.0027606692165136337,0.0023011155426502228,,0.010844433680176735,,0.1538532506674528,0.020200399681925774,0.0030922219157218933
38718,0.0,1024,certified_fallback,cuda,0.004567611962556839,0.10996968857944012,0.0027606692165136337,0.002327069640159607,,0.006275072693824768,,0.14811525121331215,0.020200399681925774,0.0
38718,0.0,1024,fine_mc,cpu,0.005447467789053917,0.16699966602027416,0.0031409431248903275,0.033970536664128304,0.0,0.0,0.0013041980564594269,0.21102509088814259,,
38718,0.15,256,fine_mc,cuda,0.005080772563815117,0.02311520278453827,0.0008360762149095535,0.0010714363306760788,0.0010262720584869385,0.0047829654067754745,0.000443020835518837,0.03544178605079651,,
38718,0.15,256,empirical_selective,cuda,0.005080772563815117,0.02311520278453827,0.0008360762149095535,0.0009849965572357178,,0.004740092903375626,,0.04039605148136616,0.004981275647878647,0.0005453228950500488
38718,0.15,256,certified_fallback,cuda,0.005080772563815117,0.02311520278453827,0.0008360762149095535,0.0009552761912345886,,0.004600619897246361,,0.04022781923413277,0.004981275647878647,0.0
38718,0.15,256,fine_mc,cpu,0.0057351794093847275,0.02370091713964939,0.0008041560649871826,0.006083084270358086,0.0,0.0,0.00030376389622688293,0.036723120138049126,,
38718,0.15,1024,fine_mc,cuda,0.004861865192651749,0.11235137470066547,0.002977309748530388,0.0022941455245018005,0.002260159969329834,0.011200817301869392,0.0014549996703863144,0.13521752320230007,,
38718,0.15,1024,empirical_selective,cuda,0.004861865192651749,0.11235137470066547,0.002977309748530388,0.0023033879697322845,,0.010838713496923447,,0.16277612000703812,0.026505157351493835,0.0028613004833459854
38718,0.15,1024,certified_fallback,cuda,0.004861865192651749,0.11235137470066547,0.002977309748530388,0.002293916419148445,,0.006032152101397514,,0.15675252862274647,0.026505157351493835,0.0
38718,0.15,1024,fine_mc,cpu,0.005155464634299278,0.11783226206898689,0.0029225926846265793,0.027089769020676613,0.0,0.0,0.001256737858057022,0.1543837245553732,,
38718,1.0,256,fine_mc,cuda,0.006124893203377724,0.033251313492655754,0.0012362487614154816,0.0010816585272550583,0.0010404479503631592,0.0054745860397815704,0.00046677328646183014,0.0477178618311882,,
38718,1.0,256,empirical_selective,cuda,0.006124893203377724,0.033251313492655754,0.0012362487614154816,0.0010743476450443268,,0.0048843566328287125,,0.05266268365085125,0.005165068432688713,0.0008440669625997543
38718,1.0,256,certified_fallback,cuda,0.006124893203377724,0.033251313492655754,0.0012362487614154816,0.0010316278785467148,,0.004887742921710014,,0.052416738122701645,0.005165068432688713,0.0
38718,1.0,256,fine_mc,cpu,0.006116980686783791,0.03407272510230541,0.0007362347096204758,0.006135391071438789,0.0,0.0,0.0003173239529132843,0.04747435264289379,,
38718,1.0,1024,fine_mc,cuda,0.006380595266819,0.22367288917303085,0.0029266905039548874,0.0022981632500886917,0.002261823892593384,0.01113513857126236,0.0014502815902233124,0.24797317944467068,,
38718,1.0,1024,empirical_selective,cuda,0.006380595266819,0.22367288917303085,0.0029266905039548874,0.002300914376974106,,0.005817564204335213,,0.262444032356143,0.018185317516326904,0.0030506402254104614
38718,1.0,1024,certified_fallback,cuda,0.006380595266819,0.22367288917303085,0.0029266905039548874,0.002291327342391014,,0.005928082391619682,,0.26137332431972027,0.018185317516326904,0.0
38718,1.0,1024,fine_mc,cpu,0.006309192627668381,0.22755369916558266,0.003373941406607628,0.023493634536862373,0.0,0.0,0.0012900009751319885,0.26216087117791176,,
38799,0.0,256,fine_mc,cuda,0.0041625890880823135,0.021711790934205055,0.0010450556874275208,0.0010782163590192795,0.001038848042488098,0.004879936575889587,0.0005164165049791336,0.03348034806549549,,
38799,0.0,256,empirical_selective,cuda,0.0041625890880823135,0.021711790934205055,0.0010450556874275208,0.0011756494641304016,,0.0017071403563022614,,0.035758670419454575,0.005171697586774826,0.000698404386639595
38799,0.0,256,certified_fallback,cuda,0.0041625890880823135,0.021711790934205055,0.0010450556874275208,0.0009064674377441406,,0.0016481298953294754,,0.03530975803732872,0.005171697586774826,0.0
38799,0.0,256,fine_mc,cpu,0.0042681097984313965,0.02079210802912712,0.0007302053272724152,0.005828280001878738,0.0,0.0,0.0003091394901275635,0.038710618391633034,,
38799,0.0,1024,fine_mc,cuda,0.004301019012928009,0.10646887309849262,0.00290808267891407,0.002297375351190567,0.0022655038833618163,0.010575486347079277,0.0016275309026241302,0.12828317657113075,,
38799,0.0,1024,empirical_selective,cuda,0.004301019012928009,0.10646887309849262,0.00290808267891407,0.0023025348782539368,,0.010456133633852005,,0.14950595423579216,0.01971188746392727,0.003252614289522171
38799,0.0,1024,certified_fallback,cuda,0.004301019012928009,0.10646887309849262,0.00290808267891407,0.0022952165454626083,,0.006179302930831909,,0.14380917511880398,0.01971188746392727,0.0
38799,0.0,1024,fine_mc,cpu,0.004326799884438515,0.156868614256382,0.0033789444714784622,0.03340589441359043,0.0,0.0,0.0013102982193231583,0.1994183026254177,,
38799,0.15,256,fine_mc,cuda,0.0049933940172195435,0.023610083386301994,0.0012855082750320435,0.001228461042046547,0.0011785919666290282,0.005322383716702461,0.00043096207082271576,0.03698699548840523,,
38799,0.15,256,empirical_selective,cuda,0.0049933940172195435,0.023610083386301994,0.0012855082750320435,0.0010751653462648392,,0.004675364121794701,,0.041638659313321114,0.005219075828790665,0.0006638653576374054
38799,0.15,256,certified_fallback,cuda,0.0049933940172195435,0.023610083386301994,0.0012855082750320435,0.0011087283492088318,,0.004664279520511627,,0.042304135859012604,0.005219075828790665,0.0
38799,0.15,256,fine_mc,cpu,0.005271885544061661,0.023998046293854713,0.0007339362055063248,0.00577021948993206,0.0,0.0,0.0003102123737335205,0.03616899996995926,,
38799,0.15,1024,fine_mc,cuda,0.005290066823363304,0.1107982937246561,0.0029700305312871933,0.002313295379281044,0.002265791893005371,0.011067727580666542,0.0015294607728719711,0.13405987434089184,,
38799,0.15,1024,empirical_selective,cuda,0.005290066823363304,0.1107982937246561,0.0029700305312871933,0.0022997166961431503,,0.01081063598394394,,0.15834151580929756,0.022868508473038673,0.003213264048099518
38799,0.15,1024,certified_fallback,cuda,0.005290066823363304,0.1107982937246561,0.0029700305312871933,0.0022927969694137573,,0.00621650367975235,,0.15222010016441345,0.022868508473038673,0.0
38799,0.15,1024,fine_mc,cpu,0.005028294399380684,0.12158206105232239,0.0024807658046483994,0.03232102654874325,0.0,0.0,0.0012668967247009277,0.1628236621618271,,
38799,1.0,256,fine_mc,cuda,0.007589932531118393,0.035210855305194855,0.0011089984327554703,0.001071816310286522,0.0010315840244293213,0.004592955112457275,0.0004585646092891693,0.05013198405504227,,
38799,1.0,256,empirical_selective,cuda,0.007589932531118393,0.035210855305194855,0.0011089984327554703,0.0010297466069459915,,0.00451643206179142,,0.055089812725782394,0.004910523071885109,0.0006244629621505737
38799,1.0,256,certified_fallback,cuda,0.007589932531118393,0.035210855305194855,0.0011089984327554703,0.0009104851633310318,,0.004467612132430077,,0.054849911481142044,0.004910523071885109,0.0
38799,1.0,256,fine_mc,cpu,0.006331313401460648,0.03615056164562702,0.0006212536245584488,0.006222164258360863,0.0,0.0,0.00036114081740379333,0.04977121762931347,,
38799,1.0,1024,fine_mc,cuda,0.006256783381104469,0.23211277090013027,0.002704368904232979,0.0022966954857110977,0.0022613759040832518,0.010266311466693878,0.0015947110950946808,0.25534026324748993,,
38799,1.0,1024,empirical_selective,cuda,0.006256783381104469,0.23211277090013027,0.002704368904232979,0.0022915564477443695,,0.005505036562681198,,0.2769973836839199,0.024816153571009636,0.0032020919024944305
38799,1.0,1024,certified_fallback,cuda,0.006256783381104469,0.23211277090013027,0.002704368904232979,0.002297487109899521,,0.005541689693927765,,0.2757686171680689,0.024816153571009636,0.0
38799,1.0,1024,fine_mc,cpu,0.007864346727728844,0.2232181653380394,0.0027380194514989853,0.024179359897971153,0.0,0.0,0.0012889299541711807,0.2594083808362484,,
38880,0.0,256,fine_mc,cuda,0.004196317866444588,0.020888516679406166,0.0010134298354387283,0.0010898876935243607,0.0010488959550857544,0.004846995696425438,0.00045772455632686615,0.032583191990852356,,
38880,0.0,256,empirical_selective,cuda,0.004196317866444588,0.020888516679406166,0.0010134298354387283,0.0010469071567058563,,0.0047876834869384766,,0.038559507578611374,0.005894500762224197,0.0006418321281671524
38880,0.0,256,certified_fallback,cuda,0.004196317866444588,0.020888516679406166,0.0010134298354387283,0.0009280163794755936,,0.004547672346234322,,0.038104347884655,0.005894500762224197,0.0
38880,0.0,256,fine_mc,cpu,0.004330052062869072,0.021996773779392242,0.0007760953158140182,0.006190674379467964,0.0,0.0,0.0003309231251478195,0.04042659513652325,,
38880,0.0,1024,fine_mc,cuda,0.008582958951592445,0.10165894031524658,0.0026290379464626312,0.0022913962602615356,0.0022586560249328613,0.009870268404483795,0.001676740124821663,0.12683295272290707,,
38880,0.0,1024,empirical_selective,cuda,0.008582958951592445,0.10165894031524658,0.0026290379464626312,0.0023036040365695953,,0.01012095995247364,,0.14752923510968685,0.018903959542512894,0.0032061636447906494
38880,0.0,1024,certified_fallback,cuda,0.008582958951592445,0.10165894031524658,0.0026290379464626312,0.002293504774570465,,0.005588097497820854,,0.14142784290015697,0.018903959542512894,0.0
38880,0.0,1024,fine_mc,cpu,0.0044546909630298615,0.16967028193175793,0.0027231499552726746,0.03223925456404686,0.0,0.0,0.0013373475521802902,0.21054229512810707,,
38880,0.15,256,fine_mc,cuda,0.007189670577645302,0.02373584546148777,0.0009606461971998215,0.001071607694029808,0.0010301439762115479,0.004692623391747475,0.00043901242315769196,0.03822699934244156,,
38880,0.15,256,empirical_selective,cuda,0.007189670577645302,0.02373584546148777,0.0009606461971998215,0.001019975170493126,,0.004531091079115868,,0.04320210963487625,0.004954993724822998,0.0006722938269376755
38880,0.15,256,certified_fallback,cuda,0.007189670577645302,0.02373584546148777,0.0009606461971998215,0.0009282063692808151,,0.004536662250757217,,0.04300806112587452,0.004954993724822998,0.0
38880,0.15,256,fine_mc,cpu,0.005095032975077629,0.024929003790020943,0.0007132925093173981,0.006200583651661873,0.0,0.0,0.0003404635936021805,0.037374671548604965,,
38880,0.15,1024,fine_mc,cuda,0.004767412319779396,0.11941995285451412,0.0035600438714027405,0.0022886767983436584,0.002254848003387451,0.010880937799811363,0.0016304515302181244,0.14263164810836315,,
38880,0.15,1024,empirical_selective,cuda,0.004767412319779396,0.11941995285451412,0.0035600438714027405,0.0023207757622003555,,0.011000575497746468,,0.16715108416974545,0.022393696010112762,0.003604454919695854
38880,0.15,1024,certified_fallback,cuda,0.004767412319779396,0.11941995285451412,0.0035600438714027405,0.0022984351962804794,,0.006130199879407883,,0.16031747870147228,0.022393696010112762,0.0
38880,0.15,1024,fine_mc,cpu,0.005127303302288055,0.15138069540262222,0.002843329682946205,0.027964875102043152,0.0,0.0,0.0011455174535512924,0.18861046433448792,,
38880,1.0,256,fine_mc,cuda,0.006121132522821426,0.0349247045814991,0.0010744761675596237,0.001085745170712471,0.0010445760488510133,0.00471862405538559,0.00045035406947135925,0.04845696687698364,,
38880,1.0,256,empirical_selective,cuda,0.006121132522821426,0.0349247045814991,0.0010744761675596237,0.0010157451033592224,,0.004563251510262489,,0.053336938843131065,0.004884464666247368,0.0006712339818477631
38880,1.0,256,certified_fallback,cuda,0.006121132522821426,0.0349247045814991,0.0010744761675596237,0.0009222887456417084,,0.004739163443446159,,0.0533328503370285,0.004884464666247368,0.0
38880,1.0,256,fine_mc,cpu,0.006155950948596001,0.03545147553086281,0.0007889065891504288,0.006224183365702629,0.0,0.0,0.00031822361052036285,0.04902936331927776,,
38880,1.0,1024,fine_mc,cuda,0.006367454305291176,0.21921154856681824,0.002953559160232544,0.0023045968264341354,0.002267616033554077,0.01130225881934166,0.001529918983578682,0.24377272836863995,,
38880,1.0,1024,empirical_selective,cuda,0.006367454305291176,0.21921154856681824,0.002953559160232544,0.002300705760717392,,0.005777150392532349,,0.2616822551935911,0.02155042067170143,0.003418024629354477
38880,1.0,1024,certified_fallback,cuda,0.006367454305291176,0.21921154856681824,0.002953559160232544,0.002366619184613228,,0.008846679702401161,,0.2630975153297186,0.02155042067170143,0.0
38880,1.0,1024,fine_mc,cpu,0.0062775760889053345,0.2353437002748251,0.0028495807200670242,0.023884836584329605,0.0,0.0,0.0013300292193889618,0.26980777457356453,,
38961,0.0,256,fine_mc,cuda,0.0042784493416547775,0.021404899656772614,0.0007276646792888641,0.00119117833673954,0.0011527040004730225,0.001732170581817627,0.0004335213452577591,0.02985142543911934,,
38961,0.0,256,empirical_selective,cuda,0.0042784493416547775,0.021404899656772614,0.0007276646792888641,0.0012008380144834518,,0.005062414333224297,,0.040156129747629166,0.006502186879515648,0.0008961353451013565
38961,0.0,256,certified_fallback,cuda,0.0042784493416547775,0.021404899656772614,0.0007276646792888641,0.0010317545384168625,,0.005119169130921364,,0.039712779223918915,0.006502186879515648,0.0
38961,0.0,256,fine_mc,cpu,0.004853123798966408,0.023072602227330208,0.0007700249552726746,0.006066491827368736,0.0,0.0,0.00032476335763931274,0.03921007364988327,,
38961,0.0,1024,fine_mc,cuda,0.004793563857674599,0.10441222786903381,0.002605261281132698,0.0023016855120658875,0.0022681279182434084,0.011504730209708214,0.001701420173048973,0.12743084505200386,,
38961,0.0,1024,empirical_selective,cuda,0.004793563857674599,0.10441222786903381,0.002605261281132698,0.002331165596842766,,0.0060217007994651794,,0.1484732050448656,0.02476109378039837,0.003436235710978508
38961,0.0,1024,certified_fallback,cuda,0.004793563857674599,0.10441222786903381,0.002605261281132698,0.0022931676357984543,,0.0063786618411540985,,0.14704907685518265,0.02476109378039837,0.0
38961,0.0,1024,fine_mc,cpu,0.004826903343200684,0.1085837073624134,0.002921879291534424,0.030139518901705742,0.0,0.0,0.0013091601431369781,0.14790993183851242,,
38961,0.15,256,fine_mc,cuda,0.005422588437795639,0.02420399896800518,0.0009761787950992584,0.0017594322562217712,0.0017192000150680542,0.0049215033650398254,0.0005208831280469894,0.03791728988289833,,
38961,0.15,256,empirical_selective,cuda,0.005422588437795639,0.02420399896800518,0.0009761787950992584,0.0011426173150539398,,0.004981633275747299,,0.043935032561421394,0.006409784778952599,0.0006855260580778122
38961,0.15,256,certified_fallback,cuda,0.005422588437795639,0.02420399896800518,0.0009761787950992584,0.0010644961148500443,,0.004793595522642136,,0.04368802346289158,0.006409784778952599,0.0
38961,0.15,256,fine_mc,cpu,0.005356965586543083,0.024127701297402382,0.0008167959749698639,0.006718285381793976,0.0,0.0,0.000328725203871727,0.03957044705748558,,
38961,0.15,1024,fine_mc,cuda,0.00519009493291378,0.11953079514205456,0.0031084511429071426,0.0023458879441022873,0.0023007040023803713,0.012053173035383224,0.0014424286782741547,0.143761632964015,,
38961,0.15,1024,empirical_selective,cuda,0.00519009493291378,0.11953079514205456,0.0031084511429071426,0.0022987835109233856,,0.010937076061964035,,0.16466739773750305,0.02030586451292038,0.003205530345439911
38961,0.15,1024,certified_fallback,cuda,0.00519009493291378,0.11953079514205456,0.0031084511429071426,0.0023386571556329727,,0.006467197090387344,,0.15896724350750446,0.02030586451292038,0.0
38961,0.15,1024,fine_mc,cpu,0.005081549286842346,0.14260304532945156,0.0028112679719924927,0.028644397854804993,0.0,0.0,0.0012092497199773788,0.18049593083560467,,
38961,1.0,256,fine_mc,cuda,0.006636476144194603,0.035465775057673454,0.0007854960858821869,0.001015685498714447,0.000978879988193512,0.001811973750591278,0.00046470388770103455,0.04625895246863365,,
38961,1.0,256,empirical_selective,cuda,0.006636476144194603,0.035465775057673454,0.0007854960858821869,0.0010657869279384613,,0.001668473705649376,,0.05185110121965408,0.005293186753988266,0.000857064500451088
38961,1.0,256,certified_fallback,cuda,0.006636476144194603,0.035465775057673454,0.0007854960858821869,0.0010415483266115189,,0.0016216803342103958,,0.05151696130633354,0.005293186753988266,0.0
38961,1.0,256,fine_mc,cpu,0.006438024342060089,0.03494052402675152,0.0007587634027004242,0.0061366744339466095,0.0,0.0,0.00039733201265335083,0.048762401565909386,,
38961,1.0,1024,fine_mc,cuda,0.006545644253492355,0.23075494915246964,0.0028889719396829605,0.002295905724167824,0.002263808012008667,0.010611994192004204,0.001579470932483673,0.25478602573275566,,
38961,1.0,1024,empirical_selective,cuda,0.006545644253492355,0.23075494915246964,0.0028889719396829605,0.0022936277091503143,,0.005871770903468132,,0.27078757993876934,0.019049974158406258,0.003273552283644676
38961,1.0,1024,certified_fallback,cuda,0.006545644253492355,0.23075494915246964,0.0028889719396829605,0.0023087766021490097,,0.013268286362290382,,0.2766345702111721,0.019049974158406258,0.0
38961,1.0,1024,fine_mc,cpu,0.006513414904475212,0.23731360584497452,0.003224441781640053,0.026025041937828064,0.0,0.0,0.0014188606292009354,0.2746361456811428,,
39042,0.0,256,fine_mc,cuda,0.004332458600401878,0.021444028243422508,0.0009816642850637436,0.0011869873851537704,0.0011409920454025268,0.0049380045384168625,0.0004652533680200577,0.03343530371785164,,
39042,0.0,256,empirical_selective,cuda,0.004332458600401878,0.021444028243422508,0.0009816642850637436,0.0010912679135799408,,0.004690611734986305,,0.03864467889070511,0.0053490567952394485,0.0006686840206384659
39042,0.0,256,certified_fallback,cuda,0.004332458600401878,0.021444028243422508,0.0009816642850637436,0.000949028879404068,,0.004815340042114258,,0.0385331604629755,0.0053490567952394485,0.0
39042,0.0,256,fine_mc,cpu,0.004504580050706863,0.021955933421850204,0.0007805228233337402,0.006279392167925835,0.0,0.0,0.00034022144973278046,0.04198281653225422,,
39042,0.0,1024,fine_mc,cuda,0.004542810842394829,0.16447493620216846,0.002869280055165291,0.00229845754802227,0.002265631914138794,0.011508705094456673,0.001452101394534111,0.1872577928006649,,
39042,0.0,1024,empirical_selective,cuda,0.004542810842394829,0.16447493620216846,0.002869280055165291,0.002305915579199791,,0.010944398120045662,,0.20862901397049427,0.020135071128606796,0.0032451003789901733
39042,0.0,1024,certified_fallback,cuda,0.004542810842394829,0.16447493620216846,0.002869280055165291,0.002294156700372696,,0.006205601617693901,,0.20236228965222836,0.020135071128606796,0.0
39042,0.0,1024,fine_mc,cpu,0.0048484839498996735,0.16823117434978485,0.0025902166962623596,0.024247540161013603,0.0,0.0,0.0012992694973945618,0.20136511698365211,,
39042,0.15,256,fine_mc,cuda,0.005250725895166397,0.024700762704014778,0.0011569466441869736,0.0012481007725000381,0.0012000319957733154,0.0047145504504442215,0.0004711616784334183,0.037652481347322464,,
39042,0.15,256,empirical_selective,cuda,0.005250725895166397,0.024700762704014778,0.0011569466441869736,0.0012801270931959152,,0.004815146327018738,,0.04399660974740982,0.005944112315773964,0.0007385555654764175
39042,0.15,256,certified_fallback,cuda,0.005250725895166397,0.024700762704014778,0.0011569466441869736,0.0009460877627134323,,0.00470329262316227,,0.04341694340109825,0.005944112315773964,0.0
39042,0.15,256,fine_mc,cpu,0.005337996408343315,0.02390734665095806,0.0010163281112909317,0.0069143883883953094,0.0,0.0,0.0003219824284315109,0.03761427290737629,,
39042,0.15,1024,fine_mc,cuda,0.005004864186048508,0.11683053523302078,0.00332428514957428,0.0023074671626091003,0.0022669761180877687,0.005907071754336357,0.0014970693737268448,0.1349390521645546,,
39042,0.15,1024,empirical_selective,cuda,0.005004864186048508,0.11683053523302078,0.00332428514957428,0.002402946352958679,,0.013324413448572159,,0.16469878889620304,0.02067466452717781,0.0030693206936120987
39042,0.15,1024,certified_fallback,cuda,0.005004864186048508,0.11683053523302078,0.00332428514957428,0.0023121964186429977,,0.006222166121006012,,0.15634831227362156,0.02067466452717781,0.0
39042,0.15,1024,fine_mc,cpu,0.005546340718865395,0.12807657197117805,0.0030003897845745087,0.029935788363218307,0.0,0.0,0.0012693479657173157,0.16797705180943012,,
39042,1.0,256,fine_mc,cuda,0.006640106439590454,0.03508777543902397,0.0013176500797271729,0.0011619795113801956,0.00111353600025177,0.005154697224497795,0.0004911348223686218,0.04996161162853241,,
39042,1.0,256,empirical_selective,cuda,0.006640106439590454,0.03508777543902397,0.0013176500797271729,0.0012872908264398575,,0.0047167036682367325,,0.05523700639605522,0.005267186090350151,0.0008120257407426834
39042,1.0,256,certified_fallback,cuda,0.006640106439590454,0.03508777543902397,0.0013176500797271729,0.0010077543556690216,,0.004719538614153862,,0.05479593016207218,0.005267186090350151,0.0
39042,1.0,256,fine_mc,cpu,0.006426030769944191,0.05067201144993305,0.0007003955543041229,0.0077889952808618546,0.0,0.0,0.000376114621758461,0.06605665385723114,,
39042,1.0,1024,fine_mc,cuda,0.006643863394856453,0.25760667584836483,0.0029000993818044662,0.002323947846889496,0.0022775681018829346,0.0061788540333509445,0.001440480351448059,0.2772053051739931,,
39042,1.0,1024,empirical_selective,cuda,0.006643863394856453,0.25760667584836483,0.0029000993818044662,0.002302544191479683,,0.005833815783262253,,0.3008441496640444,0.022405516356229782,0.003040250390768051
39042,1.0,1024,certified_fallback,cuda,0.006643863394856453,0.25760667584836483,0.0029000993818044662,0.002227107062935829,,0.011853929609060287,,0.30555111169815063,0.022405516356229782,0.0
39042,1.0,1024,fine_mc,cpu,0.006858939304947853,0.25060680881142616,0.002842908725142479,0.03248997777700424,0.0,0.0,0.0013926886022090912,0.29431421123445034,,
39124,0.0,256,fine_mc,cuda,0.004496121779084206,0.0297950878739357,0.0016867425292730331,0.0011149272322654724,0.0010718079805374146,0.005060024559497833,0.0005011241883039474,0.042744698002934456,,
39124,0.0,256,empirical_selective,cuda,0.004496121779084206,0.0297950878739357,0.0016867425292730331,0.0011450182646512985,,0.0049429647624492645,,0.04917866364121437,0.005989672616124153,0.0010323859751224518
39124,0.0,256,certified_fallback,cuda,0.004496121779084206,0.0297950878739357,0.0016867425292730331,0.001002635806798935,,0.005273174494504929,,0.048909742385149,0.005989672616124153,0.0
39124,0.0,256,fine_mc,cpu,0.004465492442250252,0.030033519491553307,0.0008916370570659637,0.0133870430290699,0.0,0.0,0.00033084116876125336,0.05735465884208679,,
39124,0.0,1024,fine_mc,cuda,0.004562003538012505,0.11585068888962269,0.0026127565652132034,0.0022985748946666718,0.002262655973434448,0.006012840196490288,0.0016315635293722153,0.13307823613286018,,
39124,0.0,1024,empirical_selective,cuda,0.004562003538012505,0.11585068888962269,0.0026127565652132034,0.0023240353912115097,,0.01052827201783657,,0.15899847634136677,0.02003493905067444,0.00297597236931324
39124,0.0,1024,certified_fallback,cuda,0.004562003538012505,0.11585068888962269,0.0026127565652132034,0.002296796068549156,,0.00610928051173687,,0.1532537154853344,0.02003493905067444,0.0
39124,0.0,1024,fine_mc,cpu,0.004621364176273346,0.17876765690743923,0.002645866945385933,0.03780220448970795,0.0,0.0,0.0013945996761322021,0.22535491921007633,,
39124,0.15,256,fine_mc,cuda,0.006925277411937714,0.026785526424646378,0.0011853184551000595,0.0011564381420612335,0.0011193280220031738,0.005205236375331879,0.00043507106602191925,0.04181529022753239,,
39124,0.15,256,empirical_selective,cuda,0.006925277411937714,0.026785526424646378,0.0011853184551000595,0.0010376367717981339,,0.004718100652098656,,0.04774370975792408,0.005928419530391693,0.0010410081595182419
39124,0.15,256,certified_fallback,cuda,0.006925277411937714,0.026785526424646378,0.0011853184551000595,0.000931035727262497,,0.005091167986392975,,0.04751848056912422,0.005928419530391693,0.0
39124,0.15,256,fine_mc,cpu,0.005370007827877998,0.0328456312417984,0.0009747184813022614,0.007252400740981102,0.0,0.0,0.00032461434602737427,0.046856559813022614,,
39124,0.15,1024,fine_mc,cuda,0.005218783393502235,0.1280987225472927,0.0025933682918548584,0.002302747219800949,0.002261631965637207,0.006203383207321167,0.001454729586839676,0.1459497269243002,,
39124,0.15,1024,empirical_selective,cuda,0.005218783393502235,0.1280987225472927,0.0025933682918548584,0.0024508386850357056,,0.00964915007352829,,0.1722129937261343,0.021037878468632698,0.003086259588599205
39124,0.15,1024,certified_fallback,cuda,0.005218783393502235,0.1280987225472927,0.0025933682918548584,0.002310764044523239,,0.006024952977895737,,0.1670948565006256,0.021037878468632698,0.0
39124,0.15,1024,fine_mc,cpu,0.005770981311798096,0.13582090847194195,0.0028333477675914764,0.03971453942358494,0.0,0.0,0.0013440102338790894,0.18565260618925095,,
39124,1.0,256,fine_mc,cuda,0.0064146630465984344,0.04172659106552601,0.0008347257971763611,0.0011684894561767578,0.0011310080289840699,0.0018890053033828735,0.000528952106833458,0.05264003947377205,,
39124,1.0,256,empirical_selective,cuda,0.0064146630465984344,0.04172659106552601,0.0008347257971763611,0.0010980982333421707,,0.0016202591359615326,,0.05778669938445091,0.005217906087636948,0.0007968433201313019
39124,1.0,256,certified_fallback,cuda,0.0064146630465984344,0.04172659106552601,0.0008347257971763611,0.0009948164224624634,,0.0017693620175123215,,0.05763279274106026,0.005217906087636948,0.0
39124,1.0,256,fine_mc,cpu,0.006473217159509659,0.04583026096224785,0.0007927548140287399,0.008126465603709221,0.0,0.0,0.00043327175080776215,0.06175369955599308,,
39124,1.0,1024,fine_mc,cuda,0.0072806719690561295,0.24590182676911354,0.0031118448823690414,0.0023153480142354965,0.0022760961055755613,0.006223469972610474,0.0015035886317491531,0.2664506081491709,,
39124,1.0,1024,empirical_selective,cuda,0.0072806719690561295,0.24590182676911354,0.0031118448823690414,0.0023280438035726547,,0.006031140685081482,,0.28975098207592964,0.021981293335556984,0.003002302721142769
39124,1.0,1024,certified_fallback,cuda,0.0072806719690561295,0.24590182676911354,0.0031118448823690414,0.0023065153509378433,,0.009207751601934433,,0.29167026840150356,0.021981293335556984,0.0
39124,1.0,1024,fine_mc,cpu,0.006333593279123306,0.2649469170719385,0.0030696410685777664,0.030719095841050148,0.0,0.0,0.0015538111329078674,0.3067506030201912,,
39205,0.0,256,fine_mc,cuda,0.004168448969721794,0.028063325211405754,0.0017920136451721191,0.0011185090988874435,0.0010724799633026123,0.005108574405312538,0.0004970841109752655,0.04083595424890518,,
39205,0.0,256,empirical_selective,cuda,0.004168448969721794,0.028063325211405754,0.0017920136451721191,0.0010812077671289444,,0.00480780191719532,,0.04679357260465622,0.0057774800807237625,0.0010152962058782578
39205,0.0,256,certified_fallback,cuda,0.004168448969721794,0.028063325211405754,0.0017920136451721191,0.0009624380618333817,,0.0051916055381298065,,0.04724711924791336,0.0057774800807237625,0.0
39205,0.0,256,fine_mc,cpu,0.004372362047433853,0.026204824447631836,0.0007156748324632645,0.007218329235911369,0.0,0.0,0.00032724253833293915,0.0473763607442379,,
39205,0.0,1024,fine_mc,cuda,0.004476569592952728,0.10373441316187382,0.0025229770690202713,0.0022911634296178818,0.00225929594039917,0.01077553816139698,0.0014880020171403885,0.12540240585803986,,
39205,0.0,1024,empirical_selective,cuda,0.004476569592952728,0.10373441316187382,0.0025229770690202713,0.0023051854223012924,,0.010177504271268845,,0.15033741295337677,0.02396026812493801,0.0030467528849840164
39205,0.0,1024,certified_fallback,cuda,0.004476569592952728,0.10373441316187382,0.0025229770690202713,0.0022932160645723343,,0.006118573248386383,,0.14495681039988995,0.02396026812493801,0.0
39205,0.0,1024,fine_mc,cpu,0.004995943978428841,0.17434090748429298,0.0033453740179538727,0.03290176950395107,0.0,0.0,0.0013048294931650162,0.21702823601663113,,
39205,0.15,256,fine_mc,cuda,0.005123542621731758,0.02325340360403061,0.001124400645494461,0.0011129379272460938,0.0010700479745864868,0.0050879959017038345,0.0004509035497903824,0.03626885451376438,,
39205,0.15,256,empirical_selective,cuda,0.005123542621731758,0.02325340360403061,0.001124400645494461,0.001020926982164383,,0.004470892250537872,,0.040735555812716484,0.005040504038333893,0.0005862154066562653
39205,0.15,256,certified_fallback,cuda,0.005123542621731758,0.02325340360403061,0.001124400645494461,0.000945165753364563,,0.004513192921876907,,0.040678223595023155,0.005040504038333893,0.0
39205,0.15,256,fine_mc,cpu,0.005013873800635338,0.022542469203472137,0.0008073356002569199,0.005978532135486603,0.0,0.0,0.0003124997019767761,0.03474358096718788,,
39205,0.15,1024,fine_mc,cuda,0.004837224259972572,0.11828979663550854,0.0032480917870998383,0.0022956952452659607,0.0022592000961303713,0.009045952931046486,0.00147307850420475,0.1392697785049677,,
39205,0.15,1024,empirical_selective,cuda,0.004837224259972572,0.11828979663550854,0.0032480917870998383,0.0023024361580610275,,0.010552123188972473,,0.1641323920339346,0.021445007994771004,0.003377772867679596
39205,0.15,1024,certified_fallback,cuda,0.004837224259972572,0.11828979663550854,0.0032480917870998383,0.002310127019882202,,0.005618426948785782,,0.15749668702483177,0.021445007994771004,0.0
39205,0.15,1024,fine_mc,cpu,0.006456363946199417,0.1235298328101635,0.002911258488893509,0.03103305585682392,0.0,0.0,0.0013325512409210205,0.1654264945536852,,
39205,1.0,256,fine_mc,cuda,0.006131403148174286,0.03572659753262997,0.0010986477136611938,0.0010833553969860077,0.0010403519868850707,0.004712553694844246,0.00043031200766563416,0.049285223707556725,,
39205,1.0,256,empirical_selective,cuda,0.006131403148174286,0.03572659753262997,0.0010986477136611938,0.0011202581226825714,,0.004961943253874779,,0.05623333342373371,0.006367083638906479,0.0007250458002090454
39205,1.0,256,certified_fallback,cuda,0.006131403148174286,0.03572659753262997,0.0010986477136611938,0.0009939782321453094,,0.004771370440721512,,0.05576341040432453,0.006367083638906479,0.0
39205,1.0,256,fine_mc,cpu,0.006114441901445389,0.03422247804701328,0.0006881263107061386,0.0066169556230306625,0.0,0.0,0.00035908259451389313,0.04809465445578098,,
39205,1.0,1024,fine_mc,cuda,0.0076272152364254,0.23049927689135075,0.0027435999363660812,0.002296077087521553,0.0022619519233703614,0.0084907878190279,0.001446479931473732,0.25322526693344116,,
39205,1.0,1024,empirical_selective,cuda,0.0076272152364254,0.23049927689135075,0.0027435999363660812,0.0022991281002759933,,0.005698869004845619,,0.2735189627856016,0.021800603717565536,0.0027284398674964905
39205,1.0,1024,certified_fallback,cuda,0.0076272152364254,0.23049927689135075,0.0027435999363660812,0.002300405874848366,,0.00800122506916523,,0.27475572004914284,0.021800603717565536,0.0
39205,1.0,1024,fine_mc,cpu,0.006231965497136116,0.23531416058540344,0.0026611872017383575,0.02319479174911976,0.0,0.0,0.0012791473418474197,0.26878991536796093,,
39286,0.0,256,fine_mc,cuda,0.00421137735247612,0.0217080507427454,0.0009520668536424637,0.0010762661695480347,0.0010369280576705932,0.004549402743577957,0.0004422646015882492,0.03302386216819286,,
39286,0.0,256,empirical_selective,cuda,0.00421137735247612,0.0217080507427454,0.0009520668536424637,0.0009909067302942276,,0.0045801252126693726,,0.038186341524124146,0.005005195736885071,0.0006541851907968521
39286,0.0,256,certified_fallback,cuda,0.00421137735247612,0.0217080507427454,0.0009520668536424637,0.0009654182940721512,,0.004549400880932808,,0.038042545318603516,0.005005195736885071,0.0
39286,0.0,256,fine_mc,cpu,0.006080511957406998,0.02104026824235916,0.0007218252867460251,0.006153792142868042,0.0,0.0,0.0003407709300518036,0.03789666295051575,,
39286,0.0,1024,fine_mc,cuda,0.004780204966664314,0.10483042895793915,0.0025586169213056564,0.002306383103132248,0.0022694079875946044,0.010230610147118568,0.001459810882806778,0.12628132849931717,,
39286,0.0,1024,empirical_selective,cuda,0.004780204966664314,0.10483042895793915,0.0025586169213056564,0.0022951029241085052,,0.010334283113479614,,0.14760817773640156,0.019936678931117058,0.0027575884014368057
39286,0.0,1024,certified_fallback,cuda,0.004780204966664314,0.10483042895793915,0.0025586169213056564,0.002295946702361107,,0.006058871746063232,,0.14227642305195332,0.019936678931117058,0.0
39286,0.0,1024,fine_mc,cpu,0.004420449957251549,0.177171116694808,0.0031488128006458282,0.03491172380745411,0.0,0.0,0.0012995880097150803,0.22110417298972607,,
39286,0.15,256,fine_mc,cuda,0.005376327782869339,0.025370588526129723,0.0010581985116004944,0.0010767802596092224,0.0010375360250473023,0.005135813727974892,0.0005816929042339325,0.03871241956949234,,
39286,0.15,256,empirical_selective,cuda,0.005376327782869339,0.025370588526129723,0.0010581985116004944,0.000965336337685585,,0.0015805196017026901,,0.04012488014996052,0.005007106810808182,0.0006537847220897675
39286,0.15,256,certified_fallback,cuda,0.005376327782869339,0.025370588526129723,0.0010581985116004944,0.0008771754801273346,,0.0015325620770454407,,0.039886871352791786,0.005007106810808182,0.0
39286,0.15,256,fine_mc,cpu,0.0050156861543655396,0.024060707539319992,0.0008163359016180038,0.006295550614595413,0.0,0.0,0.00031452253460884094,0.036589860916137695,,
39286,0.15,1024,fine_mc,cuda,0.0048054419457912445,0.11624779924750328,0.00310354121029377,0.002289745956659317,0.0022555840015411376,0.01027260348200798,0.0016124919056892395,0.13841588608920574,,
39286,0.15,1024,empirical_selective,cuda,0.0048054419457912445,0.11624779924750328,0.00310354121029377,0.002297285944223404,,0.009714188054203987,,0.16089081950485706,0.02121981605887413,0.003418484702706337
39286,0.15,1024,certified_fallback,cuda,0.0048054419457912445,0.11624779924750328,0.00310354121029377,0.0022993553429841995,,0.005741458386182785,,0.15519743785262108,0.02121981605887413,0.0
39286,0.15,1024,fine_mc,cpu,0.005219155922532082,0.1176785510033369,0.003234444186091423,0.028536437079310417,0.0,0.0,0.0013192296028137207,0.15615488775074482,,
39286,1.0,256,fine_mc,cuda,0.006141632795333862,0.03412720747292042,0.000916164368391037,0.0010733678936958313,0.0010341119766235352,0.004708804190158844,0.0004385039210319519,0.047506626695394516,,
39286,1.0,256,empirical_selective,cuda,0.006141632795333862,0.03412720747292042,0.000916164368391037,0.0010212771594524384,,0.0046662744134664536,,0.05251697078347206,0.004873884841799736,0.0006695836782455444
39286,1.0,256,certified_fallback,cuda,0.006141632795333862,0.03412720747292042,0.000916164368391037,0.0010309871286153793,,0.004792043939232826,,0.052563171833753586,0.004873884841799736,0.0
39286,1.0,256,fine_mc,cpu,0.006192794069647789,0.03516168333590031,0.0006433706730604172,0.005973020568490028,0.0,0.0,0.00032409094274044037,0.04839802347123623,,
39286,1.0,1024,fine_mc,cuda,0.006196452304720879,0.2269552629441023,0.0027508679777383804,0.002301584929227829,0.00226582407951355,0.005697563290596008,0.0018391944468021393,0.24584121815860271,,
39286,1.0,1024,empirical_selective,cuda,0.006196452304720879,0.2269552629441023,0.0027508679777383804,0.002302408218383789,,0.010379619896411896,,0.27514224499464035,0.023277660831809044,0.0031796805560588837
39286,1.0,1024,certified_fallback,cuda,0.006196452304720879,0.2269552629441023,0.0027508679777383804,0.002293124794960022,,0.005529075860977173,,0.2695409581065178,0.023277660831809044,0.0
39286,1.0,1024,fine_mc,cpu,0.006371352821588516,0.23009387962520123,0.0032905936241149902,0.02437083050608635,0.0,0.0,0.0013250987976789474,0.26559140905737877,,
39367,0.0,256,fine_mc,cuda,0.004491949453949928,0.021730801090598106,0.0010610856115818024,0.0010718349367380142,0.0010336639881134034,0.004734193906188011,0.0004421621561050415,0.03361663408577442,,
39367,0.0,256,empirical_selective,cuda,0.004491949453949928,0.021730801090598106,0.0010610856115818024,0.0010275673121213913,,0.004972614347934723,,0.039040783420205116,0.004922974854707718,0.0007491838186979294
39367,0.0,256,certified_fallback,cuda,0.004491949453949928,0.021730801090598106,0.0010610856115818024,0.0009765569120645523,,0.004750402644276619,,0.03876838460564613,0.004922974854707718,0.0
39367,0.0,256,fine_mc,cpu,0.004417801275849342,0.020845696330070496,0.0007495544850826263,0.006149603053927422,0.0,0.0,0.0003151390701532364,0.03944569081068039,,
39367,0.0,1024,fine_mc,cuda,0.004422526806592941,0.10694542154669762,0.0026978496462106705,0.002322304993867874,0.002286400079727173,0.009507514536380768,0.0016228798776865005,0.12762527726590633,,
39367,0.0,1024,empirical_selective,cuda,0.004422526806592941,0.10694542154669762,0.0026978496462106705,0.0023058969527482986,,0.009700177237391472,,0.14970008842647076,0.02019592374563217,0.003325512632727623
39367,0.0,1024,certified_fallback,cuda,0.004422526806592941,0.10694542154669762,0.0026978496462106705,0.0022940877825021744,,0.005644179880619049,,0.14398153126239777,0.02019592374563217,0.0
39367,0.0,1024,fine_mc,cpu,0.004646781831979752,0.17099784687161446,0.00416203960776329,0.03334765136241913,0.0,0.0,0.0013870280236005783,0.21465958841145039,,
39367,0.15,256,fine_mc,cuda,0.005135376006364822,0.022770578041672707,0.0010971687734127045,0.0010685995221138,0.001030303955078125,0.0046155210584402084,0.0004318021237850189,0.03522849455475807,,
39367,0.15,256,empirical_selective,cuda,0.005135376006364822,0.022770578041672707,0.0010971687734127045,0.0010238457471132278,,0.004586534574627876,,0.040422890335321426,0.004963744431734085,0.0007361937314271927
39367,0.15,256,certified_fallback,cuda,0.005135376006364822,0.022770578041672707,0.0010971687734127045,0.0009514261037111282,,0.005071965977549553,,0.04070372134447098,0.004963744431734085,0.0
39367,0.15,256,fine_mc,cpu,0.005050955340266228,0.025123896077275276,0.0007813256233930588,0.006187984719872475,0.0,0.0,0.00031818076968193054,0.03755146451294422,,
39367,0.15,1024,fine_mc,cuda,0.005205588415265083,0.11464191228151321,0.0024355147033929825,0.0023031961172819138,0.002265631914138794,0.009817678481340408,0.0015396121889352798,0.13604316301643848,,
39367,0.15,1024,empirical_selective,cuda,0.005205588415265083,0.11464191228151321,0.0024355147033929825,0.0022992268204689026,,0.009860359132289886,,0.15785429440438747,0.020530223846435547,0.002781808376312256
39367,0.15,1024,certified_fallback,cuda,0.005205588415265083,0.11464191228151321,0.0024355147033929825,0.0022939853370189667,,0.005655517801642418,,0.15250981599092484,0.020530223846435547,0.0
39367,0.15,1024,fine_mc,cpu,0.005074365064501762,0.12070758640766144,0.003046078607439995,0.030984967947006226,0.0,0.0,0.0012449491769075394,0.16119716875255108,,
39367,1.0,256,fine_mc,cuda,0.006920989602804184,0.03331179358065128,0.0007967259734869003,0.001017346978187561,0.0009805120229721069,0.001638948917388916,0.00044250115752220154,0.04421311244368553,,
39367,1.0,256,empirical_selective,cuda,0.006920989602804184,0.03331179358065128,0.0007967259734869003,0.0009793657809495926,,0.00158759206533432,,0.04932924173772335,0.004886344075202942,0.0007616244256496429
39367,1.0,256,certified_fallback,cuda,0.006920989602804184,0.03331179358065128,0.0007967259734869003,0.0009046029299497604,,0.0015175510197877884,,0.048976678401231766,0.004886344075202942,0.0
39367,1.0,256,fine_mc,cpu,0.006706487387418747,0.03475761413574219,0.0007687844336032867,0.005921952426433563,0.0,0.0,0.0003717951476573944,0.048618024215102196,,
39367,1.0,1024,fine_mc,cuda,0.00626460462808609,0.23603381030261517,0.0027151983231306076,0.0023332629352808,0.00229532790184021,0.009988272562623024,0.0015940610319375992,0.25903469137847424,,
39367,1.0,1024,empirical_selective,cuda,0.00626460462808609,0.23603381030261517,0.0027151983231306076,0.0022973958402872086,,0.005512850359082222,,0.2772665526717901,0.02137281931936741,0.002964392304420471
39367,1.0,1024,certified_fallback,cuda,0.00626460462808609,0.23603381030261517,0.0027151983231306076,0.002302085980772972,,0.005578199401497841,,0.2761081587523222,0.02137281931936741,0.0
39367,1.0,1024,fine_mc,cpu,0.006622176617383957,0.170314971357584,0.003055129200220108,0.023342102766036987,0.0,0.0,0.001274028792977333,0.2047596015036106,,
39449,0.0,256,fine_mc,cuda,0.005834322422742844,0.02160760946571827,0.00097721628844738,0.0010745078325271606,0.0010347520112991334,0.004664881154894829,0.0004311315715312958,0.03468478098511696,,
39449,0.0,256,empirical_selective,cuda,0.005834322422742844,0.02160760946571827,0.00097721628844738,0.0010134559124708176,,0.0045378319919109344,,0.03985508158802986,0.004952266812324524,0.0008372664451599121
39449,0.0,256,certified_fallback,cuda,0.005834322422742844,0.02160760946571827,0.00097721628844738,0.000907575711607933,,0.004518911242485046,,0.039429571479558945,0.004952266812324524,0.0
39449,0.0,256,fine_mc,cpu,0.00434122234582901,0.020545903593301773,0.0007344242185354233,0.006666015833616257,0.0,0.0,0.00034268200397491455,0.03795718401670456,,
39449,0.0,1024,fine_mc,cuda,0.0044456105679273605,0.11020216159522533,0.002651011571288109,0.002324916422367096,0.002287071943283081,0.00951392576098442,0.0014304500073194504,0.13067625276744366,,
39449,0.0,1024,empirical_selective,cuda,0.0044456105679273605,0.11020216159522533,0.002651011571288109,0.002304377034306526,,0.010279081761837006,,0.15684187598526478,0.023422863334417343,0.0034285932779312134
39449,0.0,1024,certified_fallback,cuda,0.0044456105679273605,0.11020216159522533,0.002651011571288109,0.0022874865680933,,0.005637547001242638,,0.15042544901371002,0.023422863334417343,0.0
39449,0.0,1024,fine_mc,cpu,0.004453200846910477,0.16647212579846382,0.0029286909848451614,0.028329998254776,0.0,0.0,0.0012991484254598618,0.20359592139720917,,
39449,0.15,256,fine_mc,cuda,0.005168287083506584,0.0234576053917408,0.0009298473596572876,0.0010426174849271774,0.000994975984096527,0.0016219820827245712,0.0004376433789730072,0.03277033939957619,,
39449,0.15,256,empirical_selective,cuda,0.005168287083506584,0.0234576053917408,0.0009298473596572876,0.000988788902759552,,0.0016074329614639282,,0.03920488432049751,0.006265763193368912,0.0006748028099536896
39449,0.15,256,certified_fallback,cuda,0.005168287083506584,0.0234576053917408,0.0009298473596572876,0.0010970495641231537,,0.0015967395156621933,,0.03925292380154133,0.006265763193368912,0.0
39449,0.15,256,fine_mc,cpu,0.005921743810176849,0.023342153057456017,0.0006806626915931702,0.006010193377733231,0.0,0.0,0.00032511353492736816,0.03639191947877407,,
39449,0.15,1024,fine_mc,cuda,0.004809871315956116,0.11033783107995987,0.002682369202375412,0.002298489212989807,0.0022611839771270754,0.00813586637377739,0.0014518890529870987,0.12980623915791512,,
39449,0.15,1024,empirical_selective,cuda,0.004809871315956116,0.11033783107995987,0.002682369202375412,0.002309883013367653,,0.009463351219892502,,0.15800712816417217,0.024988137185573578,0.00332576222717762
39449,0.15,1024,certified_fallback,cuda,0.004809871315956116,0.11033783107995987,0.002682369202375412,0.0023118481040000916,,0.005832970142364502,,0.15290637128055096,0.024988137185573578,0.0
39449,0.15,1024,fine_mc,cpu,0.005731118842959404,0.14780478551983833,0.0025089066475629807,0.030330391600728035,0.0,0.0,0.0012820586562156677,0.1881138440221548,,
39449,1.0,256,fine_mc,cuda,0.0062530431896448135,0.03665083646774292,0.0010644569993019104,0.0010883379727602005,0.0010453120470046997,0.004698604345321655,0.00045505352318286896,0.050290582701563835,,
39449,1.0,256,empirical_selective,cuda,0.0062530431896448135,0.03665083646774292,0.0010644569993019104,0.001104246824979782,,0.00489555299282074,,0.056926317512989044,0.006190044805407524,0.0006878860294818878
39449,1.0,256,certified_fallback,cuda,0.0062530431896448135,0.03665083646774292,0.0010644569993019104,0.000982537865638733,,0.005212092772126198,,0.05704093165695667,0.006190044805407524,0.0
39449,1.0,256,fine_mc,cpu,0.006295030936598778,0.03341752476990223,0.0008034668862819672,0.006160464137792587,0.0,0.0,0.00033413246273994446,0.047140421345829964,,
39449,1.0,1024,fine_mc,cuda,0.006300324574112892,0.23048875108361244,0.002965560182929039,0.002299455925822258,0.0022607040405273437,0.006317805498838425,0.0016319118440151215,0.25011419132351875,,
39449,1.0,1024,empirical_selective,cuda,0.006300324574112892,0.23048875108361244,0.002965560182929039,0.002321796491742134,,0.009975841268897057,,0.27943537570536137,0.023723235353827477,0.00354948453605175
39449,1.0,1024,certified_fallback,cuda,0.006300324574112892,0.23048875108361244,0.002965560182929039,0.002299046143889427,,0.0059822313487529755,,0.2735957056283951,0.023723235353827477,0.0
39449,1.0,1024,fine_mc,cpu,0.00660751573741436,0.23450320959091187,0.0026428475975990295,0.02524687722325325,0.0,0.0,0.0013750586658716202,0.27050808258354664,,
39530,0.0,256,fine_mc,cuda,0.004704151302576065,0.02173610031604767,0.000951666384935379,0.0010069683194160461,0.0009721919894218444,0.0016494691371917725,0.00044216401875019073,0.03058699332177639,,
39530,0.0,256,empirical_selective,cuda,0.004704151302576065,0.02173610031604767,0.000951666384935379,0.0010378174483776093,,0.004965975880622864,,0.03949969820678234,0.00512685626745224,0.0008806567639112473
39530,0.0,256,certified_fallback,cuda,0.004704151302576065,0.02173610031604767,0.000951666384935379,0.0008968766778707504,,0.004619903862476349,,0.03874306194484234,0.00512685626745224,0.0
39530,0.0,256,fine_mc,cpu,0.004412403330206871,0.021845733746886253,0.0007700063288211823,0.007209030911326408,0.0,0.0,0.00034307315945625305,0.04237907938659191,,
39530,0.0,1024,fine_mc,cuda,0.00490938313305378,0.10134347714483738,0.002477835863828659,0.002331869676709175,0.0022541439533233644,0.010647356510162354,0.0014365389943122864,0.12327294610440731,,
39530,0.0,1024,empirical_selective,cuda,0.00490938313305378,0.10134347714483738,0.002477835863828659,0.0022994428873062134,,0.010815063491463661,,0.1473012249916792,0.022271504625678062,0.003058033064007759
39530,0.0,1024,certified_fallback,cuda,0.00490938313305378,0.10134347714483738,0.002477835863828659,0.002294206991791725,,0.006040513515472412,,0.14116379246115685,0.022271504625678062,0.0
39530,0.0,1024,fine_mc,cpu,0.004502592608332634,0.17164061218500137,0.002687755972146988,0.03273736871778965,0.0,0.0,0.0013250280171632767,0.2130194678902626,,
39530,0.15,256,fine_mc,cuda,0.005138576030731201,0.02417720854282379,0.0009640082716941833,0.001098746433854103,0.0010563199520111084,0.005076617002487183,0.0004541724920272827,0.037022948265075684,,
39530,0.15,256,empirical_selective,cuda,0.005138576030731201,0.02417720854282379,0.0009640082716941833,0.0010559875518083572,,0.004991292953491211,,0.04240282438695431,0.005260637030005455,0.0007014945149421692
39530,0.15,256,certified_fallback,cuda,0.005138576030731201,0.02417720854282379,0.0009640082716941833,0.0009064357727766037,,0.0047434233129024506,,0.04186125285923481,0.005260637030005455,0.0
39530,0.15,256,fine_mc,cpu,0.005045555531978607,0.022587748244404793,0.00070965476334095,0.005863972008228302,0.0,0.0,0.00032676011323928833,0.034632641822099686,,
39530,0.15,1024,fine_mc,cuda,0.004855526611208916,0.11360439471900463,0.003068910911679268,0.0022968947887420654,0.002262271881103516,0.011018576100468636,0.0014592073857784271,0.13638773746788502,,
39530,0.15,1024,empirical_selective,cuda,0.004855526611208916,0.11360439471900463,0.003068910911679268,0.0022989660501480103,,0.010698556900024414,,0.15853638015687466,0.02091342583298683,0.0030123721808195114
39530,0.15,1024,certified_fallback,cuda,0.004855526611208916,0.11360439471900463,0.003068910911679268,0.0023022163659334183,,0.006099572405219078,,0.1526168156415224,0.02091342583298683,0.0
39530,0.15,1024,fine_mc,cpu,0.005195328965783119,0.12201269529759884,0.0030556395649909973,0.03077593632042408,0.0,0.0,0.0012853089720010757,0.16248575784265995,,
39530,1.0,256,fine_mc,cuda,0.006133923307061195,0.032098595052957535,0.0007688943296670914,0.0010042060166597366,0.0009670400023460388,0.001700073480606079,0.0004458930343389511,0.04222941771149635,,
39530,1.0,256,empirical_selective,cuda,0.006133923307061195,0.032098595052957535,0.0007688943296670914,0.0009661279618740082,,0.0016315393149852753,,0.047454219311475754,0.004937410354614258,0.0008398965001106262
39530,1.0,256,certified_fallback,cuda,0.006133923307061195,0.032098595052957535,0.0007688943296670914,0.0008838959038257599,,0.001628110185265541,,0.04763411916792393,0.004937410354614258,0.0
39530,1.0,256,fine_mc,cpu,0.0061341747641563416,0.03293268010020256,0.0007744431495666504,0.00610492005944252,0.0,0.0,0.00033046118915081024,0.04636787995696068,,
39530,1.0,1024,fine_mc,cuda,0.006269264966249466,0.19851301982998848,0.002866460010409355,0.0022989846765995026,0.0022621440887451174,0.006062241271138191,0.001419108361005783,0.21753930673003197,,
39530,1.0,1024,empirical_selective,cuda,0.006269264966249466,0.19851301982998848,0.002866460010409355,0.00230211578309536,,0.011650381609797478,,0.2438138034194708,0.019115153700113297,0.0029871799051761627
39530,1.0,1024,certified_fallback,cuda,0.006269264966249466,0.19851301982998848,0.002866460010409355,0.0023129861801862717,,0.0061935242265462875,,0.237050736322999,0.019115153700113297,0.0
39530,1.0,1024,fine_mc,cpu,0.006380682811141014,0.23368459567427635,0.0026672091335058212,0.02354295365512371,0.0,0.0,0.0013036299496889114,0.2677076142281294,,
39611,0.0,256,fine_mc,cuda,0.0041576288640499115,0.020968977361917496,0.0009582359343767166,0.0010705981403589249,0.0010306880474090577,0.004613550379872322,0.0004431437700986862,0.032301487401127815,,
39611,0.0,256,empirical_selective,cuda,0.0041576288640499115,0.020968977361917496,0.0009582359343767166,0.0010417792946100235,,0.004592563956975937,,0.03742898441851139,0.004952773451805115,0.0006676726043224335
39611,0.0,256,certified_fallback,cuda,0.0041576288640499115,0.020968977361917496,0.0009582359343767166,0.0009062346071004868,,0.004594990983605385,,0.03718826174736023,0.004952773451805115,0.0
39611,0.0,256,fine_mc,cpu,0.007660124450922012,0.021137358620762825,0.0007130429148674011,0.006169453263282776,0.0,0.0,0.0003216024488210678,0.04306601174175739,,
39611,0.0,1024,fine_mc,cuda,0.004414122551679611,0.10267867520451546,0.002736259251832962,0.002286655828356743,0.0022557759284973144,0.011048464104533195,0.0014335401356220245,0.12470828741788864,,
39611,0.0,1024,empirical_selective,cuda,0.004414122551679611,0.10267867520451546,0.002736259251832962,0.0022988151758909225,,0.011083070188760757,,0.1473960131406784,0.021216820925474167,0.0028576795011758804
39611,0.0,1024,certified_fallback,cuda,0.004414122551679611,0.10267867520451546,0.002736259251832962,0.0022972263395786285,,0.006108200177550316,,0.14123203791677952,0.021216820925474167,0.0
39611,0.0,1024,fine_mc,cpu,0.004390280693769455,0.16864516772329807,0.002761928364634514,0.027746492996811867,0.0,0.0,0.001484772190451622,0.20515645667910576,,
39611,0.15,256,fine_mc,cuda,0.005080364644527435,0.022678717970848083,0.0009526051580905914,0.0010752175003290176,0.00103603196144104,0.004646264016628265,0.0004570838063955307,0.03500211611390114,,
39611,0.15,256,empirical_selective,cuda,0.005080364644527435,0.022678717970848083,0.0009526051580905914,0.0010219365358352661,,0.004518736153841019,,0.039976952597498894,0.0049460045993328094,0.0006667245179414749
39611,0.15,256,certified_fallback,cuda,0.005080364644527435,0.022678717970848083,0.0009526051580905914,0.0009377859532833099,,0.004517633467912674,,0.03980966843664646,0.0049460045993328094,0.0
39611,0.15,256,fine_mc,cpu,0.0050027575343847275,0.023265641182661057,0.0006954856216907501,0.0061151012778282166,0.0,0.0,0.0003154333680868149,0.035481516271829605,,
39611,0.15,1024,fine_mc,cuda,0.0046794600784778595,0.11589782312512398,0.002375194802880287,0.0022946055978536606,0.0022601280212402345,0.011000188067555428,0.001440519466996193,0.13776011392474174,,
39611,0.15,1024,empirical_selective,cuda,0.0046794600784778595,0.11589782312512398,0.002375194802880287,0.002298545092344284,,0.010980276390910149,,0.15990368649363518,0.020231211557984352,0.003368852660059929
39611,0.15,1024,certified_fallback,cuda,0.0046794600784778595,0.11589782312512398,0.002375194802880287,0.002332836389541626,,0.006325265392661095,,0.1541042160242796,0.020231211557984352,0.0
39611,0.15,1024,fine_mc,cpu,0.0050645433366298676,0.11742165125906467,0.0026699677109718323,0.028690841048955917,0.0,0.0,0.0016592014580965042,0.1556483507156372,,
39611,1.0,256,fine_mc,cuda,0.006519204005599022,0.03476780280470848,0.0009622462093830109,0.001389879733324051,0.0013395199775695801,0.004744784906506538,0.0004551522433757782,0.048920972272753716,,
39611,1.0,256,empirical_selective,cuda,0.006519204005599022,0.03476780280470848,0.0009622462093830109,0.0010049361735582352,,0.00462137907743454,,0.053522367030382156,0.0049300529062747955,0.0006348434835672379
39611,1.0,256,certified_fallback,cuda,0.006519204005599022,0.03476780280470848,0.0009622462093830109,0.0009472835808992386,,0.004564113914966583,,0.05330774188041687,0.0049300529062747955,0.0
39611,1.0,256,fine_mc,cpu,0.0076004937291145325,0.0358132291585207,0.0009588673710823059,0.005963752046227455,0.0,0.0,0.00031895190477371216,0.05075406655669212,,
39611,1.0,1024,fine_mc,cuda,0.006335446611046791,0.22764787264168262,0.004981625825166702,0.002299495041370392,0.002262079954147339,0.008377879858016968,0.0014671403914690018,0.25122653879225254,,
39611,1.0,1024,empirical_selective,cuda,0.006335446611046791,0.22764787264168262,0.004981625825166702,0.002302546054124832,,0.005819980055093765,,0.2703574411571026,0.0204275231808424,0.0027253683656454086
39611,1.0,1024,certified_fallback,cuda,0.006335446611046791,0.22764787264168262,0.004981625825166702,0.002296505495905876,,0.006496485322713852,,0.27003143914043903,0.0204275231808424,0.0
39611,1.0,1024,fine_mc,cpu,0.006430545821785927,0.2239021249115467,0.002986643463373184,0.026028631255030632,0.0,0.0,0.0014137476682662964,0.26087973080575466,,
39692,0.0,256,fine_mc,cuda,0.004184439778327942,0.021844564005732536,0.0010196361690759659,0.0010866466909646988,0.0010458240509033203,0.0047727469354867935,0.00048656389117240906,0.033481525257229805,,
39692,0.0,256,empirical_selective,cuda,0.004184439778327942,0.021844564005732536,0.0010196361690759659,0.0010567288845777512,,0.0045700520277023315,,0.038608040660619736,0.005169196054339409,0.0006764959543943405
39692,0.0,256,certified_fallback,cuda,0.004184439778327942,0.021844564005732536,0.0010196361690759659,0.0010352488607168198,,0.004739770665764809,,0.03865385055541992,0.005169196054339409,0.0
39692,0.0,256,fine_mc,cpu,0.004422351717948914,0.020666582509875298,0.0007174964994192123,0.0062679722905159,0.0,0.0,0.00032121315598487854,0.03975417837500572,,
39692,0.0,1024,fine_mc,cuda,0.00446699932217598,0.10352929309010506,0.0023813284933567047,0.002302996814250946,0.002266848087310791,0.010496644303202629,0.001901283860206604,0.12520803697407246,,
39692,0.0,1024,empirical_selective,cuda,0.00446699932217598,0.10352929309010506,0.0023813284933567047,0.002296905964612961,,0.011304618790745735,,0.148384228348732,0.019654948264360428,0.004620643332600594
39692,0.0,1024,certified_fallback,cuda,0.00446699932217598,0.10352929309010506,0.0023813284933567047,0.002297624945640564,,0.005997771397233009,,0.14013805240392685,0.019654948264360428,0.0
39692,0.0,1024,fine_mc,cpu,0.004486752673983574,0.16630573198199272,0.0027544796466827393,0.03281617909669876,0.0,0.0,0.0015264619141817093,0.20803167670965195,,
39692,0.15,256,fine_mc,cuda,0.005112582817673683,0.0223974771797657,0.0009839385747909546,0.0010737553238868713,0.0010347520112991334,0.004628432914614677,0.0004426315426826477,0.03475034609436989,,
39692,0.15,256,empirical_selective,cuda,0.005112582817673683,0.0223974771797657,0.0009839385747909546,0.001064969226717949,,0.004813181236386299,,0.04049289971590042,0.005190007388591766,0.0008192155510187149
39692,0.15,256,certified_fallback,cuda,0.005112582817673683,0.0223974771797657,0.0009839385747909546,0.0009657870978116989,,0.004786353558301926,,0.040117496624588966,0.005190007388591766,0.0
39692,0.15,256,fine_mc,cpu,0.005294026806950569,0.023054001852869987,0.0006979834288358688,0.0060083623975515366,0.0,0.0,0.0003140326589345932,0.0354594923555851,,
39692,0.15,1024,fine_mc,cuda,0.0048979055136442184,0.11403176933526993,0.002196194604039192,0.00229591503739357,0.002260479927062988,0.011181056499481201,0.0014443006366491318,0.13612995855510235,,
39692,0.15,1024,empirical_selective,cuda,0.0048979055136442184,0.11403176933526993,0.002196194604039192,0.0023017171770334244,,0.011188248172402382,,0.15939530543982983,0.021657932549715042,0.0030387211591005325
39692,0.15,1024,certified_fallback,cuda,0.0048979055136442184,0.11403176933526993,0.002196194604039192,0.0022917967289686203,,0.00613769143819809,,0.15297837927937508,0.021657932549715042,0.0
39692,0.15,1024,fine_mc,cpu,0.005484187975525856,0.11375486850738525,0.0023470446467399597,0.03117859922349453,0.0,0.0,0.001325199380517006,0.1542383600026369,,
39692,1.0,256,fine_mc,cuda,0.007938316091895103,0.03637491539120674,0.001004975289106369,0.0010676495730876923,0.0010279359817504882,0.004646940156817436,0.0004482939839363098,0.051563041284680367,,
39692,1.0,256,empirical_selective,cuda,0.007938316091895103,0.03637491539120674,0.001004975289106369,0.0010435078293085098,,0.004739163443446159,,0.057172710075974464,0.005186796188354492,0.0008030850440263748
39692,1.0,256,certified_fallback,cuda,0.007938316091895103,0.03637491539120674,0.001004975289106369,0.0009169448167085648,,0.004817552864551544,,0.05689525790512562,0.005186796188354492,0.0
39692,1.0,256,fine_mc,cpu,0.006208617240190506,0.038946911692619324,0.0007793828845024109,0.006577257066965103,0.0,0.0,0.00032999180257320404,0.052938761189579964,,
39692,1.0,1024,fine_mc,cuda,0.006676265969872475,0.17354850471019745,0.003391580656170845,0.002300996333360672,0.0022652480602264402,0.010949207469820976,0.00142630934715271,0.19840768910944462,,
39692,1.0,1024,empirical_selective,cuda,0.006676265969872475,0.17354850471019745,0.003391580656170845,0.0022987164556980133,,0.005725260823965073,,0.21521113626658916,0.0203199815005064,0.0031360015273094177
39692,1.0,1024,certified_fallback,cuda,0.006676265969872475,0.17354850471019745,0.003391580656170845,0.002298925071954727,,0.006207214668393135,,0.21441775932908058,0.0203199815005064,0.0
39692,1.0,1024,fine_mc,cpu,0.0064070262014865875,0.2285413984209299,0.0030818209052085876,0.025956932455301285,0.0,0.0,0.001481199637055397,0.2656015772372484,,
39773,0.0,256,fine_mc,cuda,0.004610581323504448,0.021419398486614227,0.0010288674384355545,0.0010730680078268051,0.0010343999862670898,0.0046770330518484116,0.0004303622990846634,0.03333323448896408,,
39773,0.0,256,empirical_selective,cuda,0.004610581323504448,0.021419398486614227,0.0010288674384355545,0.0010647773742675781,,0.0047827549278736115,,0.03955946862697601,0.005783449858427048,0.0007757153362035751
39773,0.0,256,certified_fallback,cuda,0.004610581323504448,0.021419398486614227,0.0010288674384355545,0.0009472761303186417,,0.005388528108596802,,0.03983587026596069,0.005783449858427048,0.0
39773,0.0,256,fine_mc,cpu,0.004397401586174965,0.020177973434329033,0.0007554348558187485,0.00634208507835865,0.0,0.0,0.0003608912229537964,0.037098729982972145,,
39773,0.0,1024,fine_mc,cuda,0.004486812278628349,0.1042889729142189,0.002535320818424225,0.002287246286869049,0.0022563519477844236,0.010532505810260773,0.0014385990798473358,0.12567725032567978,,
39773,0.0,1024,empirical_selective,cuda,0.004486812278628349,0.1042889729142189,0.002535320818424225,0.0022996682673692703,,0.010501883924007416,,0.14807294495403767,0.01999346911907196,0.0038590244948863983
39773,0.0,1024,certified_fallback,cuda,0.004486812278628349,0.1042889729142189,0.002535320818424225,0.002293303608894348,,0.006140904501080513,,0.14153717830777168,0.01999346911907196,0.0
39773,0.0,1024,fine_mc,cpu,0.0044015999883413315,0.16398315876722336,0.002800639718770981,0.03290929086506367,0.0,0.0,0.0013182498514652252,0.20556259155273438,,
39773,0.15,256,fine_mc,cuda,0.005035797134041786,0.023578332737088203,0.0007051154971122742,0.0010667573660612106,0.0010293439626693727,0.00471862219274044,0.00043043307960033417,0.035647617653012276,,
39773,0.15,256,empirical_selective,cuda,0.005035797134041786,0.023578332737088203,0.0007051154971122742,0.0010247789323329926,,0.004595553502440453,,0.04076479934155941,0.004975477233529091,0.0007371846586465836
39773,0.15,256,certified_fallback,cuda,0.005035797134041786,0.023578332737088203,0.0007051154971122742,0.0009003486484289169,,0.004638342186808586,,0.04050156660377979,0.004975477233529091,0.0
39773,0.15,256,fine_mc,cpu,0.005022825673222542,0.022991269826889038,0.0006346032023429871,0.005884481593966484,0.0,0.0,0.0003219433128833771,0.03495587781071663,,
39773,0.15,1024,fine_mc,cuda,0.004779644310474396,0.11273843981325626,0.002519240602850914,0.002290956676006317,0.0022582080364227297,0.011150475591421127,0.0014350004494190216,0.13499256409704685,,
39773,0.15,1024,empirical_selective,cuda,0.004779644310474396,0.11273843981325626,0.002519240602850914,0.0022959280759096146,,0.011380456387996674,,0.15526350401341915,0.018573207780718803,0.0028977803885936737
39773,0.15,1024,certified_fallback,cuda,0.004779644310474396,0.11273843981325626,0.002519240602850914,0.0022941753268241882,,0.006109859794378281,,0.14874700084328651,0.018573207780718803,0.0
39773,0.15,1024,fine_mc,cpu,0.00508633628487587,0.11917612515389919,0.002422519028186798,0.02350044623017311,0.0,0.0,0.0012995768338441849,0.15161557123064995,,
39773,1.0,256,fine_mc,cuda,0.0061635822057724,0.034476252272725105,0.0014512203633785248,0.001287028193473816,0.0012414079904556274,0.004896644502878189,0.00045168399810791016,0.04881880059838295,,
39773,1.0,256,empirical_selective,cuda,0.0061635822057724,0.034476252272725105,0.0014512203633785248,0.0009661167860031128,,0.005029015243053436,,0.053668705746531487,0.004875434562563896,0.0006146952509880066
39773,1.0,256,certified_fallback,cuda,0.0061635822057724,0.034476252272725105,0.0014512203633785248,0.0009293369948863983,,0.004642283543944359,,0.05319522134959698,0.004875434562563896,0.0
39773,1.0,256,fine_mc,cpu,0.0061323028057813644,0.033951546996831894,0.0008757952600717545,0.006446214392781258,0.0,0.0,0.00036473385989665985,0.04786946438252926,,
39773,1.0,1024,fine_mc,cuda,0.006359554827213287,0.22471632063388824,0.003318633884191513,0.0023028887808322906,0.0022641279697418215,0.01108294352889061,0.0014695115387439728,0.2493712455034256,,
39773,1.0,1024,empirical_selective,cuda,0.006359554827213287,0.22471632063388824,0.003318633884191513,0.0023560672998428345,,0.0059310514479875565,,0.26660091802477837,0.02082853764295578,0.00296935997903347
39773,1.0,1024,certified_fallback,cuda,0.006359554827213287,0.22471632063388824,0.003318633884191513,0.0022966675460338593,,0.005934601649641991,,0.2653457596898079,0.02082853764295578,0.0
39773,1.0,1024,fine_mc,cpu,0.00737617164850235,0.2671590894460678,0.002931971102952957,0.03069627285003662,0.0,0.0,0.0015040785074234009,0.30984229408204556,,
39855,0.0,256,fine_mc,cuda,0.00433347187936306,0.028574040159583092,0.0018585305660963058,0.0013198889791965485,0.0012750719785690307,0.005018593743443489,0.0004467833787202835,0.041663890704512596,,
39855,0.0,256,empirical_selective,cuda,0.00433347187936306,0.028574040159583092,0.0018585305660963058,0.0009855777025222778,,0.005005925893783569,,0.04702289402484894,0.005308069288730621,0.0008446965366601944
39855,0.0,256,certified_fallback,cuda,0.00433347187936306,0.028574040159583092,0.0018585305660963058,0.0009733568876981735,,0.005310386419296265,,0.04703350365161896,0.005308069288730621,0.0
39855,0.0,256,fine_mc,cpu,0.004344232380390167,0.022858668118715286,0.0007768739014863968,0.008937343955039978,0.0,0.0,0.0005156230181455612,0.04589074105024338,,
39855,0.0,1024,fine_mc,cuda,0.00668802484869957,0.12046950310468674,0.0025395192205905914,0.002318337559700012,0.0022820479869842527,0.006376028060913086,0.001475069671869278,0.14000178314745426,,
39855,0.0,1024,empirical_selective,cuda,0.00668802484869957,0.12046950310468674,0.0025395192205905914,0.002300446853041649,,0.008640602231025696,,0.16549735702574253,0.02128663659095764,0.003437323495745659
39855,0.0,1024,certified_fallback,cuda,0.00668802484869957,0.12046950310468674,0.0025395192205905914,0.0022996272891759872,,0.005632059648633003,,0.16078157164156437,0.02128663659095764,0.0
39855,0.0,1024,fine_mc,cpu,0.00455017015337944,0.18224400468170643,0.002871740609407425,0.03271025978028774,0.0,0.0,0.0014809202402830124,0.2239854373037815,,
39855,0.15,256,fine_mc,cuda,0.006831355392932892,0.026949567720294,0.0013599805533885956,0.0013431590050458908,0.0013011200428009032,0.0033587347716093063,0.0004608519375324249,0.04042533226311207,,
39855,0.15,256,empirical_selective,cuda,0.006831355392932892,0.026949567720294,0.0013599805533885956,0.0010203886777162552,,0.004594631493091583,,0.04766447655856609,0.0058800335973501205,0.0009068362414836884
39855,0.15,256,certified_fallback,cuda,0.006831355392932892,0.026949567720294,0.0013599805533885956,0.0009429361671209335,,0.004672044888138771,,0.0473165325820446,0.0058800335973501205,0.0
39855,0.15,256,fine_mc,cpu,0.004978833720088005,0.03428841196000576,0.0008473638445138931,0.014203839004039764,0.0,0.0,0.0005398541688919067,0.05495783872902393,,
39855,0.15,1024,fine_mc,cuda,0.005120987072587013,0.12606308050453663,0.00262460857629776,0.0023077167570590973,0.0022716479301452637,0.0056982990354299545,0.001696798950433731,0.14358533173799515,,
39855,0.15,1024,empirical_selective,cuda,0.005120987072587013,0.12606308050453663,0.00262460857629776,0.0023060161620378494,,0.009652676060795784,,0.1698420997709036,0.021024517714977264,0.0029763728380203247
39855,0.15,1024,certified_fallback,cuda,0.005120987072587013,0.12606308050453663,0.00262460857629776,0.002288583666086197,,0.00561823695898056,,0.16506030410528183,0.021024517714977264,0.0
39855,0.15,1024,fine_mc,cpu,0.007047129794955254,0.16681077517569065,0.0027568694204092026,0.03461763449013233,0.0,0.0,0.0016455203294754028,0.21301520057022572,,
39855,1.0,256,fine_mc,cuda,0.008162649348378181,0.04346448369324207,0.0014875996857881546,0.0010517966002225876,0.0010127040147781372,0.0018532611429691315,0.0004176422953605652,0.05651977099478245,,
39855,1.0,256,empirical_selective,cuda,0.008162649348378181,0.04346448369324207,0.0014875996857881546,0.0019310638308525085,,0.0016999635845422745,,0.06417002156376839,0.0065731387585401535,0.0007687844336032867
39855,1.0,256,certified_fallback,cuda,0.008162649348378181,0.04346448369324207,0.0014875996857881546,0.0018300022929906845,,0.0018655415624380112,,0.06402989663183689,0.0065731387585401535,0.0
39855,1.0,256,fine_mc,cpu,0.00803842581808567,0.05205882526934147,0.0007857754826545715,0.008055295795202255,0.0,0.0,0.0003853794187307358,0.06942229345440865,,
39855,1.0,1024,fine_mc,cuda,0.0075412411242723465,0.23993234895169735,0.0026422087103128433,0.002308325842022896,0.002272000074386597,0.0055875014513731,0.001534920185804367,0.2596617676317692,,
39855,1.0,1024,empirical_selective,cuda,0.0075412411242723465,0.23993234895169735,0.0026422087103128433,0.0023201163858175278,,0.005562078207731247,,0.28102811612188816,0.02021625265479088,0.0026986487209796906
39855,1.0,1024,certified_fallback,cuda,0.0075412411242723465,0.23993234895169735,0.0026422087103128433,0.0023101456463336945,,0.009814251214265823,,0.28433708101511,0.02021625265479088,0.0
39855,1.0,1024,fine_mc,cpu,0.007181951776146889,0.25192205235362053,0.002817271277308464,0.030443591997027397,0.0,0.0,0.0014175809919834137,0.29392895475029945,,
39936,0.0,256,fine_mc,cuda,0.004335101693868637,0.028219327330589294,0.0017418842762708664,0.00108993798494339,0.0010490880012512208,0.00483972392976284,0.0004249829798936844,0.040735745802521706,,
39936,0.0,256,empirical_selective,cuda,0.004335101693868637,0.028219327330589294,0.0017418842762708664,0.0009884592145681381,,0.004548972472548485,,0.04601377621293068,0.005169207230210304,0.0009260363876819611
39936,0.0,256,certified_fallback,cuda,0.004335101693868637,0.028219327330589294,0.0017418842762708664,0.0009363256394863129,,0.004793921485543251,,0.04583158157765865,0.005169207230210304,0.0
39936,0.0,256,fine_mc,cpu,0.004266567528247833,0.026697346940636635,0.0008340366184711456,0.012053035199642181,0.0,0.0,0.00033117271959781647,0.051693832501769066,,
39936,0.0,1024,fine_mc,cuda,0.004358241334557533,0.16777941398322582,0.0031450223177671432,0.0023133661597967148,0.0022765440940856934,0.010043449699878693,0.001558220013976097,0.18931091204285622,,
39936,0.0,1024,empirical_selective,cuda,0.004358241334557533,0.16777941398322582,0.0031450223177671432,0.002294115722179413,,0.005647910758852959,,0.20550871640443802,0.019001180306077003,0.003169633448123932
39936,0.0,1024,certified_fallback,cuda,0.004358241334557533,0.16777941398322582,0.0031450223177671432,0.0023001283407211304,,0.00894555076956749,,0.20735071785748005,0.019001180306077003,0.0
39936,0.0,1024,fine_mc,cpu,0.004401439800858498,0.12241911701858044,0.0025276001542806625,0.03486301563680172,0.0,0.0,0.0013721305876970291,0.1657007820904255,,
39936,0.15,256,fine_mc,cuda,0.005176505073904991,0.03134161978960037,0.00133591890335083,0.0010804980993270874,0.0010391039848327637,0.004830831661820412,0.00042052194476127625,0.04429464787244797,,
39936,0.15,256,empirical_selective,cuda,0.005176505073904991,0.03134161978960037,0.00133591890335083,0.0011840779334306717,,0.004806743934750557,,0.050124939531087875,0.005285995081067085,0.0008853264153003693
39936,0.15,256,certified_fallback,cuda,0.005176505073904991,0.03134161978960037,0.00133591890335083,0.0009168758988380432,,0.0048332009464502335,,0.04957210645079613,0.005285995081067085,0.0
39936,0.15,256,fine_mc,cpu,0.00495709665119648,0.03225931525230408,0.0011664405465126038,0.012110846117138863,0.0,0.0,0.00032979249954223633,0.050915077328681946,,
39936,0.15,1024,fine_mc,cuda,0.004916315898299217,0.123313894495368,0.004361990839242935,0.0023194458335638046,0.0022809920310974123,0.005760081112384796,0.0014397595077753067,0.1421915739774704,,
39936,0.15,1024,empirical_selective,cuda,0.004916315898299217,0.123313894495368,0.004361990839242935,0.0023040957748889923,,0.010033518075942993,,0.16685407422482967,0.01919134519994259,0.002652827650308609
39936,0.15,1024,certified_fallback,cuda,0.004916315898299217,0.123313894495368,0.004361990839242935,0.0023019034415483475,,0.005568146705627441,,0.1613964606076479,0.01919134519994259,0.0
39936,0.15,1024,fine_mc,cpu,0.005096724256873131,0.17808709666132927,0.002783430740237236,0.03564372658729553,0.0,0.0,0.0013769809156656265,0.22313485853374004,,
39936,1.0,256,fine_mc,cuda,0.006924916058778763,0.038494473323225975,0.0008328557014465332,0.0010174885392189026,0.0009793279767036438,0.0018282271921634674,0.00045393407344818115,0.049639321863651276,,
39936,1.0,256,empirical_selective,cuda,0.006924916058778763,0.038494473323225975,0.0008328557014465332,0.0009515956044197083,,0.0016154125332832336,,0.05503515340387821,0.005129056051373482,0.0009994171559810638
39936,1.0,256,certified_fallback,cuda,0.006924916058778763,0.038494473323225975,0.0008328557014465332,0.0008891858160495758,,0.001652941107749939,,0.05456073768436909,0.005129056051373482,0.0
39936,1.0,256,fine_mc,cpu,0.007050050422549248,0.04440945200622082,0.000797046348452568,0.007080409675836563,0.0,0.0,0.00034599192440509796,0.0597769170999527,,
39936,1.0,1024,fine_mc,cuda,0.006277674809098244,0.2571007199585438,0.0035995859652757645,0.002313487231731415,0.0022751359939575193,0.0057565513998270035,0.0014359690248966217,0.2765838261693716,,
39936,1.0,1024,empirical_selective,cuda,0.006277674809098244,0.2571007199585438,0.0035995859652757645,0.0022945255041122437,,0.005508407950401306,,0.2996105346828699,0.021685022860765457,0.0030447598546743393
39936,1.0,1024,certified_fallback,cuda,0.006277674809098244,0.2571007199585438,0.0035995859652757645,0.002305196598172188,,0.009695557877421379,,0.30241480469703674,0.021685022860765457,0.0
39936,1.0,1024,fine_mc,cpu,0.006200822070240974,0.2582372669130564,0.0028669293969869614,0.031516559422016144,0.0,0.0,0.0013419874012470245,0.3003104701638222,,
40017,0.0,256,fine_mc,cuda,0.004317631945014,0.028049474582076073,0.001758713275194168,0.0010779276490211487,0.0010360959768295288,0.004625482484698296,0.0004311520606279373,0.040349071845412254,,
40017,0.0,256,empirical_selective,cuda,0.004317631945014,0.028049474582076073,0.001758713275194168,0.0010703280568122864,,0.004686759784817696,,0.046577973291277885,0.005466517060995102,0.0011398587375879288
40017,0.0,256,certified_fallback,cuda,0.004317631945014,0.028049474582076073,0.001758713275194168,0.0009186472743749619,,0.004637530073523521,,0.04578670859336853,0.005466517060995102,0.0
40017,0.0,256,fine_mc,cpu,0.004318151623010635,0.02618812397122383,0.0007470659911632538,0.01125245913863182,0.0,0.0,0.00033209100365638733,0.05145065858960152,,
40017,0.0,1024,fine_mc,cuda,0.0043692681938409805,0.11427629925310612,0.002590527758002281,0.002303125336766243,0.0022685439586639404,0.00953773595392704,0.0015736185014247894,0.1347546111792326,,
40017,0.0,1024,empirical_selective,cuda,0.0043692681938409805,0.11427629925310612,0.002590527758002281,0.0022988971322774887,,0.010308392345905304,,0.15871221385896206,0.021790839731693268,0.0029739532619714737
40017,0.0,1024,certified_fallback,cuda,0.0043692681938409805,0.11427629925310612,0.002590527758002281,0.002293083816766739,,0.005742058157920837,,0.15286098048090935,0.021790839731693268,0.0
40017,0.0,1024,fine_mc,cpu,0.004686141386628151,0.1710594967007637,0.0032377541065216064,0.031162718310952187,0.0,0.0,0.0014538131654262543,0.21173560805618763,,
40017,0.15,256,fine_mc,cuda,0.005052175372838974,0.025004534050822258,0.001534169539809227,0.0010207053273916245,0.0009832320213317871,0.00171574205160141,0.00043388083577156067,0.03486696816980839,,
40017,0.15,256,empirical_selective,cuda,0.005052175372838974,0.025004534050822258,0.001534169539809227,0.0009804759174585342,,0.0016496814787387848,,0.04046831838786602,0.005346275866031647,0.0007952451705932617
40017,0.15,256,certified_fallback,cuda,0.005052175372838974,0.025004534050822258,0.001534169539809227,0.0009019747376441956,,0.0017664041370153427,,0.04027370736002922,0.005346275866031647,0.0
40017,0.15,256,fine_mc,cpu,0.004964115098118782,0.032352546229958534,0.0014424677938222885,0.012678667902946472,0.0,0.0,0.0003584325313568115,0.05188553221523762,,
40017,0.15,1024,fine_mc,cuda,0.00534585677087307,0.12785234302282333,0.0026326682418584824,0.002315087243914604,0.0022796800136566163,0.005621328949928284,0.0014484133571386337,0.14528121054172516,,
40017,0.15,1024,empirical_selective,cuda,0.00534585677087307,0.12785234302282333,0.0026326682418584824,0.002310844138264656,,0.009844299405813217,,0.17216830514371395,0.019631708040833473,0.004485072568058968
40017,0.15,1024,certified_fallback,cuda,0.00534585677087307,0.12785234302282333,0.0026326682418584824,0.0022926367819309235,,0.005719099193811417,,0.16519754566252232,0.019631708040833473,0.0
40017,0.15,1024,fine_mc,cpu,0.005365397781133652,0.15809816680848598,0.0024471860378980637,0.02982940897345543,0.0,0.0,0.0013947300612926483,0.1972711719572544,,
40017,1.0,256,fine_mc,cuda,0.006180481985211372,0.03504403680562973,0.0010652169585227966,0.0010863691568374634,0.0010455679893493653,0.004608944058418274,0.0004350021481513977,0.04850073158740997,,
40017,1.0,256,empirical_selective,cuda,0.006180481985211372,0.03504403680562973,0.0010652169585227966,0.0010203607380390167,,0.0046611204743385315,,0.0537512581795454,0.004888111725449562,0.0008112490177154541
40017,1.0,256,certified_fallback,cuda,0.006180481985211372,0.03504403680562973,0.0010652169585227966,0.000898405909538269,,0.00457434356212616,,0.05326593853533268,0.004888111725449562,0.0
40017,1.0,256,fine_mc,cpu,0.006209472194314003,0.03445195034146309,0.0007249340415000916,0.006183242425322533,0.0,0.0,0.0003142319619655609,0.04796830378472805,,
40017,1.0,1024,fine_mc,cuda,0.006272716447710991,0.2304590828716755,0.0028092190623283386,0.00229431688785553,0.002259903907775879,0.010338321328163147,0.0014224797487258911,0.2537016849964857,,
40017,1.0,1024,empirical_selective,cuda,0.006272716447710991,0.2304590828716755,0.0028092190623283386,0.00229608453810215,,0.005589371547102928,,0.2694794740527868,0.01858704909682274,0.003360401839017868
40017,1.0,1024,certified_fallback,cuda,0.006272716447710991,0.2304590828716755,0.0028092190623283386,0.0022895950824022293,,0.0070525407791137695,,0.2694186344742775,0.01858704909682274,0.0
40017,1.0,1024,fine_mc,cpu,0.006354335695505142,0.22973758727312088,0.00315123051404953,0.025041894987225533,0.0,0.0,0.0012948587536811829,0.26572802662849426,,
40098,0.0,256,fine_mc,cuda,0.004153797402977943,0.02199152484536171,0.0007950142025947571,0.0012263394892215729,0.001186400055885315,0.00165490061044693,0.00043893419206142426,0.03034711442887783,,
40098,0.0,256,empirical_selective,cuda,0.004153797402977943,0.02199152484536171,0.0007950142025947571,0.0009953062981367111,,0.001584663987159729,,0.03527846187353134,0.005005635321140289,0.0006659161299467087
40098,0.0,256,certified_fallback,cuda,0.004153797402977943,0.02199152484536171,0.0007950142025947571,0.0009071584790945053,,0.0015356913208961487,,0.03502397798001766,0.005005635321140289,0.0
40098,0.0,256,fine_mc,cpu,0.004411621019244194,0.02070065401494503,0.0007597468793392181,0.007158620283007622,0.0,0.0,0.0003261733800172806,0.04018612205982208,,
40098,0.0,1024,fine_mc,cuda,0.004427259787917137,0.10831857845187187,0.00267953984439373,0.0022951364517211914,0.002263231992721558,0.010079244151711464,0.001436430960893631,0.12934725917875767,,
40098,0.0,1024,empirical_selective,cuda,0.004427259787917137,0.10831857845187187,0.00267953984439373,0.002297287806868553,,0.005508840084075928,,0.14682907983660698,0.020358074456453323,0.003128429874777794
40098,0.0,1024,certified_fallback,cuda,0.004427259787917137,0.10831857845187187,0.00267953984439373,0.002301527187228203,,0.009903887286782265,,0.14998827129602432,0.020358074456453323,0.0
40098,0.0,1024,fine_mc,cpu,0.00442633219063282,0.15954576432704926,0.002893080934882164,0.025238195434212685,0.0,0.0,0.0013057999312877655,0.1935352236032486,,
40098,0.15,256,fine_mc,cuda,0.005040084943175316,0.0229265708476305,0.001021508127450943,0.0010656993836164474,0.0010259840488433837,0.004625791683793068,0.00041185133159160614,0.035202886909246445,,
40098,0.15,256,empirical_selective,cuda,0.005040084943175316,0.0229265708476305,0.001021508127450943,0.000993216410279274,,0.004685293883085251,,0.0415456797927618,0.006159381940960884,0.0006082430481910706
40098,0.15,256,certified_fallback,cuda,0.005040084943175316,0.0229265708476305,0.001021508127450943,0.0010101664811372757,,0.0048168133944272995,,0.041711410507559776,0.006159381940960884,0.0
40098,0.15,256,fine_mc,cpu,0.005027996376156807,0.021946581080555916,0.0008258093148469925,0.006123112514615059,0.0,0.0,0.00032236240804195404,0.03433692827820778,,
40098,0.15,1024,fine_mc,cuda,0.005957342684268951,0.10893883183598518,0.003066862002015114,0.0023018158972263336,0.002266592025756836,0.009832816198468208,0.0015190597623586655,0.13168836757540703,,
40098,0.15,1024,empirical_selective,cuda,0.005957342684268951,0.10893883183598518,0.003066862002015114,0.002313004806637764,,0.00991114042699337,,0.15591262467205524,0.02295353263616562,0.0027002710849046707
40098,0.15,1024,certified_fallback,cuda,0.005957342684268951,0.10893883183598518,0.003066862002015114,0.002292945981025696,,0.005594469606876373,,0.15058569610118866,0.02295353263616562,0.0
40098,0.15,1024,fine_mc,cpu,0.005406217649579048,0.1754707172513008,0.002571437507867813,0.03153316117823124,0.0,0.0,0.0012812893837690353,0.21640227362513542,,
40098,1.0,256,fine_mc,cuda,0.006175564602017403,0.034234557300806046,0.001021895557641983,0.001088317483663559,0.0010467840433120727,0.004683723673224449,0.00042370520532131195,0.047707997262477875,,
40098,1.0,256,empirical_selective,cuda,0.006175564602017403,0.034234557300806046,0.001021895557641983,0.0012457706034183502,,0.005050946027040482,,0.053421348333358765,0.00484868511557579,0.0007636956870555878
40098,1.0,256,certified_fallback,cuda,0.006175564602017403,0.034234557300806046,0.001021895557641983,0.001130528748035431,,0.004600441083312035,,0.05274407006800175,0.00484868511557579,0.0
40098,1.0,256,fine_mc,cpu,0.007787173613905907,0.03361996449530125,0.0007972158491611481,0.0059663522988557816,0.0,0.0,0.0003163423389196396,0.048573510721325874,,
40098,1.0,1024,fine_mc,cuda,0.006264673545956612,0.2302633598446846,0.0032018516212701797,0.0023172851651906967,0.0022778561115264894,0.009392237290740013,0.0016109626740217209,0.2531571611762047,,
40098,1.0,1024,empirical_selective,cuda,0.006264673545956612,0.2302633598446846,0.0032018516212701797,0.0023106038570404053,,0.0055761318653821945,,0.26955704763531685,0.019043555483222008,0.0027900803834199905
40098,1.0,1024,certified_fallback,cuda,0.006264673545956612,0.2302633598446846,0.0032018516212701797,0.002300836145877838,,0.005753632634878159,,0.2688607629388571,0.019043555483222008,0.0
40098,1.0,1024,fine_mc,cpu,0.007337929680943489,0.23334713093936443,0.0028082001954317093,0.02500918321311474,0.0,0.0,0.0013001393526792526,0.2699181269854307,,
40179,0.0,256,fine_mc,cuda,0.006110752001404762,0.02166086435317993,0.0007479172199964523,0.00117487832903862,0.0011341760158538818,0.004779409617185593,0.000487644225358963,0.035051893442869186,,
40179,0.0,256,empirical_selective,cuda,0.006110752001404762,0.02166086435317993,0.0007479172199964523,0.001046815887093544,,0.004592932760715485,,0.03978122025728226,0.00479724258184433,0.0007342677563428879
40179,0.0,256,certified_fallback,cuda,0.006110752001404762,0.02166086435317993,0.0007479172199964523,0.0009585190564393997,,0.004426900297403336,,0.03933867625892162,0.00479724258184433,0.0
40179,0.0,256,fine_mc,cpu,0.004359932616353035,0.02070675604045391,0.0007385145872831345,0.007435901090502739,0.0,0.0,0.00032832100987434387,0.041038753464818,,
40179,0.0,1024,fine_mc,cuda,0.004997685551643372,0.10672053508460522,0.0024792086333036423,0.002288995310664177,0.0022558720111846924,0.00964970700442791,0.0014696624130010605,0.1277175433933735,,
40179,0.0,1024,empirical_selective,cuda,0.004997685551643372,0.10672053508460522,0.0024792086333036423,0.00236491858959198,,0.01010861061513424,,0.15336292423307896,0.02281341142952442,0.0037668049335479736
40179,0.0,1024,certified_fallback,cuda,0.004997685551643372,0.10672053508460522,0.0024792086333036423,0.002287955954670906,,0.005643881857395172,,0.1467936560511589,0.02281341142952442,0.0
40179,0.0,1024,fine_mc,cpu,0.004555543884634972,0.16411481611430645,0.0029356926679611206,0.033141931518912315,0.0,0.0,0.001367371529340744,0.20624134503304958,,
40179,0.15,256,fine_mc,cuda,0.005180837586522102,0.0229042898863554,0.0011955555528402328,0.0010830685496330261,0.0010437760353088378,0.004628060385584831,0.0004429332911968231,0.03555037081241608,,
40179,0.15,256,empirical_selective,cuda,0.005180837586522102,0.0229042898863554,0.0011955555528402328,0.001055816188454628,,0.0047535523772239685,,0.041180068626999855,0.005146386101841927,0.0008280053734779358
40179,0.15,256,certified_fallback,cuda,0.005180837586522102,0.0229042898863554,0.0011955555528402328,0.0009114183485507965,,0.0045904237776994705,,0.041207849979400635,0.005146386101841927,0.0
40179,0.15,256,fine_mc,cpu,0.005063556134700775,0.023795979097485542,0.0008818861097097397,0.006123784929513931,0.0,0.0,0.0003135520964860916,0.036272477358579636,,
40179,0.15,1024,fine_mc,cuda,0.005029875785112381,0.11507132463157177,0.0026197005063295364,0.002290325239300728,0.002256095886230469,0.010270023718476295,0.0014419984072446823,0.13681325502693653,,
40179,0.15,1024,empirical_selective,cuda,0.005029875785112381,0.11507132463157177,0.0026197005063295364,0.0022955629974603653,,0.005490368232131004,,0.15448985435068607,0.02077082358300686,0.0031221918761730194
40179,0.15,1024,certified_fallback,cuda,0.005029875785112381,0.11507132463157177,0.0026197005063295364,0.0023041553795337677,,0.005564745515584946,,0.15317609906196594,0.02077082358300686,0.0
40179,0.15,1024,fine_mc,cpu,0.005095226690173149,0.1203385517001152,0.0030566398054361343,0.027113739401102066,0.0,0.0,0.0012800078839063644,0.15704538859426975,,
40179,1.0,256,fine_mc,cuda,0.007687404751777649,0.03285798989236355,0.0007321257144212723,0.0012633893638849258,0.0012252800464630127,0.0016363020986318588,0.0004505738615989685,0.044713156297802925,,
40179,1.0,256,empirical_selective,cuda,0.007687404751777649,0.03285798989236355,0.0007321257144212723,0.000972207635641098,,0.0015877224504947662,,0.04966927133500576,0.004967505112290382,0.0007789451628923416
40179,1.0,256,certified_fallback,cuda,0.007687404751777649,0.03285798989236355,0.0007321257144212723,0.0008994676172733307,,0.0015279892832040787,,0.04930204525589943,0.004967505112290382,0.0
40179,1.0,256,fine_mc,cpu,0.006125112995505333,0.03467529080808163,0.0008475147187709808,0.009065873920917511,0.0,0.0,0.00032510049641132355,0.05113081634044647,,
40179,1.0,1024,fine_mc,cuda,0.006465695798397064,0.19126290082931519,0.003267841413617134,0.0023031365126371384,0.0022683520317077635,0.010140493512153625,0.0014303885400295258,0.21497526578605175,,
40179,1.0,1024,empirical_selective,cuda,0.006465695798397064,0.19126290082931519,0.003267841413617134,0.0023359358310699463,,0.005548793822526932,,0.23207421973347664,0.020229343324899673,0.0028588995337486267
40179,1.0,1024,certified_fallback,cuda,0.006465695798397064,0.19126290082931519,0.003267841413617134,0.0022928882390260696,,0.005687778815627098,,0.23110497929155827,0.020229343324899673,0.0
40179,1.0,1024,fine_mc,cpu,0.006354266777634621,0.23390878550708294,0.002703256905078888,0.024354510009288788,0.0,0.0,0.001531468704342842,0.2689660172909498,,
40261,0.0,256,fine_mc,cuda,0.004196859896183014,0.021483439952135086,0.001000257208943367,0.0010760091245174408,0.0010369280576705932,0.0048144180327653885,0.0004521626979112625,0.03310754895210266,,
40261,0.0,256,empirical_selective,cuda,0.004196859896183014,0.021483439952135086,0.001000257208943367,0.0010144058614969254,,0.005301112309098244,,0.03878629766404629,0.004945185035467148,0.0007606353610754013
40261,0.0,256,certified_fallback,cuda,0.004196859896183014,0.021483439952135086,0.001000257208943367,0.0009519755840301514,,0.005119644105434418,,0.038328468799591064,0.004945185035467148,0.0
40261,0.0,256,fine_mc,cpu,0.004316190257668495,0.021625090390443802,0.000734945759177208,0.00669463537633419,0.0,0.0,0.0003168713301420212,0.04225889593362808,,
40261,0.0,1024,fine_mc,cuda,0.004447959363460541,0.10223954543471336,0.0023421961814165115,0.002301076427102089,0.002265120029449463,0.009398523718118668,0.0014728400856256485,0.12231584265828133,,
40261,0.0,1024,empirical_selective,cuda,0.004447959363460541,0.10223954543471336,0.0023421961814165115,0.002300295978784561,,0.010446300730109215,,0.14603109657764435,0.0212012380361557,0.0029398594051599503
40261,0.0,1024,certified_fallback,cuda,0.004447959363460541,0.10223954543471336,0.0023421961814165115,0.002291528508067131,,0.0058195218443870544,,0.14012922905385494,0.0212012380361557,0.0
40261,0.0,1024,fine_mc,cpu,0.0044523198157548904,0.16594938933849335,0.0027365274727344513,0.029329117387533188,0.0,0.0,0.0012601297348737717,0.20385199226439,,
40261,0.15,256,fine_mc,cuda,0.0050841569900512695,0.024622350931167603,0.0010165385901927948,0.0010808184742927551,0.001031615972518921,0.0050346944481134415,0.0005023535341024399,0.03745589219033718,,
40261,0.15,256,empirical_selective,cuda,0.0050841569900512695,0.024622350931167603,0.0010165385901927948,0.0010373648256063461,,0.0048240721225738525,,0.042481742799282074,0.005133435130119324,0.000648844987154007
40261,0.15,256,certified_fallback,cuda,0.0050841569900512695,0.024622350931167603,0.0010165385901927948,0.0009207166731357574,,0.004841718822717667,,0.04229801706969738,0.005133435130119324,0.0
40261,0.15,256,fine_mc,cpu,0.005005316808819771,0.023203032091259956,0.0007182136178016663,0.006038272753357887,0.0,0.0,0.0003450028598308563,0.035396767780184746,,
40261,0.15,1024,fine_mc,cuda,0.004892503842711449,0.11895748227834702,0.0023099444806575775,0.002294415608048439,0.002261023998260498,0.01016801968216896,0.00152616947889328,0.1402251459658146,,
40261,0.15,1024,empirical_selective,cuda,0.004892503842711449,0.11895748227834702,0.0023099444806575775,0.0023277271538972855,,0.01025291159749031,,0.16244307719171047,0.020178381353616714,0.0034475158900022507
40261,0.15,1024,certified_fallback,cuda,0.004892503842711449,0.11895748227834702,0.0023099444806575775,0.0022966358810663223,,0.006155036389827728,,0.15654200315475464,0.020178381353616714,0.0
40261,0.15,1024,fine_mc,cpu,0.005369687452912331,0.18717226944863796,0.0025228485465049744,0.023728767409920692,0.0,0.0,0.0012791380286216736,0.2201874926686287,,
40261,1.0,256,fine_mc,cuda,0.006137503311038017,0.034954654052853584,0.0011196471750736237,0.0010780859738588333,0.0010385279655456543,0.004602866247296333,0.0004474818706512451,0.04841963015496731,,
40261,1.0,256,empirical_selective,cuda,0.006137503311038017,0.034954654052853584,0.0011196471750736237,0.0010331571102142334,,0.004733290523290634,,0.05380862578749657,0.004941476508975029,0.0008095055818557739
40261,1.0,256,certified_fallback,cuda,0.006137503311038017,0.034954654052853584,0.0011196471750736237,0.0009605679661035538,,0.004637761041522026,,0.053434647619724274,0.004941476508975029,0.0
40261,1.0,256,fine_mc,cpu,0.006263734772801399,0.03573675826191902,0.0006979778409004211,0.006254054605960846,0.0,0.0,0.0003270599991083145,0.04936956241726875,,
40261,1.0,1024,fine_mc,cuda,0.0066579971462488174,0.22861462086439133,0.002789270132780075,0.002295706421136856,0.002263360023498535,0.01128079928457737,0.0014525000005960464,0.25319558195769787,,
40261,1.0,1024,empirical_selective,cuda,0.0066579971462488174,0.22861462086439133,0.002789270132780075,0.002293126657605171,,0.005776641890406609,,0.26751498132944107,0.018269706517457962,0.0030089300125837326
40261,1.0,1024,certified_fallback,cuda,0.0066579971462488174,0.22861462086439133,0.002789270132780075,0.002291956916451454,,0.0061753541231155396,,0.2666461728513241,0.018269706517457962,0.0
40261,1.0,1024,fine_mc,cpu,0.006331704556941986,0.24016262963414192,0.0026610195636749268,0.023431992158293724,0.0,0.0,0.0012867599725723267,0.2739867754280567,,
40342,0.0,256,fine_mc,cuda,0.004211548715829849,0.022412056103348732,0.0007616057991981506,0.001091165468096733,0.0010489920377731324,0.004846954718232155,0.0004370417445898056,0.03384636342525482,,
40342,0.0,256,empirical_selective,cuda,0.004211548715829849,0.022412056103348732,0.0007616057991981506,0.0010883752256631851,,0.004908723756670952,,0.039294030517339706,0.005028385668992996,0.000797344371676445
40342,0.0,256,certified_fallback,cuda,0.004211548715829849,0.022412056103348732,0.0007616057991981506,0.0009666476398706436,,0.004820242524147034,,0.0388699509203434,0.005028385668992996,0.0
40342,0.0,256,fine_mc,cpu,0.004438072443008423,0.0206853449344635,0.00079299695789814,0.006124652922153473,0.0,0.0,0.00033386237919330597,0.03962635435163975,,
40342,0.0,1024,fine_mc,cuda,0.004399970173835754,0.10517444647848606,0.0024944376200437546,0.002307835966348648,0.002273344039916992,0.010880595073103905,0.0014599096029996872,0.12684854678809643,,
40342,0.0,1024,empirical_selective,cuda,0.004399970173835754,0.10517444647848606,0.0024944376200437546,0.0022948961704969406,,0.00841703824698925,,0.1460087839514017,0.01905219629406929,0.004044447094202042
40342,0.0,1024,certified_fallback,cuda,0.004399970173835754,0.10517444647848606,0.0024944376200437546,0.002302536740899086,,0.006158173084259033,,0.14138992317020893,0.01905219629406929,0.0
40342,0.0,1024,fine_mc,cpu,0.00434844009578228,0.1637988667935133,0.00326499342918396,0.03271246887743473,0.0,0.0,0.0012995600700378418,0.2055528201162815,,
40342,0.15,256,fine_mc,cuda,0.005080856382846832,0.022506438195705414,0.0009615458548069,0.0011207778006792068,0.001083199977874756,0.005522346124053001,0.00042812153697013855,0.03573855571448803,,
40342,0.15,256,empirical_selective,cuda,0.005080856382846832,0.022506438195705414,0.0009615458548069,0.0010396894067525864,,0.004880053922533989,,0.0403367355465889,0.004942514002323151,0.0008071679621934891
40342,0.15,256,certified_fallback,cuda,0.005080856382846832,0.022506438195705414,0.0009615458548069,0.0008922573179006577,,0.00464119017124176,,0.03973051905632019,0.004942514002323151,0.0
40342,0.15,256,fine_mc,cpu,0.005065256729722023,0.022317009046673775,0.0007705464959144592,0.0061676520854234695,0.0,0.0,0.00032500363886356354,0.03476147726178169,,
40342,0.15,1024,fine_mc,cuda,0.004811931401491165,0.11892122030258179,0.0026873499155044556,0.0022953953593969345,0.002264512062072754,0.010249162092804909,0.0015073195099830627,0.1405759807676077,,
40342,0.15,1024,empirical_selective,cuda,0.004811931401491165,0.11892122030258179,0.0026873499155044556,0.0023615267127752304,,0.010798048228025436,,0.16246398724615574,0.019609736278653145,0.0031705722212791443
40342,0.15,1024,certified_fallback,cuda,0.004811931401491165,0.11892122030258179,0.0026873499155044556,0.0023086369037628174,,0.006075743585824966,,0.15630197897553444,0.019609736278653145,0.0
40342,0.15,1024,fine_mc,cpu,0.005444876849651337,0.13150937110185623,0.0031576119363307953,0.03735763020813465,0.0,0.0,0.0014125090092420578,0.1790045201778412,,
40342,1.0,256,fine_mc,cuda,0.006300734356045723,0.04511852562427521,0.0016407426446676254,0.0011072084307670593,0.0010562560558319092,0.002015935257077217,0.0004429630935192108,0.05671872943639755,,
40342,1.0,256,empirical_selective,cuda,0.006300734356045723,0.04511852562427521,0.0016407426446676254,0.0009894166141748428,,0.001654837280511856,,0.06189423240721226,0.005263218656182289,0.0008341372013092041
40342,1.0,256,certified_fallback,cuda,0.006300734356045723,0.04511852562427521,0.0016407426446676254,0.0009010154753923416,,0.0017395839095115662,,0.06165814399719238,0.005263218656182289,0.0
40342,1.0,256,fine_mc,cpu,0.006245113909244537,0.044957272708415985,0.0007954370230436325,0.011437589302659035,0.0,0.0,0.0004399344325065613,0.06397150829434395,,
40342,1.0,1024,fine_mc,cuda,0.008744930848479271,0.264441329985857,0.003055281937122345,0.00239497609436512,0.002342751979827881,0.006349984556436539,0.0015312395989894867,0.28663571178913116,,
40342,1.0,1024,empirical_selective,cuda,0.008744930848479271,0.264441329985857,0.003055281937122345,0.002321256324648857,,0.00577680766582489,,0.3073384650051594,0.019962290301918983,0.002918599173426628
40342,1.0,1024,certified_fallback,cuda,0.008744930848479271,0.264441329985857,0.003055281937122345,0.0023544691503047943,,0.010811403393745422,,0.31137061677873135,0.019962290301918983,0.0
40342,1.0,1024,fine_mc,cpu,0.006441416218876839,0.24309751950204372,0.002726297825574875,0.023801786825060844,0.0,0.0,0.0012927576899528503,0.27752839028835297,,
40423,0.0,256,fine_mc,cuda,0.004208128899335861,0.02096823789179325,0.0008048266172409058,0.0010908283293247223,0.0010496000051498414,0.0046094805002212524,0.0004564635455608368,0.032231392338871956,,
40423,0.0,256,empirical_selective,cuda,0.004208128899335861,0.02096823789179325,0.0008048266172409058,0.0010349471122026443,,0.00455523282289505,,0.03732532821595669,0.004922812804579735,0.0007377155125141144
40423,0.0,256,certified_fallback,cuda,0.004208128899335861,0.02096823789179325,0.0008048266172409058,0.0008979849517345428,,0.00487348809838295,,0.03733302466571331,0.004922812804579735,0.0
40423,0.0,256,fine_mc,cpu,0.004339901730418205,0.02087121456861496,0.0007349960505962372,0.006558066233992577,0.0,0.0,0.0003366544842720032,0.03986611030995846,,
40423,0.0,1024,fine_mc,cuda,0.004419799894094467,0.10889597982168198,0.0024605076760053635,0.002300223335623741,0.0022649281024932862,0.010379187762737274,0.0016277600079774857,0.130202641710639,,
40423,0.0,1024,empirical_selective,cuda,0.004419799894094467,0.10889597982168198,0.0024605076760053635,0.002293778583407402,,0.005759676918387413,,0.14818857610225677,0.021212000399827957,0.0030276495963335037
40423,0.0,1024,certified_fallback,cuda,0.004419799894094467,0.10889597982168198,0.0024605076760053635,0.0023001357913017273,,0.010297572240233421,,0.15139534324407578,0.021212000399827957,0.0
40423,0.0,1024,fine_mc,cpu,0.004428191110491753,0.16202662326395512,0.0026369765400886536,0.02795005589723587,0.0,0.0,0.0012668278068304062,0.1984206009656191,,
40423,0.15,256,fine_mc,cuda,0.005100235342979431,0.02358531579375267,0.0010432582348585129,0.0010612793266773224,0.0010223360061645508,0.00463777594268322,0.0004467517137527466,0.03598630800843239,,
40423,0.15,256,empirical_selective,cuda,0.005100235342979431,0.02358531579375267,0.0010432582348585129,0.0009840968996286392,,0.004504300653934479,,0.04099871776998043,0.005060665309429169,0.0006091538816690445
40423,0.15,256,certified_fallback,cuda,0.005100235342979431,0.02358531579375267,0.0010432582348585129,0.0009292159229516983,,0.004635091871023178,,0.041044946759939194,0.005060665309429169,0.0
40423,0.15,256,fine_mc,cpu,0.005089595913887024,0.022906439378857613,0.0008705742657184601,0.006325971335172653,0.0,0.0,0.0003058798611164093,0.035592712461948395,,
40423,0.15,1024,fine_mc,cuda,0.004807675257325172,0.1171722523868084,0.002393808215856552,0.002284156158566475,0.002252000093460083,0.00973556563258171,0.0014353301376104355,0.13790959306061268,,
40423,0.15,1024,empirical_selective,cuda,0.004807675257325172,0.1171722523868084,0.002393808215856552,0.0023173484951257706,,0.010580683127045631,,0.1619016844779253,0.02143051289021969,0.003118598833680153
40423,0.15,1024,certified_fallback,cuda,0.004807675257325172,0.1171722523868084,0.002393808215856552,0.0022896956652402878,,0.006358714774250984,,0.15623767487704754,0.02143051289021969,0.0
40423,0.15,1024,fine_mc,cpu,0.005318185314536095,0.12037235125899315,0.002770630642771721,0.02976112812757492,0.0,0.0,0.0012898072600364685,0.1596470344811678,,
40423,1.0,256,fine_mc,cuda,0.006142202764749527,0.03645986691117287,0.0013672001659870148,0.0010933689773082733,0.001051967978477478,0.004838913679122925,0.00044509395956993103,0.050427764654159546,,
40423,1.0,256,empirical_selective,cuda,0.006142202764749527,0.03645986691117287,0.0013672001659870148,0.0010364465415477753,,0.004583660513162613,,0.055528055876493454,0.005041994154453278,0.0008155666291713715
40423,1.0,256,certified_fallback,cuda,0.006142202764749527,0.03645986691117287,0.0013672001659870148,0.0009408369660377502,,0.004611345008015633,,0.055187927559018135,0.005041994154453278,0.0
40423,1.0,256,fine_mc,cpu,0.00627497211098671,0.03482593409717083,0.0007269736379384995,0.006124041974544525,0.0,0.0,0.00031050294637680054,0.04835388995707035,,
40423,1.0,1024,fine_mc,cuda,0.006291484460234642,0.22898590378463268,0.0028782691806554794,0.0022937562316656113,0.002256511926651001,0.01054726168513298,0.0014734193682670593,0.2525790464133024,,
40423,1.0,1024,empirical_selective,cuda,0.006291484460234642,0.22898590378463268,0.0028782691806554794,0.0023008063435554504,,0.0058244019746780396,,0.2697902023792267,0.02072751522064209,0.002672869712114334
40423,1.0,1024,certified_fallback,cuda,0.006291484460234642,0.22898590378463268,0.0028782691806554794,0.002317536622285843,,0.006370952352881432,,0.26955469883978367,0.02072751522064209,0.0
40423,1.0,1024,fine_mc,cpu,0.007355630397796631,0.22494743205606937,0.002898791804909706,0.02412508986890316,0.0,0.0,0.0012789573520421982,0.26080640591681004,,
40504,0.0,256,fine_mc,cuda,0.004377661272883415,0.021554961800575256,0.002029143273830414,0.0010741781443357468,0.0010352959632873534,0.0049028340727090836,0.00043757446110248566,0.03446410410106182,,
40504,0.0,256,empirical_selective,cuda,0.004377661272883415,0.021554961800575256,0.002029143273830414,0.001015758141875267,,0.004597511142492294,,0.03950500674545765,0.005084596574306488,0.0007576234638690948
40504,0.0,256,certified_fallback,cuda,0.004377661272883415,0.021554961800575256,0.002029143273830414,0.0009149685502052307,,0.00454731285572052,,0.03918399661779404,0.005084596574306488,0.0
40504,0.0,256,fine_mc,cpu,0.004385871812701225,0.020311592146754265,0.0007343757897615433,0.006631616503000259,0.0,0.0,0.0003216136246919632,0.04051530547440052,,
40504,0.0,1024,fine_mc,cuda,0.004501482471823692,0.11040329374372959,0.0025615282356739044,0.002285867929458618,0.002252095937728882,0.009731044992804527,0.0015307608991861343,0.13112524896860123,,
40504,0.0,1024,empirical_selective,cuda,0.004501482471823692,0.11040329374372959,0.0025615282356739044,0.0022990163415670395,,0.011185931041836739,,0.15550698526203632,0.021706152707338333,0.0027383100241422653
40504,0.0,1024,certified_fallback,cuda,0.004501482471823692,0.11040329374372959,0.0025615282356739044,0.0022962167859077454,,0.006101340055465698,,0.14945128001272678,0.021706152707338333,0.0
40504,0.0,1024,fine_mc,cpu,0.0056108999997377396,0.1684626005589962,0.0033039450645446777,0.03386968746781349,0.0,0.0,0.0013120509684085846,0.21270253136754036,,
40504,0.15,256,fine_mc,cuda,0.005552578717470169,0.02350677363574505,0.0007599033415317535,0.0011913757771253586,0.0011508159637451173,0.004716372117400169,0.00044557638466358185,0.0362868532538414,,
40504,0.15,256,empirical_selective,cuda,0.005552578717470169,0.02350677363574505,0.0007599033415317535,0.0011460203677415848,,0.004893718287348747,,0.04239722527563572,0.005568351596593857,0.0008556060492992401
40504,0.15,256,certified_fallback,cuda,0.005552578717470169,0.02350677363574505,0.0007599033415317535,0.001070905476808548,,0.004661593586206436,,0.04181196540594101,0.005568351596593857,0.0
40504,0.15,256,fine_mc,cpu,0.0053122155368328094,0.022922320291399956,0.000730615109205246,0.005893940106034279,0.0,0.0,0.00031858310103416443,0.03526945598423481,,
40504,0.15,1024,fine_mc,cuda,0.004928054288029671,0.11669778637588024,0.0024890806525945663,0.0022899750620126724,0.0022564480304718016,0.011211799457669258,0.001439487561583519,0.13914676196873188,,
40504,0.15,1024,empirical_selective,cuda,0.004928054288029671,0.11669778637588024,0.0024890806525945663,0.0022964049130678177,,0.010317422449588776,,0.15914230234920979,0.0193204153329134,0.0030025597661733627
40504,0.15,1024,certified_fallback,cuda,0.004928054288029671,0.11669778637588024,0.0024890806525945663,0.0022903047502040863,,0.006173035129904747,,0.15366404689848423,0.0193204153329134,0.0
40504,0.15,1024,fine_mc,cpu,0.004975676536560059,0.12032850459218025,0.003595655784010887,0.029027752578258514,0.0,0.0,0.001247018575668335,0.15930252335965633,,
40504,1.0,256,fine_mc,cuda,0.006306532770395279,0.032626837491989136,0.0009988285601139069,0.0010780487209558487,0.0010375679731369019,0.004692602902650833,0.00043664127588272095,0.04621989279985428,,
40504,1.0,256,empirical_selective,cuda,0.006306532770395279,0.032626837491989136,0.0009988285601139069,0.0009936261922121048,,0.004734592512249947,,0.051357727497816086,0.005044946447014809,0.00057196244597435
40504,1.0,256,certified_fallback,cuda,0.006306532770395279,0.032626837491989136,0.0009988285601139069,0.0010204073041677475,,0.004688400775194168,,0.05132933892309666,0.005044946447014809,0.0
40504,1.0,256,fine_mc,cpu,0.006258482113480568,0.03464745171368122,0.0006435364484786987,0.006410624831914902,0.0,0.0,0.0003544241189956665,0.048403529450297356,,
40504,1.0,1024,fine_mc,cuda,0.0062693040817976,0.2284697312861681,0.0028333086520433426,0.002311618998646736,0.0022729599475860597,0.011182969436049461,0.0014523286372423172,0.2526309695094824,,
40504,1.0,1024,empirical_selective,cuda,0.0062693040817976,0.2284697312861681,0.0028333086520433426,0.002309376373887062,,0.005736738443374634,,0.26758468337357044,0.018803132697939873,0.0030513834208250046
40504,1.0,1024,certified_fallback,cuda,0.0062693040817976,0.2284697312861681,0.0028333086520433426,0.0022965967655181885,,0.006067683920264244,,0.26655962504446507,0.018803132697939873,0.0
40504,1.0,1024,fine_mc,cpu,0.0064600445330142975,0.22864321991801262,0.002952743321657181,0.02450799010694027,0.0,0.0,0.0015757717192173004,0.2642687298357487,,
40586,0.0,256,fine_mc,cuda,0.004185900092124939,0.023136312142014503,0.0006976649165153503,0.0010139178484678268,0.0009778239727020264,0.0016622394323349,0.00043003447353839874,0.03120799921452999,,
40586,0.0,256,empirical_selective,cuda,0.004185900092124939,0.023136312142014503,0.0006976649165153503,0.0009436048567295074,,0.0015749521553516388,,0.036160312592983246,0.004987034946680069,0.000552913174033165
40586,0.0,256,certified_fallback,cuda,0.004185900092124939,0.023136312142014503,0.0006976649165153503,0.0009145773947238922,,0.0016594305634498596,,0.036828385666012764,0.004987034946680069,0.0
40586,0.0,256,fine_mc,cpu,0.004358140751719475,0.02114020846784115,0.0007541552186012268,0.006018470972776413,0.0,0.0,0.00031286105513572693,0.039788585156202316,,
40586,0.0,1024,fine_mc,cuda,0.00449802540242672,0.1619744747877121,0.004528602585196495,0.002301706001162529,0.0022661440372467043,0.006177471950650215,0.0016900207847356796,0.18127928487956524,,
40586,0.0,1024,empirical_selective,cuda,0.00449802540242672,0.1619744747877121,0.004528602585196495,0.0023034270852804184,,0.010750355198979378,,0.2093425765633583,0.02121124044060707,0.003967467695474625
40586,0.0,1024,certified_fallback,cuda,0.00449802540242672,0.1619744747877121,0.004528602585196495,0.0023070871829986572,,0.005845218896865845,,0.20220941863954067,0.02121124044060707,0.0
40586,0.0,1024,fine_mc,cpu,0.004571162164211273,0.17136194929480553,0.002795899286866188,0.025642210617661476,0.0,0.0,0.0012724585831165314,0.20578697137534618,,
40586,0.15,256,fine_mc,cuda,0.005172235891222954,0.02353331446647644,0.0011187978088855743,0.0010858681052923203,0.0010418879985809326,0.004851086065173149,0.0004432443529367447,0.036321116611361504,,
40586,0.15,256,empirical_selective,cuda,0.005172235891222954,0.02353331446647644,0.0011187978088855743,0.0010413974523544312,,0.004956874996423721,,0.04171907342970371,0.005109036341309547,0.000670846551656723
40586,0.15,256,certified_fallback,cuda,0.005172235891222954,0.02353331446647644,0.0011187978088855743,0.0009591560810804367,,0.00491536408662796,,0.04160929098725319,0.005109036341309547,0.0
40586,0.15,256,fine_mc,cpu,0.005663080140948296,0.024833273142576218,0.0007604639977216721,0.006235722452402115,0.0,0.0,0.00032543204724788666,0.03791745379567146,,
40586,0.15,1024,fine_mc,cuda,0.005044844001531601,0.1155169103294611,0.0030393898487091064,0.002305923029780388,0.0022680959701538088,0.008321788161993027,0.001464908942580223,0.1357666254043579,,
40586,0.15,1024,empirical_selective,cuda,0.005044844001531601,0.1155169103294611,0.0030393898487091064,0.0023187845945358276,,0.011060746386647224,,0.16430534981191158,0.02395113930106163,0.003300674259662628
40586,0.15,1024,certified_fallback,cuda,0.005044844001531601,0.1155169103294611,0.0030393898487091064,0.0022978149354457855,,0.00600074976682663,,0.15756438486278057,0.02395113930106163,0.0
40586,0.15,1024,fine_mc,cpu,0.005100816488265991,0.12491406314074993,0.003281461074948311,0.026579005643725395,0.0,0.0,0.0012300778180360794,0.1612236462533474,,
40586,1.0,256,fine_mc,cuda,0.006355723366141319,0.03372250497341156,0.0007862690836191177,0.0010915286839008331,0.0010525439977645875,0.0017269458621740341,0.00043985433876514435,0.04420096427202225,,
40586,1.0,256,empirical_selective,cuda,0.006355723366141319,0.03372250497341156,0.0007862690836191177,0.0009702183306217194,,0.0016204901039600372,,0.04923117533326149,0.004918714985251427,0.0007791165262460709
40586,1.0,256,certified_fallback,cuda,0.006355723366141319,0.03372250497341156,0.0007862690836191177,0.0009057242423295975,,0.0016100015491247177,,0.04892002232372761,0.004918714985251427,0.0
40586,1.0,256,fine_mc,cpu,0.0061482954770326614,0.03130197711288929,0.0006625652313232422,0.005895780399441719,0.0,0.0,0.000300602987408638,0.04439255967736244,,
40586,1.0,1024,fine_mc,cuda,0.0064239948987960815,0.22985011897981167,0.0027691107243299484,0.002293448895215988,0.0022578558921813965,0.010848676785826683,0.0014338083565235138,0.2537315469235182,,
40586,1.0,1024,empirical_selective,cuda,0.0064239948987960815,0.22985011897981167,0.0027691107243299484,0.0022957362234592438,,0.005816042423248291,,0.26865904964506626,0.018612409010529518,0.0027792491018772125
40586,1.0,1024,certified_fallback,cuda,0.0064239948987960815,0.22985011897981167,0.0027691107243299484,0.0022971760481595993,,0.006077220663428307,,0.2679986860603094,0.018612409010529518,0.0
40586,1.0,1024,fine_mc,cpu,0.006294183433055878,0.23082376644015312,0.0028207413852214813,0.023041879758238792,0.0,0.0,0.001441270112991333,0.2645689509809017,,
40667,0.0,256,fine_mc,cuda,0.004169560968875885,0.02158460207283497,0.0007576551288366318,0.0010972283780574799,0.0010564800500869752,0.0054465774446725845,0.0004614032804965973,0.03360495716333389,,
40667,0.0,256,empirical_selective,cuda,0.004169560968875885,0.02158460207283497,0.0007576551288366318,0.001087915152311325,,0.001698249951004982,,0.035199351608753204,0.00511881522834301,0.0006946232169866562
40667,0.0,256,certified_fallback,cuda,0.004169560968875885,0.02158460207283497,0.0007576551288366318,0.0009979289025068283,,0.0016386006027460098,,0.03489852510392666,0.00511881522834301,0.0
40667,0.0,256,fine_mc,cpu,0.00448969192802906,0.020549263805150986,0.0006622336804866791,0.005796369165182114,0.0,0.0,0.0003627222031354904,0.03858757019042969,,
40667,0.0,1024,fine_mc,cuda,0.004579242318868637,0.10426890850067139,0.002730460837483406,0.0022941362112760544,0.0022618560791015626,0.011189399287104607,0.0014503393322229385,0.1266270875930786,,
40667,0.0,1024,empirical_selective,cuda,0.004579242318868637,0.10426890850067139,0.002730460837483406,0.002309827134013176,,0.010331092402338982,,0.1472688429057598,0.01981421746313572,0.0031204931437969208
40667,0.0,1024,certified_fallback,cuda,0.004579242318868637,0.10426890850067139,0.002730460837483406,0.0023050885647535324,,0.005602477118372917,,0.14116807654500008,0.01981421746313572,0.0
40667,0.0,1024,fine_mc,cpu,0.004460420459508896,0.17689171619713306,0.002902459353208542,0.024183889850974083,0.0,0.0,0.0013028662651777267,0.20987775549292564,,
40667,0.15,256,fine_mc,cuda,0.005163075402379036,0.023232722654938698,0.0009299349039793015,0.0010836776345968246,0.0010480959415435792,0.004942841827869415,0.00043064169585704803,0.03589728847146034,,
40667,0.15,256,empirical_selective,cuda,0.005163075402379036,0.023232722654938698,0.0009299349039793015,0.0010331682860851288,,0.0046671126037836075,,0.041067248210310936,0.005095154047012329,0.0008316859602928162
40667,0.15,256,certified_fallback,cuda,0.005163075402379036,0.023232722654938698,0.0009299349039793015,0.0009437389671802521,,0.005328599363565445,,0.04138955660164356,0.005095154047012329,0.0
40667,0.15,256,fine_mc,cpu,0.005064776167273521,0.022512707859277725,0.0006660241633653641,0.005807219073176384,0.0,0.0,0.00032596103847026825,0.034463537856936455,,
40667,0.15,1024,fine_mc,cuda,0.0047874730080366135,0.11229433678090572,0.003021828830242157,0.0022900961339473724,0.002257920026779175,0.009889591485261917,0.001452488824725151,0.13381540589034557,,
40667,0.15,1024,empirical_selective,cuda,0.0047874730080366135,0.11229433678090572,0.003021828830242157,0.0022963564842939377,,0.008506778627634048,,0.15383994579315186,0.019740208983421326,0.003113372251391411
40667,0.15,1024,certified_fallback,cuda,0.0047874730080366135,0.11229433678090572,0.003021828830242157,0.0022920556366443634,,0.004559610038995743,,0.14851640909910202,0.019740208983421326,0.0
40667,0.15,1024,fine_mc,cpu,0.005092436447739601,0.17407122068107128,0.0026182960718870163,0.03025100938975811,0.0,0.0,0.0013007000088691711,0.21345776319503784,,
40667,1.0,256,fine_mc,cuda,0.006136264652013779,0.03401992842555046,0.001294948160648346,0.0013260003179311752,0.0012758719921112062,0.004958664998412132,0.0005194935947656631,0.04833856038749218,,
40667,1.0,256,empirical_selective,cuda,0.006136264652013779,0.03401992842555046,0.001294948160648346,0.0012211166322231293,,0.004653532058000565,,0.052972739562392235,0.0049207452684640884,0.0006429441273212433
40667,1.0,256,certified_fallback,cuda,0.006136264652013779,0.03401992842555046,0.001294948160648346,0.000947318971157074,,0.004678012803196907,,0.0526893213391304,0.0049207452684640884,0.0
40667,1.0,256,fine_mc,cpu,0.006125451996922493,0.03327310271561146,0.000720486044883728,0.00609252043068409,0.0,0.0,0.00033197179436683655,0.04663366265594959,,
40667,1.0,1024,fine_mc,cuda,0.006282344460487366,0.22956452518701553,0.0034604035317897797,0.002299495041370392,0.0022613759040832518,0.009859524667263031,0.0014403723180294037,0.2530223075300455,,
40667,1.0,1024,empirical_selective,cuda,0.006282344460487366,0.22956452518701553,0.0034604035317897797,0.002298416569828987,,0.005560629069805145,,0.2692829370498657,0.0192647073417902,0.002736268565058708
40667,1.0,1024,certified_fallback,cuda,0.006282344460487366,0.22956452518701553,0.0034604035317897797,0.002296214923262596,,0.00566462054848671,,0.26922428607940674,0.0192647073417902,0.0
40667,1.0,1024,fine_mc,cpu,0.006455784663558006,0.23437041230499744,0.002974148839712143,0.025829212740063667,0.0,0.0,0.0013737082481384277,0.2711328286677599,,
40748,0.0,256,fine_mc,cuda,0.004160407930612564,0.022260095924139023,0.0007382351905107498,0.0010639410465955734,0.0010252159833908081,0.005049973726272583,0.0004404038190841675,0.0338019710034132,,
40748,0.0,256,empirical_selective,cuda,0.004160407930612564,0.022260095924139023,0.0007382351905107498,0.0009872466325759888,,0.0044474005699157715,,0.03816773183643818,0.0049400776624679565,0.0005453545600175858
40748,0.0,256,certified_fallback,cuda,0.004160407930612564,0.022260095924139023,0.0007382351905107498,0.0009514279663562775,,0.0044791605323553085,,0.03817449510097504,0.0049400776624679565,0.0
40748,0.0,256,fine_mc,cpu,0.00432765856385231,0.020584264770150185,0.000790666788816452,0.006229422986507416,0.0,0.0,0.0003606323152780533,0.03949294425547123,,
40748,0.0,1024,fine_mc,cuda,0.006021151319146156,0.1054698396474123,0.002536475658416748,0.00229780375957489,0.0022620480060577394,0.009287456050515175,0.0015244800597429276,0.12726018764078617,,
40748,0.0,1024,empirical_selective,cuda,0.006021151319146156,0.1054698396474123,0.002536475658416748,0.002295946702361107,,0.010499121621251106,,0.15019117668271065,0.019916389137506485,0.003329271450638771
40748,0.0,1024,certified_fallback,cuda,0.006021151319146156,0.1054698396474123,0.002536475658416748,0.0022946447134017944,,0.00564241036772728,,0.1438712775707245,0.019916389137506485,0.0
40748,0.0,1024,fine_mc,cpu,0.004418190568685532,0.1718716248869896,0.0035484228283166885,0.03351142629981041,0.0,0.0,0.0013063494116067886,0.21479429490864277,,
40748,0.15,256,fine_mc,cuda,0.005072547122836113,0.023034080862998962,0.0011543072760105133,0.0010674484074115753,0.0010279680490493774,0.004701660946011543,0.00043732114136219025,0.035578006878495216,,
40748,0.15,256,empirical_selective,cuda,0.005072547122836113,0.023034080862998962,0.0011543072760105133,0.0010142866522073746,,0.004581024870276451,,0.0406538974493742,0.005035474896430969,0.0006515346467494965
40748,0.15,256,certified_fallback,cuda,0.005072547122836113,0.023034080862998962,0.0011543072760105133,0.0009296759963035583,,0.004742752760648727,,0.04085654765367508,0.005035474896430969,0.0
40748,0.15,256,fine_mc,cpu,0.004937583580613136,0.023536134511232376,0.0008525457233190536,0.005836941301822662,0.0,0.0,0.0003058388829231262,0.03555753640830517,,
40748,0.15,1024,fine_mc,cuda,0.004765477031469345,0.11317229270935059,0.0033507347106933594,0.0023087840527296066,0.0022725439071655273,0.010519392788410187,0.0014564506709575653,0.1356446947902441,,
40748,0.15,1024,empirical_selective,cuda,0.004765477031469345,0.11317229270935059,0.0033507347106933594,0.0023293476551771164,,0.009799357503652573,,0.16036278940737247,0.023140540346503258,0.003733476623892784
40748,0.15,1024,certified_fallback,cuda,0.004765477031469345,0.11317229270935059,0.0033507347106933594,0.0023053791373968124,,0.0050870440900325775,,0.15357385948300362,0.023140540346503258,0.0
40748,0.15,1024,fine_mc,cpu,0.005222206935286522,0.12660628370940685,0.0024145077913999557,0.03258286789059639,0.0,0.0,0.0013916399329900742,0.1683553084731102,,
40748,1.0,256,fine_mc,cuda,0.006742335855960846,0.03293706104159355,0.001008717343211174,0.0010292157530784607,0.0009917759895324708,0.0016997326165437698,0.0004593338817358017,0.043975718319416046,,
40748,1.0,256,empirical_selective,cuda,0.006742335855960846,0.03293706104159355,0.001008717343211174,0.0009653661400079727,,0.0015894416719675064,,0.04888986423611641,0.00500139594078064,0.0005462244153022766
40748,1.0,256,certified_fallback,cuda,0.006742335855960846,0.03293706104159355,0.001008717343211174,0.0011998564004898071,,0.0017509125173091888,,0.04940293915569782,0.00500139594078064,0.0
40748,1.0,256,fine_mc,cpu,0.00663134828209877,0.03635374456644058,0.0007889550179243088,0.006012951955199242,0.0,0.0,0.0003284718841314316,0.050218161195516586,,
40748,1.0,1024,fine_mc,cuda,0.006306502968072891,0.2387848198413849,0.002716660499572754,0.0023313555866479874,0.0022925119400024415,0.0113217793405056,0.0014292709529399872,0.26301092095673084,,
40748,1.0,1024,empirical_selective,cuda,0.006306502968072891,0.2387848198413849,0.002716660499572754,0.0023077651858329773,,0.005726177245378494,,0.27827476151287556,0.019438454881310463,0.0028738491237163544
40748,1.0,1024,certified_fallback,cuda,0.006306502968072891,0.2387848198413849,0.002716660499572754,0.0023007243871688843,,0.006151944398880005,,0.2777255233377218,0.019438454881310463,0.0
40748,1.0,1024,fine_mc,cpu,0.006378695368766785,0.23187363892793655,0.0028680600225925446,0.02564351074397564,0.0,0.0,0.0014373604208230972,0.268358601257205,,
40829,0.0,256,fine_mc,cuda,0.004205409437417984,0.021557670086622238,0.0007073022425174713,0.0010868888348340988,0.0010470720529556275,0.004924101755023003,0.00045312196016311646,0.03302215784788132,,
40829,0.0,256,empirical_selective,cuda,0.004205409437417984,0.021557670086622238,0.0007073022425174713,0.000988217070698738,,0.004679514095187187,,0.03767980635166168,0.004868535324931145,0.0005854945629835129
40829,0.0,256,certified_fallback,cuda,0.004205409437417984,0.021557670086622238,0.0007073022425174713,0.0009299460798501968,,0.00455913320183754,,0.03746083192527294,0.004868535324931145,0.0
40829,0.0,256,fine_mc,cpu,0.00434952974319458,0.0205680038779974,0.000729074701666832,0.0061628445982933044,0.0,0.0,0.00032343901693820953,0.037005916237831116,,
40829,0.0,1024,fine_mc,cuda,0.004429880529642105,0.10315795242786407,0.002745397388935089,0.0022886358201503754,0.002256704092025757,0.010561825707554817,0.0015022214502096176,0.12479116767644882,,
40829,0.0,1024,empirical_selective,cuda,0.004429880529642105,0.10315795242786407,0.002745397388935089,0.0023086052387952805,,0.005634788423776627,,0.14160452596843243,0.020115261897444725,0.0031073857098817825
40829,0.0,1024,certified_fallback,cuda,0.004429880529642105,0.10315795242786407,0.002745397388935089,0.0022957362234592438,,0.011076781898736954,,0.14562153071165085,0.020115261897444725,0.0
40829,0.0,1024,fine_mc,cpu,0.004492759704589844,0.17105083912611008,0.002608928829431534,0.024124309420585632,0.0,0.0,0.0012494288384914398,0.2036664243787527,,
40829,0.15,256,fine_mc,cuda,0.005147036164999008,0.023427652195096016,0.0011871401220560074,0.0010688863694667816,0.0010292160511016846,0.004742572084069252,0.0004799719899892807,0.036168139427900314,,
40829,0.15,256,empirical_selective,cuda,0.005147036164999008,0.023427652195096016,0.0011871401220560074,0.0009893756359815598,,0.004774352535605431,,0.041230177506804466,0.005000576376914978,0.0005891639739274979
40829,0.15,256,certified_fallback,cuda,0.005147036164999008,0.023427652195096016,0.0011871401220560074,0.0009465273469686508,,0.005012128502130508,,0.04138435423374176,0.005000576376914978,0.0
40829,0.15,256,fine_mc,cpu,0.005080504342913628,0.022249596193432808,0.0006773956120014191,0.005891932174563408,0.0,0.0,0.0003035031259059906,0.03722057119011879,,
40829,0.15,1024,fine_mc,cuda,0.004922023043036461,0.11725227162241936,0.0032383427023887634,0.002297762781381607,0.0022658560276031495,0.01084357500076294,0.0015243012458086014,0.14014946669340134,,
40829,0.15,1024,empirical_selective,cuda,0.004922023043036461,0.11725227162241936,0.0032383427023887634,0.002295076847076416,,0.010947197675704956,,0.16453822329640388,0.02259056828916073,0.0032215528190135956
40829,0.15,1024,certified_fallback,cuda,0.004922023043036461,0.11725227162241936,0.0032383427023887634,0.002321746200323105,,0.006357397884130478,,0.15844743885099888,0.02259056828916073,0.0
40829,0.15,1024,fine_mc,cpu,0.005213405936956406,0.18087270483374596,0.002460489049553871,0.03154131956398487,0.0,0.0,0.0013098306953907013,0.22153464891016483,,
40829,1.0,256,fine_mc,cuda,0.006161274388432503,0.03478839434683323,0.0010054763406515121,0.0010720882564783096,0.0010325119495391845,0.004693677648901939,0.0004612244665622711,0.04826073348522186,,
40829,1.0,256,empirical_selective,cuda,0.006161274388432503,0.03478839434683323,0.0010054763406515121,0.001024927943944931,,0.004517178982496262,,0.05333462171256542,0.004981145262718201,0.0007776264101266861
40829,1.0,256,certified_fallback,cuda,0.006161274388432503,0.03478839434683323,0.0010054763406515121,0.0009587276726961136,,0.005048885941505432,,0.053592197597026825,0.004981145262718201,0.0
40829,1.0,256,fine_mc,cpu,0.006172623485326767,0.033712295815348625,0.0007136836647987366,0.0060242824256420135,0.0,0.0,0.00031587108969688416,0.047030188143253326,,
40829,1.0,1024,fine_mc,cuda,0.006224874407052994,0.22827095724642277,0.0028318725526332855,0.002293335273861885,0.00226144003868103,0.011185767129063606,0.0014400184154510498,0.25235784985125065,,
40829,1.0,1024,empirical_selective,cuda,0.006224874407052994,0.22827095724642277,0.0028318725526332855,0.002291835844516754,,0.005705740302801132,,0.27031934820115566,0.021842531859874725,0.0030405111610889435
40829,1.0,1024,certified_fallback,cuda,0.006224874407052994,0.22827095724642277,0.0028318725526332855,0.002303777262568474,,0.009624266996979713,,0.27288144640624523,0.021842531859874725,0.0
40829,1.0,1024,fine_mc,cpu,0.00714988075196743,0.1756461076438427,0.0028320197016000748,0.023867888376116753,0.0,0.0,0.0013132169842720032,0.2109419573098421,,
40910,0.0,256,fine_mc,cuda,0.005283087491989136,0.021988753229379654,0.0008655861020088196,0.0011260490864515305,0.0010814720392227173,0.004869656637310982,0.00045736320316791534,0.03468828648328781,,
40910,0.0,256,empirical_selective,cuda,0.005283087491989136,0.021988753229379654,0.0008655861020088196,0.0009910650551319122,,0.00455581396818161,,0.040267983451485634,0.005935912951827049,0.0005499739199876785
40910,0.0,256,certified_fallback,cuda,0.005283087491989136,0.021988753229379654,0.0008655861020088196,0.0009416453540325165,,0.004583790898323059,,0.04025283455848694,0.005935912951827049,0.0
40910,0.0,256,fine_mc,cpu,0.004314010962843895,0.021194107830524445,0.0007224436849355698,0.0072129108011722565,0.0,0.0,0.0003300420939922333,0.0381450392305851,,
40910,0.0,1024,fine_mc,cuda,0.004850724712014198,0.10863663256168365,0.0028870683163404465,0.002291535958647728,0.0022587521076202393,0.011007953435182571,0.0015677716583013535,0.1313567440956831,,
40910,0.0,1024,empirical_selective,cuda,0.004850724712014198,0.10863663256168365,0.0028870683163404465,0.0023007765412330627,,0.010587163269519806,,0.15393396839499474,0.021348580718040466,0.0032079648226499557
40910,0.0,1024,certified_fallback,cuda,0.004850724712014198,0.10863663256168365,0.0028870683163404465,0.002316296100616455,,0.006136253476142883,,0.1480180062353611,0.021348580718040466,0.0
40910,0.0,1024,fine_mc,cpu,0.004354199394583702,0.1708491537719965,0.004508392885327339,0.02423842065036297,0.0,0.0,0.001254897564649582,0.2053493596613407,,
40910,0.15,256,fine_mc,cuda,0.005019295960664749,0.023637663573026657,0.0009933579713106155,0.0010129548609256744,0.0009767040014266968,0.0017436109483242035,0.00043707340955734253,0.032948317006230354,,
40910,0.15,256,empirical_selective,cuda,0.005019295960664749,0.023637663573026657,0.0009933579713106155,0.0010008253157138824,,0.0015994776040315628,,0.039468951523303986,0.006456976756453514,0.0006569940596818924
40910,0.15,256,certified_fallback,cuda,0.005019295960664749,0.023637663573026657,0.0009933579713106155,0.0011670272797346115,,0.0019366946071386337,,0.039969271048903465,0.006456976756453514,0.0
40910,0.15,256,fine_mc,cpu,0.0049650054425001144,0.02334536239504814,0.0007182247936725616,0.006219083443284035,0.0,0.0,0.00033016130328178406,0.03566513769328594,,
40910,0.15,1024,fine_mc,cuda,0.005239715799689293,0.11481864377856255,0.0032375212758779526,0.0023024752736091614,0.0022663359642028807,0.010862786322832108,0.0015474818646907806,0.13808476738631725,,
40910,0.15,1024,empirical_selective,cuda,0.005239715799689293,0.11481864377856255,0.0032375212758779526,0.002294335514307022,,0.010562239214777946,,0.1640670858323574,0.024876443669199944,0.002962043508887291
40910,0.15,1024,certified_fallback,cuda,0.005239715799689293,0.11481864377856255,0.0032375212758779526,0.0022957362234592438,,0.006185393780469894,,0.1584115494042635,0.024876443669199944,0.0
40910,0.15,1024,fine_mc,cpu,0.005039375275373459,0.1715130116790533,0.0035233069211244583,0.03032728284597397,0.0,0.0,0.0012372583150863647,0.21178694069385529,,
40910,1.0,256,fine_mc,cuda,0.006121383979916573,0.03639506362378597,0.0012192409485578537,0.0016461238265037537,0.001594912052154541,0.005149694159626961,0.00043545104563236237,0.05105455406010151,,
40910,1.0,256,empirical_selective,cuda,0.006121383979916573,0.03639506362378597,0.0012192409485578537,0.0014079008251428604,,0.004999915137887001,,0.05864342860877514,0.007666051387786865,0.0007462762296199799
40910,1.0,256,certified_fallback,cuda,0.006121383979916573,0.03639506362378597,0.0012192409485578537,0.001000886783003807,,0.004796650260686874,,0.05846267379820347,0.007666051387786865,0.0
40910,1.0,256,fine_mc,cpu,0.006165621802210808,0.03493048436939716,0.0009356457740068436,0.007372843101620674,0.0,0.0,0.0004502423107624054,0.049951450899243355,,
40910,1.0,1024,fine_mc,cuda,0.006963150575757027,0.22193698212504387,0.0028154198080301285,0.0023266375064849854,0.0022738559246063233,0.009961327537894249,0.0015220902860164642,0.24565478786826134,,
40910,1.0,1024,empirical_selective,cuda,0.006963150575757027,0.22193698212504387,0.0028154198080301285,0.002294326201081276,,0.005684101954102516,,0.26208591274917126,0.019407013431191444,0.0028557386249303818
40910,1.0,1024,certified_fallback,cuda,0.006963150575757027,0.22193698212504387,0.0028154198080301285,0.0022958964109420776,,0.005690788850188255,,0.2612402867525816,0.019407013431191444,0.0
40910,1.0,1024,fine_mc,cpu,0.006308294832706451,0.2305084951221943,0.003013821318745613,0.02490152418613434,0.0,0.0,0.0012499373406171799,0.26614793948829174,,
40992,0.0,256,fine_mc,cuda,0.004190167412161827,0.021831071004271507,0.0007461681962013245,0.0010968465358018875,0.0010587199926376343,0.004629300907254219,0.00044045038521289825,0.03303957358002663,,
40992,0.0,256,empirical_selective,cuda,0.004190167412161827,0.021831071004271507,0.0007461681962013245,0.0009946487843990326,,0.004544489085674286,,0.037945281714200974,0.004964064806699753,0.0005691032856702805
40992,0.0,256,certified_fallback,cuda,0.004190167412161827,0.021831071004271507,0.0007461681962013245,0.0009347777813673019,,0.004893982782959938,,0.038229746744036674,0.004964064806699753,0.0
40992,0.0,256,fine_mc,cpu,0.005568837746977806,0.02099650539457798,0.000690847635269165,0.006235282868146896,0.0,0.0,0.00031870417296886444,0.04134747013449669,,
40992,0.0,1024,fine_mc,cuda,0.004445584490895271,0.11144459806382656,0.0025398172438144684,0.002299206331372261,0.0022590720653533937,0.010960277169942856,0.0014297384768724442,0.13323061168193817,,
40992,0.0,1024,empirical_selective,cuda,0.004445584490895271,0.11144459806382656,0.0025398172438144684,0.002299245446920395,,0.010784825310111046,,0.15851850807666779,0.02348601631820202,0.003407031297683716
40992,0.0,1024,certified_fallback,cuda,0.004445584490895271,0.11144459806382656,0.0025398172438144684,0.0022975970059633255,,0.005790252238512039,,0.15176770649850368,0.02348601631820202,0.0
40992,0.0,1024,fine_mc,cpu,0.006008310243487358,0.1745815109461546,0.0028307288885116577,0.034209469333291054,0.0,0.0,0.00127360038459301,0.21908123418688774,,
40992,0.15,256,fine_mc,cuda,0.005463186651468277,0.023083481937646866,0.001050477847456932,0.0010630767792463303,0.0010239039659500123,0.004574881866574287,0.0004448331892490387,0.035799652338027954,,
40992,0.15,256,empirical_selective,cuda,0.005463186651468277,0.023083481937646866,0.001050477847456932,0.0009785480797290802,,0.004499001428484917,,0.04070240445435047,0.0049100108444690704,0.0005979835987091064
40992,0.15,256,certified_fallback,cuda,0.005463186651468277,0.023083481937646866,0.001050477847456932,0.000943327322602272,,0.004663664847612381,,0.04081115685403347,0.0049100108444690704,0.0
40992,0.15,256,fine_mc,cpu,0.005600739270448685,0.025159835815429688,0.0010076742619276047,0.006935868412256241,0.0,0.0,0.0003233719617128372,0.039130063727498055,,
40992,0.15,1024,fine_mc,cuda,0.004969634115695953,0.11537903547286987,0.0032535437494516373,0.0022941958159208298,0.0022590079307556153,0.01051059179008007,0.0015413090586662292,0.13803976029157639,,
40992,0.15,1024,empirical_selective,cuda,0.004969634115695953,0.11537903547286987,0.0032535437494516373,0.002325456589460373,,0.011011764407157898,,0.1628681644797325,0.022615868598222733,0.003221411257982254
40992,0.15,1024,certified_fallback,cuda,0.004969634115695953,0.11537903547286987,0.0032535437494516373,0.002297688275575638,,0.006252191960811615,,0.156564773991704,0.022615868598222733,0.0
40992,0.15,1024,fine_mc,cpu,0.007136000320315361,0.11577139049768448,0.0024455152451992035,0.031338052824139595,0.0,0.0,0.001276535913348198,0.15813584811985493,,
40992,1.0,256,fine_mc,cuda,0.00613679364323616,0.032602228224277496,0.0007461532950401306,0.0010155979543924332,0.0009793599843978882,0.0016924720257520676,0.00044911354780197144,0.04271901212632656,,
40992,1.0,256,empirical_selective,cuda,0.00613679364323616,0.032602228224277496,0.0007461532950401306,0.0009796973317861557,,0.001625552773475647,,0.047871408984065056,0.004916483536362648,0.0007878467440605164
40992,1.0,256,certified_fallback,cuda,0.00613679364323616,0.032602228224277496,0.0007461532950401306,0.0009001567959785461,,0.0016131829470396042,,0.04753140173852444,0.004916483536362648,0.0
40992,1.0,256,fine_mc,cpu,0.007705261930823326,0.03579906187951565,0.0007636565715074539,0.006074173375964165,0.0,0.0,0.0003159809857606888,0.050744764506816864,,
40992,1.0,1024,fine_mc,cuda,0.006310926750302315,0.1939570065587759,0.002849400043487549,0.002290923148393631,0.0022564480304718016,0.011378688737750053,0.0014185067266225815,0.21831771917641163,,
40992,1.0,1024,empirical_selective,cuda,0.006310926750302315,0.1939570065587759,0.002849400043487549,0.002331716939806938,,0.005842143669724464,,0.23396009765565395,0.019486544653773308,0.0030700918287038803
40992,1.0,1024,certified_fallback,cuda,0.006310926750302315,0.1939570065587759,0.002849400043487549,0.002287955954670906,,0.006131632253527641,,0.23280415683984756,0.019486544653773308,0.0
40992,1.0,1024,fine_mc,cpu,0.006375916302204132,0.2311781495809555,0.0031079407781362534,0.02507106401026249,0.0,0.0,0.0013003982603549957,0.267185278236866,,
41073,0.0,256,fine_mc,cuda,0.005477806553244591,0.02120857685804367,0.0009763892740011215,0.0010692160576581955,0.0010281599760055542,0.004624083638191223,0.0004464145749807358,0.033888090401887894,,
41073,0.0,256,empirical_selective,cuda,0.005477806553244591,0.02120857685804367,0.0009763892740011215,0.0010288059711456299,,0.00455658882856369,,0.03898107260465622,0.005010446533560753,0.0006368551403284073
41073,0.0,256,certified_fallback,cuda,0.005477806553244591,0.02120857685804367,0.0009763892740011215,0.0009138360619544983,,0.004508264362812042,,0.03872551582753658,0.005010446533560753,0.0
41073,0.0,256,fine_mc,cpu,0.006013179197907448,0.021484792232513428,0.0008448045700788498,0.0062003713101148605,0.0,0.0,0.0003284923732280731,0.041852062568068504,,
41073,0.0,1024,fine_mc,cuda,0.004424871876835823,0.10456320084631443,0.0026406366378068924,0.002289246767759323,0.0022569921016693116,0.010217910632491112,0.0014329906553030014,0.12567769177258015,,
41073,0.0,1024,empirical_selective,cuda,0.004424871876835823,0.10456320084631443,0.0026406366378068924,0.002298278734087944,,0.009883800521492958,,0.14643769152462482,0.019674556329846382,0.0028435122221708298
41073,0.0,1024,certified_fallback,cuda,0.004424871876835823,0.10456320084631443,0.0026406366378068924,0.0022940151393413544,,0.00577138364315033,,0.14114432781934738,0.019674556329846382,0.0
41073,0.0,1024,fine_mc,cpu,0.0044014789164066315,0.17623235285282135,0.0028240103274583817,0.02879003994166851,0.0,0.0,0.0011856872588396072,0.21354120038449764,,
41073,0.15,256,fine_mc,cuda,0.005004694685339928,0.023148490116000175,0.0009944960474967957,0.0010800864547491074,0.0010415359735488892,0.004805505275726318,0.0004315134137868881,0.03557330742478371,,
41073,0.15,256,empirical_selective,cuda,0.005004694685339928,0.023148490116000175,0.0009944960474967957,0.001027628779411316,,0.001636030152440071,,0.03981637582182884,0.007113877683877945,0.0007826369255781174
41073,0.15,256,certified_fallback,cuda,0.005004694685339928,0.023148490116000175,0.0009944960474967957,0.000867726281285286,,0.0015510302037000656,,0.03936983086168766,0.007113877683877945,0.0
41073,0.15,256,fine_mc,cpu,0.004963096231222153,0.0233592726290226,0.0007128547877073288,0.005918251350522041,0.0,0.0,0.0003210529685020447,0.035361068323254585,,
41073,0.15,1024,fine_mc,cuda,0.004947485402226448,0.1134095024317503,0.0038340575993061066,0.002305956557393074,0.002267263889312744,0.009894045069813728,0.0016078706830739975,0.13609356805682182,,
41073,0.15,1024,empirical_selective,cuda,0.004947485402226448,0.1134095024317503,0.0038340575993061066,0.0023029763251543045,,0.010220400989055634,,0.15740763023495674,0.01979805715382099,0.0028005000203847885
41073,0.15,1024,certified_fallback,cuda,0.004947485402226448,0.1134095024317503,0.0038340575993061066,0.002295795828104019,,0.005586015060544014,,0.15161124244332314,0.01979805715382099,0.0
41073,0.15,1024,fine_mc,cpu,0.005081405863165855,0.17647060379385948,0.002983473241329193,0.031897442415356636,0.0,0.0,0.0013300888240337372,0.21790224313735962,,
41073,1.0,256,fine_mc,cuda,0.006113011389970779,0.0341397188603878,0.0010471604764461517,0.001081518828868866,0.0010420479774475098,0.004722533747553825,0.00043025240302085876,0.04761527478694916,,
41073,1.0,256,empirical_selective,cuda,0.006113011389970779,0.0341397188603878,0.0010471604764461517,0.0010253284126520157,,0.004669101908802986,,0.052653731778264046,0.004834875464439392,0.0007434561848640442
41073,1.0,256,certified_fallback,cuda,0.006113011389970779,0.0341397188603878,0.0010471604764461517,0.000948956236243248,,0.004705820232629776,,0.052528342232108116,0.004834875464439392,0.0
41073,1.0,256,fine_mc,cpu,0.006196962669491768,0.03321765176951885,0.0008308272808790207,0.006469473242759705,0.0,0.0,0.0003556329756975174,0.047164278104901314,,
41073,1.0,1024,fine_mc,cuda,0.006262471899390221,0.2232417520135641,0.002690618857741356,0.0022935550659894943,0.002258591890335083,0.010393854230642319,0.0014148876070976257,0.2464132234454155,,
41073,1.0,1024,empirical_selective,cuda,0.006262471899390221,0.2232417520135641,0.002690618857741356,0.0023388564586639404,,0.005606796592473984,,0.26183973997831345,0.018473420292139053,0.0031097400933504105
41073,1.0,1024,certified_fallback,cuda,0.006262471899390221,0.2232417520135641,0.002690618857741356,0.002299325540661812,,0.005625426769256592,,0.2605490852147341,0.018473420292139053,0.0
41073,1.0,1024,fine_mc,cpu,0.007397424429655075,0.23320180550217628,0.0029185116291046143,0.02420341782271862,0.0,0.0,0.0013036709278821945,0.2691471856087446,,
41154,0.0,256,fine_mc,cuda,0.004186701029539108,0.021704671904444695,0.001012064516544342,0.0010673478245735168,0.001027392029762268,0.00472676195204258,0.00044093281030654907,0.03322575055062771,,
41154,0.0,256,empirical_selective,cuda,0.004186701029539108,0.021704671904444695,0.001012064516544342,0.0012343507260084152,,0.00471191480755806,,0.03865637443959713,0.004974845796823502,0.0007445551455020905
41154,0.0,256,certified_fallback,cuda,0.004186701029539108,0.021704671904444695,0.001012064516544342,0.0009298380464315414,,0.004507372155785561,,0.03795034624636173,0.004974845796823502,0.0
41154,0.0,256,fine_mc,cpu,0.004531433805823326,0.020888475701212883,0.0006760153919458389,0.005921661853790283,0.0,0.0,0.0003271419554948807,0.03924979455769062,,
41154,0.0,1024,fine_mc,cuda,0.004442689940333366,0.10912042297422886,0.0025562774389982224,0.0022987760603427887,0.0022655680179595947,0.009805919602513313,0.001461900770664215,0.12979689054191113,,
41154,0.0,1024,empirical_selective,cuda,0.004442689940333366,0.10912042297422886,0.0025562774389982224,0.0023001357913017273,,0.009866857901215553,,0.153136583045125,0.021728232502937317,0.003011062741279602
41154,0.0,1024,certified_fallback,cuda,0.004442689940333366,0.10912042297422886,0.0025562774389982224,0.002304207533597946,,0.005618680268526077,,0.14755438454449177,0.021728232502937317,0.0
41154,0.0,1024,fine_mc,cpu,0.005384035408496857,0.1776688750833273,0.0036185644567012787,0.03639931418001652,0.0,0.0,0.0012378580868244171,0.22446834109723568,,
41154,0.15,256,fine_mc,cuda,0.005117597058415413,0.023027172312140465,0.0009149182587862015,0.0010120067745447159,0.0009752640128135681,0.0016310811042785645,0.0004374440759420395,0.032245755195617676,,
41154,0.15,256,empirical_selective,cuda,0.005117597058415413,0.023027172312140465,0.0009149182587862015,0.0009791962802410126,,0.0016365200281143188,,0.037766462191939354,0.005177505314350128,0.0008080173283815384
41154,0.15,256,certified_fallback,cuda,0.005117597058415413,0.023027172312140465,0.0009149182587862015,0.0010939966887235641,,0.0016031228005886078,,0.03766562417149544,0.005177505314350128,0.0
41154,0.15,256,fine_mc,cpu,0.004986036568880081,0.02361476421356201,0.0007650237530469894,0.005935970693826675,0.0,0.0,0.00033475272357463837,0.03572406247258186,,
41154,0.15,1024,fine_mc,cuda,0.004716124385595322,0.11635527573525906,0.00302872434258461,0.0023066364228725433,0.0022683520317077635,0.009965568780899048,0.0014522075653076172,0.13790414296090603,,
41154,0.15,1024,empirical_selective,cuda,0.004716124385595322,0.11635527573525906,0.00302872434258461,0.002303166314959526,,0.01080339401960373,,0.15926437638700008,0.019083693623542786,0.0028943922370672226
41154,0.15,1024,certified_fallback,cuda,0.004716124385595322,0.11635527573525906,0.00302872434258461,0.0022930875420570374,,0.005608970299363136,,0.15281369909644127,0.019083693623542786,0.0
41154,0.15,1024,fine_mc,cpu,0.004910824820399284,0.1743652205914259,0.0032694414258003235,0.03395858779549599,0.0,0.0,0.001314360648393631,0.21794187650084496,,
41154,1.0,256,fine_mc,cuda,0.006291473284363747,0.032848209142684937,0.0011565182358026505,0.0010132379829883575,0.000977728009223938,0.0016267411410808563,0.00043080560863018036,0.04345385730266571,,
41154,1.0,256,empirical_selective,cuda,0.006291473284363747,0.032848209142684937,0.0011565182358026505,0.0009571164846420288,,0.0016000624746084213,,0.04865485243499279,0.004929143935441971,0.000785456970334053
41154,1.0,256,certified_fallback,cuda,0.006291473284363747,0.032848209142684937,0.0011565182358026505,0.0009272973984479904,,0.0015486404299736023,,0.04834536835551262,0.004929143935441971,0.0
41154,1.0,256,fine_mc,cpu,0.008081216365098953,0.03328795172274113,0.0006172042340040207,0.005799490958452225,0.0,0.0,0.0003328043967485428,0.04821541905403137,,
41154,1.0,1024,fine_mc,cuda,0.006238032132387161,0.22699876874685287,0.0032901931554079056,0.0022988859564065933,0.0022632958889007566,0.010575376451015472,0.0014551486819982529,0.2509623859077692,,
41154,1.0,1024,empirical_selective,cuda,0.006238032132387161,0.22699876874685287,0.0032901931554079056,0.0022925585508346558,,0.005507167428731918,,0.266400583088398,0.018872730433940887,0.0030951518565416336
41154,1.0,1024,certified_fallback,cuda,0.006238032132387161,0.22699876874685287,0.0032901931554079056,0.0022997651249170303,,0.005589039996266365,,0.2653232626616955,0.018872730433940887,0.0
41154,1.0,1024,fine_mc,cpu,0.006372164934873581,0.2298792488873005,0.0026920773088932037,0.0271407812833786,0.0,0.0,0.0012434683740139008,0.2674603033810854,,
41235,0.0,256,fine_mc,cuda,0.0043706391006708145,0.02188885398209095,0.0007999073714017868,0.0015120115131139755,0.0014436479806900025,0.004886984825134277,0.0004337448626756668,0.03398226201534271,,
41235,0.0,256,empirical_selective,cuda,0.0043706391006708145,0.02188885398209095,0.0007999073714017868,0.0010281577706336975,,0.004583302885293961,,0.03829442150890827,0.004890423268079758,0.0006430167704820633
41235,0.0,256,certified_fallback,cuda,0.0043706391006708145,0.02188885398209095,0.0007999073714017868,0.0009329561144113541,,0.004439292475581169,,0.037984997034072876,0.004890423268079758,0.0
41235,0.0,256,fine_mc,cpu,0.00434139184653759,0.02095440775156021,0.0007203761488199234,0.0062911249697208405,0.0,0.0,0.00035435520112514496,0.04013894312083721,,
41235,0.0,1024,fine_mc,cuda,0.004445100203156471,0.10597139224410057,0.0027517173439264297,0.002301843836903572,0.0022665600776672363,0.010125743225216866,0.0014697499573230743,0.127170592546463,,
41235,0.0,1024,empirical_selective,cuda,0.004445100203156471,0.10597139224410057,0.0027517173439264297,0.0023007169365882874,,0.010449960827827454,,0.14752031676471233,0.017933987081050873,0.003562396392226219
41235,0.0,1024,certified_fallback,cuda,0.004445100203156471,0.10597139224410057,0.0027517173439264297,0.0023205261677503586,,0.0057321880012750626,,0.14114940352737904,0.017933987081050873,0.0
41235,0.0,1024,fine_mc,cpu,0.004376720637083054,0.16732544265687466,0.0027584992349147797,0.033274633809924126,0.0,0.0,0.0013090185821056366,0.2091954555362463,,
41235,0.15,256,fine_mc,cuda,0.005044914782047272,0.02281179279088974,0.0010048262774944305,0.0010656174272298813,0.0010265599489212036,0.004711924120783806,0.00043368153274059296,0.03518124483525753,,
41235,0.15,256,empirical_selective,cuda,0.005044914782047272,0.02281179279088974,0.0010048262774944305,0.001219768077135086,,0.004706863313913345,,0.041620559990406036,0.005990073084831238,0.0007338337600231171
41235,0.15,256,certified_fallback,cuda,0.005044914782047272,0.02281179279088974,0.0010048262774944305,0.0010391175746917725,,0.004639532417058945,,0.041294168680906296,0.005990073084831238,0.0
41235,0.15,256,fine_mc,cpu,0.005019096657633781,0.023752562701702118,0.000811723992228508,0.006056871265172958,0.0,0.0,0.0003208015114068985,0.03605550155043602,,
41235,0.15,1024,fine_mc,cuda,0.004730671644210815,0.11278025060892105,0.003234563395380974,0.0022914260625839233,0.002261215925216675,0.010305363684892654,0.0015595108270645142,0.13498316705226898,,
41235,0.15,1024,empirical_selective,cuda,0.004730671644210815,0.11278025060892105,0.003234563395380974,0.00230378657579422,,0.010335065424442291,,0.1584916114807129,0.02173709124326706,0.00328880175948143
41235,0.15,1024,certified_fallback,cuda,0.004730671644210815,0.11278025060892105,0.003234563395380974,0.0022883061319589615,,0.005661137402057648,,0.15307619236409664,0.02173709124326706,0.0
41235,0.15,1024,fine_mc,cpu,0.005090776830911636,0.17703182809054852,0.002634309232234955,0.02516847476363182,0.0,0.0,0.0013670120388269424,0.21140648983418941,,
41235,1.0,256,fine_mc,cuda,0.00623825378715992,0.03556356765329838,0.0008917469531297684,0.0010839477181434631,0.0010404479503631592,0.004943056032061577,0.0004340521991252899,0.0492364838719368,,
41235,1.0,256,empirical_selective,cuda,0.00623825378715992,0.03556356765329838,0.0008917469531297684,0.0010028481483459473,,0.0052840858697891235,,0.05458709970116615,0.004964834079146385,0.0005599036812782288
41235,1.0,256,certified_fallback,cuda,0.00623825378715992,0.03556356765329838,0.0008917469531297684,0.0009771361947059631,,0.005169566720724106,,0.05466259829699993,0.004964834079146385,0.0
41235,1.0,256,fine_mc,cpu,0.006217064335942268,0.03437021002173424,0.0008487366139888763,0.005734091624617577,0.0,0.0,0.00033185258507728577,0.04758947342634201,,
41235,1.0,1024,fine_mc,cuda,0.006272252649068832,0.23270308785140514,0.00278615765273571,0.002294536679983139,0.0022590720653533937,0.009845530614256859,0.0014580674469470978,0.25546586513519287,,
41235,1.0,1024,empirical_selective,cuda,0.006272252649068832,0.23270308785140514,0.00278615765273571,0.002299835905432701,,0.0055001601576805115,,0.27266122959554195,0.020228272303938866,0.0027652308344841003
41235,1.0,1024,certified_fallback,cuda,0.006272252649068832,0.23270308785140514,0.00278615765273571,0.002361726015806198,,0.009156795218586922,,0.27531156688928604,0.020228272303938866,0.0
41235,1.0,1024,fine_mc,cpu,0.006334604695439339,0.22940139658749104,0.0028161704540252686,0.024981314316391945,0.0,0.0,0.0012832581996917725,0.26493740268051624,,
41316,0.0,256,fine_mc,cuda,0.004369260743260384,0.021653752774000168,0.0007628761231899261,0.0011089183390140533,0.0010346879959106446,0.004751091822981834,0.0004258733242750168,0.03315813094377518,,
41316,0.0,256,empirical_selective,cuda,0.004369260743260384,0.021653752774000168,0.0007628761231899261,0.0010537151247262955,,0.0047429408878088,,0.03842047415673733,0.005041586235165596,0.0007099844515323639
41316,0.0,256,certified_fallback,cuda,0.004369260743260384,0.021653752774000168,0.0007628761231899261,0.0009356271475553513,,0.004460662603378296,,0.0378616526722908,0.005041586235165596,0.0
41316,0.0,256,fine_mc,cpu,0.004355942830443382,0.020920846611261368,0.000714356079697609,0.0066309478133916855,0.0,0.0,0.00032627396285533905,0.03970828279852867,,
41316,0.0,1024,fine_mc,cuda,0.004467019811272621,0.10414917021989822,0.002873530611395836,0.002290043979883194,0.002256959915161133,0.00965726189315319,0.0015556290745735168,0.1250971145927906,,
41316,0.0,1024,empirical_selective,cuda,0.004467019811272621,0.10414917021989822,0.002873530611395836,0.0023150965571403503,,0.009491026401519775,,0.14633166044950485,0.019594436511397362,0.0033369213342666626
41316,0.0,1024,certified_fallback,cuda,0.004467019811272621,0.10414917021989822,0.002873530611395836,0.002294447273015976,,0.005654027685523033,,0.1407613530755043,0.019594436511397362,0.0
41316,0.0,1024,fine_mc,cpu,0.004178378731012344,0.16985714994370937,0.0032759923487901688,0.03374999575316906,0.0,0.0,0.0012864861637353897,0.21248900145292282,,
41316,0.15,256,fine_mc,cuda,0.00509706512093544,0.023509105667471886,0.0009713061153888702,0.0010307058691978455,0.0009909759759902954,0.0047782957553863525,0.00043543241918087006,0.03594362176954746,,
41316,0.15,256,empirical_selective,cuda,0.00509706512093544,0.023509105667471886,0.0009713061153888702,0.00103025883436203,,0.004622314125299454,,0.04112616181373596,0.00504070520401001,0.000733695924282074
41316,0.15,256,certified_fallback,cuda,0.00509706512093544,0.023509105667471886,0.0009713061153888702,0.0009171254932880402,,0.004467343911528587,,0.04067257232964039,0.00504070520401001,0.0
41316,0.15,256,fine_mc,cpu,0.0050031039863824844,0.02284122072160244,0.0008156169205904007,0.006099153310060501,0.0,0.0,0.000318111851811409,0.035178417339921,,
41316,0.15,1024,fine_mc,cuda,0.004675881937146187,0.11451729945838451,0.0033557210117578506,0.002301763743162155,0.0022630081176757814,0.010112730786204338,0.0014423821121454239,0.1364781353622675,,
41316,0.15,1024,empirical_selective,cuda,0.004675881937146187,0.11451729945838451,0.0033557210117578506,0.0022997353225946426,,0.00986039824783802,,0.15649385377764702,0.01849200949072838,0.0032204519957304
41316,0.15,1024,certified_fallback,cuda,0.004675881937146187,0.11451729945838451,0.0033557210117578506,0.0022937562316656113,,0.005761722102761269,,0.15078251622617245,0.01849200949072838,0.0
41316,0.15,1024,fine_mc,cpu,0.005135735496878624,0.12318979948759079,0.0025745779275894165,0.028855111449956894,0.0,0.0,0.0012856610119342804,0.16116676107048988,,
41316,1.0,256,fine_mc,cuda,0.005970660597085953,0.0344170406460762,0.0014654304832220078,0.001081889495253563,0.0010400960445404053,0.004575636237859726,0.0004337932914495468,0.04802541062235832,,
41316,1.0,256,empirical_selective,cuda,0.005970660597085953,0.0344170406460762,0.0014654304832220078,0.0010254867374897003,,0.0045231785625219345,,0.053140316158533096,0.004938574507832527,0.0007189847528934479
41316,1.0,256,certified_fallback,cuda,0.005970660597085953,0.0344170406460762,0.0014654304832220078,0.000939616933465004,,0.004482029005885124,,0.05288853868842125,0.004938574507832527,0.0
41316,1.0,256,fine_mc,cpu,0.006189871579408646,0.03487028367817402,0.0007427148520946503,0.0059367697685956955,0.0,0.0,0.00031581148505210876,0.04814791493117809,,
41316,1.0,1024,fine_mc,cuda,0.006322663277387619,0.23317828215658665,0.002704950049519539,0.0022944770753383636,0.0022599360942840577,0.009800538420677185,0.001409849151968956,0.2558232918381691,,
41316,1.0,1024,empirical_selective,cuda,0.006322663277387619,0.23317828215658665,0.002704950049519539,0.0023077577352523804,,0.005518987774848938,,0.27356669679284096,0.02038080245256424,0.0030407216399908066
41316,1.0,1024,certified_fallback,cuda,0.006322663277387619,0.23317828215658665,0.002704950049519539,0.002296207472681999,,0.00558478944003582,,0.2722928188741207,0.02038080245256424,0.0
41316,1.0,1024,fine_mc,cpu,0.006362374871969223,0.16871672682464123,0.0028566475957632065,0.02452763170003891,0.0,0.0,0.0014027133584022522,0.2040175199508667,,
41398,0.0,256,fine_mc,cuda,0.0042357612401247025,0.02302699163556099,0.001019597053527832,0.001072760671377182,0.001031999945640564,0.005273615941405296,0.0004279725253582001,0.035150276497006416,,
41398,0.0,256,empirical_selective,cuda,0.0042357612401247025,0.02302699163556099,0.001019597053527832,0.0010361205786466599,,0.001619979739189148,,0.03710548207163811,0.005320267751812935,0.0007531866431236267
41398,0.0,256,certified_fallback,cuda,0.0042357612401247025,0.02302699163556099,0.001019597053527832,0.0010399091988801956,,0.0015592873096466064,,0.036841217428445816,0.005320267751812935,0.0
41398,0.0,256,fine_mc,cpu,0.00457371212542057,0.02039836160838604,0.0008443444967269897,0.0065301563590765,0.0,0.0,0.00032087042927742004,0.03797111473977566,,
41398,0.0,1024,fine_mc,cuda,0.004386883229017258,0.10707131773233414,0.0027619600296020508,0.002306956797838211,0.002268735885620117,0.009937340393662453,0.001488199457526207,0.12806414812803268,,
41398,0.0,1024,empirical_selective,cuda,0.004386883229017258,0.10707131773233414,0.0027619600296020508,0.002305416390299797,,0.009788531810045242,,0.15331356786191463,0.02381148934364319,0.0030764788389205933
41398,0.0,1024,certified_fallback,cuda,0.004386883229017258,0.10707131773233414,0.0027619600296020508,0.0023358557373285294,,0.00559178926050663,,0.1477503962814808,0.02381148934364319,0.0
41398,0.0,1024,fine_mc,cpu,0.004696883261203766,0.16682570800185204,0.0031220335513353348,0.03407198004424572,0.0,0.0,0.00127485953271389,0.21012672036886215,,
41398,0.15,256,fine_mc,cuda,0.005792330950498581,0.024156199768185616,0.000993264839053154,0.001077808439731598,0.0010386879444122315,0.004671912640333176,0.0004274211823940277,0.037235161289572716,,
41398,0.15,256,empirical_selective,cuda,0.005792330950498581,0.024156199768185616,0.000993264839053154,0.0011047981679439545,,0.004996726289391518,,0.04404076933860779,0.006191952154040337,0.0006892737001180649
41398,0.15,256,certified_fallback,cuda,0.005792330950498581,0.024156199768185616,0.000993264839053154,0.0009688381105661392,,0.004586523398756981,,0.0433846041560173,0.006191952154040337,0.0
41398,0.15,256,fine_mc,cpu,0.0049814824014902115,0.02371135540306568,0.0006893742829561234,0.005990404635667801,0.0,0.0,0.00032460130751132965,0.035791950300335884,,
41398,0.15,1024,fine_mc,cuda,0.00524824857711792,0.11257998645305634,0.002996891736984253,0.002302125096321106,0.002265791893005371,0.009903771802783012,0.0014295075088739395,0.13454598002135754,,
41398,0.15,1024,empirical_selective,cuda,0.00524824857711792,0.11257998645305634,0.002996891736984253,0.002326907590031624,,0.010448763146996498,,0.1598657499998808,0.02305581234395504,0.0031236913055181503
41398,0.15,1024,certified_fallback,cuda,0.00524824857711792,0.11257998645305634,0.002996891736984253,0.002319587394595146,,0.006172921508550644,,0.15416744723916054,0.02305581234395504,0.0
41398,0.15,1024,fine_mc,cpu,0.0051924362778663635,0.17049367353320122,0.0025317054241895676,0.027201129123568535,0.0,0.0,0.0013020895421504974,0.2068506870418787,,
41398,1.0,256,fine_mc,cuda,0.006514664739370346,0.03524637781083584,0.0007964372634887695,0.0010317377746105194,0.0009934719800949096,0.0016679726541042328,0.00044478103518486023,0.04578420706093311,,
41398,1.0,256,empirical_selective,cuda,0.006514664739370346,0.03524637781083584,0.0007964372634887695,0.0010561272501945496,,0.0016218814998865128,,0.05161585658788681,0.005523158237338066,0.0007749740034341812
41398,1.0,256,certified_fallback,cuda,0.006514664739370346,0.03524637781083584,0.0007964372634887695,0.0008906163275241852,,0.00154116190969944,,0.05116693489253521,0.005523158237338066,0.0
41398,1.0,256,fine_mc,cpu,0.00633111409842968,0.03673430718481541,0.0007986053824424744,0.006515828892588615,0.0,0.0,0.00031553953886032104,0.0534084253013134,,
41398,1.0,1024,fine_mc,cuda,0.00798368826508522,0.2300009410828352,0.002909652888774872,0.002302255481481552,0.002263263940811157,0.009548366069793701,0.0014392007142305374,0.25428988598287106,,
41398,1.0,1024,empirical_selective,cuda,0.00798368826508522,0.2300009410828352,0.002909652888774872,0.0023009348660707474,,0.005569009110331535,,0.27470703795552254,0.022672457620501518,0.0031645726412534714
41398,1.0,1024,certified_fallback,cuda,0.00798368826508522,0.2300009410828352,0.002909652888774872,0.0022962484508752823,,0.005578098818659782,,0.27328974939882755,0.022672457620501518,0.0
41398,1.0,1024,fine_mc,cpu,0.00861947052180767,0.22914718091487885,0.0026652775704860687,0.023132743313908577,0.0,0.0,0.0012739282101392746,0.26497350446879864,,
41479,0.0,256,fine_mc,cuda,0.004179209470748901,0.021245809271931648,0.0010205060243606567,0.0010747667402029037,0.0010336960554122926,0.004601143300533295,0.000424044206738472,0.03263144940137863,,
41479,0.0,256,empirical_selective,cuda,0.004179209470748901,0.021245809271931648,0.0010205060243606567,0.0012396983802318573,,0.004803802818059921,,0.03867727145552635,0.005399718880653381,0.0007025562226772308
41479,0.0,256,certified_fallback,cuda,0.004179209470748901,0.021245809271931648,0.0010205060243606567,0.001149659976363182,,0.004828264936804771,,0.0385642908513546,0.005399718880653381,0.0
41479,0.0,256,fine_mc,cpu,0.006136702373623848,0.021848104894161224,0.0006519239395856857,0.006545776501297951,0.0,0.0,0.0004022344946861267,0.043158624321222305,,
41479,0.0,1024,fine_mc,cuda,0.004459310322999954,0.15734740160405636,0.0028743334114551544,0.002291666343808174,0.002258080005645752,0.009839339181780815,0.0014308802783489227,0.178354199975729,,
41479,0.0,1024,empirical_selective,cuda,0.004459310322999954,0.15734740160405636,0.0028743334114551544,0.0023116562515497208,,0.009461106732487679,,0.1999192014336586,0.020330121740698814,0.0030240025371313095
41479,0.0,1024,certified_fallback,cuda,0.004459310322999954,0.15734740160405636,0.0028743334114551544,0.002290736883878708,,0.005751783028244972,,0.19485788606107235,0.020330121740698814,0.0
41479,0.0,1024,fine_mc,cpu,0.004391523078083992,0.1663393247872591,0.002691209316253662,0.024418773129582405,0.0,0.0,0.001275908201932907,0.1992603875696659,,
41479,0.15,256,fine_mc,cuda,0.0051202960312366486,0.023161932826042175,0.001058606430888176,0.0013544689863920212,0.0013053120374679566,0.004840945824980736,0.00043950416147708893,0.03609205409884453,,
41479,0.15,256,empirical_selective,cuda,0.0051202960312366486,0.023161932826042175,0.001058606430888176,0.0012213867157697678,,0.004667125642299652,,0.04115947708487511,0.005127307027578354,0.0006865225732326508
41479,0.15,256,certified_fallback,cuda,0.0051202960312366486,0.023161932826042175,0.001058606430888176,0.0012389607727527618,,0.0046874117106199265,,0.041079265996813774,0.005127307027578354,0.0
41479,0.15,256,fine_mc,cpu,0.004986003041267395,0.022748759016394615,0.0006651915609836578,0.00615394301712513,0.0,0.0,0.0003252848982810974,0.034984566271305084,,
41479,0.15,1024,fine_mc,cuda,0.004783203825354576,0.11172911152243614,0.0030362308025360107,0.0022941771894693375,0.002258687973022461,0.009835980832576752,0.0014466308057308197,0.13320043683052063,,
41479,0.15,1024,empirical_selective,cuda,0.004783203825354576,0.11172911152243614,0.0030362308025360107,0.0023149270564317703,,0.009609067812561989,,0.15820682980120182,0.023574914783239365,0.0030842721462249756
41479,0.15,1024,certified_fallback,cuda,0.004783203825354576,0.11172911152243614,0.0030362308025360107,0.0022957269102334976,,0.005591200664639473,,0.1528087593615055,0.023574914783239365,0.0
41479,0.15,1024,fine_mc,cpu,0.005861120298504829,0.13139390759170055,0.002366054803133011,0.024999765679240227,0.0,0.0,0.0014673415571451187,0.16621632501482964,,
41479,1.0,256,fine_mc,cuda,0.00754009373486042,0.03623977303504944,0.0011715758591890335,0.0010833870619535446,0.00104367995262146,0.004552878439426422,0.0004569515585899353,0.0511345025151968,,
41479,1.0,256,empirical_selective,cuda,0.00754009373486042,0.03623977303504944,0.0011715758591890335,0.0009876955300569534,,0.00454731285572052,,0.056033844128251076,0.004871906712651253,0.0005856435745954514
41479,1.0,256,certified_fallback,cuda,0.00754009373486042,0.03623977303504944,0.0011715758591890335,0.0009810756891965866,,0.004435503855347633,,0.05611598491668701,0.004871906712651253,0.0
41479,1.0,256,fine_mc,cpu,0.006108034402132034,0.03639307618141174,0.0006861146539449692,0.006875615566968918,0.0,0.0,0.00034901127219200134,0.05050467886030674,,
41479,1.0,1024,fine_mc,cuda,0.008162146434187889,0.2179889753460884,0.0026529282331466675,0.002291666343808174,0.0022592000961303713,0.010571662336587906,0.0015256516635417938,0.2433140128850937,,
41479,1.0,1024,empirical_selective,cuda,0.008162146434187889,0.2179889753460884,0.0026529282331466675,0.0023248568177223206,,0.0055958591401577,,0.26176407374441624,0.02219901606440544,0.0027193091809749603
41479,1.0,1024,certified_fallback,cuda,0.008162146434187889,0.2179889753460884,0.0026529282331466675,0.002295965328812599,,0.005588676780462265,,0.26073052547872066,0.02219901606440544,0.0
41479,1.0,1024,fine_mc,cpu,0.006293974816799164,0.2189028412103653,0.00273972749710083,0.02360803633928299,0.0,0.0,0.001276237890124321,0.2529414314776659,,
41560,0.0,256,fine_mc,cuda,0.004132170230150223,0.020872214809060097,0.0007392149418592453,0.0010178163647651672,0.0009798719882965089,0.001622060313820839,0.0004414040595293045,0.028914902359247208,,
41560,0.0,256,empirical_selective,cuda,0.004132170230150223,0.020872214809060097,0.0007392149418592453,0.0011800173670053482,,0.00160149484872818,,0.034019412472844124,0.004800574854016304,0.0006037037819623947
41560,0.0,256,certified_fallback,cuda,0.004132170230150223,0.020872214809060097,0.0007392149418592453,0.0008792635053396225,,0.0015257615596055984,,0.033589936792850494,0.004800574854016304,0.0
41560,0.0,256,fine_mc,cpu,0.004266060888767242,0.021402770653367043,0.000742034986615181,0.007232740521430969,0.0,0.0,0.0003231409937143326,0.04126289673149586,,
41560,0.0,1024,fine_mc,cuda,0.004403699189424515,0.11139094084501266,0.0025889798998832703,0.0022957157343626022,0.002261631965637207,0.010002540424466133,0.0014658123254776,0.13225994631648064,,
41560,0.0,1024,empirical_selective,cuda,0.004403699189424515,0.11139094084501266,0.0025889798998832703,0.002312038093805313,,0.00962524488568306,,0.158538319170475,0.025295909494161606,0.0028092488646507263
41560,0.0,1024,certified_fallback,cuda,0.004403699189424515,0.11139094084501266,0.0025889798998832703,0.0022985152900218964,,0.0057385507971048355,,0.15348860248923302,0.025295909494161606,0.0
41560,0.0,1024,fine_mc,cpu,0.005410758778452873,0.163534265011549,0.0031257998198270798,0.03486950322985649,0.0,0.0,0.00127314031124115,0.20835022814571857,,
41560,0.15,256,fine_mc,cuda,0.00510631687939167,0.022656118497252464,0.001149158924818039,0.0010723769664764404,0.0010314879417419433,0.004552701488137245,0.0004502534866333008,0.03510033339262009,,
41560,0.15,256,empirical_selective,cuda,0.00510631687939167,0.022656118497252464,0.001149158924818039,0.0009832363575696945,,0.0048399027436971664,,0.04048559069633484,0.005002714693546295,0.0006347354501485825
41560,0.15,256,certified_fallback,cuda,0.00510631687939167,0.022656118497252464,0.001149158924818039,0.000984707847237587,,0.004507200792431831,,0.04071386158466339,0.005002714693546295,0.0
41560,0.15,256,fine_mc,cpu,0.005960231646895409,0.02398453839123249,0.0008044354617595673,0.0063893236219882965,0.0,0.0,0.00031960010528564453,0.03755795769393444,,
41560,0.15,1024,fine_mc,cuda,0.00497034564614296,0.11866144090890884,0.002816528081893921,0.002301795408129692,0.0022668800354003907,0.009662777185440063,0.001420220360159874,0.13991987891495228,,
41560,0.15,1024,empirical_selective,cuda,0.00497034564614296,0.11866144090890884,0.002816528081893921,0.0023000556975603104,,0.010146912187337875,,0.16145509108901024,0.01954377442598343,0.0029292628169059753
41560,0.15,1024,certified_fallback,cuda,0.00497034564614296,0.11866144090890884,0.002816528081893921,0.002305077388882637,,0.005704572424292564,,0.15581102669239044,0.01954377442598343,0.0
41560,0.15,1024,fine_mc,cpu,0.005523458123207092,0.11951914802193642,0.002407807856798172,0.02406277135014534,0.0,0.0,0.0013218875974416733,0.1529769618064165,,
41560,1.0,256,fine_mc,cuda,0.006207592785358429,0.03418557345867157,0.0007568672299385071,0.0010174065828323364,0.0009828479886054993,0.0016496535390615463,0.00044030509889125824,0.04434225335717201,,
41560,1.0,256,empirical_selective,cuda,0.006207592785358429,0.03418557345867157,0.0007568672299385071,0.0009740274399518967,,0.0015853829681873322,,0.049521612003445625,0.004936747252941132,0.0007905662059783936
41560,1.0,256,certified_fallback,cuda,0.006207592785358429,0.03418557345867157,0.0007568672299385071,0.0008817873895168304,,0.0015239808708429337,,0.0491208340972662,0.004936747252941132,0.0
41560,1.0,256,fine_mc,cpu,0.006170336157083511,0.03359258361160755,0.0007577855139970779,0.005872230976819992,0.0,0.0,0.0003158543258905411,0.046797068789601326,,
41560,1.0,1024,fine_mc,cuda,0.006449675187468529,0.19616277143359184,0.002752549946308136,0.002293964847922325,0.0022581439018249513,0.011162560433149338,0.0014402400702238083,0.2203861828893423,,
41560,1.0,1024,empirical_selective,cuda,0.006449675187468529,0.19616277143359184,0.002752549946308136,0.002300877124071121,,0.0055994316935539246,,0.2350172083824873,0.01860165037214756,0.0030258316546678543
41560,1.0,1024,certified_fallback,cuda,0.006449675187468529,0.19616277143359184,0.002752549946308136,0.00229012593626976,,0.00555831752717495,,0.23360897414386272,0.01860165037214756,0.0
41560,1.0,1024,fine_mc,cpu,0.006354864686727524,0.2254607267677784,0.002938412129878998,0.024522291496396065,0.0,0.0,0.0013004280626773834,0.26071174442768097,,
41641,0.0,256,fine_mc,cuda,0.004184607416391373,0.021400440484285355,0.0009206365793943405,0.0010789092630147934,0.0010394879579544067,0.004827344790101051,0.00045307353138923645,0.03295309096574783,,
41641,0.0,256,empirical_selective,cuda,0.004184607416391373,0.021400440484285355,0.0009206365793943405,0.0010292883962392807,,0.004665462300181389,,0.03790287487208843,0.004960225895047188,0.0006541348993778229
41641,0.0,256,certified_fallback,cuda,0.004184607416391373,0.021400440484285355,0.0009206365793943405,0.0009223967790603638,,0.0044733695685863495,,0.03749912045896053,0.004960225895047188,0.0
41641,0.0,256,fine_mc,cpu,0.0043174512684345245,0.020199229940772057,0.0007211547344923019,0.006152994930744171,0.0,0.0,0.0003194008022546768,0.03842515870928764,,
41641,0.0,1024,fine_mc,cuda,0.004486052319407463,0.10351039469242096,0.002552708610892296,0.0022978466004133224,0.0022642879486083982,0.01037813350558281,0.001451900228857994,0.12479037418961525,,
41641,0.0,1024,empirical_selective,cuda,0.004486052319407463,0.10351039469242096,0.002552708610892296,0.0023058634251356125,,0.010476021096110344,,0.14663317799568176,0.01994132809340954,0.0032474715262651443
41641,0.0,1024,certified_fallback,cuda,0.004486052319407463,0.10351039469242096,0.002552708610892296,0.002296237275004387,,0.005596829578280449,,0.14023778028786182,0.01994132809340954,0.0
41641,0.0,1024,fine_mc,cpu,0.004460662603378296,0.1669038999825716,0.002885490655899048,0.02678505703806877,0.0,0.0,0.0012892168015241623,0.20246408320963383,,
41641,0.15,256,fine_mc,cuda,0.005063487216830254,0.023639656603336334,0.00124330073595047,0.0010882187634706497,0.0010480639934539796,0.0047849006950855255,0.0004298444837331772,0.036367643624544144,,
41641,0.15,256,empirical_selective,cuda,0.005063487216830254,0.023639656603336334,0.00124330073595047,0.001132408156991005,,0.005338400602340698,,0.04351966641843319,0.006290124729275703,0.0006940532475709915
41641,0.15,256,certified_fallback,cuda,0.005063487216830254,0.023639656603336334,0.00124330073595047,0.000978626310825348,,0.004617791622877121,,0.04250037670135498,0.006290124729275703,0.0
41641,0.15,256,fine_mc,cpu,0.00502796471118927,0.022627176716923714,0.0007983855903148651,0.005890440195798874,0.0,0.0,0.00032014399766921997,0.034754155203700066,,
41641,0.15,1024,fine_mc,cuda,0.005120515823364258,0.10897734202444553,0.0025103073567152023,0.0023092571645975113,0.0022749760150909426,0.009741544723510742,0.0014728792011737823,0.13022467866539955,,
41641,0.15,1024,empirical_selective,cuda,0.005120515823364258,0.10897734202444553,0.0025103073567152023,0.002295786514878273,,0.008356578648090363,,0.15662425570189953,0.025915291160345078,0.0033556018024683
41641,0.15,1024,certified_fallback,cuda,0.005120515823364258,0.10897734202444553,0.0025103073567152023,0.002293795347213745,,0.005575280636548996,,0.15222395583987236,0.025915291160345078,0.0
41641,0.15,1024,fine_mc,cpu,0.005230888724327087,0.14592565223574638,0.002434968948364258,0.028604567050933838,0.0,0.0,0.0013070013374090195,0.18363716267049313,,
41641,1.0,256,fine_mc,cuda,0.006297973915934563,0.03231963515281677,0.0010122880339622498,0.0010163970291614532,0.0009783040285110474,0.0016297735273838043,0.0004401952028274536,0.04279599338769913,,
41641,1.0,256,empirical_selective,cuda,0.006297973915934563,0.03231963515281677,0.0010122880339622498,0.0009772256016731262,,0.0015597306191921234,,0.047780754044651985,0.0048887040466070175,0.000645466148853302
41641,1.0,256,certified_fallback,cuda,0.006297973915934563,0.03231963515281677,0.0010122880339622498,0.000925116240978241,,0.0015243329107761383,,0.0476126316934824,0.0048887040466070175,0.0
41641,1.0,256,fine_mc,cpu,0.006105832755565643,0.033529093489050865,0.0006920173764228821,0.0064806025475263596,0.0,0.0,0.0003321506083011627,0.04722641780972481,,
41641,1.0,1024,fine_mc,cuda,0.0063004642724990845,0.22907258570194244,0.0029003601521253586,0.002285785973072052,0.0022549118995666504,0.010405570268630981,0.0014207493513822556,0.2524930536746979,,
41641,1.0,1024,empirical_selective,cuda,0.0063004642724990845,0.22907258570194244,0.0029003601521253586,0.0023051947355270386,,0.005506189540028572,,0.2677614539861679,0.018622100353240967,0.0029470212757587433
41641,1.0,1024,certified_fallback,cuda,0.0063004642724990845,0.22907258570194244,0.0029003601521253586,0.0023047160357236862,,0.005509980022907257,,0.26655747555196285,0.018622100353240967,0.0
41641,1.0,1024,fine_mc,cpu,0.006398595869541168,0.23255148902535439,0.0029464904218912125,0.025038503110408783,0.0,0.0,0.00129694864153862,0.2683472353965044,,
41723,0.0,256,fine_mc,cuda,0.004152931272983551,0.02201211266219616,0.0010788887739181519,0.0011200588196516037,0.001079360008239746,0.004697535187005997,0.0004290621727705002,0.03358280472457409,,
41723,0.0,256,empirical_selective,cuda,0.004152931272983551,0.02201211266219616,0.0010788887739181519,0.0010307487100362778,,0.004636192694306374,,0.03975628688931465,0.0061248838901519775,0.0006283130496740341
41723,0.0,256,certified_fallback,cuda,0.004152931272983551,0.02201211266219616,0.0010788887739181519,0.0008989963680505753,,0.004479149356484413,,0.03939065337181091,0.0061248838901519775,0.0
41723,0.0,256,fine_mc,cpu,0.0046823639422655106,0.021150639280676842,0.0007236339151859283,0.005995031446218491,0.0,0.0,0.00036793388426303864,0.03972858563065529,,
41723,0.0,1024,fine_mc,cuda,0.006043311208486557,0.1596437580883503,0.0025641191750764847,0.00229661725461483,0.0022592639923095705,0.010094817727804184,0.0014468077570199966,0.18220731802284718,,
41723,0.0,1024,empirical_selective,cuda,0.006043311208486557,0.1596437580883503,0.0025641191750764847,0.002299254760146141,,0.0055815596133470535,,0.20008313842117786,0.020849216729402542,0.0029840320348739624
41723,0.0,1024,certified_fallback,cuda,0.006043311208486557,0.1596437580883503,0.0025641191750764847,0.0023001283407211304,,0.008643940091133118,,0.20185238122940063,0.020849216729402542,0.0
41723,0.0,1024,fine_mc,cpu,0.004892636090517044,0.16623501479625702,0.002656027674674988,0.024205127730965614,0.0,0.0,0.001305900514125824,0.19942177459597588,,
41723,0.15,256,fine_mc,cuda,0.0062102023512125015,0.025223618373274803,0.0011023487895727158,0.0012383274734020233,0.0011947200298309327,0.004281345754861832,0.0004980955272912979,0.0386727973818779,,
41723,0.15,256,empirical_selective,cuda,0.0062102023512125015,0.025223618373274803,0.0011023487895727158,0.0010029170662164688,,0.0015922710299491882,,0.0414662417024374,0.005600159987807274,0.0006158649921417236
41723,0.15,256,certified_fallback,cuda,0.0062102023512125015,0.025223618373274803,0.0011023487895727158,0.0009451452642679214,,0.0015758778899908066,,0.04134686850011349,0.005600159987807274,0.0
41723,0.15,256,fine_mc,cpu,0.004997195675969124,0.02293591946363449,0.0008151251822710037,0.006473284214735031,0.0,0.0,0.0003493037074804306,0.035659920424222946,,
41723,0.15,1024,fine_mc,cuda,0.004845874384045601,0.11393161676824093,0.002516169100999832,0.0022976957261562347,0.0022633919715881346,0.005562379956245422,0.0014318786561489105,0.1306600645184517,,
41723,0.15,1024,empirical_selective,cuda,0.004845874384045601,0.11393161676824093,0.002516169100999832,0.0022958070039749146,,0.010250451043248177,,0.15783550590276718,0.021081477403640747,0.00283966027200222
41723,0.15,1024,certified_fallback,cuda,0.004845874384045601,0.11393161676824093,0.002516169100999832,0.002323426306247711,,0.006477596238255501,,0.1529399510473013,0.021081477403640747,0.0
41723,0.15,1024,fine_mc,cpu,0.005171077325940132,0.12375655584037304,0.002514507621526718,0.03262541629374027,0.0,0.0,0.001349790021777153,0.1655481867492199,,
41723,1.0,256,fine_mc,cuda,0.006853817030787468,0.036358315497636795,0.0007875449955463409,0.0010821688920259476,0.0010421760082244874,0.004589516669511795,0.0004350729286670685,0.05018400587141514,,
41723,1.0,256,empirical_selective,cuda,0.006853817030787468,0.036358315497636795,0.0007875449955463409,0.0009750965982675552,,0.004696691408753395,,0.05572604574263096,0.005308955907821655,0.0006680544465780258
41723,1.0,256,certified_fallback,cuda,0.006853817030787468,0.036358315497636795,0.0007875449955463409,0.0009630173444747925,,0.004914877936244011,,0.055873019620776176,0.005308955907821655,0.0
41723,1.0,256,fine_mc,cpu,0.006439263001084328,0.034581802785396576,0.0007075462490320206,0.005850682035088539,0.0,0.0,0.00031572021543979645,0.047986676916480064,,
41723,1.0,1024,fine_mc,cuda,0.006232192739844322,0.2328443005681038,0.003194442018866539,0.002329966053366661,0.0022905919551849366,0.010067827999591827,0.001520451158285141,0.2562926225364208,,
41723,1.0,1024,empirical_selective,cuda,0.006232192739844322,0.2328443005681038,0.003194442018866539,0.002300843596458435,,0.005584416911005974,,0.27520517259836197,0.022311687469482422,0.0026338472962379456
41723,1.0,1024,certified_fallback,cuda,0.006232192739844322,0.2328443005681038,0.003194442018866539,0.0024388786405324936,,0.008114922791719437,,0.2769240513443947,0.022311687469482422,0.0
41723,1.0,1024,fine_mc,cpu,0.0063286442309618,0.2301675397902727,0.002935340628027916,0.025052295997738838,0.0,0.0,0.0012802984565496445,0.26587815023958683,,
