origin,retention,N,unresolved_fraction,refined_fraction_certified,coarse_fine_agreement,correction_variance,maximum_enclosure_violation,mean_radius,actual_mean_error,scenario_hash,fp32_label_flips,fp32_max_state_error,cpu_gpu_max_state_error
31409,0.0,256,1.0,1.0,1.0,0.0,-2.6576098429271715,31.06149249338004,1.0887521079463542,76ff3a4b38eb2a25a2228e11bad5307596a064e82ce35037ae3a5e20b6e16b7b,0.0,1.917323036337848e-06,3.552713678800501e-15
31409,0.0,1024,1.0,1.0,1.0,0.0,-2.468346956520954,30.886043847917403,1.0734198497838896,e78a3bb09bb04967cc267aca02d72b2fbbadf4d66e1d8085273f4d62ae63ad84,,,
31409,0.15,256,1.0,1.0,1.0,0.0,-2.4931016047434884,30.58919993071052,1.0681134901018814,153801ee3cd9de78ee24ad8614d6858bd0b7e80ba92202af0561875933d01d88,0.0,1.7944397683322677e-06,3.552713678800501e-15
31409,0.15,1024,1.0,1.0,1.0,0.0,-2.3134500641469034,30.436744545385356,1.0518548240265226,002e92d0e2c2a44ecc51e807ea8b5c9e962a9e11ada08b0f060f4caf61a40250,,,
31409,1.0,256,1.0,1.0,1.0,0.0,-2.363516995020861,29.915520573854334,1.094516330969763,e9617867baf50f80cca856224969e57bb71fdd32c99ae6b31cb01befcda266e9,0.0,1.9705972942318795e-06,3.552713678800501e-15
31409,1.0,1024,1.0,1.0,1.0,0.0,-2.363516995020638,29.74109641401724,1.0799971105267818,cda9fa16cbb4d76b9dd4fdd585a67605371de77bb446b33ec2a78eddf7b3f2da,,,
31490,0.0,256,1.0,1.0,1.0,0.0,-1.451031102240047,21.657077088186096,0.9212883422778865,b6ef284ecd42cbea94f8e42be50267ceb4a3e43f9f58b7fe40aca40ea16861f9,0.0,1.5730905520427996e-06,2.220446049250313e-15
31490,0.0,1024,1.0,1.0,1.0,0.0,-1.451031102240047,21.60180434162537,0.9174754952720866,effeb597c40ede944629e7f1b84ad4b29df1f5c7ec81ff351bbee17a09f2194c,,,
31490,0.15,256,1.0,1.0,1.0,0.0,-1.5821983768041061,22.175053609315167,1.0686911260145329,cfd94b02203d5704e470af8b85c2299a1c0429acbd7c472538d729ca6a60cda1,0.0,1.4774008514351067e-06,2.6645352591003757e-15
31490,0.15,1024,1.0,1.0,0.99609375,0.0038947947214076246,-1.5470173049508902,22.087968255199552,1.0683935426243212,e974ee25549c70b09c42b1b76f3da63ee082f4612a2b002386df4e3b06d26658,,,
31490,1.0,256,1.0,1.0,0.98046875,0.019224877450980393,-1.4120343269558875,22.602000124423512,1.107416877310073,69c068c0ed68e6fe2cc2aba7ee249c087f2bc595f4ad9fe5c8022b37b96a14ac,0.0,2.394238596714615e-06,2.6645352591003757e-15
31490,1.0,1024,1.0,1.0,0.98046875,0.019168499511241447,-1.4120343269558866,22.55480584260863,1.1083883808254447,03dd164576835e8820f62e6bd834aa83a2d79832b4c72d4a3fb02680b76783c8,,,
31571,0.0,256,1.0,1.0,0.9296875,0.065625,-1.9303741725621952,24.280098987239366,1.3334522643451212,c44518d7a746cafc829ea6becdebaa5f32cd5b7c5a4c5e8e6b289c66b2a0ec76,0.0,2.2333600995239067e-06,1.7763568394002505e-15
31571,0.0,1024,1.0,1.0,0.9228515625,0.07126615194281524,-1.7692883972839923,24.411602988829404,1.3467729343564394,c6d66fcd25c95580d3e00f3605a57ac89dbf983a5afadc06f8884f6cbb51446f,,,
31571,0.15,256,1.0,1.0,0.84375,0.1323529411764706,-1.8575248279928651,24.005127065031974,1.3885221403075954,230615bb274fd561cc39a3c4c973334802ad6a1f5d5608a1f457f75547405475,0.0,1.8061525537405032e-06,2.6645352591003757e-15
31571,0.15,1024,1.0,1.0,0.849609375,0.12789818548387097,-1.7740488882324819,24.05984985615977,1.3952901551004717,da39c01c28c0c13cc4e9f898053f8e7d0cbb761a21fa40d93d46b082f3af086f,,,
31571,1.0,256,1.0,1.0,0.69140625,0.21420036764705883,-1.7256450228906388,24.06725808969477,1.4091310074580634,c4a93d0c551198ce230d46caeb08c2950119896ac611b6c031e2694c8c9d07d9,0.0,1.9181408301705005e-06,3.552713678800501e-15
31571,1.0,1024,1.0,1.0,0.7138671875,0.2044604945625611,-1.7256450228906388,24.121803003106717,1.4191101676342843,ce6ead484cc46d4496fc88b286239c2638c33202a581ae7d87411a15d8adbaa8,,,
31652,0.0,256,1.0,1.0,1.0,0.0,-3.0542159123435626,32.41847685832281,1.0188949182616205,c1483ff66491d3b0f5384f7c2b38fe16fac20afe2ff2f25df256ce6bdc3a56eb,0.0,2.4291988154345745e-06,3.552713678800501e-15
31652,0.0,1024,1.0,1.0,1.0,0.0,-2.954142661483561,32.38842080578073,1.0164832257727128,e016bd60e438558c8ea64991552a22f0eda3755b9c089272a33adad2249ba07e,,,
31652,0.15,256,1.0,1.0,1.0,0.0,-2.698048068329264,31.122527025108237,0.9433912625079983,5e824d3a0a4129d17be8fc9f2fa488dbf7ee758fdb54baf05bb50405404d905d,0.0,2.8290635363248384e-06,3.552713678800501e-15
31652,0.15,1024,1.0,1.0,1.0,0.0,-2.6618599763012654,31.13287486519238,0.9430817789951464,c6714e654e219c21606675049cd90a4fb3c9c53ac4939a8ad6b774e2944065b9,,,
31652,1.0,256,1.0,1.0,1.0,0.0,-3.1091535062381475,30.273419533496206,0.9978367396439063,0776aa09962c23884e2e8335b8314f8b23331d84f90bbe65b6a774a6a0228583,0.0,2.170340806628701e-06,3.552713678800501e-15
31652,1.0,1024,1.0,1.0,1.0,0.0,-3.09025358921067,30.271586661313,0.9980913958464934,8ba4ed3eb05fd00a8fde65c323c187930cee83f6efa703e5fe895813167678bc,,,
31733,0.0,256,1.0,1.0,1.0,0.0,-3.159751987513424,34.61965876164942,1.1212351203933455,70e8ae5903704f6062eeccd589b1481432a0d8c162db542a41ae90a03853db48,0.0,2.281949900151403e-06,3.552713678800501e-15
31733,0.0,1024,1.0,1.0,1.0,0.0,-3.0638910280292553,34.65374958670771,1.1171914538538728,7b374593a432bcf9eec4339f2c88c2f18c1e485eb483f89a7be2ae3ba9cc21c7,,,
31733,0.15,256,1.0,1.0,1.0,0.0,-2.774315850514391,33.52886873938504,1.067201058914496,c7cb6cc6a64137609622a5e5ed88992b17ac23fd584947e3e7cb3340ca86d213,0.0,2.1629510467136015e-06,3.552713678800501e-15
31733,0.15,1024,1.0,1.0,1.0,0.0,-2.774315850514391,33.6058379361457,1.0652856682492042,4de760d92cd5809dd875b0ef0fce2caf1ac702b38b7689ada03ec3021e5e96b6,,,
31733,1.0,256,1.0,1.0,1.0,0.0,-2.996136845884277,32.445367653947194,1.0899357809438035,47c701bcab4b3474fdc5e43f1349d5c51b65a9a7901fd7958a1a3a6d029e3a24,0.0,2.213963885111525e-06,3.552713678800501e-15
31733,1.0,1024,1.0,1.0,1.0,0.0,-2.9961368458842763,32.52676863064563,1.0902822658471358,f3003a1d41934753c177c453f29eef9d8c0c42bb6a1f11e63608c8bf5873e15f,,,
31815,0.0,256,1.0,1.0,1.0,0.0,-2.0509028562751297,24.48568643570647,0.9702713224529758,667ffd13ab28dd06611af078890fbc491d283eca0e8c0ad0d74d6f2b4e598125,0.0,1.757209524555492e-06,2.6645352591003757e-15
31815,0.0,1024,1.0,1.0,1.0,0.0,-1.8689894676689462,24.536379723219763,0.9717353526244554,b6ee3f9c37911632e75d3b4f508725645c5ac3b354da374a942cdad942c89a16,,,
31815,0.15,256,1.0,1.0,1.0,0.0,-1.9703087947976488,23.455217317022676,0.8899684404967253,476165741eac8a8c8df882ac8d2547c33935e5011dc06097e8fc9f8100eb6e96,0.0,1.6686683466105023e-06,2.6645352591003757e-15
31815,0.15,1024,1.0,1.0,1.0,0.0,-1.840193786064387,23.539479938396415,0.8934595743089969,5ae708a8a78462c24ba16824141d5cb9a33fb5b85d80b2d4ca8befeab1ff7cb1,,,
31815,1.0,256,1.0,1.0,1.0,0.0,-2.089531137739817,23.91071984213637,0.8914340720319214,8faa3d253ece5a308439deffd9e483d9eb0532595cf862599b50594e2c20f928,0.0,2.1943757690934262e-06,3.552713678800501e-15
31815,1.0,1024,1.0,1.0,1.0,0.0,-2.089531137739817,24.010377474099272,0.8959915024856344,20ead53343cc036a4cac2b440aa08301b3da733f81177c1bd1d57303da77c93d,,,
31896,0.0,256,1.0,1.0,1.0,0.0,-2.750541036492979,32.22651020976108,1.4933687637147304,916cf4590f3ee49b4d2fe9374c2542be7a4f5ff4b77c9d1d25b1bbc240e793fa,0.0,2.1286844269496896e-06,3.552713678800501e-15
31896,0.0,1024,1.0,1.0,1.0,0.0,-2.6188993869172803,32.44969353622265,1.4935412071063747,357764868d17c67bf73f6dd8897ea05b7cb773f49169ace2f68a30674c9470fc,,,
31896,0.15,256,1.0,1.0,1.0,0.0,-2.479476195887436,29.94293620060804,1.378866036894944,02b57a9c0d5dbb31fdfde3d348796bfe7fc02435f15c83199257ed3aebf98015,0.0,1.936765313459432e-06,3.552713678800501e-15
31896,0.15,1024,1.0,1.0,1.0,0.0,-2.4134387738939265,30.15841267501583,1.3806173194306064,5ee08483a7cbec07ecf527aaee0ca4b16ac3e4f82a8ad128573b8a2d5cb29d5b,,,
31896,1.0,256,1.0,1.0,1.0,0.0,-2.5703885570483562,28.575916567780492,1.3517102489123352,2f1c6278985ec1283bfe074dc8b8a69daab3b605373f2554044f7210c0c59168,0.0,2.097952927826441e-06,3.552713678800501e-15
31896,1.0,1024,1.0,1.0,1.0,0.0,-2.5703885570483562,28.826645948144588,1.356814573468094,cd590a636aaee53e51934da055a962c7d978eaf8b4c1a87a3fbf46a60ed9f510,,,
31977,0.0,256,1.0,1.0,1.0,0.0,-2.6245481298030837,33.56010223199615,1.149788947853365,7ad9abd5b054577599dbfce8165b6b792b3e64b97385bbe50149c8715fed1fb5,0.0,2.173162299001774e-06,3.552713678800501e-15
31977,0.0,1024,1.0,1.0,1.0,0.0,-2.3984385304358025,33.56294927458518,1.1416523640439673,70e2711f244dcbb704c6cbcb24ab08145132f2d0316a766ea801e97a70c3f008,,,
31977,0.15,256,1.0,1.0,1.0,0.0,-2.52272125714331,33.01842554061792,1.1416678062163945,c309758e21f27573769d212995ba5e8ab1297642c0907f22bcad900ba1a9fd4f,0.0,2.004988330028823e-06,3.552713678800501e-15
31977,0.15,1024,1.0,1.0,1.0,0.0,-2.52272125714331,32.98788037935835,1.1319267481976942,e7f9b498bcf2dbc619f4b97ae1df27457a6824691dc6dafea20a002fb9702541,,,
31977,1.0,256,1.0,1.0,1.0,0.0,-2.2035456553164297,31.45181738653325,1.1370886867968608,5dd616c88c4777785d6ed86d4a1e9039709a9df84f771fb42a619351f4b6439a,0.0,2.0522444037496257e-06,3.552713678800501e-15
31977,1.0,1024,1.0,1.0,1.0,0.0,-2.2035456553164297,31.408579268855345,1.1287226511895225,8cfbf8263b03d7ce10d75c78ea561668b039a3b1b36edead34c9d6e9c2ec6762,,,
32058,0.0,256,1.0,1.0,1.0,0.0,-2.829781859753039,31.800919971042656,1.3345934808435445,46f990717359c4981830bd35f3d357157b77aa25f3f67edf38cf73a4f1b45f54,,,
32058,0.0,1024,1.0,1.0,1.0,0.0,-2.6227021542245215,31.889775483324485,1.3454955701072209,e970a21b4a3f8f827b4179e895e1bd3c4235f462892646a1742d534aa086aa11,,,
32058,0.15,256,1.0,1.0,1.0,0.0,-2.4221625931495288,28.213322963218847,1.0578943876979934,135559e018f6c151ea26ca74a63c157b7749f734e9848906fbdf1e16d0c9ab5d,,,
32058,0.15,1024,1.0,1.0,1.0,0.0,-2.418866615103508,28.26901901482277,1.0644376519694554,7636413991ae48a1de27189f83a2e5dfa645b41c4ef6760b5613011e16addcc0,,,
32058,1.0,256,1.0,1.0,1.0,0.0,-2.657181182108296,27.47948996625358,1.1269872721265375,3e2eb73fe07b1578da0429bf8d1558b4f030aa205bd205cdc4a9a14aa7621133,,,
32058,1.0,1024,1.0,1.0,1.0,0.0,-2.657181182108295,27.552560236706515,1.1327137378927519,e372c6a088d74b590878e7a2fb54ccdaae8cc05292be2f60493e76fcd581c2cf,,,
32139,0.0,256,1.0,1.0,1.0,0.0,-1.8911870823000871,25.888351937808455,1.0339939405018252,981d242e4bba9352022e4feb17765731cadb996016a216b1af97789e4daf09af,,,
32139,0.0,1024,1.0,1.0,0.99609375,0.0038947947214076246,-1.8911870823000871,25.49586352292299,1.017529713201453,e4047bfe7e0e6b58c963ecf14474ec543c07a639ab4857e6c63c0187727cb546,,,
32139,0.15,256,1.0,1.0,1.0,0.0,-2.0941003192855256,25.76734063372841,1.0537083143721544,5ef16098659e170fe32db0cd1ddbdc7f61e4d071d07dcfc4e0f2a60a322be880,,,
32139,0.15,1024,1.0,1.0,0.9970703125,0.0029239598607038123,-2.0355340659116012,25.38675490267592,1.0355497023353843,3a5e4ffac315beb137f54c033bf822fe180cd5dcfff4a5bf64953412e6808bc7,,,
32139,1.0,256,1.0,1.0,1.0,0.0,-2.10563267595071,26.77222077982104,1.0724502983635193,fa435138f89f48cbb5b5163ab63fe6d56a261f596c032add92da97617d7b13bb,,,
32139,1.0,1024,1.0,1.0,0.9951171875,0.004863720369012708,-2.1056326759507096,26.40004284716585,1.055838248366913,5febf134b231bac9a8252783ea492cc284786575ea87f984311f93ff6299f5a5,,,
32221,0.0,256,1.0,1.0,1.0,0.0,-2.622463340183351,31.205268859004494,1.035783327612259,119871b48d18b83373c2b5eeda8d517d718819cba0ae538fef9f21e3695ee3fa,,,
32221,0.0,1024,1.0,1.0,1.0,0.0,-2.341664320481169,31.156396324272524,1.0323803014343216,64a5f38851ea13120f9d0e1bbf1ae15504b25a92c6789956a1b0256157af0d38,,,
32221,0.15,256,1.0,1.0,1.0,0.0,-2.3308456940217317,30.32639814620826,1.0090558808634078,b415a0839e92e3640226878b1b3b127f1882a83ff29709f1f1ec2485d05c7564,,,
32221,0.15,1024,1.0,1.0,1.0,0.0,-2.306548163498146,30.29758328298428,1.0074220162383365,8ace07ec46b84ec9fdda7c2235165c8066a4d20e0c0b0a03e4c4feba41d88587,,,
32221,1.0,256,1.0,1.0,1.0,0.0,-2.4035995471730276,28.553267000073884,1.0204520951682359,6eda1c26b0cacf25dac9978b4fadf2d12175a9d201c77ed7d951a3c8dcba3b62,,,
32221,1.0,1024,1.0,1.0,1.0,0.0,-2.4035995471730267,28.5389924080352,1.0206727397152981,ccfdf87774013e1aa5369459136e053342838a17bcae6f8b637f4eaeaad6ade1,,,
32302,0.0,256,1.0,1.0,1.0,0.0,-2.5652271135232407,32.72337904473557,1.086196138254982,2715be33e3f97319e56893206a16ab4eab5ba729e0e5b8d9708f82eda4aa9a41,,,
32302,0.0,1024,1.0,1.0,1.0,0.0,-2.5652271135232407,32.81091909314838,1.0926069318807081,c9412ab0517e0cc7072eeb33dd0f6aeb155f4dc77e4c4ef47a08a9a5f3325fd4,,,
32302,0.15,256,1.0,1.0,1.0,0.0,-2.7039376062684752,32.734249942505684,1.096512192600142,71df3c9335f7c339675986d2475851d2c57fcb2475437c09f358fca1cb6aea74,,,
32302,0.15,1024,1.0,1.0,1.0,0.0,-2.491420475670454,32.80894894564572,1.1034503863346103,d16c3f99cb419454db111c1da5d6209e2f469bc17ee762ac10acf6a5f974171c,,,
32302,1.0,256,1.0,1.0,1.0,0.0,-2.6387171988099816,31.584961313481685,1.1325684879827242,a0d0e9d4115e39a6229d34f7d99891d966a3f8b066a280fca1b6236badd35681,,,
32302,1.0,1024,1.0,1.0,1.0,0.0,-2.6387171988099816,31.616147952009737,1.1361356361644182,e1a258ecceb44110ccb7ef6f26af52d8f7a3c8e830c606e1372102f676ee959a,,,
32383,0.0,256,1.0,1.0,0.99609375,0.00390625,-2.2397747179205,26.448896870247882,0.9868661124540175,19752b6cf5ec5cc875de056218c6dc529478af0fc5a9e661c71543648a024054,,,
32383,0.0,1024,1.0,1.0,0.9990234375,0.0009765625,-2.1584926286590163,26.488443979716326,0.9877022766321383,dc488ca283aff4f7249bf8520e22929c93a69efcf8783324aee143b8d33aa3d4,,,
32383,0.15,256,1.0,1.0,0.99609375,0.00390625,-2.3103811656407287,26.395896259450012,0.9963908125959774,dfad4f34f47ecc269a7be5b3396afedcab416fac2028963af944cabda5c43f02,,,
32383,0.15,1024,1.0,1.0,0.9990234375,0.0009765625,-2.3103811656407287,26.46909399065044,0.9956234270772314,48e325cd1fabd7054fee8f410e920f1f4c2875a3630c71410b1bef5c26c12428,,,
32383,1.0,256,1.0,1.0,0.99609375,0.00390625,-2.381144917399677,26.74815839747274,1.0396250288003366,fbc48ae9af3e9a2f66405e4548411ea3ca0851c287600e0b080eae03d692416f,,,
32383,1.0,1024,1.0,1.0,0.9990234375,0.0009765625,-2.381144917399677,26.796782751425493,1.0374093149959052,f4c3aec7a8c1c76696d6fc0ebe30c026b70560570271b47dc6f369ab1230d94e,,,
32464,0.0,256,1.0,1.0,1.0,0.0,-2.5441244740455815,30.75476650367672,1.2156179270533014,bc085b38c68fa609c030e7a422b2851ca79fe05ce22179a3fd3dea6c18bd355e,,,
32464,0.0,1024,1.0,1.0,1.0,0.0,-2.4642461520020746,30.566916536185076,1.208183392442937,cde3d2fa9fa17afa7f6ccfbb17f6f868e5fa87505b94c609a36fcd23778fba09,,,
32464,0.15,256,1.0,1.0,1.0,0.0,-2.575620838195653,29.64204787806293,1.157008949015474,47cea596f0d03b489e33182844f90da1effad28b140435e19c51ef7e96fa89ab,,,
32464,0.15,1024,1.0,1.0,1.0,0.0,-2.470499259307042,29.482571740428813,1.1527499542636195,23f742822a7e728b3e789310c4dd8573820972f5a295f2bf9a464c54763aa2c6,,,
32464,1.0,256,1.0,1.0,1.0,0.0,-2.415206065762116,28.533056343441697,1.2143054588708961,25e01fe3be739ca6301042b565fa4ef396bec907bb8f3df133d902d73cd29820,,,
32464,1.0,1024,1.0,1.0,1.0,0.0,-2.415206065762116,28.40167031560746,1.2117012109667753,1c6a4cedc46062127b468d62c06b618ca90e0ed979c3ba15c368507c4a26a3fd,,,
32545,0.0,256,1.0,1.0,1.0,0.0,-2.4542905831573734,31.891074105371455,1.0677814000276675,a2001493387bd5365e0d8a18c76edf00def76e47604c0d4883278a9083807f5e,,,
32545,0.0,1024,1.0,1.0,1.0,0.0,-2.3874536724807527,31.73286201361641,1.0619031482095316,efde2d2cd0658021215714ad9937827fcb3000552dd1c979e6d7714afcd3f9e0,,,
32545,0.15,256,1.0,1.0,1.0,0.0,-2.376851641374661,31.605745122065496,1.0544588476602013,46e41ae940dc4184cd7519de5bb21613d96df023c55599bb7444f4c42a5bcbfa,,,
32545,0.15,1024,1.0,1.0,1.0,0.0,-2.3116555768517912,31.44546912968177,1.049527332777112,ca2a634173888b2cd50fc521fe1572ece72267edcad5e90fe95d0b96734d5723,,,
32545,1.0,256,1.0,1.0,1.0,0.0,-2.449156532903303,30.630702616374375,1.0903192709114182,2069351fe3022efef7e10bc2fa98c79da7e1552293080eff8089dde0804ea34a,,,
32545,1.0,1024,1.0,1.0,1.0,0.0,-2.449156532903303,30.464456885047948,1.0845587232001757,76bf17b0fc61d616b0c704042f5c57b7b301d5d6ac5feaed324ac3019dbb623d,,,
32627,0.0,256,1.0,1.0,0.85546875,0.12412683823529412,-1.8479830043967347,28.14191524867816,1.3185340124493254,1bd9cef51b8a37686cffcc30124db10ae0f1b0d0af50af131130bf329974889a,,,
32627,0.0,1024,1.0,1.0,0.83984375,0.13463770772238515,-1.8479830043967347,28.06679820816321,1.3308295547701259,de8a641efdf34a2f7f13a30a46d9c0cc8d78959ece113c13fd83f322af6838e6,,,
32627,0.15,256,1.0,1.0,0.84375,0.1323529411764706,-1.6085684714747326,27.777889234497636,1.3196899217142626,333f1a214da10f723000f8922df7616d30127add8387bdb47907856b59eea8be,,,
32627,0.15,1024,1.0,1.0,0.828125,0.1424731182795699,-1.6085684714747326,27.677965655243355,1.3324722417189758,8bccc8a506c103e962be22726198a7e73875bc37aa5c8c0424cd01bb724b71c9,,,
32627,1.0,256,1.0,1.0,0.76171875,0.18221507352941177,-1.5793328870423702,27.700408853758834,1.3780694925054344,a20295df819bfe2c376b741ebb159368ea175a43cb078b0ec93de2e6f4a296de,,,
32627,1.0,1024,1.0,1.0,0.74609375,0.1896230449657869,-1.5793328870423702,27.61728499574019,1.3931938966190232,cb0980f9186813868e3be61e58f18faf2b0544e510eb0448a102b2bcb53dd796,,,
32708,0.0,256,1.0,1.0,1.0,0.0,-1.9589200051423976,24.156119536822832,1.114061203243284,56a4b19fad70a341f9479613b9f78b8337c77862f7b8729c8cfecaddb8b5d79e,,,
32708,0.0,1024,1.0,1.0,1.0,0.0,-1.9531081942137858,24.00351447438679,1.100852230551475,fe1a719cd0079d51a16b6b2795aec059456a697166a8b107dc5e3276df251132,,,
32708,0.15,256,1.0,1.0,1.0,0.0,-1.8787606078258876,23.69570081346969,1.0816169107234817,f7a7cbf7e9571da20df9db4d1231e53190dcccc8a54702cff7082549be7998b4,,,
32708,0.15,1024,1.0,1.0,1.0,0.0,-1.8787606078258876,23.561708025440694,1.0710917232103003,9253f236dc17a491cc157612c5ce0128a8bb788f4a170692fab3e1eb639ca080,,,
32708,1.0,256,1.0,1.0,1.0,0.0,-2.0432068725346264,23.419933847654438,1.0426250948914964,3ff2610dce860d6d7db6eb2269dbcce0b9bcbe9532481012b2d9001055266cc8,,,
32708,1.0,1024,1.0,1.0,1.0,0.0,-2.0432068725346264,23.286587488012064,1.0321637622259163,140c593049fcaa535cfa361cc392c76794d37c613cefb5d1342184294ba9d47c,,,
32789,0.0,256,1.0,1.0,1.0,0.0,-2.582951791810844,30.53700686807564,0.9864355673417463,e66e1e8975490a7fd1bf15fc6310464805c4f9c8f7d2e214a28fbc3a558526a4,,,
32789,0.0,1024,1.0,1.0,1.0,0.0,-2.478971555502331,30.587781878492823,0.9912571588338606,1424301cb84283adcad0a13791ce6774eaae03e2f5f3712afce63a3b9eb88fc6,,,
32789,0.15,256,1.0,1.0,1.0,0.0,-2.6060558412944665,30.521943389564342,0.9988401675642318,ce2ded145c4449a09f7cf3bf03bae5401c71aabdada0a635f44258291b4a8fdf,,,
32789,0.15,1024,1.0,1.0,1.0,0.0,-2.4904144185415578,30.55951663295927,1.0034151909523419,303380702368d9f9f293db24fc1707e708be513edaa26e851fd57da90b63f13a,,,
32789,1.0,256,1.0,1.0,1.0,0.0,-2.7470092484371964,29.470475727209493,1.0299600740951622,2d35e7ddbc0817d42a1f4ef376e6d8fc335eb570232248e5abd9359228f1987b,,,
32789,1.0,1024,1.0,1.0,1.0,0.0,-2.7470092484371955,29.5164170946198,1.0349057287572008,0e1b37b2c64fe578c59541b51b5e77731137db9bdc80ffd85f8bb7764be31b59,,,
32870,0.0,256,1.0,1.0,1.0,0.0,-2.653425652621424,31.704674817927664,1.0772360873445672,8f4e4c64960c3e852548e9fa298e7562d78a04a11928fb22c76762bb15317c0e,,,
32870,0.0,1024,1.0,1.0,1.0,0.0,-2.4464245304604333,31.80359980536987,1.081620819129218,e055766856b5657b6854c2577001fe84eeb232c8766313b279c34c9743f3ed0d,,,
32870,0.15,256,1.0,1.0,1.0,0.0,-2.589137257292035,31.012340794873268,1.052371325746868,418d18d5c324811e9e42d955aea3c1e4fd2c5f2ddec0a6895709bf77d3cb65c2,,,
32870,0.15,1024,1.0,1.0,1.0,0.0,-2.410714457944019,31.080991384246516,1.055707195857781,6c5d019d90654aa42cdf1a8623296310cd275167db08c2e6358660a9bc61e8a7,,,
32870,1.0,256,1.0,1.0,1.0,0.0,-2.452897123984158,30.366677584143787,1.1041211898576362,a155357c3f03159f35d5cc08e6ab5c05ebea856f3e9289184770f12139d3f3ab,,,
32870,1.0,1024,1.0,1.0,1.0,0.0,-2.452897123984158,30.418460499170155,1.1053886397436163,b3eb00bc9486adf000770a27e0fbb4e2351f00a063facd05076bcff69be38e7c,,,
32952,0.0,256,1.0,1.0,1.0,0.0,-2.0588090645864066,23.549111459353167,0.889499511074725,7600101f5aad1bc53083a06daa64b401fb59f479ac5918b09aa9a1b2317c7849,,,
32952,0.0,1024,1.0,1.0,1.0,0.0,-2.0156368072485233,23.663912510864368,0.8908618561296624,39e3c4331f57ecf3a808a84bc510e4259d6ee8c61c7a6300c488c6b46c22339a,,,
32952,0.15,256,1.0,1.0,1.0,0.0,-1.902817942270259,22.776787767164496,0.8756831562400635,9aace1d215c08b924bea07e5ebdb44537db376cd599960445b4d39d3e424d0a7,,,
32952,0.15,1024,1.0,1.0,1.0,0.0,-1.7361514040583934,22.885486500291037,0.8758194529199214,7f4338f8c8bf2ace21cd9d6147135ee8613fb6e27cf408ea13012ebe6be23615,,,
32952,1.0,256,1.0,1.0,1.0,0.0,-1.669505269305665,21.579355470801477,0.7702268164623934,5ff1100134c416c08168c408e95f9a58ac9036e47d3d20c65301365e36331dfa,,,
32952,1.0,1024,1.0,1.0,1.0,0.0,-1.6672186853109001,21.712861526149734,0.7701914214969336,564efd0a439fe058e3398c1423c285a4ca6d2404b8a029501d2c9c012bfa0ca8,,,
33033,0.0,256,1.0,1.0,0.234375,0.1801470588235294,-1.5765684939695275,26.304539493254993,1.5262758925803601,97d2d533d7728281c12c5173dd7b8841a64b40a6bdaf219c77e84ad63d2f6673,,,
33033,0.0,1024,1.0,1.0,0.2392578125,0.18219143297898338,-1.5568254010048523,26.238449327130898,1.5177742384702808,34b2f4f59f79e29897af4793b73c4375afcf9bafb6d38ef9824084499cab5155,,,
33033,0.15,256,1.0,1.0,0.296875,0.20955882352941177,-1.560454148722993,25.314266534572084,1.4690935444641005,40fa08493137ed7424b1487b319fb10b728b08c0791931e83f5cf9eb9df4aff5,,,
33033,0.15,1024,1.0,1.0,0.3037109375,0.21167732007575757,-1.5471393551297181,25.230073771157667,1.454419040962066,a6689c9a9da956a5839741cebbfc71ed82b56f0950bc8dfe253b1dd7de688505,,,
33033,1.0,256,1.0,1.0,0.24609375,0.18625919117647058,-1.7144781300429237,24.835895312280442,1.5395261297594156,6ee7c7983a9469883487d249adeaad6ea06654ba7a35596d4892c3a7a31e697e,,,
33033,1.0,1024,1.0,1.0,0.244140625,0.1847163673020528,-1.7144781300429237,24.763841946540975,1.5224550228539904,29a4f9db5c8d3963792d75aa40b63833cccdf444f5cba075069e648bda420798,,,
33114,0.0,256,1.0,1.0,1.0,0.0,-2.6765945502011075,32.003873716379765,1.031713108875791,c8c2015b4663d54cc6ee5f4b42e1c36a1b0372bfeb5193b817a72bdd9c9bf1a3,,,
33114,0.0,1024,1.0,1.0,1.0,0.0,-2.506342334740295,31.97988366076072,1.0316963361267795,f1d535175d4ecd83d077e505f8bf499e2152b5684170619618fd71a0a7cfedee,,,
33114,0.15,256,1.0,1.0,1.0,0.0,-2.58055854445126,31.780202343490306,1.0536667139339686,99fb53dd91360e1de794ceb3ee9e7f5c09de039b45744290f11a81c0bddd538f,,,
33114,0.15,1024,1.0,1.0,1.0,0.0,-2.5264892589835934,31.77053917170762,1.0562244458591799,de8a1469233d8357702895af4266e31474f2b2f704663045d6d2835ec7b13b07,,,
33114,1.0,256,1.0,1.0,1.0,0.0,-2.9086581292997957,31.11123939049281,1.110038066762727,1206610ffe619e3895dc11ff7721087f705eead3ddddefc362d1ca3df055f540,,,
33114,1.0,1024,1.0,1.0,1.0,0.0,-2.908658129299795,31.116681700362978,1.1149578089531165,5a35dcc81f155d63eff87cc499528e945952bc8414aaa9a4cf7edd672f3b02ee,,,
33195,0.0,256,1.0,1.0,0.9765625,0.02297794117647059,-2.2448741995088737,29.4617786735328,1.319434907413796,fcce7bd97fa800fa7346e0fb9a67763b0108d05b1203abc9f2bf0f35e09686bf,,,
33195,0.0,1024,1.0,1.0,0.9541015625,0.0438345781402737,-2.0418596409010066,29.462242909623924,1.3246854353528892,86ed17e45bdda38b499f241a0eea1e8d9280973d6cbcd8273889b42339a0f3c7,,,
33195,0.15,256,1.0,1.0,0.9609375,0.03768382352941176,-2.2981720815004687,30.01967865109607,1.406086056413057,c1efb1482c5b75045909f8b471127a8f7ca4390f8651d70d55a661d9c07d9744,,,
33195,0.15,1024,1.0,1.0,0.94140625,0.055214442815249266,-2.21886746274783,29.966746605726005,1.4118775695415382,494e387fd423562f1dcb75cff85aa5eed5d3b8a73831d31672bb2ec0fcaa1063,,,
33195,1.0,256,1.0,1.0,0.9453125,0.05189950980392157,-2.3230508762898316,30.474503890031496,1.475378921468163,c6ad2331adb1dadd21c83c76da3f74268f8ebe5d1dd2442ab8b45f56c544ab56,,,
33195,1.0,1024,1.0,1.0,0.919921875,0.07373762829912023,-2.3230508762898316,30.486775602588903,1.484671767330621,3a5aaed70314592aba3f2210d49b5a5f5fb40c3f3c35627ca576d26605225a0f,,,
33276,0.0,256,1.0,1.0,1.0,0.0,-2.195079567916695,26.171802700443298,1.1964676602881916,43273cee2f3d7c1e58a4805ac4301c9c4b0615858703f626db02023f3ca3cae3,,,
33276,0.0,1024,1.0,1.0,1.0,0.0,-2.0678707829773897,26.2400504139304,1.1987432498053965,8691a9d7af0cc451863cbf54904b7b7aa09dcb2a081f1af96b7f629f6653f52f,,,
33276,0.15,256,1.0,1.0,1.0,0.0,-2.1975257193942523,24.392455888760484,1.002025415298615,cc793125a3e712b9a25a3eeee784feeaafcfafbdee1c7bbb412cdfe849130c96,,,
33276,0.15,1024,1.0,1.0,1.0,0.0,-2.14425413650597,24.434978043149673,1.0012753907978131,a5a89531928da27423d18eadcc8d54b6bd8ee1cdebf81eafc2411135b88fe0af,,,
33276,1.0,256,1.0,1.0,1.0,0.0,-2.021532324289983,24.817673950422616,0.956841261595111,e61dd0351672f795f8e3080b7122c9d271ce578ff262416190c8b21e45342f6f,,,
33276,1.0,1024,1.0,1.0,1.0,0.0,-2.021532324289983,24.85468105207491,0.9570511604208146,50137afbf57449d6621f253f7019420e727f2b08139de7eb80a49ad435ab44b6,,,
33358,0.0,256,1.0,1.0,1.0,0.0,-2.353501000320895,28.977305822622743,1.0202281508330648,b314e320b6c779ad462dd7a3a46b6ed3ae22acc64416d1d91f537354c6e14080,,,
33358,0.0,1024,1.0,1.0,1.0,0.0,-2.2507011934621683,29.16864685100523,1.0252197746100864,4e77f986f271c1eb80bce9fb5573448f94f93535657527342d4a6314e4c268d1,,,
33358,0.15,256,1.0,1.0,1.0,0.0,-2.471839714102107,28.176298626881565,0.9965451221059789,d71c967710b6a0c8afda836be61b26f55fa82d2e0f2de427fc4e9797eb2ef7d2,,,
33358,0.15,1024,1.0,1.0,1.0,0.0,-2.250071403018578,28.344084738916887,1.0028671599111831,ffd6c58e52cd9fd0ebcca388a020feeae403ced7b306268316cfbed0195bd259,,,
33358,1.0,256,1.0,1.0,1.0,0.0,-2.3645988165212337,27.678673190490525,1.0518998146090253,8652475f1cb84ccaae19cc5f5d98a6f99eb442cd846406d65051cb9cc1d855b0,,,
33358,1.0,1024,1.0,1.0,1.0,0.0,-2.3645988165212337,27.832542835778337,1.0561518976647524,5b7dae451171a77c10bab14c08d279e8576a110906d78594011a073b8dc75b3a,,,
33439,0.0,256,1.0,1.0,1.0,0.0,-2.4397176081894925,31.6280501107844,1.1090575507106584,71468a98f1bf8b614a7aa1ab30dfb4ce8f955f6334bb76d61093c5976a9a7754,,,
33439,0.0,1024,1.0,1.0,1.0,0.0,-2.4397176081894925,31.62721088778225,1.1050779117105978,0515948501af98638d8664a981c8554afe6b21377879796a924b6932ae9e40e4,,,
33439,0.15,256,1.0,1.0,1.0,0.0,-2.353024184566549,30.980385997553853,1.0634402965598075,ec3c502cabf3fe58bd51ef2eba30d6dbda26b09f2744947df0d9fe94651077b0,,,
33439,0.15,1024,1.0,1.0,1.0,0.0,-2.353024184566549,30.959857062844037,1.0593563728829438,a3ea4bf56b41b2d2fa8299e715b1934dc3e37ca9feff36ddf19654663d50efd4,,,
33439,1.0,256,1.0,1.0,1.0,0.0,-2.3801873808603498,30.147527450191518,1.1016298193831713,2707eec380e6f5bc36277908d0ddefa654f8f0693f01cff944284f23b48f2977,,,
33439,1.0,1024,1.0,1.0,1.0,0.0,-2.380187380860349,30.133908686513404,1.0976507724654678,39e341f52c6bc18fc0eebcbee5b4646f093cf4d0ad3312d37163d250d872ad8e,,,
33520,0.0,256,1.0,1.0,0.99609375,0.00390625,-1.8838187898053023,23.9824489021275,1.1178883795632162,bbc089152a65e9973c35742c4bd2d7ffcdf5830312271bd84feac42a37ef9b7e,,,
33520,0.0,1024,1.0,1.0,0.9990234375,0.0009765625,-1.8376230613251918,23.929669043484797,1.1193149793819366,1b9f2bf0df13b240c7d3efaabb4804d5e561a72ed98fe6ab8ac6c4dc59816ba9,,,
33520,0.15,256,1.0,1.0,1.0,0.0,-1.5782780887597783,23.1390929848345,1.0586449304727537,4b0eebe82c7ad3812960d59ece884020f50e9bbc2b08be89bdfab85504eada8f,,,
33520,0.15,1024,1.0,1.0,1.0,0.0,-1.5782780887597783,23.131466321631937,1.0587767683704117,52fa6e93205f7c2be4da6925637604788c87ada674f9ad60a034e95249da60ac,,,
33520,1.0,256,1.0,1.0,1.0,0.0,-1.7446896602951485,23.639340235056114,1.0127657546120366,0e9b1a6001e76c5abee4ae8a7930c18b44381d188b9c9174c4af2f3a88c9e9fb,,,
33520,1.0,1024,1.0,1.0,1.0,0.0,-1.7446896602951485,23.623045948939772,1.016034213477067,5f607022e3d5d11d5d71a1c7026f118b6f39704d67a4fa1f1907d7888c18a55e,,,
33601,0.0,256,1.0,1.0,0.2890625,0.2063112745098039,-1.6757019248901397,27.836097438556674,1.6285500319726711,ee3d1b4c7a1a433e994079e9534d1519738d5df9fd7e1a0073f4d3cb1df10d09,,,
33601,0.0,1024,1.0,1.0,0.2705078125,0.19752623258797655,-1.54526214605343,27.78726190662527,1.6233671023549603,fb3f5d801eaa3e25e50b730a8d173000debc6d8f0cf4d2a6d636d21d7c489bc2,,,
33601,0.15,256,1.0,1.0,0.35546875,0.2300091911764706,-1.745055953111784,26.83976199595702,1.5737728685765977,03fccc47e8d78561626173cc412a8fdfdbbd110b5acb0934246b5622df374991,,,
33601,0.15,1024,1.0,1.0,0.34375,0.22580645161290322,-1.570508519949981,26.866144069630483,1.5770854383629722,52390ec6231a4a6e276e383af20098b685994d8b49a991b87b1d8c5d6e362327,,,
33601,1.0,256,1.0,1.0,0.26953125,0.19765625,-1.806148934360818,26.618448872856487,1.6816597506469644,5ee2dfd9ad24e674420200fa31b86ece436b2a505c498461795a8bf7e753360b,,,
33601,1.0,1024,1.0,1.0,0.271484375,0.19797394305962854,-1.806148934360818,26.605569676400435,1.6815212948547051,688ce35184d9ee2edf039c2af9a24e558ac810399941d85091ee91b997eff3ff,,,
33682,0.0,256,1.0,1.0,1.0,0.0,-2.535496300914782,30.657731007038336,0.970163670843794,d858b98c66066b7b2c303f7834809792ea8640b53ca9f4d9e881b45e99e6a841,,,
33682,0.0,1024,1.0,1.0,1.0,0.0,-2.439313598772692,30.706618181966167,0.9715488143995475,4ce8110898a5fb97f425bbbfe8fe9ab79a5c1040e749af02041afae654c793fb,,,
33682,0.15,256,1.0,1.0,1.0,0.0,-2.6689942070499706,30.727660534201988,0.9882197017552603,4e87e47333010aa8e78fffc8893fb570d792cdcff6cb7651dee10b4b192b9b2c,,,
33682,0.15,1024,1.0,1.0,1.0,0.0,-2.615792771073135,30.779909252186474,0.9888390770826555,01e9198205023f841a5790b364c0f2bb734ab88a66f2bbe937dc9d1e6e188972,,,
33682,1.0,256,1.0,1.0,1.0,0.0,-2.87274675108638,31.158155344051465,1.0332392929271732,7d9cc2fd5e44bc0a18d557d7c56d4f1fd924bace9b886b848ec9fc6e1db75c7e,,,
33682,1.0,1024,1.0,1.0,1.0,0.0,-2.87274675108638,31.207653338252076,1.0345099553004857,298b59e0281d0e508aa9839a3badf0abe433b8ff43e90c6882637ede42cfb5da,,,
33764,0.0,256,1.0,1.0,0.95703125,0.041283700980392156,-2.473455601215065,31.018471747112216,1.3837276712668976,a775b3230ee9caa31b87cea7a5d64e9f2f860d2060220487e821981d305aa6a6,,,
33764,0.0,1024,1.0,1.0,0.9736328125,0.02569705370234604,-2.3692327825040254,31.01712736199165,1.3644950140902026,7cf263848921bf148a22179b57023dc727203e50970b0834ef57ab2db685f5b3,,,
33764,0.15,256,1.0,1.0,0.953125,0.04485294117647059,-2.2074076503341917,30.44760911022547,1.3556432459452012,45b22df8144243d7bef48fcece02589ddf746516d01494144a42233c0706c2e0,,,
33764,0.15,1024,1.0,1.0,0.9765625,0.022910557184750734,-1.982609132748748,30.495579826163198,1.3378040276769831,9b03bcbb47631e5eda76c85473a31bd7829b6c96ed3152d58cf6ca0fe73f5c24,,,
33764,1.0,256,1.0,1.0,0.953125,0.04485294117647059,-1.945274139861886,29.163074437866992,1.3152425049468361,ee7f35c6e4e00ad2011f20a7a9ac1dcdf78752f4408aff4c564d4db77c52c788,,,
33764,1.0,1024,1.0,1.0,0.9755859375,0.023841298570381232,-1.945274139861886,29.220937440208015,1.301564892196272,5a754c6fba7ac2b9e629834d72ed67d0cea84e82b149ef158ec57c71ef689716,,,
33845,0.0,256,1.0,1.0,1.0,0.0,-2.0308028749184155,24.208895493690306,1.0344904707244649,12356312798b1a60929699b0577ffe74b937f9cdcabe617a9b75c408f3ae82c7,,,
33845,0.0,1024,1.0,1.0,1.0,0.0,-1.8882237519082916,24.20182691371329,1.0313681822183822,1137f613fb9cc0f913fff6d35baf2b6eaae4259c394312f68ada272fabd0cd2f,,,
33845,0.15,256,1.0,1.0,1.0,0.0,-1.9176512597189337,23.22994871426702,0.9219522872474257,13e049ee4d0ecc7f692ab9660196223df154180df6501fe98f0c558a8a98053a,,,
33845,0.15,1024,1.0,1.0,1.0,0.0,-1.87722582493375,23.253468121335988,0.9206747116918776,913f324ecf4da2e43efcf0b3289c01c469469025e760ea8d446233acbbfbac4a,,,
33845,1.0,256,1.0,1.0,1.0,0.0,-2.035287246706549,23.71230302666942,0.8624661491723796,0618b428eb6ceb4e0cc37a89a80c52f9f65388d29b4191ac1626ff606c4dc29f,,,
33845,1.0,1024,1.0,1.0,1.0,0.0,-2.035287246706549,23.70288116036581,0.860095516819201,b3b77a0db56a2416b2df9cff938641d203d1809f88be818ddb37ca33173a8ab8,,,
33926,0.0,256,1.0,1.0,1.0,0.0,-2.776048312833136,33.39881997361112,1.4203049449218923,9b92fcb0f1be884a76001313ee8023486d0709fefaea92f6ebb27c8041497e8d,,,
33926,0.0,1024,1.0,1.0,1.0,0.0,-2.6824280248447003,33.15983592579786,1.4127341226267547,91ce0da3089d8375ad69c041938119ca0bab09586b3a677a3ecde75e8ce9708f,,,
33926,0.15,256,1.0,1.0,1.0,0.0,-2.4404615400527883,29.717768560446274,1.1454807947416228,565d67f8fdfe370149e3947951c9cba1b52c188afb153df85dd4db8b9b99e1e9,,,
33926,0.15,1024,1.0,1.0,1.0,0.0,-2.3920386373621443,29.447639832693216,1.1347548278014852,876c4e8ff70fa869706e4e7176097441e630fd849053ca89b62870e3f40dae3b,,,
33926,1.0,256,1.0,1.0,1.0,0.0,-2.432981358796318,28.496380482204874,1.1696959246458452,768a01bcdbb479c72c013ef30a3ba60285f92a5696b42b892711b04c6763aeae,,,
33926,1.0,1024,1.0,1.0,1.0,0.0,-2.432981358796317,28.254276824705546,1.1591098026758417,b83ac55bffd96e8ed3a2b55864e5e278573fe88545dcbff6446543bc801ec213,,,
34007,0.0,256,1.0,1.0,1.0,0.0,-2.5400492810114743,33.96257330042762,1.1577340441941906,6b7c6368d000b69068996ad389029f6b03c5d5c255dae00690c230d531ff2f0e,,,
34007,0.0,1024,1.0,1.0,1.0,0.0,-2.5400492810114743,34.00154187542299,1.160017588982797,e64a05c51bb0ca8dfbc7a7d498626a4c7cdf115c69a5f358b0ef10107d6e4def,,,
34007,0.15,256,1.0,1.0,1.0,0.0,-2.5878788400044073,32.59519384947387,1.1121673037107587,d1ab01bad916b4a9494f8375e8aa3862a3e7db7974b88716699c7cb26391f569,,,
34007,0.15,1024,1.0,1.0,1.0,0.0,-2.417497774941398,32.587645997926934,1.1136022477404242,188a9eb3abca49a694dbac16ba1619b8092e61d92a0a44a20241e12a3cbbaafa,,,
34007,1.0,256,1.0,1.0,1.0,0.0,-2.6520652472607624,31.606847791425214,1.148736162308087,fc98cd4f1411397a7f8924597e48150be4520ae0299cd8cc2d8f647b26abb466,,,
34007,1.0,1024,1.0,1.0,1.0,0.0,-2.6520652472607624,31.602961143764773,1.1486347079013246,b3e10b783196de40073be7895cd894ac9520218001d028c72006329ac35c9b9c,,,
34089,0.0,256,1.0,1.0,0.99609375,0.00390625,-2.3033480356976845,27.211511415971785,1.083746953814867,bf8bdd1ce2945dd316cbb5150482ba412c194a81464ce70ce10e65fcc58fd068,,,
34089,0.0,1024,1.0,1.0,0.9970703125,0.0029239598607038123,-2.147109139477106,27.297302640796488,1.0842183333571003,a259f5b3509eb2a1affb93aef6c1624d574a575de72c59f9959b895e69cadabf,,,
34089,0.15,256,1.0,1.0,0.99609375,0.00390625,-2.077970908756775,26.5619438017998,1.0526438361465043,588a47b5e8e36b95012add6f2a7fd3309070012cc13d8cfb0d058d382dbf1bcd,,,
34089,0.15,1024,1.0,1.0,0.9970703125,0.0029239598607038123,-2.0037541663791156,26.637289162765057,1.0520944818592928,4ef242ce6c522ab831e0800e2ceef12087c8b7747a7f3e5a44da9a8fb3056d62,,,
34089,1.0,256,1.0,1.0,0.99609375,0.00390625,-2.2080806627389715,27.081580055695426,1.102274613657919,24919781d5905f20c1173b239b8faf429eff2869c19df095a79026f3f67955ed,,,
34089,1.0,1024,1.0,1.0,0.9970703125,0.0029239598607038123,-2.2080806627389715,27.111474837481484,1.1007119980753508,3177fac5d1cc75a0608267352d13fc4b754b3f8e4a5db97b2a81e030db297e0f,,,
34170,0.0,256,1.0,1.0,1.0,0.0,-2.276821083479844,27.658768178486824,1.1212970137186482,030cc692e1e9fbf3c8ba3054f44a4204877d00710abaaa7219315310ebf35a6d,,,
34170,0.0,1024,1.0,1.0,1.0,0.0,-2.040028561282961,27.63647261172838,1.121970205335257,8c4ea6334988e409dbaea68850db5a5a28ec056e6a5de62d7c0183eb0dbacb30,,,
34170,0.15,256,1.0,1.0,1.0,0.0,-2.1401353736302138,27.323597046431328,1.1465387395759363,7b207841a12529dcbeae0db22dfb5ff07e536c89f35491a765c268c02e086c97,,,
34170,0.15,1024,1.0,1.0,1.0,0.0,-2.0916872286234582,27.301714733718,1.1457049152656813,2c9bd99e8f14419ed3825254d1a7c7d9f6e9d50a42d9bf9d91500c68ff98c24d,,,
34170,1.0,256,1.0,1.0,1.0,0.0,-2.18501990103682,27.958641594414434,1.128777125262804,3926956457def06a53e0fac72a7971f894202437cb7119caae0ecd7d4b0828e4,,,
34170,1.0,1024,1.0,1.0,1.0,0.0,-2.18501990103682,27.93310321437788,1.1297573045112461,de2ecb93176106dd620402765cb2663b5f240d5a3c0d59da323fb3e08a151426,,,
34251,0.0,256,1.0,1.0,1.0,0.0,-2.6126163387108283,33.9159255413974,1.1318887626119185,2ff9ebabc29a5834c2ffc27832cf1d810efb04154dc0775e96c5fe5bbfd31cc3,,,
34251,0.0,1024,1.0,1.0,1.0,0.0,-2.5939623491499093,33.92768457038645,1.1348934020588963,15ca2863d962175286f58288a0b88093909858806b32d7ceb6c714fe750fc938,,,
34251,0.15,256,1.0,1.0,1.0,0.0,-2.286632233993949,30.80441367627699,1.0201056475150385,b752d6bb9623885456c56a27722a8735d03404e595c707fea9662eeb3ad51385,,,
34251,0.15,1024,1.0,1.0,1.0,0.0,-2.2142945978755018,30.867967909610087,1.0249922108729488,2d634c343d817924c16dd6dfcba421151719bbd5a38496c53a2ee80d71a64b06,,,
34251,1.0,256,1.0,1.0,1.0,0.0,-2.303509238213822,29.337069210587526,1.0389952213391331,1771ec024bd7c7cc9d64ae4d9fb546d992c27c040d6b91114eb238f9c1bfcad3,,,
34251,1.0,1024,1.0,1.0,1.0,0.0,-2.303509238213822,29.442843232910054,1.0437075082936171,becdd7b03493b7bcf437f65f4840997cb20c2a434325e517617c1f5b3c30757b,,,
34332,0.0,256,1.0,1.0,1.0,0.0,-2.630143860463077,32.88537899729834,1.0805971685457527,b891a8c264411cbcd034fdc852e09cd460340e6c9df23a15448114563b261ca1,,,
34332,0.0,1024,1.0,1.0,1.0,0.0,-2.4307975173524943,32.854343317370336,1.08165560717514,6c6b504cef7d8acd71b1e2a6edc5527dd2e50a14896dde4dc459708c04a5f69d,,,
34332,0.15,256,1.0,1.0,1.0,0.0,-2.5843498380129564,32.665636545740675,1.0816941445159294,27053ca671459c8b694fc77a1b7333f8f3e5ba8b91885649d10bdc34de4ba768,,,
34332,0.15,1024,1.0,1.0,1.0,0.0,-2.5679952063348974,32.64477038999755,1.0828212810666151,8cdf9d53fa6caaaf147e2d6d59e1f54f7fc1f93361ff09d850469505f5164b46,,,
34332,1.0,256,1.0,1.0,1.0,0.0,-2.441401258684656,31.338682926096,1.1293164375255618,dee3ef0490111cc27be8ce9cec1c7014179629fe3010ab8b545b819d7b1a38c5,,,
34332,1.0,1024,1.0,1.0,1.0,0.0,-2.441401258684656,31.31115694822108,1.1293801484901138,ac74f6b837de3d07b1e6cfd85828874f4b59ed526a48f36418590cee5295c6c0,,,
34413,0.0,256,1.0,1.0,0.99609375,0.00390625,-2.2960035553592846,26.18603920115412,1.0349625876264614,36ed99cbb41fd6d585092df24a7b6a79749be5766f2d74f3435595d4549755aa,,,
34413,0.0,1024,1.0,1.0,0.9970703125,0.0029239598607038123,-2.2501126897077155,26.30274768020061,1.0391057268265707,7c519ded09c9bdac846cf9a8e04172db8e4a5a78577592fd2eb97c44fee15b9d,,,
34413,0.15,256,1.0,1.0,0.99609375,0.00390625,-2.1342655698086808,26.1338066702111,1.0407911587538172,350bafd006536aeca4d929efb1d494ca9164dfeea7e259d49ed713373a24684b,,,
34413,0.15,1024,1.0,1.0,0.9970703125,0.0029239598607038123,-2.1342655698086808,26.25510048545559,1.0440246221932996,714469395d2dd64572e81fb357d93e8a6c8913f0a0e8293776c09bc7f53ead46,,,
34413,1.0,256,1.0,1.0,0.99609375,0.00390625,-2.3434636450371116,26.820743316033838,1.0057519881688646,67ef6deb224f38366e5b4e892d0be3c267513b17e0ec6f48ad1545802611e140,,,
34413,1.0,1024,1.0,1.0,0.9970703125,0.0029239598607038123,-2.3434636450371116,26.94217980447949,1.0073443162041082,012a31db4cc58550f558db39b5209bae7c1211b210d1ee7932e707ab5ee6b98b,,,
34495,0.0,256,1.0,1.0,1.0,0.0,-2.799387687243935,31.548278317667428,1.2353325713893677,b171b8496fc99e6dac671ae85abbcb2fb3b49d8e6ec6476df34df42778d64587,,,
34495,0.0,1024,1.0,1.0,1.0,0.0,-2.687861085978234,31.552326002876438,1.2319909586878126,c3698c3d140871a7e3f9cecdb19efacf30d0b1cd38fc5bac7d2ba35a018a45b3,,,
34495,0.15,256,1.0,1.0,1.0,0.0,-2.6124078328075324,30.27916289584653,1.1760303760910493,f0aa1270179a86e0800c18e50eacef3f9ebe9a642413af74bc0387e8434c43c8,,,
34495,0.15,1024,1.0,1.0,1.0,0.0,-2.52015048196557,30.263535969823682,1.173358417053524,ba89dc013adf2150aa928fbca74363b8f9092951fd2c4bc3a905c47e404d40fd,,,
34495,1.0,256,1.0,1.0,1.0,0.0,-2.527357502505457,29.464707070745266,1.1635442209122457,2ea6348889916bd6787573dfa894405e81eac437abb030b4201c23bfba787614,,,
34495,1.0,1024,1.0,1.0,1.0,0.0,-2.527357502505457,29.452739344752917,1.1625824336584751,9e8d697b51128d149f1a19bde365644c052593b21c79cbac2a819aecf731053a,,,
34576,0.0,256,1.0,1.0,1.0,0.0,-2.4565788704775118,31.5016768453403,1.0759814488685155,8946b50e65d7554e03633c5073962f00089da4136b7564da4f47b5ff0ebb4906,,,
34576,0.0,1024,1.0,1.0,1.0,0.0,-2.4465552920941063,31.41912711798646,1.0718161135115527,3a324a85992e92c6a04d7b2a293d5d6a8f5e7ff05afb3ae47ee331439ecd3dbc,,,
34576,0.15,256,1.0,1.0,1.0,0.0,-2.331953845473529,30.734006538944453,1.050684440024483,d22472d430e2e4fe7a217ef69ec9d464c3b77ce7862b38d8656a30398efd47fa,,,
34576,0.15,1024,1.0,1.0,1.0,0.0,-2.291362024153922,30.66834724115688,1.048266730919029,a880179237dd85ed342f8bbc19d35b3c1cfaa0375c5baf262d2d27b2771f2526,,,
34576,1.0,256,1.0,1.0,1.0,0.0,-2.338268445583309,29.83583754604062,1.111406278705108,f66f0876518ba942370c962ccb0026f828cf20cb62867c02cccc981837a058b4,,,
34576,1.0,1024,1.0,1.0,1.0,0.0,-2.3382684455833083,29.75649011509056,1.110594488827821,da6a2e0939c7eab5651ca0633074afcf35c948007c37b9436f5607498f20b745,,,
34657,0.0,256,1.0,1.0,0.9921875,0.007781862745098039,-1.6284823969977955,21.949010390456447,0.9951650570085668,a912c8b2ce7301c93acf99f8b477deee4d81b3f2b331ecad58aa67831fd1385d,,,
34657,0.0,1024,1.0,1.0,0.9951171875,0.004863720369012708,-1.616550111078376,22.110541837114965,0.9960038930348015,e85e132cad886fcd175a9a808f1c77746994a308f14544643a97d03d1565bcb2,,,
34657,0.15,256,1.0,1.0,0.83203125,0.1403033088235294,-1.6392888606367468,23.69293774058623,1.215482433093571,43c9a9d2feaf1506b340b7513782b5ae5dfa6902f148bd51de0e1b73619494ed,,,
34657,0.15,1024,1.0,1.0,0.8779296875,0.10727391098484848,-1.518003406017506,23.862989405483162,1.2129732274965328,e7968d7131d060c815b3b9196488538051722d2bef8b7fcb37dd68b8cbd0c0e5,,,
34657,1.0,256,1.0,1.0,0.625,0.23529411764705882,-1.5793353457084773,23.94256444985541,1.2840395684348334,1671096b18171cd1c1d10da5a7a8548c31decbb4a2ecf3c1371872b85c3b8d8f,,,
34657,1.0,1024,1.0,1.0,0.681640625,0.21721881109481916,-1.5793353457084773,24.087759503173363,1.277549671367218,d5514161820909d2556e72ba9c5d4568c6f1304735b8825021154e4cef7693e5,,,
34738,0.0,256,1.0,1.0,1.0,0.0,-1.948669548425312,23.632250211377563,1.056657037873008,76fa3bbe148b300df664268e2e741758fea121fa981d5f75a01a3038147ede36,,,
34738,0.0,1024,1.0,1.0,1.0,0.0,-1.7196940855545382,23.673095055147893,1.0571023003218567,370b941a2681229949c57d82fca4230e7a5e9040a4d93ffd31bc0aab1fdcadd5,,,
34738,0.15,256,1.0,1.0,0.984375,0.015441176470588236,-1.7627984069708975,22.57108342644602,1.2239351154526281,17dc39686e76f59dafa24374d2df6a7638f59eba342bb8d1bfb442211f6ca2de,,,
34738,0.15,1024,1.0,1.0,0.990234375,0.009679710410557185,-1.7627984069708975,22.655060901324116,1.2242795546495184,294884b163eefa0d25f7410c08bd7c7a50e598ae9f0a892c24a35c1e816a5c52,,,
34738,1.0,256,1.0,1.0,0.93359375,0.062239583333333334,-2.001397807816883,23.236530290856077,1.270667756578477,f6c7a39c4da3a1ed79944c7e024a37fe8b2d8f637c84062309067707f1f6a7e9,,,
34738,1.0,1024,1.0,1.0,0.9404296875,0.05607645252932551,-2.001397807816883,23.319198838905265,1.2684431078300487,7977c68e1602523cde03d4b82aa6b2bd50418084cf5b6e915a588e661b2b48f0,,,
34819,0.0,256,1.0,1.0,1.0,0.0,-2.6542804001594047,31.85061707613525,1.0332824439385422,3a63674fbfb02458db0b1a7b09b6b5204ba3dd4e6b746d1219b2cb2fa2ee8955,,,
34819,0.0,1024,1.0,1.0,1.0,0.0,-2.6316393861182075,32.00367190830992,1.0410512492250088,b6980bd6b2093a24014c948908ca1e577bcf157cc5f4b1658291827fd43fc937,,,
34819,0.15,256,1.0,1.0,1.0,0.0,-2.6112488073136317,30.613781207176363,0.9898070059081151,0f9058d3789fe5424936764540326948c170205a6efc28dcb1631be431695531,,,
34819,0.15,1024,1.0,1.0,1.0,0.0,-2.441165858918855,30.783510580604737,0.9966950002770953,944074990c29a5e4986a70addf5699566fa844ffadfb9b45ba839e4448c5ac81,,,
34819,1.0,256,1.0,1.0,1.0,0.0,-2.525206554881584,30.78274214906516,1.0682542857412123,35075c15f2c2048b9da66f19eaadc777516db21d0957b299159d53e74747ac8e,,,
34819,1.0,1024,1.0,1.0,1.0,0.0,-2.525206554881583,30.954285914175994,1.076001200316531,d94a6fadc3b736c9ef47a4b918e3cf2dab81a4dcb175a2acdbbc5edde18f53c0,,,
34901,0.0,256,1.0,1.0,1.0,0.0,-2.882404202391526,33.0875526851881,1.0466311210254844,6e7f349c1cfcdbd64e6c7baa48b64e6977e1e79c3477e9ad107eae287d848fdd,,,
34901,0.0,1024,1.0,1.0,1.0,0.0,-2.6704616665447265,33.291833519184955,1.0544402148042358,f2721c9e2aa72bcb45e7224b8221ff6f129b36abc38985cad4a2fcde7accf763,,,
34901,0.15,256,1.0,1.0,1.0,0.0,-2.966617029614561,33.49731893456336,1.077489997996363,9df1de89aabda77dc11c3805549b3f398c223334f14a075b5cc3667ab1eb4815,,,
34901,0.15,1024,1.0,1.0,1.0,0.0,-2.9511935706889476,33.71748903988557,1.0877913610711827,72097db3569eea1993dbae7c94136ba08a7d2a89b276a8b02dcf137aba8fe11a,,,
34901,1.0,256,1.0,1.0,1.0,0.0,-3.0839524397234612,32.92014339337386,1.147317836771766,c83c28fe0ed9be1e670498acf221d39eb51cbc71181ef4b66fdc7b27e1d84e20,,,
34901,1.0,1024,1.0,1.0,1.0,0.0,-3.0839524397234612,33.14011526847789,1.1575780702857805,78588ee6d374b774e19b47637941ea91fe0171472c800ccfca3c47ee737be4ac,,,
34982,0.0,256,1.0,1.0,1.0,0.0,-2.036663922847891,22.779040867268463,0.8514485480436682,707885a563f55271346011b2d60d8d9e14b8caec37eb00b4e6a826d985615f23,,,
34982,0.0,1024,1.0,1.0,1.0,0.0,-1.8283860781521644,22.85030187208406,0.8506410496022859,c5c2826878d9e774d5725d6f0e1cb9391d36f3082b753d35ea432e366ce9924c,,,
34982,0.15,256,1.0,1.0,1.0,0.0,-1.7243251801965958,22.347260962474028,0.8419116637063432,3f85e122d47c140e6273fbd10d464ec8dc75f615c3512245a28dfa1b3d6b3526,,,
34982,0.15,1024,1.0,1.0,1.0,0.0,-1.7229109388209087,22.415595180061032,0.8406381410351496,876833b317c513694fee8b14cff56fcaf1587bfb8dc0efd9977fe7a3f3f61f06,,,
34982,1.0,256,1.0,1.0,1.0,0.0,-1.8593570960299335,22.56489625246955,0.7781074941878522,e95cba1b3341a0ede1ec3e995601be1506d5e93c01db7c88de7763fb2a259540,,,
34982,1.0,1024,1.0,1.0,1.0,0.0,-1.8593570960299326,22.663932505447264,0.7807873985073024,f1533da5ff2f06c463a481d0fb048811bf4e353a309a474c5ed7b5fabe539086,,,
35063,0.0,256,1.0,1.0,0.99609375,0.00390625,-1.7024778748598752,26.814718407461257,1.2209931977833974,31564cfc7d0aa1bee39084671a5c31d503d463996eb8e363f8f75d4d18407109,,,
35063,0.0,1024,1.0,1.0,0.9970703125,0.0029239598607038123,-1.7024778748598752,26.84451532524493,1.228674973043282,cc786884201a77b9c51f5dd741afd6b1da4af9810599c3b31062687cba9a3288,,,
35063,0.15,256,1.0,1.0,0.98046875,0.019224877450980393,-1.7596179443987676,27.919658614865494,1.445513932667059,da4dfefd7438715f33f13fb4f1178b4fcaf315b515a3c60374a3efeec2a755e1,,,
35063,0.15,1024,1.0,1.0,0.982421875,0.017286015395894427,-1.6233467856787245,27.906377304003456,1.4502242896522728,742f56ec76a26630719e53f8d8cb3f5e6d340a30457063b279db3ecbe3d445b3,,,
35063,1.0,256,1.0,1.0,0.9921875,0.007781862745098039,-2.124774563994519,27.474243835924643,1.346361161990217,ea379791e0122828f21ea3a7080b1b55162ce02e3a327477f65b54435c74aa20,,,
35063,1.0,1024,1.0,1.0,0.9912109375,0.008720330828445748,-2.124774563994519,27.484646153860353,1.3535607985178475,25064c34fed7b0564f2e243c779bc5501fd4de870b974583001a58f1d3331d45,,,
35144,0.0,256,1.0,1.0,1.0,0.0,-2.6365598322238215,32.157036870373496,1.1562853534598765,65865af10289b8dbbe14fb81a2d387e6dc908049982ddb1d25220e1471027de6,,,
35144,0.0,1024,1.0,1.0,1.0,0.0,-2.487316271229048,32.30175461130337,1.1570781625664281,9040ee86ed83bd0bd3c35b16c81dc9e7a17e27b08021565d6c017ad037075cd0,,,
35144,0.15,256,1.0,1.0,1.0,0.0,-2.526156295099015,30.839426753804123,1.0705389597321984,657f0376a1c9a447c8470ada3142d651b0179ebb7bac39db60f4254e6f863af1,,,
35144,0.15,1024,1.0,1.0,1.0,0.0,-2.2997804106129767,30.98918634856366,1.072944414060559,d6ffde4ec1a58a078f057570e2e89fcaf2ec1b2f4dd042065178cac5399015d3,,,
35144,1.0,256,1.0,1.0,1.0,0.0,-2.4371891181369048,29.89552877137797,1.1087031817664539,332a032883dbeba79fbf37a8b5bd3d387ee90a7be05dc61025b82cf9155b7ae1,,,
35144,1.0,1024,1.0,1.0,1.0,0.0,-2.4371891181369048,30.021415603475628,1.1128415609428173,886c19754309d8e100e5a162b677d1e6d322a35104ed790063c321ee552cf480,,,
35225,0.0,256,1.0,1.0,0.07421875,0.06897977941176471,-2.1298787747617016,26.86016204664075,1.6252565629260782,3e999b91d139a8d459e2e7e77577f8b4b29904f07b9f53221d624dcb5a2f9cca,,,
35225,0.0,1024,1.0,1.0,0.0615234375,0.057794744318181816,-1.8786631234904192,26.779033381797404,1.628524090693752,528c3825b020646746cbad632169de01bc2e80e8d0415547b3051a5541cf7d4f,,,
35225,0.15,256,1.0,1.0,0.66796875,0.22265625,-1.608820692914343,23.55967389193549,1.2770087939679504,d0520f08047488d2f0c951f679608f3a14fec4509bf5e222009ee237e9068570,,,
35225,0.15,1024,1.0,1.0,0.6162109375,0.23672619593108504,-1.521896881083575,23.471736991124327,1.2779292071345976,e0f76aa4ab7cc7dd178c1ba7120e38b6ec43c4cf88404e5d80a73a1520b08d89,,,
35225,1.0,256,1.0,1.0,0.4375,0.24705882352941178,-1.55110321336098,23.733728035448863,1.3610347811911319,a29822e6d1f281894e71fc8e295e10d03e20b129802f1c5e92eb9b9b6ab25413,,,
35225,1.0,1024,1.0,1.0,0.4150390625,0.24301896230449657,-1.55110321336098,23.625019308481452,1.359629701822069,9a057e19accf33e89365adb19af11f8b9e14a18ded3585af491d8790483b68ec,,,
35307,0.0,256,1.0,1.0,0.984375,0.015441176470588236,-1.7612838773058304,22.76705661179706,1.1679199732074574,cb6b100cbe8c2694662005298c649a2a5c4c3245e99a2a67fd141f33b1a40906,,,
35307,0.0,1024,1.0,1.0,0.984375,0.015395894428152493,-1.6516609199600891,22.679755368262104,1.1699662860787718,b187bab6211541bfa73a7dfdb4fb659b5c102864ed0d839f131602db6ce60c4c,,,
35307,0.15,256,1.0,1.0,0.94921875,0.04839154411764706,-1.824156224340605,23.0244455348594,1.2826842902748323,f5e856071828bd1889f4f55a3887f34a3f373ef55986570b5efd71766905e7cd,,,
35307,0.15,1024,1.0,1.0,0.9326171875,0.06290379857038123,-1.7049495105221801,22.98510648700234,1.2899128348167705,da456890509b3824ebe87bb878f083ec97e8f6ce219c97e92bcba231712ae5be,,,
35307,1.0,256,1.0,1.0,0.953125,0.04485294117647059,-1.6234005170000234,23.58636369145474,1.199727359177827,5de6dc9599fe11f72024c073bcd88655753d62f657156139cc05862360a014b8,,,
35307,1.0,1024,1.0,1.0,0.92578125,0.0687774926686217,-1.6234005170000234,23.52087164743097,1.2053878132626294,5222fe5319b02ba43d3945e2aa491c4de501b24e364cf8bf004d53a922ac8662,,,
35388,0.0,256,1.0,1.0,1.0,0.0,-2.6764499646529742,30.836677238034326,0.9821096933571942,9b013f2b5376c5abb5a12844ddb0ad0c528f932a0a014e10b154757cfe847e2b,,,
35388,0.0,1024,1.0,1.0,1.0,0.0,-2.485173329140445,30.924840710725302,0.9891386119092529,867ade6aa2b1248433f6ddf913f8d23df95fbee65276e913d2594147ee641b96,,,
35388,0.15,256,1.0,1.0,1.0,0.0,-2.54267197321557,29.987646782665454,0.9611677460516247,3fe3b49848555cb8eb21b637c668a2015235587ac5adf7b66e293095f9e1e7a6,,,
35388,0.15,1024,1.0,1.0,1.0,0.0,-2.4523627657642386,30.092266748256762,0.9649874257477968,2d4606efe3b941c595e03b53fcda8885aac7efd73c7cccd17ed739ef161dd5e1,,,
35388,1.0,256,1.0,1.0,1.0,0.0,-2.4691912351974654,29.37235503637976,1.0520751495756453,d6d64fa841431958cbbca4a4d12615b0358ed3e5b9ae4cc0d73e8d26809825a6,,,
35388,1.0,1024,1.0,1.0,1.0,0.0,-2.4691912351974654,29.494141588153415,1.0590131184414249,cff4233a281c4c8801c563e92e991befde4fb43605c222091da63db45cbf1abd,,,
35469,0.0,256,1.0,1.0,1.0,0.0,-2.8567223389327445,32.58808068616543,1.0431609549611032,8198680b219227a6b655299af7970124d3f7bb01446620f9e378aaa3686cfb15,,,
35469,0.0,1024,1.0,1.0,1.0,0.0,-2.6600148689697045,32.97083161811071,1.0596151528154898,ada22fb7b08594607e9014f4d19ddafa2ea35e3a2cee90fda7f8f256ae7df235,,,
35469,0.15,256,1.0,1.0,1.0,0.0,-2.455663223435664,32.199210484625716,1.0252015447788645,5dceaff3da3c6001b36c5614116800c80ed16ea090ed687a0582b8d698ac941c,,,
35469,0.15,1024,1.0,1.0,1.0,0.0,-2.455663223435664,32.56819416126514,1.0410291534881728,a179ea87d050ba442300506c3ac6f52c99cd834750f6e69d4785cf86e28d9959,,,
35469,1.0,256,1.0,1.0,1.0,0.0,-2.424042554298496,31.324278022165174,1.106846174441472,ffc866d37ce4a290c6822e5f03ef8964ae58e2893121908f153ddb208fa3901c,,,
35469,1.0,1024,1.0,1.0,1.0,0.0,-2.424042554298496,31.658323253620424,1.1211028877407023,5c2d4ebad0374059d82edc0eee6ffe4a33870331404ad004a7f4c70b2c877a34,,,
35550,0.0,256,1.0,1.0,1.0,0.0,-2.064822714489046,24.425095759559706,0.97504940517548,51aa8ad53d0be60a2fb2232eb3b2631967d3209317b0d09ad563c75cadddf944,,,
35550,0.0,1024,1.0,1.0,1.0,0.0,-1.9725884632815696,24.559403969440158,0.9785641700087535,1675d4b56cc5632a0949fc3f9c24b0c0e2760c5da4db69c13feaf3e3a5290728,,,
35550,0.15,256,1.0,1.0,1.0,0.0,-1.7409631536960006,22.594205952460367,0.8466834748068325,9a0d8fd504b25237250845c32bef2e30b8dca02cd97f4443ac4cd682fb926e6d,,,
35550,0.15,1024,1.0,1.0,1.0,0.0,-1.7156866791997691,22.725072298053856,0.8514760000749044,6773df8602fd342c71e5bf1b8d00e6f7fefc32736e7f69f062e4e8e233c62eb5,,,
35550,1.0,256,1.0,1.0,1.0,0.0,-1.554321115403292,22.69794173637824,0.7980284942285777,56829135f97f8c84519d4aadf74f66c8c1a2683a9e7190eba20ea864a5737ca5,,,
35550,1.0,1024,1.0,1.0,1.0,0.0,-1.554321115403292,22.822263476324107,0.8016859468514687,7f566b95bc519574a642a99e471d59dd34abecfd6c798993d87db16d3a01a75f,,,
35632,0.0,256,1.0,1.0,0.5625,0.24705882352941178,-1.9430581666587834,29.20376433826395,1.5572747011353287,96a88e24f2cf7d59436f367b47eb60bf1e4cbcdcd0db14244ad4caac032d4e5a,,,
35632,0.0,1024,1.0,1.0,0.6103515625,0.2380550082478006,-1.8581141037574591,29.356582078113252,1.5560606960548373,c9c340c6944f561524f26586532e67da369e6f9b84971e5f5784e71ce02c423c,,,
35632,0.15,256,1.0,1.0,0.45703125,0.2491268382352941,-1.7610056346522516,28.899483168401602,1.6689896871679653,a1838174f66dc4f07acff0dcd9af4dc67032e9273fb2498bb576fab243d34207,,,
35632,0.15,1024,1.0,1.0,0.44921875,0.2476631231671554,-1.5715208379897199,29.083798561677018,1.6726381255523737,ab00f10d8116e5fa8e2a84990a984225df5b4e40ffdba353bc597ec0af8a3b56,,,
35632,1.0,256,1.0,1.0,0.4375,0.24705882352941178,-1.6532766700150514,27.392274923061876,1.6823789635035629,b96f8fd62b7b30b80ca3d8c839e6717cb74bc5809365517fd33607eacddfb480,,,
35632,1.0,1024,1.0,1.0,0.4306640625,0.2454322076612903,-1.6532766700150514,27.60058013639842,1.6852395713298502,9c61188880e760d4364eeefd0c1e5abac77e2e0fc6c065b99b8c89b76cd34d59,,,
35713,0.0,256,1.0,1.0,1.0,0.0,-2.7624164129956963,32.87533366458229,1.130094194200855,8246fd209b69c5bb7c0eaece29484913731e618a4abd349dcdc8a14028b547b9,,,
35713,0.0,1024,1.0,1.0,1.0,0.0,-2.6702079588641228,32.766220414289656,1.1221705194914227,a78d25c59c5e8fce8d89c53134f331a36b8d3b53bef07127cd4a3ee5f9fd682d,,,
35713,0.15,256,1.0,1.0,1.0,0.0,-2.415887567237701,31.354572626151754,1.061024396789178,8e14205c7dba9d75c9e64a0f6dbcd7f9812251acac524343fa0da566d9e32125,,,
35713,0.15,1024,1.0,1.0,1.0,0.0,-2.4049024865184983,31.249238107013284,1.0536994327817932,5a01e66a5b6c8a9f5f6ccababa99497b69146400fdfaa74db944d81942e09242,,,
35713,1.0,256,1.0,1.0,1.0,0.0,-2.5701863624814276,30.68005076244927,1.0907177619512771,7d0d43f2ae1550ac2d28815c2f378d016a5f662968859f16ce9a7a91862d7ad2,,,
35713,1.0,1024,1.0,1.0,1.0,0.0,-2.5701863624814276,30.570289721734884,1.081648971727916,b4fcbc1bacafd1fb39745e966b4994869464ccbd8e886a4abf937b0bef4e1f29,,,
35794,0.0,256,1.0,1.0,0.9453125,0.05189950980392157,-1.9937672153247554,27.99353174955088,1.2362352885470318,139e7473272140dbe5394ec834e5403eea008c672566015c6167426a6276a547,,,
35794,0.0,1024,1.0,1.0,0.9423828125,0.05435052388807429,-1.8842870467134594,27.770058837979963,1.2405460540084856,95c1b1b706052444f5af38656304a3978e4c56046cfe38daecbe133454c4477a,,,
35794,0.15,256,1.0,1.0,0.9375,0.058823529411764705,-1.9501615622423998,28.027363723206026,1.2854672738528112,1e512e43806cb7a1546e6dea3d4c02e9713122e38b5d32624f7550385e5cb9fd,,,
35794,0.15,1024,1.0,1.0,0.9345703125,0.06120841733870968,-1.8360818908020926,27.775777042367878,1.2895572705812168,2fe58fb73aabb739484a4ea8b6d946c02d288faaa7a7b673159f6ecca699c42d,,,
35794,1.0,256,1.0,1.0,0.9375,0.058823529411764705,-1.688087880951469,27.70919918080813,1.2700988779898001,358b0f618a0ba9e2482eb5c68baa8ff83e87687e0749880a056e80514413528d,,,
35794,1.0,1024,1.0,1.0,0.9365234375,0.0595053992546432,-1.6880878809514686,27.499306691401937,1.2755756277474282,c191a9494ba511740e69652cc57b77acd9aa97e7666473c2ab48a42058825abc,,,
35875,0.0,256,1.0,1.0,1.0,0.0,-1.9759475697814386,23.377576925282586,1.1503258661348488,0cc3e5e43b49adf070354e83bf2c6f685eb3d69aeb8ed23437cd37555289233a,,,
35875,0.0,1024,1.0,1.0,1.0,0.0,-1.6396416439732358,23.46437299138343,1.151228342854419,888a063da5f7a2513c13c972ae5436e6d1a21dc93ab928fbc70cdfffecd85465,,,
35875,0.15,256,1.0,1.0,1.0,0.0,-1.7019857223752903,22.881365141543075,1.1570353063270598,6154aab295ec5cceda21f39788bf933bceeb4d491d47527377b1e84289220869,,,
35875,0.15,1024,1.0,1.0,1.0,0.0,-1.7019857223752903,22.952699229979093,1.1583720639873152,f8fada1a65ed2da479c88e8ac832f11d1d414d32f5d4c2e6e8b855913cea5d98,,,
35875,1.0,256,1.0,1.0,1.0,0.0,-1.7052595608763452,23.46978777096649,1.0977922509196105,4cd9f375fdeefd7ab7c93577f2714cc425327e5bcfc1614f4c998b47c445ea08,,,
35875,1.0,1024,1.0,1.0,1.0,0.0,-1.7052595608763452,23.548113034316007,1.098404429608096,b1ad93dcbfe132cceb10953606189eb131dfc11225a22efe09e40ca0d0c5a606,,,
35956,0.0,256,1.0,1.0,1.0,0.0,-2.586531122090004,30.556278657511395,1.0188541682857775,80ba48c10347c67b3e91520e452eabac018a887cba471feb3e2a2ded7d8b013f,,,
35956,0.0,1024,1.0,1.0,1.0,0.0,-2.5651848272604854,30.697524952093378,1.0253530955076655,564768229c3bc6268012a21580c9fffcd8614aaf85777dde1846757310e07c80,,,
35956,0.15,256,1.0,1.0,1.0,0.0,-2.477071903920745,28.882562393666685,0.9509607011400549,2d2517ba32d3956bcee54f6ab951ae40cbac3822c50cfdc2194609c09494fa0c,,,
35956,0.15,1024,1.0,1.0,1.0,0.0,-2.42751734853535,28.99526924578964,0.9543875559721351,b639950335b50799c042f0625b0abaa94cb02bd0954a29c016e50ea73f12c26d,,,
35956,1.0,256,1.0,1.0,1.0,0.0,-2.7027916527955824,28.261648650711965,1.0439144989722986,1ffbc63c37f5e95aeb96d5a69e3d889afc7311194a887af255326d0250dc8c7a,,,
35956,1.0,1024,1.0,1.0,1.0,0.0,-2.7027916527955824,28.375896937510436,1.0475808002875877,3bae64c122e7470837b4c762cc2a11b8ba2b908004fb6f57fab539d1cab3f663,,,
36038,0.0,256,1.0,1.0,1.0,0.0,-2.4631714118835717,32.89103673002058,1.134798242622833,4d2ea13785e05d5c3f623e39682da99be826a6c08f9088466f06756151e11714,,,
36038,0.0,1024,1.0,1.0,1.0,0.0,-2.4631714118835717,32.83281349634634,1.1328538062760625,8a69e0fa5f4df4e33bce7710b6c7c6d6c25d449c95dc8214cff50a86b2d360f6,,,
36038,0.15,256,1.0,1.0,1.0,0.0,-2.547047732293084,31.761932776783073,1.0852029487930674,8e42e3890da722b8e9e4d4122cc6ed000162072e5adc2ca9eae72b91404c4e0d,,,
36038,0.15,1024,1.0,1.0,1.0,0.0,-2.4109557781118767,31.716600389741505,1.0879625101900154,f97d7b15f906e6a5e6ceb90ca8f04be3c575e9f481abc8c95181d7f0b8961917,,,
36038,1.0,256,1.0,1.0,1.0,0.0,-2.5443856563795233,30.825699062865414,1.1355710628808011,60fbabb4a1644b6abd1c376ce89cf03b2df9fb8f82b5176e3299119eefa7f5f8,,,
36038,1.0,1024,1.0,1.0,1.0,0.0,-2.5443856563795233,30.795162755677207,1.1380587227064143,771bd9b92e1f96956e20d94efbc09d5c3250692d400385498b9d6ca3b5f0f51e,,,
36119,0.0,256,1.0,1.0,1.0,0.0,-2.099276565733771,26.190299691439947,1.0097053254520265,edd55e6f84082cb2aa505a3b5724305bb062a9dc321d20cdc14549b9b3024d0e,,,
36119,0.0,1024,1.0,1.0,0.9990234375,0.0009765625,-2.099276565733771,26.345301813947856,1.0178208391727557,2753e3cf59abc8e31b78b8843877660421e8a1506688753ca3ef2bd3964a2a97,,,
36119,0.15,256,1.0,1.0,1.0,0.0,-2.149614800449461,25.628455396083837,0.9752471340407315,0d81daea3d273f3a0c5f31ff603c9ea0bdfb7bfc2817afa256dee48ec9b43603,,,
36119,0.15,1024,1.0,1.0,0.9990234375,0.0009765625,-1.9692067233821833,25.788610584399766,0.9837641397253687,1b6163f2d42f7365230253a9b915a881fcdbf585e61b83d360433368033ca2f3,,,
36119,1.0,256,1.0,1.0,1.0,0.0,-2.26259503599013,26.377786481605856,0.9845579034762454,0b42d34cb4867b47f0824bae56d76e1b3f19c2afea59b74b49157c264f792b56,,,
36119,1.0,1024,1.0,1.0,0.9990234375,0.0009765625,-2.26259503599013,26.531497759440594,0.9931980966287499,4e548749f66d0c96eeb9099b7b8942e38f8c7e58ae254158c90d7b6b30f16cba,,,
36200,0.0,256,1.0,1.0,1.0,0.0,-2.432727043568209,29.27176820243106,1.176495766793218,f595c321fa7308ec504a25a9e160e421661efb9f127acd205182f7da87a80d9e,,,
36200,0.0,1024,1.0,1.0,1.0,0.0,-2.3741232890137063,29.209135945444363,1.1781221160771853,df46e870640209ab13efca6ccf709d907a79759c1c1cad135bff2653264ef5bb,,,
36200,0.15,256,1.0,1.0,1.0,0.0,-2.143287445218575,28.787272792125766,1.1718631511170043,b96daca6020283bc8769e339eb06ade5eae500796cfee30defd1513154506c95,,,
36200,0.15,1024,1.0,1.0,1.0,0.0,-2.143287445218575,28.73083898673973,1.173073086978899,094a957c5dede62dbda6105d47e261f2fad4d8dd70c43e3e5e545ff2f886b564,,,
36200,1.0,256,1.0,1.0,1.0,0.0,-2.382652524999867,28.193469801940058,1.1238073414769714,b18999a2400f9a5d50a9b9be45be655bd07a6e7f04dfc476dafb59a10d5bcd61,,,
36200,1.0,1024,1.0,1.0,1.0,0.0,-2.382652524999866,28.141476499805332,1.1228139923943383,442d51b63d51ce465d19ac0586f9c6aabb1a573def31fbd787d595ce580a52b2,,,
36281,0.0,256,1.0,1.0,1.0,0.0,-3.0092422357068425,35.39123236842543,1.2282942716862664,7a91d1d88f02e0924daa0418b4bf3ec9b52eee913b9a47b2dc638697c1b84a31,,,
36281,0.0,1024,1.0,1.0,1.0,0.0,-2.816572874858263,35.378655424668665,1.2305363721874567,f798029f6b030cdbffb5d4cd193556d631f9fa64534a8ece4bcc0e79bd6d43eb,,,
36281,0.15,256,1.0,1.0,1.0,0.0,-2.436659660603315,33.81156218745694,1.1391413698856738,63c90f63b2ee519597ffbd1e8f2347c812d77dad8f0fd1d37dfb76950f265e67,,,
36281,0.15,1024,1.0,1.0,1.0,0.0,-2.436659660603315,33.7923476024875,1.1402735335177139,590c2b94a9582d238507666a331cc09ad99e4a985d32946053b7ef96f7a951c5,,,
36281,1.0,256,1.0,1.0,1.0,0.0,-2.3626930208657253,32.50052191003822,1.145031567655677,1c5ce3933eada7714fbe3f63c27f790a04d41f1a2b364dbd2a770652ffb55b99,,,
36281,1.0,1024,1.0,1.0,1.0,0.0,-2.3626930208657253,32.49439415519009,1.145660658982579,c324a532823c477a66fa7a8012d5e3877920e28a9483d14648ca6d7f506a7d8d,,,
36362,0.0,256,1.0,1.0,1.0,0.0,-2.6330701504662555,34.32848617289796,1.2166924902434961,4a8843fbc0bed23f8fa796600313dc1b54d427aaf918e4732084b4d20f637e10,,,
36362,0.0,1024,1.0,1.0,1.0,0.0,-2.491680602615533,34.33224792094887,1.2201287820149331,630b8923471dae8fc3c5f0545500b1db59bc91a2d8a8335b92c71f23c8ea2e39,,,
36362,0.15,256,1.0,1.0,1.0,0.0,-2.5334039052843327,32.943878248548195,1.0788919259064376,3570f6bee9013d4e44d1df8b3d29b495e4e25cc4dfe396b3d1b5c8cba7b65694,,,
36362,0.15,1024,1.0,1.0,1.0,0.0,-2.307115079535806,32.881841903727754,1.0750968953371147,d6061c3da4db13acfbffe4b9acba3243894909229594f1bd03b10550337a6af9,,,
36362,1.0,256,1.0,1.0,1.0,0.0,-2.437724067417877,32.30859600138175,1.1339274175442005,ccbff6c08035341a6531de37f4cfc2a66952fc48bf6c6a526fb08efc7af6a596,,,
36362,1.0,1024,1.0,1.0,1.0,0.0,-2.437724067417877,32.300090265714026,1.1314464449598582,decf2644013be9989eee4c429ab265f7e5364d127c0e7522078ca7ff5a84dc09,,,
36444,0.0,256,1.0,1.0,1.0,0.0,-2.6122841617946078,28.683508711331314,1.1637151671243389,8ce4e039902f415fa2ad1809cbc4debf4844cf39493c980f406685f3db053cfd,,,
36444,0.0,1024,1.0,1.0,0.9951171875,0.004863720369012708,-2.4344433150574254,28.826471227394592,1.1741719407915379,0be30c02a76a7862a7e054f2ba84f863ab54900d9c15cd0fc804109d2e6098b8,,,
36444,0.15,256,1.0,1.0,1.0,0.0,-2.282013680530551,26.973957070558086,1.1108888001071913,ef45555a9cc2371f302745c8add0a1cd88b9645e58287a2adabeaccf26904b5d,,,
36444,0.15,1024,1.0,1.0,0.9931640625,0.006795844024926686,-2.282013680530551,27.07730772591805,1.117220522684845,adab3213fd61828bcdb9457b1bbcac64329c18e2d159fa0c3bcc1ab24ea65e5e,,,
36444,1.0,256,1.0,1.0,1.0,0.0,-2.2314615112112333,26.154534008355082,1.1119749916597323,3c5c22dbe232cc2a086a0ad76a8dd49d8093935c79c7807fe3a89d935c720e88,,,
36444,1.0,1024,1.0,1.0,0.9951171875,0.004863720369012708,-2.2314615112112333,26.27674263500299,1.119871767778742,f349d2868148bce7f3234b2c9354c7f27cd73644220a7e1f3794a8144ad20030,,,
36525,0.0,256,1.0,1.0,1.0,0.0,-2.727191713163956,32.99919318266911,1.3976327964184956,5eac4aa251bb1f57737ec92b7e1b0d22b67a6c47bc5d9a6a8d905481c3fab135,,,
36525,0.0,1024,1.0,1.0,1.0,0.0,-2.444205554604739,33.04878132162175,1.3959020136867708,7566f8cfdbdab83a8a5f0d65fc998e220d8eaa97e50dc8a812306a593e79d8ef,,,
36525,0.15,256,1.0,1.0,1.0,0.0,-2.55213969860354,30.27699987675473,1.1332023137824723,db1ea551fd5f544488cbb1f0b5875e2329dbd6026bc78bf5d399a2010d3f3bca,,,
36525,0.15,1024,1.0,1.0,1.0,0.0,-2.4988567867041676,30.29213531090876,1.1322797395576996,8bd2e22a35997767aa6c1f1c9927917a721cea7433f2180b47b61705c26af05b,,,
36525,1.0,256,1.0,1.0,1.0,0.0,-2.46714851254249,29.113429042591818,1.1319114786488529,2c4b06856289756a695791f65134d15ad56fc3b1d8aa41742f7aadc7900d81b7,,,
36525,1.0,1024,1.0,1.0,1.0,0.0,-2.4671485125424897,29.136935929370093,1.1334330013397687,b0d5823bc48e82ad5cd816e0d359c40b64be5f2e5f4ed396fef0d95f88e1f8e2,,,
36606,0.0,256,1.0,1.0,1.0,0.0,-2.5697454679998817,31.376511076052978,1.0799146242657842,8a91c75bb2f7050883e1cb9c81a6d7063a6ee78b3142ffdd52d57aa375e23003,,,
36606,0.0,1024,1.0,1.0,1.0,0.0,-2.4128045505437443,31.217426283613232,1.0748170768842495,0f9269d0069e4d4daed685b32db37c4942d8c79b73d299fb74dc7ae850fdae07,,,
36606,0.15,256,1.0,1.0,1.0,0.0,-2.63034192301041,30.912852540409506,1.0539111710287503,cf2be98ab37552d0b6a333cc884f66d9c2d7264e6301f7b5cef9e64826b2b3d6,,,
36606,0.15,1024,1.0,1.0,1.0,0.0,-2.5566977479150568,30.70846461112946,1.0472107128910273,174d67e6341c0bb3f2e01c45ba14779371e8a8edcfde27c0b41ab59c0d834983,,,
36606,1.0,256,1.0,1.0,1.0,0.0,-2.3527908962006903,30.208816841733864,1.1116305627685714,827d2863f6f066238333fea0ce640c76dc6621785b7244c251858fe034821563,,,
36606,1.0,1024,1.0,1.0,1.0,0.0,-2.3527908962006903,29.993298273073446,1.1029289715029131,065d3a436b7cc7a2152be43274c3518fe8c71d162a53a55015b7007882545eba,,,
36687,0.0,256,1.0,1.0,1.0,0.0,-1.924782417528232,23.163112703810942,0.9461785172422975,b9be4826f0fd7c5d7778d4d177e00588a1e5d0fa8b50e20d9d38feafd3d5476a,,,
36687,0.0,1024,1.0,1.0,1.0,0.0,-1.857573228326808,23.105895032330157,0.9438732463262836,dd9d34a5240cd1e4a4f44272e3118cc09a77fccafc5a1f0ca19656d6baa1b68a,,,
36687,0.15,256,1.0,1.0,1.0,0.0,-1.6137350021594328,22.21168110580696,0.9205185171546664,51692b380d7cf4fe351ca2b2c2b9859d0ee978971946e5df16e50982be7e4d5b,,,
36687,0.15,1024,1.0,1.0,1.0,0.0,-1.5025106410702178,22.156438088302366,0.9213825748993855,6c7749e312113d738fa1283d081d253d45c54a2442a303a89c127754392552d8,,,
36687,1.0,256,1.0,1.0,1.0,0.0,-1.6584899948049348,22.084860882558775,0.8571662763975945,e3d6af351652034de7ae10daf1eaba3175387cde384eee6f23762b8808aa7943,,,
36687,1.0,1024,1.0,1.0,1.0,0.0,-1.6073336363676578,22.039084472256672,0.8584260877608911,a25a11620bd35ffb1aec0b671134f2e25aeba7e00fa07545a35d932b4eec5f68,,,
36769,0.0,256,1.0,1.0,0.51953125,0.25059742647058825,-1.7903411447905793,27.357217788304443,1.5840660242916762,7bfc0a59a70a2992c672abfe4958ab1aad4cfa4f1c132d9c00ec622e282da954,,,
36769,0.0,1024,1.0,1.0,0.5615234375,0.2464555458822092,-1.7424716127385578,27.529636835847345,1.5761904833157505,2f17ab9b61bc376da023ecfb547b160f915cce2e4a40586fd0eaefb34c217c69,,,
36769,0.15,256,1.0,1.0,0.52734375,0.2502297794117647,-1.801106139824018,26.803105377211025,1.5975699852242795,52827314d06af160610af546a4baeda7624d5ab90f9197980d45b2c195b40c05,,,
36769,0.15,1024,1.0,1.0,0.546875,0.24804496578690127,-1.7132981895020105,26.997723106869262,1.5938191248269753,23b9a6ee2eed7c7bac306204214ad1ed24995b0268c66f337b0639411c75c70b,,,
36769,1.0,256,1.0,1.0,0.5546875,0.2479779411764706,-2.337230161930658,28.09233447175852,1.5477541414146476,a0302b2ec5b8bf02013e25a382b4df0f59c8f19d6df421148a3b950064208672,,,
36769,1.0,1024,1.0,1.0,0.5966796875,0.24088828048631475,-2.3372301619306572,28.26767362500152,1.5460717327990303,cc172e24b1afbe067d9691453ec4cfc5c38493131d02781cdb94a0eef5b16528,,,
36850,0.0,256,1.0,1.0,1.0,0.0,-2.443335439158611,30.787558410643328,1.0699237647008575,2e65e673a1c938b13af071127bccd589832973092ed781365935ddcdb8175e10,,,
36850,0.0,1024,1.0,1.0,1.0,0.0,-2.443335439158611,30.95211250295482,1.0729007194674591,6f1b0f532fe44949c00cbceac6cfbd3f65e333f577a9ea5b891671ee57d2a15f,,,
36850,0.15,256,1.0,1.0,1.0,0.0,-2.5170219397008466,29.55754642959307,1.0082587417565247,0b1786c401ce889d31671286e7d010351ebe7d315b0db4f1c078e6bbcc79c82b,,,
36850,0.15,1024,1.0,1.0,1.0,0.0,-2.3801080339721423,29.692678187799675,1.0112629882627462,1185d12dec80189b9c4327c7f32ffd8f93bef7144390c0c1039cebe036f088e5,,,
36850,1.0,256,1.0,1.0,1.0,0.0,-2.642756599780352,29.35149643040624,1.072632788013787,af8860556016af6e57fe3e36f30b3826ff54be744e55760507aafd35d3952d43,,,
36850,1.0,1024,1.0,1.0,1.0,0.0,-2.642756599780352,29.457596475522205,1.0716178452547827,2b4a645f2fbd9c66cccb38d5508abb927a91befe80a94f8b4120caccbc9f7a6b,,,
36931,0.0,256,1.0,1.0,0.97265625,0.026700367647058822,-2.2640515355193758,31.24812750969979,1.4495368191187223,ea2a78b9d1db5002c7b3833fd69a645e28618b024548249892d352acd54f393f,,,
36931,0.0,1024,1.0,1.0,0.9697265625,0.029385653409090908,-2.2640515355193758,31.2770377168072,1.448047224370429,ce27700ab37472f33067ff42b6d57c2f2bfb8247e97dea861d22fdef93e7982d,,,
36931,0.15,256,1.0,1.0,0.98046875,0.019224877450980393,-2.2149390315425928,29.972418057523,1.3218850991447781,9eed92e3d422b4185c387022a4058c35227cef2391378b1933e5d678786b9726,,,
36931,0.15,1024,1.0,1.0,0.98046875,0.019168499511241447,-2.2149390315425928,30.058454992289157,1.3221181362182184,f1507a16f5ba74e5f5d9630dd93db59841a88427bf1383945a647a87aa43cec4,,,
36931,1.0,256,1.0,1.0,0.98046875,0.019224877450980393,-2.228727575968685,29.43460540885921,1.301367208194232,e39905f6fa48adf145b473632c0e5f001950615f86a659701000fe9c9a491496,,,
36931,1.0,1024,1.0,1.0,0.9794921875,0.020106877749266863,-2.228727575968685,29.491336641933994,1.299654259751003,99a1849d7922277ea002879ab7294757fefd27cf59b2e98f91f137e129c12e04,,,
37012,0.0,256,1.0,1.0,1.0,0.0,-2.24390626550549,24.387296138800053,0.9233305325511333,e6ca66b338f477da4f39add3be77609082f0c397cea6425277868d5277fd4ad6,,,
37012,0.0,1024,1.0,1.0,1.0,0.0,-1.8524114177378204,24.45872761971547,0.9266324716952489,46c703c1924b2824fe7085356b9f0eabfb35d32681a50e5ea1bd15980b4421e1,,,
37012,0.15,256,1.0,1.0,1.0,0.0,-2.1206947867305637,24.25557878192596,1.0041493346189538,41a0ca248cd4783fb951215ce6e5a4f9abb4a1c6e02dcbd10d291904d10321fd,,,
37012,0.15,1024,1.0,1.0,1.0,0.0,-1.944516804041574,24.309469213269036,1.0057044382549372,44bf63ad71511a9d60b17d2a4b0e451f46cae1e5328ebd66aec74ba4644046f0,,,
37012,1.0,256,1.0,1.0,1.0,0.0,-2.0269062185081568,23.95038231865891,0.9025416848917496,72575c5f0b75e9fdf6a5579ec6ccea32ebdff70a6c6e412581a407b1720b07d1,,,
37012,1.0,1024,1.0,1.0,1.0,0.0,-2.0269062185081568,24.002829911321992,0.9042651354232762,1e483ae5b473cf6b642b975ac61d88b24bc6a2666d59c39a35acc2541a18bd36,,,
37093,0.0,256,1.0,1.0,1.0,0.0,-2.6325345579221358,30.970680814876744,1.0614076006166102,567cc59a282f52c15a5c7a9deb538018fb19eed45c27ac201524a4d6892948e5,,,
37093,0.0,1024,1.0,1.0,1.0,0.0,-2.627171614037102,31.061475294800925,1.069422147953111,ff8720d248b78ed765dd5e53beb74cb907fbd843215e587b62af7c2a30e1b6dc,,,
37093,0.15,256,1.0,1.0,1.0,0.0,-2.536741640107543,30.857835364891432,1.1260980419264066,0d29d1edc2d528a19fcf8ad2732a160cb0f11b6d07687a3445d450832492fb2e,,,
37093,0.15,1024,1.0,1.0,1.0,0.0,-2.536741640107543,30.90383624566058,1.1336231435101387,36fb06c578b94a980f3ebea1457c2039bbe5369154f1aa1824fb9b91773ae2c4,,,
37093,1.0,256,1.0,1.0,1.0,0.0,-2.5491255190848214,30.02288847667212,1.2081526067824613,24e34ca3f69d12272cea27fd75c49411684a29ae88dff62dbd12bc11bda629c7,,,
37093,1.0,1024,1.0,1.0,1.0,0.0,-2.5491255190848214,30.10463653946617,1.2147251722453052,04a5e83c37f602794428475b1391854c0a5d487fbf27865efc3df01f006f4000,,,
37175,0.0,256,1.0,1.0,1.0,0.0,-2.605369832444209,31.734390244711605,1.1347116969708493,79c40fdb1a34f46f59ef7085f88f398ae5c84cfb1abc80b28cc77f8189784f5f,,,
37175,0.0,1024,1.0,1.0,1.0,0.0,-2.36667043584926,31.736533340786863,1.1260895707176128,fc20cc0c5422baef4ff7c39ac999d89e92e3be23bd6ea3c758b77dc516536737,,,
37175,0.15,256,1.0,1.0,1.0,0.0,-2.492947637913689,30.936896222097346,1.0972715172474063,b0328488a46c5048f2f28d0e0a8b4f0b3bed1b46f7c44ce394897796ff43e53f,,,
37175,0.15,1024,1.0,1.0,1.0,0.0,-2.45573399864538,30.950939717892307,1.0914848779446709,949bf88365528c7442f32a7dfa5f0099693df5f3928fd8de9bb909e7346ab08f,,,
37175,1.0,256,1.0,1.0,1.0,0.0,-2.719888296904256,30.329297444355053,1.142272106279135,1f3824de14b4f185544e680b93048cd329bb507a547021cf95a5847bfb3c8247,,,
37175,1.0,1024,1.0,1.0,1.0,0.0,-2.719888296904256,30.370413747924605,1.1391307464776468,64a0204e81ae680fd7a8f78d4d83674af71f4d2ba7cdd51a2e441bd893410433,,,
37256,0.0,256,1.0,1.0,0.84375,0.1323529411764706,-1.690505634156417,23.8757779529867,1.2386430119614378,c74c45dfad8cd37a9d4533cd954d2c24b7f1de076fe447374e447737041564a3,,,
37256,0.0,1024,1.0,1.0,0.810546875,0.15371074657869013,-1.5250252339661703,24.019105797868033,1.2555790276660683,6122cfe52a5d3a48f5300e45d6398d3d44260388f7722f8cddd37242bf6ceada,,,
37256,0.15,256,1.0,1.0,0.97265625,0.026700367647058822,-1.6302493863133893,23.161449099757746,1.1002026303771173,3f695daa47a74083208432cb9c38a303d36271dc03bc7c451eb14f0b22877aae,,,
37256,0.15,1024,1.0,1.0,0.9443359375,0.052616958394428155,-1.4808190518430573,23.29201708654837,1.1171797434948412,0411a506adec062d0fb9201c7cea741df6b2ea515c9e7927270909d20cfb19f8,,,
37256,1.0,256,1.0,1.0,0.8984375,0.09160539215686274,-1.487955113419249,22.654396533048814,1.0722684196711485,94beaa49bdac358bc8d1a2ff0cfc2be7c147377482e5d0339285456f5af6f011,,,
37256,1.0,1024,1.0,1.0,0.869140625,0.11384637707722385,-1.487955113419249,22.7808238704793,1.0888132635409338,a6d6e3351a502136d8dbf06ca06718c30b785758a3e162a91358db890f947303,,,
37337,0.0,256,1.0,1.0,0.9140625,0.07886029411764706,-1.7534093083545912,25.030923252340646,1.23911746919124,f6d2fe6d615ecb40bbede45cb62f8eac81c11d87e2a3fa2ca1d705788e3c5b92,,,
37337,0.0,1024,1.0,1.0,0.935546875,0.060357862903225805,-1.7410742181078405,24.92239007925063,1.2307345527586169,d57518f950c0b6563d337bd4def6e20e2d07223a4bad483d41268704541cd8d0,,,
37337,0.15,256,1.0,1.0,0.546875,0.24877450980392157,-1.6989739682573326,26.44150298949327,1.511710750392991,484577dad025c2ddb26c4cdf66fcfa4ff6c63eed0627222fb3acfe2001849e18,,,
37337,0.15,1024,1.0,1.0,0.5810546875,0.24366809475806453,-1.5454583106151984,26.325193915867285,1.5025335464093637,cdda1914d19131f9a95435246fdfbdf850450471b7252294fc55cf422f432fc5,,,
37337,1.0,256,1.0,1.0,0.515625,0.25073529411764706,-2.196164955790233,27.233936315344053,1.5192742577551965,837bd65b7a9297f1c1d0b1e2c9b8bdfe194f0f698865830a7fb3c1613ec17962,,,
37337,1.0,1024,1.0,1.0,0.5283203125,0.2494415551686217,-2.196164955790233,27.101252572291298,1.5104274401773452,4cae4fc6c05f14cc50dd2d6eb12a7a1cbc3b4135059822673631804185c59665,,,
37418,0.0,256,1.0,1.0,1.0,0.0,-3.294913474899247,35.43322711409588,1.4170681203497257,665cc991416489b345f010f8f73780fcd82f641cb220171d8e61aa2b77add856,,,
37418,0.0,1024,1.0,1.0,1.0,0.0,-3.0693421159843854,35.24146026490029,1.4076473986453912,06648acdee1f60ed72f5a436a5450a6f213e231fe75994b393c685f926f884eb,,,
37418,0.15,256,1.0,1.0,1.0,0.0,-2.671671201759695,30.19568211022334,1.0357813923095605,36ae0f53b722a84d3dc1ba3b9e8af0f10836f1b031851707ce6523348edece13,,,
37418,0.15,1024,1.0,1.0,1.0,0.0,-2.50855856835777,30.021127823938855,1.0237460989515248,974e2d6d6e096ffdd98f44ce841372b6d940045b2f83a802a4e0828ada1f947c,,,
37418,1.0,256,1.0,1.0,1.0,0.0,-2.525010817449049,29.11100192488385,1.0794667512065357,ae414a9db84fde88db1c631097a37167dc8b44e5bbe32cef0e56926467625bb8,,,
37418,1.0,1024,1.0,1.0,1.0,0.0,-2.525010817449049,28.94746000503382,1.0691967389224115,392020812e759fda96e4020cf8a1cbd1ef5670873e90e6937403729d6ac88460,,,
37499,0.0,256,1.0,1.0,1.0,0.0,-2.7343806253615304,32.505044804194,1.089152153654016,3a45e668c5ab9aaa4df280b172992535ff98942b4e114f9b95deb57331ad7277,,,
37499,0.0,1024,1.0,1.0,1.0,0.0,-2.435607630526273,32.51578871887187,1.0978240792636509,ca7baa020725a43d4f653599c2179546ad5751fe206f29d53875d02befb4d8db,,,
37499,0.15,256,1.0,1.0,1.0,0.0,-2.41939122645474,32.33653945376086,1.0956580478490976,379a8923077c24a5d5a6873f16b2395c8c43c7deb566a65b23c62881a1b45951,,,
37499,0.15,1024,1.0,1.0,1.0,0.0,-2.383966048762037,32.3123676360649,1.102630171753413,9a19d4d86897dc85794a4f5c08b963450b5d7108983f139773f84066f48167a8,,,
37499,1.0,256,1.0,1.0,1.0,0.0,-2.924862821111721,33.07737188656303,1.2314114539802785,36efbadb6f81faf1200ea446c36332948adad124cd37f663643ea85d15e6a51f,,,
37499,1.0,1024,1.0,1.0,1.0,0.0,-2.8885195239024477,33.05696410895643,1.2342036429615064,f8b6239cca9e4ab2bc9055b736a5e3064cd681b117dbb647aa583d42545454c2,,,
37581,0.0,256,1.0,1.0,1.0,0.0,-2.1941480220064573,25.77401597030243,1.09862100835159,77aa58cadb12e1634f5ba75ae507e662dcfc73b8c5cac26c8bbe6bf0a62e6269,,,
37581,0.0,1024,1.0,1.0,1.0,0.0,-1.8780196150011648,25.862866709214853,1.1025498895514971,e918160ca97ef411a75e7562482caa1a10aee84f546482e5bd50601913964e5e,,,
37581,0.15,256,1.0,1.0,1.0,0.0,-1.864011637689584,23.364533504135988,0.9106862460124087,56588ab71cadbb0de1d695fd6cbbe0421abd7c9b898a6115f35ee2202db39b4f,,,
37581,0.15,1024,1.0,1.0,1.0,0.0,-1.805482242721526,23.45774666118447,0.9176292763961738,a139793ebe8155ff5cb2cdd3e0d099bc9b1c68d88a970e6acd81936998b18960,,,
37581,1.0,256,1.0,1.0,1.0,0.0,-1.870539123235171,24.27498828653862,0.8628684303238064,da6dd5885288f14bec5c0c55315db50d8eb2b39486576210b59ea52816949449,,,
37581,1.0,1024,1.0,1.0,1.0,0.0,-1.870539123235171,24.4333276040439,0.8726153039395114,95071c610cb7226008e360e2a5edaa82c09fdc0478af222737fe7d0b92982ec2,,,
37662,0.0,256,1.0,1.0,1.0,0.0,-2.4313181603066054,29.697233190244372,1.2481873805464607,9c9d6803904cbcccf05532650ae32e6517126bd7a873f6d019a67775cead7dbc,,,
37662,0.0,1024,1.0,1.0,1.0,0.0,-2.4313181603066054,29.85994580571827,1.2572909080036587,80490c47f38384c4eb9b41362bc13c6354a7905edf5c194df7b7b4464cb3e78b,,,
37662,0.15,256,1.0,1.0,1.0,0.0,-2.295834986437236,30.83059828436882,1.5330530194828813,758bb48cb5fc8573ea631d736217ab9401bf130de689e186bc934d6b7d76b08c,,,
37662,0.15,1024,1.0,1.0,1.0,0.0,-2.2115784388893385,30.97621243401788,1.538303171545956,986ea5ce21636d91621f141cae5d1b55b64cb5bc60104f9e8b6d7b299ffc3dde,,,
37662,1.0,256,1.0,1.0,1.0,0.0,-2.632204709536981,29.24376963685548,1.4777677548015804,11efb60b6735e5fe84bce8dd60de16ae3fad18bcc70a68feea084404e394c01c,,,
37662,1.0,1024,1.0,1.0,1.0,0.0,-2.632204709536981,29.371824058464316,1.4816625486919006,8c7ef7f07a2093b36e3c2f0c30a6987470e89d71ae52a712a340824996a11366,,,
37743,0.0,256,1.0,1.0,1.0,0.0,-2.3931233922141066,30.391459910667603,1.0318247491755763,031777e85890ae1b9919bf9b0c1126f9c50d8353e2b875f60afe3237051903b8,,,
37743,0.0,1024,1.0,1.0,1.0,0.0,-2.267992523896498,30.578573731248508,1.0397016691513172,d03825e4fc96250497efd4784829658c4bba7fd8e91b0392778fcb46effdc747,,,
37743,0.15,256,1.0,1.0,1.0,0.0,-2.3865518183124887,30.300984093542652,1.045699006786967,39e98d366cb5bc6e9044c5465d0bc5f22fd49fd0bd41ed5d31b969218db02c8f,,,
37743,0.15,1024,1.0,1.0,1.0,0.0,-2.3865518183124887,30.510072927994987,1.0493251692992098,36ccc6ec4b83091592eb6d9ee0746a23f27478602f79f7ba4aead7b215128cf8,,,
37743,1.0,256,1.0,1.0,1.0,0.0,-2.4207344477250388,29.876915640831232,1.0827310927913174,a630df6786e5e6133dbf782ce14ab38fc3a5d2707ca6cc47c4777f3608076390,,,
37743,1.0,1024,1.0,1.0,1.0,0.0,-2.420734447725037,30.06404552773005,1.0866959663397322,1e569361f004dcbf1a55bae8d04ab3f180e767149defea29af38284d37ae93ad,,,
37824,0.0,256,1.0,1.0,1.0,0.0,-1.7456466348955049,22.20673647676588,0.8841328162767731,73288c704c82f4ad1185b715540f6216bd6f56cb95a20a94e38eca49ed01b04d,,,
37824,0.0,1024,1.0,1.0,1.0,0.0,-1.588099377081122,22.097784350064003,0.8842764155782583,f7e7e0bc59c35018e9345bc1d561cbb6e3089af31280c00a77b4c0c0127ec1cd,,,
37824,0.15,256,1.0,1.0,1.0,0.0,-1.5862938726483065,23.315761197227655,1.0340385914240897,6ea771ead785a16a08647d107fb05f7635f87a94705dbd8539f6dced2803824d,,,
37824,0.15,1024,1.0,1.0,1.0,0.0,-1.5862938726483065,23.216579695445592,1.0340628451645593,667608e697ec5bb4685c09261f532eb193c6ecd427e37d9d60eeaa085cc3e23b,,,
37824,1.0,256,1.0,1.0,1.0,0.0,-1.4101923762154334,22.967293366392393,1.0016353508095868,09498cb38bf5da87a2cc7ed8bd045e7dc129d8c482a534649dda3b11bdade965,,,
37824,1.0,1024,1.0,1.0,1.0,0.0,-1.4101923762154334,22.85720348877707,1.0015007982205422,14e6575c6931d1edb3268acc7b38f620233f95bac8ceeb8fea1d8642ca3a29d3,,,
37906,0.0,256,1.0,1.0,0.55859375,0.24753370098039215,-1.8714937126285633,24.33269372050827,1.4189879225671902,614d02e7d6b6c2c14d5a3fc1301409bb4a91ea801bcd96f7996b2ce28e1925c9,,,
37906,0.0,1024,1.0,1.0,0.580078125,0.2438256048387097,-1.57825908852663,24.520582721072838,1.4252903424939607,0c6aea7af6a34cdd4ea5f3a82b788e1252b6d2c6ab02bd7d816d9705bf72955a,,,
37906,0.15,256,1.0,1.0,0.67578125,0.21996017156862746,-1.7763085413981283,23.24360487752648,1.3676244212327524,a8b738c8626861c09b1c0aa8297e6a6b4ca38d9d893c16fc1fe13222440b3ff8,,,
37906,0.15,1024,1.0,1.0,0.7119140625,0.20529291147360704,-1.71327662109388,23.422291044711685,1.3697554920105046,e5709752eec93594ced73b5aa8b6ef0081685dbf17897061c22416a115bae349,,,
37906,1.0,256,1.0,1.0,0.69921875,0.21113664215686276,-1.9802884299559942,23.97316736544123,1.2940787685019464,3c3efdc52c232f83ae59038f41774e2159269a9bb648d7024e827573bb6f41e5,,,
37906,1.0,1024,1.0,1.0,0.7275390625,0.19841974431818182,-1.9802884299559942,24.127887708959253,1.2951230467593815,7ef78ed99e8b21ed052d9a49353577421382d2e1bbcd25ff413a49f2cdc6f5eb,,,
37987,0.0,256,1.0,1.0,1.0,0.0,-2.6621493756313397,31.262665853636406,0.9970023764274231,ae347f1f090ad9074ab3a2434c9a8f7139f0bdab29fdfe7141d3430faba7ad87,,,
37987,0.0,1024,1.0,1.0,1.0,0.0,-2.3809702286878176,31.50509140627989,1.005818304243834,6461853c7fc1d45383608c2c45495b4912bc2ecc58327cc6dd15f2067d2fc3d5,,,
37987,0.15,256,1.0,1.0,1.0,0.0,-2.640220870393005,29.99388409341934,0.9664710182369525,736f0811e576605d78bd1b3e50973ebed7eb7238ac7727638ec159bf216bbe9c,,,
37987,0.15,1024,1.0,1.0,1.0,0.0,-2.5016583839064293,30.258831669211627,0.9755011345099791,4d2ae8551fb169129f2ea2e6d78a931dd130caf42f0c53ef8d1ecd5d5be92678,,,
37987,1.0,256,1.0,1.0,1.0,0.0,-2.7859708165837214,29.768081284332215,1.0461373916237453,3614c63d0a62c152f820ae4d998bfb643d1c0aab6b9722e492dc4de82e1d45d4,,,
37987,1.0,1024,1.0,1.0,1.0,0.0,-2.7859708165837214,29.996537616802083,1.0559037223527077,115c990e760daf50e1cf3cd2b2149cbfd29ff0165d051a499550fc6893f06ca1,,,
38068,0.0,256,1.0,1.0,1.0,0.0,-2.757359617634002,33.53084445843185,1.1170014630860554,d50876af0bed67a613fb488ae88ca4f6e9045e4119a20bf3428e81e882864fc6,,,
38068,0.0,1024,1.0,1.0,1.0,0.0,-2.690724255718256,33.55400535612073,1.1083360107665743,791a188770f3980a25bcb41b336c336656aeae2f7b018646464f5e021f170691,,,
38068,0.15,256,1.0,1.0,1.0,0.0,-2.74649919178089,32.6013795469924,1.0923775777196143,1077f47219f85f6d0c10602d8ec9f39cf5bb7bbe6415045b4e7bca3167c5a671,,,
38068,0.15,1024,1.0,1.0,1.0,0.0,-2.4708192208109523,32.587796093181026,1.0830640637372282,85723dbdcc1800e44c20a3a488759528545a2e820eff366c953693abc78a191d,,,
38068,1.0,256,1.0,1.0,1.0,0.0,-2.505218688838526,32.072633499910374,1.1611878818033314,c688f4a823b4af76d73bf365df8f90f3e593034e988e6448f26e4ffc046cb012,,,
38068,1.0,1024,1.0,1.0,1.0,0.0,-2.505218688838526,32.03781941574004,1.151500373291128,dc38f51f4d6d32a5bfb8d378b3209a75248cbbde11c4f459960961821f86a6fe,,,
38149,0.0,256,1.0,1.0,0.9921875,0.007781862745098039,-2.0761329330229534,25.736633429827453,1.0024070921961517,26ff1e71660b5596aeff8071929ff4127580e6ded12d5a9c5e0c854331ab1638,,,
38149,0.0,1024,1.0,1.0,0.9970703125,0.0029239598607038123,-2.0761329330229534,25.720346024376884,1.0048015204688308,519bf461a9359aaccb09b5dc5b50240a8c386868402112e8691fbabd3d293118,,,
38149,0.15,256,1.0,1.0,0.9921875,0.007781862745098039,-2.137963207896189,25.275591819038755,0.9995363426841543,2b73d634ac0a58d7fc5f0d317e964199845a57e3ceee46a05a7b756b8a4dc92a,,,
38149,0.15,1024,1.0,1.0,0.9970703125,0.0029239598607038123,-2.0836088384319638,25.279640150835984,1.00376484237902,520f1882dd409a5496b2ee7792af2d5c2e7ce8c62f8da4e3ffe5815d486a4365,,,
38149,1.0,256,1.0,1.0,0.9921875,0.007781862745098039,-2.3362652223557276,26.82476604828929,1.0074398918917205,2e9d090390d10e13fe4906409dd354d6dcd3ab60b29537ee0174d622b02efe11,,,
38149,1.0,1024,1.0,1.0,0.9970703125,0.0029239598607038123,-2.3362652223557276,26.817794918849177,1.0113851051984108,c47f1a8abb5f11f3f3f57bd15ce2540b47a788c9ac10c54c4e88c7b3371c49a7,,,
38230,0.0,256,1.0,1.0,1.0,0.0,-2.588419863883964,31.304016760679104,1.3063965793409809,8ce1c3c88d29f5339b430908f0a0138ac1fa4a7799e5991b8f2d1ac138edb272,,,
38230,0.0,1024,1.0,1.0,1.0,0.0,-2.476442404705664,31.321859720524163,1.3053264193293217,9de3b6495a47f0287b3da9bd8c97c8a95e7ede729bf4eb5829a72a727ea8c222,,,
38230,0.15,256,1.0,1.0,1.0,0.0,-2.3104099531787003,28.692754097742597,1.150189701014525,fdac8e4e66d5a911aa51480e09870c73556f377fbf03e5db6431e51fb6aaafe8,,,
38230,0.15,1024,1.0,1.0,1.0,0.0,-2.2478209524708963,28.678823538149175,1.150651428265544,7a45fcd2f5624780d51625238d5d5bcd7d5f0bd8b7779f7a394ed04c1b7d8051,,,
38230,1.0,256,1.0,1.0,1.0,0.0,-2.4976789193085356,28.84029258506672,1.1396333977424689,c29216420165c213a35ebc2baf6111df05c4a077de29432f072b3f2afeef49ef,,,
38230,1.0,1024,1.0,1.0,1.0,0.0,-2.4976789193085356,28.8424080158774,1.1362770128614965,c43d5a0f80189e61432b982fe202988f1bfb47139630753c718b1d57729c9743,,,
38312,0.0,256,1.0,1.0,1.0,0.0,-2.8312453455438176,33.34547863999749,1.1461210015127077,f6569f3555fb6d3320beb5271771ffb88f27ec8bb37d0c23a100578d6b79109b,,,
38312,0.0,1024,1.0,1.0,1.0,0.0,-2.6709705735835394,33.435129190518886,1.1489407824443447,729d40ef8fe8d029db6cebc0d5c9611e2b501fbd47f7c8799708c81db64524dc,,,
38312,0.15,256,1.0,1.0,1.0,0.0,-2.5289030787033893,32.865693282891115,1.128750773014384,b5d9659245912ebbd7abdc9f2c7a90250b56dc0a602d8e85a8202666a089a07e,,,
38312,0.15,1024,1.0,1.0,1.0,0.0,-2.5289030787033893,32.922941923169255,1.1306858070244001,c01aea84af3dd81a7c032b40c3840487f1e291c4cd236f4ffb38c211f861affa,,,
38312,1.0,256,1.0,1.0,1.0,0.0,-2.4521040888429075,31.967802500152857,1.1679749640758748,60b2ab4b699b20fe3d5ec47f201395525209ad5817be49659d47890c61ebc03f,,,
38312,1.0,1024,1.0,1.0,1.0,0.0,-2.4303644294997673,32.028765208318184,1.16986490242832,a3f958c1e9dd2d9b8814a69449ecd7bf91f49f885207820ea958c98f3f329f19,,,
38393,0.0,256,1.0,1.0,1.0,0.0,-2.855167412327572,30.918536493843053,1.0685096998697299,04228241ebaf5d51a4ff3d6210818b9fcf9f886f5a605b334632fbfccffcf22a,,,
38393,0.0,1024,1.0,1.0,1.0,0.0,-2.8190612331624822,30.79892766870768,1.0693841466762033,2ff8c9a7212655de39400631b7850db3b3273d643b25a3f1812320e6f2cea21b,,,
38393,0.15,256,1.0,1.0,1.0,0.0,-2.770140074815357,30.9025723642668,0.9990899807574583,c0a841ccf5ce49eb333782a302b6febcd9ce12508c0c7ebc387dd7883f726924,,,
38393,0.15,1024,1.0,1.0,1.0,0.0,-2.7084755559435507,30.80371387953524,0.9995045992699895,063f931f6d842b1fe91d7eb2419aac79ce459e4c1fb37a173375d8fe69e143d6,,,
38393,1.0,256,1.0,1.0,1.0,0.0,-2.91931305802672,30.952239003207257,1.055892850478775,1d897c5082f52470ada33cde6f8a3a13c1ec93a055500019a2a793e6aa1bd9da,,,
38393,1.0,1024,1.0,1.0,1.0,0.0,-2.91931305802672,30.856437837036122,1.0571452567136348,e020cecec4d2e8f8c429d280522d5a33d7c9b27f97baf99d7446038c7e62ec98,,,
38474,0.0,256,1.0,1.0,1.0,0.0,-2.3943624423905785,28.097303363363682,1.1390650239065014,13d016ccf36c8f566795b4448a716d8580a13dc86ff3d11155652da2bc8627d9,,,
38474,0.0,1024,1.0,1.0,0.9970703125,0.0029239598607038123,-2.3287511065448037,28.204024794869724,1.1406520735826273,ca4136c3ea75e7a5ed7206379ae00fea47099b1740439b17508c03c37e5061d9,,,
38474,0.15,256,1.0,1.0,1.0,0.0,-2.2472896280332773,27.026445249032047,1.0815789537481255,0d173cd15cea4faf1e97d21716c76c561468ab8945fe6265716c9eeb4cb3444e,,,
38474,0.15,1024,1.0,1.0,0.9970703125,0.0029239598607038123,-2.2472896280332773,27.139192544763358,1.084706889220441,44fcbef8787cb4e61e5a298cececba819a100b0e251930693bdae3cdbb635368,,,
38474,1.0,256,1.0,1.0,1.0,0.0,-2.4045418353292107,26.89585338869416,1.138549255554674,142debd7709a5c5feb34af9330dd0ea126097a29bf51bd370cc84b95ee0874dd,,,
38474,1.0,1024,1.0,1.0,0.9970703125,0.0029239598607038123,-2.4045418353292107,27.021258039858974,1.1422108448111015,20b954b34e355b2ef163ae16b49544557b8bcc287d9c5fe28ad5d05db02bf53e,,,
38555,0.0,256,1.0,1.0,1.0,0.0,-2.944717310693208,32.72578037222432,1.0263994190253691,1e221d9e85bc0c1d8a8f393f4f1dc9106723b64a6a312b74352f78dd2a4aa9f0,,,
38555,0.0,1024,1.0,1.0,1.0,0.0,-2.6946476657023757,32.84136438091343,1.0350332119982995,1adcf8acb08da6d52dabf8d7c237d772ffd3e9e82713cffb4c9f7151dd26ddc4,,,
38555,0.15,256,1.0,1.0,1.0,0.0,-2.7799246643777398,32.09204197998513,1.0031365889800963,144e31ed6af2d5807159599868a29380472510dbaf3d1fe6a5ae2e5b7ee5e6fe,,,
38555,0.15,1024,1.0,1.0,1.0,0.0,-2.7799246643777398,32.2322467726364,1.0146844829412622,15557ff8a3034cc32ea5971929d98d28d543661038885f3d0741ac38fe71915f,,,
38555,1.0,256,1.0,1.0,1.0,0.0,-3.0933316635358628,33.218022437882716,1.0265217398178184,5af875647fbacc32bc4ec0d9ea304ccd763d9b570db86c36575cca0c129b81eb,,,
38555,1.0,1024,1.0,1.0,1.0,0.0,-3.0933316635358623,33.35371623827911,1.0356579278722575,4f92656f5ee1a246509fb9c0bc0ea54f3a6375e58bffa26e85e8342e3f8f28f9,,,
38636,0.0,256,1.0,1.0,1.0,0.0,-2.8194034457355404,32.35205047558427,1.0333565093148989,cfe6c76fa5db0f47ec9a69c4a4b6e73d1845c8fb6c452ee36a5dc171cf8fabea,,,
38636,0.0,1024,1.0,1.0,1.0,0.0,-2.534460123634374,32.37567011579588,1.0372233706763054,31126d87f03db6569902af6060292ba555807b2b1ee69063952250e8268b5a9b,,,
38636,0.15,256,1.0,1.0,1.0,0.0,-2.8551677832831626,32.37567906211263,1.0305172536310494,929a778e6a65be794e6132e53f989524cea932e585c733989eddac341f1f8ed5,,,
38636,0.15,1024,1.0,1.0,1.0,0.0,-2.6063092005735697,32.40542866731496,1.0333130064397753,c0a616e090b19c4cf01286e2416a8666707b6796b8d2e11aa1f0495b7f690dda,,,
38636,1.0,256,1.0,1.0,1.0,0.0,-2.9498736783566795,32.43924377412015,1.1285347193766169,bcac9078b14390d6d033fc8fbaee8cf6e785e8faced50d09327514033888d3a4,,,
38636,1.0,1024,1.0,1.0,1.0,0.0,-2.9498736783566795,32.468507281633684,1.1329045346081652,e6fc7dede0ec004fabf4b09fe23aa5b9c3c04be7c479549eff284a01b2aead04,,,
38718,0.0,256,1.0,1.0,1.0,0.0,-2.0529761819611756,24.218350641763777,0.9168844327122464,b160aa047168d3de15a7163c3d007bc5ddf08d74c8aff47fd75698097f6f2a44,,,
38718,0.0,1024,1.0,1.0,1.0,0.0,-2.0529761819611756,24.211079984311013,0.9181683725268283,4e2d233ba58405f87458bf5bf52524e4adb68ee0196de4f53dd3f313af955bc8,,,
38718,0.15,256,1.0,1.0,1.0,0.0,-2.0950002273749906,23.4617757959101,0.8600594524312869,bf6e27379c5877f7518ac593464b99c2491c59c0a0ea92e42dbed1f1b6858cb5,,,
38718,0.15,1024,1.0,1.0,1.0,0.0,-1.9791758257976646,23.4449632707306,0.8607836450057135,0fb4598c7472e5d8b331833ccd71812907cc9c57b737e09464d25d35700e61e7,,,
38718,1.0,256,1.0,1.0,1.0,0.0,-1.97164176742469,23.809603807673568,0.8428895681740398,903dfc4aa7bb01726b0e00d0651313187e8cf7db8d8376037f5fca382f78393a,,,
38718,1.0,1024,1.0,1.0,1.0,0.0,-1.971641767424689,23.800530084412358,0.8430633097293057,0a2735b4e1e1023b226700d5136825d770ba475c80e94f578142ea5c37e96e46,,,
38799,0.0,256,1.0,1.0,0.49609375,0.2509650735294118,-1.8306606489722306,29.59377360948024,1.6742376631573883,0e862650ec82ad1f08e2104aeed494dea67987199fa9aad7b3983ec528ab6a5f,,,
38799,0.0,1024,1.0,1.0,0.4619140625,0.24879242271505375,-1.8196269877341038,29.514733894695002,1.672614578279464,ec821b013039052a0dfc29e1601b17f2911543e76dd190dcb78d37789e24f7c5,,,
38799,0.15,256,1.0,1.0,0.69140625,0.21420036764705883,-1.648334123746034,27.624289711150013,1.5326865589928667,a2efa61d042354a0f12f2dadb16648aef66794e663cb280334f74b3afde73fce,,,
38799,0.15,1024,1.0,1.0,0.671875,0.22067448680351906,-1.648334123746034,27.56405410861738,1.535499003825095,a091ed43a5cd9980170dcc8207bce0e7da65127fcbfd989d9a565e00fa298d49,,,
38799,1.0,256,1.0,1.0,0.74609375,0.19018075980392157,-1.98883562279865,27.445417476807254,1.517263388353006,3fe07c513a0d11a6fce3b4c21a0b8413f3473dc10dd0d077b02297bc24aebd9b,,,
38799,1.0,1024,1.0,1.0,0.705078125,0.20814623044965788,-1.9721805538656847,27.399822729138634,1.521289293199779,1b41ae88a92126206da5e8d45a2d81f6ae8bf0d63a629e63d4a1414f591b0c2a,,,
38880,0.0,256,1.0,1.0,1.0,0.0,-2.4945846800263443,32.21225070352069,1.1071154291018495,9578a307152e161a10a1e3717fc912851b17c6bd108d31fe8ed1d9a4a05fba89,,,
38880,0.0,1024,1.0,1.0,1.0,0.0,-2.4945846800263443,32.28542627163587,1.104974780031392,ec12000c02903aa7a54e16e19c31d1e3a50efec93583332fb7f59fd75b259b86,,,
38880,0.15,256,1.0,1.0,1.0,0.0,-2.438935009451072,30.981790443823073,1.0721896955492805,b5f2b3905a073c7254796922817aa56fd213ebe3e1543f32c1cf45a70c2e8bf4,,,
38880,0.15,1024,1.0,1.0,1.0,0.0,-2.438935009451072,31.010379726720146,1.0683529994089622,9ab1b1a546a480157bac8b8feb533eaaa78fe66452c2f3c885dd8a5f6e10aec6,,,
38880,1.0,256,1.0,1.0,1.0,0.0,-2.584110670719281,30.305987706835623,1.1056846684860524,810e1afeac785f3ae0121f64528ef2d53b71d6a491f169e5db4a365c677d0414,,,
38880,1.0,1024,1.0,1.0,1.0,0.0,-2.58411067071928,30.328923968084908,1.1046338102074682,6edb42bc644438f089a5b65b6dbfc62643b6220fa76858bf76f330c89c8e341e,,,
38961,0.0,256,1.0,1.0,0.8671875,0.115625,-1.7704529852548632,26.60438714589039,1.2260566131744033,729b4cbc487bdc41a5c83802a98dfd3b99b9bf1dcccb2d8f97c46cfa0b725e41,,,
38961,0.0,1024,1.0,1.0,0.8330078125,0.13924177510997068,-1.592086706494253,26.609501856048997,1.2390382308067518,b68fc9d6f5d0d5ad2eabbd553c6fbbb9f387dc4b2c20bce607a87427fd5d334d,,,
38961,0.15,256,1.0,1.0,0.4609375,0.2494485294117647,-1.8906233136938342,28.049165079437305,1.4547579047116435,f33e5f25f8956795044bbd515d0f356fb2813cb2e95fd6dbe17c0437f6777eca,,,
38961,0.15,1024,1.0,1.0,0.41796875,0.24350867546432062,-1.8351535305858926,28.029593934505087,1.4671347123887377,3d8478f49a1b742c87c8c5024eafe9088707449969f18535af736c054b53d9d6,,,
38961,1.0,256,1.0,1.0,0.33203125,0.22265625,-2.016815698238939,28.722733915406206,1.5143790957215855,47e50c8488e8b258ac7332021ddc1f81ba2a0f538331054163d609f521beac99,,,
38961,1.0,1024,1.0,1.0,0.322265625,0.21862399193548387,-2.016815698238939,28.717712165234335,1.5242947160463616,300e81e614579cad6887da18b9b7fab774d2416e255f72191008c2438c197bab,,,
39042,0.0,256,1.0,1.0,1.0,0.0,-2.33878997589169,27.241827483322357,1.3703302526152645,2c1e1312a926d2a406574c390afc11ba2323ea6b8e5bf8c6ba90e4b88b46bd07,,,
39042,0.0,1024,1.0,1.0,1.0,0.0,-2.1077707037160325,27.28485705348385,1.3805744872950678,8a6330ec332d2fa147d54d15b4ab77aac60c699165ca656f4cdbc90b3990deea,,,
39042,0.15,256,1.0,1.0,1.0,0.0,-1.94500844860608,23.82417313429511,1.0765964647727915,bffc4cc2c9cd6f6b3b666ac15c4735bcd89f62d151500e77a4699330bc3a3765,,,
39042,0.15,1024,1.0,1.0,1.0,0.0,-1.841017430950222,23.84281867609427,1.0788949578616103,ff54819a478c7862f8da3ae81148db31df0f2e161e559249807c2d79e166d33b,,,
39042,1.0,256,1.0,1.0,1.0,0.0,-2.203498563072868,24.519755413314403,1.058410973562896,d69576e85c0c589357c33d85619ee170c9a0f44e1315aa22cdbbdf57c7e4869a,,,
39042,1.0,1024,1.0,1.0,1.0,0.0,-2.203498563072868,24.52119458673845,1.060775033370214,623bff0c1b2a25176e16ecffd998ab8614e92a989a9cb07047bd5b35467748e9,,,
39124,0.0,256,1.0,1.0,1.0,0.0,-2.7423754511334435,31.720319528414933,1.116176987467477,202d20bc699a877ff001a1fec5f6acc1c95c4803c957690ba187daaa507fc47c,,,
39124,0.0,1024,1.0,1.0,1.0,0.0,-2.7423754511334435,31.928554832152795,1.1245804518054894,9e9fa31378f44964c5e639d1ed0a90f640b2ca295e223e049a383f1d8efeb91e,,,
39124,0.15,256,1.0,1.0,1.0,0.0,-2.4159857306226193,29.804792378716844,0.9643896732480588,c2df0174bada74123aaa6d4bb7ebd5e945173d0d406a3bc675670426b63a0e5c,,,
39124,0.15,1024,1.0,1.0,1.0,0.0,-2.4159857306226193,29.987589024461244,0.9785511462230073,a25714e305607278bf29a59e595c4d37661dffab432ed27d66803f49f9fa611e,,,
39124,1.0,256,1.0,1.0,1.0,0.0,-2.624970153898266,28.909538828641445,1.0502351652378503,da17b21dfaf7d13011deee281e0ea28bb66c36ad97cd9f923a2ac827cb49d1fb,,,
39124,1.0,1024,1.0,1.0,1.0,0.0,-2.624970153898266,29.138198551706182,1.0612369292251522,4124fa5843b28c612fe81f26dd4235965d3a6a565c2102162a8d8db3257c75bc,,,
39205,0.0,256,1.0,1.0,1.0,0.0,-2.485932776854397,30.580973137025342,1.0270604019268479,c4b4d35c8c29334125f47a32b9629b888ddaa94e6a0c644f0fb94c779adbc144,,,
39205,0.0,1024,1.0,1.0,1.0,0.0,-2.4467215643633384,30.79594991759644,1.0362372294062985,15d9617e535eadeb426e8ad3071cdd7c84baf07eaf23c73ee0c33bd3b0a9782c,,,
39205,0.15,256,1.0,1.0,1.0,0.0,-2.6477565847053803,30.206320282991516,1.0303485629990423,579d3b460004e05a5f0d3c2230c8308b48aa424bfaa5a753505504b6e64a80ee,,,
39205,0.15,1024,1.0,1.0,1.0,0.0,-2.3729396496368764,30.432197470223812,1.0384052346586439,f4fd199f399351c3fa951c3177759dabff7a4f29764cdb6c3259127df5c1581f,,,
39205,1.0,256,1.0,1.0,1.0,0.0,-2.6129784579920923,29.9487514690436,1.121759455968083,cea32212a82989d4403704e214e864eea55aa602ebbe8895d9d33fd21b17992e,,,
39205,1.0,1024,1.0,1.0,1.0,0.0,-2.6129784579920923,30.19793206270613,1.1303032534589768,cbffff38972bfe9acacbd1e4510d8e9a97071e251c354f667bf8ed8b64304148,,,
39286,0.0,256,1.0,1.0,1.0,0.0,-1.8738131006132264,23.241061660626816,0.9124395689207472,da30f26acf5b90cbd1767b71e4451b7edda07f07eb6e0fce6b15989039569204,,,
39286,0.0,1024,1.0,1.0,1.0,0.0,-1.696786474584893,23.179328629696645,0.9062826985534347,0f2461e998401d3cebb5c30eec6e17af1f1ec8201acc86c07ae312e5cf09d456,,,
39286,0.15,256,1.0,1.0,1.0,0.0,-1.787714896117628,23.408596264659412,0.9453603760132243,b622a4914c221e738b19f6ceedbaa3964961bdf6240de490cbde9a0316fed86b,,,
39286,0.15,1024,1.0,1.0,1.0,0.0,-1.7467664555480078,23.33613737478095,0.9383617277927512,86c8e7a41b0b3b06a086b5cd62c546fede4b99d7cf5cb022cb9422383dd705ac,,,
39286,1.0,256,1.0,1.0,1.0,0.0,-1.7353929398906667,24.439946409212567,0.8848077275222407,918230e8f4ad56cf698274f2f0e3f3ae797271bfc2ca2aa2d052f62e73fe38b8,,,
39286,1.0,1024,1.0,1.0,1.0,0.0,-1.7353929398906667,24.369671009118033,0.8777195949464852,c1041adee6a0471c2491630a442c59c5341acc4c3d43f3e9aaa1b6d09d3d6377,,,
39367,0.0,256,1.0,1.0,0.16015625,0.13503370098039216,-1.7590317596776792,27.658422005871596,1.6547197390223178,9a6f1145e022b458a4daca3fa338c5faa5832895de0a64b6e50053b1023655b4,,,
39367,0.0,1024,1.0,1.0,0.142578125,0.12236910434995113,-1.7590317596776792,27.88429239121538,1.658450501514431,7b41f66ab70aba4fc96aebc8ed47df9dd96b73d18959d6e899eea21c4fb5c3ac,,,
39367,0.15,256,1.0,1.0,0.30859375,0.21420036764705883,-1.3978432153960236,25.81492086866217,1.4900544210801323,f45a9e715c79ac5d47c2e17df38a3f69868a81b24144ed560f146e4b48a93eff,,,
39367,0.15,1024,1.0,1.0,0.30859375,0.21357221407624633,-1.3978432153960236,25.992295374907467,1.4901853602172175,2a5e9d1f11e5c7b25c08d53d8c1e40f9ce2ceb19ca56ccfbc8a84ee6656edf3b,,,
39367,1.0,256,1.0,1.0,0.3046875,0.21268382352941176,-1.7356308801265445,26.66524912118257,1.5350622147004658,585cafa38e7bb6eaa402a2a11b49b9b686b2275be5538e7cd081e9c67ca4844a,,,
39367,1.0,1024,1.0,1.0,0.296875,0.2089442815249267,-1.7356308801265445,26.82588165545324,1.5371145204297556,a0f1fa266ba5ca4d91e1bc0047a1552e05670a7eb9b5aa75e114b99bda6290d2,,,
39449,0.0,256,1.0,1.0,1.0,0.0,-2.468510422844929,32.082847364129755,1.0484683628703917,bf9c696fcb2e059c9a524a392a76d18158d20f09b2d64013871c4e42fbce1b9d,,,
39449,0.0,1024,1.0,1.0,1.0,0.0,-2.468510422844929,32.136974675760435,1.0513231364327433,96964e5ae7fe1154146b0abd08e1c214045ce3715d0107f553b27638308ba4f6,,,
39449,0.15,256,1.0,1.0,1.0,0.0,-2.5738315851648257,31.715095335031716,1.0461143238505681,bd4d53ea6f4769ef491c55829997feba204c836e2aaf80058707cfa0de9220f5,,,
39449,0.15,1024,1.0,1.0,1.0,0.0,-2.4410194943769272,31.764922999922167,1.0455186529598999,3f6d9a9cfee953c7e92059ad4d8ad154df29dfffc050b3d0a327b9b75744f67a,,,
39449,1.0,256,1.0,1.0,1.0,0.0,-2.474429723567029,31.31684452717148,1.08806771744379,0870f77319c0db0c0696a8eb03d24c2311f70f427472534c05990d306c813b5e,,,
39449,1.0,1024,1.0,1.0,1.0,0.0,-2.474429723567029,31.36958284956539,1.089539104652859,64ef591fb15f71bb1aac24c4b5a802c027b731bcfdb8ad0724027c21891901d8,,,
39530,0.0,256,1.0,1.0,0.9609375,0.03768382352941176,-2.156739412285086,28.458618564782522,1.224140734311719,90fc133d55a3c43a1bd9b76bba1b4738a0f254414370b0eeb1aee03cb83c1eed,,,
39530,0.0,1024,1.0,1.0,0.970703125,0.028466367302052785,-2.114116268909221,28.21788730452344,1.2160694040865925,59a446dfff0bc82fae87d7d6ff67bfec6135939c8c8289884b08f91c853e34ee,,,
39530,0.15,256,1.0,1.0,0.92578125,0.06897977941176471,-2.389990575334693,30.262178797118633,1.4416988975607934,36f97abf1964ebfa46315a2f66cf483d2e1de3ca2ceccf30db108e7cc94c5ef3,,,
39530,0.15,1024,1.0,1.0,0.931640625,0.06374862536656892,-2.0787351973666217,30.02440200301574,1.4372101021969539,f51188bf7437f76908eaab67b9cb3150b17f6ab504337447b5b3d81dbe6074d9,,,
39530,1.0,256,1.0,1.0,0.91796875,0.07559742647058823,-2.191894258220513,30.37133559617268,1.4891522744839798,7716481255eb3b86981c7d680fdce3580ba2943908134e838a74751066f892c9,,,
39530,1.0,1024,1.0,1.0,0.912109375,0.08024422653958944,-2.1918942582205125,30.140807263372423,1.4868733270148748,e778dbd341e2bdae804064cc84332b81e4c7bc820c0a9f303d0d84eec26a4bcc,,,
39611,0.0,256,1.0,1.0,1.0,0.0,-2.148082500251157,25.22603289310564,1.1768175317290674,0d9f5194818760b94682e5a6ed80c7fda85e72a684c04fc6581deb073181bbd1,,,
39611,0.0,1024,1.0,1.0,1.0,0.0,-1.9450257817803314,25.185151700006895,1.170897269488005,9958a1231b7797e5f67ecfa741f82cd89fccd1ab90193eaa7ba39062dd10dfba,,,
39611,0.15,256,1.0,1.0,1.0,0.0,-1.7819402114177154,23.823541776511192,1.051296834231462,32ae9e906137076fd8842dd3a790192c0df908fa9ba2c82cd9ce6859f263dc74,,,
39611,0.15,1024,1.0,1.0,1.0,0.0,-1.7819402114177154,23.762738733349124,1.0446012542799825,2af8090a6927bc7785009466d70d178f9ec44358cfc8535e1f7a2bd02f18888b,,,
39611,1.0,256,1.0,1.0,1.0,0.0,-1.8179265698782938,24.009505862561543,0.9493042923589136,69c21fc000727199160b3bc873a36b0e21c72c8a3045dd7f318a33cdfba342ab,,,
39611,1.0,1024,1.0,1.0,1.0,0.0,-1.8179265698782938,23.945261115705545,0.9445306466306338,d02249ee1328cb664919c397fc5fc38b2d9ab2034d63cbff13d5a9578af25ca1,,,
39692,0.0,256,1.0,1.0,1.0,0.0,-2.23043598909368,30.275186016933286,1.0941382220708393,8c9becfe00088e5c04edf2803645b4ef499b6bb0fe82bc3e4f28744afddf211b,,,
39692,0.0,1024,1.0,1.0,1.0,0.0,-2.23043598909368,30.156870702482127,1.0848727021764832,91278dff9cde3ece7e34814db6388bc312bb7e28d717ac86a4e7453d9da8ffd9,,,
39692,0.15,256,1.0,1.0,1.0,0.0,-2.288049904949262,29.906053549872468,1.131581935681637,2c27a2323d49ba4c3bab8f980fc4e7a8bbca6ae3e9955f6925262a7e8c5df6f2,,,
39692,0.15,1024,1.0,1.0,1.0,0.0,-2.229589677910985,29.779194685661547,1.1230385121438269,d104e82249a25d2f421972fabc410fd81d769155d76d013db7e4f427eb71aa85,,,
39692,1.0,256,1.0,1.0,1.0,0.0,-2.473291026998825,28.732849794704396,1.181168287709336,276fce8648246e1dcf20519bf35c91f967b1580e8b644200f100d514def1f97b,,,
39692,1.0,1024,1.0,1.0,1.0,0.0,-2.473291026998824,28.60566321456366,1.174596030062178,6a4b5072ebeae95ca9aed2e5b8d551cfc59ab8f423c8cd6aed96406cd34eb330,,,
39773,0.0,256,1.0,1.0,1.0,0.0,-2.561340842568871,31.20725436671022,1.0646140582008334,5e6856753e03259d709686d425df2d4bd39ae9365a80a512b89bfe1ad34cc0c1,,,
39773,0.0,1024,1.0,1.0,1.0,0.0,-2.4977620427867597,31.171563826513776,1.0633904437554993,6820a479c05f3658931cf7b123f566e9e2535e5cc607797998b2fe2821635868,,,
39773,0.15,256,1.0,1.0,1.0,0.0,-2.562581620152385,30.806406892960194,1.0484998261408036,199e2347a4d4f42282a69fae7cdf5ae262794109b3e25c171eafcad565f69848,,,
39773,0.15,1024,1.0,1.0,1.0,0.0,-2.477046442080508,30.78341963678761,1.048166525648127,6dd4314729d8bbeab60731e30b7111f9f293273007a575418b4b52096edccf62,,,
39773,1.0,256,1.0,1.0,1.0,0.0,-2.4534088362361492,30.385255945960285,1.109044040368516,85e21a24293d07f283111c889c040a4ddbb73de5e330eb16bd881403ee377a31,,,
39773,1.0,1024,1.0,1.0,1.0,0.0,-2.4534088362361492,30.332511524175278,1.1081996194710937,a839b80def4a46d3511df218c9644f7cf943ec772e66da250930e3f67afdf143,,,
39855,0.0,256,1.0,1.0,1.0,0.0,-1.6317433450919907,21.834335697601606,0.8513931989924653,0b4f4847c9234d9b72f93536a7f4ef821974fa348d1612841b89e8f028e35379,,,
39855,0.0,1024,1.0,1.0,1.0,0.0,-1.6317433450919907,21.863575146012398,0.8550037317886888,8bd7ab61a7a7bb72286da3a4f17d36dd71406fa3ebd6a63be1bd27b05c385c30,,,
39855,0.15,256,1.0,1.0,1.0,0.0,-1.5862357850049307,21.508400602589887,0.8399603355007513,9460891751f4794328f341d40ad470629f4b0e365600120db095c0159109c880,,,
39855,0.15,1024,1.0,1.0,1.0,0.0,-1.5862357850049307,21.546472542655113,0.8461175833584161,ca775513e23d105ab4d52930d8e2f8bc4c21619952b9ff0c792c8f9b445cd524,,,
39855,1.0,256,1.0,1.0,1.0,0.0,-1.8704419834709074,23.538277273876883,0.8849399752607037,4bda51dd90ea46b709c25debb252c8bfa68080859c8a453f0cb87a79d994e21c,,,
39855,1.0,1024,1.0,1.0,1.0,0.0,-1.8704419834709074,23.564104732072337,0.8906597188627385,d830bfe8d1c00040b8d32061209bcd8bcffb28f23f3c7acf63c75e3fa58404e5,,,
39936,0.0,256,1.0,1.0,0.59375,0.24215686274509804,-1.6328281109485951,26.327668294298956,1.4160953228394149,72d45b9c514002ff728ca2f6f9544882defb82f3031fa960798f9581e35f752d,,,
39936,0.0,1024,1.0,1.0,0.5947265625,0.2412624862536657,-1.6328281109485951,26.51646683811724,1.4328812998500837,bda17d8c462decf90f91a4984edc8270d9824caee92cbab4b342ac178019404d,,,
39936,0.15,256,1.0,1.0,0.35546875,0.2300091911764706,-1.811317505189722,26.435545126559408,1.5507263754886027,143bd18b7077072df19e1ada535d87ab3696146566e35c6673cdc98b4f82adac,,,
39936,0.15,1024,1.0,1.0,0.353515625,0.22876573191593352,-1.587691276653639,26.56232126674041,1.5606165548107305,f72a52f7a83173785c4583dbbf97267814e4115aa7ac0b8520cec7691421ac39,,,
39936,1.0,256,1.0,1.0,0.38671875,0.23809742647058824,-1.9989604394324036,26.131969122035127,1.5526825124001427,d29ae1d9b6e5f3ff6eeff97562466736c55223f80b17942a84609ae0b0151001,,,
39936,1.0,1024,1.0,1.0,0.3720703125,0.2338623762829912,-1.9989604394324036,26.25420125425102,1.5590892074792098,4537d9f2d86c555c1a067389778186f6a96278bb6c7b3db1aec315efd9aaa5af,,,
40017,0.0,256,1.0,1.0,1.0,0.0,-2.764295060161637,32.090092038691715,1.0592134970556542,2380fd53fae45ee77182f4ceb0dbb0b7f35e65062716a88316262e86079f296f,,,
40017,0.0,1024,1.0,1.0,1.0,0.0,-2.513167834423256,32.23959521304221,1.0555333745357587,72cc12430f96c7e601f7a632073bb3b895fa06baaa31ced781a5fee8a1460758,,,
40017,0.15,256,1.0,1.0,1.0,0.0,-2.6123886583076117,30.502371860952717,0.966502422937054,95312ce2dd0cabdc809e96a84d2c81009d62bafe6882c344a778977864ce354b,,,
40017,0.15,1024,1.0,1.0,1.0,0.0,-2.390304169770612,30.61386622460267,0.9662702178453417,44435cd86b92521bc414970c54cec1cb95db6219981f36c4ee6717f468c4a7e5,,,
40017,1.0,256,1.0,1.0,1.0,0.0,-2.5219476207534766,30.21054361538559,1.0735969106624572,a7468d0ac4ceb210ea32fef0caf83d949bd5e1f3916871ebb932ec232ad42d2a,,,
40017,1.0,1024,1.0,1.0,1.0,0.0,-2.5219476207534766,30.30899756097676,1.0732136869065072,b8ef58bcacf864890c919f53bdf8f7b568e9101559bf4ba4d328fe16899ef377,,,
40098,0.0,256,1.0,1.0,1.0,0.0,-2.6507400050299275,33.00876484187132,1.0787731371294833,3a2b73fe1d2c558df566bd670df3f0104f5860d27105d41cc1121745b255a26e,,,
40098,0.0,1024,1.0,1.0,1.0,0.0,-2.3975682271478194,32.99974949174742,1.0832626110960064,87ee80a51c7407b8151641a0bf852e177d29f9016b82b07a37af372bfa75ec16,,,
40098,0.15,256,1.0,1.0,1.0,0.0,-2.4174568403999004,32.28899733867254,1.0676726944675836,bc7690d24ff49ce50abb75a758f76464487d35b17ea4920cf4b35ea757c1ef83,,,
40098,0.15,1024,1.0,1.0,1.0,0.0,-2.365175894267316,32.33427536554151,1.0715336574612793,1fda2d6bb2ca76fe4322990057403c1f2e74e8825ab98165fa4a7d7af5820f17,,,
40098,1.0,256,1.0,1.0,1.0,0.0,-2.486669610549411,32.35090862625975,1.1831625990850487,c76b08c85f53878c97d3dcc85495f9d720e4d61af9fd2176a73e0bb2b7b98b08,,,
40098,1.0,1024,1.0,1.0,1.0,0.0,-2.486669610549411,32.40632972853106,1.186118081269277,3819d3c82d298777d12f3b83d59ce5cf91ef51f342885c9466fcb6d69c94eb8e,,,
40179,0.0,256,1.0,1.0,1.0,0.0,-2.331494150261559,26.105126882158004,1.0864525761888988,274c783a0da4552a14b9b0c8bdf608ce7b59bb5cbb85ba8b0b8012faf9b28b02,,,
40179,0.0,1024,1.0,1.0,0.9951171875,0.004863720369012708,-1.9880878228374659,25.967033321661365,1.0745091543134715,5e15e6a5790bb3e571411d96f6f61d17135d43740a21382e6deff27178e15738,,,
40179,0.15,256,1.0,1.0,1.0,0.0,-2.046683477901759,25.40518227172036,1.041622474379065,06c90552d5f098d9c6363539bfc9efd0b6a4194fb8ab8240ae52ab32aa0f37ca,,,
40179,0.15,1024,1.0,1.0,0.99609375,0.0038947947214076246,-2.033592519919459,25.248087943872136,1.0271940827783774,0ecd68fa6adca9b1a85d12153b0c3bff1ad5b72d2739e87a05e3275b09dea4cf,,,
40179,1.0,256,1.0,1.0,1.0,0.0,-2.331809391254083,26.922729094158225,1.0253159300765093,24a353febd2e4bccc32ce1fef9dca50f7ba89aa4fed30b2e8c0d461435b1e565,,,
40179,1.0,1024,1.0,1.0,0.99609375,0.0038947947214076246,-2.331809391254083,26.75296428585051,1.0103227479719255,8d2f8a7a7c93e3bd351649017df8e1802e0e07bf9ba00aad8bbda5d64a237914,,,
40261,0.0,256,1.0,1.0,1.0,0.0,-2.676146927097518,33.5678262779191,1.309126853398492,eae8913d0a302a665921f785eac477386cb09eed04fc928466a7c55609b91918,,,
40261,0.0,1024,1.0,1.0,1.0,0.0,-2.6307345434361853,33.66779087638823,1.3164543623833902,da1c0a1c717e528510efa7545549e901166b235ac341a8d95122f1438f75435f,,,
40261,0.15,256,1.0,1.0,1.0,0.0,-2.4563944924980605,30.561059784680314,1.0977933251168972,3fe46633a34ed60089973ff4960ab36595e46b6f9a35deb4893503916acf03eb,,,
40261,0.15,1024,1.0,1.0,1.0,0.0,-2.408883153178407,30.65252765594619,1.1043425968524931,150f8f9dbf7ccf2ccf755dfa2f06b3f8fac7cdcc4fa3140e9b6643e3db1f2899,,,
40261,1.0,256,1.0,1.0,1.0,0.0,-2.5608482872085734,29.988197302823817,1.1851735126684981,74c89903810d3c82d58d5dbb2308268cc8ea6862f71ed7e85fe83c52712d6c46,,,
40261,1.0,1024,1.0,1.0,1.0,0.0,-2.5608482872085734,30.105437322068468,1.1903311407953696,a4cfabffa8754f7db6e24cdfba4453337e1cab39c98f77112139ee3802ab0a87,,,
40342,0.0,256,1.0,1.0,1.0,0.0,-2.6612005993313206,33.0348603031073,1.1532527328580904,cfe27007a0beb1278c1dfe634ff918951525120747134f85f80fc1d1ce119c17,,,
40342,0.0,1024,1.0,1.0,1.0,0.0,-2.355532885167623,33.02235767544877,1.145115883410505,68f80f604aeaea7db89c44a8c48d59650074e4435ac47afeb63fa18ebe61e795,,,
40342,0.15,256,1.0,1.0,1.0,0.0,-2.4635607113151474,32.56875227485232,1.1356146384829056,482c1e96cafecdcde7d8e9f4e35b7851ac03c41546354366031639fecb42c9b8,,,
40342,0.15,1024,1.0,1.0,1.0,0.0,-2.313137513344019,32.564506025540084,1.130623005417113,e03348bdd56893b6bf15da0cf4ed32b1008f574dcffc6548703474f9ce3c6ca3,,,
40342,1.0,256,1.0,1.0,1.0,0.0,-2.305075251558682,31.759642089934655,1.169195187688851,f679cb84509a1e2aa6b013fc0e05fd4d6d2f15e91e2f7129db41c51f219cd78f,,,
40342,1.0,1024,1.0,1.0,1.0,0.0,-2.305075251558681,31.785263660613072,1.166962365836077,75ed241cedae1c18720a67b229fd162bcb8f061ffda81c9a064dc0c6da0b06c6,,,
40423,0.0,256,1.0,1.0,1.0,0.0,-2.6039866881467595,30.396375067122037,1.1541792948831027,066f7b6331e5d7f9be0a48f8b02073c3bb973cb068a7c4e11d30d759efaf918c,,,
40423,0.0,1024,1.0,1.0,1.0,0.0,-2.4073691490106723,30.272332461580316,1.1476153487340433,2c20a98a5acadee96e0905a08d2640de2ac24063550caafb735a465666edd7c6,,,
40423,0.15,256,1.0,1.0,1.0,0.0,-2.5692111481551256,28.797853008619896,1.1522464215963122,f7de70142cc36ddd2b86b6898ca800b979d1ff1235c39f8a910067c0f4e4caaf,,,
40423,0.15,1024,1.0,1.0,1.0,0.0,-2.2988673021084445,28.657449384897145,1.1442580123985926,e2d2669b810795e717ea43c36111a560aba2e2c980bba33ee12fdd298fcb26d7,,,
40423,1.0,256,1.0,1.0,1.0,0.0,-2.3539997557406833,28.1902444610904,1.1822567334703067,cf9308878c87114e6c8db47484743e8e9d2b11ec99ac65526cffc862274308b7,,,
40423,1.0,1024,1.0,1.0,1.0,0.0,-2.3539997557406833,28.046500913949988,1.1773914291592054,7e53e0d4e0de2a98a2b4a461820e886e8d21e6bb69d6d9d8d1a767c6640d7a23,,,
40504,0.0,256,1.0,1.0,0.99609375,0.00390625,-2.06334691538414,27.864902031013088,1.2558531251072125,00d036ebcb8a42f8712a8362df654b12efdc22538e01283e5d41ff6686931b4d,,,
40504,0.0,1024,1.0,1.0,0.998046875,0.0019512157869012708,-1.9812116356508387,28.141177934344654,1.2629280664837874,c0218939c6bd43cf11947518fe1a6c86df65da6dad94f87e84c994b36db881ca,,,
40504,0.15,256,1.0,1.0,1.0,0.0,-2.0513076568888073,26.751555224190614,1.1403600910206102,0a38c2e03332ad2e89b390524b1595e861f85005866b61624c5dd2bd6c8d6ec7,,,
40504,0.15,1024,1.0,1.0,1.0,0.0,-1.9810463663613422,26.95738895734394,1.146146646650658,428e5dec3d678c1cd7ec434c49e3ff6e7f1d58b33826eb4ea9114d4ed9e257a8,,,
40504,1.0,256,1.0,1.0,1.0,0.0,-1.9754940543728168,27.932172269430097,1.1456118553519552,42ae24cba29b3e47eaff60b9f46e2ec8440a322a10ad9b6847713c57a7d61436,,,
40504,1.0,1024,1.0,1.0,1.0,0.0,-1.9754940543728168,28.198637012924735,1.1510475177327852,f7f4b60bc0a12112d8e32989013e38f319cee144a22b0bbbbeac7d78cf546702,,,
40586,0.0,256,1.0,1.0,1.0,0.0,-2.8527638306438057,32.3214500104692,1.1142873312317718,43345b57bd2604975676d23a6cb5535bf83d02a31742522585f9f85d3473e072,,,
40586,0.0,1024,1.0,1.0,1.0,0.0,-2.8250315115575937,32.25466437628786,1.1129535873160668,52a7d19626af6cf3e33d6ada480167b9c1208fa0dcb0f0c9162da2553deb39a4,,,
40586,0.15,256,1.0,1.0,1.0,0.0,-2.5595394895228463,31.24345356202059,1.038350962691809,2a79deda31091e7b6294cdb1f70aa42ca50ad2544768c31ae45bea020e171619,,,
40586,0.15,1024,1.0,1.0,1.0,0.0,-2.5595394895228463,31.136062710590195,1.033698081443717,abb73b1e7863b22466e64e91119fea175446791250a7303e47963f0d1094040f,,,
40586,1.0,256,1.0,1.0,1.0,0.0,-2.8139654669846017,30.689388013036297,1.1207158977046174,a1de1459ecef9c71b450521dfe30d8698353a831919a37882e8f83a07833dac2,,,
40586,1.0,1024,1.0,1.0,1.0,0.0,-2.813965466984601,30.651556424297635,1.1186859520128167,be5b0a29cbdc5888ccc0f6ea636761c8484c3b3cb923fb13121817d14a208502,,,
40667,0.0,256,1.0,1.0,1.0,0.0,-2.727306122604414,32.36409733308548,1.0399646987298736,3fd2990a48520fd94e7097ecbf2cc4491308757dfeeefd6478533b32c70111fd,,,
40667,0.0,1024,1.0,1.0,1.0,0.0,-2.3297956449567465,32.3248807925372,1.0357532112113919,1f1dcd7af251245c8f7a046ec5d0bb1075ee8ac924391f0ab3909b5548a1466d,,,
40667,0.15,256,1.0,1.0,1.0,0.0,-2.8828630445149646,32.46072452158404,1.0482622291493253,67faa5f210a6f3cd2432bef900785fca353399d798b25fdd5dc25f6aa03c3627,,,
40667,0.15,1024,1.0,1.0,1.0,0.0,-2.6793030475679993,32.429660729904946,1.0434179039625255,9a1240faf7a327b448dc38a7670fcb166b9c3f3e74d6ffb6a7ac47fb24c285b3,,,
40667,1.0,256,1.0,1.0,1.0,0.0,-2.9269584351213638,33.3974683839891,1.1554001671114689,1a5d0b12ae4966d79d09459def7e2314020f424c6fe8bc94f5bec5ea06281010,,,
40667,1.0,1024,1.0,1.0,1.0,0.0,-2.9269584351213638,33.38929134451543,1.153369277867176,c5e020590dbd7eb6387e27de334e8cab2d4519e38982bd8595ff18079945023b,,,
40748,0.0,256,1.0,1.0,1.0,0.0,-2.16658477804083,25.64795391380572,1.048024783237777,997a44f434fe4bfa387b9b8f982c4d666917356eb4098fa0e6020bbcdc03cc05,,,
40748,0.0,1024,1.0,1.0,1.0,0.0,-2.060639542177136,25.676069762755528,1.043752001530333,e69b8fcfd08a0cca4473d48c4fb7f1d2b3162148cd995c8db3eebc7eb3c29b5b,,,
40748,0.15,256,1.0,1.0,1.0,0.0,-1.9738180460782044,22.91136506472459,0.9008576429961068,b25a8dae8b93dd70f305fc554125e1f0bf58fd5819578d911584aa06a9006dd3,,,
40748,0.15,1024,1.0,1.0,1.0,0.0,-1.8569460427941236,22.970795242178287,0.9032834356636018,f6f51d9d828c92bf49a6ee6f2da84e42da1160518ba29d493292de5fe3875989,,,
40748,1.0,256,1.0,1.0,1.0,0.0,-1.6236685333868572,22.935367656433986,0.8574870277141287,d85c99ca076ee9e95ae4b7e43197c6ac6ce3f93fe61f6b9580b1b810abf20d54,,,
40748,1.0,1024,1.0,1.0,1.0,0.0,-1.6236685333868568,22.97093087378556,0.8606476613553886,931314fc2746c5cbbf065ca0d67f80e4ec2350a59fdb7503f0f36c0d550b9cc6,,,
40829,0.0,256,1.0,1.0,1.0,0.0,-2.7242315899985687,31.574077163938824,1.3378636613698678,a62331b99a6ca25045b867746a101513c4e6b104ef123ef94c19a53e4b4ef6af,,,
40829,0.0,1024,1.0,1.0,1.0,0.0,-2.6033450331821006,31.779175096068055,1.352218634488772,2a23d00c22a60fcee1bb80acc758210f5bd992be1309b41cb20ad4135c4001c7,,,
40829,0.15,256,1.0,1.0,1.0,0.0,-2.1555044756398125,28.625807909227166,1.1643864764994643,5c385779b66b251dd5db48837b11a332edeb29c41db208dd6f70c00206503fd0,,,
40829,0.15,1024,1.0,1.0,1.0,0.0,-2.128852933176259,28.82507566407811,1.1746109439716264,7419c8af075bc7b5cc3251073c8f8f41fcc872764061b3922ca0fd07f780cd7f,,,
40829,1.0,256,1.0,1.0,1.0,0.0,-2.4392105609101655,28.028037761794206,1.2119359359167927,4f2f7eedec03a8591247cacc26e63ebf3fb2896e99e51855929bd66261d3a416,,,
40829,1.0,1024,1.0,1.0,1.0,0.0,-2.4392105609101655,28.24828380773519,1.2257595120740137,e30cca907c119cff0a6443a417aeb86d0df7e7f1b08330ccdf88edf77a2693cf,,,
40910,0.0,256,1.0,1.0,1.0,0.0,-2.511706388349655,31.41567171227065,1.092067289153184,0971a4ae8151222536de81fe10b43b4c0e4a8fd7a6f7c3d8f2d20cdcc9e300f8,,,
40910,0.0,1024,1.0,1.0,1.0,0.0,-2.468805193919848,31.626904132231072,1.0954593495291092,118493903ba3585e23a2ced21366b6f841c9f7197f9c83fea5c1ee2a331a4997,,,
40910,0.15,256,1.0,1.0,1.0,0.0,-2.3236266265871173,30.66156939476228,1.0637588058796679,e450f079dd74326869e79963950d4edfa9f03978aafadb331ae8c394dca94861,,,
40910,0.15,1024,1.0,1.0,1.0,0.0,-2.3236266265871173,30.87293168219723,1.0673292193955222,2efdabd9cf15f31314bc3624666b558281512ce96131e737538a49d8bd57ed94,,,
40910,1.0,256,1.0,1.0,1.0,0.0,-2.272369169554138,29.669281826386875,1.0775212902402798,983414561cffcaedeba4aa9e85a8594ab899e7de4e3d01495c678e67612afb54,,,
40910,1.0,1024,1.0,1.0,1.0,0.0,-2.272369169554138,29.870741698539714,1.0785617483738643,d393c6de5afca8db49312ce55fda474ae9bef870bdd65ff0c5fb7e5b234a3977,,,
40992,0.0,256,1.0,1.0,0.515625,0.25073529411764706,-1.8165145808485117,24.324596950478934,1.2962545931053147,87dadd47a63e9f26c148b9d268db2e7e6ab02685e5ae0834895cd14082b7ed03,,,
40992,0.0,1024,1.0,1.0,0.513671875,0.2500572763929619,-1.4595453521169945,24.369115112890714,1.293933918407046,694b8ec3e1d8a82689438b0342be581b39473333b5a75e65feed245ec770c0fa,,,
40992,0.15,256,1.0,1.0,0.58984375,0.24287683823529413,-1.7584221277661816,23.26801849557042,1.2645905832823197,c632d1d319409b4d2835adb5189153620fa7c739dc6436a409415f8f897fa25c,,,
40992,0.15,1024,1.0,1.0,0.5615234375,0.2464555458822092,-1.6282917677151127,23.32062821201423,1.2633397021892323,7f985d2b51753e0bdda6a0ed4eb0e17212c011ad85cd94b0860dfceed6ba7a95,,,
40992,1.0,256,1.0,1.0,0.4609375,0.2494485294117647,-1.3779951176992373,23.062155851230866,1.3043474120104024,b35856aa3aef4a8f753e48401edb457976a5c1ad2b2628c686aba6fcb2b92ceb,,,
40992,1.0,1024,1.0,1.0,0.4609375,0.24871700879765396,-1.3779951176992373,23.09091976963643,1.3035548053346202,cfceaf15f02e392bb4829eadee2605c7d2ba5abde7801861bdbfdf2225d3d419,,,
41073,0.0,256,1.0,1.0,0.91796875,0.07559742647058823,-1.8433097365851556,24.085195753377636,1.3276056797673743,b97f62ee14328116fcb2645a386cb5ab010ca9202756af125e37cafb97e7067d,,,
41073,0.0,1024,1.0,1.0,0.935546875,0.060357862903225805,-1.7855464579334015,24.071859793229184,1.3191421014711884,6253cd80c00fb59f4fb3fc14b74c86317cc20e571c4df5c724330aa9ba1c3ae8,,,
41073,0.15,256,1.0,1.0,0.89453125,0.09471507352941176,-1.8331753160075506,23.35435363610132,1.32927770911515,29ea80d3d30c9bb0e367cd96bf4604958b956b7aec51383eb8f5a5b43ba335b6,,,
41073,0.15,1024,1.0,1.0,0.9404296875,0.05607645252932551,-1.7134804838315043,23.352723328015713,1.3228518361768327,1a37692d6ec9950ac64eb0ccef8dd65e43b59760ff3b97cb0af63ab291d129be,,,
41073,1.0,256,1.0,1.0,0.80859375,0.1553768382352941,-1.9082420030442955,24.335207209632937,1.3401501740787538,9408ed7d88d49157f20486fa6fef847bd593145d12a1d3046128faa9a0f96393,,,
41073,1.0,1024,1.0,1.0,0.869140625,0.11384637707722385,-1.908242003044295,24.341654120454024,1.3322778735214666,34b3f9772f2f41c51d8695a0e66442c029da9dfbcea5b6e6e12082852d7cb4fc,,,
41154,0.0,256,1.0,1.0,1.0,0.0,-2.9108030061284085,31.397856780947837,1.0363561879537735,ccf6fc17171992be228e97c279d94ba42f95e58f03ebb63501aa84e995955999,,,
41154,0.0,1024,1.0,1.0,1.0,0.0,-2.7545237703432752,31.499729683020323,1.044942326767923,fd7d17d496d0fcd56b233ed0315dbcb8ede8ea3d5ed050f503a88b3bc5d78e35,,,
41154,0.15,256,1.0,1.0,1.0,0.0,-2.6980524438019087,30.653471335157672,0.9807450857672909,c91e877c8c5e3ac890c214dea44eba7cec730d3b20d6a5b873e4fca43d703ba3,,,
41154,0.15,1024,1.0,1.0,1.0,0.0,-2.6980524438019087,30.733773734711974,0.9880769415418729,9c751217900cd8514bb3eb5bb0e08e75617fd79b52d0dc4e183998c0d700188d,,,
41154,1.0,256,1.0,1.0,1.0,0.0,-2.610119296332982,29.711993493805966,1.0626565183339132,12ca3ddbbe8d4fa27efcb10234340563bfd813223f289458367e4919f8d0b9e3,,,
41154,1.0,1024,1.0,1.0,1.0,0.0,-2.5998533209617505,29.812783968367253,1.0675649213043237,e931a7bcfe6d4f87d6486ae4f27e8c2d7be96e3778df99575b53f21c92e9c7f8,,,
41235,0.0,256,1.0,1.0,1.0,0.0,-2.7024421587415133,33.543307401147544,1.0686001356058976,a3ce39fc15734c9de9cb423fd7da29d850bb3976fbaea7782d7d44c271fb1e70,,,
41235,0.0,1024,1.0,1.0,1.0,0.0,-2.7024421587415133,33.52849178987136,1.0700467290264235,fa04f9ed8973970da885b7c814a7c61472fffa40834e4f8d8458ecfc4a0faf3b,,,
41235,0.15,256,1.0,1.0,1.0,0.0,-3.0273517795413696,33.65428467921717,1.0920596965578335,4bdfddbd0a9c3748cc1644ede154026a5752a9e645573cd244318d6b02d7d40d,,,
41235,0.15,1024,1.0,1.0,1.0,0.0,-2.6478706846357642,33.616595813627036,1.0938318870516688,87aa290deda4e470346d9881c147babf9badfb94204d819597da78165bdf6447,,,
41235,1.0,256,1.0,1.0,1.0,0.0,-2.4760996562920017,32.809600705092244,1.1737771409847726,47f5c354f6e19a4a51955defddca00bbd2b004af5c94fcbe566c05cc64b15e5c,,,
41235,1.0,1024,1.0,1.0,1.0,0.0,-2.4760996562920017,32.76508782242207,1.1742826158987223,883c5d8d1a5846d846c95c07619b08ee3e68cdb25c661854f9eeba81015b905d,,,
41316,0.0,256,1.0,1.0,1.0,0.0,-1.9004097387846643,24.006411051689184,0.9023883078656735,5a2eb658e1dcfff06f8fee106095c469af29de6ab8a68e8095c282a502fe6d3a,,,
41316,0.0,1024,1.0,1.0,1.0,0.0,-1.9004097387846643,24.153747930420085,0.905054029294716,99d53699fca0eb85abee9acf027f3901a6ee94ae6bc8db9a6ad3b1b8e5182c0b,,,
41316,0.15,256,1.0,1.0,1.0,0.0,-1.9249077479774308,22.429167081366757,0.827874592411529,a136464e5ccb3f4e62206919e5bd1128db84aa4c890d40fa50ae5bf6293ebdab,,,
41316,0.15,1024,1.0,1.0,1.0,0.0,-1.7872817899848807,22.59888969223918,0.8308099821568512,5419cdaa5cb7f75fca2d9a8749baca2c57eafd5afab3a5df0c5ae3e9730f7a90,,,
41316,1.0,256,1.0,1.0,1.0,0.0,-1.8525292330723615,22.97602169662378,0.8633966383449011,788831662269d4a2221d6cc5ae0af2df52b65a7fdd1576dbe2e9c85cbf0cf1fc,,,
41316,1.0,1024,1.0,1.0,1.0,0.0,-1.8525292330723615,23.129451676688277,0.8667777028960632,48b41218312143e211cb7eee15a661ddd96b7b7a808c76d6f820c72c241726f5,,,
41398,0.0,256,1.0,1.0,0.8984375,0.09160539215686274,-2.036727447866503,30.46881117540305,1.6571020763020148,76f85f2836bf4f687f848db68aee3d996f35f3135db2dc17b3acfa7f7c35467d,,,
41398,0.0,1024,1.0,1.0,0.888671875,0.09903088343108504,-2.036727447866503,30.53452479053377,1.6656620346283226,305a5befd81ed7abfa476b879bd88303eb2f3c9485662fb69ace514edd0a59bb,,,
41398,0.15,256,1.0,1.0,0.94140625,0.055376838235294115,-1.8616756390347349,28.913221363638673,1.614011932214983,2eab08be33fe06fb95a698c030d086659673ed57c9b166f196bb6b765462e51e,,,
41398,0.15,1024,1.0,1.0,0.9306640625,0.06459154294965787,-1.745576181443833,28.975180697352922,1.619459756921991,dd29d127c4667e87c797d85e617a6dab656ab1617e0442fc712b5571b1cea5e7,,,
41398,1.0,256,1.0,1.0,0.9140625,0.07886029411764706,-2.245173213020575,28.621320126307626,1.6417133588761446,bc53f10f983b7809641f24aec18db75a91a644b8d784e2d00224f1fc370149ba,,,
41398,1.0,1024,1.0,1.0,0.8984375,0.09133675464320626,-2.245173213020575,28.66981685047988,1.6460321964492806,0bff3503d2671c7ea2e7f2098a8455a77c13df6d8411d7cd2d2f342d601c7b00,,,
41479,0.0,256,1.0,1.0,1.0,0.0,-2.7077264774631633,31.648011386519173,1.0606776642826956,94b59ac942adfc7dec29cec5a9fd405946e46309ebd7962e9ce1f8fb7fe7ad6a,,,
41479,0.0,1024,1.0,1.0,1.0,0.0,-2.6122887079009995,31.713949089875157,1.0511294113467922,c0dee65d9cdbeda283311639ab1f55815cfae2140274891ad862b1013e3a01b9,,,
41479,0.15,256,1.0,1.0,1.0,0.0,-2.3002711939747487,30.80223536017981,1.0345914951937465,d5c77cf0a03aef4742e8fbdde9eb6357c73bba30330df1240b4c43bc7a859b6b,,,
41479,0.15,1024,1.0,1.0,1.0,0.0,-2.2492394757107883,30.883639197416855,1.0277921576423263,715c7aa6d980b9bfbc796ec5254cc5c62198efb35aab6506b09547d295f6a382,,,
41479,1.0,256,1.0,1.0,1.0,0.0,-2.260179023105632,29.838615712935155,1.1006216826217132,317c89a956bedee119ec9b82bec74b078d05cd2cdca7c0f1a0b2391f2642e328,,,
41479,1.0,1024,1.0,1.0,1.0,0.0,-2.260179023105632,29.91914886904647,1.0941536103528646,ef219f9a058dcd62609b08496e48e9de3607427e1ef45a94eb8cbf47431657c9,,,
41560,0.0,256,1.0,1.0,0.96484375,0.03405330882352941,-1.7137792044210358,22.406005344200008,1.0791947517766345,ead1242a8c183a4a7f759303a8b756bc54dc0bf1ed03ac6b608f8f6c7749fc2c,,,
41560,0.0,1024,1.0,1.0,0.958984375,0.03937179252199414,-1.6890352692600388,22.07278681621303,1.0643657252225258,70d6eb9508f5927ed4ea486b7842b9b9d838e3691d57a7b27b102c2563d47032,,,
41560,0.15,256,1.0,1.0,0.75390625,0.18625919117647058,-1.724683552606991,23.13887892876821,1.217024426883849,d8b22b449095bc8448d69ebdaed3b2d82fae171032e180ecfbb68eba9a965ad0,,,
41560,0.15,1024,1.0,1.0,0.7392578125,0.19294412115102638,-1.5600116946342193,22.838421229521003,1.2088716391529695,0faf7177e1dca5cf1975433b78823829b02e7ceacb6cac59ee678c0a8b341215,,,
41560,1.0,256,1.0,1.0,0.55859375,0.24753370098039215,-2.0018301262486053,23.526696005556733,1.2779250123273838,bcf172104255b1a57a69cdf55b603d1754524930ccc590a968193e423035cf92,,,
41560,1.0,1024,1.0,1.0,0.5302734375,0.24932700238269795,-2.0018301262486053,23.258083141060112,1.27235200613654,99a07e42dd85566ff66dff85639e5e5ccbd8dcee783fb2417594021cf5874027,,,
41641,0.0,256,1.0,1.0,0.7734375,0.17591911764705884,-1.7462064010782248,25.43084643100178,1.4920745577651018,89b211f0753db3a6f05366b4f031f1ca26041a7f03924f62d108373f60d0bf59,,,
41641,0.0,1024,1.0,1.0,0.7685546875,0.1780522589809384,-1.7462064010782248,25.423872419425603,1.487806429822355,afdc3a696fcd4ac68ccca564f54942eb1b9994860763f18600d77f6dc2d0c408,,,
41641,0.15,256,1.0,1.0,0.94921875,0.04839154411764706,-1.7256370286324967,23.538668163915798,1.3129696924161833,fc0798a087da70555405a4af2262c747d4497f1bb7e32e3a5266b4702714148c,,,
41641,0.15,1024,1.0,1.0,0.9404296875,0.05607645252932551,-1.7256370286324967,23.527133445785946,1.309379167781039,dde295ed85ca02c0c71c62457bec434f6a3033397c595e5832425f9c0a6bbce4,,,
41641,1.0,256,1.0,1.0,0.84765625,0.12964154411764706,-2.2563931633605065,25.12811672419709,1.3339283824157193,e2b2237cbfb9575a307d6c5ebf8bcc48f63766474d851f54c21b24b7986d6c4a,,,
41641,1.0,1024,1.0,1.0,0.8310546875,0.14054004001710654,-2.2563931633605065,25.163165553194364,1.3317011555301206,d4acbfe5f0be43e4bd71a3b93956e2abdb8c1f09d90b3dea945c02129776e653,,,
41723,0.0,256,1.0,1.0,1.0,0.0,-2.8880575071682912,31.826016280417907,1.0544912729663367,abb14ec6a89d98aad7060d3fd39b27f0b692ce977538fa3dcca186d640a675e0,,,
41723,0.0,1024,1.0,1.0,1.0,0.0,-2.733356911367972,31.726050620505486,1.0471110827758703,29948914f7c91137e5d63bc8f8c12dffba1063d61cdeb98f48b3dbd4e15f3c78,,,
41723,0.15,256,1.0,1.0,1.0,0.0,-2.7241981292875472,30.365106070851613,0.9826274796596,a4d3f94b2a370a790aadf3eb7262cbaa7a48db2c968b87ef08a6fd5daedae47c,,,
41723,0.15,1024,1.0,1.0,1.0,0.0,-2.580118338984198,30.3125462579624,0.978712811615918,2b9b266cc3443b30ed3cf263ccf6f792980a1bcc79e06304f36a54e1aca8277f,,,
41723,1.0,256,1.0,1.0,1.0,0.0,-2.605015077601487,30.89511206290658,1.101332360561382,ee006d21145417fc12a39217e4ba311753d53a54ef816f4881a6ecf80f9a179a,,,
41723,1.0,1024,1.0,1.0,1.0,0.0,-2.605015077601486,30.81432465780154,1.0944847910808486,699bfdf039827af0f91ac86f5081a482abb32a97f681f03e7f94887c766387d9,,,
