origin,retention,N,unresolved_fraction,refined_fraction_certified,coarse_fine_agreement,correction_variance,maximum_enclosure_violation,mean_radius,actual_mean_error,scenario_hash,fp32_label_flips,fp32_max_state_error,cpu_gpu_max_state_error
31409,0.0,256,1.0,1.0,1.0,0.0,-2.6576098429271715,31.06149249338004,1.0887521079463542,76ff3a4b38eb2a25a2228e11bad5307596a064e82ce35037ae3a5e20b6e16b7b,0.0,1.917323036337848e-06,3.552713678800501e-15
31409,0.0,1024,1.0,1.0,1.0,0.0,-2.468346956520954,30.886043847917403,1.0734198497838896,e78a3bb09bb04967cc267aca02d72b2fbbadf4d66e1d8085273f4d62ae63ad84,,,
31409,0.15,256,1.0,1.0,1.0,0.0,-2.4931016047434884,30.58919993071052,1.0681134901018814,153801ee3cd9de78ee24ad8614d6858bd0b7e80ba92202af0561875933d01d88,0.0,1.7944397683322677e-06,3.552713678800501e-15
31409,0.15,1024,1.0,1.0,1.0,0.0,-2.3134500641469034,30.436744545385356,1.0518548240265226,002e92d0e2c2a44ecc51e807ea8b5c9e962a9e11ada08b0f060f4caf61a40250,,,
31409,1.0,256,1.0,1.0,1.0,0.0,-2.363516995020861,29.915520573854334,1.094516330969763,e9617867baf50f80cca856224969e57bb71fdd32c99ae6b31cb01befcda266e9,0.0,1.9705972942318795e-06,3.552713678800501e-15
31409,1.0,1024,1.0,1.0,1.0,0.0,-2.363516995020638,29.74109641401724,1.0799971105267818,cda9fa16cbb4d76b9dd4fdd585a67605371de77bb446b33ec2a78eddf7b3f2da,,,
31490,0.0,256,1.0,1.0,1.0,0.0,-1.451031102240047,21.657077088186096,0.9212883422778865,b6ef284ecd42cbea94f8e42be50267ceb4a3e43f9f58b7fe40aca40ea16861f9,0.0,1.5730905520427996e-06,2.220446049250313e-15
31490,0.0,1024,1.0,1.0,1.0,0.0,-1.451031102240047,21.60180434162537,0.9174754952720866,effeb597c40ede944629e7f1b84ad4b29df1f5c7ec81ff351bbee17a09f2194c,,,
31490,0.15,256,1.0,1.0,1.0,0.0,-1.5821983768041061,22.175053609315167,1.0686911260145329,cfd94b02203d5704e470af8b85c2299a1c0429acbd7c472538d729ca6a60cda1,0.0,1.4774008514351067e-06,2.6645352591003757e-15
31490,0.15,1024,1.0,1.0,0.99609375,0.0038947947214076246,-1.5470173049508902,22.087968255199552,1.0683935426243212,e974ee25549c70b09c42b1b76f3da63ee082f4612a2b002386df4e3b06d26658,,,
31490,1.0,256,1.0,1.0,0.98046875,0.019224877450980393,-1.412034326955749,22.602000124424297,1.1074168773100415,6dd85e29278221dece69d68cf450b666edb9689f277765294bcccd31da82bffa,0.0,2.394238662439818e-06,2.6645352591003757e-15
31490,1.0,1024,1.0,1.0,0.98046875,0.019168499511241447,-1.412034326955749,22.554805842609408,1.108388380825417,73984faa194c9c70e9e1b75f9069862683603db82128f8d88e798e8a648110dc,,,
31571,0.0,256,1.0,1.0,0.9296875,0.065625,-1.9303741725621952,24.280098987239366,1.3334522643451212,c44518d7a746cafc829ea6becdebaa5f32cd5b7c5a4c5e8e6b289c66b2a0ec76,0.0,2.2333600995239067e-06,1.7763568394002505e-15
31571,0.0,1024,1.0,1.0,0.9228515625,0.07126615194281524,-1.7692883972839923,24.411602988829404,1.3467729343564394,c6d66fcd25c95580d3e00f3605a57ac89dbf983a5afadc06f8884f6cbb51446f,,,
31571,0.15,256,1.0,1.0,0.84375,0.1323529411764706,-1.8575248279928651,24.005127065031974,1.3885221403075954,230615bb274fd561cc39a3c4c973334802ad6a1f5d5608a1f457f75547405475,0.0,1.8061525537405032e-06,2.6645352591003757e-15
31571,0.15,1024,1.0,1.0,0.849609375,0.12789818548387097,-1.7740488882324819,24.05984985615977,1.3952901551004717,da39c01c28c0c13cc4e9f898053f8e7d0cbb761a21fa40d93d46b082f3af086f,,,
31571,1.0,256,1.0,1.0,0.69140625,0.21420036764705883,-1.7256450228902631,24.06725808969519,1.4091310074580874,6eae1803892814946f3c5663c85308716bf3dd40273fefc18a133d77cec5c83c,0.0,1.9181413417612703e-06,2.6645352591003757e-15
31571,1.0,1024,1.0,1.0,0.7138671875,0.2044604945625611,-1.7256450228902631,24.121803003107093,1.4191101676343048,ce3ac2e475e6b434d90a8df8f9e90d4452014c50729e768318ef85e040bca23c,,,
31652,0.0,256,1.0,1.0,1.0,0.0,-3.0542159123435626,32.41847685832281,1.0188949182616205,c1483ff66491d3b0f5384f7c2b38fe16fac20afe2ff2f25df256ce6bdc3a56eb,0.0,2.4291988154345745e-06,3.552713678800501e-15
31652,0.0,1024,1.0,1.0,1.0,0.0,-2.954142661483561,32.38842080578073,1.0164832257727128,e016bd60e438558c8ea64991552a22f0eda3755b9c089272a33adad2249ba07e,,,
31652,0.15,256,1.0,1.0,1.0,0.0,-2.698048068329264,31.122527025108237,0.9433912625079983,5e824d3a0a4129d17be8fc9f2fa488dbf7ee758fdb54baf05bb50405404d905d,0.0,2.8290635363248384e-06,3.552713678800501e-15
31652,0.15,1024,1.0,1.0,1.0,0.0,-2.6618599763012654,31.13287486519238,0.9430817789951464,c6714e654e219c21606675049cd90a4fb3c9c53ac4939a8ad6b774e2944065b9,,,
31652,1.0,256,1.0,1.0,1.0,0.0,-3.109153506237959,30.273419533495254,0.9978367396438967,0629b238e528571b59d5a534bd4377f69a69b7c98897d445e6630be3d6c61416,0.0,2.1703409913698124e-06,3.552713678800501e-15
31652,1.0,1024,1.0,1.0,1.0,0.0,-3.0902535892103744,30.27158666131199,0.9980913958464832,952fc675811b99362a61ee3c1740dd0b489a04b4dc0f01515a47e01f7e0f240a,,,
31733,0.0,256,1.0,1.0,1.0,0.0,-3.159751987513424,34.61965876164942,1.1212351203933455,70e8ae5903704f6062eeccd589b1481432a0d8c162db542a41ae90a03853db48,0.0,2.281949900151403e-06,3.552713678800501e-15
31733,0.0,1024,1.0,1.0,1.0,0.0,-3.0638910280292553,34.65374958670771,1.1171914538538728,7b374593a432bcf9eec4339f2c88c2f18c1e485eb483f89a7be2ae3ba9cc21c7,,,
31733,0.15,256,1.0,1.0,1.0,0.0,-2.774315850514391,33.52886873938504,1.067201058914496,c7cb6cc6a64137609622a5e5ed88992b17ac23fd584947e3e7cb3340ca86d213,0.0,2.1629510467136015e-06,3.552713678800501e-15
31733,0.15,1024,1.0,1.0,1.0,0.0,-2.774315850514391,33.6058379361457,1.0652856682492042,4de760d92cd5809dd875b0ef0fce2caf1ac702b38b7689ada03ec3021e5e96b6,,,
31733,1.0,256,1.0,1.0,1.0,0.0,-2.996136845882881,32.445367653945745,1.089935780943791,9a64516b55dc7c99a5f7a042cf7ebac87461b6924710c54915006a119661f40b,0.0,2.2139645974306177e-06,3.552713678800501e-15
31733,1.0,1024,1.0,1.0,1.0,0.0,-2.996136845882881,32.52676863064408,1.090282265847123,222c46732c3d68b21356b52789b44511248513c73065be222cadb7cbd3078a62,,,
31815,0.0,256,1.0,1.0,1.0,0.0,-2.0509028562751297,24.48568643570647,0.9702713224529758,667ffd13ab28dd06611af078890fbc491d283eca0e8c0ad0d74d6f2b4e598125,0.0,1.757209524555492e-06,2.6645352591003757e-15
31815,0.0,1024,1.0,1.0,1.0,0.0,-1.8689894676689462,24.536379723219763,0.9717353526244554,b6ee3f9c37911632e75d3b4f508725645c5ac3b354da374a942cdad942c89a16,,,
31815,0.15,256,1.0,1.0,1.0,0.0,-1.9703087947976488,23.455217317022676,0.8899684404967253,476165741eac8a8c8df882ac8d2547c33935e5011dc06097e8fc9f8100eb6e96,0.0,1.6686683466105023e-06,2.6645352591003757e-15
31815,0.15,1024,1.0,1.0,1.0,0.0,-1.840193786064387,23.539479938396415,0.8934595743089969,5ae708a8a78462c24ba16824141d5cb9a33fb5b85d80b2d4ca8befeab1ff7cb1,,,
31815,1.0,256,1.0,1.0,1.0,0.0,-2.089531137739545,23.9107198421363,0.8914340720319214,f6bb4e49afb831184eeb661c787ab039cf0b49949e0bca73bfd778757de2373d,0.0,2.194375994690745e-06,3.552713678800501e-15
31815,1.0,1024,1.0,1.0,1.0,0.0,-2.0895311377389874,24.01037747409919,0.8959915024856339,0a8112d94204e0086a209f60bbcef236cccc72a41914c1576a152590c91b6851,,,
31896,0.0,256,1.0,1.0,1.0,0.0,-2.750541036492979,32.22651020976108,1.4933687637147304,916cf4590f3ee49b4d2fe9374c2542be7a4f5ff4b77c9d1d25b1bbc240e793fa,0.0,2.1286844269496896e-06,3.552713678800501e-15
31896,0.0,1024,1.0,1.0,1.0,0.0,-2.6188993869172803,32.44969353622265,1.4935412071063747,357764868d17c67bf73f6dd8897ea05b7cb773f49169ace2f68a30674c9470fc,,,
31896,0.15,256,1.0,1.0,1.0,0.0,-2.479476195887436,29.94293620060804,1.378866036894944,02b57a9c0d5dbb31fdfde3d348796bfe7fc02435f15c83199257ed3aebf98015,0.0,1.936765313459432e-06,3.552713678800501e-15
31896,0.15,1024,1.0,1.0,1.0,0.0,-2.4134387738939265,30.15841267501583,1.3806173194306064,5ee08483a7cbec07ecf527aaee0ca4b16ac3e4f82a8ad128573b8a2d5cb29d5b,,,
31896,1.0,256,1.0,1.0,1.0,0.0,-2.5703885570483234,28.575916567780695,1.3517102489123531,cbe52254041082c04063ce67158ff1a0ebd1db45b0e66fa5c5004dfeb8142c94,0.0,2.0979535726439735e-06,3.552713678800501e-15
31896,1.0,1024,1.0,1.0,1.0,0.0,-2.570388557048319,28.82664594814472,1.3568145734681094,69e9670307a44566f9308337b72b5b3eb4081bd95155c6974b85737cb16578b2,,,
31977,0.0,256,1.0,1.0,1.0,0.0,-2.6245481298030837,33.56010223199615,1.149788947853365,7ad9abd5b054577599dbfce8165b6b792b3e64b97385bbe50149c8715fed1fb5,0.0,2.173162299001774e-06,3.552713678800501e-15
31977,0.0,1024,1.0,1.0,1.0,0.0,-2.3984385304358025,33.56294927458518,1.1416523640439673,70e2711f244dcbb704c6cbcb24ab08145132f2d0316a766ea801e97a70c3f008,,,
31977,0.15,256,1.0,1.0,1.0,0.0,-2.52272125714331,33.01842554061792,1.1416678062163945,c309758e21f27573769d212995ba5e8ab1297642c0907f22bcad900ba1a9fd4f,0.0,2.004988330028823e-06,3.552713678800501e-15
31977,0.15,1024,1.0,1.0,1.0,0.0,-2.52272125714331,32.98788037935835,1.1319267481976942,e7f9b498bcf2dbc619f4b97ae1df27457a6824691dc6dafea20a002fb9702541,,,
31977,1.0,256,1.0,1.0,1.0,0.0,-2.203545655316434,31.451817386534042,1.1370886867968582,6ee1d8caf6beefd7b910a6b0250674bd6f4937fc292da364218bc806d71193e2,0.0,2.052243079475602e-06,3.552713678800501e-15
31977,1.0,1024,1.0,1.0,1.0,0.0,-2.2035456553164083,31.408579268856197,1.1287226511895185,9f75bc3400e87f0ee727b6c588f180906ea8037501f30ae139a7b1c20a4204ab,,,
32058,0.0,256,1.0,1.0,1.0,0.0,-2.829781859753039,31.800919971042656,1.3345934808435445,46f990717359c4981830bd35f3d357157b77aa25f3f67edf38cf73a4f1b45f54,,,
32058,0.0,1024,1.0,1.0,1.0,0.0,-2.6227021542245215,31.889775483324485,1.3454955701072209,e970a21b4a3f8f827b4179e895e1bd3c4235f462892646a1742d534aa086aa11,,,
32058,0.15,256,1.0,1.0,1.0,0.0,-2.4221625931495288,28.213322963218847,1.0578943876979934,135559e018f6c151ea26ca74a63c157b7749f734e9848906fbdf1e16d0c9ab5d,,,
32058,0.15,1024,1.0,1.0,1.0,0.0,-2.418866615103508,28.26901901482277,1.0644376519694554,7636413991ae48a1de27189f83a2e5dfa645b41c4ef6760b5613011e16addcc0,,,
32058,1.0,256,1.0,1.0,1.0,0.0,-2.657181182108281,27.479489966252824,1.1269872721265355,71e0f0ad6c6c70a1a740eb308acfa7e6778446178437146a3e14d81c106ff409,,,
32058,1.0,1024,1.0,1.0,1.0,0.0,-2.65718118210825,27.552560236705762,1.1327137378927497,9922c9a93951ddd1a553b11fa1704706ae63fea62b6da0cc8a17c0156725f5ae,,,
32139,0.0,256,1.0,1.0,1.0,0.0,-1.8911870823000871,25.888351937808455,1.0339939405018252,981d242e4bba9352022e4feb17765731cadb996016a216b1af97789e4daf09af,,,
32139,0.0,1024,1.0,1.0,0.99609375,0.0038947947214076246,-1.8911870823000871,25.49586352292299,1.017529713201453,e4047bfe7e0e6b58c963ecf14474ec543c07a639ab4857e6c63c0187727cb546,,,
32139,0.15,256,1.0,1.0,1.0,0.0,-2.0941003192855256,25.76734063372841,1.0537083143721544,5ef16098659e170fe32db0cd1ddbdc7f61e4d071d07dcfc4e0f2a60a322be880,,,
32139,0.15,1024,1.0,1.0,0.9970703125,0.0029239598607038123,-2.0355340659116012,25.38675490267592,1.0355497023353843,3a5e4ffac315beb137f54c033bf822fe180cd5dcfff4a5bf64953412e6808bc7,,,
32139,1.0,256,1.0,1.0,1.0,0.0,-2.1056326759507105,26.772220779821264,1.0724502983635151,81f6be333b0454c3baab6dbc120508368314ee362272f779ddad01dc89a70076,,,
32139,1.0,1024,1.0,1.0,0.9951171875,0.004863720369012708,-2.1056326759507105,26.400042847166088,1.0558382483669089,e230baaf8add585557c39e834b36ad20b7fde36c337d7c7a1966d07418e84d24,,,
32221,0.0,256,1.0,1.0,1.0,0.0,-2.622463340183351,31.205268859004494,1.035783327612259,119871b48d18b83373c2b5eeda8d517d718819cba0ae538fef9f21e3695ee3fa,,,
32221,0.0,1024,1.0,1.0,1.0,0.0,-2.341664320481169,31.156396324272524,1.0323803014343216,64a5f38851ea13120f9d0e1bbf1ae15504b25a92c6789956a1b0256157af0d38,,,
32221,0.15,256,1.0,1.0,1.0,0.0,-2.3308456940217317,30.32639814620826,1.0090558808634078,b415a0839e92e3640226878b1b3b127f1882a83ff29709f1f1ec2485d05c7564,,,
32221,0.15,1024,1.0,1.0,1.0,0.0,-2.306548163498146,30.29758328298428,1.0074220162383365,8ace07ec46b84ec9fdda7c2235165c8066a4d20e0c0b0a03e4c4feba41d88587,,,
32221,1.0,256,1.0,1.0,1.0,0.0,-2.4035995471730915,28.553267000074044,1.0204520951682354,99091320ea840478309289114c31b74bc87672881b32e8b53029d99db20289c3,,,
32221,1.0,1024,1.0,1.0,1.0,0.0,-2.403599547173089,28.53899240803538,1.0206727397152986,785bea1ae69f8a1f945bd4c0defea58f82483579947212d1e2b79889af1a4455,,,
32302,0.0,256,1.0,1.0,1.0,0.0,-2.5652271135232407,32.72337904473557,1.086196138254982,2715be33e3f97319e56893206a16ab4eab5ba729e0e5b8d9708f82eda4aa9a41,,,
32302,0.0,1024,1.0,1.0,1.0,0.0,-2.5652271135232407,32.81091909314838,1.0926069318807081,c9412ab0517e0cc7072eeb33dd0f6aeb155f4dc77e4c4ef47a08a9a5f3325fd4,,,
32302,0.15,256,1.0,1.0,1.0,0.0,-2.7039376062684752,32.734249942505684,1.096512192600142,71df3c9335f7c339675986d2475851d2c57fcb2475437c09f358fca1cb6aea74,,,
32302,0.15,1024,1.0,1.0,1.0,0.0,-2.491420475670454,32.80894894564572,1.1034503863346103,d16c3f99cb419454db111c1da5d6209e2f469bc17ee762ac10acf6a5f974171c,,,
32302,1.0,256,1.0,1.0,1.0,0.0,-2.6387171988098026,31.58496131348203,1.1325684879827262,2c564c31b1ae0dcd2903bda8389739f87c78ae702c78a823ca0675636c88b67d,,,
32302,1.0,1024,1.0,1.0,1.0,0.0,-2.6387171988098026,31.616147952010156,1.1361356361644201,8b1d170e7846f3e773ae415ad150ae5a0802ba2db666f3bfdd9b15f80616e259,,,
32383,0.0,256,1.0,1.0,0.99609375,0.00390625,-2.2397747179205,26.448896870247882,0.9868661124540175,19752b6cf5ec5cc875de056218c6dc529478af0fc5a9e661c71543648a024054,,,
32383,0.0,1024,1.0,1.0,0.9990234375,0.0009765625,-2.1584926286590163,26.488443979716326,0.9877022766321383,dc488ca283aff4f7249bf8520e22929c93a69efcf8783324aee143b8d33aa3d4,,,
32383,0.15,256,1.0,1.0,0.99609375,0.00390625,-2.3103811656407287,26.395896259450012,0.9963908125959774,dfad4f34f47ecc269a7be5b3396afedcab416fac2028963af944cabda5c43f02,,,
32383,0.15,1024,1.0,1.0,0.9990234375,0.0009765625,-2.3103811656407287,26.46909399065044,0.9956234270772314,48e325cd1fabd7054fee8f410e920f1f4c2875a3630c71410b1bef5c26c12428,,,
32383,1.0,256,1.0,1.0,0.99609375,0.00390625,-2.3811449173996877,26.748158397472846,1.0396250288003368,631b45913d8334c4c7813f4048a2a0c83dba05beda51b40a8e24aa50b8a3e438,,,
32383,1.0,1024,1.0,1.0,0.9990234375,0.0009765625,-2.3811449173993484,26.79678275142557,1.0374093149959056,657bca0f0831fed3257831e00af2c8753e7ef5c17e08665086f505f4734bfa27,,,
32464,0.0,256,1.0,1.0,1.0,0.0,-2.5441244740455815,30.75476650367672,1.2156179270533014,bc085b38c68fa609c030e7a422b2851ca79fe05ce22179a3fd3dea6c18bd355e,,,
32464,0.0,1024,1.0,1.0,1.0,0.0,-2.4642461520020746,30.566916536185076,1.208183392442937,cde3d2fa9fa17afa7f6ccfbb17f6f868e5fa87505b94c609a36fcd23778fba09,,,
32464,0.15,256,1.0,1.0,1.0,0.0,-2.575620838195653,29.64204787806293,1.157008949015474,47cea596f0d03b489e33182844f90da1effad28b140435e19c51ef7e96fa89ab,,,
32464,0.15,1024,1.0,1.0,1.0,0.0,-2.470499259307042,29.482571740428813,1.1527499542636195,23f742822a7e728b3e789310c4dd8573820972f5a295f2bf9a464c54763aa2c6,,,
32464,1.0,256,1.0,1.0,1.0,0.0,-2.4152060657614176,28.533056343441842,1.2143054588709077,e02ff2e2a47394a91861295ab7a731aa1d28ecf5c4410e51135d86af650f162e,,,
32464,1.0,1024,1.0,1.0,1.0,0.0,-2.4152060657614176,28.401670315607593,1.211701210966789,d9d384f534fa24db8d6df315d85fc6a6650500fd6ba561c24ec4e1b76b27d2ba,,,
32545,0.0,256,1.0,1.0,1.0,0.0,-2.4542905831573734,31.891074105371455,1.0677814000276675,a2001493387bd5365e0d8a18c76edf00def76e47604c0d4883278a9083807f5e,,,
32545,0.0,1024,1.0,1.0,1.0,0.0,-2.3874536724807527,31.73286201361641,1.0619031482095316,efde2d2cd0658021215714ad9937827fcb3000552dd1c979e6d7714afcd3f9e0,,,
32545,0.15,256,1.0,1.0,1.0,0.0,-2.376851641374661,31.605745122065496,1.0544588476602013,46e41ae940dc4184cd7519de5bb21613d96df023c55599bb7444f4c42a5bcbfa,,,
32545,0.15,1024,1.0,1.0,1.0,0.0,-2.3116555768517912,31.44546912968177,1.049527332777112,ca2a634173888b2cd50fc521fe1572ece72267edcad5e90fe95d0b96734d5723,,,
32545,1.0,256,1.0,1.0,1.0,0.0,-2.449156532903091,30.63070261637445,1.0903192709114191,ede659711ff5d1d4a0b15e617cded53d94288421e6906962cd1f1887490a4a07,,,
32545,1.0,1024,1.0,1.0,1.0,0.0,-2.4491565329030793,30.464456885048047,1.084558723200177,23ade4648dbc22d0db0b7ba942332c562edc9298f845b3ada07909a2c372c391,,,
32627,0.0,256,1.0,1.0,0.85546875,0.12412683823529412,-1.8479830043967347,28.14191524867816,1.3185340124493254,1bd9cef51b8a37686cffcc30124db10ae0f1b0d0af50af131130bf329974889a,,,
32627,0.0,1024,1.0,1.0,0.83984375,0.13463770772238515,-1.8479830043967347,28.06679820816321,1.3308295547701259,de8a641efdf34a2f7f13a30a46d9c0cc8d78959ece113c13fd83f322af6838e6,,,
32627,0.15,256,1.0,1.0,0.84375,0.1323529411764706,-1.6085684714747326,27.777889234497636,1.3196899217142626,333f1a214da10f723000f8922df7616d30127add8387bdb47907856b59eea8be,,,
32627,0.15,1024,1.0,1.0,0.828125,0.1424731182795699,-1.6085684714747326,27.677965655243355,1.3324722417189758,8bccc8a506c103e962be22726198a7e73875bc37aa5c8c0424cd01bb724b71c9,,,
32627,1.0,256,1.0,1.0,0.76171875,0.18221507352941177,-1.5793328870425278,27.7004088537596,1.3780694925054404,b580844767b968761ab81bf4d47437b4e0bca1d805c3e9a8bb11711047e6c9b2,,,
32627,1.0,1024,1.0,1.0,0.74609375,0.1896230449657869,-1.5793328870423746,27.6172849957409,1.3931938966190334,825731068df55529f027d958086d01f02c95f3bcb7ab1345a6e8e141f8699701,,,
32708,0.0,256,1.0,1.0,1.0,0.0,-1.9589200051423976,24.156119536822832,1.114061203243284,56a4b19fad70a341f9479613b9f78b8337c77862f7b8729c8cfecaddb8b5d79e,,,
32708,0.0,1024,1.0,1.0,1.0,0.0,-1.9531081942137858,24.00351447438679,1.100852230551475,fe1a719cd0079d51a16b6b2795aec059456a697166a8b107dc5e3276df251132,,,
32708,0.15,256,1.0,1.0,1.0,0.0,-1.8787606078258876,23.69570081346969,1.0816169107234817,f7a7cbf7e9571da20df9db4d1231e53190dcccc8a54702cff7082549be7998b4,,,
32708,0.15,1024,1.0,1.0,1.0,0.0,-1.8787606078258876,23.561708025440694,1.0710917232103003,9253f236dc17a491cc157612c5ce0128a8bb788f4a170692fab3e1eb639ca080,,,
32708,1.0,256,1.0,1.0,1.0,0.0,-2.0432068725341215,23.41993384765419,1.0426250948914821,5da13fb98e64f78357479617c1034e570a8ef575d84bfb717961e1cbcab9cfe4,,,
32708,1.0,1024,1.0,1.0,1.0,0.0,-2.0432068725338848,23.28658748801183,1.0321637622259021,2b7861a23f44bedb8423bf0b0939c508cdb82c8a31e03b0cab61100583fc7b76,,,
32789,0.0,256,1.0,1.0,1.0,0.0,-2.582951791810844,30.53700686807564,0.9864355673417463,e66e1e8975490a7fd1bf15fc6310464805c4f9c8f7d2e214a28fbc3a558526a4,,,
32789,0.0,1024,1.0,1.0,1.0,0.0,-2.478971555502331,30.587781878492823,0.9912571588338606,1424301cb84283adcad0a13791ce6774eaae03e2f5f3712afce63a3b9eb88fc6,,,
32789,0.15,256,1.0,1.0,1.0,0.0,-2.6060558412944665,30.521943389564342,0.9988401675642318,ce2ded145c4449a09f7cf3bf03bae5401c71aabdada0a635f44258291b4a8fdf,,,
32789,0.15,1024,1.0,1.0,1.0,0.0,-2.4904144185415578,30.55951663295927,1.0034151909523419,303380702368d9f9f293db24fc1707e708be513edaa26e851fd57da90b63f13a,,,
32789,1.0,256,1.0,1.0,1.0,0.0,-2.747009248436865,29.470475727208733,1.0299600740951713,1354e6769e8d2b7d96fd8fef690d2c8ea5f34f4efae874ff0fce82728bc87541,,,
32789,1.0,1024,1.0,1.0,1.0,0.0,-2.7470092484365605,29.516417094619147,1.0349057287572092,afab8b4dd7ba9187ee8d8c40cd1edc94f338db5a97a91e3bf366fff7cae3f097,,,
32870,0.0,256,1.0,1.0,1.0,0.0,-2.653425652621424,31.704674817927664,1.0772360873445672,8f4e4c64960c3e852548e9fa298e7562d78a04a11928fb22c76762bb15317c0e,,,
32870,0.0,1024,1.0,1.0,1.0,0.0,-2.4464245304604333,31.80359980536987,1.081620819129218,e055766856b5657b6854c2577001fe84eeb232c8766313b279c34c9743f3ed0d,,,
32870,0.15,256,1.0,1.0,1.0,0.0,-2.589137257292035,31.012340794873268,1.052371325746868,418d18d5c324811e9e42d955aea3c1e4fd2c5f2ddec0a6895709bf77d3cb65c2,,,
32870,0.15,1024,1.0,1.0,1.0,0.0,-2.410714457944019,31.080991384246516,1.055707195857781,6c5d019d90654aa42cdf1a8623296310cd275167db08c2e6358660a9bc61e8a7,,,
32870,1.0,256,1.0,1.0,1.0,0.0,-2.452897123983993,30.36667758414373,1.1041211898576373,aeb670a33cca80727beca3b2ec2e69c5155a32a22e2f9caf37289cbcde374ec3,,,
32870,1.0,1024,1.0,1.0,1.0,0.0,-2.452897123983993,30.41846049917008,1.1053886397436175,4a5a33ed9bb9d1e91c4a2208f7782bb57a9026c2f88632f7b5f29e90ee54f5f6,,,
32952,0.0,256,1.0,1.0,1.0,0.0,-2.0588090645864066,23.549111459353167,0.889499511074725,7600101f5aad1bc53083a06daa64b401fb59f479ac5918b09aa9a1b2317c7849,,,
32952,0.0,1024,1.0,1.0,1.0,0.0,-2.0156368072485233,23.663912510864368,0.8908618561296624,39e3c4331f57ecf3a808a84bc510e4259d6ee8c61c7a6300c488c6b46c22339a,,,
32952,0.15,256,1.0,1.0,1.0,0.0,-1.902817942270259,22.776787767164496,0.8756831562400635,9aace1d215c08b924bea07e5ebdb44537db376cd599960445b4d39d3e424d0a7,,,
32952,0.15,1024,1.0,1.0,1.0,0.0,-1.7361514040583934,22.885486500291037,0.8758194529199214,7f4338f8c8bf2ace21cd9d6147135ee8613fb6e27cf408ea13012ebe6be23615,,,
32952,1.0,256,1.0,1.0,1.0,0.0,-1.6695052693056773,21.57935547080177,0.7702268164623901,c255926f49417fd355037166b56e578d8eb10e99971d1474befc5874b0104df5,,,
32952,1.0,1024,1.0,1.0,1.0,0.0,-1.667218685310886,21.712861526150007,0.7701914214969313,7d1a38d50a3109dfc3fd557a657009c5afba571b10c542295f57fc4bd59f19aa,,,
33033,0.0,256,1.0,1.0,0.234375,0.1801470588235294,-1.5765684939695275,26.304539493254993,1.5262758925803601,97d2d533d7728281c12c5173dd7b8841a64b40a6bdaf219c77e84ad63d2f6673,,,
33033,0.0,1024,1.0,1.0,0.2392578125,0.18219143297898338,-1.5568254010048523,26.238449327130898,1.5177742384702808,34b2f4f59f79e29897af4793b73c4375afcf9bafb6d38ef9824084499cab5155,,,
33033,0.15,256,1.0,1.0,0.296875,0.20955882352941177,-1.560454148722993,25.314266534572084,1.4690935444641005,40fa08493137ed7424b1487b319fb10b728b08c0791931e83f5cf9eb9df4aff5,,,
33033,0.15,1024,1.0,1.0,0.3037109375,0.21167732007575757,-1.5471393551297181,25.230073771157667,1.454419040962066,a6689c9a9da956a5839741cebbfc71ed82b56f0950bc8dfe253b1dd7de688505,,,
33033,1.0,256,1.0,1.0,0.24609375,0.18625919117647058,-1.7144781300428757,24.83589531228142,1.539526129759458,10fcf25bbdb5b7614360746d7454626f174dbb4e2fd6ab44d49987c5c437da1a,,,
33033,1.0,1024,1.0,1.0,0.244140625,0.1847163673020528,-1.7144781300427452,24.763841946541916,1.52245502285403,d742f78a8e1d73f61f08b6bc13b6a03a06b1911f6252a9a4f5f2632b75bdd4a7,,,
33114,0.0,256,1.0,1.0,1.0,0.0,-2.6765945502011075,32.003873716379765,1.031713108875791,c8c2015b4663d54cc6ee5f4b42e1c36a1b0372bfeb5193b817a72bdd9c9bf1a3,,,
33114,0.0,1024,1.0,1.0,1.0,0.0,-2.506342334740295,31.97988366076072,1.0316963361267795,f1d535175d4ecd83d077e505f8bf499e2152b5684170619618fd71a0a7cfedee,,,
33114,0.15,256,1.0,1.0,1.0,0.0,-2.58055854445126,31.780202343490306,1.0536667139339686,99fb53dd91360e1de794ceb3ee9e7f5c09de039b45744290f11a81c0bddd538f,,,
33114,0.15,1024,1.0,1.0,1.0,0.0,-2.5264892589835934,31.77053917170762,1.0562244458591799,de8a1469233d8357702895af4266e31474f2b2f704663045d6d2835ec7b13b07,,,
33114,1.0,256,1.0,1.0,1.0,0.0,-2.9086581292997415,31.111239390492855,1.1100380667627319,29574676821181e6ea2bed9d266de1f511e401e842bfb97f8f27e0c928434e24,,,
33114,1.0,1024,1.0,1.0,1.0,0.0,-2.9086581292996634,31.116681700363046,1.1149578089531202,15e79916e5522b4dcc76f9ce23a356c1ce787d219c146a55a1a829e81e09ecdd,,,
33195,0.0,256,1.0,1.0,0.9765625,0.02297794117647059,-2.2448741995088737,29.4617786735328,1.319434907413796,fcce7bd97fa800fa7346e0fb9a67763b0108d05b1203abc9f2bf0f35e09686bf,,,
33195,0.0,1024,1.0,1.0,0.9541015625,0.0438345781402737,-2.0418596409010066,29.462242909623924,1.3246854353528892,86ed17e45bdda38b499f241a0eea1e8d9280973d6cbcd8273889b42339a0f3c7,,,
33195,0.15,256,1.0,1.0,0.9609375,0.03768382352941176,-2.2981720815004687,30.01967865109607,1.406086056413057,c1efb1482c5b75045909f8b471127a8f7ca4390f8651d70d55a661d9c07d9744,,,
33195,0.15,1024,1.0,1.0,0.94140625,0.055214442815249266,-2.21886746274783,29.966746605726005,1.4118775695415382,494e387fd423562f1dcb75cff85aa5eed5d3b8a73831d31672bb2ec0fcaa1063,,,
33195,1.0,256,1.0,1.0,0.9453125,0.05189950980392157,-2.3230508762895967,30.47450389003204,1.4753789214681963,ebee0c3e3eb41bd2b2bc3808f36a06ff365e8b5160742a2c4d6c9ea1561b32ea,,,
33195,1.0,1024,1.0,1.0,0.919921875,0.07373762829912023,-2.3230508762895967,30.486775602589518,1.4846717673306546,644a4601c882c969f5f2623acd732bbd02b0c65a8118a591e7a2a74eda5878ed,,,
33276,0.0,256,1.0,1.0,1.0,0.0,-2.195079567916695,26.171802700443298,1.1964676602881916,43273cee2f3d7c1e58a4805ac4301c9c4b0615858703f626db02023f3ca3cae3,,,
33276,0.0,1024,1.0,1.0,1.0,0.0,-2.0678707829773897,26.2400504139304,1.1987432498053965,8691a9d7af0cc451863cbf54904b7b7aa09dcb2a081f1af96b7f629f6653f52f,,,
33276,0.15,256,1.0,1.0,1.0,0.0,-2.1975257193942523,24.392455888760484,1.002025415298615,cc793125a3e712b9a25a3eeee784feeaafcfafbdee1c7bbb412cdfe849130c96,,,
33276,0.15,1024,1.0,1.0,1.0,0.0,-2.14425413650597,24.434978043149673,1.0012753907978131,a5a89531928da27423d18eadcc8d54b6bd8ee1cdebf81eafc2411135b88fe0af,,,
33276,1.0,256,1.0,1.0,1.0,0.0,-2.021532324289255,24.8176739504221,0.9568412615950926,2a233c6454a9cef5fd03f21377091fae7b4e732c7ec4224edd6e0f42c44b4269,,,
33276,1.0,1024,1.0,1.0,1.0,0.0,-2.021532324289255,24.854681052074415,0.9570511604207977,8378c0106dcf5ed4863fc6bc7d0746d3b209dc09321e4106b7e8b7ce1ff74197,,,
33358,0.0,256,1.0,1.0,1.0,0.0,-2.353501000320895,28.977305822622743,1.0202281508330648,b314e320b6c779ad462dd7a3a46b6ed3ae22acc64416d1d91f537354c6e14080,,,
33358,0.0,1024,1.0,1.0,1.0,0.0,-2.2507011934621683,29.16864685100523,1.0252197746100864,4e77f986f271c1eb80bce9fb5573448f94f93535657527342d4a6314e4c268d1,,,
33358,0.15,256,1.0,1.0,1.0,0.0,-2.471839714102107,28.176298626881565,0.9965451221059789,d71c967710b6a0c8afda836be61b26f55fa82d2e0f2de427fc4e9797eb2ef7d2,,,
33358,0.15,1024,1.0,1.0,1.0,0.0,-2.250071403018578,28.344084738916887,1.0028671599111831,ffd6c58e52cd9fd0ebcca388a020feeae403ced7b306268316cfbed0195bd259,,,
33358,1.0,256,1.0,1.0,1.0,0.0,-2.364598816521028,27.678673190490045,1.0518998146090248,6c455c16360773a792bf352769af0ae411a90b300fbe29a11eb94a4a88258bb7,,,
33358,1.0,1024,1.0,1.0,1.0,0.0,-2.36459881652089,27.832542835777787,1.0561518976647521,e09b64fe94e45f386a7a54bb7135262f36698dad5d1acdbdb0a26b3dba5150b9,,,
33439,0.0,256,1.0,1.0,1.0,0.0,-2.4397176081894925,31.6280501107844,1.1090575507106584,71468a98f1bf8b614a7aa1ab30dfb4ce8f955f6334bb76d61093c5976a9a7754,,,
33439,0.0,1024,1.0,1.0,1.0,0.0,-2.4397176081894925,31.62721088778225,1.1050779117105978,0515948501af98638d8664a981c8554afe6b21377879796a924b6932ae9e40e4,,,
33439,0.15,256,1.0,1.0,1.0,0.0,-2.353024184566549,30.980385997553853,1.0634402965598075,ec3c502cabf3fe58bd51ef2eba30d6dbda26b09f2744947df0d9fe94651077b0,,,
33439,0.15,1024,1.0,1.0,1.0,0.0,-2.353024184566549,30.959857062844037,1.0593563728829438,a3ea4bf56b41b2d2fa8299e715b1934dc3e37ca9feff36ddf19654663d50efd4,,,
33439,1.0,256,1.0,1.0,1.0,0.0,-2.3801873808603107,30.14752745019177,1.1016298193831708,6bb31708100949bd24fcd6302a752dbecc536750224d1fbb0866796b0ecbc2cc,,,
33439,1.0,1024,1.0,1.0,1.0,0.0,-2.3801873808600895,30.133908686513607,1.0976507724654687,63af1c3d198ad0e589a0445e0cf3836baad32babaa59c4b4dce135a0d8c63104,,,
33520,0.0,256,1.0,1.0,0.99609375,0.00390625,-1.8838187898053023,23.9824489021275,1.1178883795632162,bbc089152a65e9973c35742c4bd2d7ffcdf5830312271bd84feac42a37ef9b7e,,,
33520,0.0,1024,1.0,1.0,0.9990234375,0.0009765625,-1.8376230613251918,23.929669043484797,1.1193149793819366,1b9f2bf0df13b240c7d3efaabb4804d5e561a72ed98fe6ab8ac6c4dc59816ba9,,,
33520,0.15,256,1.0,1.0,1.0,0.0,-1.5782780887597783,23.1390929848345,1.0586449304727537,4b0eebe82c7ad3812960d59ece884020f50e9bbc2b08be89bdfab85504eada8f,,,
33520,0.15,1024,1.0,1.0,1.0,0.0,-1.5782780887597783,23.131466321631937,1.0587767683704117,52fa6e93205f7c2be4da6925637604788c87ada674f9ad60a034e95249da60ac,,,
33520,1.0,256,1.0,1.0,1.0,0.0,-1.7446896602951272,23.63934023505692,1.012765754612006,d088e8c97f6f28df1c85072c72e0fb6b271ba269c6c48ad48d596741a13e155e,,,
33520,1.0,1024,1.0,1.0,1.0,0.0,-1.7446896602951272,23.623045948940515,1.0160342134770408,c28ff75532ee38b31b5b970424ffbbfd506dff0b4eacbce6b9a4c1fd496b8640,,,
33601,0.0,256,1.0,1.0,0.2890625,0.2063112745098039,-1.6757019248901397,27.836097438556674,1.6285500319726711,ee3d1b4c7a1a433e994079e9534d1519738d5df9fd7e1a0073f4d3cb1df10d09,,,
33601,0.0,1024,1.0,1.0,0.2705078125,0.19752623258797655,-1.54526214605343,27.78726190662527,1.6233671023549603,fb3f5d801eaa3e25e50b730a8d173000debc6d8f0cf4d2a6d636d21d7c489bc2,,,
33601,0.15,256,1.0,1.0,0.35546875,0.2300091911764706,-1.745055953111784,26.83976199595702,1.5737728685765977,03fccc47e8d78561626173cc412a8fdfdbbd110b5acb0934246b5622df374991,,,
33601,0.15,1024,1.0,1.0,0.34375,0.22580645161290322,-1.570508519949981,26.866144069630483,1.5770854383629722,52390ec6231a4a6e276e383af20098b685994d8b49a991b87b1d8c5d6e362327,,,
33601,1.0,256,1.0,1.0,0.26953125,0.19765625,-1.8061489343607313,26.618448872857247,1.6816597506470092,f1a4392aed7835076111f7f983679d3d5ebdb8c452355cc0b54421019361795e,,,
33601,1.0,1024,1.0,1.0,0.271484375,0.19797394305962854,-1.8061489343607313,26.60556967640125,1.6815212948547518,a4fd588de576f35000f2ddcdd47db45d5d923d787ac848d31209e6f6425e99a4,,,
33682,0.0,256,1.0,1.0,1.0,0.0,-2.535496300914782,30.657731007038336,0.970163670843794,d858b98c66066b7b2c303f7834809792ea8640b53ca9f4d9e881b45e99e6a841,,,
33682,0.0,1024,1.0,1.0,1.0,0.0,-2.439313598772692,30.706618181966167,0.9715488143995475,4ce8110898a5fb97f425bbbfe8fe9ab79a5c1040e749af02041afae654c793fb,,,
33682,0.15,256,1.0,1.0,1.0,0.0,-2.6689942070499706,30.727660534201988,0.9882197017552603,4e87e47333010aa8e78fffc8893fb570d792cdcff6cb7651dee10b4b192b9b2c,,,
33682,0.15,1024,1.0,1.0,1.0,0.0,-2.615792771073135,30.779909252186474,0.9888390770826555,01e9198205023f841a5790b364c0f2bb734ab88a66f2bbe937dc9d1e6e188972,,,
33682,1.0,256,1.0,1.0,1.0,0.0,-2.872746751086269,31.158155344051107,1.033239292927172,c84fb7ddada10c79f79017236c4089afa90f5a9e412235127941433ed88ad32a,,,
33682,1.0,1024,1.0,1.0,1.0,0.0,-2.8727467510862184,31.20765333825172,1.0345099553004848,9665d2c0132612d7b8bbcf957b667460eba5870ca057097650f144c928d17998,,,
33764,0.0,256,1.0,1.0,0.95703125,0.041283700980392156,-2.473455601215065,31.018471747112216,1.3837276712668976,a775b3230ee9caa31b87cea7a5d64e9f2f860d2060220487e821981d305aa6a6,,,
33764,0.0,1024,1.0,1.0,0.9736328125,0.02569705370234604,-2.3692327825040254,31.01712736199165,1.3644950140902026,7cf263848921bf148a22179b57023dc727203e50970b0834ef57ab2db685f5b3,,,
33764,0.15,256,1.0,1.0,0.953125,0.04485294117647059,-2.2074076503341917,30.44760911022547,1.3556432459452012,45b22df8144243d7bef48fcece02589ddf746516d01494144a42233c0706c2e0,,,
33764,0.15,1024,1.0,1.0,0.9765625,0.022910557184750734,-1.982609132748748,30.495579826163198,1.3378040276769831,9b03bcbb47631e5eda76c85473a31bd7829b6c96ed3152d58cf6ca0fe73f5c24,,,
33764,1.0,256,1.0,1.0,0.953125,0.04485294117647059,-1.9452741398615245,29.163074437866836,1.3152425049468548,85239deab3156eab2dc684da58a79d0d5fd517bd16b33707c75257152d3dcd1f,,,
33764,1.0,1024,1.0,1.0,0.9755859375,0.023841298570381232,-1.9452741398615245,29.220937440207816,1.301564892196294,19dfab870255d4fe7ad46632981c50f5e751b86642457a8173fb6e94c870e4e9,,,
33845,0.0,256,1.0,1.0,1.0,0.0,-2.0308028749184155,24.208895493690306,1.0344904707244649,12356312798b1a60929699b0577ffe74b937f9cdcabe617a9b75c408f3ae82c7,,,
33845,0.0,1024,1.0,1.0,1.0,0.0,-1.8882237519082916,24.20182691371329,1.0313681822183822,1137f613fb9cc0f913fff6d35baf2b6eaae4259c394312f68ada272fabd0cd2f,,,
33845,0.15,256,1.0,1.0,1.0,0.0,-1.9176512597189337,23.22994871426702,0.9219522872474257,13e049ee4d0ecc7f692ab9660196223df154180df6501fe98f0c558a8a98053a,,,
33845,0.15,1024,1.0,1.0,1.0,0.0,-1.87722582493375,23.253468121335988,0.9206747116918776,913f324ecf4da2e43efcf0b3289c01c469469025e760ea8d446233acbbfbac4a,,,
33845,1.0,256,1.0,1.0,1.0,0.0,-2.0352872467063796,23.712303026669293,0.8624661491723736,d6f16ae28a7ceabc90543913bee348c6c2cb19b420f4905f061d849c37a2a2f2,,,
33845,1.0,1024,1.0,1.0,1.0,0.0,-2.035287246706155,23.702881160365678,0.8600955168191965,61222e301db4a5d688fa145ce7e8b89a8f6183d9eaf8ed0e5595a410a64b68c4,,,
33926,0.0,256,1.0,1.0,1.0,0.0,-2.776048312833136,33.39881997361112,1.4203049449218923,9b92fcb0f1be884a76001313ee8023486d0709fefaea92f6ebb27c8041497e8d,,,
33926,0.0,1024,1.0,1.0,1.0,0.0,-2.6824280248447003,33.15983592579786,1.4127341226267547,91ce0da3089d8375ad69c041938119ca0bab09586b3a677a3ecde75e8ce9708f,,,
33926,0.15,256,1.0,1.0,1.0,0.0,-2.4404615400527883,29.717768560446274,1.1454807947416228,565d67f8fdfe370149e3947951c9cba1b52c188afb153df85dd4db8b9b99e1e9,,,
33926,0.15,1024,1.0,1.0,1.0,0.0,-2.3920386373621443,29.447639832693216,1.1347548278014852,876c4e8ff70fa869706e4e7176097441e630fd849053ca89b62870e3f40dae3b,,,
33926,1.0,256,1.0,1.0,1.0,0.0,-2.4329813587962392,28.496380482204412,1.1696959246458363,a2b48a2a91af860bdcedda8d7815e45557a3b158d4721c4c9fa80677e5bc69ee,,,
33926,1.0,1024,1.0,1.0,1.0,0.0,-2.432981358796095,28.254276824705133,1.1591098026758329,b4e8c92d1160886a8960486a7774de323e47c68b88e3a81bcd216f906993fdca,,,
34007,0.0,256,1.0,1.0,1.0,0.0,-2.5400492810114743,33.96257330042762,1.1577340441941906,6b7c6368d000b69068996ad389029f6b03c5d5c255dae00690c230d531ff2f0e,,,
34007,0.0,1024,1.0,1.0,1.0,0.0,-2.5400492810114743,34.00154187542299,1.160017588982797,e64a05c51bb0ca8dfbc7a7d498626a4c7cdf115c69a5f358b0ef10107d6e4def,,,
34007,0.15,256,1.0,1.0,1.0,0.0,-2.5878788400044073,32.59519384947387,1.1121673037107587,d1ab01bad916b4a9494f8375e8aa3862a3e7db7974b88716699c7cb26391f569,,,
34007,0.15,1024,1.0,1.0,1.0,0.0,-2.417497774941398,32.587645997926934,1.1136022477404242,188a9eb3abca49a694dbac16ba1619b8092e61d92a0a44a20241e12a3cbbaafa,,,
34007,1.0,256,1.0,1.0,1.0,0.0,-2.6520652472606034,31.606847791425917,1.148736162308081,85de9b092378448f3c6f2c5cef22834e7abc87fd62325cd6624d25b255a64f5f,,,
34007,1.0,1024,1.0,1.0,1.0,0.0,-2.652065247260542,31.60296114376538,1.1486347079013193,e35bbce444f7148aff56747251c4f3313c32058ed15b7b365eebea5d8e29f392,,,
34089,0.0,256,1.0,1.0,0.99609375,0.00390625,-2.3033480356976845,27.211511415971785,1.083746953814867,bf8bdd1ce2945dd316cbb5150482ba412c194a81464ce70ce10e65fcc58fd068,,,
34089,0.0,1024,1.0,1.0,0.9970703125,0.0029239598607038123,-2.147109139477106,27.297302640796488,1.0842183333571003,a259f5b3509eb2a1affb93aef6c1624d574a575de72c59f9959b895e69cadabf,,,
34089,0.15,256,1.0,1.0,0.99609375,0.00390625,-2.077970908756775,26.5619438017998,1.0526438361465043,588a47b5e8e36b95012add6f2a7fd3309070012cc13d8cfb0d058d382dbf1bcd,,,
34089,0.15,1024,1.0,1.0,0.9970703125,0.0029239598607038123,-2.0037541663791156,26.637289162765057,1.0520944818592928,4ef242ce6c522ab831e0800e2ceef12087c8b7747a7f3e5a44da9a8fb3056d62,,,
34089,1.0,256,1.0,1.0,0.99609375,0.00390625,-2.208080662738803,27.081580055695287,1.1022746136579173,236137eba383b60a86d3bff620776eaf0d0f8d81a2cb95af16e5b5aaba240275,,,
34089,1.0,1024,1.0,1.0,0.9970703125,0.0029239598607038123,-2.2080806627380216,27.111474837481342,1.1007119980753473,f9663ff710e1d30d2ce089c663a0a63440cc5a01438fe5156a96f021aa01c3eb,,,
34170,0.0,256,1.0,1.0,1.0,0.0,-2.276821083479844,27.658768178486824,1.1212970137186482,030cc692e1e9fbf3c8ba3054f44a4204877d00710abaaa7219315310ebf35a6d,,,
34170,0.0,1024,1.0,1.0,1.0,0.0,-2.040028561282961,27.63647261172838,1.121970205335257,8c4ea6334988e409dbaea68850db5a5a28ec056e6a5de62d7c0183eb0dbacb30,,,
34170,0.15,256,1.0,1.0,1.0,0.0,-2.1401353736302138,27.323597046431328,1.1465387395759363,7b207841a12529dcbeae0db22dfb5ff07e536c89f35491a765c268c02e086c97,,,
34170,0.15,1024,1.0,1.0,1.0,0.0,-2.0916872286234582,27.301714733718,1.1457049152656813,2c9bd99e8f14419ed3825254d1a7c7d9f6e9d50a42d9bf9d91500c68ff98c24d,,,
34170,1.0,256,1.0,1.0,1.0,0.0,-2.18501990103683,27.95864159441467,1.1287771252627994,89beaeda0ee149b5c9ab60a21234c989597ec967aca1326ad820fcf040a2f8b9,,,
34170,1.0,1024,1.0,1.0,1.0,0.0,-2.1850199010366373,27.933103214378136,1.129757304511242,9b78d8a64055ccc9d286dd219363c3bb90427bd1ef0939f90e7f4fc29ad0bd80,,,
34251,0.0,256,1.0,1.0,1.0,0.0,-2.6126163387108283,33.9159255413974,1.1318887626119185,2ff9ebabc29a5834c2ffc27832cf1d810efb04154dc0775e96c5fe5bbfd31cc3,,,
34251,0.0,1024,1.0,1.0,1.0,0.0,-2.5939623491499093,33.92768457038645,1.1348934020588963,15ca2863d962175286f58288a0b88093909858806b32d7ceb6c714fe750fc938,,,
34251,0.15,256,1.0,1.0,1.0,0.0,-2.286632233993949,30.80441367627699,1.0201056475150385,b752d6bb9623885456c56a27722a8735d03404e595c707fea9662eeb3ad51385,,,
34251,0.15,1024,1.0,1.0,1.0,0.0,-2.2142945978755018,30.867967909610087,1.0249922108729488,2d634c343d817924c16dd6dfcba421151719bbd5a38496c53a2ee80d71a64b06,,,
34251,1.0,256,1.0,1.0,1.0,0.0,-2.3035092382137474,29.33706921058805,1.0389952213391327,010e19a0a74a3985dc450a50fb71cf584d8a4513bf85c6dbd73edb858328d7b2,,,
34251,1.0,1024,1.0,1.0,1.0,0.0,-2.3035092382137474,29.442843232910548,1.0437075082936167,e88560ddcbb05077b7c78fceab48ced57ea9b5fa19bba84534f97492dea7106d,,,
34332,0.0,256,1.0,1.0,1.0,0.0,-2.630143860463077,32.88537899729834,1.0805971685457527,b891a8c264411cbcd034fdc852e09cd460340e6c9df23a15448114563b261ca1,,,
34332,0.0,1024,1.0,1.0,1.0,0.0,-2.4307975173524943,32.854343317370336,1.08165560717514,6c6b504cef7d8acd71b1e2a6edc5527dd2e50a14896dde4dc459708c04a5f69d,,,
34332,0.15,256,1.0,1.0,1.0,0.0,-2.5843498380129564,32.665636545740675,1.0816941445159294,27053ca671459c8b694fc77a1b7333f8f3e5ba8b91885649d10bdc34de4ba768,,,
34332,0.15,1024,1.0,1.0,1.0,0.0,-2.5679952063348974,32.64477038999755,1.0828212810666151,8cdf9d53fa6caaaf147e2d6d59e1f54f7fc1f93361ff09d850469505f5164b46,,,
34332,1.0,256,1.0,1.0,1.0,0.0,-2.441401258684527,31.3386829260957,1.1293164375255642,a49246a1a5db771de800900111fd289fc8f0ad63d4a738de1c58a079ac3abb81,,,
34332,1.0,1024,1.0,1.0,1.0,0.0,-2.441401258684234,31.31115694822094,1.1293801484901174,d0916a4fb9e7dad1af9326f7156213f8a82af57593f9bf0d7b73f1395594659d,,,
34413,0.0,256,1.0,1.0,0.99609375,0.00390625,-2.2960035553592846,26.18603920115412,1.0349625876264614,36ed99cbb41fd6d585092df24a7b6a79749be5766f2d74f3435595d4549755aa,,,
34413,0.0,1024,1.0,1.0,0.9970703125,0.0029239598607038123,-2.2501126897077155,26.30274768020061,1.0391057268265707,7c519ded09c9bdac846cf9a8e04172db8e4a5a78577592fd2eb97c44fee15b9d,,,
34413,0.15,256,1.0,1.0,0.99609375,0.00390625,-2.1342655698086808,26.1338066702111,1.0407911587538172,350bafd006536aeca4d929efb1d494ca9164dfeea7e259d49ed713373a24684b,,,
34413,0.15,1024,1.0,1.0,0.9970703125,0.0029239598607038123,-2.1342655698086808,26.25510048545559,1.0440246221932996,714469395d2dd64572e81fb357d93e8a6c8913f0a0e8293776c09bc7f53ead46,,,
34413,1.0,256,1.0,1.0,0.99609375,0.00390625,-2.3434636450370347,26.820743316033894,1.0057519881688695,cfc37555c1955598ab35ec32a8d88f80b6625ce44a1b4e7e881ec3b2277b67ca,,,
34413,1.0,1024,1.0,1.0,0.9970703125,0.0029239598607038123,-2.343463645036791,26.94217980447961,1.0073443162041136,1a5a4b708537b353f95c50bd4fc26fcf15eb95e5519a0d4a2f7faa7d1175acf6,,,
34495,0.0,256,1.0,1.0,1.0,0.0,-2.799387687243935,31.548278317667428,1.2353325713893677,b171b8496fc99e6dac671ae85abbcb2fb3b49d8e6ec6476df34df42778d64587,,,
34495,0.0,1024,1.0,1.0,1.0,0.0,-2.687861085978234,31.552326002876438,1.2319909586878126,c3698c3d140871a7e3f9cecdb19efacf30d0b1cd38fc5bac7d2ba35a018a45b3,,,
34495,0.15,256,1.0,1.0,1.0,0.0,-2.6124078328075324,30.27916289584653,1.1760303760910493,f0aa1270179a86e0800c18e50eacef3f9ebe9a642413af74bc0387e8434c43c8,,,
34495,0.15,1024,1.0,1.0,1.0,0.0,-2.52015048196557,30.263535969823682,1.173358417053524,ba89dc013adf2150aa928fbca74363b8f9092951fd2c4bc3a905c47e404d40fd,,,
34495,1.0,256,1.0,1.0,1.0,0.0,-2.5273575025050166,29.464707070745437,1.1635442209122588,71e9480627591b36c2bb60ec3c10f984a5d54c154dd8205bd010fb5584ed3401,,,
34495,1.0,1024,1.0,1.0,1.0,0.0,-2.5273575025050166,29.452739344753013,1.1625824336584885,d78677d776b11ed8ec25db804bcbdeb91b435cdb56151ab75f3ac803f7025da9,,,
34576,0.0,256,1.0,1.0,1.0,0.0,-2.4565788704775118,31.5016768453403,1.0759814488685155,8946b50e65d7554e03633c5073962f00089da4136b7564da4f47b5ff0ebb4906,,,
34576,0.0,1024,1.0,1.0,1.0,0.0,-2.4465552920941063,31.41912711798646,1.0718161135115527,3a324a85992e92c6a04d7b2a293d5d6a8f5e7ff05afb3ae47ee331439ecd3dbc,,,
34576,0.15,256,1.0,1.0,1.0,0.0,-2.331953845473529,30.734006538944453,1.050684440024483,d22472d430e2e4fe7a217ef69ec9d464c3b77ce7862b38d8656a30398efd47fa,,,
34576,0.15,1024,1.0,1.0,1.0,0.0,-2.291362024153922,30.66834724115688,1.048266730919029,a880179237dd85ed342f8bbc19d35b3c1cfaa0375c5baf262d2d27b2771f2526,,,
34576,1.0,256,1.0,1.0,1.0,0.0,-2.3382684455832514,29.83583754604095,1.1114062787051078,5a005cce09c21f6295be58260f8323f6ecaa56712e6bde0ce844d3b9cbe5f74e,,,
34576,1.0,1024,1.0,1.0,1.0,0.0,-2.338268445583245,29.756490115090866,1.1105944888278219,e7594f5a1c2cfa2f48a58dee403bbb9b7dc0b1dbf7765f0a59fc3eea5153443c,,,
34657,0.0,256,1.0,1.0,0.9921875,0.007781862745098039,-1.6284823969977955,21.949010390456447,0.9951650570085668,a912c8b2ce7301c93acf99f8b477deee4d81b3f2b331ecad58aa67831fd1385d,,,
34657,0.0,1024,1.0,1.0,0.9951171875,0.004863720369012708,-1.616550111078376,22.110541837114965,0.9960038930348015,e85e132cad886fcd175a9a808f1c77746994a308f14544643a97d03d1565bcb2,,,
34657,0.15,256,1.0,1.0,0.83203125,0.1403033088235294,-1.6392888606367468,23.69293774058623,1.215482433093571,43c9a9d2feaf1506b340b7513782b5ae5dfa6902f148bd51de0e1b73619494ed,,,
34657,0.15,1024,1.0,1.0,0.8779296875,0.10727391098484848,-1.518003406017506,23.862989405483162,1.2129732274965328,e7968d7131d060c815b3b9196488538051722d2bef8b7fcb37dd68b8cbd0c0e5,,,
34657,1.0,256,1.0,1.0,0.625,0.23529411764705882,-1.5793353457083885,23.942564449856615,1.2840395684347983,84dece3731fcb1cb135a8231e23ea2b46bc39774b6655695c40069dd5f1fa0ba,,,
34657,1.0,1024,1.0,1.0,0.681640625,0.21721881109481916,-1.5793353457083494,24.087759503174482,1.2775496713671886,b97a7712c1734a7fc09ee9ff6c988237ddffed7f63fe5d51fda599fe50ea84a0,,,
34738,0.0,256,1.0,1.0,1.0,0.0,-1.948669548425312,23.632250211377563,1.056657037873008,76fa3bbe148b300df664268e2e741758fea121fa981d5f75a01a3038147ede36,,,
34738,0.0,1024,1.0,1.0,1.0,0.0,-1.7196940855545382,23.673095055147893,1.0571023003218567,370b941a2681229949c57d82fca4230e7a5e9040a4d93ffd31bc0aab1fdcadd5,,,
34738,0.15,256,1.0,1.0,0.984375,0.015441176470588236,-1.7627984069708975,22.57108342644602,1.2239351154526281,17dc39686e76f59dafa24374d2df6a7638f59eba342bb8d1bfb442211f6ca2de,,,
34738,0.15,1024,1.0,1.0,0.990234375,0.009679710410557185,-1.7627984069708975,22.655060901324116,1.2242795546495184,294884b163eefa0d25f7410c08bd7c7a50e598ae9f0a892c24a35c1e816a5c52,,,
34738,1.0,256,1.0,1.0,0.93359375,0.062239583333333334,-2.0013978078168115,23.236530290856454,1.2706677565784903,fb55a9908ac12b3aeaabb98af83f02043c72ff183f0d5cc7f27a0336ddf37bdd,,,
34738,1.0,1024,1.0,1.0,0.9404296875,0.05607645252932551,-2.001397807816734,23.319198838905578,1.2684431078300622,4b079f9277f432f6b3f6c3e34fa4b8348c4370928ed3b7c6e56d6a2e73d51afc,,,
34819,0.0,256,1.0,1.0,1.0,0.0,-2.6542804001594047,31.85061707613525,1.0332824439385422,3a63674fbfb02458db0b1a7b09b6b5204ba3dd4e6b746d1219b2cb2fa2ee8955,,,
34819,0.0,1024,1.0,1.0,1.0,0.0,-2.6316393861182075,32.00367190830992,1.0410512492250088,b6980bd6b2093a24014c948908ca1e577bcf157cc5f4b1658291827fd43fc937,,,
34819,0.15,256,1.0,1.0,1.0,0.0,-2.6112488073136317,30.613781207176363,0.9898070059081151,0f9058d3789fe5424936764540326948c170205a6efc28dcb1631be431695531,,,
34819,0.15,1024,1.0,1.0,1.0,0.0,-2.441165858918855,30.783510580604737,0.9966950002770953,944074990c29a5e4986a70addf5699566fa844ffadfb9b45ba839e4448c5ac81,,,
34819,1.0,256,1.0,1.0,1.0,0.0,-2.525206554881226,30.782742149064287,1.0682542857412145,9d90858f238aa674b9111f2e7a67ebdef0aa1de4ca0a383896a6ddf44c9ec7b3,,,
34819,1.0,1024,1.0,1.0,1.0,0.0,-2.525206554880671,30.95428591417512,1.0760012003165327,320dcf6b4c7e52b86be1ff8153cea7516a9f8b543816898827b6f4946101a741,,,
34901,0.0,256,1.0,1.0,1.0,0.0,-2.882404202391526,33.0875526851881,1.0466311210254844,6e7f349c1cfcdbd64e6c7baa48b64e6977e1e79c3477e9ad107eae287d848fdd,,,
34901,0.0,1024,1.0,1.0,1.0,0.0,-2.6704616665447265,33.291833519184955,1.0544402148042358,f2721c9e2aa72bcb45e7224b8221ff6f129b36abc38985cad4a2fcde7accf763,,,
34901,0.15,256,1.0,1.0,1.0,0.0,-2.966617029614561,33.49731893456336,1.077489997996363,9df1de89aabda77dc11c3805549b3f398c223334f14a075b5cc3667ab1eb4815,,,
34901,0.15,1024,1.0,1.0,1.0,0.0,-2.9511935706889476,33.71748903988557,1.0877913610711827,72097db3569eea1993dbae7c94136ba08a7d2a89b276a8b02dcf137aba8fe11a,,,
34901,1.0,256,1.0,1.0,1.0,0.0,-3.083952439722606,32.92014339337261,1.1473178367717543,3080cfbcf2ca0dab15f8b4138b12188f4e5127acf2c1e51cc40ac9458f832632,,,
34901,1.0,1024,1.0,1.0,1.0,0.0,-3.083952439722313,33.1401152684765,1.1575780702857652,97b5718f9206f44977de69f9ceccee2cfe777955b93fbb1c42b091d4d84b7052,,,
34982,0.0,256,1.0,1.0,1.0,0.0,-2.036663922847891,22.779040867268463,0.8514485480436682,707885a563f55271346011b2d60d8d9e14b8caec37eb00b4e6a826d985615f23,,,
34982,0.0,1024,1.0,1.0,1.0,0.0,-1.8283860781521644,22.85030187208406,0.8506410496022859,c5c2826878d9e774d5725d6f0e1cb9391d36f3082b753d35ea432e366ce9924c,,,
34982,0.15,256,1.0,1.0,1.0,0.0,-1.7243251801965958,22.347260962474028,0.8419116637063432,3f85e122d47c140e6273fbd10d464ec8dc75f615c3512245a28dfa1b3d6b3526,,,
34982,0.15,1024,1.0,1.0,1.0,0.0,-1.7229109388209087,22.415595180061032,0.8406381410351496,876833b317c513694fee8b14cff56fcaf1587bfb8dc0efd9977fe7a3f3f61f06,,,
34982,1.0,256,1.0,1.0,1.0,0.0,-1.8593570960299397,22.564896252469566,0.7781074941878534,771276ce47fbcd109b4cbd4184a415a8f4c20ed4ce3e9043152db4217e3bb67f,,,
34982,1.0,1024,1.0,1.0,1.0,0.0,-1.8593570960297097,22.66393250544728,0.7807873985073037,684ae43e7c03e39eec68bc8f181179898b627ebbb7d174ec5d0c029c2a2b25fe,,,
35063,0.0,256,1.0,1.0,0.99609375,0.00390625,-1.7024778748598752,26.814718407461257,1.2209931977833974,31564cfc7d0aa1bee39084671a5c31d503d463996eb8e363f8f75d4d18407109,,,
35063,0.0,1024,1.0,1.0,0.9970703125,0.0029239598607038123,-1.7024778748598752,26.84451532524493,1.228674973043282,cc786884201a77b9c51f5dd741afd6b1da4af9810599c3b31062687cba9a3288,,,
35063,0.15,256,1.0,1.0,0.98046875,0.019224877450980393,-1.7596179443987676,27.919658614865494,1.445513932667059,da4dfefd7438715f33f13fb4f1178b4fcaf315b515a3c60374a3efeec2a755e1,,,
35063,0.15,1024,1.0,1.0,0.982421875,0.017286015395894427,-1.6233467856787245,27.906377304003456,1.4502242896522728,742f56ec76a26630719e53f8d8cb3f5e6d340a30457063b279db3ecbe3d445b3,,,
35063,1.0,256,1.0,1.0,0.9921875,0.007781862745098039,-2.124774563994362,27.474243835925577,1.3463611619902656,dc2f90af981c5fbb0651bc7121711bd4e859f68dedf30704583500e24cb1abc0,,,
35063,1.0,1024,1.0,1.0,0.9912109375,0.008720330828445748,-2.124774563994232,27.484646153861387,1.3535607985179001,fe7564eed932f65881ca36177b3053a643666c887858eed1916ab9d9c61387c4,,,
35144,0.0,256,1.0,1.0,1.0,0.0,-2.6365598322238215,32.157036870373496,1.1562853534598765,65865af10289b8dbbe14fb81a2d387e6dc908049982ddb1d25220e1471027de6,,,
35144,0.0,1024,1.0,1.0,1.0,0.0,-2.487316271229048,32.30175461130337,1.1570781625664281,9040ee86ed83bd0bd3c35b16c81dc9e7a17e27b08021565d6c017ad037075cd0,,,
35144,0.15,256,1.0,1.0,1.0,0.0,-2.526156295099015,30.839426753804123,1.0705389597321984,657f0376a1c9a447c8470ada3142d651b0179ebb7bac39db60f4254e6f863af1,,,
35144,0.15,1024,1.0,1.0,1.0,0.0,-2.2997804106129767,30.98918634856366,1.072944414060559,d6ffde4ec1a58a078f057570e2e89fcaf2ec1b2f4dd042065178cac5399015d3,,,
35144,1.0,256,1.0,1.0,1.0,0.0,-2.43718911813691,29.89552877137845,1.1087031817664539,163b7094592b12f0d7fc88680bb30ce101bc0fcad924895fca6bd484ab4aac67,,,
35144,1.0,1024,1.0,1.0,1.0,0.0,-2.4371891181368506,30.021415603476076,1.1128415609428162,006c2fae45303c407d13e6ea1075af969ee621a9d6ce2d97c860b46d88cc9752,,,
35225,0.0,256,1.0,1.0,0.07421875,0.06897977941176471,-2.1298787747617016,26.86016204664075,1.6252565629260782,3e999b91d139a8d459e2e7e77577f8b4b29904f07b9f53221d624dcb5a2f9cca,,,
35225,0.0,1024,1.0,1.0,0.0615234375,0.057794744318181816,-1.8786631234904192,26.779033381797404,1.628524090693752,528c3825b020646746cbad632169de01bc2e80e8d0415547b3051a5541cf7d4f,,,
35225,0.15,256,1.0,1.0,0.66796875,0.22265625,-1.608820692914343,23.55967389193549,1.2770087939679504,d0520f08047488d2f0c951f679608f3a14fec4509bf5e222009ee237e9068570,,,
35225,0.15,1024,1.0,1.0,0.6162109375,0.23672619593108504,-1.521896881083575,23.471736991124327,1.2779292071345976,e0f76aa4ab7cc7dd178c1ba7120e38b6ec43c4cf88404e5d80a73a1520b08d89,,,
35225,1.0,256,1.0,1.0,0.4375,0.24705882352941178,-1.5511032133610136,23.73372803545007,1.3610347811910983,a1a25acd172a1e63b2de80ede9f32c8cf4896df7493ce664cce4b120bfc1f96e,,,
35225,1.0,1024,1.0,1.0,0.4150390625,0.24301896230449657,-1.5511032133608293,23.625019308482592,1.3596297018220347,1589801d7cf324d293227c0ab54078d21e7de000f0b3c78b22999ed1c648f8ce,,,
35307,0.0,256,1.0,1.0,0.984375,0.015441176470588236,-1.7612838773058304,22.76705661179706,1.1679199732074574,cb6b100cbe8c2694662005298c649a2a5c4c3245e99a2a67fd141f33b1a40906,,,
35307,0.0,1024,1.0,1.0,0.984375,0.015395894428152493,-1.6516609199600891,22.679755368262104,1.1699662860787718,b187bab6211541bfa73a7dfdb4fb659b5c102864ed0d839f131602db6ce60c4c,,,
35307,0.15,256,1.0,1.0,0.94921875,0.04839154411764706,-1.824156224340605,23.0244455348594,1.2826842902748323,f5e856071828bd1889f4f55a3887f34a3f373ef55986570b5efd71766905e7cd,,,
35307,0.15,1024,1.0,1.0,0.9326171875,0.06290379857038123,-1.7049495105221801,22.98510648700234,1.2899128348167705,da456890509b3824ebe87bb878f083ec97e8f6ce219c97e92bcba231712ae5be,,,
35307,1.0,256,1.0,1.0,0.953125,0.04485294117647059,-1.623400517000003,23.58636369145464,1.1997273591778315,6d918e0376c005212e5d37e168186a10b64c3b670230af286cba27f004a235e8,,,
35307,1.0,1024,1.0,1.0,0.92578125,0.0687774926686217,-1.623400516999463,23.52087164743092,1.2053878132626343,6f70812c51f67f5f00713562aaa6690bfc7bdcb9d47305bf7c01a51d11b542c9,,,
35388,0.0,256,1.0,1.0,1.0,0.0,-2.6764499646529742,30.836677238034326,0.9821096933571942,9b013f2b5376c5abb5a12844ddb0ad0c528f932a0a014e10b154757cfe847e2b,,,
35388,0.0,1024,1.0,1.0,1.0,0.0,-2.485173329140445,30.924840710725302,0.9891386119092529,867ade6aa2b1248433f6ddf913f8d23df95fbee65276e913d2594147ee641b96,,,
35388,0.15,256,1.0,1.0,1.0,0.0,-2.54267197321557,29.987646782665454,0.9611677460516247,3fe3b49848555cb8eb21b637c668a2015235587ac5adf7b66e293095f9e1e7a6,,,
35388,0.15,1024,1.0,1.0,1.0,0.0,-2.4523627657642386,30.092266748256762,0.9649874257477968,2d4606efe3b941c595e03b53fcda8885aac7efd73c7cccd17ed739ef161dd5e1,,,
35388,1.0,256,1.0,1.0,1.0,0.0,-2.4691912351975,29.37235503637922,1.0520751495756426,54babe963d29431a8d3a4f5836069c471178fba9e1f3076f7ada9a03191e79ee,,,
35388,1.0,1024,1.0,1.0,1.0,0.0,-2.4691912351974077,29.49414158815289,1.0590131184414224,61780ea07ae5da0316decdfd0010a66d6f4d33db31f2943d4f819f61dcbbd27e,,,
35469,0.0,256,1.0,1.0,1.0,0.0,-2.8567223389327445,32.58808068616543,1.0431609549611032,8198680b219227a6b655299af7970124d3f7bb01446620f9e378aaa3686cfb15,,,
35469,0.0,1024,1.0,1.0,1.0,0.0,-2.6600148689697045,32.97083161811071,1.0596151528154898,ada22fb7b08594607e9014f4d19ddafa2ea35e3a2cee90fda7f8f256ae7df235,,,
35469,0.15,256,1.0,1.0,1.0,0.0,-2.455663223435664,32.199210484625716,1.0252015447788645,5dceaff3da3c6001b36c5614116800c80ed16ea090ed687a0582b8d698ac941c,,,
35469,0.15,1024,1.0,1.0,1.0,0.0,-2.455663223435664,32.56819416126514,1.0410291534881728,a179ea87d050ba442300506c3ac6f52c99cd834750f6e69d4785cf86e28d9959,,,
35469,1.0,256,1.0,1.0,1.0,0.0,-2.424042554297822,31.324278022164595,1.1068461744414708,4bf169a4735091fb70ca00cd081541db48cee2f188580f78c92f76353f25736d,,,
35469,1.0,1024,1.0,1.0,1.0,0.0,-2.424042554297822,31.658323253619773,1.1211028877407019,09ef0bc8bc5657db82b36f3cdddb3bd85309913dd38cc9e5cd9bf1d73fed216e,,,
35550,0.0,256,1.0,1.0,1.0,0.0,-2.064822714489046,24.425095759559706,0.97504940517548,51aa8ad53d0be60a2fb2232eb3b2631967d3209317b0d09ad563c75cadddf944,,,
35550,0.0,1024,1.0,1.0,1.0,0.0,-1.9725884632815696,24.559403969440158,0.9785641700087535,1675d4b56cc5632a0949fc3f9c24b0c0e2760c5da4db69c13feaf3e3a5290728,,,
35550,0.15,256,1.0,1.0,1.0,0.0,-1.7409631536960006,22.594205952460367,0.8466834748068325,9a0d8fd504b25237250845c32bef2e30b8dca02cd97f4443ac4cd682fb926e6d,,,
35550,0.15,1024,1.0,1.0,1.0,0.0,-1.7156866791997691,22.725072298053856,0.8514760000749044,6773df8602fd342c71e5bf1b8d00e6f7fefc32736e7f69f062e4e8e233c62eb5,,,
35550,1.0,256,1.0,1.0,1.0,0.0,-1.554321115403135,22.69794173637867,0.7980284942285787,bf4b86c83d68b109bc76442a33d968d7ee707259d13d0ccc4038f2bbc99552bf,,,
35550,1.0,1024,1.0,1.0,1.0,0.0,-1.5543211154031145,22.822263476324537,0.8016859468514693,a748d91d7a2b7627007253bad4664d75871da84276a2e254eefb0ef512bf4785,,,
35632,0.0,256,1.0,1.0,0.5625,0.24705882352941178,-1.9430581666587834,29.20376433826395,1.5572747011353287,96a88e24f2cf7d59436f367b47eb60bf1e4cbcdcd0db14244ad4caac032d4e5a,,,
35632,0.0,1024,1.0,1.0,0.6103515625,0.2380550082478006,-1.8581141037574591,29.356582078113252,1.5560606960548373,c9c340c6944f561524f26586532e67da369e6f9b84971e5f5784e71ce02c423c,,,
35632,0.15,256,1.0,1.0,0.45703125,0.2491268382352941,-1.7610056346522516,28.899483168401602,1.6689896871679653,a1838174f66dc4f07acff0dcd9af4dc67032e9273fb2498bb576fab243d34207,,,
35632,0.15,1024,1.0,1.0,0.44921875,0.2476631231671554,-1.5715208379897199,29.083798561677018,1.6726381255523737,ab00f10d8116e5fa8e2a84990a984225df5b4e40ffdba353bc597ec0af8a3b56,,,
35632,1.0,256,1.0,1.0,0.4375,0.24705882352941178,-1.65327667001484,27.39227492306307,1.6823789635036286,d619ed7bb09430c527210cd64e4e8d43b6014def38ca4c2dfe8d479903856a80,,,
35632,1.0,1024,1.0,1.0,0.4306640625,0.2454322076612903,-1.6532766700147867,27.600580136399582,1.6852395713299184,19a2c80f8f8f06b0b97b71072847d39676b22f43807ce80b6f18c09f5257ce47,,,
35713,0.0,256,1.0,1.0,1.0,0.0,-2.7624164129956963,32.87533366458229,1.130094194200855,8246fd209b69c5bb7c0eaece29484913731e618a4abd349dcdc8a14028b547b9,,,
35713,0.0,1024,1.0,1.0,1.0,0.0,-2.6702079588641228,32.766220414289656,1.1221705194914227,a78d25c59c5e8fce8d89c53134f331a36b8d3b53bef07127cd4a3ee5f9fd682d,,,
35713,0.15,256,1.0,1.0,1.0,0.0,-2.415887567237701,31.354572626151754,1.061024396789178,8e14205c7dba9d75c9e64a0f6dbcd7f9812251acac524343fa0da566d9e32125,,,
35713,0.15,1024,1.0,1.0,1.0,0.0,-2.4049024865184983,31.249238107013284,1.0536994327817932,5a01e66a5b6c8a9f5f6ccababa99497b69146400fdfaa74db944d81942e09242,,,
35713,1.0,256,1.0,1.0,1.0,0.0,-2.5701863624813104,30.680050762449497,1.090717761951278,07a00457f36434d8721c80e22331a1a942df4044ea9ba640147f428455441b83,,,
35713,1.0,1024,1.0,1.0,1.0,0.0,-2.570186362481297,30.570289721735136,1.0816489717279165,228e9b975f1e4851b912b8195738e732cc65cba720005cf1be5b4e80754d5c4a,,,
35794,0.0,256,1.0,1.0,0.9453125,0.05189950980392157,-1.9937672153247554,27.99353174955088,1.2362352885470318,139e7473272140dbe5394ec834e5403eea008c672566015c6167426a6276a547,,,
35794,0.0,1024,1.0,1.0,0.9423828125,0.05435052388807429,-1.8842870467134594,27.770058837979963,1.2405460540084856,95c1b1b706052444f5af38656304a3978e4c56046cfe38daecbe133454c4477a,,,
35794,0.15,256,1.0,1.0,0.9375,0.058823529411764705,-1.9501615622423998,28.027363723206026,1.2854672738528112,1e512e43806cb7a1546e6dea3d4c02e9713122e38b5d32624f7550385e5cb9fd,,,
35794,0.15,1024,1.0,1.0,0.9345703125,0.06120841733870968,-1.8360818908020926,27.775777042367878,1.2895572705812168,2fe58fb73aabb739484a4ea8b6d946c02d288faaa7a7b673159f6ecca699c42d,,,
35794,1.0,256,1.0,1.0,0.9375,0.058823529411764705,-1.6880878809513247,27.709199180808657,1.2700988779898028,911e78f5a74a80bf3adec01c395fcb4fc35a4533925e9c3ceed7b6e7d928163f,,,
35794,1.0,1024,1.0,1.0,0.9365234375,0.0595053992546432,-1.688087880951083,27.499306691402428,1.2755756277474333,70af0c1167c4e177a31204a1448c695e21d7d1fa8021ecdde78ffb8ccb9147af,,,
35875,0.0,256,1.0,1.0,1.0,0.0,-1.9759475697814386,23.377576925282586,1.1503258661348488,0cc3e5e43b49adf070354e83bf2c6f685eb3d69aeb8ed23437cd37555289233a,,,
35875,0.0,1024,1.0,1.0,1.0,0.0,-1.6396416439732358,23.46437299138343,1.151228342854419,888a063da5f7a2513c13c972ae5436e6d1a21dc93ab928fbc70cdfffecd85465,,,
35875,0.15,256,1.0,1.0,1.0,0.0,-1.7019857223752903,22.881365141543075,1.1570353063270598,6154aab295ec5cceda21f39788bf933bceeb4d491d47527377b1e84289220869,,,
35875,0.15,1024,1.0,1.0,1.0,0.0,-1.7019857223752903,22.952699229979093,1.1583720639873152,f8fada1a65ed2da479c88e8ac832f11d1d414d32f5d4c2e6e8b855913cea5d98,,,
35875,1.0,256,1.0,1.0,1.0,0.0,-1.7052595608762822,23.46978777096648,1.0977922509196048,dc56934ab675c5e4a2d7e2435dbcaa94c9c1085e38bd63dfe43b76c1fadbd979,,,
35875,1.0,1024,1.0,1.0,1.0,0.0,-1.7052595608759917,23.54811303431602,1.098404429608091,ff296c30138db9195cf3645219fd0e387c75e82d1fe92d221f3ba19b4258762c,,,
35956,0.0,256,1.0,1.0,1.0,0.0,-2.586531122090004,30.556278657511395,1.0188541682857775,80ba48c10347c67b3e91520e452eabac018a887cba471feb3e2a2ded7d8b013f,,,
35956,0.0,1024,1.0,1.0,1.0,0.0,-2.5651848272604854,30.697524952093378,1.0253530955076655,564768229c3bc6268012a21580c9fffcd8614aaf85777dde1846757310e07c80,,,
35956,0.15,256,1.0,1.0,1.0,0.0,-2.477071903920745,28.882562393666685,0.9509607011400549,2d2517ba32d3956bcee54f6ab951ae40cbac3822c50cfdc2194609c09494fa0c,,,
35956,0.15,1024,1.0,1.0,1.0,0.0,-2.42751734853535,28.99526924578964,0.9543875559721351,b639950335b50799c042f0625b0abaa94cb02bd0954a29c016e50ea73f12c26d,,,
35956,1.0,256,1.0,1.0,1.0,0.0,-2.7027916527953773,28.261648650711834,1.0439144989723046,6eca30944f4f369c6ea465a6c9ec45f90d7fab42008be22608fff5e520f0c920,,,
35956,1.0,1024,1.0,1.0,1.0,0.0,-2.7027916527952014,28.375896937510223,1.0475808002875937,5418f19f0ed77381b07cb901e7fa9f320c7df758d3160c415a9bb158b465ec14,,,
36038,0.0,256,1.0,1.0,1.0,0.0,-2.4631714118835717,32.89103673002058,1.134798242622833,4d2ea13785e05d5c3f623e39682da99be826a6c08f9088466f06756151e11714,,,
36038,0.0,1024,1.0,1.0,1.0,0.0,-2.4631714118835717,32.83281349634634,1.1328538062760625,8a69e0fa5f4df4e33bce7710b6c7c6d6c25d449c95dc8214cff50a86b2d360f6,,,
36038,0.15,256,1.0,1.0,1.0,0.0,-2.547047732293084,31.761932776783073,1.0852029487930674,8e42e3890da722b8e9e4d4122cc6ed000162072e5adc2ca9eae72b91404c4e0d,,,
36038,0.15,1024,1.0,1.0,1.0,0.0,-2.4109557781118767,31.716600389741505,1.0879625101900154,f97d7b15f906e6a5e6ceb90ca8f04be3c575e9f481abc8c95181d7f0b8961917,,,
36038,1.0,256,1.0,1.0,1.0,0.0,-2.544385656379723,30.825699062866164,1.135571062880799,e3ca0a374a6dd3bdb0da27bfec2c97cac8fa0e94e7dfd741db121a648c6d5235,,,
36038,1.0,1024,1.0,1.0,1.0,0.0,-2.5443856563795606,30.795162755677925,1.1380587227064116,b427290cdf26cd4de640902ac51d66a576163a028ebbfee0e891608a44474dbc,,,
36119,0.0,256,1.0,1.0,1.0,0.0,-2.099276565733771,26.190299691439947,1.0097053254520265,edd55e6f84082cb2aa505a3b5724305bb062a9dc321d20cdc14549b9b3024d0e,,,
36119,0.0,1024,1.0,1.0,0.9990234375,0.0009765625,-2.099276565733771,26.345301813947856,1.0178208391727557,2753e3cf59abc8e31b78b8843877660421e8a1506688753ca3ef2bd3964a2a97,,,
36119,0.15,256,1.0,1.0,1.0,0.0,-2.149614800449461,25.628455396083837,0.9752471340407315,0d81daea3d273f3a0c5f31ff603c9ea0bdfb7bfc2817afa256dee48ec9b43603,,,
36119,0.15,1024,1.0,1.0,0.9990234375,0.0009765625,-1.9692067233821833,25.788610584399766,0.9837641397253687,1b6163f2d42f7365230253a9b915a881fcdbf585e61b83d360433368033ca2f3,,,
36119,1.0,256,1.0,1.0,1.0,0.0,-2.262595035989913,26.37778648160595,0.9845579034762365,e0c7c93ca32b5da1fc622e999fac77cb59d07da808c8e73aee70e274fbbbc851,,,
36119,1.0,1024,1.0,1.0,0.9990234375,0.0009765625,-2.2625950359897624,26.53149775944067,0.993198096628741,5388a896a79e1f3208de29c1940b65c3208b339319d24742b862d0558e4d2e0e,,,
36200,0.0,256,1.0,1.0,1.0,0.0,-2.432727043568209,29.27176820243106,1.176495766793218,f595c321fa7308ec504a25a9e160e421661efb9f127acd205182f7da87a80d9e,,,
36200,0.0,1024,1.0,1.0,1.0,0.0,-2.3741232890137063,29.209135945444363,1.1781221160771853,df46e870640209ab13efca6ccf709d907a79759c1c1cad135bff2653264ef5bb,,,
36200,0.15,256,1.0,1.0,1.0,0.0,-2.143287445218575,28.787272792125766,1.1718631511170043,b96daca6020283bc8769e339eb06ade5eae500796cfee30defd1513154506c95,,,
36200,0.15,1024,1.0,1.0,1.0,0.0,-2.143287445218575,28.73083898673973,1.173073086978899,094a957c5dede62dbda6105d47e261f2fad4d8dd70c43e3e5e545ff2f886b564,,,
36200,1.0,256,1.0,1.0,1.0,0.0,-2.3826525249996218,28.193469801940168,1.123807341476967,a7d84d317f82cd75ead9c300ff0c2b69238ec21954de3b7ec905856336bae59b,,,
36200,1.0,1024,1.0,1.0,1.0,0.0,-2.3826525249996218,28.141476499805453,1.1228139923943328,68e3d5d299b6b28d43d293db76090192ba02c4ccbcad70c2166924b8950acdd8,,,
36281,0.0,256,1.0,1.0,1.0,0.0,-3.0092422357068425,35.39123236842543,1.2282942716862664,7a91d1d88f02e0924daa0418b4bf3ec9b52eee913b9a47b2dc638697c1b84a31,,,
36281,0.0,1024,1.0,1.0,1.0,0.0,-2.816572874858263,35.378655424668665,1.2305363721874567,f798029f6b030cdbffb5d4cd193556d631f9fa64534a8ece4bcc0e79bd6d43eb,,,
36281,0.15,256,1.0,1.0,1.0,0.0,-2.436659660603315,33.81156218745694,1.1391413698856738,63c90f63b2ee519597ffbd1e8f2347c812d77dad8f0fd1d37dfb76950f265e67,,,
36281,0.15,1024,1.0,1.0,1.0,0.0,-2.436659660603315,33.7923476024875,1.1402735335177139,590c2b94a9582d238507666a331cc09ad99e4a985d32946053b7ef96f7a951c5,,,
36281,1.0,256,1.0,1.0,1.0,0.0,-2.3626930208656676,32.50052191003857,1.145031567655677,cf5be6bffdc4e05e849b5b5f305140fb052b4b27c295bf2346a4f7658a9bdf02,,,
36281,1.0,1024,1.0,1.0,1.0,0.0,-2.3626930208656676,32.49439415519052,1.1456606589825789,01c1419010038c612ddbe912bc23a2248574643d706cf3726b8ea20bc8bff909,,,
36362,0.0,256,1.0,1.0,1.0,0.0,-2.6330701504662555,34.32848617289796,1.2166924902434961,4a8843fbc0bed23f8fa796600313dc1b54d427aaf918e4732084b4d20f637e10,,,
36362,0.0,1024,1.0,1.0,1.0,0.0,-2.491680602615533,34.33224792094887,1.2201287820149331,630b8923471dae8fc3c5f0545500b1db59bc91a2d8a8335b92c71f23c8ea2e39,,,
36362,0.15,256,1.0,1.0,1.0,0.0,-2.5334039052843327,32.943878248548195,1.0788919259064376,3570f6bee9013d4e44d1df8b3d29b495e4e25cc4dfe396b3d1b5c8cba7b65694,,,
36362,0.15,1024,1.0,1.0,1.0,0.0,-2.307115079535806,32.881841903727754,1.0750968953371147,d6061c3da4db13acfbffe4b9acba3243894909229594f1bd03b10550337a6af9,,,
36362,1.0,256,1.0,1.0,1.0,0.0,-2.4377240674172764,32.30859600138084,1.133927417544196,cc1b2957ad681b33bd2bb45c3560fa6205de7bfa0f12f4071cae384e3d86d16a,,,
36362,1.0,1024,1.0,1.0,1.0,0.0,-2.4377240674170597,32.300090265713244,1.1314464449598525,f2ba02c37502521f22eda4f7fc8aaaeee1aa0e040ecde6a9b4c4016e61c1f8dc,,,
36444,0.0,256,1.0,1.0,1.0,0.0,-2.6122841617946078,28.683508711331314,1.1637151671243389,8ce4e039902f415fa2ad1809cbc4debf4844cf39493c980f406685f3db053cfd,,,
36444,0.0,1024,1.0,1.0,0.9951171875,0.004863720369012708,-2.4344433150574254,28.826471227394592,1.1741719407915379,0be30c02a76a7862a7e054f2ba84f863ab54900d9c15cd0fc804109d2e6098b8,,,
36444,0.15,256,1.0,1.0,1.0,0.0,-2.282013680530551,26.973957070558086,1.1108888001071913,ef45555a9cc2371f302745c8add0a1cd88b9645e58287a2adabeaccf26904b5d,,,
36444,0.15,1024,1.0,1.0,0.9931640625,0.006795844024926686,-2.282013680530551,27.07730772591805,1.117220522684845,adab3213fd61828bcdb9457b1bbcac64329c18e2d159fa0c3bcc1ab24ea65e5e,,,
36444,1.0,256,1.0,1.0,1.0,0.0,-2.231461511211171,26.154534008355153,1.111974991659731,7801672944626e87841414196eab69054c52119e552236c33b328fbe87d31628,,,
36444,1.0,1024,1.0,1.0,0.9951171875,0.004863720369012708,-2.231461511210771,26.276742635003,1.119871767778741,3538210ddd5cc6634cbfc03e84ed2ec5920ad170282afe7968d442cc30661dc0,,,
36525,0.0,256,1.0,1.0,1.0,0.0,-2.727191713163956,32.99919318266911,1.3976327964184956,5eac4aa251bb1f57737ec92b7e1b0d22b67a6c47bc5d9a6a8d905481c3fab135,,,
36525,0.0,1024,1.0,1.0,1.0,0.0,-2.444205554604739,33.04878132162175,1.3959020136867708,7566f8cfdbdab83a8a5f0d65fc998e220d8eaa97e50dc8a812306a593e79d8ef,,,
36525,0.15,256,1.0,1.0,1.0,0.0,-2.55213969860354,30.27699987675473,1.1332023137824723,db1ea551fd5f544488cbb1f0b5875e2329dbd6026bc78bf5d399a2010d3f3bca,,,
36525,0.15,1024,1.0,1.0,1.0,0.0,-2.4988567867041676,30.29213531090876,1.1322797395576996,8bd2e22a35997767aa6c1f1c9927917a721cea7433f2180b47b61705c26af05b,,,
36525,1.0,256,1.0,1.0,1.0,0.0,-2.4671485125423684,29.11342904259169,1.1319114786488627,fd38257aa197714a08bfa4b3691735dcc415206722979aecb6bf2d0cb58c70b1,,,
36525,1.0,1024,1.0,1.0,1.0,0.0,-2.4671485125423684,29.136935929370107,1.1334330013397764,e854417c752f5a640fb385e9eaa964baffe53da0c7add8d833509dec0b6d9764,,,
36606,0.0,256,1.0,1.0,1.0,0.0,-2.5697454679998817,31.376511076052978,1.0799146242657842,8a91c75bb2f7050883e1cb9c81a6d7063a6ee78b3142ffdd52d57aa375e23003,,,
36606,0.0,1024,1.0,1.0,1.0,0.0,-2.4128045505437443,31.217426283613232,1.0748170768842495,0f9269d0069e4d4daed685b32db37c4942d8c79b73d299fb74dc7ae850fdae07,,,
36606,0.15,256,1.0,1.0,1.0,0.0,-2.63034192301041,30.912852540409506,1.0539111710287503,cf2be98ab37552d0b6a333cc884f66d9c2d7264e6301f7b5cef9e64826b2b3d6,,,
36606,0.15,1024,1.0,1.0,1.0,0.0,-2.5566977479150568,30.70846461112946,1.0472107128910273,174d67e6341c0bb3f2e01c45ba14779371e8a8edcfde27c0b41ab59c0d834983,,,
36606,1.0,256,1.0,1.0,1.0,0.0,-2.352790896200678,30.208816841734034,1.111630562768571,5fad85f47335a8301641abb3c0dfda0f6e2192bc24b86bc67e4c8826c8b96a65,,,
36606,1.0,1024,1.0,1.0,1.0,0.0,-2.352790896200606,29.99329827307368,1.102928971502912,d76793eb6052a6e6e57802ad04efd5ee0656b27a46670f3e68b0a3e551debf69,,,
36687,0.0,256,1.0,1.0,1.0,0.0,-1.924782417528232,23.163112703810942,0.9461785172422975,b9be4826f0fd7c5d7778d4d177e00588a1e5d0fa8b50e20d9d38feafd3d5476a,,,
36687,0.0,1024,1.0,1.0,1.0,0.0,-1.857573228326808,23.105895032330157,0.9438732463262836,dd9d34a5240cd1e4a4f44272e3118cc09a77fccafc5a1f0ca19656d6baa1b68a,,,
36687,0.15,256,1.0,1.0,1.0,0.0,-1.6137350021594328,22.21168110580696,0.9205185171546664,51692b380d7cf4fe351ca2b2c2b9859d0ee978971946e5df16e50982be7e4d5b,,,
36687,0.15,1024,1.0,1.0,1.0,0.0,-1.5025106410702178,22.156438088302366,0.9213825748993855,6c7749e312113d738fa1283d081d253d45c54a2442a303a89c127754392552d8,,,
36687,1.0,256,1.0,1.0,1.0,0.0,-1.6584899948047425,22.08486088255923,0.85716627639758,f24506337213849d39d090d2b772af0aa25bbde35675ac8acd94e77257f92255,,,
36687,1.0,1024,1.0,1.0,1.0,0.0,-1.6073336363676969,22.039084472257116,0.8584260877608765,fc8226ab2fdfcd06b54345dc11fa3fedf89dfc0575b8cee848479e88e97de3f9,,,
36769,0.0,256,1.0,1.0,0.51953125,0.25059742647058825,-1.7903411447905793,27.357217788304443,1.5840660242916762,7bfc0a59a70a2992c672abfe4958ab1aad4cfa4f1c132d9c00ec622e282da954,,,
36769,0.0,1024,1.0,1.0,0.5615234375,0.2464555458822092,-1.7424716127385578,27.529636835847345,1.5761904833157505,2f17ab9b61bc376da023ecfb547b160f915cce2e4a40586fd0eaefb34c217c69,,,
36769,0.15,256,1.0,1.0,0.52734375,0.2502297794117647,-1.801106139824018,26.803105377211025,1.5975699852242795,52827314d06af160610af546a4baeda7624d5ab90f9197980d45b2c195b40c05,,,
36769,0.15,1024,1.0,1.0,0.546875,0.24804496578690127,-1.7132981895020105,26.997723106869262,1.5938191248269753,23b9a6ee2eed7c7bac306204214ad1ed24995b0268c66f337b0639411c75c70b,,,
36769,1.0,256,1.0,1.0,0.5546875,0.2479779411764706,-2.3372301619306164,28.092334471758843,1.5477541414146776,7041b3a2f0de85b48b044636921d12c20d19a0c6b643da6c9036dea6340b09ec,,,
36769,1.0,1024,1.0,1.0,0.5966796875,0.24088828048631475,-2.337230161930348,28.267673625001866,1.5460717327990616,b56f322e6efaa927e6603e3d068740c64880a7295732127e5724dfc04283f8cf,,,
36850,0.0,256,1.0,1.0,1.0,0.0,-2.443335439158611,30.787558410643328,1.0699237647008575,2e65e673a1c938b13af071127bccd589832973092ed781365935ddcdb8175e10,,,
36850,0.0,1024,1.0,1.0,1.0,0.0,-2.443335439158611,30.95211250295482,1.0729007194674591,6f1b0f532fe44949c00cbceac6cfbd3f65e333f577a9ea5b891671ee57d2a15f,,,
36850,0.15,256,1.0,1.0,1.0,0.0,-2.5170219397008466,29.55754642959307,1.0082587417565247,0b1786c401ce889d31671286e7d010351ebe7d315b0db4f1c078e6bbcc79c82b,,,
36850,0.15,1024,1.0,1.0,1.0,0.0,-2.3801080339721423,29.692678187799675,1.0112629882627462,1185d12dec80189b9c4327c7f32ffd8f93bef7144390c0c1039cebe036f088e5,,,
36850,1.0,256,1.0,1.0,1.0,0.0,-2.64275659978031,29.351496430406183,1.072632788013787,0661923d05fbbe5abf676c7878900a7874da6b932921eda76a991180ce495bde,,,
36850,1.0,1024,1.0,1.0,1.0,0.0,-2.6427565997802196,29.457596475522163,1.0716178452547835,969eb2775ce21065dc27f62864713128eefc8675d01d2c8593bc78f9f0a2f684,,,
36931,0.0,256,1.0,1.0,0.97265625,0.026700367647058822,-2.2640515355193758,31.24812750969979,1.4495368191187223,ea2a78b9d1db5002c7b3833fd69a645e28618b024548249892d352acd54f393f,,,
36931,0.0,1024,1.0,1.0,0.9697265625,0.029385653409090908,-2.2640515355193758,31.2770377168072,1.448047224370429,ce27700ab37472f33067ff42b6d57c2f2bfb8247e97dea861d22fdef93e7982d,,,
36931,0.15,256,1.0,1.0,0.98046875,0.019224877450980393,-2.2149390315425928,29.972418057523,1.3218850991447781,9eed92e3d422b4185c387022a4058c35227cef2391378b1933e5d678786b9726,,,
36931,0.15,1024,1.0,1.0,0.98046875,0.019168499511241447,-2.2149390315425928,30.058454992289157,1.3221181362182184,f1507a16f5ba74e5f5d9630dd93db59841a88427bf1383945a647a87aa43cec4,,,
36931,1.0,256,1.0,1.0,0.98046875,0.019224877450980393,-2.228727575968362,29.43460540885897,1.301367208194262,3ab7c9ad0f646258676c09616d15636e8166c7d88524005c1b6421008786b05c,,,
36931,1.0,1024,1.0,1.0,0.9794921875,0.020106877749266863,-2.2287275759682883,29.491336641933746,1.299654259751029,cc6f7a7bd05f9572adcda7efbe2ff0ec5be960abe0f42c71b2352671d23c49a5,,,
37012,0.0,256,1.0,1.0,1.0,0.0,-2.24390626550549,24.387296138800053,0.9233305325511333,e6ca66b338f477da4f39add3be77609082f0c397cea6425277868d5277fd4ad6,,,
37012,0.0,1024,1.0,1.0,1.0,0.0,-1.8524114177378204,24.45872761971547,0.9266324716952489,46c703c1924b2824fe7085356b9f0eabfb35d32681a50e5ea1bd15980b4421e1,,,
37012,0.15,256,1.0,1.0,1.0,0.0,-2.1206947867305637,24.25557878192596,1.0041493346189538,41a0ca248cd4783fb951215ce6e5a4f9abb4a1c6e02dcbd10d291904d10321fd,,,
37012,0.15,1024,1.0,1.0,1.0,0.0,-1.944516804041574,24.309469213269036,1.0057044382549372,44bf63ad71511a9d60b17d2a4b0e451f46cae1e5328ebd66aec74ba4644046f0,,,
37012,1.0,256,1.0,1.0,1.0,0.0,-2.026906218507747,23.95038231865857,0.9025416848917455,d84d077b1df0047447e4671051365f1feaa0a1f94e4a3231e8520ba56e61de71,,,
37012,1.0,1024,1.0,1.0,1.0,0.0,-2.0269062185072846,24.00282991132171,0.9042651354232729,8c5aa81613c3267551b2df44a1e3bafa5a02b149b1325c8470c5e4979aea370b,,,
37093,0.0,256,1.0,1.0,1.0,0.0,-2.6325345579221358,30.970680814876744,1.0614076006166102,567cc59a282f52c15a5c7a9deb538018fb19eed45c27ac201524a4d6892948e5,,,
37093,0.0,1024,1.0,1.0,1.0,0.0,-2.627171614037102,31.061475294800925,1.069422147953111,ff8720d248b78ed765dd5e53beb74cb907fbd843215e587b62af7c2a30e1b6dc,,,
37093,0.15,256,1.0,1.0,1.0,0.0,-2.536741640107543,30.857835364891432,1.1260980419264066,0d29d1edc2d528a19fcf8ad2732a160cb0f11b6d07687a3445d450832492fb2e,,,
37093,0.15,1024,1.0,1.0,1.0,0.0,-2.536741640107543,30.90383624566058,1.1336231435101387,36fb06c578b94a980f3ebea1457c2039bbe5369154f1aa1824fb9b91773ae2c4,,,
37093,1.0,256,1.0,1.0,1.0,0.0,-2.5491255190846456,30.022888476671312,1.2081526067824475,7c0b5a18c93605344c825e7af691f2f9655635b1513b8d74c27d0c78bab5f6c8,,,
37093,1.0,1024,1.0,1.0,1.0,0.0,-2.5491255190840993,30.104636539465403,1.214725172245292,56941ef16ab57f6609b99a8e5496ba1c5421983eb20d6d77279782bd732b79d9,,,
37175,0.0,256,1.0,1.0,1.0,0.0,-2.605369832444209,31.734390244711605,1.1347116969708493,79c40fdb1a34f46f59ef7085f88f398ae5c84cfb1abc80b28cc77f8189784f5f,,,
37175,0.0,1024,1.0,1.0,1.0,0.0,-2.36667043584926,31.736533340786863,1.1260895707176128,fc20cc0c5422baef4ff7c39ac999d89e92e3be23bd6ea3c758b77dc516536737,,,
37175,0.15,256,1.0,1.0,1.0,0.0,-2.492947637913689,30.936896222097346,1.0972715172474063,b0328488a46c5048f2f28d0e0a8b4f0b3bed1b46f7c44ce394897796ff43e53f,,,
37175,0.15,1024,1.0,1.0,1.0,0.0,-2.45573399864538,30.950939717892307,1.0914848779446709,949bf88365528c7442f32a7dfa5f0099693df5f3928fd8de9bb909e7346ab08f,,,
37175,1.0,256,1.0,1.0,1.0,0.0,-2.719888296904303,30.32929744435543,1.1422721062791346,82cca1d135ad29535619d23b26732fa196b050036ac07cbd3fe0a0f70e50a6d4,,,
37175,1.0,1024,1.0,1.0,1.0,0.0,-2.7198882969042906,30.370413747925024,1.139130746477646,2334a4d2adef90f6da2d2d7762da4f96147ffd031215dc9fd6f70ecae72841ca,,,
37256,0.0,256,1.0,1.0,0.84375,0.1323529411764706,-1.690505634156417,23.8757779529867,1.2386430119614378,c74c45dfad8cd37a9d4533cd954d2c24b7f1de076fe447374e447737041564a3,,,
37256,0.0,1024,1.0,1.0,0.810546875,0.15371074657869013,-1.5250252339661703,24.019105797868033,1.2555790276660683,6122cfe52a5d3a48f5300e45d6398d3d44260388f7722f8cddd37242bf6ceada,,,
37256,0.15,256,1.0,1.0,0.97265625,0.026700367647058822,-1.6302493863133893,23.161449099757746,1.1002026303771173,3f695daa47a74083208432cb9c38a303d36271dc03bc7c451eb14f0b22877aae,,,
37256,0.15,1024,1.0,1.0,0.9443359375,0.052616958394428155,-1.4808190518430573,23.29201708654837,1.1171797434948412,0411a506adec062d0fb9201c7cea741df6b2ea515c9e7927270909d20cfb19f8,,,
37256,1.0,256,1.0,1.0,0.8984375,0.09160539215686274,-1.487955113418657,22.65439653304969,1.0722684196711065,7c59e508a4f8e652a67a99c1135c78bfe99d5e40210d6a454a8f956c53da82e5,,,
37256,1.0,1024,1.0,1.0,0.869140625,0.11384637707722385,-1.4879551134185593,22.780823870480123,1.0888132635408962,04aeed4a8f5dc105c6a08f87aefd1a7b8e21cb9f338c7307cf8f2c509a240d4d,,,
37337,0.0,256,1.0,1.0,0.9140625,0.07886029411764706,-1.7534093083545912,25.030923252340646,1.23911746919124,f6d2fe6d615ecb40bbede45cb62f8eac81c11d87e2a3fa2ca1d705788e3c5b92,,,
37337,0.0,1024,1.0,1.0,0.935546875,0.060357862903225805,-1.7410742181078405,24.92239007925063,1.2307345527586169,d57518f950c0b6563d337bd4def6e20e2d07223a4bad483d41268704541cd8d0,,,
37337,0.15,256,1.0,1.0,0.546875,0.24877450980392157,-1.6989739682573326,26.44150298949327,1.511710750392991,484577dad025c2ddb26c4cdf66fcfa4ff6c63eed0627222fb3acfe2001849e18,,,
37337,0.15,1024,1.0,1.0,0.5810546875,0.24366809475806453,-1.5454583106151984,26.325193915867285,1.5025335464093637,cdda1914d19131f9a95435246fdfbdf850450471b7252294fc55cf422f432fc5,,,
37337,1.0,256,1.0,1.0,0.515625,0.25073529411764706,-2.1961649557900547,27.23393631534451,1.5192742577552263,1c36e15dd3c6b381aec6698034dd5d65bf692743a4d3f9edfe0270dbd0f24229,,,
37337,1.0,1024,1.0,1.0,0.5283203125,0.2494415551686217,-2.1961649557899605,27.101252572291713,1.5104274401773716,f201491813f75f8ed5b8e567f9821baf71aa4cc76e2f02e1d6ddffe462daaea8,,,
37418,0.0,256,1.0,1.0,1.0,0.0,-3.294913474899247,35.43322711409588,1.4170681203497257,665cc991416489b345f010f8f73780fcd82f641cb220171d8e61aa2b77add856,,,
37418,0.0,1024,1.0,1.0,1.0,0.0,-3.0693421159843854,35.24146026490029,1.4076473986453912,06648acdee1f60ed72f5a436a5450a6f213e231fe75994b393c685f926f884eb,,,
37418,0.15,256,1.0,1.0,1.0,0.0,-2.671671201759695,30.19568211022334,1.0357813923095605,36ae0f53b722a84d3dc1ba3b9e8af0f10836f1b031851707ce6523348edece13,,,
37418,0.15,1024,1.0,1.0,1.0,0.0,-2.50855856835777,30.021127823938855,1.0237460989515248,974e2d6d6e096ffdd98f44ce841372b6d940045b2f83a802a4e0828ada1f947c,,,
37418,1.0,256,1.0,1.0,1.0,0.0,-2.52501081744865,29.111001924883624,1.0794667512065375,809d61f861fc40457e410a814d70880f48ef54b6367a87019d526c80cf1d48ed,,,
37418,1.0,1024,1.0,1.0,1.0,0.0,-2.5250108174486297,28.947460005033587,1.0691967389224124,4a7f110f9efd80c16631dd049897e30496bca06554e3b105f0418a9ab740650a,,,
37499,0.0,256,1.0,1.0,1.0,0.0,-2.7343806253615304,32.505044804194,1.089152153654016,3a45e668c5ab9aaa4df280b172992535ff98942b4e114f9b95deb57331ad7277,,,
37499,0.0,1024,1.0,1.0,1.0,0.0,-2.435607630526273,32.51578871887187,1.0978240792636509,ca7baa020725a43d4f653599c2179546ad5751fe206f29d53875d02befb4d8db,,,
37499,0.15,256,1.0,1.0,1.0,0.0,-2.41939122645474,32.33653945376086,1.0956580478490976,379a8923077c24a5d5a6873f16b2395c8c43c7deb566a65b23c62881a1b45951,,,
37499,0.15,1024,1.0,1.0,1.0,0.0,-2.383966048762037,32.3123676360649,1.102630171753413,9a19d4d86897dc85794a4f5c08b963450b5d7108983f139773f84066f48167a8,,,
37499,1.0,256,1.0,1.0,1.0,0.0,-2.9248628211114527,33.077371886561714,1.2314114539802685,da78f64ceda93fa2c4f5c84d3017812d51bcc81b82dcb978bfc8253838fe484e,,,
37499,1.0,1024,1.0,1.0,1.0,0.0,-2.8885195239023957,33.056964108954894,1.2342036429614953,48288011d3414394aca46a95d5ae1b3aeb7e7ab23da0869fc53bb47bb12644fa,,,
37581,0.0,256,1.0,1.0,1.0,0.0,-2.1941480220064573,25.77401597030243,1.09862100835159,77aa58cadb12e1634f5ba75ae507e662dcfc73b8c5cac26c8bbe6bf0a62e6269,,,
37581,0.0,1024,1.0,1.0,1.0,0.0,-1.8780196150011648,25.862866709214853,1.1025498895514971,e918160ca97ef411a75e7562482caa1a10aee84f546482e5bd50601913964e5e,,,
37581,0.15,256,1.0,1.0,1.0,0.0,-1.864011637689584,23.364533504135988,0.9106862460124087,56588ab71cadbb0de1d695fd6cbbe0421abd7c9b898a6115f35ee2202db39b4f,,,
37581,0.15,1024,1.0,1.0,1.0,0.0,-1.805482242721526,23.45774666118447,0.9176292763961738,a139793ebe8155ff5cb2cdd3e0d099bc9b1c68d88a970e6acd81936998b18960,,,
37581,1.0,256,1.0,1.0,1.0,0.0,-1.8705391232348854,24.274988286538573,0.8628684303238062,c3ea92d1f254f79ac77f3c47a8c9a276cffd67b5e2030b94b3a650d30d004766,,,
37581,1.0,1024,1.0,1.0,1.0,0.0,-1.8705391232348854,24.433327604043836,0.8726153039395117,24ce0c387699d75a611cf1720829b1caa6efdfc99210e61024dbadf891912f74,,,
37662,0.0,256,1.0,1.0,1.0,0.0,-2.4313181603066054,29.697233190244372,1.2481873805464607,9c9d6803904cbcccf05532650ae32e6517126bd7a873f6d019a67775cead7dbc,,,
37662,0.0,1024,1.0,1.0,1.0,0.0,-2.4313181603066054,29.85994580571827,1.2572909080036587,80490c47f38384c4eb9b41362bc13c6354a7905edf5c194df7b7b4464cb3e78b,,,
37662,0.15,256,1.0,1.0,1.0,0.0,-2.295834986437236,30.83059828436882,1.5330530194828813,758bb48cb5fc8573ea631d736217ab9401bf130de689e186bc934d6b7d76b08c,,,
37662,0.15,1024,1.0,1.0,1.0,0.0,-2.2115784388893385,30.97621243401788,1.538303171545956,986ea5ce21636d91621f141cae5d1b55b64cb5bc60104f9e8b6d7b299ffc3dde,,,
37662,1.0,256,1.0,1.0,1.0,0.0,-2.632204709536925,29.243769636856147,1.477767754801626,d2146c7ae1103ee3c7215423b87f627d369dd854bb4f4ee8f460e9bc874044b5,,,
37662,1.0,1024,1.0,1.0,1.0,0.0,-2.632204709536711,29.371824058464984,1.4816625486919475,f5bcfc669ac44e18c58e66740a926af12d15fe3b5c99eaaf620abfddb65b5e67,,,
37743,0.0,256,1.0,1.0,1.0,0.0,-2.3931233922141066,30.391459910667603,1.0318247491755763,031777e85890ae1b9919bf9b0c1126f9c50d8353e2b875f60afe3237051903b8,,,
37743,0.0,1024,1.0,1.0,1.0,0.0,-2.267992523896498,30.578573731248508,1.0397016691513172,d03825e4fc96250497efd4784829658c4bba7fd8e91b0392778fcb46effdc747,,,
37743,0.15,256,1.0,1.0,1.0,0.0,-2.3865518183124887,30.300984093542652,1.045699006786967,39e98d366cb5bc6e9044c5465d0bc5f22fd49fd0bd41ed5d31b969218db02c8f,,,
37743,0.15,1024,1.0,1.0,1.0,0.0,-2.3865518183124887,30.510072927994987,1.0493251692992098,36ccc6ec4b83091592eb6d9ee0746a23f27478602f79f7ba4aead7b215128cf8,,,
37743,1.0,256,1.0,1.0,1.0,0.0,-2.4207344477250032,29.87691564083171,1.0827310927913176,e0b138a3082be29cdeb179a9804d26dee62c0a93ebda04acacba77a74728b792,,,
37743,1.0,1024,1.0,1.0,1.0,0.0,-2.420734447724877,30.06404552773053,1.0866959663397324,96da24c01084ada1968af05a68de2ae5ab47f78b87d3c4377d18764fafece145,,,
37824,0.0,256,1.0,1.0,1.0,0.0,-1.7456466348955049,22.20673647676588,0.8841328162767731,73288c704c82f4ad1185b715540f6216bd6f56cb95a20a94e38eca49ed01b04d,,,
37824,0.0,1024,1.0,1.0,1.0,0.0,-1.588099377081122,22.097784350064003,0.8842764155782583,f7e7e0bc59c35018e9345bc1d561cbb6e3089af31280c00a77b4c0c0127ec1cd,,,
37824,0.15,256,1.0,1.0,1.0,0.0,-1.5862938726483065,23.315761197227655,1.0340385914240897,6ea771ead785a16a08647d107fb05f7635f87a94705dbd8539f6dced2803824d,,,
37824,0.15,1024,1.0,1.0,1.0,0.0,-1.5862938726483065,23.216579695445592,1.0340628451645593,667608e697ec5bb4685c09261f532eb193c6ecd427e37d9d60eeaa085cc3e23b,,,
37824,1.0,256,1.0,1.0,1.0,0.0,-1.4101923762153201,22.967293366392983,1.001635350809571,85fa4860b9d9bd04a4800a35561e6d715cc8aa73a8bf5334cf24e0546b821ce3,,,
37824,1.0,1024,1.0,1.0,1.0,0.0,-1.4101923762153201,22.85720348877767,1.0015007982205213,012682e5736984c2c75af32406701a47222801f1d736cc6823c1bbdc3eda6340,,,
37906,0.0,256,1.0,1.0,0.55859375,0.24753370098039215,-1.8714937126285633,24.33269372050827,1.4189879225671902,614d02e7d6b6c2c14d5a3fc1301409bb4a91ea801bcd96f7996b2ce28e1925c9,,,
37906,0.0,1024,1.0,1.0,0.580078125,0.2438256048387097,-1.57825908852663,24.520582721072838,1.4252903424939607,0c6aea7af6a34cdd4ea5f3a82b788e1252b6d2c6ab02bd7d816d9705bf72955a,,,
37906,0.15,256,1.0,1.0,0.67578125,0.21996017156862746,-1.7763085413981283,23.24360487752648,1.3676244212327524,a8b738c8626861c09b1c0aa8297e6a6b4ca38d9d893c16fc1fe13222440b3ff8,,,
37906,0.15,1024,1.0,1.0,0.7119140625,0.20529291147360704,-1.71327662109388,23.422291044711685,1.3697554920105046,e5709752eec93594ced73b5aa8b6ef0081685dbf17897061c22416a115bae349,,,
37906,1.0,256,1.0,1.0,0.69921875,0.21113664215686276,-1.9802884299558219,23.973167365441594,1.2940787685019666,098779b75ed9b2a931ca2d2e6c4cba18ce0ac5c998388970a3a8462dab993e80,,,
37906,1.0,1024,1.0,1.0,0.7275390625,0.19841974431818182,-1.9802884299554906,24.1278877089596,1.295123046759401,dd35b7eca411afd935a23f792dd8ecfe6259038829e338bcc322b9193cc1bc62,,,
37987,0.0,256,1.0,1.0,1.0,0.0,-2.6621493756313397,31.262665853636406,0.9970023764274231,ae347f1f090ad9074ab3a2434c9a8f7139f0bdab29fdfe7141d3430faba7ad87,,,
37987,0.0,1024,1.0,1.0,1.0,0.0,-2.3809702286878176,31.50509140627989,1.005818304243834,6461853c7fc1d45383608c2c45495b4912bc2ecc58327cc6dd15f2067d2fc3d5,,,
37987,0.15,256,1.0,1.0,1.0,0.0,-2.640220870393005,29.99388409341934,0.9664710182369525,736f0811e576605d78bd1b3e50973ebed7eb7238ac7727638ec159bf216bbe9c,,,
37987,0.15,1024,1.0,1.0,1.0,0.0,-2.5016583839064293,30.258831669211627,0.9755011345099791,4d2ae8551fb169129f2ea2e6d78a931dd130caf42f0c53ef8d1ecd5d5be92678,,,
37987,1.0,256,1.0,1.0,1.0,0.0,-2.7859708165836397,29.768081284331732,1.0461373916237544,7b07e5d477a233afe58c3c8ef617934c36b0cf15da6609bda64e5827e2b818c2,,,
37987,1.0,1024,1.0,1.0,1.0,0.0,-2.7859708165836397,29.996537616801604,1.055903722352716,0796f976f4eda9e35c2db292a97731c0e8eaa78f00746c21a635e76aa24c22db,,,
38068,0.0,256,1.0,1.0,1.0,0.0,-2.757359617634002,33.53084445843185,1.1170014630860554,d50876af0bed67a613fb488ae88ca4f6e9045e4119a20bf3428e81e882864fc6,,,
38068,0.0,1024,1.0,1.0,1.0,0.0,-2.690724255718256,33.55400535612073,1.1083360107665743,791a188770f3980a25bcb41b336c336656aeae2f7b018646464f5e021f170691,,,
38068,0.15,256,1.0,1.0,1.0,0.0,-2.74649919178089,32.6013795469924,1.0923775777196143,1077f47219f85f6d0c10602d8ec9f39cf5bb7bbe6415045b4e7bca3167c5a671,,,
38068,0.15,1024,1.0,1.0,1.0,0.0,-2.4708192208109523,32.587796093181026,1.0830640637372282,85723dbdcc1800e44c20a3a488759528545a2e820eff366c953693abc78a191d,,,
38068,1.0,256,1.0,1.0,1.0,0.0,-2.505218688838278,32.07263349991036,1.1611878818033359,25f45381b2890d5003cbabd13f9d135d74836d7e1c2dec7b8688e511d5c039f2,,,
38068,1.0,1024,1.0,1.0,1.0,0.0,-2.505218688838278,32.03781941574002,1.151500373291131,a63f4cb0104a3c45a00a7bd52e4c384566143fbffaa9683bd03df8306fc4acf6,,,
38149,0.0,256,1.0,1.0,0.9921875,0.007781862745098039,-2.0761329330229534,25.736633429827453,1.0024070921961517,26ff1e71660b5596aeff8071929ff4127580e6ded12d5a9c5e0c854331ab1638,,,
38149,0.0,1024,1.0,1.0,0.9970703125,0.0029239598607038123,-2.0761329330229534,25.720346024376884,1.0048015204688308,519bf461a9359aaccb09b5dc5b50240a8c386868402112e8691fbabd3d293118,,,
38149,0.15,256,1.0,1.0,0.9921875,0.007781862745098039,-2.137963207896189,25.275591819038755,0.9995363426841543,2b73d634ac0a58d7fc5f0d317e964199845a57e3ceee46a05a7b756b8a4dc92a,,,
38149,0.15,1024,1.0,1.0,0.9970703125,0.0029239598607038123,-2.0836088384319638,25.279640150835984,1.00376484237902,520f1882dd409a5496b2ee7792af2d5c2e7ce8c62f8da4e3ffe5815d486a4365,,,
38149,1.0,256,1.0,1.0,0.9921875,0.007781862745098039,-2.336265222355423,26.824766048289785,1.0074398918917185,898ef89cddf6ff66e7858a4fc73e3c6071f43ef6eb8aba51bf84764a765f5628,,,
38149,1.0,1024,1.0,1.0,0.9970703125,0.0029239598607038123,-2.336265222355423,26.817794918849586,1.01138510519841,b2764aa380c91f8889b77cfcf198666cb0a11a55db8873229f3a45ba250dfc09,,,
38230,0.0,256,1.0,1.0,1.0,0.0,-2.588419863883964,31.304016760679104,1.3063965793409809,8ce1c3c88d29f5339b430908f0a0138ac1fa4a7799e5991b8f2d1ac138edb272,,,
38230,0.0,1024,1.0,1.0,1.0,0.0,-2.476442404705664,31.321859720524163,1.3053264193293217,9de3b6495a47f0287b3da9bd8c97c8a95e7ede729bf4eb5829a72a727ea8c222,,,
38230,0.15,256,1.0,1.0,1.0,0.0,-2.3104099531787003,28.692754097742597,1.150189701014525,fdac8e4e66d5a911aa51480e09870c73556f377fbf03e5db6431e51fb6aaafe8,,,
38230,0.15,1024,1.0,1.0,1.0,0.0,-2.2478209524708963,28.678823538149175,1.150651428265544,7a45fcd2f5624780d51625238d5d5bcd7d5f0bd8b7779f7a394ed04c1b7d8051,,,
38230,1.0,256,1.0,1.0,1.0,0.0,-2.497678919308556,28.840292585067107,1.1396333977424682,cdf68b8ef7e2c3c2ca6362679cab109cfb4970ab10715acc199062707cdca9c3,,,
38230,1.0,1024,1.0,1.0,1.0,0.0,-2.4976789193085085,28.84240801587775,1.1362770128614967,add5776a2baa0b6cb3dfc409b1120294de199bde5e988cd01d4fd805e4e1de55,,,
38312,0.0,256,1.0,1.0,1.0,0.0,-2.8312453455438176,33.34547863999749,1.1461210015127077,f6569f3555fb6d3320beb5271771ffb88f27ec8bb37d0c23a100578d6b79109b,,,
38312,0.0,1024,1.0,1.0,1.0,0.0,-2.6709705735835394,33.435129190518886,1.1489407824443447,729d40ef8fe8d029db6cebc0d5c9611e2b501fbd47f7c8799708c81db64524dc,,,
38312,0.15,256,1.0,1.0,1.0,0.0,-2.5289030787033893,32.865693282891115,1.128750773014384,b5d9659245912ebbd7abdc9f2c7a90250b56dc0a602d8e85a8202666a089a07e,,,
38312,0.15,1024,1.0,1.0,1.0,0.0,-2.5289030787033893,32.922941923169255,1.1306858070244001,c01aea84af3dd81a7c032b40c3840487f1e291c4cd236f4ffb38c211f861affa,,,
38312,1.0,256,1.0,1.0,1.0,0.0,-2.4521040888428773,31.967802500153578,1.1679749640758739,dd4ae578cbe4808b30f77686a17a0431256314f5b22abca2af2d6bc685a12223,,,
38312,1.0,1024,1.0,1.0,1.0,0.0,-2.4303644294997797,32.02876520831893,1.1698649024283194,9642c976fd52428064952abbaebdebb21243b8e5620356e2c29b341a24941405,,,
38393,0.0,256,1.0,1.0,1.0,0.0,-2.855167412327572,30.918536493843053,1.0685096998697299,04228241ebaf5d51a4ff3d6210818b9fcf9f886f5a605b334632fbfccffcf22a,,,
38393,0.0,1024,1.0,1.0,1.0,0.0,-2.8190612331624822,30.79892766870768,1.0693841466762033,2ff8c9a7212655de39400631b7850db3b3273d643b25a3f1812320e6f2cea21b,,,
38393,0.15,256,1.0,1.0,1.0,0.0,-2.770140074815357,30.9025723642668,0.9990899807574583,c0a841ccf5ce49eb333782a302b6febcd9ce12508c0c7ebc387dd7883f726924,,,
38393,0.15,1024,1.0,1.0,1.0,0.0,-2.7084755559435507,30.80371387953524,0.9995045992699895,063f931f6d842b1fe91d7eb2419aac79ce459e4c1fb37a173375d8fe69e143d6,,,
38393,1.0,256,1.0,1.0,1.0,0.0,-2.9193130580263755,30.952239003205865,1.0558928504787635,1f4c5b82d2672173bec4da8975e686a4326afc97644dfc2a5ee698141e8461aa,,,
38393,1.0,1024,1.0,1.0,1.0,0.0,-2.919313058026318,30.85643783703459,1.0571452567136235,a092040733a48adfd15ba4fb734bfb420880d82b4b8d717928ea47d0503ff0bb,,,
38474,0.0,256,1.0,1.0,1.0,0.0,-2.3943624423905785,28.097303363363682,1.1390650239065014,13d016ccf36c8f566795b4448a716d8580a13dc86ff3d11155652da2bc8627d9,,,
38474,0.0,1024,1.0,1.0,0.9970703125,0.0029239598607038123,-2.3287511065448037,28.204024794869724,1.1406520735826273,ca4136c3ea75e7a5ed7206379ae00fea47099b1740439b17508c03c37e5061d9,,,
38474,0.15,256,1.0,1.0,1.0,0.0,-2.2472896280332773,27.026445249032047,1.0815789537481255,0d173cd15cea4faf1e97d21716c76c561468ab8945fe6265716c9eeb4cb3444e,,,
38474,0.15,1024,1.0,1.0,0.9970703125,0.0029239598607038123,-2.2472896280332773,27.139192544763358,1.084706889220441,44fcbef8787cb4e61e5a298cececba819a100b0e251930693bdae3cdbb635368,,,
38474,1.0,256,1.0,1.0,1.0,0.0,-2.4045418353286054,26.895853388694253,1.138549255554669,86490b75ef5094c3fdbbca214a67fad5171694ebfb5245a3856920d632d733ff,,,
38474,1.0,1024,1.0,1.0,0.9970703125,0.0029239598607038123,-2.4045418353286054,27.021258039859067,1.1422108448110966,a9c87051427ebd1e87d5b865d3119dcfd4125252a24212822ade49bfb0ebffc5,,,
38555,0.0,256,1.0,1.0,1.0,0.0,-2.944717310693208,32.72578037222432,1.0263994190253691,1e221d9e85bc0c1d8a8f393f4f1dc9106723b64a6a312b74352f78dd2a4aa9f0,,,
38555,0.0,1024,1.0,1.0,1.0,0.0,-2.6946476657023757,32.84136438091343,1.0350332119982995,1adcf8acb08da6d52dabf8d7c237d772ffd3e9e82713cffb4c9f7151dd26ddc4,,,
38555,0.15,256,1.0,1.0,1.0,0.0,-2.7799246643777398,32.09204197998513,1.0031365889800963,144e31ed6af2d5807159599868a29380472510dbaf3d1fe6a5ae2e5b7ee5e6fe,,,
38555,0.15,1024,1.0,1.0,1.0,0.0,-2.7799246643777398,32.2322467726364,1.0146844829412622,15557ff8a3034cc32ea5971929d98d28d543661038885f3d0741ac38fe71915f,,,
38555,1.0,256,1.0,1.0,1.0,0.0,-3.0933316635359462,33.21802243788286,1.0265217398178195,aec085391300d8a95a959c3dfb54f8b6f798edca69c012c20e35026f60494f2a,,,
38555,1.0,1024,1.0,1.0,1.0,0.0,-3.0933316635353796,33.35371623827911,1.0356579278722584,af43e888e8758b196dc27476ff668722834e15916aa66a28a3f5971e4c9fa23e,,,
38636,0.0,256,1.0,1.0,1.0,0.0,-2.8194034457355404,32.35205047558427,1.0333565093148989,cfe6c76fa5db0f47ec9a69c4a4b6e73d1845c8fb6c452ee36a5dc171cf8fabea,,,
38636,0.0,1024,1.0,1.0,1.0,0.0,-2.534460123634374,32.37567011579588,1.0372233706763054,31126d87f03db6569902af6060292ba555807b2b1ee69063952250e8268b5a9b,,,
38636,0.15,256,1.0,1.0,1.0,0.0,-2.8551677832831626,32.37567906211263,1.0305172536310494,929a778e6a65be794e6132e53f989524cea932e585c733989eddac341f1f8ed5,,,
38636,0.15,1024,1.0,1.0,1.0,0.0,-2.6063092005735697,32.40542866731496,1.0333130064397753,c0a616e090b19c4cf01286e2416a8666707b6796b8d2e11aa1f0495b7f690dda,,,
38636,1.0,256,1.0,1.0,1.0,0.0,-2.9498736783563846,32.43924377411934,1.1285347193766107,42b873c924adc6ae2ac7d54bd16932a3c3deb80c70e316fb3106fa370137b257,,,
38636,1.0,1024,1.0,1.0,1.0,0.0,-2.9498736783559494,32.468507281632874,1.1329045346081608,f54093381d0ebccb332cba00353dda7c126b2a891519ad66d490c20c651d7d18,,,
38718,0.0,256,1.0,1.0,1.0,0.0,-2.0529761819611756,24.218350641763777,0.9168844327122464,b160aa047168d3de15a7163c3d007bc5ddf08d74c8aff47fd75698097f6f2a44,,,
38718,0.0,1024,1.0,1.0,1.0,0.0,-2.0529761819611756,24.211079984311013,0.9181683725268283,4e2d233ba58405f87458bf5bf52524e4adb68ee0196de4f53dd3f313af955bc8,,,
38718,0.15,256,1.0,1.0,1.0,0.0,-2.0950002273749906,23.4617757959101,0.8600594524312869,bf6e27379c5877f7518ac593464b99c2491c59c0a0ea92e42dbed1f1b6858cb5,,,
38718,0.15,1024,1.0,1.0,1.0,0.0,-1.9791758257976646,23.4449632707306,0.8607836450057135,0fb4598c7472e5d8b331833ccd71812907cc9c57b737e09464d25d35700e61e7,,,
38718,1.0,256,1.0,1.0,1.0,0.0,-1.9716417674244444,23.80960380767389,0.8428895681740431,0fd70cb3661926fff62df7efb14e5b58e19b434c34dee6352599216d0fbcf876,,,
38718,1.0,1024,1.0,1.0,1.0,0.0,-1.9716417674241056,23.800530084412696,0.8430633097293101,66da0422b086e34b150479570aba923016a7c7bf506c82735a757b8585d655df,,,
38799,0.0,256,1.0,1.0,0.49609375,0.2509650735294118,-1.8306606489722306,29.59377360948024,1.6742376631573883,0e862650ec82ad1f08e2104aeed494dea67987199fa9aad7b3983ec528ab6a5f,,,
38799,0.0,1024,1.0,1.0,0.4619140625,0.24879242271505375,-1.8196269877341038,29.514733894695002,1.672614578279464,ec821b013039052a0dfc29e1601b17f2911543e76dd190dcb78d37789e24f7c5,,,
38799,0.15,256,1.0,1.0,0.69140625,0.21420036764705883,-1.648334123746034,27.624289711150013,1.5326865589928667,a2efa61d042354a0f12f2dadb16648aef66794e663cb280334f74b3afde73fce,,,
38799,0.15,1024,1.0,1.0,0.671875,0.22067448680351906,-1.648334123746034,27.56405410861738,1.535499003825095,a091ed43a5cd9980170dcc8207bce0e7da65127fcbfd989d9a565e00fa298d49,,,
38799,1.0,256,1.0,1.0,0.74609375,0.19018075980392157,-1.9888356227995114,27.445417476808263,1.5172633883530604,c76e8b8a2b19918f5fa23f0f699ac191f99c6c66586ff6a26b2b046f1b45be8e,,,
38799,1.0,1024,1.0,1.0,0.705078125,0.20814623044965788,-1.9721805538656891,27.399822729139782,1.521289293199836,3e9914a54d45272df4ec79380e6f0ddb38fbe240dbf0fc2ddbcf95199171a17f,,,
38880,0.0,256,1.0,1.0,1.0,0.0,-2.4945846800263443,32.21225070352069,1.1071154291018495,9578a307152e161a10a1e3717fc912851b17c6bd108d31fe8ed1d9a4a05fba89,,,
38880,0.0,1024,1.0,1.0,1.0,0.0,-2.4945846800263443,32.28542627163587,1.104974780031392,ec12000c02903aa7a54e16e19c31d1e3a50efec93583332fb7f59fd75b259b86,,,
38880,0.15,256,1.0,1.0,1.0,0.0,-2.438935009451072,30.981790443823073,1.0721896955492805,b5f2b3905a073c7254796922817aa56fd213ebe3e1543f32c1cf45a70c2e8bf4,,,
38880,0.15,1024,1.0,1.0,1.0,0.0,-2.438935009451072,31.010379726720146,1.0683529994089622,9ab1b1a546a480157bac8b8feb533eaaa78fe66452c2f3c885dd8a5f6e10aec6,,,
38880,1.0,256,1.0,1.0,1.0,0.0,-2.584110670718914,30.305987706835893,1.1056846684860526,44278cbc6a037408098952815a320860e19093f1f70f6a5720304bef82d94de9,,,
38880,1.0,1024,1.0,1.0,1.0,0.0,-2.584110670718914,30.328923968085146,1.1046338102074689,02e39f5fd97658a37bab8d20eb57630f040a96fb454d3dec9d438d41faf06765,,,
38961,0.0,256,1.0,1.0,0.8671875,0.115625,-1.7704529852548632,26.60438714589039,1.2260566131744033,729b4cbc487bdc41a5c83802a98dfd3b99b9bf1dcccb2d8f97c46cfa0b725e41,,,
38961,0.0,1024,1.0,1.0,0.8330078125,0.13924177510997068,-1.592086706494253,26.609501856048997,1.2390382308067518,b68fc9d6f5d0d5ad2eabbd553c6fbbb9f387dc4b2c20bce607a87427fd5d334d,,,
38961,0.15,256,1.0,1.0,0.4609375,0.2494485294117647,-1.8906233136938342,28.049165079437305,1.4547579047116435,f33e5f25f8956795044bbd515d0f356fb2813cb2e95fd6dbe17c0437f6777eca,,,
38961,0.15,1024,1.0,1.0,0.41796875,0.24350867546432062,-1.8351535305858926,28.029593934505087,1.4671347123887377,3d8478f49a1b742c87c8c5024eafe9088707449969f18535af736c054b53d9d6,,,
38961,1.0,256,1.0,1.0,0.33203125,0.22265625,-2.016815698238956,28.722733915407094,1.5143790957215923,2563ddc5ff694d404f5f55b700d1f755a3f5f8dbea78ad5741946fce0e2ba7c1,,,
38961,1.0,1024,1.0,1.0,0.322265625,0.21862399193548387,-2.0168156982388368,28.717712165235202,1.5242947160463736,b0f52206154da4c882f294440469150d7efb0d00fe498aae4e059dd1e466a411,,,
39042,0.0,256,1.0,1.0,1.0,0.0,-2.33878997589169,27.241827483322357,1.3703302526152645,2c1e1312a926d2a406574c390afc11ba2323ea6b8e5bf8c6ba90e4b88b46bd07,,,
39042,0.0,1024,1.0,1.0,1.0,0.0,-2.1077707037160325,27.28485705348385,1.3805744872950678,8a6330ec332d2fa147d54d15b4ab77aac60c699165ca656f4cdbc90b3990deea,,,
39042,0.15,256,1.0,1.0,1.0,0.0,-1.94500844860608,23.82417313429511,1.0765964647727915,bffc4cc2c9cd6f6b3b666ac15c4735bcd89f62d151500e77a4699330bc3a3765,,,
39042,0.15,1024,1.0,1.0,1.0,0.0,-1.841017430950222,23.84281867609427,1.0788949578616103,ff54819a478c7862f8da3ae81148db31df0f2e161e559249807c2d79e166d33b,,,
39042,1.0,256,1.0,1.0,1.0,0.0,-2.2034985630721744,24.519755413313998,1.0584109735628777,10782627d711dc227147feab45fb1b82de2f3d2f036eb56ce4ad97145280fe84,,,
39042,1.0,1024,1.0,1.0,1.0,0.0,-2.2034985630721744,24.52119458673808,1.060775033370199,627920f8496ddbc72fb0245cc030aa2c785357c7071a2a4b418200d1c1b4e459,,,
39124,0.0,256,1.0,1.0,1.0,0.0,-2.7423754511334435,31.720319528414933,1.116176987467477,202d20bc699a877ff001a1fec5f6acc1c95c4803c957690ba187daaa507fc47c,,,
39124,0.0,1024,1.0,1.0,1.0,0.0,-2.7423754511334435,31.928554832152795,1.1245804518054894,9e9fa31378f44964c5e639d1ed0a90f640b2ca295e223e049a383f1d8efeb91e,,,
39124,0.15,256,1.0,1.0,1.0,0.0,-2.4159857306226193,29.804792378716844,0.9643896732480588,c2df0174bada74123aaa6d4bb7ebd5e945173d0d406a3bc675670426b63a0e5c,,,
39124,0.15,1024,1.0,1.0,1.0,0.0,-2.4159857306226193,29.987589024461244,0.9785511462230073,a25714e305607278bf29a59e595c4d37661dffab432ed27d66803f49f9fa611e,,,
39124,1.0,256,1.0,1.0,1.0,0.0,-2.624970153898184,28.909538828641022,1.0502351652378559,e6eafe1015ae5a3f2878dab5d9a4e504f1a115a7ca0f743b1a875f25c43fb4fd,,,
39124,1.0,1024,1.0,1.0,1.0,0.0,-2.624970153897948,29.13819855170574,1.061236929225158,487d09feaa8c5c9e030bc161caa1ccae0f73eae367666958fc6245c108a0ca6d,,,
39205,0.0,256,1.0,1.0,1.0,0.0,-2.485932776854397,30.580973137025342,1.0270604019268479,c4b4d35c8c29334125f47a32b9629b888ddaa94e6a0c644f0fb94c779adbc144,,,
39205,0.0,1024,1.0,1.0,1.0,0.0,-2.4467215643633384,30.79594991759644,1.0362372294062985,15d9617e535eadeb426e8ad3071cdd7c84baf07eaf23c73ee0c33bd3b0a9782c,,,
39205,0.15,256,1.0,1.0,1.0,0.0,-2.6477565847053803,30.206320282991516,1.0303485629990423,579d3b460004e05a5f0d3c2230c8308b48aa424bfaa5a753505504b6e64a80ee,,,
39205,0.15,1024,1.0,1.0,1.0,0.0,-2.3729396496368764,30.432197470223812,1.0384052346586439,f4fd199f399351c3fa951c3177759dabff7a4f29764cdb6c3259127df5c1581f,,,
39205,1.0,256,1.0,1.0,1.0,0.0,-2.6129784579918596,29.94875146904359,1.121759455968083,80543faccf48de3b5d7bf15fba4b69edaa9241938994fc322a31750e44f18889,,,
39205,1.0,1024,1.0,1.0,1.0,0.0,-2.612978457991203,30.197932062706172,1.1303032534589785,2d90008be8a60d8e2694c0b100c127e4378a7a3167a62754403bf4be1ef282eb,,,
39286,0.0,256,1.0,1.0,1.0,0.0,-1.8738131006132264,23.241061660626816,0.9124395689207472,da30f26acf5b90cbd1767b71e4451b7edda07f07eb6e0fce6b15989039569204,,,
39286,0.0,1024,1.0,1.0,1.0,0.0,-1.696786474584893,23.179328629696645,0.9062826985534347,0f2461e998401d3cebb5c30eec6e17af1f1ec8201acc86c07ae312e5cf09d456,,,
39286,0.15,256,1.0,1.0,1.0,0.0,-1.787714896117628,23.408596264659412,0.9453603760132243,b622a4914c221e738b19f6ceedbaa3964961bdf6240de490cbde9a0316fed86b,,,
39286,0.15,1024,1.0,1.0,1.0,0.0,-1.7467664555480078,23.33613737478095,0.9383617277927512,86c8e7a41b0b3b06a086b5cd62c546fede4b99d7cf5cb022cb9422383dd705ac,,,
39286,1.0,256,1.0,1.0,1.0,0.0,-1.7353929398905805,24.439946409213036,0.8848077275222336,53479b261bc3ed9d7a1fefee8095a0e95f662fe3c14c8f805478a94a972f16d8,,,
39286,1.0,1024,1.0,1.0,1.0,0.0,-1.735392939890386,24.36967100911848,0.8777195949464789,a2f543fa1fdc5633066f500ff6719656ff621856eca2cfcb9fdae75a42ecb3d9,,,
39367,0.0,256,1.0,1.0,0.16015625,0.13503370098039216,-1.7590317596776792,27.658422005871596,1.6547197390223178,9a6f1145e022b458a4daca3fa338c5faa5832895de0a64b6e50053b1023655b4,,,
39367,0.0,1024,1.0,1.0,0.142578125,0.12236910434995113,-1.7590317596776792,27.88429239121538,1.658450501514431,7b41f66ab70aba4fc96aebc8ed47df9dd96b73d18959d6e899eea21c4fb5c3ac,,,
39367,0.15,256,1.0,1.0,0.30859375,0.21420036764705883,-1.3978432153960236,25.81492086866217,1.4900544210801323,f45a9e715c79ac5d47c2e17df38a3f69868a81b24144ed560f146e4b48a93eff,,,
39367,0.15,1024,1.0,1.0,0.30859375,0.21357221407624633,-1.3978432153960236,25.992295374907467,1.4901853602172175,2a5e9d1f11e5c7b25c08d53d8c1e40f9ce2ceb19ca56ccfbc8a84ee6656edf3b,,,
39367,1.0,256,1.0,1.0,0.3046875,0.21268382352941176,-1.7356308801264042,26.665249121183393,1.5350622147005033,82f68496122e7e37be09d2d89b5dbd7b538c869bc42903df6cba609039904d4d,,,
39367,1.0,1024,1.0,1.0,0.296875,0.2089442815249267,-1.7356308801262266,26.82588165545396,1.5371145204297902,3d64aaa9ca36fd8f974d70e7ab177c206362b20a6a0828c8849e26c2a17bd51e,,,
39449,0.0,256,1.0,1.0,1.0,0.0,-2.468510422844929,32.082847364129755,1.0484683628703917,bf9c696fcb2e059c9a524a392a76d18158d20f09b2d64013871c4e42fbce1b9d,,,
39449,0.0,1024,1.0,1.0,1.0,0.0,-2.468510422844929,32.136974675760435,1.0513231364327433,96964e5ae7fe1154146b0abd08e1c214045ce3715d0107f553b27638308ba4f6,,,
39449,0.15,256,1.0,1.0,1.0,0.0,-2.5738315851648257,31.715095335031716,1.0461143238505681,bd4d53ea6f4769ef491c55829997feba204c836e2aaf80058707cfa0de9220f5,,,
39449,0.15,1024,1.0,1.0,1.0,0.0,-2.4410194943769272,31.764922999922167,1.0455186529598999,3f6d9a9cfee953c7e92059ad4d8ad154df29dfffc050b3d0a327b9b75744f67a,,,
39449,1.0,256,1.0,1.0,1.0,0.0,-2.474429723566808,31.316844527171483,1.0880677174437903,3d2d6d95baeb3cde3db47ce1de8b40a68f85e2b471851ce0254bbe26b2290963,,,
39449,1.0,1024,1.0,1.0,1.0,0.0,-2.474429723566808,31.369582849565365,1.0895391046528586,b4b7403d3c9298c9103234406cf4cf5dea25ebbd0156391143420806c3937b18,,,
39530,0.0,256,1.0,1.0,0.9609375,0.03768382352941176,-2.156739412285086,28.458618564782522,1.224140734311719,90fc133d55a3c43a1bd9b76bba1b4738a0f254414370b0eeb1aee03cb83c1eed,,,
39530,0.0,1024,1.0,1.0,0.970703125,0.028466367302052785,-2.114116268909221,28.21788730452344,1.2160694040865925,59a446dfff0bc82fae87d7d6ff67bfec6135939c8c8289884b08f91c853e34ee,,,
39530,0.15,256,1.0,1.0,0.92578125,0.06897977941176471,-2.389990575334693,30.262178797118633,1.4416988975607934,36f97abf1964ebfa46315a2f66cf483d2e1de3ca2ceccf30db108e7cc94c5ef3,,,
39530,0.15,1024,1.0,1.0,0.931640625,0.06374862536656892,-2.0787351973666217,30.02440200301574,1.4372101021969539,f51188bf7437f76908eaab67b9cb3150b17f6ab504337447b5b3d81dbe6074d9,,,
39530,1.0,256,1.0,1.0,0.91796875,0.07559742647058823,-2.1918942582204743,30.371335596173356,1.4891522744840053,6ba5fbe3bfac5884b8e7210b6b4ed3c6d8b380eb4fbfa73fe0e66878aca3fca1,,,
39530,1.0,1024,1.0,1.0,0.912109375,0.08024422653958944,-2.1918942582204095,30.140807263373173,1.486873327014901,b91af3ba5b55909bcedee7f9070386b6d76925c1bfdfe5fb35f8fda6ebf51c3d,,,
39611,0.0,256,1.0,1.0,1.0,0.0,-2.148082500251157,25.22603289310564,1.1768175317290674,0d9f5194818760b94682e5a6ed80c7fda85e72a684c04fc6581deb073181bbd1,,,
39611,0.0,1024,1.0,1.0,1.0,0.0,-1.9450257817803314,25.185151700006895,1.170897269488005,9958a1231b7797e5f67ecfa741f82cd89fccd1ab90193eaa7ba39062dd10dfba,,,
39611,0.15,256,1.0,1.0,1.0,0.0,-1.7819402114177154,23.823541776511192,1.051296834231462,32ae9e906137076fd8842dd3a790192c0df908fa9ba2c82cd9ce6859f263dc74,,,
39611,0.15,1024,1.0,1.0,1.0,0.0,-1.7819402114177154,23.762738733349124,1.0446012542799825,2af8090a6927bc7785009466d70d178f9ec44358cfc8535e1f7a2bd02f18888b,,,
39611,1.0,256,1.0,1.0,1.0,0.0,-1.8179265698779696,24.009505862561486,0.9493042923589092,2a910876ab705e1de76506c67a701b85e799356a1ef8dd5ffea8cf750ed91412,,,
39611,1.0,1024,1.0,1.0,1.0,0.0,-1.8179265698779696,23.94526111570552,0.9445306466306291,b4de742abe0eba0787c469950dac9f2a5e2367fb1a999bb1271ccf0de5e4d447,,,
39692,0.0,256,1.0,1.0,1.0,0.0,-2.23043598909368,30.275186016933286,1.0941382220708393,8c9becfe00088e5c04edf2803645b4ef499b6bb0fe82bc3e4f28744afddf211b,,,
39692,0.0,1024,1.0,1.0,1.0,0.0,-2.23043598909368,30.156870702482127,1.0848727021764832,91278dff9cde3ece7e34814db6388bc312bb7e28d717ac86a4e7453d9da8ffd9,,,
39692,0.15,256,1.0,1.0,1.0,0.0,-2.288049904949262,29.906053549872468,1.131581935681637,2c27a2323d49ba4c3bab8f980fc4e7a8bbca6ae3e9955f6925262a7e8c5df6f2,,,
39692,0.15,1024,1.0,1.0,1.0,0.0,-2.229589677910985,29.779194685661547,1.1230385121438269,d104e82249a25d2f421972fabc410fd81d769155d76d013db7e4f427eb71aa85,,,
39692,1.0,256,1.0,1.0,1.0,0.0,-2.4732910269983153,28.732849794703686,1.1811682877093295,fc709062d9a86b61be86c919f6558225676b362cdb0964d3e4742389d5883da2,,,
39692,1.0,1024,1.0,1.0,1.0,0.0,-2.4732910269982202,28.605663214562913,1.1745960300621716,186ccba832e300dcb1a2acd5d3132389887ab7667df0c767a042f9ffebbe8476,,,
39773,0.0,256,1.0,1.0,1.0,0.0,-2.561340842568871,31.20725436671022,1.0646140582008334,5e6856753e03259d709686d425df2d4bd39ae9365a80a512b89bfe1ad34cc0c1,,,
39773,0.0,1024,1.0,1.0,1.0,0.0,-2.4977620427867597,31.171563826513776,1.0633904437554993,6820a479c05f3658931cf7b123f566e9e2535e5cc607797998b2fe2821635868,,,
39773,0.15,256,1.0,1.0,1.0,0.0,-2.562581620152385,30.806406892960194,1.0484998261408036,199e2347a4d4f42282a69fae7cdf5ae262794109b3e25c171eafcad565f69848,,,
39773,0.15,1024,1.0,1.0,1.0,0.0,-2.477046442080508,30.78341963678761,1.048166525648127,6dd4314729d8bbeab60731e30b7111f9f293273007a575418b4b52096edccf62,,,
39773,1.0,256,1.0,1.0,1.0,0.0,-2.4534088362359947,30.385255945960505,1.1090440403685162,aeeda27a52f46d4c4df5864d18c322c6ccafe2d30b2a27aa8e7abdbdf3709025,,,
39773,1.0,1024,1.0,1.0,1.0,0.0,-2.4534088362359947,30.33251152417552,1.108199619471094,2bded6d1d79246d0827aa45e8a95d39397df8206e54623d886d18e1f94d41ab9,,,
39855,0.0,256,1.0,1.0,1.0,0.0,-1.6317433450919907,21.834335697601606,0.8513931989924653,0b4f4847c9234d9b72f93536a7f4ef821974fa348d1612841b89e8f028e35379,,,
39855,0.0,1024,1.0,1.0,1.0,0.0,-1.6317433450919907,21.863575146012398,0.8550037317886888,8bd7ab61a7a7bb72286da3a4f17d36dd71406fa3ebd6a63be1bd27b05c385c30,,,
39855,0.15,256,1.0,1.0,1.0,0.0,-1.5862357850049307,21.508400602589887,0.8399603355007513,9460891751f4794328f341d40ad470629f4b0e365600120db095c0159109c880,,,
39855,0.15,1024,1.0,1.0,1.0,0.0,-1.5862357850049307,21.546472542655113,0.8461175833584161,ca775513e23d105ab4d52930d8e2f8bc4c21619952b9ff0c792c8f9b445cd524,,,
39855,1.0,256,1.0,1.0,1.0,0.0,-1.8704419834708625,23.538277273877345,0.8849399752606908,f160888795a3276fb7aa4989e298755b2915fa51da0a211e225ea945912ddf8f,,,
39855,1.0,1024,1.0,1.0,1.0,0.0,-1.8704419834707484,23.564104732072806,0.8906597188627257,fdfeabaee1ed31bf9572c1657876ce64f07e6257abf36c31628f4b27cc127e1c,,,
39936,0.0,256,1.0,1.0,0.59375,0.24215686274509804,-1.6328281109485951,26.327668294298956,1.4160953228394149,72d45b9c514002ff728ca2f6f9544882defb82f3031fa960798f9581e35f752d,,,
39936,0.0,1024,1.0,1.0,0.5947265625,0.2412624862536657,-1.6328281109485951,26.51646683811724,1.4328812998500837,bda17d8c462decf90f91a4984edc8270d9824caee92cbab4b342ac178019404d,,,
39936,0.15,256,1.0,1.0,0.35546875,0.2300091911764706,-1.811317505189722,26.435545126559408,1.5507263754886027,143bd18b7077072df19e1ada535d87ab3696146566e35c6673cdc98b4f82adac,,,
39936,0.15,1024,1.0,1.0,0.353515625,0.22876573191593352,-1.587691276653639,26.56232126674041,1.5606165548107305,f72a52f7a83173785c4583dbbf97267814e4115aa7ac0b8520cec7691421ac39,,,
39936,1.0,256,1.0,1.0,0.38671875,0.23809742647058824,-1.9989604394323006,26.13196912203584,1.5526825124001873,0a8f1b2209368e148a1d85d0259b403311d4036ad6e30d3a270fac82474eafed,,,
39936,1.0,1024,1.0,1.0,0.3720703125,0.2338623762829912,-1.998960439432289,26.254201254251694,1.5590892074792506,fb487b0ac0e0437cbec3e1e5ed674df2f6e52e1044957447288becc0d67a741c,,,
40017,0.0,256,1.0,1.0,1.0,0.0,-2.764295060161637,32.090092038691715,1.0592134970556542,2380fd53fae45ee77182f4ceb0dbb0b7f35e65062716a88316262e86079f296f,,,
40017,0.0,1024,1.0,1.0,1.0,0.0,-2.513167834423256,32.23959521304221,1.0555333745357587,72cc12430f96c7e601f7a632073bb3b895fa06baaa31ced781a5fee8a1460758,,,
40017,0.15,256,1.0,1.0,1.0,0.0,-2.6123886583076117,30.502371860952717,0.966502422937054,95312ce2dd0cabdc809e96a84d2c81009d62bafe6882c344a778977864ce354b,,,
40017,0.15,1024,1.0,1.0,1.0,0.0,-2.390304169770612,30.61386622460267,0.9662702178453417,44435cd86b92521bc414970c54cec1cb95db6219981f36c4ee6717f468c4a7e5,,,
40017,1.0,256,1.0,1.0,1.0,0.0,-2.521947620753604,30.210543615385365,1.073596910662454,7e7ae4d7c3ac6bd36da08abf1c6d28c2e3d0d9cbd9bafb79cd8f8debd3db42d0,,,
40017,1.0,1024,1.0,1.0,1.0,0.0,-2.5219476207535823,30.308997560976508,1.073213686906505,628a0a1af61da7acb0261ea9458a7ad9bb7c39b5dd1411d26496191bd1eab765,,,
40098,0.0,256,1.0,1.0,1.0,0.0,-2.6507400050299275,33.00876484187132,1.0787731371294833,3a2b73fe1d2c558df566bd670df3f0104f5860d27105d41cc1121745b255a26e,,,
40098,0.0,1024,1.0,1.0,1.0,0.0,-2.3975682271478194,32.99974949174742,1.0832626110960064,87ee80a51c7407b8151641a0bf852e177d29f9016b82b07a37af372bfa75ec16,,,
40098,0.15,256,1.0,1.0,1.0,0.0,-2.4174568403999004,32.28899733867254,1.0676726944675836,bc7690d24ff49ce50abb75a758f76464487d35b17ea4920cf4b35ea757c1ef83,,,
40098,0.15,1024,1.0,1.0,1.0,0.0,-2.365175894267316,32.33427536554151,1.0715336574612793,1fda2d6bb2ca76fe4322990057403c1f2e74e8825ab98165fa4a7d7af5820f17,,,
40098,1.0,256,1.0,1.0,1.0,0.0,-2.4866696105493915,32.35090862625918,1.183162599085047,da7d6f7528b7f06e5837f3732118b48a91c7c157ca697c7f69fdb37d0a2eed74,,,
40098,1.0,1024,1.0,1.0,1.0,0.0,-2.4866696105493515,32.40632972853039,1.1861180812692764,0a37d51b18cd2372121563d84ffdbd8002fbce47991cae21508eb7e7a7b91e8e,,,
40179,0.0,256,1.0,1.0,1.0,0.0,-2.331494150261559,26.105126882158004,1.0864525761888988,274c783a0da4552a14b9b0c8bdf608ce7b59bb5cbb85ba8b0b8012faf9b28b02,,,
40179,0.0,1024,1.0,1.0,0.9951171875,0.004863720369012708,-1.9880878228374659,25.967033321661365,1.0745091543134715,5e15e6a5790bb3e571411d96f6f61d17135d43740a21382e6deff27178e15738,,,
40179,0.15,256,1.0,1.0,1.0,0.0,-2.046683477901759,25.40518227172036,1.041622474379065,06c90552d5f098d9c6363539bfc9efd0b6a4194fb8ab8240ae52ab32aa0f37ca,,,
40179,0.15,1024,1.0,1.0,0.99609375,0.0038947947214076246,-2.033592519919459,25.248087943872136,1.0271940827783774,0ecd68fa6adca9b1a85d12153b0c3bff1ad5b72d2739e87a05e3275b09dea4cf,,,
40179,1.0,256,1.0,1.0,1.0,0.0,-2.3318093912539517,26.92272909415865,1.0253159300765118,ce5b49177f044d15ead1122be297ac21b3e4423cc6ad4bf16af9d4616e49111b,,,
40179,1.0,1024,1.0,1.0,0.99609375,0.0038947947214076246,-2.3318093912538087,26.752964285850954,1.010322747971928,b24b1ef25090db51ff91e895befdc6125936e6c6031bc6b7903e61e707118687,,,
40261,0.0,256,1.0,1.0,1.0,0.0,-2.676146927097518,33.5678262779191,1.309126853398492,eae8913d0a302a665921f785eac477386cb09eed04fc928466a7c55609b91918,,,
40261,0.0,1024,1.0,1.0,1.0,0.0,-2.6307345434361853,33.66779087638823,1.3164543623833902,da1c0a1c717e528510efa7545549e901166b235ac341a8d95122f1438f75435f,,,
40261,0.15,256,1.0,1.0,1.0,0.0,-2.4563944924980605,30.561059784680314,1.0977933251168972,3fe46633a34ed60089973ff4960ab36595e46b6f9a35deb4893503916acf03eb,,,
40261,0.15,1024,1.0,1.0,1.0,0.0,-2.408883153178407,30.65252765594619,1.1043425968524931,150f8f9dbf7ccf2ccf755dfa2f06b3f8fac7cdcc4fa3140e9b6643e3db1f2899,,,
40261,1.0,256,1.0,1.0,1.0,0.0,-2.560848287208496,29.98819730282376,1.1851735126685015,d09d0c9e7df7ef356f17e1e975e434442baec468647b21e9721f214b82f5ce15,,,
40261,1.0,1024,1.0,1.0,1.0,0.0,-2.5608482872082803,30.105437322068422,1.1903311407953736,aa3583dee7492b817b44802e50f0a4e42d9aac6475d08a80c87804b7f0484829,,,
40342,0.0,256,1.0,1.0,1.0,0.0,-2.6612005993313206,33.0348603031073,1.1532527328580904,cfe27007a0beb1278c1dfe634ff918951525120747134f85f80fc1d1ce119c17,,,
40342,0.0,1024,1.0,1.0,1.0,0.0,-2.355532885167623,33.02235767544877,1.145115883410505,68f80f604aeaea7db89c44a8c48d59650074e4435ac47afeb63fa18ebe61e795,,,
40342,0.15,256,1.0,1.0,1.0,0.0,-2.4635607113151474,32.56875227485232,1.1356146384829056,482c1e96cafecdcde7d8e9f4e35b7851ac03c41546354366031639fecb42c9b8,,,
40342,0.15,1024,1.0,1.0,1.0,0.0,-2.313137513344019,32.564506025540084,1.130623005417113,e03348bdd56893b6bf15da0cf4ed32b1008f574dcffc6548703474f9ce3c6ca3,,,
40342,1.0,256,1.0,1.0,1.0,0.0,-2.3050752515586668,31.75964208993548,1.1691951876888487,606b063c606a1ada5af598a57b5955d92e09fbed45bdfd6e7ae2af1bac57349c,,,
40342,1.0,1024,1.0,1.0,1.0,0.0,-2.3050752515585167,31.785263660613847,1.1669623658360746,5a2d5dd42a85ceb1c4582060f5c3dd69a9f94c760d8335a5d11f6892b6877508,,,
40423,0.0,256,1.0,1.0,1.0,0.0,-2.6039866881467595,30.396375067122037,1.1541792948831027,066f7b6331e5d7f9be0a48f8b02073c3bb973cb068a7c4e11d30d759efaf918c,,,
40423,0.0,1024,1.0,1.0,1.0,0.0,-2.4073691490106723,30.272332461580316,1.1476153487340433,2c20a98a5acadee96e0905a08d2640de2ac24063550caafb735a465666edd7c6,,,
40423,0.15,256,1.0,1.0,1.0,0.0,-2.5692111481551256,28.797853008619896,1.1522464215963122,f7de70142cc36ddd2b86b6898ca800b979d1ff1235c39f8a910067c0f4e4caaf,,,
40423,0.15,1024,1.0,1.0,1.0,0.0,-2.2988673021084445,28.657449384897145,1.1442580123985926,e2d2669b810795e717ea43c36111a560aba2e2c980bba33ee12fdd298fcb26d7,,,
40423,1.0,256,1.0,1.0,1.0,0.0,-2.353999755740583,28.190244461089918,1.182256733470305,a9c2794524bf2e85f5267cea886b2f9b1e9b989e28fc2d3422c3470b0e614da4,,,
40423,1.0,1024,1.0,1.0,1.0,0.0,-2.3539997557404897,28.04650091394947,1.1773914291592045,9d8a55941ef86542669cca0cae2cfddf120c4dede170d6c5f9a3f206a795c7ab,,,
40504,0.0,256,1.0,1.0,0.99609375,0.00390625,-2.06334691538414,27.864902031013088,1.2558531251072125,00d036ebcb8a42f8712a8362df654b12efdc22538e01283e5d41ff6686931b4d,,,
40504,0.0,1024,1.0,1.0,0.998046875,0.0019512157869012708,-1.9812116356508387,28.141177934344654,1.2629280664837874,c0218939c6bd43cf11947518fe1a6c86df65da6dad94f87e84c994b36db881ca,,,
40504,0.15,256,1.0,1.0,1.0,0.0,-2.0513076568888073,26.751555224190614,1.1403600910206102,0a38c2e03332ad2e89b390524b1595e861f85005866b61624c5dd2bd6c8d6ec7,,,
40504,0.15,1024,1.0,1.0,1.0,0.0,-1.9810463663613422,26.95738895734394,1.146146646650658,428e5dec3d678c1cd7ec434c49e3ff6e7f1d58b33826eb4ea9114d4ed9e257a8,,,
40504,1.0,256,1.0,1.0,1.0,0.0,-1.9754940543728257,27.932172269430353,1.1456118553519525,98422b8d015409bd9f8880a30a7c951d3926aa6cc19f536035ef8d9a9f570bed,,,
40504,1.0,1024,1.0,1.0,1.0,0.0,-1.9754940543726622,28.198637012924948,1.151047517732781,165d7ca9ead2b9ab97d59184f2815c19f01d53226aa03e9e9b0e654765541c4b,,,
40586,0.0,256,1.0,1.0,1.0,0.0,-2.8527638306438057,32.3214500104692,1.1142873312317718,43345b57bd2604975676d23a6cb5535bf83d02a31742522585f9f85d3473e072,,,
40586,0.0,1024,1.0,1.0,1.0,0.0,-2.8250315115575937,32.25466437628786,1.1129535873160668,52a7d19626af6cf3e33d6ada480167b9c1208fa0dcb0f0c9162da2553deb39a4,,,
40586,0.15,256,1.0,1.0,1.0,0.0,-2.5595394895228463,31.24345356202059,1.038350962691809,2a79deda31091e7b6294cdb1f70aa42ca50ad2544768c31ae45bea020e171619,,,
40586,0.15,1024,1.0,1.0,1.0,0.0,-2.5595394895228463,31.136062710590195,1.033698081443717,abb73b1e7863b22466e64e91119fea175446791250a7303e47963f0d1094040f,,,
40586,1.0,256,1.0,1.0,1.0,0.0,-2.8139654669845315,30.689388013036687,1.1207158977046194,4cd23cb6f220c01d0cb859d881280702a512fafbf120ae6687507fd5721ae37c,,,
40586,1.0,1024,1.0,1.0,1.0,0.0,-2.813965466984521,30.651556424298125,1.1186859520128176,943046fa66e87e3ade0de3b39ab2ad93ace6034803d60e974c13f89c6d713da1,,,
40667,0.0,256,1.0,1.0,1.0,0.0,-2.727306122604414,32.36409733308548,1.0399646987298736,3fd2990a48520fd94e7097ecbf2cc4491308757dfeeefd6478533b32c70111fd,,,
40667,0.0,1024,1.0,1.0,1.0,0.0,-2.3297956449567465,32.3248807925372,1.0357532112113919,1f1dcd7af251245c8f7a046ec5d0bb1075ee8ac924391f0ab3909b5548a1466d,,,
40667,0.15,256,1.0,1.0,1.0,0.0,-2.8828630445149646,32.46072452158404,1.0482622291493253,67faa5f210a6f3cd2432bef900785fca353399d798b25fdd5dc25f6aa03c3627,,,
40667,0.15,1024,1.0,1.0,1.0,0.0,-2.6793030475679993,32.429660729904946,1.0434179039625255,9a1240faf7a327b448dc38a7670fcb166b9c3f3e74d6ffb6a7ac47fb24c285b3,,,
40667,1.0,256,1.0,1.0,1.0,0.0,-2.9269584351208247,33.3974683839875,1.1554001671114575,b854b8413b63de7ce6238fca0ec92d4a8bde41a8d8576c11ee1577dfe49b1d37,,,
40667,1.0,1024,1.0,1.0,1.0,0.0,-2.9269584351208078,33.389291344514,1.1533692778671663,2d5d0440648b491472de037bd9c8a3143672746dff1f1803c90a24b8146db075,,,
40748,0.0,256,1.0,1.0,1.0,0.0,-2.16658477804083,25.64795391380572,1.048024783237777,997a44f434fe4bfa387b9b8f982c4d666917356eb4098fa0e6020bbcdc03cc05,,,
40748,0.0,1024,1.0,1.0,1.0,0.0,-2.060639542177136,25.676069762755528,1.043752001530333,e69b8fcfd08a0cca4473d48c4fb7f1d2b3162148cd995c8db3eebc7eb3c29b5b,,,
40748,0.15,256,1.0,1.0,1.0,0.0,-1.9738180460782044,22.91136506472459,0.9008576429961068,b25a8dae8b93dd70f305fc554125e1f0bf58fd5819578d911584aa06a9006dd3,,,
40748,0.15,1024,1.0,1.0,1.0,0.0,-1.8569460427941236,22.970795242178287,0.9032834356636018,f6f51d9d828c92bf49a6ee6f2da84e42da1160518ba29d493292de5fe3875989,,,
40748,1.0,256,1.0,1.0,1.0,0.0,-1.6236685333867582,22.935367656433982,0.8574870277141323,8297d24edf286129a7918390ba66cebd7287747e8764ab7fb1b223ab74f8b2f3,,,
40748,1.0,1024,1.0,1.0,1.0,0.0,-1.6236685333864962,22.97093087378563,0.8606476613553927,abc132ee6d03a6b0156ed4acf4bed507c09d96acbfd8b98fe563d268369c57e5,,,
40829,0.0,256,1.0,1.0,1.0,0.0,-2.7242315899985687,31.574077163938824,1.3378636613698678,a62331b99a6ca25045b867746a101513c4e6b104ef123ef94c19a53e4b4ef6af,,,
40829,0.0,1024,1.0,1.0,1.0,0.0,-2.6033450331821006,31.779175096068055,1.352218634488772,2a23d00c22a60fcee1bb80acc758210f5bd992be1309b41cb20ad4135c4001c7,,,
40829,0.15,256,1.0,1.0,1.0,0.0,-2.1555044756398125,28.625807909227166,1.1643864764994643,5c385779b66b251dd5db48837b11a332edeb29c41db208dd6f70c00206503fd0,,,
40829,0.15,1024,1.0,1.0,1.0,0.0,-2.128852933176259,28.82507566407811,1.1746109439716264,7419c8af075bc7b5cc3251073c8f8f41fcc872764061b3922ca0fd07f780cd7f,,,
40829,1.0,256,1.0,1.0,1.0,0.0,-2.439210560910113,28.028037761794526,1.2119359359168103,1806bcefc52d017254e84a47eca20d5143b6bca647a3040846928dbdc6073b21,,,
40829,1.0,1024,1.0,1.0,1.0,0.0,-2.4392105609096544,28.248283807735472,1.22575951207403,842c00dfd32af64f6630ec1cb1e0b3b3dc5903a38b2d99393e88680292429b20,,,
40910,0.0,256,1.0,1.0,1.0,0.0,-2.511706388349655,31.41567171227065,1.092067289153184,0971a4ae8151222536de81fe10b43b4c0e4a8fd7a6f7c3d8f2d20cdcc9e300f8,,,
40910,0.0,1024,1.0,1.0,1.0,0.0,-2.468805193919848,31.626904132231072,1.0954593495291092,118493903ba3585e23a2ced21366b6f841c9f7197f9c83fea5c1ee2a331a4997,,,
40910,0.15,256,1.0,1.0,1.0,0.0,-2.3236266265871173,30.66156939476228,1.0637588058796679,e450f079dd74326869e79963950d4edfa9f03978aafadb331ae8c394dca94861,,,
40910,0.15,1024,1.0,1.0,1.0,0.0,-2.3236266265871173,30.87293168219723,1.0673292193955222,2efdabd9cf15f31314bc3624666b558281512ce96131e737538a49d8bd57ed94,,,
40910,1.0,256,1.0,1.0,1.0,0.0,-2.272369169554027,29.669281826387163,1.0775212902402773,9a04a26f02e3b4c069f91f7d4666f54a61cc644314ed5cf5404a4cb37226f1d8,,,
40910,1.0,1024,1.0,1.0,1.0,0.0,-2.2723691695539143,29.870741698540048,1.078561748373862,54416615c034bb2e0f64b4a28018089092441bbdb5dd88c8db87394c2bfba80a,,,
40992,0.0,256,1.0,1.0,0.515625,0.25073529411764706,-1.8165145808485117,24.324596950478934,1.2962545931053147,87dadd47a63e9f26c148b9d268db2e7e6ab02685e5ae0834895cd14082b7ed03,,,
40992,0.0,1024,1.0,1.0,0.513671875,0.2500572763929619,-1.4595453521169945,24.369115112890714,1.293933918407046,694b8ec3e1d8a82689438b0342be581b39473333b5a75e65feed245ec770c0fa,,,
40992,0.15,256,1.0,1.0,0.58984375,0.24287683823529413,-1.7584221277661816,23.26801849557042,1.2645905832823197,c632d1d319409b4d2835adb5189153620fa7c739dc6436a409415f8f897fa25c,,,
40992,0.15,1024,1.0,1.0,0.5615234375,0.2464555458822092,-1.6282917677151127,23.32062821201423,1.2633397021892323,7f985d2b51753e0bdda6a0ed4eb0e17212c011ad85cd94b0860dfceed6ba7a95,,,
40992,1.0,256,1.0,1.0,0.4609375,0.2494485294117647,-1.3779951176990481,23.06215585123182,1.3043474120103677,d80cc65b6b4ef96ed4672169e2e79088642221a616e6a770358669c845a2bb8e,,,
40992,1.0,1024,1.0,1.0,0.4609375,0.24871700879765396,-1.3779951176990481,23.09091976963735,1.3035548053345836,85c406bf163e7d74e950ff6828bc1bdcfc0bbadd68b4b02fc5efbebb16cee451,,,
41073,0.0,256,1.0,1.0,0.91796875,0.07559742647058823,-1.8433097365851556,24.085195753377636,1.3276056797673743,b97f62ee14328116fcb2645a386cb5ab010ca9202756af125e37cafb97e7067d,,,
41073,0.0,1024,1.0,1.0,0.935546875,0.060357862903225805,-1.7855464579334015,24.071859793229184,1.3191421014711884,6253cd80c00fb59f4fb3fc14b74c86317cc20e571c4df5c724330aa9ba1c3ae8,,,
41073,0.15,256,1.0,1.0,0.89453125,0.09471507352941176,-1.8331753160075506,23.35435363610132,1.32927770911515,29ea80d3d30c9bb0e367cd96bf4604958b956b7aec51383eb8f5a5b43ba335b6,,,
41073,0.15,1024,1.0,1.0,0.9404296875,0.05607645252932551,-1.7134804838315043,23.352723328015713,1.3228518361768327,1a37692d6ec9950ac64eb0ccef8dd65e43b59760ff3b97cb0af63ab291d129be,,,
41073,1.0,256,1.0,1.0,0.80859375,0.1553768382352941,-1.9082420030439406,24.335207209633385,1.340150174078774,043c7ba4b1cbe2ee8fc5430c21967bf1762ab1644e3d0e581a1d0bf4912e03a9,,,
41073,1.0,1024,1.0,1.0,0.869140625,0.11384637707722385,-1.9082420030439406,24.341654120454468,1.3322778735214893,856799cf61cf46b02430041f8f0409638dc20e0cf4f2d479dc01188014540a5b,,,
41154,0.0,256,1.0,1.0,1.0,0.0,-2.9108030061284085,31.397856780947837,1.0363561879537735,ccf6fc17171992be228e97c279d94ba42f95e58f03ebb63501aa84e995955999,,,
41154,0.0,1024,1.0,1.0,1.0,0.0,-2.7545237703432752,31.499729683020323,1.044942326767923,fd7d17d496d0fcd56b233ed0315dbcb8ede8ea3d5ed050f503a88b3bc5d78e35,,,
41154,0.15,256,1.0,1.0,1.0,0.0,-2.6980524438019087,30.653471335157672,0.9807450857672909,c91e877c8c5e3ac890c214dea44eba7cec730d3b20d6a5b873e4fca43d703ba3,,,
41154,0.15,1024,1.0,1.0,1.0,0.0,-2.6980524438019087,30.733773734711974,0.9880769415418729,9c751217900cd8514bb3eb5bb0e08e75617fd79b52d0dc4e183998c0d700188d,,,
41154,1.0,256,1.0,1.0,1.0,0.0,-2.6101192963327406,29.711993493805437,1.0626565183339247,151927da9498b85d79d4b50fb277acd70d2e1130fe08e0e8e5e0fea779a37d84,,,
41154,1.0,1024,1.0,1.0,1.0,0.0,-2.599853320961463,29.812783968366674,1.0675649213043341,65d20e24d263fd8b3a147a42a2e436bcdd8b97913f2fe7cb888aced0d8b840c3,,,
41235,0.0,256,1.0,1.0,1.0,0.0,-2.7024421587415133,33.543307401147544,1.0686001356058976,a3ce39fc15734c9de9cb423fd7da29d850bb3976fbaea7782d7d44c271fb1e70,,,
41235,0.0,1024,1.0,1.0,1.0,0.0,-2.7024421587415133,33.52849178987136,1.0700467290264235,fa04f9ed8973970da885b7c814a7c61472fffa40834e4f8d8458ecfc4a0faf3b,,,
41235,0.15,256,1.0,1.0,1.0,0.0,-3.0273517795413696,33.65428467921717,1.0920596965578335,4bdfddbd0a9c3748cc1644ede154026a5752a9e645573cd244318d6b02d7d40d,,,
41235,0.15,1024,1.0,1.0,1.0,0.0,-2.6478706846357642,33.616595813627036,1.0938318870516688,87aa290deda4e470346d9881c147babf9badfb94204d819597da78165bdf6447,,,
41235,1.0,256,1.0,1.0,1.0,0.0,-2.476099656291778,32.80960070509094,1.173777140984761,dd50ccb87ad8ad32fb07c24d676f2ddefc5d342b2338eb0fc44e252d9a1e51be,,,
41235,1.0,1024,1.0,1.0,1.0,0.0,-2.476099656291132,32.76508782242079,1.1742826158987123,46d97bdc8620ec971dd64d7194962b02cadf5d0aebeaf88b28573353d27d290a,,,
41316,0.0,256,1.0,1.0,1.0,0.0,-1.9004097387846643,24.006411051689184,0.9023883078656735,5a2eb658e1dcfff06f8fee106095c469af29de6ab8a68e8095c282a502fe6d3a,,,
41316,0.0,1024,1.0,1.0,1.0,0.0,-1.9004097387846643,24.153747930420085,0.905054029294716,99d53699fca0eb85abee9acf027f3901a6ee94ae6bc8db9a6ad3b1b8e5182c0b,,,
41316,0.15,256,1.0,1.0,1.0,0.0,-1.9249077479774308,22.429167081366757,0.827874592411529,a136464e5ccb3f4e62206919e5bd1128db84aa4c890d40fa50ae5bf6293ebdab,,,
41316,0.15,1024,1.0,1.0,1.0,0.0,-1.7872817899848807,22.59888969223918,0.8308099821568512,5419cdaa5cb7f75fca2d9a8749baca2c57eafd5afab3a5df0c5ae3e9730f7a90,,,
41316,1.0,256,1.0,1.0,1.0,0.0,-1.852529233072178,22.97602169662372,0.8633966383449018,7efc50ca11526377a1dc224a4b8267c698f55a494ee792aa2c616f297e3c22eb,,,
41316,1.0,1024,1.0,1.0,1.0,0.0,-1.852529233072178,23.129451676688205,0.8667777028960637,09d3b4ae24c7e619e09a13395728ac74e24c58501c82f70f27e14056ab07cbb7,,,
41398,0.0,256,1.0,1.0,0.8984375,0.09160539215686274,-2.036727447866503,30.46881117540305,1.6571020763020148,76f85f2836bf4f687f848db68aee3d996f35f3135db2dc17b3acfa7f7c35467d,,,
41398,0.0,1024,1.0,1.0,0.888671875,0.09903088343108504,-2.036727447866503,30.53452479053377,1.6656620346283226,305a5befd81ed7abfa476b879bd88303eb2f3c9485662fb69ace514edd0a59bb,,,
41398,0.15,256,1.0,1.0,0.94140625,0.055376838235294115,-1.8616756390347349,28.913221363638673,1.614011932214983,2eab08be33fe06fb95a698c030d086659673ed57c9b166f196bb6b765462e51e,,,
41398,0.15,1024,1.0,1.0,0.9306640625,0.06459154294965787,-1.745576181443833,28.975180697352922,1.619459756921991,dd29d127c4667e87c797d85e617a6dab656ab1617e0442fc712b5571b1cea5e7,,,
41398,1.0,256,1.0,1.0,0.9140625,0.07886029411764706,-2.2451732130203537,28.621320126308635,1.641713358876205,ee11dcf82aa0c63efefbec38190bd3a8b065e92a2e06db37ab4971d8ae17baaf,,,
41398,1.0,1024,1.0,1.0,0.8984375,0.09133675464320626,-2.2451732130203537,28.669816850481002,1.6460321964493494,acd660fac3827b4c52872d7067eefdaa9cf4bbfe5900e19718d34fbee83cb527,,,
41479,0.0,256,1.0,1.0,1.0,0.0,-2.7077264774631633,31.648011386519173,1.0606776642826956,94b59ac942adfc7dec29cec5a9fd405946e46309ebd7962e9ce1f8fb7fe7ad6a,,,
41479,0.0,1024,1.0,1.0,1.0,0.0,-2.6122887079009995,31.713949089875157,1.0511294113467922,c0dee65d9cdbeda283311639ab1f55815cfae2140274891ad862b1013e3a01b9,,,
41479,0.15,256,1.0,1.0,1.0,0.0,-2.3002711939747487,30.80223536017981,1.0345914951937465,d5c77cf0a03aef4742e8fbdde9eb6357c73bba30330df1240b4c43bc7a859b6b,,,
41479,0.15,1024,1.0,1.0,1.0,0.0,-2.2492394757107883,30.883639197416855,1.0277921576423263,715c7aa6d980b9bfbc796ec5254cc5c62198efb35aab6506b09547d295f6a382,,,
41479,1.0,256,1.0,1.0,1.0,0.0,-2.2601790231055006,29.83861571293566,1.1006216826217132,451e4b96c4f3f118da0144fb3427f595f7cbe8f8bdb70362184a117a9b5d0c55,,,
41479,1.0,1024,1.0,1.0,1.0,0.0,-2.2601790231055006,29.919148869046992,1.0941536103528633,e5a12e6a342aaae616baafa185271442e469336a3997f5b549b6fa946549fb28,,,
41560,0.0,256,1.0,1.0,0.96484375,0.03405330882352941,-1.7137792044210358,22.406005344200008,1.0791947517766345,ead1242a8c183a4a7f759303a8b756bc54dc0bf1ed03ac6b608f8f6c7749fc2c,,,
41560,0.0,1024,1.0,1.0,0.958984375,0.03937179252199414,-1.6890352692600388,22.07278681621303,1.0643657252225258,70d6eb9508f5927ed4ea486b7842b9b9d838e3691d57a7b27b102c2563d47032,,,
41560,0.15,256,1.0,1.0,0.75390625,0.18625919117647058,-1.724683552606991,23.13887892876821,1.217024426883849,d8b22b449095bc8448d69ebdaed3b2d82fae171032e180ecfbb68eba9a965ad0,,,
41560,0.15,1024,1.0,1.0,0.7392578125,0.19294412115102638,-1.5600116946342193,22.838421229521003,1.2088716391529695,0faf7177e1dca5cf1975433b78823829b02e7ceacb6cac59ee678c0a8b341215,,,
41560,1.0,256,1.0,1.0,0.55859375,0.24753370098039215,-2.0018301262484233,23.526696005557678,1.277925012327356,c83e4d9edb6bbd099b7bc0c4a4222a6657b8397d7108fdd172e7ca2025829b16,,,
41560,1.0,1024,1.0,1.0,0.5302734375,0.24932700238269795,-2.0018301262481275,23.258083141060997,1.2723520061365072,0d488da5c8814d24c04e5de97d9d7c8b51f803e0528d1b4da4a3f1ba6fd3b71a,,,
41641,0.0,256,1.0,1.0,0.7734375,0.17591911764705884,-1.7462064010782248,25.43084643100178,1.4920745577651018,89b211f0753db3a6f05366b4f031f1ca26041a7f03924f62d108373f60d0bf59,,,
41641,0.0,1024,1.0,1.0,0.7685546875,0.1780522589809384,-1.7462064010782248,25.423872419425603,1.487806429822355,afdc3a696fcd4ac68ccca564f54942eb1b9994860763f18600d77f6dc2d0c408,,,
41641,0.15,256,1.0,1.0,0.94921875,0.04839154411764706,-1.7256370286324967,23.538668163915798,1.3129696924161833,fc0798a087da70555405a4af2262c747d4497f1bb7e32e3a5266b4702714148c,,,
41641,0.15,1024,1.0,1.0,0.9404296875,0.05607645252932551,-1.7256370286324967,23.527133445785946,1.309379167781039,dde295ed85ca02c0c71c62457bec434f6a3033397c595e5832425f9c0a6bbce4,,,
41641,1.0,256,1.0,1.0,0.84765625,0.12964154411764706,-2.2563931633603853,25.128116724197458,1.3339283824157329,f9ea84b23961288ed31b1fc8dac8d6352713a66c21b2434f3cca2696b1d5f861,,,
41641,1.0,1024,1.0,1.0,0.8310546875,0.14054004001710654,-2.2563931633601975,25.163165553194776,1.331701155530139,ab0d14f6dba1173d4106958e2079e842580892fd7b75bafdda67009bc2aa4313,,,
41723,0.0,256,1.0,1.0,1.0,0.0,-2.8880575071682912,31.826016280417907,1.0544912729663367,abb14ec6a89d98aad7060d3fd39b27f0b692ce977538fa3dcca186d640a675e0,,,
41723,0.0,1024,1.0,1.0,1.0,0.0,-2.733356911367972,31.726050620505486,1.0471110827758703,29948914f7c91137e5d63bc8f8c12dffba1063d61cdeb98f48b3dbd4e15f3c78,,,
41723,0.15,256,1.0,1.0,1.0,0.0,-2.7241981292875472,30.365106070851613,0.9826274796596,a4d3f94b2a370a790aadf3eb7262cbaa7a48db2c968b87ef08a6fd5daedae47c,,,
41723,0.15,1024,1.0,1.0,1.0,0.0,-2.580118338984198,30.3125462579624,0.978712811615918,2b9b266cc3443b30ed3cf263ccf6f792980a1bcc79e06304f36a54e1aca8277f,,,
41723,1.0,256,1.0,1.0,1.0,0.0,-2.605015077601018,30.895112062906076,1.1013323605613767,f4f00bff02bcce669fd106a6cff6815d225d2589f85dbba2ec31d1a823e168b6,,,
41723,1.0,1024,1.0,1.0,1.0,0.0,-2.605015077601018,30.814324657800984,1.094484791080844,b6a674b04155de8b7859d664c4ac8843b3c445dc1f7707e60f5afb4ef6853ba4,,,
